"DESCRIPTION","DURATION IN MS","NAME","PARENT SUITE","START TIME","STATUS","STOP TIME","SUB SUITE","SUITE","TEST CLASS","TEST METHOD"
"Test cases for TestIngestControl_writeRetainedFileToTar","10","TestIngestControl_writeRetainedFileToTar","","Wed Jul 22 18:41:57 UTC 2026","passed","Wed Jul 22 18:41:57 UTC 2026","","Go Test","github.com/specterops/bloodhound/cmd/api/src/api/tools/TestIngestControl_writeRetainedFileToTar","TestIngestControl_writeRetainedFileToTar"
"Test cases for TestFileServiceResolver_Resolve","5","TestFileServiceResolver_Resolve","","Wed Jul 22 18:42:17 UTC 2026","passed","Wed Jul 22 18:42:17 UTC 2026","","Go Test","github.com/specterops/bloodhound/cmd/api/src/services/storage/TestFileServiceResolver_Resolve","TestFileServiceResolver_Resolve"
"Test cases for TestCreateUser_Failure","0","TestCreateUser_Failure","","Wed Jul 22 18:42:11 UTC 2026","passed","Wed Jul 22 18:42:11 UTC 2026","","Go Test","github.com/specterops/bloodhound/cmd/api/src/api/v2/auth/TestCreateUser_Failure","TestCreateUser_Failure"
"Test cases for TestQueryParameterFilterParser_ParseQueryParameterFilter","0","TestQueryParameterFilterParser_ParseQueryParameterFilter","","Wed Jul 22 18:42:09 UTC 2026","passed","Wed Jul 22 18:42:09 UTC 2026","","Go Test","github.com/specterops/bloodhound/cmd/api/src/model/TestQueryParameterFilterParser_ParseQueryParameterFilter","TestQueryParameterFilterParser_ParseQueryParameterFilter"
"","0","Will treat what is to the left of the first colon as a search filter if it matches an existing kind","parseKeywordAndTypeValue","Wed Jul 22 18:48:26 UTC 2026","passed","Wed Jul 22 18:48:26 UTC 2026","","","",""
"","24","should redirect to nested /file-ingest route if user navigates to an invalid route","Administration","Wed Jul 22 18:49:50 UTC 2026","passed","Wed Jul 22 18:49:50 UTC 2026","","","",""
"","65","Validate Displays all the Roles","useListDisplayRoles","Wed Jul 22 18:44:57 UTC 2026","passed","Wed Jul 22 18:44:57 UTC 2026","","","",""
"","322","sets a primarySearch=id and searchType=node when secondarySearch is falsey","ContextMenu","Wed Jul 22 18:44:57 UTC 2026","passed","Wed Jul 22 18:44:57 UTC 2026","","","",""
"","646","has status filters","FileIngestFilterDialog","Wed Jul 22 18:44:49 UTC 2026","passed","Wed Jul 22 18:44:49 UTC 2026","","Status Select","",""
"","15","sets autoDisplayTable to false if query type is pathfinding","useExploreTableAutoDisplay","Wed Jul 22 18:47:19 UTC 2026","passed","Wed Jul 22 18:47:19 UTC 2026","","","",""
"Test cases for TestHandleDatabaseError","0","TestHandleDatabaseError","","Wed Jul 22 18:41:54 UTC 2026","passed","Wed Jul 22 18:41:54 UTC 2026","","Go Test","github.com/specterops/bloodhound/cmd/api/src/api/TestHandleDatabaseError","TestHandleDatabaseError"
"Test cases for TestQueries_GetEntityObjectIDFromRequestPath","0","TestQueries_GetEntityObjectIDFromRequestPath","","Wed Jul 22 18:42:11 UTC 2026","passed","Wed Jul 22 18:42:11 UTC 2026","","Go Test","github.com/specterops/bloodhound/cmd/api/src/queries/TestQueries_GetEntityObjectIDFromRequestPath","TestQueries_GetEntityObjectIDFromRequestPath"
"Test cases for TestNewService","0","TestNewService","","Wed Jul 22 18:42:34 UTC 2026","passed","Wed Jul 22 18:42:34 UTC 2026","","Go Test","github.com/specterops/bloodhound/server/etac/internal/services/TestNewService","TestNewService"
"","476","toggles parent from none to all","GraphDataCheckboxes","Wed Jul 22 18:44:25 UTC 2026","passed","Wed Jul 22 18:44:25 UTC 2026","","","",""
"","41","renders a button when actor is not BloodHoundString and note exists","NoteCell component","Wed Jul 22 18:47:02 UTC 2026","passed","Wed Jul 22 18:47:02 UTC 2026","","","",""
"Test cases for TestParseUserIP_RemoteAddrOnly","0","TestParseUserIP_RemoteAddrOnly","","Wed Jul 22 18:41:56 UTC 2026","passed","Wed Jul 22 18:41:56 UTC 2026","","Go Test","github.com/specterops/bloodhound/cmd/api/src/api/middleware/TestParseUserIP_RemoteAddrOnly","TestParseUserIP_RemoteAddrOnly"
"Test cases for TestPermissionsCheckAll","2","TestPermissionsCheckAll","","Wed Jul 22 18:41:56 UTC 2026","passed","Wed Jul 22 18:41:56 UTC 2026","","Go Test","github.com/specterops/bloodhound/cmd/api/src/api/middleware/TestPermissionsCheckAll","TestPermissionsCheckAll"
"Test cases for TestResources_GetUserEntityInfo","0","TestResources_GetUserEntityInfo","","Wed Jul 22 18:42:05 UTC 2026","passed","Wed Jul 22 18:42:05 UTC 2026","","Go Test","github.com/specterops/bloodhound/cmd/api/src/api/v2/TestResources_GetUserEntityInfo","TestResources_GetUserEntityInfo"
"","97","sorts by title as secondary key when positions are equal","KindInfoItems","Wed Jul 22 18:45:41 UTC 2026","passed","Wed Jul 22 18:45:41 UTC 2026","","","",""
"","0","returns null if paramValue is null","useEnvironmentParams","Wed Jul 22 18:48:39 UTC 2026","passed","Wed Jul 22 18:48:39 UTC 2026","","parseEnvironmentAggregation","",""
"Test cases for TestParseHeaderValues","0","TestParseHeaderValues","","Wed Jul 22 18:41:56 UTC 2026","passed","Wed Jul 22 18:41:56 UTC 2026","","Go Test","github.com/specterops/bloodhound/cmd/api/src/api/middleware/TestParseHeaderValues","TestParseHeaderValues"
"Test cases for TestHandlers_GetRelationshipByID","3","TestHandlers_GetRelationshipByID","","Wed Jul 22 18:42:40 UTC 2026","passed","Wed Jul 22 18:42:40 UTC 2026","","Go Test","github.com/specterops/bloodhound/server/graphdb/internal/handlers/TestHandlers_GetRelationshipByID","TestHandlers_GetRelationshipByID"
"","306","opens confirmation dialog when delete button is clicked","ActiveExtensionsCard","Wed Jul 22 18:43:31 UTC 2026","passed","Wed Jul 22 18:43:31 UTC 2026","","","",""
"Test cases for Test_parseAuthorizationHeader","0","Test_parseAuthorizationHeader","","Wed Jul 22 18:41:56 UTC 2026","passed","Wed Jul 22 18:41:56 UTC 2026","","Go Test","github.com/specterops/bloodhound/cmd/api/src/api/middleware/Test_parseAuthorizationHeader","Test_parseAuthorizationHeader"
"Test cases for TestParseOptionalBool","0","TestParseOptionalBool","","Wed Jul 22 18:41:54 UTC 2026","passed","Wed Jul 22 18:41:54 UTC 2026","","Go Test","github.com/specterops/bloodhound/cmd/api/src/api/TestParseOptionalBool","TestParseOptionalBool"
"Test cases for TestTimeExactEqual","0","TestTimeExactEqual","","Wed Jul 22 18:42:08 UTC 2026","passed","Wed Jul 22 18:42:08 UTC 2026","","Go Test","github.com/specterops/bloodhound/cmd/api/src/database/types/null/TestTimeExactEqual","TestTimeExactEqual"
"Test cases for Test_signedRequestDate","0","Test_signedRequestDate","","Wed Jul 22 18:41:56 UTC 2026","passed","Wed Jul 22 18:41:56 UTC 2026","","Go Test","github.com/specterops/bloodhound/cmd/api/src/api/middleware/Test_signedRequestDate","Test_signedRequestDate"
"","396","renders the Import Query Dialog","ImportQueryDialog","Wed Jul 22 18:48:30 UTC 2026","passed","Wed Jul 22 18:48:31 UTC 2026","","","",""
"Test cases for TestStringFromPtr","0","TestStringFromPtr","","Wed Jul 22 18:42:08 UTC 2026","passed","Wed Jul 22 18:42:08 UTC 2026","","Go Test","github.com/specterops/bloodhound/cmd/api/src/database/types/null/TestStringFromPtr","TestStringFromPtr"
"Test cases for TestTagScanner_NextTopLevelTag","0","TestTagScanner_NextTopLevelTag","","Wed Jul 22 18:42:17 UTC 2026","passed","Wed Jul 22 18:42:17 UTC 2026","","Go Test","github.com/specterops/bloodhound/cmd/api/src/services/upload/TestTagScanner_NextTopLevelTag","TestTagScanner_NextTopLevelTag"
"Test cases for TestStore_GetPermission","0","TestStore_GetPermission","","Wed Jul 22 18:42:42 UTC 2026","passed","Wed Jul 22 18:42:42 UTC 2026","","Go Test","github.com/specterops/bloodhound/server/identity/internal/appdb/TestStore_GetPermission","TestStore_GetPermission"
"","33","tag members refetches on environment change","the useAssetGroupTags utilities","Wed Jul 22 18:45:04 UTC 2026","passed","Wed Jul 22 18:45:04 UTC 2026","","","",""
"","365","Close button click causes the callback function to be called","ExploreTable","Wed Jul 22 18:43:03 UTC 2026","passed","Wed Jul 22 18:43:03 UTC 2026","","","",""
"Test cases for TestGetADDataQualityStats_Success","3","TestGetADDataQualityStats_Success","","Wed Jul 22 18:42:05 UTC 2026","passed","Wed Jul 22 18:42:05 UTC 2026","","Go Test","github.com/specterops/bloodhound/cmd/api/src/api/v2/TestGetADDataQualityStats_Success","TestGetADDataQualityStats_Success"
"Test cases for TestChangeCache","1","TestChangeCache","","Wed Jul 22 18:42:06 UTC 2026","passed","Wed Jul 22 18:42:06 UTC 2026","","Go Test","github.com/specterops/bloodhound/cmd/api/src/daemons/changelog/TestChangeCache","TestChangeCache"
"Test cases for TestGetAzureDataQualityStats_Success","0","TestGetAzureDataQualityStats_Success","","Wed Jul 22 18:42:05 UTC 2026","passed","Wed Jul 22 18:42:05 UTC 2026","","Go Test","github.com/specterops/bloodhound/cmd/api/src/api/v2/TestGetAzureDataQualityStats_Success","TestGetAzureDataQualityStats_Success"
"","135","displays pinned columns and unselected columns in the dropdown","ManageColumnsComboBox","Wed Jul 22 18:45:11 UTC 2026","passed","Wed Jul 22 18:45:11 UTC 2026","","","",""
"Test cases for TestManagementResource_GetAZEntity","101","TestManagementResource_GetAZEntity","","Wed Jul 22 18:42:05 UTC 2026","passed","Wed Jul 22 18:42:05 UTC 2026","","Go Test","github.com/specterops/bloodhound/cmd/api/src/api/v2/TestManagementResource_GetAZEntity","TestManagementResource_GetAZEntity"
"","53","hides items when the flag is disabled","useSubNavRoutes","Wed Jul 22 18:45:58 UTC 2026","passed","Wed Jul 22 18:45:58 UTC 2026","","featureFlag gate","",""
"","39","renders highlight for the active tag","SelectedHighlight","Wed Jul 22 18:47:39 UTC 2026","passed","Wed Jul 22 18:47:39 UTC 2026","","","",""
"","4","does not put polite messages in the assertive region","AnnouncementProvider","Wed Jul 22 18:46:18 UTC 2026","passed","Wed Jul 22 18:46:18 UTC 2026","","","",""
"","223","calls the onReset prop when the crop button is clicked","GraphControls","Wed Jul 22 18:43:27 UTC 2026","passed","Wed Jul 22 18:43:27 UTC 2026","","Resetting graph","",""
"","4","matches all AD edges","Make sure pathfinding filterable edges match schemagen","Wed Jul 22 18:48:39 UTC 2026","passed","Wed Jul 22 18:48:39 UTC 2026","","","",""
"","12","should render a Field when the provided value is 0","Field","Wed Jul 22 18:47:58 UTC 2026","passed","Wed Jul 22 18:47:58 UTC 2026","","","",""
"TestRegister verifies that routes.Register binds the GET /api/v2/relationships/{id}endpoint to the gorilla/mux router so that matching requests are dispatched correctly.","1","TestRegister","","Wed Jul 22 18:42:41 UTC 2026","passed","Wed Jul 22 18:42:41 UTC 2026","","Go Test","github.com/specterops/bloodhound/server/graphdb/internal/routes/TestRegister","TestRegister"
"","40","renders a preview version by default","PrivilegeZonesCypherEditor Search component for Zone Management","Wed Jul 22 18:47:27 UTC 2026","passed","Wed Jul 22 18:47:28 UTC 2026","","","",""
"Test cases for TestStringPointer","0","TestStringPointer","","Wed Jul 22 18:42:08 UTC 2026","passed","Wed Jul 22 18:42:08 UTC 2026","","Go Test","github.com/specterops/bloodhound/cmd/api/src/database/types/null/TestStringPointer","TestStringPointer"
"","0","returns false when the response contains relationship_id instead","isNodeResponse","Wed Jul 22 18:45:45 UTC 2026","passed","Wed Jul 22 18:45:45 UTC 2026","","","",""
"Test cases for TestConvertGenericNode","2","TestConvertGenericNode","","Wed Jul 22 18:42:16 UTC 2026","passed","Wed Jul 22 18:42:16 UTC 2026","","Go Test","github.com/specterops/bloodhound/cmd/api/src/services/graphify/TestConvertGenericNode","TestConvertGenericNode"
"","8","hides items while feature flags are loading","useSubNavRoutes","Wed Jul 22 18:45:58 UTC 2026","passed","Wed Jul 22 18:45:58 UTC 2026","","featureFlag gate","",""
"","93","should display the ""User Information"" header","UserProfile","Wed Jul 22 18:45:31 UTC 2026","passed","Wed Jul 22 18:45:31 UTC 2026","","","",""
"","483","displays current password error messages when current password is empty","PasswordDialog","Wed Jul 22 18:43:51 UTC 2026","passed","Wed Jul 22 18:43:52 UTC 2026","","","",""
"","908","should hide Environmental Targeted Access Control panel when showEnvironmentAccessControls prop is true and power user role is selected","CreateUserForm","Wed Jul 22 18:43:40 UTC 2026","passed","Wed Jul 22 18:43:40 UTC 2026","","","",""
"Test cases for TestRegister_PanicsOnNilGraph","0","TestRegister_PanicsOnNilGraph","","Wed Jul 22 18:42:45 UTC 2026","passed","Wed Jul 22 18:42:45 UTC 2026","","Go Test","github.com/specterops/bloodhound/server/modules/TestRegister_PanicsOnNilGraph","TestRegister_PanicsOnNilGraph"
"","11","announces a polite message (default priority)","AnnouncementProvider","Wed Jul 22 18:46:18 UTC 2026","passed","Wed Jul 22 18:46:18 UTC 2026","","","",""
"","24","should render a Field when the provided value is -0","Field","Wed Jul 22 18:47:58 UTC 2026","passed","Wed Jul 22 18:47:58 UTC 2026","","","",""
"Test cases for TestSignRequestValuesUnsupportedHMACMethod","0","TestSignRequestValuesUnsupportedHMACMethod","","Wed Jul 22 18:41:54 UTC 2026","passed","Wed Jul 22 18:41:54 UTC 2026","","Go Test","github.com/specterops/bloodhound/cmd/api/src/api/TestSignRequestValuesUnsupportedHMACMethod","TestSignRequestValuesUnsupportedHMACMethod"
"Test cases for TestDatabase_checkError_OtherError","0","TestDatabase_checkError_OtherError","","Wed Jul 22 18:42:08 UTC 2026","passed","Wed Jul 22 18:42:08 UTC 2026","","Go Test","github.com/specterops/bloodhound/cmd/api/src/database/TestDatabase_checkError_OtherError","TestDatabase_checkError_OtherError"
"Test cases for TestSIDSuffix_String","0","TestSIDSuffix_String","","Wed Jul 22 18:42:22 UTC 2026","passed","Wed Jul 22 18:42:22 UTC 2026","","Go Test","github.com/specterops/bloodhound/packages/go/analysis/ad/wellknown/TestSIDSuffix_String","TestSIDSuffix_String"
"Test cases for TestBoolFrom","0","TestBoolFrom","","Wed Jul 22 18:42:08 UTC 2026","passed","Wed Jul 22 18:42:08 UTC 2026","","Go Test","github.com/specterops/bloodhound/cmd/api/src/database/types/null/TestBoolFrom","TestBoolFrom"
"","1406","handles copying the name","CopyMenuItem","Wed Jul 22 18:48:23 UTC 2026","passed","Wed Jul 22 18:48:24 UTC 2026","","","",""
"Test cases for TestResources_GetAssetGroupTags","3","TestResources_GetAssetGroupTags","","Wed Jul 22 18:42:05 UTC 2026","passed","Wed Jul 22 18:42:05 UTC 2026","","Go Test","github.com/specterops/bloodhound/cmd/api/src/api/v2/TestResources_GetAssetGroupTags","TestResources_GetAssetGroupTags"
"Test cases for TestStore_DeleteAnalysisRequest","1","TestStore_DeleteAnalysisRequest","","Wed Jul 22 18:42:32 UTC 2026","passed","Wed Jul 22 18:42:32 UTC 2026","","Go Test","github.com/specterops/bloodhound/server/analysis/internal/appdb/TestStore_DeleteAnalysisRequest","TestStore_DeleteAnalysisRequest"
"","0","returns the known info map values for a known type (Azure)","getOpenGraphEnvironmentInfo","Wed Jul 22 18:43:22 UTC 2026","passed","Wed Jul 22 18:43:22 UTC 2026","","","",""
"Test cases for TestFloatFrom","0","TestFloatFrom","","Wed Jul 22 18:42:08 UTC 2026","passed","Wed Jul 22 18:42:08 UTC 2026","","Go Test","github.com/specterops/bloodhound/cmd/api/src/database/types/null/TestFloatFrom","TestFloatFrom"
"","1114","clicking checkbox will remove error if present","DatabaseManagement","Wed Jul 22 18:49:08 UTC 2026","passed","Wed Jul 22 18:49:10 UTC 2026","","","",""
"","9","should not render a Field when the provided value is []","Field","Wed Jul 22 18:47:58 UTC 2026","passed","Wed Jul 22 18:47:58 UTC 2026","","","",""
"Test cases for TestFeatureFlag_HA","303","TestFeatureFlag_HA","","Wed Jul 22 18:42:06 UTC 2026","passed","Wed Jul 22 18:42:07 UTC 2026","","Go Test","github.com/specterops/bloodhound/cmd/api/src/daemons/changelog/TestFeatureFlag_HA","TestFeatureFlag_HA"
"Test cases for TestResources_DeleteSavedQueryPermissions","3","TestResources_DeleteSavedQueryPermissions","","Wed Jul 22 18:42:05 UTC 2026","passed","Wed Jul 22 18:42:05 UTC 2026","","Go Test","github.com/specterops/bloodhound/cmd/api/src/api/v2/TestResources_DeleteSavedQueryPermissions","TestResources_DeleteSavedQueryPermissions"
"Test cases for TestFoldr","2","TestFoldr","","Wed Jul 22 18:42:27 UTC 2026","passed","Wed Jul 22 18:42:27 UTC 2026","","Go Test","github.com/specterops/bloodhound/packages/go/slicesext/TestFoldr","TestFoldr"
"","1179","sets input text on date click","ManagedDatePicker - date validation","Wed Jul 22 18:46:07 UTC 2026","passed","Wed Jul 22 18:46:09 UTC 2026","","","",""
"","16","returns Rule Object counts when there is a Tag and a Rule selected (tagId and ruleId are in path params)","useObjectCounts","Wed Jul 22 18:48:06 UTC 2026","passed","Wed Jul 22 18:48:06 UTC 2026","","","",""
"","66","renders the title","ProcessingIndicator","Wed Jul 22 18:48:43 UTC 2026","passed","Wed Jul 22 18:48:43 UTC 2026","","","",""
"","1","returns true when the highlighted item is an edge in the graph","SigmaChart Utils","Wed Jul 22 18:49:37 UTC 2026","passed","Wed Jul 22 18:49:37 UTC 2026","","getIsHighlightedItemInGraph","",""
"","72","when session token or user are null, redirects to /login","AuthenticatedRoute","Wed Jul 22 18:49:34 UTC 2026","passed","Wed Jul 22 18:49:35 UTC 2026","","","",""
"","230","adds node to asset group tag without confirmation","AssetGroupMenuItem","Wed Jul 22 18:45:24 UTC 2026","passed","Wed Jul 22 18:45:25 UTC 2026","","","",""
"","0","should appropriately handle edges that contain underscores","getEdgeDataFromKey","Wed Jul 22 18:49:51 UTC 2026","passed","Wed Jul 22 18:49:51 UTC 2026","","","",""
"","2","returns null if paramValue is +0","useEnvironmentParams","Wed Jul 22 18:48:39 UTC 2026","passed","Wed Jul 22 18:48:39 UTC 2026","","parseEnvironmentAggregation","",""
"","211","should handle close event","TagToZoneLabelDialog","Wed Jul 22 18:46:20 UTC 2026","passed","Wed Jul 22 18:46:21 UTC 2026","","","",""
"","194","calls setExploreParams with searchType and relationshipQueryItemId when selecting a composition accordion","EdgeInfoContent","Wed Jul 22 18:43:41 UTC 2026","passed","Wed Jul 22 18:43:41 UTC 2026","","EdgeInfoContent support for Deep Linking","",""
"","80","should display ""Password"" input","Enable2FADialog","Wed Jul 22 18:47:11 UTC 2026","passed","Wed Jul 22 18:47:11 UTC 2026","","","",""
"","193","should disable the create provider button if the user lacks AUTH_MANAGE_PROVIDERS permission","SSOConfiguration","Wed Jul 22 18:44:34 UTC 2026","passed","Wed Jul 22 18:44:34 UTC 2026","","","",""
"","258","calls exportToJson util when valid non a empty object is passed as the jsonData prop","GraphControls","Wed Jul 22 18:43:30 UTC 2026","passed","Wed Jul 22 18:43:31 UTC 2026","","Exporting json","",""
"Test cases for TestSupportsETACMiddleware","0","TestSupportsETACMiddleware","","Wed Jul 22 18:41:56 UTC 2026","passed","Wed Jul 22 18:41:56 UTC 2026","","Go Test","github.com/specterops/bloodhound/cmd/api/src/api/middleware/TestSupportsETACMiddleware","TestSupportsETACMiddleware"
"","482","navigates to object details when clicking an object row","ObjectsAccordion","Wed Jul 22 18:46:26 UTC 2026","passed","Wed Jul 22 18:46:26 UTC 2026","","","",""
"Test cases for TestVersion_GreaterThan","0","TestVersion_GreaterThan","","Wed Jul 22 18:42:20 UTC 2026","passed","Wed Jul 22 18:42:20 UTC 2026","","Go Test","github.com/specterops/bloodhound/cmd/api/src/version/TestVersion_GreaterThan","TestVersion_GreaterThan"
"Test cases for TestCacheEntryDigester_PoolStateReuse","0","TestCacheEntryDigester_PoolStateReuse","","Wed Jul 22 18:42:16 UTC 2026","passed","Wed Jul 22 18:42:16 UTC 2026","","Go Test","github.com/specterops/bloodhound/cmd/api/src/services/graphify/endpoint/TestCacheEntryDigester_PoolStateReuse","TestCacheEntryDigester_PoolStateReuse"
"","55","renders relationship kind items with correct test-id","KindInfoItems","Wed Jul 22 18:45:40 UTC 2026","passed","Wed Jul 22 18:45:41 UTC 2026","","","",""
"","54","should display the ETAC role-based filtering badge when filtering is enabled","Zone Management","Wed Jul 22 18:47:25 UTC 2026","passed","Wed Jul 22 18:47:25 UTC 2026","","","",""
"","0","returns disabled config when any required param is falsey","useExploreGraph","Wed Jul 22 18:44:38 UTC 2026","passed","Wed Jul 22 18:44:38 UTC 2026","relationship search queries","exploreGraphQueryFactory","",""
"","151","renders the Zone/Labels Tab content when first tab is chosen","Selected Details Tab Content","Wed Jul 22 18:46:38 UTC 2026","passed","Wed Jul 22 18:46:39 UTC 2026","","","",""
"Test cases for TestStorageFileService_WriteTempFile","3","TestStorageFileService_WriteTempFile","","Wed Jul 22 18:42:29 UTC 2026","passed","Wed Jul 22 18:42:29 UTC 2026","","Go Test","github.com/specterops/bloodhound/packages/go/storage/TestStorageFileService_WriteTempFile","TestStorageFileService_WriteTempFile"
"","381","should call onClose when cancel button is clicked","SaveQueryDialog","Wed Jul 22 18:43:02 UTC 2026","passed","Wed Jul 22 18:43:03 UTC 2026","","","",""
"","17","live regions have aria-atomic set to true","AnnouncementProvider","Wed Jul 22 18:46:18 UTC 2026","passed","Wed Jul 22 18:46:18 UTC 2026","","","",""
"","300","displays a Filters button","FileIngest","Wed Jul 22 18:46:55 UTC 2026","passed","Wed Jul 22 18:46:55 UTC 2026","","","",""
"","364","should render","LoginViaSSOForm","Wed Jul 22 18:46:52 UTC 2026","passed","Wed Jul 22 18:46:53 UTC 2026","","","",""
"","499","reflects the persisted selected layout in the controls menu","GraphView","Wed Jul 22 18:49:13 UTC 2026","passed","Wed Jul 22 18:49:13 UTC 2026","","Layout selection and de-selection","",""
"","151","does not show ""API Expiration Date"" column header when expiration is disabled","UserTokenManagementDialog - API Expiration Date column","Wed Jul 22 18:45:04 UTC 2026","passed","Wed Jul 22 18:45:04 UTC 2026","","","",""
"Test cases for TestParseAGMembersFromNodes_MissingNodeProperties","0","TestParseAGMembersFromNodes_MissingNodeProperties","","Wed Jul 22 18:42:05 UTC 2026","passed","Wed Jul 22 18:42:05 UTC 2026","","Go Test","github.com/specterops/bloodhound/cmd/api/src/api/v2/TestParseAGMembersFromNodes_MissingNodeProperties","TestParseAGMembersFromNodes_MissingNodeProperties"
"","1","filters by name search (case insensitive)","filterAndSearchEnvironments","Wed Jul 22 18:43:22 UTC 2026","passed","Wed Jul 22 18:43:22 UTC 2026","","search filter","",""
"","0","reports an Object ID-specific error when creating a rule and ruleType is SeedTypeObjectId and seeds are required","handleError","Wed Jul 22 18:44:40 UTC 2026","passed","Wed Jul 22 18:44:40 UTC 2026","","","",""
"Test cases for TestResources_GetCollectorManifest","0","TestResources_GetCollectorManifest","","Wed Jul 22 18:42:05 UTC 2026","passed","Wed Jul 22 18:42:05 UTC 2026","","Go Test","github.com/specterops/bloodhound/cmd/api/src/api/v2/TestResources_GetCollectorManifest","TestResources_GetCollectorManifest"
"","102","renders the selected query in the cypher editor when editing a query that differs from the active cypher search","SaveQueryDialog","Wed Jul 22 18:43:04 UTC 2026","passed","Wed Jul 22 18:43:04 UTC 2026","","","",""
"","1","reads and parses an existing value from localStorage","useLocalStorage","Wed Jul 22 18:45:39 UTC 2026","passed","Wed Jul 22 18:45:39 UTC 2026","","initial value","",""
"Test cases for TestOpenGraphSchemaService_ListExtensions","2","TestOpenGraphSchemaService_ListExtensions","","Wed Jul 22 18:42:17 UTC 2026","passed","Wed Jul 22 18:42:17 UTC 2026","","Go Test","github.com/specterops/bloodhound/cmd/api/src/services/opengraphschema/TestOpenGraphSchemaService_ListExtensions","TestOpenGraphSchemaService_ListExtensions"
"","113","returns false when no nodes are available","useGraphHasData","Wed Jul 22 18:48:00 UTC 2026","passed","Wed Jul 22 18:48:00 UTC 2026","","","",""
"Test cases for TestResources_CypherQuery","96","TestResources_CypherQuery","","Wed Jul 22 18:42:05 UTC 2026","passed","Wed Jul 22 18:42:05 UTC 2026","","Go Test","github.com/specterops/bloodhound/cmd/api/src/api/v2/TestResources_CypherQuery","TestResources_CypherQuery"
"Test cases for TestParseIntQueryParameter","64","TestParseIntQueryParameter","","Wed Jul 22 18:42:05 UTC 2026","passed","Wed Jul 22 18:42:05 UTC 2026","","Go Test","github.com/specterops/bloodhound/cmd/api/src/api/v2/TestParseIntQueryParameter","TestParseIntQueryParameter"
"","257","handles creating a new zone","Tag Form","Wed Jul 22 18:43:03 UTC 2026","passed","Wed Jul 22 18:43:04 UTC 2026","","","",""
"Test cases for TestInvalidValueError","0","TestInvalidValueError","","Wed Jul 22 18:42:23 UTC 2026","passed","Wed Jul 22 18:42:23 UTC 2026","","Go Test","github.com/specterops/bloodhound/packages/go/cache/TestInvalidValueError","TestInvalidValueError"
"","360","navigates to rule details when clicking a rule row","RulesAccordion","Wed Jul 22 18:46:25 UTC 2026","passed","Wed Jul 22 18:46:26 UTC 2026","","","",""
"Test cases for TestRoleAssignments_NodesWithRole","0","TestRoleAssignments_NodesWithRole","","Wed Jul 22 18:42:22 UTC 2026","passed","Wed Jul 22 18:42:22 UTC 2026","","Go Test","github.com/specterops/bloodhound/packages/go/analysis/azure/TestRoleAssignments_NodesWithRole","TestRoleAssignments_NodesWithRole"
"","213","should display filter dropwdowns","CommonSearches","Wed Jul 22 18:45:12 UTC 2026","passed","Wed Jul 22 18:45:12 UTC 2026","","","",""
"","12","returns a date string only if passed a string with a matching key","Formatting strings via formatPrimive","Wed Jul 22 18:45:06 UTC 2026","passed","Wed Jul 22 18:45:06 UTC 2026","","","",""
"","18","does not show View in Explore if exploreUrl is not supplied","Seed Selection Results","Wed Jul 22 18:45:04 UTC 2026","passed","Wed Jul 22 18:45:04 UTC 2026","","","",""
"","59","should render oidc info provider","SSOProviderTable","Wed Jul 22 18:46:59 UTC 2026","passed","Wed Jul 22 18:46:59 UTC 2026","","","",""
"Test cases for TestReadRFC3339","0","TestReadRFC3339","","Wed Jul 22 18:42:19 UTC 2026","passed","Wed Jul 22 18:42:19 UTC 2026","","Go Test","github.com/specterops/bloodhound/cmd/api/src/utils/TestReadRFC3339","TestReadRFC3339"
"","0","returns undefined if graphData is undefined or not a GraphResponse","getExploreTableData","Wed Jul 22 18:46:20 UTC 2026","passed","Wed Jul 22 18:46:20 UTC 2026","","","",""
"","859","should eventually render previously configured SSO providers","SSOConfiguration","Wed Jul 22 18:44:31 UTC 2026","passed","Wed Jul 22 18:44:32 UTC 2026","","","",""
"Test cases for Test_filterAndFormatSearchResults","0","Test_filterAndFormatSearchResults","","Wed Jul 22 18:42:05 UTC 2026","passed","Wed Jul 22 18:42:05 UTC 2026","","Go Test","github.com/specterops/bloodhound/cmd/api/src/api/v2/Test_filterAndFormatSearchResults","Test_filterAndFormatSearchResults"
"","574","displays correct content based on platform filter Azure","CommonSearches","Wed Jul 22 18:45:13 UTC 2026","passed","Wed Jul 22 18:45:14 UTC 2026","","","",""
"","434","displays a validation error","ManagedDatePicker - date validation","Wed Jul 22 18:46:09 UTC 2026","passed","Wed Jul 22 18:46:09 UTC 2026","","","",""
"Test cases for Test_sortAndSliceResults_sorting","0","Test_sortAndSliceResults_sorting","","Wed Jul 22 18:42:11 UTC 2026","passed","Wed Jul 22 18:42:11 UTC 2026","","Go Test","github.com/specterops/bloodhound/cmd/api/src/queries/Test_sortAndSliceResults_sorting","Test_sortAndSliceResults_sorting"
"Test cases for TestInt64Scan","0","TestInt64Scan","","Wed Jul 22 18:42:08 UTC 2026","passed","Wed Jul 22 18:42:08 UTC 2026","","Go Test","github.com/specterops/bloodhound/cmd/api/src/database/types/null/TestInt64Scan","TestInt64Scan"
"Test cases for TestHandlers_GetPermission","0","TestHandlers_GetPermission","","Wed Jul 22 18:42:43 UTC 2026","passed","Wed Jul 22 18:42:43 UTC 2026","","Go Test","github.com/specterops/bloodhound/server/identity/internal/handlers/TestHandlers_GetPermission","TestHandlers_GetPermission"
"","3","rounds down fractional minutes/days","getSimpleDuration","Wed Jul 22 18:47:48 UTC 2026","passed","Wed Jul 22 18:47:48 UTC 2026","","","",""
"Test cases for TestStore_GetRole","0","TestStore_GetRole","","Wed Jul 22 18:42:42 UTC 2026","passed","Wed Jul 22 18:42:42 UTC 2026","","Go Test","github.com/specterops/bloodhound/server/identity/internal/appdb/TestStore_GetRole","TestStore_GetRole"
"Test cases for TestArgon2_Digest","0","TestArgon2_Digest","","Wed Jul 22 18:42:23 UTC 2026","passed","Wed Jul 22 18:42:23 UTC 2026","","Go Test","github.com/specterops/bloodhound/packages/go/crypto/TestArgon2_Digest","TestArgon2_Digest"
"Test cases for TestFloatIsZero","0","TestFloatIsZero","","Wed Jul 22 18:42:08 UTC 2026","passed","Wed Jul 22 18:42:08 UTC 2026","","Go Test","github.com/specterops/bloodhound/cmd/api/src/database/types/null/TestFloatIsZero","TestFloatIsZero"
"","43","should display a message","CypherSearchMessage","Wed Jul 22 18:48:50 UTC 2026","passed","Wed Jul 22 18:48:50 UTC 2026","","","",""
"","73","renders a filter button","FileIngestFilterDialog","Wed Jul 22 18:44:48 UTC 2026","passed","Wed Jul 22 18:44:48 UTC 2026","","","",""
"Test cases for TestIntPointer","0","TestIntPointer","","Wed Jul 22 18:42:08 UTC 2026","passed","Wed Jul 22 18:42:08 UTC 2026","","Go Test","github.com/specterops/bloodhound/cmd/api/src/database/types/null/TestIntPointer","TestIntPointer"
"Test cases for TestManagementResource_ListPermissions_DBError","0","TestManagementResource_ListPermissions_DBError","","Wed Jul 22 18:42:11 UTC 2026","passed","Wed Jul 22 18:42:11 UTC 2026","","Go Test","github.com/specterops/bloodhound/cmd/api/src/api/v2/auth/TestManagementResource_ListPermissions_DBError","TestManagementResource_ListPermissions_DBError"
"","9","shows hint by default","ManagedDatePicker - placeholders","Wed Jul 22 18:46:10 UTC 2026","passed","Wed Jul 22 18:46:10 UTC 2026","","","",""
"","0","returns false if arrays have different elements","areArraysSimilar","Wed Jul 22 18:48:12 UTC 2026","passed","Wed Jul 22 18:48:12 UTC 2026","","","",""
"","53","should on clicking remove call clearSelectedItem","EdgeInfoHeader","Wed Jul 22 18:47:08 UTC 2026","passed","Wed Jul 22 18:47:08 UTC 2026","","","",""
"Test cases for TestCopyMatchExpressionsSorted","1","TestCopyMatchExpressionsSorted","","Wed Jul 22 18:42:16 UTC 2026","passed","Wed Jul 22 18:42:16 UTC 2026","","Go Test","github.com/specterops/bloodhound/cmd/api/src/services/graphify/endpoint/TestCopyMatchExpressionsSorted","TestCopyMatchExpressionsSorted"
"","7","safely handles removing nonexistent key","useObjectState","Wed Jul 22 18:47:47 UTC 2026","passed","Wed Jul 22 18:47:47 UTC 2026","","","",""
"TestRegister_RoutesRequireAuthentication dispatches real unauthenticatedrequests through the wired router to verify that every registered graphdbroute is guarded by authentication middleware. If the route wireup everloses RequirePermissions(), this test will fail.","1","TestRegister_RoutesRequireAuthentication","","Wed Jul 22 18:42:41 UTC 2026","passed","Wed Jul 22 18:42:41 UTC 2026","","Go Test","github.com/specterops/bloodhound/server/graphdb/internal/routes/TestRegister_RoutesRequireAuthentication","TestRegister_RoutesRequireAuthentication"
"Test cases for TestManagementResource_CreateSAMLProviderMultipart","11","TestManagementResource_CreateSAMLProviderMultipart","","Wed Jul 22 18:42:47 UTC 2026","passed","Wed Jul 22 18:42:47 UTC 2026","","Go Test","github.com/specterops/bloodhound/cmd/api/src/api/v2/auth/TestManagementResource_CreateSAMLProviderMultipart","TestManagementResource_CreateSAMLProviderMultipart"
"","8","mounts an assertive aria-live region","AnnouncementProvider","Wed Jul 22 18:46:18 UTC 2026","passed","Wed Jul 22 18:46:18 UTC 2026","","","",""
"Test cases for TestUnique","0","TestUnique","","Wed Jul 22 18:42:27 UTC 2026","passed","Wed Jul 22 18:42:27 UTC 2026","","Go Test","github.com/specterops/bloodhound/packages/go/slicesext/TestUnique","TestUnique"
"","325","displays expected results when searching by label","SearchCurrentNodes","Wed Jul 22 18:46:31 UTC 2026","passed","Wed Jul 22 18:46:31 UTC 2026","","","",""
"","0","properly displays bitwise integers","Formatting number properties","Wed Jul 22 18:45:06 UTC 2026","passed","Wed Jul 22 18:45:06 UTC 2026","","","",""
"","398","displays a “Disable query timeout” checkbox when timeout limit param config is enabled false","ExploreSearch interaction","Wed Jul 22 18:49:21 UTC 2026","passed","Wed Jul 22 18:49:21 UTC 2026","","","",""
"","253","closes","ListItemActionMenu","Wed Jul 22 18:46:59 UTC 2026","passed","Wed Jul 22 18:46:59 UTC 2026","","","",""
"","12","renders highlight only for active member when memberId is present","SelectedHighlight","Wed Jul 22 18:47:39 UTC 2026","passed","Wed Jul 22 18:47:39 UTC 2026","","","",""
"Test cases for TestParseKind","1","TestParseKind","","Wed Jul 22 18:42:24 UTC 2026","passed","Wed Jul 22 18:42:24 UTC 2026","","Go Test","github.com/specterops/bloodhound/packages/go/ein/TestParseKind","TestParseKind"
"Test cases for TestStore_PathHelpers","20","TestStore_PathHelpers","","Wed Jul 22 18:42:29 UTC 2026","passed","Wed Jul 22 18:42:29 UTC 2026","","Go Test","github.com/specterops/bloodhound/packages/go/storage/TestStore_PathHelpers","TestStore_PathHelpers"
"","147","shows formatted expiration date (yyyy-MM-dd) when expires_at is set","UserTokenManagementDialog - API Expiration Date column","Wed Jul 22 18:45:04 UTC 2026","passed","Wed Jul 22 18:45:04 UTC 2026","","","",""
"","306","sets secondarySearch=id and searchType=node when primarySearch is falsey","ContextMenu","Wed Jul 22 18:44:58 UTC 2026","passed","Wed Jul 22 18:44:58 UTC 2026","","","",""
"Test cases for TestNewAuditLog_BadAuthContext","0","TestNewAuditLog_BadAuthContext","","Wed Jul 22 18:42:08 UTC 2026","passed","Wed Jul 22 18:42:08 UTC 2026","","Go Test","github.com/specterops/bloodhound/cmd/api/src/database/TestNewAuditLog_BadAuthContext","TestNewAuditLog_BadAuthContext"
"Test cases for TestManagementResource_UpdateUser_ETAC","2607","TestManagementResource_UpdateUser_ETAC","","Wed Jul 22 18:42:31 UTC 2026","passed","Wed Jul 22 18:42:34 UTC 2026","","Go Test","github.com/specterops/bloodhound/cmd/api/src/api/v2/auth/TestManagementResource_UpdateUser_ETAC","TestManagementResource_UpdateUser_ETAC"
"","351","renders an edit form for the selected asset group when a user has graph write permissions","GroupManagement","Wed Jul 22 18:49:32 UTC 2026","passed","Wed Jul 22 18:49:33 UTC 2026","","","",""
"","61","fetches relationship data when itemId has the rel_ prefix","useGraphItem","Wed Jul 22 18:45:45 UTC 2026","passed","Wed Jul 22 18:45:45 UTC 2026","","","",""
"Test cases for TestTracker_HasEdge_PropertyMismatchTriggersInsert","0","TestTracker_HasEdge_PropertyMismatchTriggersInsert","","Wed Jul 22 18:42:22 UTC 2026","passed","Wed Jul 22 18:42:22 UTC 2026","","Go Test","github.com/specterops/bloodhound/packages/go/analysis/post/TestTracker_HasEdge_PropertyMismatchTriggersInsert","TestTracker_HasEdge_PropertyMismatchTriggersInsert"
"","0","returns false when the response is undefined","isNodeResponse","Wed Jul 22 18:45:45 UTC 2026","passed","Wed Jul 22 18:45:45 UTC 2026","","","",""
"Test cases for TestManagementResource_UpdateUser_Success","970","TestManagementResource_UpdateUser_Success","","Wed Jul 22 18:42:30 UTC 2026","passed","Wed Jul 22 18:42:31 UTC 2026","","Go Test","github.com/specterops/bloodhound/cmd/api/src/api/v2/auth/TestManagementResource_UpdateUser_Success","TestManagementResource_UpdateUser_Success"
"Test cases for TestBuildErrorResponseInternalServerError","0","TestBuildErrorResponseInternalServerError","","Wed Jul 22 18:41:54 UTC 2026","passed","Wed Jul 22 18:41:54 UTC 2026","","Go Test","github.com/specterops/bloodhound/cmd/api/src/api/TestBuildErrorResponseInternalServerError","TestBuildErrorResponseInternalServerError"
"","156","renders enabled Zone tab and disabled Rule and Object tabs","Selected Details Tabs","Wed Jul 22 18:45:46 UTC 2026","passed","Wed Jul 22 18:45:46 UTC 2026","","Selected Details Tabs - Params present","",""
"","1","returns query config when searchType is composition and all required params are passed","useExploreGraph","Wed Jul 22 18:44:38 UTC 2026","passed","Wed Jul 22 18:44:38 UTC 2026","composition search queries","exploreGraphQueryFactory","",""
"","45","renders node and relationship rows from the aggregation endpoint","OpenGraphPlatformInfo","Wed Jul 22 18:44:46 UTC 2026","passed","Wed Jul 22 18:44:46 UTC 2026","","","",""
"Test cases for TestHeaderMatches","0","TestHeaderMatches","","Wed Jul 22 18:42:19 UTC 2026","passed","Wed Jul 22 18:42:19 UTC 2026","","Go Test","github.com/specterops/bloodhound/cmd/api/src/utils/TestHeaderMatches","TestHeaderMatches"
"","423","on clicking switch shows modal and when clicking cancel closes it and switch stays disabled","CitrixRDPConfiguration","Wed Jul 22 18:45:22 UTC 2026","passed","Wed Jul 22 18:45:22 UTC 2026","","Click on switch to enable","",""
"Test cases for TestDummyHA","0","TestDummyHA","","Wed Jul 22 18:42:07 UTC 2026","passed","Wed Jul 22 18:42:07 UTC 2026","","Go Test","github.com/specterops/bloodhound/cmd/api/src/daemons/changelog/TestDummyHA","TestDummyHA"
"Test cases for Test_ValidateGraph","12","Test_ValidateGraph","","Wed Jul 22 18:42:17 UTC 2026","passed","Wed Jul 22 18:42:17 UTC 2026","","Go Test","github.com/specterops/bloodhound/cmd/api/src/services/upload/Test_ValidateGraph","Test_ValidateGraph"
"Test cases for TestManagementResource_ListAuthTokens_InvalidColumn","0","TestManagementResource_ListAuthTokens_InvalidColumn","","Wed Jul 22 18:42:34 UTC 2026","passed","Wed Jul 22 18:42:34 UTC 2026","","Go Test","github.com/specterops/bloodhound/cmd/api/src/api/v2/auth/TestManagementResource_ListAuthTokens_InvalidColumn","TestManagementResource_ListAuthTokens_InvalidColumn"
"Test cases for Test_SetNodeProperties","0","Test_SetNodeProperties","","Wed Jul 22 18:42:05 UTC 2026","passed","Wed Jul 22 18:42:05 UTC 2026","","Go Test","github.com/specterops/bloodhound/cmd/api/src/api/v2/Test_SetNodeProperties","Test_SetNodeProperties"
"Test cases for TestGetOrderForNeo4jQuery","1","TestGetOrderForNeo4jQuery","","Wed Jul 22 18:42:19 UTC 2026","passed","Wed Jul 22 18:42:19 UTC 2026","","Go Test","github.com/specterops/bloodhound/cmd/api/src/utils/TestGetOrderForNeo4jQuery","TestGetOrderForNeo4jQuery"
"","208","Selecting an edge that meets ACL inheritance criteria shows the ""ACE Inherited From"" dropdown","EdgeInfoContent","Wed Jul 22 18:43:41 UTC 2026","passed","Wed Jul 22 18:43:41 UTC 2026","","","",""
"Test cases for TestAnalysisStepsMerge","10","TestAnalysisStepsMerge","","Wed Jul 22 18:42:09 UTC 2026","passed","Wed Jul 22 18:42:09 UTC 2026","","Go Test","github.com/specterops/bloodhound/cmd/api/src/model/TestAnalysisStepsMerge","TestAnalysisStepsMerge"
"","45","displays lastlogon cell as UNKNOWN when the value is 0","ExploreTableDataCell","Wed Jul 22 18:47:51 UTC 2026","passed","Wed Jul 22 18:47:51 UTC 2026","","","",""
"Test cases for TestConvertAzureManagementGroupContributorToRels","1","TestConvertAzureManagementGroupContributorToRels","","Wed Jul 22 18:42:24 UTC 2026","passed","Wed Jul 22 18:42:24 UTC 2026","","Go Test","github.com/specterops/bloodhound/packages/go/ein/TestConvertAzureManagementGroupContributorToRels","TestConvertAzureManagementGroupContributorToRels"
"Test cases for TestManagementResource_UpdateSAMLProviderRequest","12","TestManagementResource_UpdateSAMLProviderRequest","","Wed Jul 22 18:42:47 UTC 2026","passed","Wed Jul 22 18:42:47 UTC 2026","","Go Test","github.com/specterops/bloodhound/cmd/api/src/api/v2/auth/TestManagementResource_UpdateSAMLProviderRequest","TestManagementResource_UpdateSAMLProviderRequest"
"","0","propagates environment_kind_id when provided","getOpenGraphEnvironmentInfo","Wed Jul 22 18:43:22 UTC 2026","passed","Wed Jul 22 18:43:22 UTC 2026","","","",""
"","377","when an `inputValue` is provided it eventually displays a list of search results","ExploreSearchCombobox","Wed Jul 22 18:45:17 UTC 2026","passed","Wed Jul 22 18:45:18 UTC 2026","","","",""
"","16","renders note content when currentNote is present","HistoryNotes Component","Wed Jul 22 18:48:18 UTC 2026","passed","Wed Jul 22 18:48:18 UTC 2026","","","",""
"","0","reports a Cypher-specific error when ruleType is SeedTypeCypher and seeds are required","handleError","Wed Jul 22 18:44:40 UTC 2026","passed","Wed Jul 22 18:44:40 UTC 2026","","","",""
"Test cases for TestStorageFileService_ListFiles","3","TestStorageFileService_ListFiles","","Wed Jul 22 18:42:29 UTC 2026","passed","Wed Jul 22 18:42:29 UTC 2026","","Go Test","github.com/specterops/bloodhound/packages/go/storage/TestStorageFileService_ListFiles","TestStorageFileService_ListFiles"
"Test cases for Test_filterAndFormatSearchResults_filterEnvironments","0","Test_filterAndFormatSearchResults_filterEnvironments","","Wed Jul 22 18:42:05 UTC 2026","passed","Wed Jul 22 18:42:05 UTC 2026","","Go Test","github.com/specterops/bloodhound/cmd/api/src/api/v2/Test_filterAndFormatSearchResults_filterEnvironments","Test_filterAndFormatSearchResults_filterEnvironments"
"","75","renders the total count and object counts on success","ObjectCountPanel","Wed Jul 22 18:47:57 UTC 2026","passed","Wed Jul 22 18:47:57 UTC 2026","","","",""
"","250","should call onClose when the Close button is clicked","UpsertSAMLProviderForm","Wed Jul 22 18:47:23 UTC 2026","passed","Wed Jul 22 18:47:23 UTC 2026","","","",""
"","2895","expand/collapse all buttons are disabled when searching","Pathfinding","Wed Jul 22 18:44:26 UTC 2026","passed","Wed Jul 22 18:44:29 UTC 2026","","","",""
"","124","renders details for a selected rule and is of type ""Cypher""","DynamicDetails","Wed Jul 22 18:45:36 UTC 2026","passed","Wed Jul 22 18:45:36 UTC 2026","","","",""
"","0","fails for password shorter than 12 characters","testPassword","Wed Jul 22 18:48:38 UTC 2026","passed","Wed Jul 22 18:48:38 UTC 2026","","","",""
"","405","renders the form for creating a new zone","Tag Form","Wed Jul 22 18:43:01 UTC 2026","passed","Wed Jul 22 18:43:01 UTC 2026","","","",""
"Test cases for TestFilterStructSlice","0","TestFilterStructSlice","","Wed Jul 22 18:41:54 UTC 2026","passed","Wed Jul 22 18:41:54 UTC 2026","","Go Test","github.com/specterops/bloodhound/cmd/api/src/api/TestFilterStructSlice","TestFilterStructSlice"
"","69","applies the given filters","useFinishedJobs","Wed Jul 22 18:45:50 UTC 2026","passed","Wed Jul 22 18:45:50 UTC 2026","","","",""
"Test cases for TestResources_GetAssetGroup","0","TestResources_GetAssetGroup","","Wed Jul 22 18:42:05 UTC 2026","passed","Wed Jul 22 18:42:05 UTC 2026","","Go Test","github.com/specterops/bloodhound/cmd/api/src/api/v2/TestResources_GetAssetGroup","TestResources_GetAssetGroup"
"","0","combines collected and risk filters","filterAndSearchEnvironments","Wed Jul 22 18:43:22 UTC 2026","passed","Wed Jul 22 18:43:22 UTC 2026","","combined filters","",""
"Test cases for TestWriteErrorResponse_InvalidFormat","0","TestWriteErrorResponse_InvalidFormat","","Wed Jul 22 18:41:54 UTC 2026","passed","Wed Jul 22 18:41:54 UTC 2026","","Go Test","github.com/specterops/bloodhound/cmd/api/src/api/TestWriteErrorResponse_InvalidFormat","TestWriteErrorResponse_InvalidFormat"
"Test cases for TestResources_ListKinds","69","TestResources_ListKinds","","Wed Jul 22 18:42:05 UTC 2026","passed","Wed Jul 22 18:42:05 UTC 2026","","Go Test","github.com/specterops/bloodhound/cmd/api/src/api/v2/TestResources_ListKinds","TestResources_ListKinds"
"Test cases for TestActivateMFA_Success","718","TestActivateMFA_Success","","Wed Jul 22 18:42:46 UTC 2026","passed","Wed Jul 22 18:42:47 UTC 2026","","Go Test","github.com/specterops/bloodhound/cmd/api/src/api/v2/auth/TestActivateMFA_Success","TestActivateMFA_Success"
"","2","returns the node_keys from the graphData with duplicate keys removed and known keys added","getExploreTableData","Wed Jul 22 18:46:20 UTC 2026","passed","Wed Jul 22 18:46:20 UTC 2026","","","",""
"","386","calls onToggleNodeLabels when click show all node labels","GraphControls","Wed Jul 22 18:43:27 UTC 2026","passed","Wed Jul 22 18:43:28 UTC 2026","","Toggling labels","",""
"Test cases for TestDisenrollMFA_Admin_FailureIncorrectPassword","2620","TestDisenrollMFA_Admin_FailureIncorrectPassword","","Wed Jul 22 18:42:43 UTC 2026","passed","Wed Jul 22 18:42:45 UTC 2026","","Go Test","github.com/specterops/bloodhound/cmd/api/src/api/v2/auth/TestDisenrollMFA_Admin_FailureIncorrectPassword","TestDisenrollMFA_Admin_FailureIncorrectPassword"
"","144","shows ""API Expiration Date"" column header when expiration is enabled","UserTokenManagementDialog - API Expiration Date column","Wed Jul 22 18:45:04 UTC 2026","passed","Wed Jul 22 18:45:04 UTC 2026","","","",""
"","575","renders the form for creating a new rule","Rule Form","Wed Jul 22 18:43:11 UTC 2026","passed","Wed Jul 22 18:43:12 UTC 2026","","","",""
"","502","renders the Namespace column header with focusable info icon","ActiveExtensionsCard","Wed Jul 22 18:43:29 UTC 2026","passed","Wed Jul 22 18:43:29 UTC 2026","","","",""
"","0","returns true if value is ''","searchParams","Wed Jul 22 18:47:00 UTC 2026","passed","Wed Jul 22 18:47:00 UTC 2026","","isEmptyParam","",""
"","17","throws when used outside of AnnouncementProvider","useAnnounce","Wed Jul 22 18:46:18 UTC 2026","passed","Wed Jul 22 18:46:18 UTC 2026","","","",""
"Test cases for TestManagementResource_ListPermissions","1","TestManagementResource_ListPermissions","","Wed Jul 22 18:42:11 UTC 2026","passed","Wed Jul 22 18:42:11 UTC 2026","","Go Test","github.com/specterops/bloodhound/cmd/api/src/api/v2/auth/TestManagementResource_ListPermissions","TestManagementResource_ListPermissions"
"Test cases for TestRoleAssignments_NodesWithRolesExclusive","0","TestRoleAssignments_NodesWithRolesExclusive","","Wed Jul 22 18:42:22 UTC 2026","passed","Wed Jul 22 18:42:22 UTC 2026","","Go Test","github.com/specterops/bloodhound/packages/go/analysis/azure/TestRoleAssignments_NodesWithRolesExclusive","TestRoleAssignments_NodesWithRolesExclusive"
"","139","shows ""Expired"" in red when the expiration date has already passed","UserTokenManagementDialog - API Expiration Date column","Wed Jul 22 18:45:04 UTC 2026","passed","Wed Jul 22 18:45:04 UTC 2026","","","",""
"","25","displays contact admin message when hidden edge is true","EdgeInfoContent","Wed Jul 22 18:43:41 UTC 2026","passed","Wed Jul 22 18:43:41 UTC 2026","","EdgeInfoContent support for hidden edges","",""
"","73","initializes the list with all filters checked by default","usePathfindingFilters","Wed Jul 22 18:47:56 UTC 2026","passed","Wed Jul 22 18:47:56 UTC 2026","","","",""
"Test cases for TestIsValidClientVersion","0","TestIsValidClientVersion","","Wed Jul 22 18:42:19 UTC 2026","passed","Wed Jul 22 18:42:19 UTC 2026","","Go Test","github.com/specterops/bloodhound/cmd/api/src/utils/TestIsValidClientVersion","TestIsValidClientVersion"
"","531","calls onSave without current password when requireCurrentPassword is false","PasswordDialog","Wed Jul 22 18:43:54 UTC 2026","passed","Wed Jul 22 18:43:54 UTC 2026","","","",""
"","8","removes key from state","useObjectState","Wed Jul 22 18:47:47 UTC 2026","passed","Wed Jul 22 18:47:47 UTC 2026","","","",""
"Test cases for TestTextUnmarshalString","0","TestTextUnmarshalString","","Wed Jul 22 18:42:08 UTC 2026","passed","Wed Jul 22 18:42:08 UTC 2026","","Go Test","github.com/specterops/bloodhound/cmd/api/src/database/types/null/TestTextUnmarshalString","TestTextUnmarshalString"
"","379","sets a primarySearch=id and searchType=node when secondarySearch is falsey","ContextMenu","Wed Jul 22 18:49:25 UTC 2026","passed","Wed Jul 22 18:49:26 UTC 2026","","","",""
"Test cases for TestNodeNamePrefix_String","4","TestNodeNamePrefix_String","","Wed Jul 22 18:42:22 UTC 2026","passed","Wed Jul 22 18:42:22 UTC 2026","","Go Test","github.com/specterops/bloodhound/packages/go/analysis/ad/wellknown/TestNodeNamePrefix_String","TestNodeNamePrefix_String"
"","12","does not call getRelationshipByID when itemId is a plain node id","useGraphItem","Wed Jul 22 18:45:45 UTC 2026","passed","Wed Jul 22 18:45:45 UTC 2026","","","",""
"","7","should not render when data is present","NoDataDialog","Wed Jul 22 18:48:40 UTC 2026","passed","Wed Jul 22 18:48:40 UTC 2026","","","",""
"Test cases for TestResources_UpdateAssetGroupTagSelector","1","TestResources_UpdateAssetGroupTagSelector","","Wed Jul 22 18:42:05 UTC 2026","passed","Wed Jul 22 18:42:05 UTC 2026","","Go Test","github.com/specterops/bloodhound/cmd/api/src/api/v2/TestResources_UpdateAssetGroupTagSelector","TestResources_UpdateAssetGroupTagSelector"
"Test cases for TestPreMigrationDaemonsResolvesRetainedFileService","6","TestPreMigrationDaemonsResolvesRetainedFileService","","Wed Jul 22 18:42:11 UTC 2026","passed","Wed Jul 22 18:42:12 UTC 2026","","Go Test","github.com/specterops/bloodhound/cmd/api/src/services/TestPreMigrationDaemonsResolvesRetainedFileService","TestPreMigrationDaemonsResolvesRetainedFileService"
"","256","shows all checked boxes","GraphDataCheckboxes","Wed Jul 22 18:44:24 UTC 2026","passed","Wed Jul 22 18:44:24 UTC 2026","","","",""
"Test cases for TestConvertComputerToNode","0","TestConvertComputerToNode","","Wed Jul 22 18:42:24 UTC 2026","passed","Wed Jul 22 18:42:24 UTC 2026","","Go Test","github.com/specterops/bloodhound/packages/go/ein/TestConvertComputerToNode","TestConvertComputerToNode"
"","1","returns name uniqueness message for ""name must be unique""","getErrorMessage","Wed Jul 22 18:44:40 UTC 2026","passed","Wed Jul 22 18:44:40 UTC 2026","","","",""
"Test cases for TestNodeAuthorizer_CanAccessNode","4","TestNodeAuthorizer_CanAccessNode","","Wed Jul 22 18:42:39 UTC 2026","passed","Wed Jul 22 18:42:39 UTC 2026","","Go Test","github.com/specterops/bloodhound/server/graphdb/internal/authz/TestNodeAuthorizer_CanAccessNode","TestNodeAuthorizer_CanAccessNode"
"","55","links to the specified route with global params intact when triggered by a splat route","AppLink","Wed Jul 22 18:46:40 UTC 2026","passed","Wed Jul 22 18:46:40 UTC 2026","","","",""
"Test cases for TestResources_ListADEntityDCOMRights","2","TestResources_ListADEntityDCOMRights","","Wed Jul 22 18:42:05 UTC 2026","passed","Wed Jul 22 18:42:05 UTC 2026","","Go Test","github.com/specterops/bloodhound/cmd/api/src/api/v2/TestResources_ListADEntityDCOMRights","TestResources_ListADEntityDCOMRights"
"Test cases for TestTracker_ConcurrentHasEdge","0","TestTracker_ConcurrentHasEdge","","Wed Jul 22 18:42:22 UTC 2026","passed","Wed Jul 22 18:42:22 UTC 2026","","Go Test","github.com/specterops/bloodhound/packages/go/analysis/post/TestTracker_ConcurrentHasEdge","TestTracker_ConcurrentHasEdge"
"","1","does not add optional filters if not present","createHistoryParams","Wed Jul 22 18:47:42 UTC 2026","passed","Wed Jul 22 18:47:42 UTC 2026","","","",""
"","1","runs a node search when the query param is set to ""node""","useExploreGraph","Wed Jul 22 18:44:38 UTC 2026","passed","Wed Jul 22 18:44:38 UTC 2026","","exploreGraphQueryFactory","",""
"Test cases for TestNormalizeStoragePrefixes","22","TestNormalizeStoragePrefixes","","Wed Jul 22 18:42:06 UTC 2026","passed","Wed Jul 22 18:42:06 UTC 2026","","Go Test","github.com/specterops/bloodhound/cmd/api/src/daemons/datapipe/TestNormalizeStoragePrefixes","TestNormalizeStoragePrefixes"
"Test cases for TestCORSMiddleware","0","TestCORSMiddleware","","Wed Jul 22 18:41:56 UTC 2026","passed","Wed Jul 22 18:41:56 UTC 2026","","Go Test","github.com/specterops/bloodhound/cmd/api/src/api/middleware/TestCORSMiddleware","TestCORSMiddleware"
"","18","renders correctly when an unexpected nodeType is passed","NodeIcon","Wed Jul 22 18:47:53 UTC 2026","passed","Wed Jul 22 18:47:53 UTC 2026","","","",""
"","55","when `selectedItem` is null, the combobox does not display an icon","icon rendering","Wed Jul 22 18:45:18 UTC 2026","passed","Wed Jul 22 18:45:18 UTC 2026","","","",""
"","0","Null input is provided","parseKeywordAndTypeValue","Wed Jul 22 18:48:26 UTC 2026","passed","Wed Jul 22 18:48:26 UTC 2026","","","",""
"","589","handles creating a new rule","Rule Form","Wed Jul 22 18:43:16 UTC 2026","passed","Wed Jul 22 18:43:17 UTC 2026","","","",""
"","196","renders with a title","BloodHoundConfiguration","Wed Jul 22 18:49:56 UTC 2026","passed","Wed Jul 22 18:49:57 UTC 2026","","","",""
"","3821","categories default to expanded","Pathfinding","Wed Jul 22 18:43:37 UTC 2026","passed","Wed Jul 22 18:43:41 UTC 2026","","","",""
"Test cases for TestResources_ListADEntityAdminRights","1","TestResources_ListADEntityAdminRights","","Wed Jul 22 18:42:05 UTC 2026","passed","Wed Jul 22 18:42:05 UTC 2026","","Go Test","github.com/specterops/bloodhound/cmd/api/src/api/v2/TestResources_ListADEntityAdminRights","TestResources_ListADEntityAdminRights"
"Test cases for TestResources_UpdateSavedQuery_Admin_NonPublicQuery","1","TestResources_UpdateSavedQuery_Admin_NonPublicQuery","","Wed Jul 22 18:42:05 UTC 2026","passed","Wed Jul 22 18:42:05 UTC 2026","","Go Test","github.com/specterops/bloodhound/cmd/api/src/api/v2/TestResources_UpdateSavedQuery_Admin_NonPublicQuery","TestResources_UpdateSavedQuery_Admin_NonPublicQuery"
"Test cases for TestQueries_GetRequestedType","0","TestQueries_GetRequestedType","","Wed Jul 22 18:42:11 UTC 2026","passed","Wed Jul 22 18:42:11 UTC 2026","","Go Test","github.com/specterops/bloodhound/cmd/api/src/queries/TestQueries_GetRequestedType","TestQueries_GetRequestedType"
"Test cases for TestResources_ListADComputerSessions","0","TestResources_ListADComputerSessions","","Wed Jul 22 18:42:05 UTC 2026","passed","Wed Jul 22 18:42:05 UTC 2026","","Go Test","github.com/specterops/bloodhound/cmd/api/src/api/v2/TestResources_ListADComputerSessions","TestResources_ListADComputerSessions"
"","177","should call ""onCancel one time""","Enable2FADialog","Wed Jul 22 18:47:12 UTC 2026","passed","Wed Jul 22 18:47:12 UTC 2026","","user clicks ""Cancel"" button","",""
"Test cases for TestResources_ListAvailableEnvironments","30","TestResources_ListAvailableEnvironments","","Wed Jul 22 18:42:05 UTC 2026","passed","Wed Jul 22 18:42:05 UTC 2026","","Go Test","github.com/specterops/bloodhound/cmd/api/src/api/v2/TestResources_ListAvailableEnvironments","TestResources_ListAvailableEnvironments"
"","589","disables the delete button and all checkboxes if the user lacks permission","DatabaseManagement","Wed Jul 22 18:49:08 UTC 2026","passed","Wed Jul 22 18:49:08 UTC 2026","","","",""
"Test cases for TestNewService","0","TestNewService","","Wed Jul 22 18:42:39 UTC 2026","passed","Wed Jul 22 18:42:39 UTC 2026","","Go Test","github.com/specterops/bloodhound/server/featureflags/internal/services/TestNewService","TestNewService"
"","259","calls onChangePinnedColumns with DEFAULT_PINNED_COLUMN_KEYS when ""Reset Default"" is clicked","ManageColumnsComboBox","Wed Jul 22 18:45:11 UTC 2026","passed","Wed Jul 22 18:45:11 UTC 2026","","","",""
"Test cases for Test_FixtureTeardown","2","Test_FixtureTeardown","","Wed Jul 22 18:42:25 UTC 2026","passed","Wed Jul 22 18:42:25 UTC 2026","","Go Test","github.com/specterops/bloodhound/packages/go/lab/Test_FixtureTeardown","Test_FixtureTeardown"
"","46","does not fetch when no id is provided","useGetNodeById","Wed Jul 22 18:45:45 UTC 2026","passed","Wed Jul 22 18:45:45 UTC 2026","","","",""
"","0","returns only the known types when no environments are provided","getOpenGraphEnvironmentInfoMap","Wed Jul 22 18:43:22 UTC 2026","passed","Wed Jul 22 18:43:22 UTC 2026","","","",""
"","90","should display locally formatted numbers if they are larger than 999","LoadContainer","Wed Jul 22 18:48:42 UTC 2026","passed","Wed Jul 22 18:48:42 UTC 2026","","","",""
"","0","returns true if value is null","searchParams","Wed Jul 22 18:47:00 UTC 2026","passed","Wed Jul 22 18:47:00 UTC 2026","","isEmptyParam","",""
"","15","sets autoDisplayTable to false if query type is composition","useExploreTableAutoDisplay","Wed Jul 22 18:47:19 UTC 2026","passed","Wed Jul 22 18:47:19 UTC 2026","","","",""
"","121","renders loading skeletons while the query is pending","OpenGraphInfo","Wed Jul 22 18:44:45 UTC 2026","passed","Wed Jul 22 18:44:45 UTC 2026","","","",""
"Test cases for TestGC_Start","1000","TestGC_Start","","Wed Jul 22 18:42:07 UTC 2026","passed","Wed Jul 22 18:42:08 UTC 2026","","Go Test","github.com/specterops/bloodhound/cmd/api/src/daemons/gc/TestGC_Start","TestGC_Start"
"","64","sets autoDisplayTable to true if query returns nodes only, searchType = cypher, and and enabled is true","useExploreTableAutoDisplay","Wed Jul 22 18:47:19 UTC 2026","passed","Wed Jul 22 18:47:19 UTC 2026","","","",""
"Test cases for TestBuildErrorResponseConflict","0","TestBuildErrorResponseConflict","","Wed Jul 22 18:41:54 UTC 2026","passed","Wed Jul 22 18:41:54 UTC 2026","","Go Test","github.com/specterops/bloodhound/cmd/api/src/api/TestBuildErrorResponseConflict","TestBuildErrorResponseConflict"
"","0","returns all environments when both ""yes"" and ""no"" filters are active","filterAndSearchEnvironments","Wed Jul 22 18:43:22 UTC 2026","passed","Wed Jul 22 18:43:22 UTC 2026","","collected filters","",""
"","1","combines platform and collected filters","filterAndSearchEnvironments","Wed Jul 22 18:43:22 UTC 2026","passed","Wed Jul 22 18:43:22 UTC 2026","","combined filters","",""
"Test cases for TestManagementResource_DeleteUser_UserNotFound","0","TestManagementResource_DeleteUser_UserNotFound","","Wed Jul 22 18:42:26 UTC 2026","passed","Wed Jul 22 18:42:26 UTC 2026","","Go Test","github.com/specterops/bloodhound/cmd/api/src/api/v2/auth/TestManagementResource_DeleteUser_UserNotFound","TestManagementResource_DeleteUser_UserNotFound"
"Test cases for Test_NewRequestSignature","3","Test_NewRequestSignature","","Wed Jul 22 18:41:54 UTC 2026","passed","Wed Jul 22 18:41:54 UTC 2026","","Go Test","github.com/specterops/bloodhound/cmd/api/src/api/Test_NewRequestSignature","Test_NewRequestSignature"
"","198","Verify Vault Reader count is the count returned by All Readers","EntityInfoDataTable","Wed Jul 22 18:44:51 UTC 2026","passed","Wed Jul 22 18:44:51 UTC 2026","","Node count for Vault Readers nested table","",""
"Test cases for TestStore_GetAnalysisRequest","4","TestStore_GetAnalysisRequest","","Wed Jul 22 18:42:32 UTC 2026","passed","Wed Jul 22 18:42:32 UTC 2026","","Go Test","github.com/specterops/bloodhound/server/analysis/internal/appdb/TestStore_GetAnalysisRequest","TestStore_GetAnalysisRequest"
"Test cases for TestMarshalInt","0","TestMarshalInt","","Wed Jul 22 18:42:08 UTC 2026","passed","Wed Jul 22 18:42:08 UTC 2026","","Go Test","github.com/specterops/bloodhound/cmd/api/src/database/types/null/TestMarshalInt","TestMarshalInt"
"Test cases for TestParseSkipQueryParameter","0","TestParseSkipQueryParameter","","Wed Jul 22 18:42:05 UTC 2026","passed","Wed Jul 22 18:42:05 UTC 2026","","Go Test","github.com/specterops/bloodhound/cmd/api/src/api/v2/TestParseSkipQueryParameter","TestParseSkipQueryParameter"
"Test cases for TestManagementResource_ListAuthTokens_NonAdmin","0","TestManagementResource_ListAuthTokens_NonAdmin","","Wed Jul 22 18:42:34 UTC 2026","passed","Wed Jul 22 18:42:34 UTC 2026","","Go Test","github.com/specterops/bloodhound/cmd/api/src/api/v2/auth/TestManagementResource_ListAuthTokens_NonAdmin","TestManagementResource_ListAuthTokens_NonAdmin"
"Test cases for TestResources_ListAcceptedFileUploadTypes","0","TestResources_ListAcceptedFileUploadTypes","","Wed Jul 22 18:42:05 UTC 2026","passed","Wed Jul 22 18:42:05 UTC 2026","","Go Test","github.com/specterops/bloodhound/cmd/api/src/api/v2/TestResources_ListAcceptedFileUploadTypes","TestResources_ListAcceptedFileUploadTypes"
"","750","should not allow the input to exceed the allowed length","UpdateUserForm","Wed Jul 22 18:43:11 UTC 2026","passed","Wed Jul 22 18:43:11 UTC 2026","","","",""
"","4","Default label and sizing are used when graph of origin does not specify","copySigmaNodesToGraphlibGraph","Wed Jul 22 18:49:38 UTC 2026","passed","Wed Jul 22 18:49:38 UTC 2026","","","",""
"","132","should call onCancel when return to login button clicked","PasswordResetForm","Wed Jul 22 18:46:04 UTC 2026","passed","Wed Jul 22 18:46:04 UTC 2026","","","",""
"","393","should accept passwords with emojis","CreateUserForm","Wed Jul 22 18:43:42 UTC 2026","passed","Wed Jul 22 18:43:42 UTC 2026","","","",""
"","273","navigates to all rules when clicking ""All Rules""","RulesAccordion","Wed Jul 22 18:46:25 UTC 2026","passed","Wed Jul 22 18:46:25 UTC 2026","","","",""
"Test cases for Test_parseLatestVersion","2","Test_parseLatestVersion","","Wed Jul 22 18:42:29 UTC 2026","passed","Wed Jul 22 18:42:29 UTC 2026","","Go Test","github.com/specterops/bloodhound/packages/go/stbernard/git/Test_parseLatestVersion","Test_parseLatestVersion"
"Test cases for TestResources_ShareSavedQueriesPermissions_Admin","1","TestResources_ShareSavedQueriesPermissions_Admin","","Wed Jul 22 18:42:05 UTC 2026","passed","Wed Jul 22 18:42:05 UTC 2026","","Go Test","github.com/specterops/bloodhound/cmd/api/src/api/v2/TestResources_ShareSavedQueriesPermissions_Admin","TestResources_ShareSavedQueriesPermissions_Admin"
"Test cases for TestUnmarshalInt64Overflow","2","TestUnmarshalInt64Overflow","","Wed Jul 22 18:42:08 UTC 2026","passed","Wed Jul 22 18:42:08 UTC 2026","","Go Test","github.com/specterops/bloodhound/cmd/api/src/database/types/null/TestUnmarshalInt64Overflow","TestUnmarshalInt64Overflow"
"Test cases for TestManagementResource_ListAuthTokens_PredicateMismatchWithColumn","0","TestManagementResource_ListAuthTokens_PredicateMismatchWithColumn","","Wed Jul 22 18:42:34 UTC 2026","passed","Wed Jul 22 18:42:34 UTC 2026","","Go Test","github.com/specterops/bloodhound/cmd/api/src/api/v2/auth/TestManagementResource_ListAuthTokens_PredicateMismatchWithColumn","TestManagementResource_ListAuthTokens_PredicateMismatchWithColumn"
"","236","Selecting an edge with a Computer target node that does not have haslaps enabled shows correct Windows Abuse text","EdgeInfoContent","Wed Jul 22 18:43:40 UTC 2026","passed","Wed Jul 22 18:43:41 UTC 2026","","","",""
"","60","fetches node data when given a plain numeric string id","useGraphItem","Wed Jul 22 18:45:45 UTC 2026","passed","Wed Jul 22 18:45:45 UTC 2026","","","",""
"Test cases for TestResources_GetAZEntityInformation","107","TestResources_GetAZEntityInformation","","Wed Jul 22 18:42:05 UTC 2026","passed","Wed Jul 22 18:42:05 UTC 2026","","Go Test","github.com/specterops/bloodhound/cmd/api/src/api/v2/TestResources_GetAZEntityInformation","TestResources_GetAZEntityInformation"
"Test cases for TestManagementResource_ListAuthTokens_Filtered","0","TestManagementResource_ListAuthTokens_Filtered","","Wed Jul 22 18:42:34 UTC 2026","passed","Wed Jul 22 18:42:34 UTC 2026","","Go Test","github.com/specterops/bloodhound/cmd/api/src/api/v2/auth/TestManagementResource_ListAuthTokens_Filtered","TestManagementResource_ListAuthTokens_Filtered"
"","13","returns active-directory environmentInfo when environmentAggregation param is active-directory","useAvailableEnvironments","Wed Jul 22 18:45:58 UTC 2026","passed","Wed Jul 22 18:45:58 UTC 2026","","useSelectedEnvironment","",""
"","762","should fire Confirm once with true after typing challenge text","DeleteConfirmationDialog","Wed Jul 22 18:48:02 UTC 2026","passed","Wed Jul 22 18:48:02 UTC 2026","","","",""
"","360","sets secondarySearch=id and searchType=node when primarySearch is falsey","ContextMenu","Wed Jul 22 18:49:26 UTC 2026","passed","Wed Jul 22 18:49:26 UTC 2026","","","",""
"Test cases for Test_FixtureSetup","0","Test_FixtureSetup","","Wed Jul 22 18:42:25 UTC 2026","passed","Wed Jul 22 18:42:25 UTC 2026","","Go Test","github.com/specterops/bloodhound/packages/go/lab/Test_FixtureSetup","Test_FixtureSetup"
"Test cases for TestOpenGraphSchemaService_GetEnvironmentKindsAndSchemaEnvironmentData","2","TestOpenGraphSchemaService_GetEnvironmentKindsAndSchemaEnvironmentData","","Wed Jul 22 18:42:17 UTC 2026","passed","Wed Jul 22 18:42:17 UTC 2026","","Go Test","github.com/specterops/bloodhound/cmd/api/src/services/opengraphschema/TestOpenGraphSchemaService_GetEnvironmentKindsAndSchemaEnvironmentData","TestOpenGraphSchemaService_GetEnvironmentKindsAndSchemaEnvironmentData"
"Test cases for TestResources_CreateSavedQuery_DuplicateName","0","TestResources_CreateSavedQuery_DuplicateName","","Wed Jul 22 18:42:05 UTC 2026","passed","Wed Jul 22 18:42:05 UTC 2026","","Go Test","github.com/specterops/bloodhound/cmd/api/src/api/v2/TestResources_CreateSavedQuery_DuplicateName","TestResources_CreateSavedQuery_DuplicateName"
"Test cases for TestMatches_FailureErrMsg","0","TestMatches_FailureErrMsg","","Wed Jul 22 18:42:09 UTC 2026","passed","Wed Jul 22 18:42:09 UTC 2026","","Go Test","github.com/specterops/bloodhound/cmd/api/src/model/TestMatches_FailureErrMsg","TestMatches_FailureErrMsg"
"","863","sets the selectedItem param and closes popper when a node is selected","GraphControls","Wed Jul 22 18:43:31 UTC 2026","passed","Wed Jul 22 18:43:32 UTC 2026","","Searching current results","",""
"","819","calls onSave when valid form inputs are provided","PasswordDialog","Wed Jul 22 18:43:53 UTC 2026","passed","Wed Jul 22 18:43:54 UTC 2026","","","",""
"","1100","filling in the name value allows updating the rule and navigates back to the details page","Rule Form","Wed Jul 22 18:43:15 UTC 2026","passed","Wed Jul 22 18:43:16 UTC 2026","","","",""
"Test cases for TestResources_ListADDomainForeignGPOControllers","4","TestResources_ListADDomainForeignGPOControllers","","Wed Jul 22 18:42:05 UTC 2026","passed","Wed Jul 22 18:42:05 UTC 2026","","Go Test","github.com/specterops/bloodhound/cmd/api/src/api/v2/TestResources_ListADDomainForeignGPOControllers","TestResources_ListADDomainForeignGPOControllers"
"","0","returns true when the response contains node_id","isNodeResponse","Wed Jul 22 18:45:45 UTC 2026","passed","Wed Jul 22 18:45:45 UTC 2026","","","",""
"","124","does not trigger search for fewer than 3 characters","SearchBar","Wed Jul 22 18:48:25 UTC 2026","passed","Wed Jul 22 18:48:25 UTC 2026","","","",""
"","11","renders highlight only for active selector when ruleId is present","SelectedHighlight","Wed Jul 22 18:47:39 UTC 2026","passed","Wed Jul 22 18:47:39 UTC 2026","","","",""
"","63","returns true when nodes are available","useGraphHasData","Wed Jul 22 18:48:00 UTC 2026","passed","Wed Jul 22 18:48:00 UTC 2026","","","",""
"","77","renders the analysis toggle when multi tier analysis enabled is true and when editing an existing zone","Tag Form","Wed Jul 22 18:43:02 UTC 2026","passed","Wed Jul 22 18:43:02 UTC 2026","","","",""
"Test cases for TestResources_ListADOUContainedUsers","2","TestResources_ListADOUContainedUsers","","Wed Jul 22 18:42:05 UTC 2026","passed","Wed Jul 22 18:42:05 UTC 2026","","Go Test","github.com/specterops/bloodhound/cmd/api/src/api/v2/TestResources_ListADOUContainedUsers","TestResources_ListADOUContainedUsers"
"Test cases for TestStore_GetKindByName","1","TestStore_GetKindByName","","Wed Jul 22 18:42:39 UTC 2026","passed","Wed Jul 22 18:42:39 UTC 2026","","Go Test","github.com/specterops/bloodhound/server/graphdb/internal/appdb/TestStore_GetKindByName","TestStore_GetKindByName"
"Test cases for TestExpireUserAuthSecret_Failure","0","TestExpireUserAuthSecret_Failure","","Wed Jul 22 18:42:11 UTC 2026","passed","Wed Jul 22 18:42:11 UTC 2026","","Go Test","github.com/specterops/bloodhound/cmd/api/src/api/v2/auth/TestExpireUserAuthSecret_Failure","TestExpireUserAuthSecret_Failure"
"Test cases for TestParseGroupMiscData","1","TestParseGroupMiscData","","Wed Jul 22 18:42:24 UTC 2026","passed","Wed Jul 22 18:42:24 UTC 2026","","Go Test","github.com/specterops/bloodhound/packages/go/ein/TestParseGroupMiscData","TestParseGroupMiscData"
"","1","combines platform and risk filters","filterAndSearchEnvironments","Wed Jul 22 18:43:22 UTC 2026","passed","Wed Jul 22 18:43:22 UTC 2026","","combined filters","",""
"Test cases for Test_filterAndFormatSearchResults_filterEnvironments_domainSIDFail","0","Test_filterAndFormatSearchResults_filterEnvironments_domainSIDFail","","Wed Jul 22 18:42:05 UTC 2026","passed","Wed Jul 22 18:42:05 UTC 2026","","Go Test","github.com/specterops/bloodhound/cmd/api/src/api/v2/Test_filterAndFormatSearchResults_filterEnvironments_domainSIDFail","Test_filterAndFormatSearchResults_filterEnvironments_domainSIDFail"
"Test cases for TestInt64From","0","TestInt64From","","Wed Jul 22 18:42:08 UTC 2026","passed","Wed Jul 22 18:42:08 UTC 2026","","Go Test","github.com/specterops/bloodhound/cmd/api/src/database/types/null/TestInt64From","TestInt64From"
"Test cases for TestRegister","0","TestRegister","","Wed Jul 22 18:42:32 UTC 2026","passed","Wed Jul 22 18:42:32 UTC 2026","","Go Test","github.com/specterops/bloodhound/server/analysis/TestRegister","TestRegister"
"","281","should fire ""onClose"" once","UserTokenManagementDialog","Wed Jul 22 18:45:03 UTC 2026","passed","Wed Jul 22 18:45:03 UTC 2026","","when user clicks ""Close"" button","",""
"","31","renders nothing when the response contains no stats","OpenGraphInfo","Wed Jul 22 18:44:46 UTC 2026","passed","Wed Jul 22 18:44:46 UTC 2026","","","",""
"","587","should sort by type","SSOProviderTable","Wed Jul 22 18:47:06 UTC 2026","passed","Wed Jul 22 18:47:07 UTC 2026","","","",""
"Test cases for TestResources_ListADIssuancePolicyLinkedCertTemplates","144","TestResources_ListADIssuancePolicyLinkedCertTemplates","","Wed Jul 22 18:42:05 UTC 2026","passed","Wed Jul 22 18:42:05 UTC 2026","","Go Test","github.com/specterops/bloodhound/cmd/api/src/api/v2/TestResources_ListADIssuancePolicyLinkedCertTemplates","TestResources_ListADIssuancePolicyLinkedCertTemplates"
"","0","returns undefined if graphData is {} or not a GraphResponse","getExploreTableData","Wed Jul 22 18:46:20 UTC 2026","passed","Wed Jul 22 18:46:20 UTC 2026","","","",""
"","1","returns undefined for headers when db config timeout limit setting is enabled and state of is disable query limit is true","useExploreGraph","Wed Jul 22 18:44:38 UTC 2026","passed","Wed Jul 22 18:44:38 UTC 2026","userSettings","exploreGraphQueryFactory","",""
"","114","renders multiple items with test-ids","KindInfoItems","Wed Jul 22 18:45:41 UTC 2026","passed","Wed Jul 22 18:45:41 UTC 2026","","","",""
"Test cases for TestParseLimitQueryParameter_BadFormat","0","TestParseLimitQueryParameter_BadFormat","","Wed Jul 22 18:42:05 UTC 2026","passed","Wed Jul 22 18:42:05 UTC 2026","","Go Test","github.com/specterops/bloodhound/cmd/api/src/api/v2/TestParseLimitQueryParameter_BadFormat","TestParseLimitQueryParameter_BadFormat"
"","784","should initiate data loading when an item is selected","Simple Environment Selector","Wed Jul 22 18:44:40 UTC 2026","passed","Wed Jul 22 18:44:41 UTC 2026","","","",""
"","0","fails for password without digits","testPassword","Wed Jul 22 18:48:38 UTC 2026","passed","Wed Jul 22 18:48:38 UTC 2026","","","",""
"Test cases for TestParseGPOData","1","TestParseGPOData","","Wed Jul 22 18:42:24 UTC 2026","passed","Wed Jul 22 18:42:24 UTC 2026","","Go Test","github.com/specterops/bloodhound/packages/go/ein/TestParseGPOData","TestParseGPOData"
"","292","sets a primarySearch=id and searchType=pathfinding when secondarySearch is truthy","ContextMenu","Wed Jul 22 18:49:26 UTC 2026","passed","Wed Jul 22 18:49:26 UTC 2026","","","",""
"Test cases for TestRequiredValidator","0","TestRequiredValidator","","Wed Jul 22 18:42:20 UTC 2026","passed","Wed Jul 22 18:42:20 UTC 2026","","Go Test","github.com/specterops/bloodhound/cmd/api/src/utils/validation/TestRequiredValidator","TestRequiredValidator"
"","75","fetches node data when an id is provided","useGetNodeById","Wed Jul 22 18:45:45 UTC 2026","passed","Wed Jul 22 18:45:45 UTC 2026","","","",""
"","88","indicates that filters are active","AssetGroupEdit","Wed Jul 22 18:45:15 UTC 2026","passed","Wed Jul 22 18:45:15 UTC 2026","","","",""
"","11","displays CaretDown icon when the sortOrder is desc","ColumnHeaders","Wed Jul 22 18:46:09 UTC 2026","passed","Wed Jul 22 18:46:09 UTC 2026","","SortableHeader","",""
"","0","returns false if arrays have different length","areArraysSimilar","Wed Jul 22 18:48:12 UTC 2026","passed","Wed Jul 22 18:48:12 UTC 2026","","","",""
"","801","should allow user to configure 2fa","Enable2FADialog","Wed Jul 22 18:46:15 UTC 2026","passed","Wed Jul 22 18:46:15 UTC 2026","","","",""
"Test cases for Test_UseHarness","0","Test_UseHarness","","Wed Jul 22 18:42:25 UTC 2026","passed","Wed Jul 22 18:42:25 UTC 2026","","Go Test","github.com/specterops/bloodhound/packages/go/lab/Test_UseHarness","Test_UseHarness"
"","900","should not have less characters than the minimum requirement","CreateUserForm","Wed Jul 22 18:43:37 UTC 2026","passed","Wed Jul 22 18:43:38 UTC 2026","","","",""
"","0","fails for password without uppercase letters","testPassword","Wed Jul 22 18:48:38 UTC 2026","passed","Wed Jul 22 18:48:38 UTC 2026","","","",""
"","2","returns undefined for headers when db config timeout limit setting is disabled and state of is disable query limit is false","useExploreGraph","Wed Jul 22 18:44:38 UTC 2026","passed","Wed Jul 22 18:44:38 UTC 2026","userSettings","exploreGraphQueryFactory","",""
"Test cases for TestGraphQuery_RawCypherQuery","10","TestGraphQuery_RawCypherQuery","","Wed Jul 22 18:42:11 UTC 2026","passed","Wed Jul 22 18:42:11 UTC 2026","","Go Test","github.com/specterops/bloodhound/cmd/api/src/queries/TestGraphQuery_RawCypherQuery","TestGraphQuery_RawCypherQuery"
"Test cases for TestAnalysisErrorsCoversPipelineSteps","0","TestAnalysisErrorsCoversPipelineSteps","","Wed Jul 22 18:42:22 UTC 2026","passed","Wed Jul 22 18:42:22 UTC 2026","","Go Test","github.com/specterops/bloodhound/packages/go/analysis/TestAnalysisErrorsCoversPipelineSteps","TestAnalysisErrorsCoversPipelineSteps"
"","95","shows the Automatic Certification label and the certification dropdown with its full description","BasicInfo","Wed Jul 22 18:45:56 UTC 2026","passed","Wed Jul 22 18:45:56 UTC 2026","","when isCertificationDisabledOnZoneLevel is true","",""
"","744","should call onSubmit with email address and password when login button clicked","LoginForm","Wed Jul 22 18:47:51 UTC 2026","passed","Wed Jul 22 18:47:52 UTC 2026","","","",""
"","213","handles close event","ImportQueryDialog","Wed Jul 22 18:48:31 UTC 2026","passed","Wed Jul 22 18:48:31 UTC 2026","","","",""
"","804","open and closes dialog with confirm button after user inputs required text","Tag Form","Wed Jul 22 18:43:05 UTC 2026","passed","Wed Jul 22 18:43:06 UTC 2026","","","",""
"Test cases for TestJSONFloat_UnmarshalJSON_NaN","0","TestJSONFloat_UnmarshalJSON_NaN","","Wed Jul 22 18:42:08 UTC 2026","passed","Wed Jul 22 18:42:08 UTC 2026","","Go Test","github.com/specterops/bloodhound/cmd/api/src/database/types/nan/TestJSONFloat_UnmarshalJSON_NaN","TestJSONFloat_UnmarshalJSON_NaN"
"","0","returns null for an open graph platform aggregate without a kind id","getStatsComponent","Wed Jul 22 18:47:08 UTC 2026","passed","Wed Jul 22 18:47:08 UTC 2026","","","",""
"","1825","executes a pathfinding search when both a source and destination node are provided","Pathfinding: interaction","Wed Jul 22 18:45:49 UTC 2026","passed","Wed Jul 22 18:45:51 UTC 2026","","","",""
"","115","applies empty state height when no results","ActiveExtensionsCard","Wed Jul 22 18:43:30 UTC 2026","passed","Wed Jul 22 18:43:31 UTC 2026","","","",""
"Test cases for TestResources_ListADDomainContainedOUs","0","TestResources_ListADDomainContainedOUs","","Wed Jul 22 18:42:05 UTC 2026","passed","Wed Jul 22 18:42:05 UTC 2026","","Go Test","github.com/specterops/bloodhound/cmd/api/src/api/v2/TestResources_ListADDomainContainedOUs","TestResources_ListADDomainContainedOUs"
"","194","The API key management option should appear in profile page if the user is configured for SAML login","UserProfile with SSO User","Wed Jul 22 18:45:31 UTC 2026","passed","Wed Jul 22 18:45:31 UTC 2026","","","",""
"","805","Download button opens a menu and selecting ""Selected Columns"" calls json2csv with selected columns only","ExploreTable","Wed Jul 22 18:43:02 UTC 2026","passed","Wed Jul 22 18:43:03 UTC 2026","","","",""
"Test cases for TestResources_ListADDomainContainedGPOs","2","TestResources_ListADDomainContainedGPOs","","Wed Jul 22 18:42:05 UTC 2026","passed","Wed Jul 22 18:42:05 UTC 2026","","Go Test","github.com/specterops/bloodhound/cmd/api/src/api/v2/TestResources_ListADDomainContainedGPOs","TestResources_ListADDomainContainedGPOs"
"Test cases for TestRateLimitMiddleware","0","TestRateLimitMiddleware","","Wed Jul 22 18:41:56 UTC 2026","passed","Wed Jul 22 18:41:56 UTC 2026","","Go Test","github.com/specterops/bloodhound/cmd/api/src/api/middleware/TestRateLimitMiddleware","TestRateLimitMiddleware"
"","0","shows no collection methods","toCollected","Wed Jul 22 18:48:10 UTC 2026","passed","Wed Jul 22 18:48:10 UTC 2026","","","",""
"","597","should call onSubmit with initiation_url of selected SSO provider","LoginViaSSOForm","Wed Jul 22 18:46:53 UTC 2026","passed","Wed Jul 22 18:46:54 UTC 2026","","","",""
"","119","shows the empty form message when Object Rule Form is empty","Seed Selection Results","Wed Jul 22 18:45:04 UTC 2026","passed","Wed Jul 22 18:45:04 UTC 2026","","","",""
"Test cases for TestRegister_PanicsOnNilPool","0","TestRegister_PanicsOnNilPool","","Wed Jul 22 18:42:45 UTC 2026","passed","Wed Jul 22 18:42:45 UTC 2026","","Go Test","github.com/specterops/bloodhound/server/modules/TestRegister_PanicsOnNilPool","TestRegister_PanicsOnNilPool"
"Test cases for TestAddWhereClauseToNeo4jQuery_NoWhereClause","0","TestAddWhereClauseToNeo4jQuery_NoWhereClause","","Wed Jul 22 18:42:05 UTC 2026","passed","Wed Jul 22 18:42:05 UTC 2026","","Go Test","github.com/specterops/bloodhound/cmd/api/src/api/v2/TestAddWhereClauseToNeo4jQuery_NoWhereClause","TestAddWhereClauseToNeo4jQuery_NoWhereClause"
"Test cases for TestService_GetNode","0","TestService_GetNode","","Wed Jul 22 18:42:41 UTC 2026","passed","Wed Jul 22 18:42:41 UTC 2026","","Go Test","github.com/specterops/bloodhound/server/graphdb/internal/services/TestService_GetNode","TestService_GetNode"
"Test cases for TestLocalStore_Put","50","TestLocalStore_Put","","Wed Jul 22 18:42:29 UTC 2026","passed","Wed Jul 22 18:42:29 UTC 2026","","Go Test","github.com/specterops/bloodhound/packages/go/storage/TestLocalStore_Put","TestLocalStore_Put"
"","2","dispatches a storage event with null newValue when the key is removed","useLocalStorage","Wed Jul 22 18:45:39 UTC 2026","passed","Wed Jul 22 18:45:39 UTC 2026","","storage event synchronisation","",""
"","729","lists all available node kinds as options to filter by","AssetGroupEdit","Wed Jul 22 18:45:15 UTC 2026","passed","Wed Jul 22 18:45:16 UTC 2026","","Node Type dropdown filter","",""
"Test cases for TestFloatScan","0","TestFloatScan","","Wed Jul 22 18:42:08 UTC 2026","passed","Wed Jul 22 18:42:08 UTC 2026","","Go Test","github.com/specterops/bloodhound/cmd/api/src/database/types/null/TestFloatScan","TestFloatScan"
"Test cases for TestStringValueOrZero","0","TestStringValueOrZero","","Wed Jul 22 18:42:08 UTC 2026","passed","Wed Jul 22 18:42:08 UTC 2026","","Go Test","github.com/specterops/bloodhound/cmd/api/src/database/types/null/TestStringValueOrZero","TestStringValueOrZero"
"Test cases for TestResources_ListAuditLogs_PredicateMismatchWithColumn","1","TestResources_ListAuditLogs_PredicateMismatchWithColumn","","Wed Jul 22 18:42:05 UTC 2026","passed","Wed Jul 22 18:42:05 UTC 2026","","Go Test","github.com/specterops/bloodhound/cmd/api/src/api/v2/TestResources_ListAuditLogs_PredicateMismatchWithColumn","TestResources_ListAuditLogs_PredicateMismatchWithColumn"
"","6","renders OpenGraphInfo for a collected open graph environment with an id","getStatsComponent","Wed Jul 22 18:47:08 UTC 2026","passed","Wed Jul 22 18:47:08 UTC 2026","","","",""
"","6","returns empty node stats and undefined relationship stats for empty input","getLatestMetricStats","Wed Jul 22 18:44:45 UTC 2026","passed","Wed Jul 22 18:44:45 UTC 2026","","","",""
"","35","should highlight selected route","Main Nav Route Highlighting","Wed Jul 22 18:45:37 UTC 2026","passed","Wed Jul 22 18:45:37 UTC 2026","","","",""
"Test cases for TestDatabase_checkError_NotFound","0","TestDatabase_checkError_NotFound","","Wed Jul 22 18:42:08 UTC 2026","passed","Wed Jul 22 18:42:08 UTC 2026","","Go Test","github.com/specterops/bloodhound/cmd/api/src/database/TestDatabase_checkError_NotFound","TestDatabase_checkError_NotFound"
"Test cases for TestURLJoinPathEscapesSlashes","0","TestURLJoinPathEscapesSlashes","","Wed Jul 22 18:41:54 UTC 2026","passed","Wed Jul 22 18:41:54 UTC 2026","","Go Test","github.com/specterops/bloodhound/cmd/api/src/api/TestURLJoinPathEscapesSlashes","TestURLJoinPathEscapesSlashes"
"","734","app does not crash if ""token"" cookie exists and ""persistedState"" localstorage key does not exist","redux store","Wed Jul 22 18:49:45 UTC 2026","passed","Wed Jul 22 18:49:46 UTC 2026","","","",""
"","8","shows items when the user has admin permissions","useSubNavRoutes","Wed Jul 22 18:45:58 UTC 2026","passed","Wed Jul 22 18:45:58 UTC 2026","","adminOnly gate","",""
"Test cases for TestManagementResource_UpdateUser_DBError","991","TestManagementResource_UpdateUser_DBError","","Wed Jul 22 18:42:25 UTC 2026","passed","Wed Jul 22 18:42:26 UTC 2026","","Go Test","github.com/specterops/bloodhound/cmd/api/src/api/v2/auth/TestManagementResource_UpdateUser_DBError","TestManagementResource_UpdateUser_DBError"
"","114","disables items via itemDisabled and hides the chevron icon visually","<DetailsAccordion />","Wed Jul 22 18:45:09 UTC 2026","passed","Wed Jul 22 18:45:09 UTC 2026","","","",""
"","1058","shows indeterminate states when some graph data is selected","GraphDataCheckboxes","Wed Jul 22 18:44:23 UTC 2026","passed","Wed Jul 22 18:44:24 UTC 2026","","","",""
"","157","fires onSelect prop when a result is clicked","SearchCurrentNodes","Wed Jul 22 18:46:32 UTC 2026","passed","Wed Jul 22 18:46:32 UTC 2026","","","",""
"Test cases for TestKeyEncoder_Key_VaryingInputs","0","TestKeyEncoder_Key_VaryingInputs","","Wed Jul 22 18:42:22 UTC 2026","passed","Wed Jul 22 18:42:22 UTC 2026","","Go Test","github.com/specterops/bloodhound/packages/go/analysis/post/TestKeyEncoder_Key_VaryingInputs","TestKeyEncoder_Key_VaryingInputs"
"Test cases for TestIngestControl_DisableIngestFileRetention","19","TestIngestControl_DisableIngestFileRetention","","Wed Jul 22 18:41:57 UTC 2026","passed","Wed Jul 22 18:41:57 UTC 2026","","Go Test","github.com/specterops/bloodhound/cmd/api/src/api/tools/TestIngestControl_DisableIngestFileRetention","TestIngestControl_DisableIngestFileRetention"
"Test cases for Test_HarnessTeardown","0","Test_HarnessTeardown","","Wed Jul 22 18:42:25 UTC 2026","passed","Wed Jul 22 18:42:25 UTC 2026","","Go Test","github.com/specterops/bloodhound/packages/go/lab/Test_HarnessTeardown","Test_HarnessTeardown"
"Test cases for TestLoginResource_Logout","7","TestLoginResource_Logout","","Wed Jul 22 18:42:47 UTC 2026","passed","Wed Jul 22 18:42:47 UTC 2026","","Go Test","github.com/specterops/bloodhound/cmd/api/src/api/v2/auth/TestLoginResource_Logout","TestLoginResource_Logout"
"","286","renders the popup content with run, edit/share, and delete when the menu trigger","ListItemActionMenu","Wed Jul 22 18:46:59 UTC 2026","passed","Wed Jul 22 18:46:59 UTC 2026","","","",""
"Test cases for TestAddOrderByToNeo4jQuery_NoOrderByClause","0","TestAddOrderByToNeo4jQuery_NoOrderByClause","","Wed Jul 22 18:42:05 UTC 2026","passed","Wed Jul 22 18:42:05 UTC 2026","","Go Test","github.com/specterops/bloodhound/cmd/api/src/api/v2/TestAddOrderByToNeo4jQuery_NoOrderByClause","TestAddOrderByToNeo4jQuery_NoOrderByClause"
"","1874","should clear out the sso provider id from submission data when the authentication method is changed","UpdateUserDialog","Wed Jul 22 18:44:23 UTC 2026","passed","Wed Jul 22 18:44:25 UTC 2026","","","",""
"Test cases for TestResources_ListAuditLogs_SortingError","1","TestResources_ListAuditLogs_SortingError","","Wed Jul 22 18:42:05 UTC 2026","passed","Wed Jul 22 18:42:05 UTC 2026","","Go Test","github.com/specterops/bloodhound/cmd/api/src/api/v2/TestResources_ListAuditLogs_SortingError","TestResources_ListAuditLogs_SortingError"
"","2","should include all operations when the tag matches the term","opsFilter","Wed Jul 22 18:47:31 UTC 2026","passed","Wed Jul 22 18:47:31 UTC 2026","","","",""
"","109","enables returning a list of tags","the useAssetGroupTags utilities","Wed Jul 22 18:45:04 UTC 2026","passed","Wed Jul 22 18:45:04 UTC 2026","","","",""
"Test cases for Test_ParseGraphSortParameters_Success","0","Test_ParseGraphSortParameters_Success","","Wed Jul 22 18:41:54 UTC 2026","passed","Wed Jul 22 18:41:54 UTC 2026","","Go Test","github.com/specterops/bloodhound/cmd/api/src/api/Test_ParseGraphSortParameters_Success","Test_ParseGraphSortParameters_Success"
"","1788","handles posting a mutation","DatabaseManagement","Wed Jul 22 18:49:11 UTC 2026","passed","Wed Jul 22 18:49:12 UTC 2026","","","",""
"Test cases for TestFilterParseAndValidate_Parsing","0","TestFilterParseAndValidate_Parsing","","Wed Jul 22 18:42:27 UTC 2026","passed","Wed Jul 22 18:42:27 UTC 2026","","Go Test","github.com/specterops/bloodhound/packages/go/params/TestFilterParseAndValidate_Parsing","TestFilterParseAndValidate_Parsing"
"","242","Trying to view the edge info does not crash the app when selecting an unrecognized edge","EdgeInfoContent","Wed Jul 22 18:43:40 UTC 2026","passed","Wed Jul 22 18:43:40 UTC 2026","","","",""
"Test cases for TestRetainedArchiveName","12","TestRetainedArchiveName","","Wed Jul 22 18:41:57 UTC 2026","passed","Wed Jul 22 18:41:57 UTC 2026","","Go Test","github.com/specterops/bloodhound/cmd/api/src/api/tools/TestRetainedArchiveName","TestRetainedArchiveName"
"","31","displays a status label","StatusIndicator","Wed Jul 22 18:48:32 UTC 2026","passed","Wed Jul 22 18:48:32 UTC 2026","","","",""
"Test cases for TestService_GetRole","0","TestService_GetRole","","Wed Jul 22 18:42:44 UTC 2026","passed","Wed Jul 22 18:42:44 UTC 2026","","Go Test","github.com/specterops/bloodhound/server/identity/internal/services/TestService_GetRole","TestService_GetRole"
"","150","calls onClose when user clicks cancel","PasswordDialog","Wed Jul 22 18:43:49 UTC 2026","passed","Wed Jul 22 18:43:49 UTC 2026","","","",""
"Test cases for TestResources_ListAuditLogs_InvalidSkip","0","TestResources_ListAuditLogs_InvalidSkip","","Wed Jul 22 18:42:05 UTC 2026","passed","Wed Jul 22 18:42:05 UTC 2026","","Go Test","github.com/specterops/bloodhound/cmd/api/src/api/v2/TestResources_ListAuditLogs_InvalidSkip","TestResources_ListAuditLogs_InvalidSkip"
"Test cases for TestResources_UpdateSavedQuery_NotAUserAuth","0","TestResources_UpdateSavedQuery_NotAUserAuth","","Wed Jul 22 18:42:05 UTC 2026","passed","Wed Jul 22 18:42:05 UTC 2026","","Go Test","github.com/specterops/bloodhound/cmd/api/src/api/v2/TestResources_UpdateSavedQuery_NotAUserAuth","TestResources_UpdateSavedQuery_NotAUserAuth"
"","1098","calls the passed in select handler when clicking the Confirm button","Glyph Select Dialog","Wed Jul 22 18:48:10 UTC 2026","passed","Wed Jul 22 18:48:11 UTC 2026","","","",""
"","181","has the correct value for the links in the breadcrumbs","Create Update pages","Wed Jul 22 18:47:30 UTC 2026","passed","Wed Jul 22 18:47:31 UTC 2026","","","",""
"","501","sets exploreSearchTab param to pathfinding when the user clicks the `pathfinding` tab","ExploreSearch sets searchType on tab changing","Wed Jul 22 18:49:16 UTC 2026","passed","Wed Jul 22 18:49:17 UTC 2026","","","",""
"","779","should call onSubmit when input is valid and Submit button is clicked","UpsertSAMLProviderForm","Wed Jul 22 18:47:23 UTC 2026","passed","Wed Jul 22 18:47:24 UTC 2026","","","",""
"","1170","a cypher search 404 does not render the GraphViewErrorAlert","GraphView","Wed Jul 22 18:49:07 UTC 2026","passed","Wed Jul 22 18:49:08 UTC 2026","","","",""
"","82","returns an object with values for assetGroupTagId, params, and setPZQueryParams","usePZQueryParams","Wed Jul 22 18:46:31 UTC 2026","passed","Wed Jul 22 18:46:31 UTC 2026","","","",""
"Test cases for TestTracker_HasEdge_PropertyChangeDetectedAsDeletion","0","TestTracker_HasEdge_PropertyChangeDetectedAsDeletion","","Wed Jul 22 18:42:22 UTC 2026","passed","Wed Jul 22 18:42:22 UTC 2026","","Go Test","github.com/specterops/bloodhound/packages/go/analysis/post/TestTracker_HasEdge_PropertyChangeDetectedAsDeletion","TestTracker_HasEdge_PropertyChangeDetectedAsDeletion"
"Test cases for TestResources_GetSavedQuery","33","TestResources_GetSavedQuery","","Wed Jul 22 18:42:05 UTC 2026","passed","Wed Jul 22 18:42:05 UTC 2026","","Go Test","github.com/specterops/bloodhound/cmd/api/src/api/v2/TestResources_GetSavedQuery","TestResources_GetSavedQuery"
"","801","should call onSave when save button is clicked","SaveQueryDialog","Wed Jul 22 18:43:03 UTC 2026","passed","Wed Jul 22 18:43:04 UTC 2026","","","",""
"","27","returns early if there are no 'collected' environments","useInitialEnvironment","Wed Jul 22 18:47:22 UTC 2026","passed","Wed Jul 22 18:47:22 UTC 2026","","","",""
"","19","disables the upload button and does not populate a table if the user lacks the permission","File Upload","Wed Jul 22 18:45:32 UTC 2026","passed","Wed Jul 22 18:45:32 UTC 2026","","","",""
"","104","displays an error message while fetching fails","ActiveExtensionsCard","Wed Jul 22 18:43:28 UTC 2026","passed","Wed Jul 22 18:43:28 UTC 2026","","","",""
"","2","filters by collected=true when ""yes"" filter is active","filterAndSearchEnvironments","Wed Jul 22 18:43:22 UTC 2026","passed","Wed Jul 22 18:43:22 UTC 2026","","collected filters","",""
"","96","initializes the categories with just the built-in defaults when edge endpoint returns nothing","useEdgeCategories","Wed Jul 22 18:45:24 UTC 2026","passed","Wed Jul 22 18:45:24 UTC 2026","","","",""
"","64","should hide Environmental Targeted Access Control panel when showEnvironmentAccessControls prop is false","CreateUserForm","Wed Jul 22 18:43:40 UTC 2026","passed","Wed Jul 22 18:43:41 UTC 2026","","","",""
"","201","enables the create user button when the user is admin role","Users","Wed Jul 22 18:44:47 UTC 2026","passed","Wed Jul 22 18:44:47 UTC 2026","","","",""
"Test cases for Test_ParseSortParameters","0","Test_ParseSortParameters","","Wed Jul 22 18:41:54 UTC 2026","passed","Wed Jul 22 18:41:54 UTC 2026","","Go Test","github.com/specterops/bloodhound/cmd/api/src/api/Test_ParseSortParameters","Test_ParseSortParameters"
"Test cases for TestManagementResource_DeleteAuthToken","9","TestManagementResource_DeleteAuthToken","","Wed Jul 22 18:42:47 UTC 2026","passed","Wed Jul 22 18:42:47 UTC 2026","","Go Test","github.com/specterops/bloodhound/cmd/api/src/api/v2/auth/TestManagementResource_DeleteAuthToken","TestManagementResource_DeleteAuthToken"
"TestIsValidateGooseTimeStamp to validate different cases of this prefix requirement","1","TestIsValidateGooseTimeStamp","","Wed Jul 22 18:42:08 UTC 2026","passed","Wed Jul 22 18:42:08 UTC 2026","","Go Test","github.com/specterops/bloodhound/cmd/api/src/database/migration/TestIsValidateGooseTimeStamp","TestIsValidateGooseTimeStamp"
"","0","maps cypher 504 errors to timeout messaging","useExploreGraph","Wed Jul 22 18:44:38 UTC 2026","passed","Wed Jul 22 18:44:38 UTC 2026","","exploreGraphQueryFactory","",""
"Test cases for TestQueries_BuildEntityQueryParams_InvalidLimit","0","TestQueries_BuildEntityQueryParams_InvalidLimit","","Wed Jul 22 18:42:11 UTC 2026","passed","Wed Jul 22 18:42:11 UTC 2026","","Go Test","github.com/specterops/bloodhound/cmd/api/src/queries/TestQueries_BuildEntityQueryParams_InvalidLimit","TestQueries_BuildEntityQueryParams_InvalidLimit"
"Test cases for TestDomainSelectors_GetFilterCriteria_Domain","0","TestDomainSelectors_GetFilterCriteria_Domain","","Wed Jul 22 18:42:09 UTC 2026","passed","Wed Jul 22 18:42:09 UTC 2026","","Go Test","github.com/specterops/bloodhound/cmd/api/src/model/TestDomainSelectors_GetFilterCriteria_Domain","TestDomainSelectors_GetFilterCriteria_Domain"
"Test cases for TestWritePaginated","1","TestWritePaginated","","Wed Jul 22 18:42:27 UTC 2026","passed","Wed Jul 22 18:42:27 UTC 2026","","Go Test","github.com/specterops/bloodhound/packages/go/responses/TestWritePaginated","TestWritePaginated"
"","0","abbreviates thousands, millions, billions, trillions as expected","numberFormatting","Wed Jul 22 18:46:16 UTC 2026","passed","Wed Jul 22 18:46:16 UTC 2026","","","",""
"","0","handles only escapable characters","escapeCypherString","Wed Jul 22 18:48:33 UTC 2026","passed","Wed Jul 22 18:48:33 UTC 2026","","","",""
"","63","enables filtering out for tags that are treated as Labels (including Owned)","the useAssetGroupTags utilities","Wed Jul 22 18:45:04 UTC 2026","passed","Wed Jul 22 18:45:04 UTC 2026","","","",""
"","27","selector members refetches on sort change","the useAssetGroupTags utilities","Wed Jul 22 18:45:04 UTC 2026","passed","Wed Jul 22 18:45:04 UTC 2026","","","",""
"","86","should display the logged in user's role","UserProfile","Wed Jul 22 18:45:32 UTC 2026","passed","Wed Jul 22 18:45:32 UTC 2026","","","",""
"","380","should render","OneTimePasscodeForm","Wed Jul 22 18:47:43 UTC 2026","passed","Wed Jul 22 18:47:43 UTC 2026","","","",""
"Test cases for TestResources_ShareSavedQueriesPermissions_SavingPermissionsErrors","0","TestResources_ShareSavedQueriesPermissions_SavingPermissionsErrors","","Wed Jul 22 18:42:05 UTC 2026","passed","Wed Jul 22 18:42:05 UTC 2026","","Go Test","github.com/specterops/bloodhound/cmd/api/src/api/v2/TestResources_ShareSavedQueriesPermissions_SavingPermissionsErrors","TestResources_ShareSavedQueriesPermissions_SavingPermissionsErrors"
"Test cases for TestActivateMFA_Failure","717","TestActivateMFA_Failure","","Wed Jul 22 18:42:45 UTC 2026","passed","Wed Jul 22 18:42:46 UTC 2026","","Go Test","github.com/specterops/bloodhound/cmd/api/src/api/v2/auth/TestActivateMFA_Failure","TestActivateMFA_Failure"
"","260","should eventually display list of tokens","UserTokenManagementDialog","Wed Jul 22 18:45:02 UTC 2026","passed","Wed Jul 22 18:45:02 UTC 2026","","","",""
"","64","returns a list of the users current permissions","usePermissions","Wed Jul 22 18:45:27 UTC 2026","passed","Wed Jul 22 18:45:27 UTC 2026","","","",""
"Test cases for TestAnalysisStepsJSON","7","TestAnalysisStepsJSON","","Wed Jul 22 18:42:09 UTC 2026","passed","Wed Jul 22 18:42:09 UTC 2026","","Go Test","github.com/specterops/bloodhound/cmd/api/src/model/TestAnalysisStepsJSON","TestAnalysisStepsJSON"
"","4","should return null if the edge key does not have enough information","getEdgeDataFromKey","Wed Jul 22 18:49:51 UTC 2026","passed","Wed Jul 22 18:49:51 UTC 2026","","","",""
"","40","sets autoDisplayTable to false if query returns edges","useExploreTableAutoDisplay","Wed Jul 22 18:47:19 UTC 2026","passed","Wed Jul 22 18:47:19 UTC 2026","","","",""
"Test cases for TestNormalizeToUTF8_ReaderError","0","TestNormalizeToUTF8_ReaderError","","Wed Jul 22 18:42:23 UTC 2026","passed","Wed Jul 22 18:42:23 UTC 2026","","Go Test","github.com/specterops/bloodhound/packages/go/bomenc/TestNormalizeToUTF8_ReaderError","TestNormalizeToUTF8_ReaderError"
"","39","sums the remaining sections when one of the Affected Object calls fails","EntityInfoDataTableGraphed","Wed Jul 22 18:45:29 UTC 2026","passed","Wed Jul 22 18:45:29 UTC 2026","","Node count for nested table that counts all sections","",""
"","10","clears sort state","useSortParams","Wed Jul 22 18:46:52 UTC 2026","passed","Wed Jul 22 18:46:52 UTC 2026","","","",""
"Test cases for TestFilter","0","TestFilter","","Wed Jul 22 18:42:27 UTC 2026","passed","Wed Jul 22 18:42:27 UTC 2026","","Go Test","github.com/specterops/bloodhound/packages/go/slicesext/TestFilter","TestFilter"
"","1","returns a function that can set arrays query params removes previous values set to that array query param","searchParams","Wed Jul 22 18:47:00 UTC 2026","passed","Wed Jul 22 18:47:00 UTC 2026","","setSingleParamFactory","",""
"","1","returns false when WebGL is not available in the current browser context","WebGL compatibility check","Wed Jul 22 18:48:49 UTC 2026","passed","Wed Jul 22 18:48:49 UTC 2026","","","",""
"Test cases for TestMarshalFloat","0","TestMarshalFloat","","Wed Jul 22 18:42:08 UTC 2026","passed","Wed Jul 22 18:42:08 UTC 2026","","Go Test","github.com/specterops/bloodhound/cmd/api/src/database/types/null/TestMarshalFloat","TestMarshalFloat"
"","0","returns undefined when highlightedItem is null","SigmaChart Utils","Wed Jul 22 18:49:37 UTC 2026","passed","Wed Jul 22 18:49:37 UTC 2026","","getIsHighlightedItemInGraph","",""
"","1","prevents MouseCoords events","preventAllDefaults","Wed Jul 22 18:49:56 UTC 2026","passed","Wed Jul 22 18:49:56 UTC 2026","","","",""
"","57","is disabled if no filters are active","AssetGroupEdit","Wed Jul 22 18:45:17 UTC 2026","passed","Wed Jul 22 18:45:17 UTC 2026","","Clear Filters button","",""
"","10","allows you to cancel filter updates before applying them to the url and reset to the default filter state","usePathfindingFilters","Wed Jul 22 18:47:56 UTC 2026","passed","Wed Jul 22 18:47:56 UTC 2026","","","",""
"Test cases for TestResources_ListAuditLogs","0","TestResources_ListAuditLogs","","Wed Jul 22 18:42:05 UTC 2026","passed","Wed Jul 22 18:42:05 UTC 2026","","Go Test","github.com/specterops/bloodhound/cmd/api/src/api/v2/TestResources_ListAuditLogs","TestResources_ListAuditLogs"
"","64","excludes API edges that are associated with one of our built-in schema types","useEdgeCategories","Wed Jul 22 18:45:24 UTC 2026","passed","Wed Jul 22 18:45:24 UTC 2026","","","",""
"","222","displays 0 when a given sections returns empty, and sums the rest of the sections correctly","EntityInfoDataTable","Wed Jul 22 18:44:51 UTC 2026","passed","Wed Jul 22 18:44:51 UTC 2026","","Node count for nested table that counts all sections","",""
"","865","executes a primary search when only a source node is provided","Pathfinding: interaction","Wed Jul 22 18:45:49 UTC 2026","passed","Wed Jul 22 18:45:49 UTC 2026","","","",""
"","258","includes the platform environment_kind_id in the onSelect payload when an open graph aggregate is clicked","Open Graph platform selection","Wed Jul 22 18:44:42 UTC 2026","passed","Wed Jul 22 18:44:42 UTC 2026","","","",""
"Test cases for Test_ParseGraphSortParameters_InvalidSortColumn","0","Test_ParseGraphSortParameters_InvalidSortColumn","","Wed Jul 22 18:41:54 UTC 2026","passed","Wed Jul 22 18:41:54 UTC 2026","","Go Test","github.com/specterops/bloodhound/cmd/api/src/api/Test_ParseGraphSortParameters_InvalidSortColumn","Test_ParseGraphSortParameters_InvalidSortColumn"
"","43","returns undefined for sort params when no initial state is provided","useSortParams","Wed Jul 22 18:46:52 UTC 2026","passed","Wed Jul 22 18:46:52 UTC 2026","","","",""
"","490","accepts a valid file and allows the user to continue through the upload process","File Upload","Wed Jul 22 18:45:32 UTC 2026","passed","Wed Jul 22 18:45:32 UTC 2026","","","",""
"Test cases for TestUnmarshalNonIntegerNumberToInt64","0","TestUnmarshalNonIntegerNumberToInt64","","Wed Jul 22 18:42:08 UTC 2026","passed","Wed Jul 22 18:42:08 UTC 2026","","Go Test","github.com/specterops/bloodhound/cmd/api/src/database/types/null/TestUnmarshalNonIntegerNumberToInt64","TestUnmarshalNonIntegerNumberToInt64"
"Test cases for TestNewManifest","0","TestNewManifest","","Wed Jul 22 18:42:08 UTC 2026","passed","Wed Jul 22 18:42:08 UTC 2026","","Go Test","github.com/specterops/bloodhound/cmd/api/src/database/migration/TestNewManifest","TestNewManifest"
"Test cases for TestHandlers_GetAllFlags","0","TestHandlers_GetAllFlags","","Wed Jul 22 18:42:38 UTC 2026","passed","Wed Jul 22 18:42:38 UTC 2026","","Go Test","github.com/specterops/bloodhound/server/featureflags/internal/handlers/TestHandlers_GetAllFlags","TestHandlers_GetAllFlags"
"","170","calls onLayoutChange with the same layout when the currently selected option is clicked, enabling de-selection","GraphControls","Wed Jul 22 18:43:30 UTC 2026","passed","Wed Jul 22 18:43:30 UTC 2026","","Selecting a layout","",""
"","0","passes ruleType through optionalParams with empty object","handleError","Wed Jul 22 18:44:40 UTC 2026","passed","Wed Jul 22 18:44:40 UTC 2026","","","",""
"Test cases for TestErrorReadDomainSIDandNameAsString","1","TestErrorReadDomainSIDandNameAsString","","Wed Jul 22 18:42:22 UTC 2026","passed","Wed Jul 22 18:42:22 UTC 2026","","Go Test","github.com/specterops/bloodhound/packages/go/analysis/ad/internal/nodeprops/TestErrorReadDomainSIDandNameAsString","TestErrorReadDomainSIDandNameAsString"
"Test cases for TestResources_ListADDomainContainedGroups","0","TestResources_ListADDomainContainedGroups","","Wed Jul 22 18:42:05 UTC 2026","passed","Wed Jul 22 18:42:05 UTC 2026","","Go Test","github.com/specterops/bloodhound/cmd/api/src/api/v2/TestResources_ListADDomainContainedGroups","TestResources_ListADDomainContainedGroups"
"Test cases for TestResources_ListADComputerConstrainedDelegationUsers","0","TestResources_ListADComputerConstrainedDelegationUsers","","Wed Jul 22 18:42:05 UTC 2026","passed","Wed Jul 22 18:42:05 UTC 2026","","Go Test","github.com/specterops/bloodhound/cmd/api/src/api/v2/TestResources_ListADComputerConstrainedDelegationUsers","TestResources_ListADComputerConstrainedDelegationUsers"
"","163","updates value when a valid date typed","ManagedDatePicker - value","Wed Jul 22 18:46:10 UTC 2026","passed","Wed Jul 22 18:46:10 UTC 2026","","","",""
"Test cases for TestParseAssetGroupTagIdParams","291","TestParseAssetGroupTagIdParams","","Wed Jul 22 18:41:54 UTC 2026","passed","Wed Jul 22 18:41:54 UTC 2026","","Go Test","github.com/specterops/bloodhound/cmd/api/src/api/TestParseAssetGroupTagIdParams","TestParseAssetGroupTagIdParams"
"Test cases for TestGenericClone","0","TestGenericClone","","Wed Jul 22 18:42:19 UTC 2026","passed","Wed Jul 22 18:42:19 UTC 2026","","Go Test","github.com/specterops/bloodhound/cmd/api/src/utils/TestGenericClone","TestGenericClone"
"","384","adds a ""Close"" button that closes the dialog after a failed upload","SchemaUploadDialog","Wed Jul 22 18:44:34 UTC 2026","passed","Wed Jul 22 18:44:34 UTC 2026","","","",""
"Test cases for Test_filterAndFormatSearchResults_default","0","Test_filterAndFormatSearchResults_default","","Wed Jul 22 18:42:05 UTC 2026","passed","Wed Jul 22 18:42:05 UTC 2026","","Go Test","github.com/specterops/bloodhound/cmd/api/src/api/v2/Test_filterAndFormatSearchResults_default","Test_filterAndFormatSearchResults_default"
"","121","renders a list of pre-built searches","PrebuiltSearchList","Wed Jul 22 18:46:15 UTC 2026","passed","Wed Jul 22 18:46:15 UTC 2026","","","",""
"","3594","Kebab menu click causes the callback function to be called with the correct parameters","ExploreTable","Wed Jul 22 18:43:13 UTC 2026","passed","Wed Jul 22 18:43:17 UTC 2026","","","",""
"","4","succeeds for valid password","testPassword","Wed Jul 22 18:48:38 UTC 2026","passed","Wed Jul 22 18:48:38 UTC 2026","","","",""
"","1","should compute coordinates along a quadratic bezier curve for a given t value","bezier","Wed Jul 22 18:49:36 UTC 2026","passed","Wed Jul 22 18:49:36 UTC 2026","","","",""
"","7","does not render when selector is default","Delete Selector Button rendering","Wed Jul 22 18:48:15 UTC 2026","passed","Wed Jul 22 18:48:15 UTC 2026","","","",""
"Test cases for TestDispatchAnalysisSteps","0","TestDispatchAnalysisSteps","","Wed Jul 22 18:42:22 UTC 2026","passed","Wed Jul 22 18:42:22 UTC 2026","","Go Test","github.com/specterops/bloodhound/packages/go/analysis/TestDispatchAnalysisSteps","TestDispatchAnalysisSteps"
"Test cases for TestManagementResource_ListAuthTokens_InvalidFilterPredicate","0","TestManagementResource_ListAuthTokens_InvalidFilterPredicate","","Wed Jul 22 18:42:34 UTC 2026","passed","Wed Jul 22 18:42:34 UTC 2026","","Go Test","github.com/specterops/bloodhound/cmd/api/src/api/v2/auth/TestManagementResource_ListAuthTokens_InvalidFilterPredicate","TestManagementResource_ListAuthTokens_InvalidFilterPredicate"
"Test cases for TestUnmarshalFloat","0","TestUnmarshalFloat","","Wed Jul 22 18:42:08 UTC 2026","passed","Wed Jul 22 18:42:08 UTC 2026","","Go Test","github.com/specterops/bloodhound/cmd/api/src/database/types/null/TestUnmarshalFloat","TestUnmarshalFloat"
"","118","should render tag to Label content","TagToZoneLabelDialog","Wed Jul 22 18:46:20 UTC 2026","passed","Wed Jul 22 18:46:20 UTC 2026","","","",""
"","917","disables the confirm button until user types required text","Tag Form","Wed Jul 22 18:43:04 UTC 2026","passed","Wed Jul 22 18:43:05 UTC 2026","","","",""
"","13","should render when search string is in the middle of the text","HighlightedText","Wed Jul 22 18:47:47 UTC 2026","passed","Wed Jul 22 18:47:47 UTC 2026","","","",""
"","67","calls openSAMLProviderDialog when create provider button is clicked","CreateMenu","Wed Jul 22 18:45:20 UTC 2026","passed","Wed Jul 22 18:45:20 UTC 2026","","oidc_support feature flag disabled","",""
"Test cases for TestResources_ListADDomainDCSyncers","0","TestResources_ListADDomainDCSyncers","","Wed Jul 22 18:42:05 UTC 2026","passed","Wed Jul 22 18:42:05 UTC 2026","","Go Test","github.com/specterops/bloodhound/cmd/api/src/api/v2/TestResources_ListADDomainDCSyncers","TestResources_ListADDomainDCSyncers"
"","1","filters by multiple risk levels","filterAndSearchEnvironments","Wed Jul 22 18:43:22 UTC 2026","passed","Wed Jul 22 18:43:22 UTC 2026","","risk filters","",""
"","151","calls onSort when clicked","ColumnHeaders","Wed Jul 22 18:46:09 UTC 2026","passed","Wed Jul 22 18:46:09 UTC 2026","","SortableHeader","",""
"Test cases for TestSortJSONArrays","7","TestSortJSONArrays","","Wed Jul 22 18:42:20 UTC 2026","passed","Wed Jul 22 18:42:20 UTC 2026","","Go Test","github.com/specterops/bloodhound/cmd/api/src/utils/test/TestSortJSONArrays","TestSortJSONArrays"
"","444","filters by the selected user","FileIngestFilterDialog","Wed Jul 22 18:44:53 UTC 2026","passed","Wed Jul 22 18:44:53 UTC 2026","","User Select","",""
"Test cases for TestAnalysisPipelineStepString","1","TestAnalysisPipelineStepString","","Wed Jul 22 18:42:22 UTC 2026","passed","Wed Jul 22 18:42:22 UTC 2026","","Go Test","github.com/specterops/bloodhound/packages/go/analysis/TestAnalysisPipelineStepString","TestAnalysisPipelineStepString"
"Test cases for TestMarshalString","0","TestMarshalString","","Wed Jul 22 18:42:08 UTC 2026","passed","Wed Jul 22 18:42:08 UTC 2026","","Go Test","github.com/specterops/bloodhound/cmd/api/src/database/types/null/TestMarshalString","TestMarshalString"
"","1882","should allow user to create new SAML provder and then display it in the table","SSOConfiguration","Wed Jul 22 18:44:32 UTC 2026","passed","Wed Jul 22 18:44:34 UTC 2026","","","",""
"","768","should not call onSubmit when expired password matches current password when reset password button clicked","PasswordResetForm","Wed Jul 22 18:46:03 UTC 2026","passed","Wed Jul 22 18:46:04 UTC 2026","","","",""
"Test cases for TestSetFontIcon","1","TestSetFontIcon","","Wed Jul 22 18:41:54 UTC 2026","passed","Wed Jul 22 18:41:54 UTC 2026","","Go Test","github.com/specterops/bloodhound/cmd/api/src/api/bloodhoundgraph/TestSetFontIcon","TestSetFontIcon"
"Test cases for TestUnmarshalNonIntegerNumber","0","TestUnmarshalNonIntegerNumber","","Wed Jul 22 18:42:08 UTC 2026","passed","Wed Jul 22 18:42:08 UTC 2026","","Go Test","github.com/specterops/bloodhound/cmd/api/src/database/types/null/TestUnmarshalNonIntegerNumber","TestUnmarshalNonIntegerNumber"
"","0","calls transformToFlatGraphResponse when graphData matches GraphResponse interface","normalizeGraphDataForSigma","Wed Jul 22 18:49:50 UTC 2026","passed","Wed Jul 22 18:49:50 UTC 2026","","","",""
"","413","shows error notification when deletion fails","ActiveExtensionsCard","Wed Jul 22 18:43:34 UTC 2026","passed","Wed Jul 22 18:43:34 UTC 2026","","","",""
"Test cases for TestResources_ListADEntityRDPRights","4","TestResources_ListADEntityRDPRights","","Wed Jul 22 18:42:05 UTC 2026","passed","Wed Jul 22 18:42:05 UTC 2026","","Go Test","github.com/specterops/bloodhound/cmd/api/src/api/v2/TestResources_ListADEntityRDPRights","TestResources_ListADEntityRDPRights"
"Test cases for TestGetDataQualityStats_Failure","1","TestGetDataQualityStats_Failure","","Wed Jul 22 18:42:05 UTC 2026","passed","Wed Jul 22 18:42:05 UTC 2026","","Go Test","github.com/specterops/bloodhound/cmd/api/src/api/v2/TestGetDataQualityStats_Failure","TestGetDataQualityStats_Failure"
"Test cases for TestOpenGraphSchemaService_GetSchemaFindings","2","TestOpenGraphSchemaService_GetSchemaFindings","","Wed Jul 22 18:42:17 UTC 2026","passed","Wed Jul 22 18:42:17 UTC 2026","","Go Test","github.com/specterops/bloodhound/cmd/api/src/services/opengraphschema/TestOpenGraphSchemaService_GetSchemaFindings","TestOpenGraphSchemaService_GetSchemaFindings"
"","96","reverts all menu options to an unselected state when isExploreLayoutSelected becomes false","GraphControls","Wed Jul 22 18:43:30 UTC 2026","passed","Wed Jul 22 18:43:30 UTC 2026","","Selecting a layout","",""
"","276","Toggles node and edge labels on/off depending on their existing state","GraphControls","Wed Jul 22 18:43:29 UTC 2026","passed","Wed Jul 22 18:43:29 UTC 2026","","Toggling labels","",""
"","2813","resets skip to 0 when filters change so rows are visible on the new result set","FileIngestTable","Wed Jul 22 18:44:10 UTC 2026","passed","Wed Jul 22 18:44:13 UTC 2026","","pagination reset","",""
"","150","Hides selector information if additionalSections is false","EntityInfoDataTableList","Wed Jul 22 18:46:27 UTC 2026","passed","Wed Jul 22 18:46:27 UTC 2026","","","",""
"","35","should display a badge when role based filtering is true and show filter banner is true","EntityInfoPanel","Wed Jul 22 18:47:35 UTC 2026","passed","Wed Jul 22 18:47:35 UTC 2026","","","",""
"Test cases for TestNormalizeToUTF8_LargeInput","0","TestNormalizeToUTF8_LargeInput","","Wed Jul 22 18:42:23 UTC 2026","passed","Wed Jul 22 18:42:23 UTC 2026","","Go Test","github.com/specterops/bloodhound/packages/go/bomenc/TestNormalizeToUTF8_LargeInput","TestNormalizeToUTF8_LargeInput"
"Test cases for TestResources_ListADDomainForeignUsers","0","TestResources_ListADDomainForeignUsers","","Wed Jul 22 18:42:05 UTC 2026","passed","Wed Jul 22 18:42:05 UTC 2026","","Go Test","github.com/specterops/bloodhound/cmd/api/src/api/v2/TestResources_ListADDomainForeignUsers","TestResources_ListADDomainForeignUsers"
"Test cases for TestStore_Stat","36","TestStore_Stat","","Wed Jul 22 18:42:29 UTC 2026","passed","Wed Jul 22 18:42:29 UTC 2026","","Go Test","github.com/specterops/bloodhound/packages/go/storage/TestStore_Stat","TestStore_Stat"
"","0","uppercases boolean values","Formatting boolean properties","Wed Jul 22 18:45:06 UTC 2026","passed","Wed Jul 22 18:45:06 UTC 2026","","","",""
"Test cases for TestManagementResource_ListAuthTokens_DBError","0","TestManagementResource_ListAuthTokens_DBError","","Wed Jul 22 18:42:34 UTC 2026","passed","Wed Jul 22 18:42:34 UTC 2026","","Go Test","github.com/specterops/bloodhound/cmd/api/src/api/v2/auth/TestManagementResource_ListAuthTokens_DBError","TestManagementResource_ListAuthTokens_DBError"
"","577","filters by the selected date range","FileIngestFilterDialog","Wed Jul 22 18:44:51 UTC 2026","passed","Wed Jul 22 18:44:52 UTC 2026","","Date Range Inputs","",""
"","223","should handle click events on apply and cancel","ConfirmUpdateQueryDialog","Wed Jul 22 18:48:11 UTC 2026","passed","Wed Jul 22 18:48:11 UTC 2026","","","",""
"","53","is not overwritten when node properties contain an id field","useExploreTableRowsAndColumns","Wed Jul 22 18:48:32 UTC 2026","passed","Wed Jul 22 18:48:32 UTC 2026","","bhGraphId","",""
"","213","handles adding to non-tier-zero asset group","AssetGroupMenuItem","Wed Jul 22 18:49:07 UTC 2026","passed","Wed Jul 22 18:49:07 UTC 2026","","adding to an asset group","",""
"","708","renders a button and a menu","CreateMenu","Wed Jul 22 18:45:19 UTC 2026","passed","Wed Jul 22 18:45:19 UTC 2026","","oidc_support feature flag enabled","",""
"Test cases for TestResources_UpdateAssetGroupSelectors_SuccessT0","0","TestResources_UpdateAssetGroupSelectors_SuccessT0","","Wed Jul 22 18:42:05 UTC 2026","passed","Wed Jul 22 18:42:05 UTC 2026","","Go Test","github.com/specterops/bloodhound/cmd/api/src/api/v2/TestResources_UpdateAssetGroupSelectors_SuccessT0","TestResources_UpdateAssetGroupSelectors_SuccessT0"
"Test cases for TestResources_StartIngestJob","72","TestResources_StartIngestJob","","Wed Jul 22 18:42:05 UTC 2026","passed","Wed Jul 22 18:42:05 UTC 2026","","Go Test","github.com/specterops/bloodhound/cmd/api/src/api/v2/TestResources_StartIngestJob","TestResources_StartIngestJob"
"","15","should be aligned to right of screen","GenericErrorBoundaryFallback","Wed Jul 22 18:48:47 UTC 2026","passed","Wed Jul 22 18:48:47 UTC 2026","","","",""
"","12","returns true if arrays are referentially equal","areArraysSimilar","Wed Jul 22 18:48:12 UTC 2026","passed","Wed Jul 22 18:48:12 UTC 2026","","","",""
"","1","removes the key when undefined is passed to the setter","useLocalStorage","Wed Jul 22 18:45:39 UTC 2026","passed","Wed Jul 22 18:45:39 UTC 2026","","setValue","",""
"","18","sets autoDisplayTable to false if query returns nodes only but the enabled prop is false","useExploreTableAutoDisplay","Wed Jul 22 18:47:19 UTC 2026","passed","Wed Jul 22 18:47:19 UTC 2026","","","",""
"Test cases for TestIngestControl_FetchRetainedIngestFiles","19","TestIngestControl_FetchRetainedIngestFiles","","Wed Jul 22 18:41:57 UTC 2026","passed","Wed Jul 22 18:41:57 UTC 2026","","Go Test","github.com/specterops/bloodhound/cmd/api/src/api/tools/TestIngestControl_FetchRetainedIngestFiles","TestIngestControl_FetchRetainedIngestFiles"
"","170","The edge properties are fetched through the relationship endpoint which includes lastseen","EdgeObjectInformation","Wed Jul 22 18:48:06 UTC 2026","passed","Wed Jul 22 18:48:07 UTC 2026","","","",""
"","63","calls onSort when clicked with a tooltip","ColumnHeaders","Wed Jul 22 18:46:10 UTC 2026","passed","Wed Jul 22 18:46:10 UTC 2026","","SortableHeader with Tooltip","",""
"","571","clears the applied filter","FileIngestFilterDialog","Wed Jul 22 18:44:50 UTC 2026","passed","Wed Jul 22 18:44:51 UTC 2026","","Status Select","",""
"","1471","renders correct search elements after keypresses","GraphView","Wed Jul 22 18:49:11 UTC 2026","passed","Wed Jul 22 18:49:12 UTC 2026","","","",""
"Test cases for TestDatabase_NullUUID","0","TestDatabase_NullUUID","","Wed Jul 22 18:42:08 UTC 2026","passed","Wed Jul 22 18:42:08 UTC 2026","","Go Test","github.com/specterops/bloodhound/cmd/api/src/database/TestDatabase_NullUUID","TestDatabase_NullUUID"
"","8","should render when search string is not found in the text","HighlightedText","Wed Jul 22 18:47:47 UTC 2026","passed","Wed Jul 22 18:47:47 UTC 2026","","","",""
"","872","should call onSave when Save button is clicked and form input is valid","UpdateUserDialog","Wed Jul 22 18:44:20 UTC 2026","passed","Wed Jul 22 18:44:21 UTC 2026","","","",""
"","0","returns paramValue as EnvironmentAggregation for unknown values (custom types)","useEnvironmentParams","Wed Jul 22 18:48:39 UTC 2026","passed","Wed Jul 22 18:48:39 UTC 2026","","parseEnvironmentAggregation","",""
"Test cases for TestResources_ListADGroupSessions","0","TestResources_ListADGroupSessions","","Wed Jul 22 18:42:05 UTC 2026","passed","Wed Jul 22 18:42:05 UTC 2026","","Go Test","github.com/specterops/bloodhound/cmd/api/src/api/v2/TestResources_ListADGroupSessions","TestResources_ListADGroupSessions"
"","163","should render a nav element with logo, two lists, a version number and a powered by","MainNav","Wed Jul 22 18:45:37 UTC 2026","passed","Wed Jul 22 18:45:37 UTC 2026","","","",""
"TestOpenGraphSchemaService_UpsertGraphSchemaExtension -","2","TestOpenGraphSchemaService_UpsertGraphSchemaExtension","","Wed Jul 22 18:42:17 UTC 2026","passed","Wed Jul 22 18:42:17 UTC 2026","","Go Test","github.com/specterops/bloodhound/cmd/api/src/services/opengraphschema/TestOpenGraphSchemaService_UpsertGraphSchemaExtension","TestOpenGraphSchemaService_UpsertGraphSchemaExtension"
"Test cases for TestClearLocalIngestScratch","24","TestClearLocalIngestScratch","","Wed Jul 22 18:42:06 UTC 2026","passed","Wed Jul 22 18:42:06 UTC 2026","","Go Test","github.com/specterops/bloodhound/cmd/api/src/daemons/datapipe/TestClearLocalIngestScratch","TestClearLocalIngestScratch"
"","1439","reverts to the default graph view when the user de-selects the currently selected table layout","GraphView","Wed Jul 22 18:49:15 UTC 2026","passed","Wed Jul 22 18:49:16 UTC 2026","","Layout selection and de-selection","",""
"Test cases for TestGetVersion","0","TestGetVersion","","Wed Jul 22 18:42:05 UTC 2026","passed","Wed Jul 22 18:42:05 UTC 2026","","Go Test","github.com/specterops/bloodhound/cmd/api/src/api/v2/TestGetVersion","TestGetVersion"
"Test cases for TestTracker_HasEdge_NilVsEmptyProperties","0","TestTracker_HasEdge_NilVsEmptyProperties","","Wed Jul 22 18:42:22 UTC 2026","passed","Wed Jul 22 18:42:22 UTC 2026","","Go Test","github.com/specterops/bloodhound/packages/go/analysis/post/TestTracker_HasEdge_NilVsEmptyProperties","TestTracker_HasEdge_NilVsEmptyProperties"
"","268","clicking a delete button calls deleteHandler","PrebuiltSearchList","Wed Jul 22 18:46:15 UTC 2026","passed","Wed Jul 22 18:46:15 UTC 2026","","","",""
"Test cases for TestFileServiceResolver_CopiesServices","0","TestFileServiceResolver_CopiesServices","","Wed Jul 22 18:42:17 UTC 2026","passed","Wed Jul 22 18:42:17 UTC 2026","","Go Test","github.com/specterops/bloodhound/cmd/api/src/services/storage/TestFileServiceResolver_CopiesServices","TestFileServiceResolver_CopiesServices"
"Test cases for TestResources_DownloadCollectorByVersion","0","TestResources_DownloadCollectorByVersion","","Wed Jul 22 18:42:05 UTC 2026","passed","Wed Jul 22 18:42:05 UTC 2026","","Go Test","github.com/specterops/bloodhound/cmd/api/src/api/v2/TestResources_DownloadCollectorByVersion","TestResources_DownloadCollectorByVersion"
"","0","returns true if arrays have same content in different order","areArraysSimilar","Wed Jul 22 18:48:12 UTC 2026","passed","Wed Jul 22 18:48:12 UTC 2026","","","",""
"","0","A type and keyword were provided but there were no results available","Getting the text for the disabled item display for a search when there are no results","Wed Jul 22 18:47:30 UTC 2026","passed","Wed Jul 22 18:47:30 UTC 2026","","Empty data states","",""
"","16","when password is expired and not on password reset page, redirects to password reset page","AuthenticatedRoute","Wed Jul 22 18:49:35 UTC 2026","passed","Wed Jul 22 18:49:35 UTC 2026","","","",""
"","10","does not render note content when selected is null","HistoryNotes Component","Wed Jul 22 18:48:18 UTC 2026","passed","Wed Jul 22 18:48:18 UTC 2026","","","",""
"","0","returns empty array when environments is undefined","filterAndSearchEnvironments","Wed Jul 22 18:43:22 UTC 2026","passed","Wed Jul 22 18:43:22 UTC 2026","","with empty environments","",""
"","138","highlights the selectedLayout when isExploreLayoutSelected is true","GraphControls","Wed Jul 22 18:43:30 UTC 2026","passed","Wed Jul 22 18:43:30 UTC 2026","","Selecting a layout","",""
"Test cases for TestManagementResource_DeleteUser_GetUserError","0","TestManagementResource_DeleteUser_GetUserError","","Wed Jul 22 18:42:28 UTC 2026","passed","Wed Jul 22 18:42:28 UTC 2026","","Go Test","github.com/specterops/bloodhound/cmd/api/src/api/v2/auth/TestManagementResource_DeleteUser_GetUserError","TestManagementResource_DeleteUser_GetUserError"
"Test cases for TestManagementResource_PutUserAuthSecret","5401","TestManagementResource_PutUserAuthSecret","","Wed Jul 22 18:42:05 UTC 2026","passed","Wed Jul 22 18:42:11 UTC 2026","","Go Test","github.com/specterops/bloodhound/cmd/api/src/api/v2/auth/TestManagementResource_PutUserAuthSecret","TestManagementResource_PutUserAuthSecret"
"Test cases for Test_runMaybeCachedEntityQuery","1","Test_runMaybeCachedEntityQuery","","Wed Jul 22 18:42:11 UTC 2026","passed","Wed Jul 22 18:42:11 UTC 2026","","Go Test","github.com/specterops/bloodhound/cmd/api/src/queries/Test_runMaybeCachedEntityQuery","Test_runMaybeCachedEntityQuery"
"Test cases for TestMapExistsError","6","TestMapExistsError","","Wed Jul 22 18:42:29 UTC 2026","passed","Wed Jul 22 18:42:29 UTC 2026","","Go Test","github.com/specterops/bloodhound/packages/go/storage/TestMapExistsError","TestMapExistsError"
"Test cases for TestHandlers_CancelAnalysisRequest","0","TestHandlers_CancelAnalysisRequest","","Wed Jul 22 18:42:32 UTC 2026","passed","Wed Jul 22 18:42:32 UTC 2026","","Go Test","github.com/specterops/bloodhound/server/analysis/internal/handlers/TestHandlers_CancelAnalysisRequest","TestHandlers_CancelAnalysisRequest"
"","536","when a search result is clicked it calls `handleNodeSelected`","ExploreSearchCombobox","Wed Jul 22 18:45:18 UTC 2026","passed","Wed Jul 22 18:45:18 UTC 2026","","","",""
"","503","toggles a nested graph data option off","GraphDataCheckboxes","Wed Jul 22 18:44:27 UTC 2026","passed","Wed Jul 22 18:44:27 UTC 2026","","","",""
"","746","should open save dialog on keyboard press alt+S","CypherSearch","Wed Jul 22 18:43:57 UTC 2026","passed","Wed Jul 22 18:43:58 UTC 2026","","","",""
"","348","calls openOIDCProviderDialog when OIDC Provider menu item is clicked","CreateMenu","Wed Jul 22 18:45:20 UTC 2026","passed","Wed Jul 22 18:45:20 UTC 2026","","oidc_support feature flag enabled","",""
"","54","will request feature-flags when the user is fully authenticated","app","Wed Jul 22 18:49:43 UTC 2026","passed","Wed Jul 22 18:49:43 UTC 2026","","<Inner />","",""
"","934","should not call onSubmit when password does not match confirmation password when reset password button clicked","PasswordResetForm","Wed Jul 22 18:46:02 UTC 2026","passed","Wed Jul 22 18:46:02 UTC 2026","","","",""
"","4","does not put assertive messages in the polite region","AnnouncementProvider","Wed Jul 22 18:46:18 UTC 2026","passed","Wed Jul 22 18:46:18 UTC 2026","","","",""
"","897","should call onSave when Save button is clicked and form input is valid","CreateUserDialog","Wed Jul 22 18:44:00 UTC 2026","passed","Wed Jul 22 18:44:00 UTC 2026","","","",""
"","39","should display the checkbox group title","Checkbox group","Wed Jul 22 18:48:19 UTC 2026","passed","Wed Jul 22 18:48:19 UTC 2026","","","",""
"Test cases for TestResources_ListAssetGroupMembers","2","TestResources_ListAssetGroupMembers","","Wed Jul 22 18:42:05 UTC 2026","passed","Wed Jul 22 18:42:05 UTC 2026","","Go Test","github.com/specterops/bloodhound/cmd/api/src/api/v2/TestResources_ListAssetGroupMembers","TestResources_ListAssetGroupMembers"
"","265","calls onChangePinnedColumns to unpin a column when its pin icon is clicked","ManageColumnsComboBox","Wed Jul 22 18:45:12 UTC 2026","passed","Wed Jul 22 18:45:12 UTC 2026","","","",""
"Test cases for TestStorageFileService_ReadFile","29","TestStorageFileService_ReadFile","","Wed Jul 22 18:42:29 UTC 2026","passed","Wed Jul 22 18:42:29 UTC 2026","","Go Test","github.com/specterops/bloodhound/packages/go/storage/TestStorageFileService_ReadFile","TestStorageFileService_ReadFile"
"","64","shows an error notification if there is an error fetching","useFinishedJobs","Wed Jul 22 18:45:50 UTC 2026","passed","Wed Jul 22 18:45:50 UTC 2026","","","",""
"","0","propagates environment_kind_id for OpenGraph types","getOpenGraphEnvironmentInfoMap","Wed Jul 22 18:43:22 UTC 2026","passed","Wed Jul 22 18:43:22 UTC 2026","","","",""
"","685","should display Environmental Targeted Access Control panel when showEnvironmentAccessControls prop is true and read-only role is selected","UpdateUserForm","Wed Jul 22 18:43:12 UTC 2026","passed","Wed Jul 22 18:43:13 UTC 2026","","","",""
"","236","filters unselected columns when typing in the filter input","ManageColumnsComboBox","Wed Jul 22 18:45:11 UTC 2026","passed","Wed Jul 22 18:45:12 UTC 2026","","","",""
"","43","should display hidden node label for hidden node","EntityInfoHeader","Wed Jul 22 18:46:48 UTC 2026","passed","Wed Jul 22 18:46:48 UTC 2026","","","",""
"Test cases for TestStore_GetRelationship","0","TestStore_GetRelationship","","Wed Jul 22 18:42:39 UTC 2026","passed","Wed Jul 22 18:42:39 UTC 2026","","Go Test","github.com/specterops/bloodhound/server/graphdb/internal/appdb/TestStore_GetRelationship","TestStore_GetRelationship"
"","316","filling in the name value allows updating the selector and navigates back to the details page","Tag Form","Wed Jul 22 18:43:03 UTC 2026","passed","Wed Jul 22 18:43:03 UTC 2026","","","",""
"Test cases for TestResources_ListADCSEscalations","1","TestResources_ListADCSEscalations","","Wed Jul 22 18:42:05 UTC 2026","passed","Wed Jul 22 18:42:05 UTC 2026","","Go Test","github.com/specterops/bloodhound/cmd/api/src/api/v2/TestResources_ListADCSEscalations","TestResources_ListADCSEscalations"
"","130","applies correct dynamic height based on filtered data","ActiveExtensionsCard","Wed Jul 22 18:43:30 UTC 2026","passed","Wed Jul 22 18:43:30 UTC 2026","","","",""
"Test cases for TestResources_GetEdgeComposition","74","TestResources_GetEdgeComposition","","Wed Jul 22 18:42:05 UTC 2026","passed","Wed Jul 22 18:42:05 UTC 2026","","Go Test","github.com/specterops/bloodhound/cmd/api/src/api/v2/TestResources_GetEdgeComposition","TestResources_GetEdgeComposition"
"Test cases for TestParseUserIP_XForwardedFor_RemoteAddr","0","TestParseUserIP_XForwardedFor_RemoteAddr","","Wed Jul 22 18:41:56 UTC 2026","passed","Wed Jul 22 18:41:56 UTC 2026","","Go Test","github.com/specterops/bloodhound/cmd/api/src/api/middleware/TestParseUserIP_XForwardedFor_RemoteAddr","TestParseUserIP_XForwardedFor_RemoteAddr"
"","10","shows items when the flag is enabled","useSubNavRoutes","Wed Jul 22 18:45:58 UTC 2026","passed","Wed Jul 22 18:45:58 UTC 2026","","featureFlag gate","",""
"","439","calls delete mutation when confirm button is clicked with correct input","ActiveExtensionsCard","Wed Jul 22 18:43:33 UTC 2026","passed","Wed Jul 22 18:43:33 UTC 2026","","","",""
"","0","should ignore case when filtering","compareTerm","Wed Jul 22 18:47:31 UTC 2026","passed","Wed Jul 22 18:47:31 UTC 2026","","","",""
"","2","returns true when WebGL is available in the current browser context","WebGL compatibility check","Wed Jul 22 18:48:49 UTC 2026","passed","Wed Jul 22 18:48:49 UTC 2026","","","",""
"Test cases for TestResources_ListADUserSQLAdminRights","0","TestResources_ListADUserSQLAdminRights","","Wed Jul 22 18:42:05 UTC 2026","passed","Wed Jul 22 18:42:05 UTC 2026","","Go Test","github.com/specterops/bloodhound/cmd/api/src/api/v2/TestResources_ListADUserSQLAdminRights","TestResources_ListADUserSQLAdminRights"
"Test cases for TestRewriter_Enter_CombinedAzureAndADShortcut_ConcatenatesKinds","0","TestRewriter_Enter_CombinedAzureAndADShortcut_ConcatenatesKinds","","Wed Jul 22 18:42:11 UTC 2026","passed","Wed Jul 22 18:42:11 UTC 2026","","Go Test","github.com/specterops/bloodhound/cmd/api/src/queries/TestRewriter_Enter_CombinedAzureAndADShortcut_ConcatenatesKinds","TestRewriter_Enter_CombinedAzureAndADShortcut_ConcatenatesKinds"
"Test cases for TestManagementResource_UpdateUser_GetUserError","1102","TestManagementResource_UpdateUser_GetUserError","","Wed Jul 22 18:42:20 UTC 2026","passed","Wed Jul 22 18:42:21 UTC 2026","","Go Test","github.com/specterops/bloodhound/cmd/api/src/api/v2/auth/TestManagementResource_UpdateUser_GetUserError","TestManagementResource_UpdateUser_GetUserError"
"","193","should display error message when error prop is provided","UpdateUserDialog","Wed Jul 22 18:44:23 UTC 2026","passed","Wed Jul 22 18:44:23 UTC 2026","","","",""
"","0","matches all AZ edges","Make sure pathfinding filterable edges match schemagen","Wed Jul 22 18:48:39 UTC 2026","passed","Wed Jul 22 18:48:39 UTC 2026","","","",""
"","0","returns undefined relationship stats when only node stats are present","getLatestMetricStats","Wed Jul 22 18:44:45 UTC 2026","passed","Wed Jul 22 18:44:45 UTC 2026","","","",""
"","0","The user has yet to type into the search","Getting the text for the disabled item display for a search when there are no results","Wed Jul 22 18:47:30 UTC 2026","passed","Wed Jul 22 18:47:30 UTC 2026","","Empty data states","",""
"","523","handles a selection as expected","DropdownSelector","Wed Jul 22 18:47:14 UTC 2026","passed","Wed Jul 22 18:47:14 UTC 2026","","","",""
"","330","Displays a notification when analysis has been requested successfully","AnalyzeNowConfiguration","Wed Jul 22 18:45:39 UTC 2026","passed","Wed Jul 22 18:45:39 UTC 2026","","","",""
"","0","returns paramValue as EnvironmentAggregation if paramValue is all","useEnvironmentParams","Wed Jul 22 18:48:39 UTC 2026","passed","Wed Jul 22 18:48:39 UTC 2026","","parseEnvironmentAggregation","",""
"","323","renders an error message without throwing a TypeError","EntityInfoCollapsibleSection","Wed Jul 22 18:48:02 UTC 2026","passed","Wed Jul 22 18:48:02 UTC 2026","","","",""
"","238","renders the form for editing an existing zone","Tag Form","Wed Jul 22 18:43:02 UTC 2026","passed","Wed Jul 22 18:43:02 UTC 2026","","","",""
"","61","enables correctly returning the tag associated with Tier Zero (position value of 1) from the list of tags","the useAssetGroupTags utilities","Wed Jul 22 18:45:04 UTC 2026","passed","Wed Jul 22 18:45:04 UTC 2026","","","",""
"","1","should recognize a common properties","validating a node property against the shared generated schema","Wed Jul 22 18:45:06 UTC 2026","passed","Wed Jul 22 18:45:06 UTC 2026","","","",""
"Test cases for TestResources_GetAssetGroupTagHistory","0","TestResources_GetAssetGroupTagHistory","","Wed Jul 22 18:42:05 UTC 2026","passed","Wed Jul 22 18:42:05 UTC 2026","","Go Test","github.com/specterops/bloodhound/cmd/api/src/api/v2/TestResources_GetAssetGroupTagHistory","TestResources_GetAssetGroupTagHistory"
"Test cases for TestIngestJobs_ValidFilters","0","TestIngestJobs_ValidFilters","","Wed Jul 22 18:42:09 UTC 2026","passed","Wed Jul 22 18:42:09 UTC 2026","","Go Test","github.com/specterops/bloodhound/cmd/api/src/model/TestIngestJobs_ValidFilters","TestIngestJobs_ValidFilters"
"","244","should display ""Disable Multi-Factor Authentication?"" title","Enable2FADialog","Wed Jul 22 18:47:11 UTC 2026","passed","Wed Jul 22 18:47:11 UTC 2026","","","",""
"","292","sets the calendar date to match the valid","ManagedDatePicker - value","Wed Jul 22 18:46:10 UTC 2026","passed","Wed Jul 22 18:46:10 UTC 2026","","","",""
"Test cases for TestParseVersion","0","TestParseVersion","","Wed Jul 22 18:42:20 UTC 2026","passed","Wed Jul 22 18:42:20 UTC 2026","","Go Test","github.com/specterops/bloodhound/cmd/api/src/version/TestParseVersion","TestParseVersion"
"","917","renders the node in the entity panel when member is clicked","GroupManagement","Wed Jul 22 18:49:34 UTC 2026","passed","Wed Jul 22 18:49:35 UTC 2026","","","",""
"Test cases for TestContextMiddlewareBypassDisabled","0","TestContextMiddlewareBypassDisabled","","Wed Jul 22 18:41:56 UTC 2026","passed","Wed Jul 22 18:41:56 UTC 2026","","Go Test","github.com/specterops/bloodhound/cmd/api/src/api/middleware/TestContextMiddlewareBypassDisabled","TestContextMiddlewareBypassDisabled"
"","132","lists sso providers for a user with manage or read provider permissions","SSOConfiguration","Wed Jul 22 18:44:35 UTC 2026","passed","Wed Jul 22 18:44:35 UTC 2026","","","",""
"Test cases for TestOrphanFileSweeper_Clear","2","TestOrphanFileSweeper_Clear","","Wed Jul 22 18:42:06 UTC 2026","passed","Wed Jul 22 18:42:06 UTC 2026","","Go Test","github.com/specterops/bloodhound/cmd/api/src/daemons/datapipe/TestOrphanFileSweeper_Clear","TestOrphanFileSweeper_Clear"
"","76","renders citrix config controls","BloodHoundConfiguration","Wed Jul 22 18:49:57 UTC 2026","passed","Wed Jul 22 18:49:57 UTC 2026","","","",""
"Test cases for TestManagementResource_GetSelf","1","TestManagementResource_GetSelf","","Wed Jul 22 18:42:26 UTC 2026","passed","Wed Jul 22 18:42:26 UTC 2026","","Go Test","github.com/specterops/bloodhound/cmd/api/src/api/v2/auth/TestManagementResource_GetSelf","TestManagementResource_GetSelf"
"Test cases for TestWriteResponseWrapperWithPagination","1","TestWriteResponseWrapperWithPagination","","Wed Jul 22 18:41:54 UTC 2026","passed","Wed Jul 22 18:41:54 UTC 2026","","Go Test","github.com/specterops/bloodhound/cmd/api/src/api/TestWriteResponseWrapperWithPagination","TestWriteResponseWrapperWithPagination"
"Test cases for TestResources_ListADEntityLinkedGPOs","0","TestResources_ListADEntityLinkedGPOs","","Wed Jul 22 18:42:05 UTC 2026","passed","Wed Jul 22 18:42:05 UTC 2026","","Go Test","github.com/specterops/bloodhound/cmd/api/src/api/v2/TestResources_ListADEntityLinkedGPOs","TestResources_ListADEntityLinkedGPOs"
"Test cases for TestLocalStore_Move","34","TestLocalStore_Move","","Wed Jul 22 18:42:29 UTC 2026","passed","Wed Jul 22 18:42:29 UTC 2026","","Go Test","github.com/specterops/bloodhound/packages/go/storage/TestLocalStore_Move","TestLocalStore_Move"
"Test cases for TestService_CancelAnalysisRequest","0","TestService_CancelAnalysisRequest","","Wed Jul 22 18:42:34 UTC 2026","passed","Wed Jul 22 18:42:34 UTC 2026","","Go Test","github.com/specterops/bloodhound/server/analysis/internal/services/TestService_CancelAnalysisRequest","TestService_CancelAnalysisRequest"
"","285","should render a single section with a single navigation item","SubNav","Wed Jul 22 18:47:16 UTC 2026","passed","Wed Jul 22 18:47:16 UTC 2026","","","",""
"Test cases for TestTimeFromPtr","0","TestTimeFromPtr","","Wed Jul 22 18:42:08 UTC 2026","passed","Wed Jul 22 18:42:08 UTC 2026","","Go Test","github.com/specterops/bloodhound/cmd/api/src/database/types/null/TestTimeFromPtr","TestTimeFromPtr"
"","4","announces a message with assertive priority","AnnouncementProvider","Wed Jul 22 18:46:18 UTC 2026","passed","Wed Jul 22 18:46:18 UTC 2026","","","",""
"","102","displays Force Password Reset checkbox when showNeedsPasswordReset is true","PasswordDialog","Wed Jul 22 18:43:49 UTC 2026","passed","Wed Jul 22 18:43:49 UTC 2026","","","",""
"Test cases for TestRegister","0","TestRegister","","Wed Jul 22 18:42:39 UTC 2026","passed","Wed Jul 22 18:42:39 UTC 2026","","Go Test","github.com/specterops/bloodhound/server/featureflags/internal/routes/TestRegister","TestRegister"
"","11","uses the discardQueryParams prop to discard all query params on the redirect","AppNavigate","Wed Jul 22 18:47:15 UTC 2026","passed","Wed Jul 22 18:47:15 UTC 2026","","","",""
"Test cases for Test_parseRelationshipKindsParam","2","Test_parseRelationshipKindsParam","","Wed Jul 22 18:42:05 UTC 2026","passed","Wed Jul 22 18:42:05 UTC 2026","","Go Test","github.com/specterops/bloodhound/cmd/api/src/api/v2/Test_parseRelationshipKindsParam","Test_parseRelationshipKindsParam"
"","270","should render a TagToZoneLabelDialog component","TagToZoneLabelDialog","Wed Jul 22 18:46:20 UTC 2026","passed","Wed Jul 22 18:46:20 UTC 2026","","","",""
"","58","should render a navigation list item","MainNav","Wed Jul 22 18:45:37 UTC 2026","passed","Wed Jul 22 18:45:37 UTC 2026","","","",""
"","201","disables the create user button when the user is auditor role","Users","Wed Jul 22 18:44:47 UTC 2026","passed","Wed Jul 22 18:44:48 UTC 2026","","","",""
"Test cases for TestSIDSuffix_PrependPrefix","0","TestSIDSuffix_PrependPrefix","","Wed Jul 22 18:42:22 UTC 2026","passed","Wed Jul 22 18:42:22 UTC 2026","","Go Test","github.com/specterops/bloodhound/packages/go/analysis/ad/wellknown/TestSIDSuffix_PrependPrefix","TestSIDSuffix_PrependPrefix"
"Test cases for TestGenericMap","0","TestGenericMap","","Wed Jul 22 18:42:19 UTC 2026","passed","Wed Jul 22 18:42:19 UTC 2026","","Go Test","github.com/specterops/bloodhound/cmd/api/src/utils/TestGenericMap","TestGenericMap"
"Test cases for TestManagementResource_SAMLLoginRedirect","5","TestManagementResource_SAMLLoginRedirect","","Wed Jul 22 18:42:47 UTC 2026","passed","Wed Jul 22 18:42:47 UTC 2026","","Go Test","github.com/specterops/bloodhound/cmd/api/src/api/v2/auth/TestManagementResource_SAMLLoginRedirect","TestManagementResource_SAMLLoginRedirect"
"","8","displays a pulsing indicator","StatusIndicator","Wed Jul 22 18:48:32 UTC 2026","passed","Wed Jul 22 18:48:32 UTC 2026","","","",""
"","17","fully replaces state","useObjectState","Wed Jul 22 18:47:47 UTC 2026","passed","Wed Jul 22 18:47:47 UTC 2026","","","",""
"","0","handles specific Active Directory properties differently than Azure derived properties","Formatting number properties","Wed Jul 22 18:45:06 UTC 2026","passed","Wed Jul 22 18:45:06 UTC 2026","","","",""
"Test cases for TestResources_DeleteSavedQuery","0","TestResources_DeleteSavedQuery","","Wed Jul 22 18:42:05 UTC 2026","passed","Wed Jul 22 18:42:05 UTC 2026","","Go Test","github.com/specterops/bloodhound/cmd/api/src/api/v2/TestResources_DeleteSavedQuery","TestResources_DeleteSavedQuery"
"","1","fails for password without lowercase letters","testPassword","Wed Jul 22 18:48:38 UTC 2026","passed","Wed Jul 22 18:48:38 UTC 2026","","","",""
"","48","stores the state of a search term without modifying the query params","useCypherSearch","Wed Jul 22 18:48:09 UTC 2026","passed","Wed Jul 22 18:48:09 UTC 2026","","","",""
"Test cases for TestResources_SearchAssetGroupTagHistory","108","TestResources_SearchAssetGroupTagHistory","","Wed Jul 22 18:42:05 UTC 2026","passed","Wed Jul 22 18:42:05 UTC 2026","","Go Test","github.com/specterops/bloodhound/cmd/api/src/api/v2/TestResources_SearchAssetGroupTagHistory","TestResources_SearchAssetGroupTagHistory"
"","1","does not overwrite an existing localStorage value with initialValue","useLocalStorage","Wed Jul 22 18:45:39 UTC 2026","passed","Wed Jul 22 18:45:39 UTC 2026","","initial value","",""
"Test cases for TestResources_GetDatabaseCompleteness","72","TestResources_GetDatabaseCompleteness","","Wed Jul 22 18:42:05 UTC 2026","passed","Wed Jul 22 18:42:05 UTC 2026","","Go Test","github.com/specterops/bloodhound/cmd/api/src/api/v2/TestResources_GetDatabaseCompleteness","TestResources_GetDatabaseCompleteness"
"","307","should disable Cancel and Save buttons while isLoading is true","UpdateUserDialog","Wed Jul 22 18:44:23 UTC 2026","passed","Wed Jul 22 18:44:23 UTC 2026","","","",""
"","98","renders correctly","NodeIcon","Wed Jul 22 18:47:52 UTC 2026","passed","Wed Jul 22 18:47:53 UTC 2026","","","",""
"","273","renders headers","CommonSearches","Wed Jul 22 18:45:12 UTC 2026","passed","Wed Jul 22 18:45:12 UTC 2026","","","",""
"Test cases for TestOrphanFileSweeper_AddExpectedStoragePath","24","TestOrphanFileSweeper_AddExpectedStoragePath","","Wed Jul 22 18:42:06 UTC 2026","passed","Wed Jul 22 18:42:06 UTC 2026","","Go Test","github.com/specterops/bloodhound/cmd/api/src/daemons/datapipe/TestOrphanFileSweeper_AddExpectedStoragePath","TestOrphanFileSweeper_AddExpectedStoragePath"
"","0","handles an empty string","escapeCypherString","Wed Jul 22 18:48:33 UTC 2026","passed","Wed Jul 22 18:48:33 UTC 2026","","","",""
"Test cases for TestManagementResource_ListAuthProviders","0","TestManagementResource_ListAuthProviders","","Wed Jul 22 18:42:47 UTC 2026","passed","Wed Jul 22 18:42:47 UTC 2026","","Go Test","github.com/specterops/bloodhound/cmd/api/src/api/v2/auth/TestManagementResource_ListAuthProviders","TestManagementResource_ListAuthProviders"
"Test cases for TestResources_ListADEntityControllables","0","TestResources_ListADEntityControllables","","Wed Jul 22 18:42:05 UTC 2026","passed","Wed Jul 22 18:42:05 UTC 2026","","Go Test","github.com/specterops/bloodhound/cmd/api/src/api/v2/TestResources_ListADEntityControllables","TestResources_ListADEntityControllables"
"Test cases for TestDisenrollMFA_Admin_SuccessNoPasswordSSO","1032","TestDisenrollMFA_Admin_SuccessNoPasswordSSO","","Wed Jul 22 18:42:41 UTC 2026","passed","Wed Jul 22 18:42:43 UTC 2026","","Go Test","github.com/specterops/bloodhound/cmd/api/src/api/v2/auth/TestDisenrollMFA_Admin_SuccessNoPasswordSSO","TestDisenrollMFA_Admin_SuccessNoPasswordSSO"
"","25","sets the document title using the app name from AppNameProvider","PageWithTitle","Wed Jul 22 18:48:37 UTC 2026","passed","Wed Jul 22 18:48:37 UTC 2026","","","",""
"Test cases for TestDatabaseWipe","1","TestDatabaseWipe","","Wed Jul 22 18:42:05 UTC 2026","passed","Wed Jul 22 18:42:05 UTC 2026","","Go Test","github.com/specterops/bloodhound/cmd/api/src/api/v2/TestDatabaseWipe","TestDatabaseWipe"
"Test cases for TestManagementResource_ListRoles_DBError","1","TestManagementResource_ListRoles_DBError","","Wed Jul 22 18:42:11 UTC 2026","passed","Wed Jul 22 18:42:11 UTC 2026","","Go Test","github.com/specterops/bloodhound/cmd/api/src/api/v2/auth/TestManagementResource_ListRoles_DBError","TestManagementResource_ListRoles_DBError"
"","380","toggles sort order when clicking sortable header","ObjectsAccordion","Wed Jul 22 18:47:35 UTC 2026","passed","Wed Jul 22 18:47:35 UTC 2026","","","",""
"","37","does not set input text if no value is given","ManagedDatePicker - value","Wed Jul 22 18:46:10 UTC 2026","passed","Wed Jul 22 18:46:10 UTC 2026","","","",""
"Test cases for TestGenerateQRCodeBase64","10","TestGenerateQRCodeBase64","","Wed Jul 22 18:42:05 UTC 2026","passed","Wed Jul 22 18:42:05 UTC 2026","","Go Test","github.com/specterops/bloodhound/cmd/api/src/auth/TestGenerateQRCodeBase64","TestGenerateQRCodeBase64"
"Test cases for TestManagementResource_CreateAuthToken","12784","TestManagementResource_CreateAuthToken","","Wed Jul 22 18:42:34 UTC 2026","passed","Wed Jul 22 18:42:47 UTC 2026","","Go Test","github.com/specterops/bloodhound/cmd/api/src/api/v2/auth/TestManagementResource_CreateAuthToken","TestManagementResource_CreateAuthToken"
"","1","filters by low risk level","filterAndSearchEnvironments","Wed Jul 22 18:43:22 UTC 2026","passed","Wed Jul 22 18:43:22 UTC 2026","","risk filters","",""
"Test cases for TestResources_UpdateAssetGroupSelectors_SuccessOwned","0","TestResources_UpdateAssetGroupSelectors_SuccessOwned","","Wed Jul 22 18:42:05 UTC 2026","passed","Wed Jul 22 18:42:05 UTC 2026","","Go Test","github.com/specterops/bloodhound/cmd/api/src/api/v2/TestResources_UpdateAssetGroupSelectors_SuccessOwned","TestResources_UpdateAssetGroupSelectors_SuccessOwned"
"","275","should render with the correct content","ConfirmUpdateQueryDialog","Wed Jul 22 18:48:11 UTC 2026","passed","Wed Jul 22 18:48:11 UTC 2026","","","",""
"Test cases for TestTenantRoles","0","TestTenantRoles","","Wed Jul 22 18:42:22 UTC 2026","passed","Wed Jul 22 18:42:22 UTC 2026","","Go Test","github.com/specterops/bloodhound/packages/go/analysis/azure/TestTenantRoles","TestTenantRoles"
"","61","passes the check for at least one permission if the user is missing one of many required permissions","usePermissions","Wed Jul 22 18:45:27 UTC 2026","passed","Wed Jul 22 18:45:27 UTC 2026","","","",""
"","342","disables the create provider button for a user with the auditor role","SSOConfiguration","Wed Jul 22 18:44:34 UTC 2026","passed","Wed Jul 22 18:44:34 UTC 2026","","","",""
"Test cases for TestResources_UpdateCustomNodeKindsTest","96","TestResources_UpdateCustomNodeKindsTest","","Wed Jul 22 18:42:05 UTC 2026","passed","Wed Jul 22 18:42:05 UTC 2026","","Go Test","github.com/specterops/bloodhound/cmd/api/src/api/v2/TestResources_UpdateCustomNodeKindsTest","TestResources_UpdateCustomNodeKindsTest"
"Test cases for TestResources_DeleteSavedQuery_IDMalformed","0","TestResources_DeleteSavedQuery_IDMalformed","","Wed Jul 22 18:42:05 UTC 2026","passed","Wed Jul 22 18:42:05 UTC 2026","","Go Test","github.com/specterops/bloodhound/cmd/api/src/api/v2/TestResources_DeleteSavedQuery_IDMalformed","TestResources_DeleteSavedQuery_IDMalformed"
"Test cases for TestLocalStore_Exists","45","TestLocalStore_Exists","","Wed Jul 22 18:42:29 UTC 2026","passed","Wed Jul 22 18:42:29 UTC 2026","","Go Test","github.com/specterops/bloodhound/packages/go/storage/TestLocalStore_Exists","TestLocalStore_Exists"
"Test cases for TestFloatValueOrZero","0","TestFloatValueOrZero","","Wed Jul 22 18:42:08 UTC 2026","passed","Wed Jul 22 18:42:08 UTC 2026","","Go Test","github.com/specterops/bloodhound/cmd/api/src/database/types/null/TestFloatValueOrZero","TestFloatValueOrZero"
"","905","clears input when dialog is closed and reopened","ActiveExtensionsCard","Wed Jul 22 18:43:32 UTC 2026","passed","Wed Jul 22 18:43:33 UTC 2026","","","",""
"","9","toggles a descending sort to ascending when sorting the same column","useSortParams","Wed Jul 22 18:46:52 UTC 2026","passed","Wed Jul 22 18:46:52 UTC 2026","","","",""
"","0","leaves double quotes untouched","escapeCypherString","Wed Jul 22 18:48:33 UTC 2026","passed","Wed Jul 22 18:48:33 UTC 2026","","","",""
"Test cases for TestStore_GetNodeKindsByNames","1","TestStore_GetNodeKindsByNames","","Wed Jul 22 18:42:39 UTC 2026","passed","Wed Jul 22 18:42:39 UTC 2026","","Go Test","github.com/specterops/bloodhound/server/graphdb/internal/appdb/TestStore_GetNodeKindsByNames","TestStore_GetNodeKindsByNames"
"","21","makes no count request when neither a Tag or Rule is selected (tagId and ruleId are undefined from path params","useObjectCounts","Wed Jul 22 18:48:06 UTC 2026","passed","Wed Jul 22 18:48:06 UTC 2026","","","",""
"Test cases for TestTimeScanValue","0","TestTimeScanValue","","Wed Jul 22 18:42:08 UTC 2026","passed","Wed Jul 22 18:42:08 UTC 2026","","Go Test","github.com/specterops/bloodhound/cmd/api/src/database/types/null/TestTimeScanValue","TestTimeScanValue"
"Test cases for TestSet","1","TestSet","","Wed Jul 22 18:42:25 UTC 2026","passed","Wed Jul 22 18:42:25 UTC 2026","","Go Test","github.com/specterops/bloodhound/packages/go/lab/internal/TestSet","TestSet"
"","1","does not change the day, month, or year value of the DateTime object","floorToNearestMinute","Wed Jul 22 18:47:48 UTC 2026","passed","Wed Jul 22 18:47:48 UTC 2026","","","",""
"Test cases for TestResources_ListADDomainOutboundTrusts","0","TestResources_ListADDomainOutboundTrusts","","Wed Jul 22 18:42:05 UTC 2026","passed","Wed Jul 22 18:42:05 UTC 2026","","Go Test","github.com/specterops/bloodhound/cmd/api/src/api/v2/TestResources_ListADDomainOutboundTrusts","TestResources_ListADDomainOutboundTrusts"
"","533","navigates to object details when clicking an object row","ObjectsAccordion","Wed Jul 22 18:47:35 UTC 2026","passed","Wed Jul 22 18:47:36 UTC 2026","","","",""
"","0","returns Object ID message when ruleType is SeedTypeObjectId and seeds are required","getErrorMessage","Wed Jul 22 18:44:40 UTC 2026","passed","Wed Jul 22 18:44:40 UTC 2026","","","",""
"","164","Disable Analyze Now and change to Analyzing if datapipe status is different from ""idle""","AnalyzeNowConfiguration","Wed Jul 22 18:45:38 UTC 2026","passed","Wed Jul 22 18:45:38 UTC 2026","","","",""
"","1933","does not show the ""Disable MFA"" context menu option for users without MFA enabled","Users","Wed Jul 22 18:44:51 UTC 2026","passed","Wed Jul 22 18:44:53 UTC 2026","","","",""
"Test cases for TestTextUnmarshalInt","0","TestTextUnmarshalInt","","Wed Jul 22 18:42:08 UTC 2026","passed","Wed Jul 22 18:42:08 UTC 2026","","Go Test","github.com/specterops/bloodhound/cmd/api/src/database/types/null/TestTextUnmarshalInt","TestTextUnmarshalInt"
"","1","should include a tag with only the matching operations when the path matches","opsFilter","Wed Jul 22 18:47:31 UTC 2026","passed","Wed Jul 22 18:47:31 UTC 2026","","","",""
"Test cases for TestResources_GetPermissionsForSavedQuery","38","TestResources_GetPermissionsForSavedQuery","","Wed Jul 22 18:42:05 UTC 2026","passed","Wed Jul 22 18:42:05 UTC 2026","","Go Test","github.com/specterops/bloodhound/cmd/api/src/api/v2/TestResources_GetPermissionsForSavedQuery","TestResources_GetPermissionsForSavedQuery"
"Test cases for TestFloatInfNaN","0","TestFloatInfNaN","","Wed Jul 22 18:42:08 UTC 2026","passed","Wed Jul 22 18:42:08 UTC 2026","","Go Test","github.com/specterops/bloodhound/cmd/api/src/database/types/null/TestFloatInfNaN","TestFloatInfNaN"
"Test cases for TestManagementResource_ListSAMLSignOnEndpoints","6","TestManagementResource_ListSAMLSignOnEndpoints","","Wed Jul 22 18:42:47 UTC 2026","passed","Wed Jul 22 18:42:47 UTC 2026","","Go Test","github.com/specterops/bloodhound/cmd/api/src/api/v2/auth/TestManagementResource_ListSAMLSignOnEndpoints","TestManagementResource_ListSAMLSignOnEndpoints"
"Test cases for TestResources_CreateSavedQuery_InvalidBody","0","TestResources_CreateSavedQuery_InvalidBody","","Wed Jul 22 18:42:05 UTC 2026","passed","Wed Jul 22 18:42:05 UTC 2026","","Go Test","github.com/specterops/bloodhound/cmd/api/src/api/v2/TestResources_CreateSavedQuery_InvalidBody","TestResources_CreateSavedQuery_InvalidBody"
"","96","returns Tag Object counts when there is a Tag selected but no Rule selected (ruleId is undefined from path params)","useObjectCounts","Wed Jul 22 18:48:06 UTC 2026","passed","Wed Jul 22 18:48:06 UTC 2026","","","",""
"","0","prefixes each edge_kind with a colon for relationshipTypes","graphSchema","Wed Jul 22 18:48:01 UTC 2026","passed","Wed Jul 22 18:48:01 UTC 2026","","","",""
"Test cases for TestValidateTOTPSecret","0","TestValidateTOTPSecret","","Wed Jul 22 18:42:05 UTC 2026","passed","Wed Jul 22 18:42:05 UTC 2026","","Go Test","github.com/specterops/bloodhound/cmd/api/src/auth/TestValidateTOTPSecret","TestValidateTOTPSecret"
"","430","should call ""onSave"" one time","Enable2FADialog","Wed Jul 22 18:47:12 UTC 2026","passed","Wed Jul 22 18:47:13 UTC 2026","user clicks ""Disable Multi-Factor Authentication"" button","user enters valid password","",""
"Test cases for TestManagementResource_DeleteUser_DeleteUserError","1398","TestManagementResource_DeleteUser_DeleteUserError","","Wed Jul 22 18:42:28 UTC 2026","passed","Wed Jul 22 18:42:29 UTC 2026","","Go Test","github.com/specterops/bloodhound/cmd/api/src/api/v2/auth/TestManagementResource_DeleteUser_DeleteUserError","TestManagementResource_DeleteUser_DeleteUserError"
"Test cases for TestStringIsZero","0","TestStringIsZero","","Wed Jul 22 18:42:08 UTC 2026","passed","Wed Jul 22 18:42:08 UTC 2026","","Go Test","github.com/specterops/bloodhound/cmd/api/src/database/types/null/TestStringIsZero","TestStringIsZero"
"","1","keeps the latest regardless of input ordering","getLatestMetricStats","Wed Jul 22 18:44:45 UTC 2026","passed","Wed Jul 22 18:44:45 UTC 2026","","","",""
"Test cases for TestResources_ShareSavedQueriesPermissions_NonAdmin","1","TestResources_ShareSavedQueriesPermissions_NonAdmin","","Wed Jul 22 18:42:05 UTC 2026","passed","Wed Jul 22 18:42:05 UTC 2026","","Go Test","github.com/specterops/bloodhound/cmd/api/src/api/v2/TestResources_ShareSavedQueriesPermissions_NonAdmin","TestResources_ShareSavedQueriesPermissions_NonAdmin"
"Test cases for TestDomainSelectors_GetFilterCriteria_InvalidFilterPredicate","0","TestDomainSelectors_GetFilterCriteria_InvalidFilterPredicate","","Wed Jul 22 18:42:09 UTC 2026","passed","Wed Jul 22 18:42:09 UTC 2026","","Go Test","github.com/specterops/bloodhound/cmd/api/src/model/TestDomainSelectors_GetFilterCriteria_InvalidFilterPredicate","TestDomainSelectors_GetFilterCriteria_InvalidFilterPredicate"
"","2","returns all environments when no filters are active","filterAndSearchEnvironments","Wed Jul 22 18:43:22 UTC 2026","passed","Wed Jul 22 18:43:22 UTC 2026","","with no filters applied","",""
"","3225","The password reset dialog is opened when switching a user from SAML based authentication to username/password based authentication","Users","Wed Jul 22 18:44:44 UTC 2026","passed","Wed Jul 22 18:44:47 UTC 2026","","","",""
"","1","handles unix time values by converting them to our standard date display format","Formatting number properties","Wed Jul 22 18:45:06 UTC 2026","passed","Wed Jul 22 18:45:06 UTC 2026","","","",""
"Test cases for TestManagementResource_ListPermissions_InvalidFilterPredicate","0","TestManagementResource_ListPermissions_InvalidFilterPredicate","","Wed Jul 22 18:42:11 UTC 2026","passed","Wed Jul 22 18:42:11 UTC 2026","","Go Test","github.com/specterops/bloodhound/cmd/api/src/api/v2/auth/TestManagementResource_ListPermissions_InvalidFilterPredicate","TestManagementResource_ListPermissions_InvalidFilterPredicate"
"","11","returns all collected environment ids associated to a given aggregation","getEnvironmentAggregationIds","Wed Jul 22 18:43:22 UTC 2026","passed","Wed Jul 22 18:43:22 UTC 2026","","","",""
"Test cases for TestNewDefaultFileServices","0","TestNewDefaultFileServices","","Wed Jul 22 18:42:17 UTC 2026","passed","Wed Jul 22 18:42:17 UTC 2026","","Go Test","github.com/specterops/bloodhound/cmd/api/src/services/storage/TestNewDefaultFileServices","TestNewDefaultFileServices"
"","419","opens nested sections and updates URL params correctly","EntityInfoDataTable","Wed Jul 22 18:44:51 UTC 2026","passed","Wed Jul 22 18:44:51 UTC 2026","","Node count for nested table that counts all sections","",""
"Test cases for TestResources_GetEdgeACLInheritancePath","69","TestResources_GetEdgeACLInheritancePath","","Wed Jul 22 18:42:05 UTC 2026","passed","Wed Jul 22 18:42:05 UTC 2026","","Go Test","github.com/specterops/bloodhound/cmd/api/src/api/v2/TestResources_GetEdgeACLInheritancePath","TestResources_GetEdgeACLInheritancePath"
"","11","when password is not expired no redirect occurs","AuthenticatedRoute","Wed Jul 22 18:49:35 UTC 2026","passed","Wed Jul 22 18:49:35 UTC 2026","","","",""
"","133","calls handleFilterChange with all filter types and empty strings when clicked while filters are active","AssetGroupEdit","Wed Jul 22 18:45:17 UTC 2026","passed","Wed Jul 22 18:45:17 UTC 2026","","Clear Filters button","",""
"","219","opens when keyboard shortcut is pressed","GraphControls","Wed Jul 22 18:43:31 UTC 2026","passed","Wed Jul 22 18:43:31 UTC 2026","","Searching current results","",""
"Test cases for TestResources_UpdateSavedQuery_NoQueryMatch","0","TestResources_UpdateSavedQuery_NoQueryMatch","","Wed Jul 22 18:42:05 UTC 2026","passed","Wed Jul 22 18:42:05 UTC 2026","","Go Test","github.com/specterops/bloodhound/cmd/api/src/api/v2/TestResources_UpdateSavedQuery_NoQueryMatch","TestResources_UpdateSavedQuery_NoQueryMatch"
"","5228","edges are displayed in alphabetical order","Pathfinding","Wed Jul 22 18:44:29 UTC 2026","passed","Wed Jul 22 18:44:34 UTC 2026","","","",""
"Test cases for TestResources_DeleteExtension","55","TestResources_DeleteExtension","","Wed Jul 22 18:42:05 UTC 2026","passed","Wed Jul 22 18:42:05 UTC 2026","","Go Test","github.com/specterops/bloodhound/cmd/api/src/api/v2/TestResources_DeleteExtension","TestResources_DeleteExtension"
"Test cases for TestDisenrollMFA_Success","1053","TestDisenrollMFA_Success","","Wed Jul 22 18:42:37 UTC 2026","passed","Wed Jul 22 18:42:38 UTC 2026","","Go Test","github.com/specterops/bloodhound/cmd/api/src/api/v2/auth/TestDisenrollMFA_Success","TestDisenrollMFA_Success"
"Test cases for TestAuditLogin_UserNotFound","0","TestAuditLogin_UserNotFound","","Wed Jul 22 18:41:54 UTC 2026","passed","Wed Jul 22 18:41:54 UTC 2026","","Go Test","github.com/specterops/bloodhound/cmd/api/src/api/TestAuditLogin_UserNotFound","TestAuditLogin_UserNotFound"
"Test cases for TestRequestWaitDuration","0","TestRequestWaitDuration","","Wed Jul 22 18:41:56 UTC 2026","passed","Wed Jul 22 18:41:56 UTC 2026","","Go Test","github.com/specterops/bloodhound/cmd/api/src/api/middleware/TestRequestWaitDuration","TestRequestWaitDuration"
"Test cases for TestManagementResource_DeleteUser_Success","1253","TestManagementResource_DeleteUser_Success","","Wed Jul 22 18:42:29 UTC 2026","passed","Wed Jul 22 18:42:30 UTC 2026","","Go Test","github.com/specterops/bloodhound/cmd/api/src/api/v2/auth/TestManagementResource_DeleteUser_Success","TestManagementResource_DeleteUser_Success"
"Test cases for TestSeekToKey","0","TestSeekToKey","","Wed Jul 22 18:42:16 UTC 2026","passed","Wed Jul 22 18:42:16 UTC 2026","","Go Test","github.com/specterops/bloodhound/cmd/api/src/services/graphify/TestSeekToKey","TestSeekToKey"
"","396","handles removing from a tier zero asset group","AssetGroupMenuItem","Wed Jul 22 18:49:07 UTC 2026","passed","Wed Jul 22 18:49:07 UTC 2026","","removing from an asset group","",""
"","1","returns query config when searchType is relationship and all required params are passed","useExploreGraph","Wed Jul 22 18:44:38 UTC 2026","passed","Wed Jul 22 18:44:38 UTC 2026","relationship search queries","exploreGraphQueryFactory","",""
"Test cases for TestTextUnmarshalFloat","0","TestTextUnmarshalFloat","","Wed Jul 22 18:42:08 UTC 2026","passed","Wed Jul 22 18:42:08 UTC 2026","","Go Test","github.com/specterops/bloodhound/cmd/api/src/database/types/null/TestTextUnmarshalFloat","TestTextUnmarshalFloat"
"","0","fails for password with control characters","testPassword","Wed Jul 22 18:48:38 UTC 2026","passed","Wed Jul 22 18:48:38 UTC 2026","","","",""
"","434","should display a ""Change Password"" modal","UserProfile","Wed Jul 22 18:45:32 UTC 2026","passed","Wed Jul 22 18:45:32 UTC 2026","","""Reset Password"" button is clicked","",""
"","75","Gets focus on keyboard shortcut","SearchBar","Wed Jul 22 18:48:25 UTC 2026","passed","Wed Jul 22 18:48:25 UTC 2026","","","",""
"","0","preserves unicode characters","escapeCypherString","Wed Jul 22 18:48:33 UTC 2026","passed","Wed Jul 22 18:48:33 UTC 2026","","","",""
"","256","calls onChange with all columns when ""Select All"" is clicked","ManageColumnsComboBox","Wed Jul 22 18:45:10 UTC 2026","passed","Wed Jul 22 18:45:10 UTC 2026","","","",""
"","237","opens the dialog when the button is clicked","SchemaUploadDialog","Wed Jul 22 18:44:32 UTC 2026","passed","Wed Jul 22 18:44:33 UTC 2026","","","",""
"Test cases for TestPasswordValidator","0","TestPasswordValidator","","Wed Jul 22 18:42:20 UTC 2026","passed","Wed Jul 22 18:42:20 UTC 2026","","Go Test","github.com/specterops/bloodhound/cmd/api/src/utils/validation/TestPasswordValidator","TestPasswordValidator"
"","14","returns the OpenGraph environmentInfo when environmentAggregation param is not a known type","useAvailableEnvironments","Wed Jul 22 18:45:58 UTC 2026","passed","Wed Jul 22 18:45:58 UTC 2026","","useSelectedEnvironment","",""
"","126","should call onCancel when cancel button clicked","LoginViaSSOForm","Wed Jul 22 18:46:54 UTC 2026","passed","Wed Jul 22 18:46:54 UTC 2026","","","",""
"","2959","should open edge filtering dialog","EdgeFilter","Wed Jul 22 18:46:02 UTC 2026","passed","Wed Jul 22 18:46:05 UTC 2026","","","",""
"Test cases for TestNewPipelineStepsAreRunnable","0","TestNewPipelineStepsAreRunnable","","Wed Jul 22 18:42:22 UTC 2026","passed","Wed Jul 22 18:42:22 UTC 2026","","Go Test","github.com/specterops/bloodhound/packages/go/analysis/TestNewPipelineStepsAreRunnable","TestNewPipelineStepsAreRunnable"
"Test cases for TestParseClientVersion","0","TestParseClientVersion","","Wed Jul 22 18:42:19 UTC 2026","passed","Wed Jul 22 18:42:19 UTC 2026","","Go Test","github.com/specterops/bloodhound/cmd/api/src/utils/TestParseClientVersion","TestParseClientVersion"
"Test cases for TestResources_UpdateSavedQuery_OwnPrivateQuery_Success","0","TestResources_UpdateSavedQuery_OwnPrivateQuery_Success","","Wed Jul 22 18:42:05 UTC 2026","passed","Wed Jul 22 18:42:05 UTC 2026","","Go Test","github.com/specterops/bloodhound/cmd/api/src/api/v2/TestResources_UpdateSavedQuery_OwnPrivateQuery_Success","TestResources_UpdateSavedQuery_OwnPrivateQuery_Success"
"Test cases for TestManagementResource_EnableUserSAML","1","TestManagementResource_EnableUserSAML","","Wed Jul 22 18:42:11 UTC 2026","passed","Wed Jul 22 18:42:11 UTC 2026","","Go Test","github.com/specterops/bloodhound/cmd/api/src/api/v2/auth/TestManagementResource_EnableUserSAML","TestManagementResource_EnableUserSAML"
"Test cases for TestAssetGroupMembers_BuildFilteringConditional_Error","0","TestAssetGroupMembers_BuildFilteringConditional_Error","","Wed Jul 22 18:41:54 UTC 2026","passed","Wed Jul 22 18:41:54 UTC 2026","","Go Test","github.com/specterops/bloodhound/cmd/api/src/api/TestAssetGroupMembers_BuildFilteringConditional_Error","TestAssetGroupMembers_BuildFilteringConditional_Error"
"","296","sets a secondary=id and searchType=pathfinding when primary is truethy","ContextMenu","Wed Jul 22 18:44:58 UTC 2026","passed","Wed Jul 22 18:44:58 UTC 2026","","","",""
"","214","fires delete when edit is clicked","ListItemActionMenu","Wed Jul 22 18:46:59 UTC 2026","passed","Wed Jul 22 18:46:59 UTC 2026","","","",""
"","2096","shows the ""Disable MFA"" context menu option for users with MFA enabled","Users","Wed Jul 22 18:44:53 UTC 2026","passed","Wed Jul 22 18:44:55 UTC 2026","","","",""
"Test cases for TestToolContainer_GetScheduledAnalysisConfiguration","0","TestToolContainer_GetScheduledAnalysisConfiguration","","Wed Jul 22 18:41:57 UTC 2026","passed","Wed Jul 22 18:41:57 UTC 2026","","Go Test","github.com/specterops/bloodhound/cmd/api/src/api/tools/TestToolContainer_GetScheduledAnalysisConfiguration","TestToolContainer_GetScheduledAnalysisConfiguration"
"","166","fires runQuery in context provider","ListItemActionMenu","Wed Jul 22 18:46:59 UTC 2026","passed","Wed Jul 22 18:46:59 UTC 2026","","","",""
"Test cases for TestMaybeSubmitRelationshipUpdate","0","TestMaybeSubmitRelationshipUpdate","","Wed Jul 22 18:42:16 UTC 2026","passed","Wed Jul 22 18:42:16 UTC 2026","","Go Test","github.com/specterops/bloodhound/cmd/api/src/services/graphify/TestMaybeSubmitRelationshipUpdate","TestMaybeSubmitRelationshipUpdate"
"","0","returns false when the response contains node_id instead","isRelationshipResponse","Wed Jul 22 18:45:45 UTC 2026","passed","Wed Jul 22 18:45:45 UTC 2026","","","",""
"Test cases for TestHandlers_GetRole","2","TestHandlers_GetRole","","Wed Jul 22 18:42:43 UTC 2026","passed","Wed Jul 22 18:42:43 UTC 2026","","Go Test","github.com/specterops/bloodhound/server/identity/internal/handlers/TestHandlers_GetRole","TestHandlers_GetRole"
"","0","escapes backslashes before quotes so they do not combine","escapeCypherString","Wed Jul 22 18:48:33 UTC 2026","passed","Wed Jul 22 18:48:33 UTC 2026","","","",""
"","633","dispatches an action to add the associated node","Rule Object Select","Wed Jul 22 18:47:05 UTC 2026","passed","Wed Jul 22 18:47:05 UTC 2026","","","",""
"Test cases for TestStore_GetAllFlags","1","TestStore_GetAllFlags","","Wed Jul 22 18:42:38 UTC 2026","passed","Wed Jul 22 18:42:38 UTC 2026","","Go Test","github.com/specterops/bloodhound/server/featureflags/internal/appdb/TestStore_GetAllFlags","TestStore_GetAllFlags"
"","0","filters by multiple platforms","filterAndSearchEnvironments","Wed Jul 22 18:43:22 UTC 2026","passed","Wed Jul 22 18:43:22 UTC 2026","","platform filters","",""
"Test cases for TestEndNodes","0","TestEndNodes","","Wed Jul 22 18:42:22 UTC 2026","passed","Wed Jul 22 18:42:22 UTC 2026","","Go Test","github.com/specterops/bloodhound/packages/go/analysis/azure/TestEndNodes","TestEndNodes"
"","65","should on clicking collapse all remove expandedPanelSections param from url and set isObjectInfoPanelOpen in context to false","EdgeInfoHeader","Wed Jul 22 18:47:08 UTC 2026","passed","Wed Jul 22 18:47:08 UTC 2026","","","",""
"","4","handles ISO 8601 formatted date strings and converts it into our standard date display format","Formatting string properties","Wed Jul 22 18:45:06 UTC 2026","passed","Wed Jul 22 18:45:06 UTC 2026","","","",""
"","90","should render a button with the passed in display text","GraphButton","Wed Jul 22 18:48:45 UTC 2026","passed","Wed Jul 22 18:48:45 UTC 2026","","","",""
"","178","sums nested section node counts","EntityInfoDataTable","Wed Jul 22 18:44:50 UTC 2026","passed","Wed Jul 22 18:44:51 UTC 2026","","Node count for nested table that counts all sections","",""
"","304","filters extensions based on search input","ActiveExtensionsCard","Wed Jul 22 18:43:29 UTC 2026","passed","Wed Jul 22 18:43:30 UTC 2026","","","",""
"","1","treats a missing key as null when computing the next value","useLocalStorage","Wed Jul 22 18:45:39 UTC 2026","passed","Wed Jul 22 18:45:39 UTC 2026","","functional updater","",""
"","1607","renders","DatabaseManagement","Wed Jul 22 18:49:06 UTC 2026","passed","Wed Jul 22 18:49:08 UTC 2026","","","",""
"Test cases for TestIsErrorResponse","0","TestIsErrorResponse","","Wed Jul 22 18:41:54 UTC 2026","passed","Wed Jul 22 18:41:54 UTC 2026","","Go Test","github.com/specterops/bloodhound/cmd/api/src/api/TestIsErrorResponse","TestIsErrorResponse"
"","78","indicates the code container is scrollable when the code is unwrapped","CodeController","Wed Jul 22 18:48:19 UTC 2026","passed","Wed Jul 22 18:48:19 UTC 2026","","","",""
"Test cases for TestJSONFloat_MarshalJSON_NaN","0","TestJSONFloat_MarshalJSON_NaN","","Wed Jul 22 18:42:08 UTC 2026","passed","Wed Jul 22 18:42:08 UTC 2026","","Go Test","github.com/specterops/bloodhound/cmd/api/src/database/types/nan/TestJSONFloat_MarshalJSON_NaN","TestJSONFloat_MarshalJSON_NaN"
"","13","does not render the tooltip icon when tooltipText prop is not passed","ColumnHeaders","Wed Jul 22 18:46:09 UTC 2026","passed","Wed Jul 22 18:46:09 UTC 2026","","SortableHeader with Tooltip","",""
"Test cases for TestHandlers_CreateRequest","3","TestHandlers_CreateRequest","","Wed Jul 22 18:42:32 UTC 2026","passed","Wed Jul 22 18:42:32 UTC 2026","","Go Test","github.com/specterops/bloodhound/server/analysis/internal/handlers/TestHandlers_CreateRequest","TestHandlers_CreateRequest"
"","72","when `selectedItem` is provided, the combobox displays the icon","icon rendering","Wed Jul 22 18:45:18 UTC 2026","passed","Wed Jul 22 18:45:18 UTC 2026","","","",""
"","359","invalidates the extensions query after a successful upload","SchemaUploadDialog","Wed Jul 22 18:44:34 UTC 2026","passed","Wed Jul 22 18:44:35 UTC 2026","","","",""
"","64","returns the full environment of the environmentId found in the search params","useAvailableEnvironments","Wed Jul 22 18:45:58 UTC 2026","passed","Wed Jul 22 18:45:58 UTC 2026","","useSelectedEnvironment","",""
"","126","should render all of the options as checkboxes","Checkbox group","Wed Jul 22 18:48:19 UTC 2026","passed","Wed Jul 22 18:48:19 UTC 2026","","","",""
"","2","Edge is created with correct structure including points array","copySigmaEdgesToGraphlibGraph","Wed Jul 22 18:49:38 UTC 2026","passed","Wed Jul 22 18:49:38 UTC 2026","","","",""
"Test cases for TestAssetGroupMembers_Filter_Equals","0","TestAssetGroupMembers_Filter_Equals","","Wed Jul 22 18:41:54 UTC 2026","passed","Wed Jul 22 18:41:54 UTC 2026","","Go Test","github.com/specterops/bloodhound/cmd/api/src/api/TestAssetGroupMembers_Filter_Equals","TestAssetGroupMembers_Filter_Equals"
"Test cases for TestTypes_Scan_InvalidInput","0","TestTypes_Scan_InvalidInput","","Wed Jul 22 18:42:08 UTC 2026","passed","Wed Jul 22 18:42:08 UTC 2026","","Go Test","github.com/specterops/bloodhound/cmd/api/src/database/types/TestTypes_Scan_InvalidInput","TestTypes_Scan_InvalidInput"
"","6","uses the default filename generator when exporting JSON","exportGraphData","Wed Jul 22 18:47:54 UTC 2026","passed","Wed Jul 22 18:47:54 UTC 2026","","","",""
"","111","disables the Columns button when the disabled prop is true","ManageColumnsComboBox","Wed Jul 22 18:45:09 UTC 2026","passed","Wed Jul 22 18:45:09 UTC 2026","","","",""
"","509","should not allow leading or trailing empty spaces","UpdateUserForm","Wed Jul 22 18:43:12 UTC 2026","passed","Wed Jul 22 18:43:12 UTC 2026","","","",""
"","4","should return true when value matches term","compareTerm","Wed Jul 22 18:47:31 UTC 2026","passed","Wed Jul 22 18:47:31 UTC 2026","","","",""
"","1122","open and closes dialog","DatabaseManagement","Wed Jul 22 18:49:10 UTC 2026","passed","Wed Jul 22 18:49:11 UTC 2026","","","",""
"Test cases for TestRegister","0","TestRegister","","Wed Jul 22 18:42:38 UTC 2026","passed","Wed Jul 22 18:42:38 UTC 2026","","Go Test","github.com/specterops/bloodhound/server/featureflags/TestRegister","TestRegister"
"","13","renders the tooltip icon when tooltipText prop is passed","ColumnHeaders","Wed Jul 22 18:46:09 UTC 2026","passed","Wed Jul 22 18:46:09 UTC 2026","","SortableHeader with Tooltip","",""
"","14","renders nothing if flag is disabled and disabled prop is not provided","FeatureFlag","Wed Jul 22 18:47:29 UTC 2026","passed","Wed Jul 22 18:47:29 UTC 2026","","","",""
"Test cases for TestResources_ListPublishedTemplates","0","TestResources_ListPublishedTemplates","","Wed Jul 22 18:42:05 UTC 2026","passed","Wed Jul 22 18:42:05 UTC 2026","","Go Test","github.com/specterops/bloodhound/cmd/api/src/api/v2/TestResources_ListPublishedTemplates","TestResources_ListPublishedTemplates"
"","4","returns default empty labels and relationshipTypes when called with no arguments","graphSchema","Wed Jul 22 18:48:01 UTC 2026","passed","Wed Jul 22 18:48:01 UTC 2026","","","",""
"","831","displays validation error messages when password does not meet requirements","PasswordDialog","Wed Jul 22 18:43:49 UTC 2026","passed","Wed Jul 22 18:43:50 UTC 2026","","","",""
"","76","should render a Field when the provided value is false","Field","Wed Jul 22 18:47:57 UTC 2026","passed","Wed Jul 22 18:47:58 UTC 2026","","","",""
"Test cases for TestNodeNamePrefix_AppendSuffix","0","TestNodeNamePrefix_AppendSuffix","","Wed Jul 22 18:42:22 UTC 2026","passed","Wed Jul 22 18:42:22 UTC 2026","","Go Test","github.com/specterops/bloodhound/packages/go/analysis/ad/wellknown/TestNodeNamePrefix_AppendSuffix","TestNodeNamePrefix_AppendSuffix"
"","4093","search forces sections to expand when there is a match","Pathfinding","Wed Jul 22 18:44:22 UTC 2026","passed","Wed Jul 22 18:44:26 UTC 2026","","","",""
"","240","The reset password and two-factor authentication options should not appear in profile page if the user is configured for SAML login","UserProfile with SSO User","Wed Jul 22 18:45:31 UTC 2026","passed","Wed Jul 22 18:45:31 UTC 2026","","","",""
"","12","when password is expired and on password reset page, no redirect occurs","AuthenticatedRoute","Wed Jul 22 18:49:35 UTC 2026","passed","Wed Jul 22 18:49:35 UTC 2026","","","",""
"","10","applies animation class to the title","ProcessingIndicator","Wed Jul 22 18:48:43 UTC 2026","passed","Wed Jul 22 18:48:43 UTC 2026","","","",""
"Test cases for TestResources_ListAuditLogs_InvalidPredicate","0","TestResources_ListAuditLogs_InvalidPredicate","","Wed Jul 22 18:42:05 UTC 2026","passed","Wed Jul 22 18:42:05 UTC 2026","","Go Test","github.com/specterops/bloodhound/cmd/api/src/api/v2/TestResources_ListAuditLogs_InvalidPredicate","TestResources_ListAuditLogs_InvalidPredicate"
"","788","should render an update user form","UpdateUserDialog","Wed Jul 22 18:44:19 UTC 2026","passed","Wed Jul 22 18:44:20 UTC 2026","","","",""
"","65","displays the value from filterParams.node_type","AssetGroupEdit","Wed Jul 22 18:45:15 UTC 2026","passed","Wed Jul 22 18:45:15 UTC 2026","","Node Type dropdown filter","",""
"Test cases for TestWriteResultJson","0","TestWriteResultJson","","Wed Jul 22 18:42:19 UTC 2026","passed","Wed Jul 22 18:42:19 UTC 2026","","Go Test","github.com/specterops/bloodhound/cmd/api/src/utils/TestWriteResultJson","TestWriteResultJson"
"","24","should highlight main nav route when navigating to child route","Main Nav Route Highlighting","Wed Jul 22 18:45:37 UTC 2026","passed","Wed Jul 22 18:45:37 UTC 2026","","","",""
"Test cases for TestResources_ListAuditLogs_OnlyOffset","0","TestResources_ListAuditLogs_OnlyOffset","","Wed Jul 22 18:42:05 UTC 2026","passed","Wed Jul 22 18:42:05 UTC 2026","","Go Test","github.com/specterops/bloodhound/cmd/api/src/api/v2/TestResources_ListAuditLogs_OnlyOffset","TestResources_ListAuditLogs_OnlyOffset"
"","10","should handle special characters","HighlightedText","Wed Jul 22 18:47:47 UTC 2026","passed","Wed Jul 22 18:47:47 UTC 2026","","","",""
"","940","calls the passed in cancel handler when clicking the Cancel button","Glyph Select Dialog","Wed Jul 22 18:48:09 UTC 2026","passed","Wed Jul 22 18:48:10 UTC 2026","","","",""
"Test cases for TestInt64IsZero","0","TestInt64IsZero","","Wed Jul 22 18:42:08 UTC 2026","passed","Wed Jul 22 18:42:08 UTC 2026","","Go Test","github.com/specterops/bloodhound/cmd/api/src/database/types/null/TestInt64IsZero","TestInt64IsZero"
"","1","EXTENDED ROUNDING with different thresholds","numberFormatting","Wed Jul 22 18:46:16 UTC 2026","passed","Wed Jul 22 18:46:16 UTC 2026","","","",""
"","0","The user has yet to type into the search (for OU and Domain searches that have hard coded types)","Getting the text for the disabled item display for a search when there are no results","Wed Jul 22 18:47:30 UTC 2026","passed","Wed Jul 22 18:47:30 UTC 2026","","Empty data states","",""
"","117","collapses an open item when its header is clicked again","<DetailsAccordion />","Wed Jul 22 18:45:09 UTC 2026","passed","Wed Jul 22 18:45:10 UTC 2026","","","",""
"","28","when user has a disallowed role for a route with disallowed roles, they see the disallowed notification.","AuthenticatedRoute","Wed Jul 22 18:49:35 UTC 2026","passed","Wed Jul 22 18:49:35 UTC 2026","","","",""
"","0","returns empty arrays when kinds data has empty arrays","graphSchema","Wed Jul 22 18:48:01 UTC 2026","passed","Wed Jul 22 18:48:01 UTC 2026","","","",""
"Test cases for TestResources_UpdateSavedQuery_InvalidBody","0","TestResources_UpdateSavedQuery_InvalidBody","","Wed Jul 22 18:42:05 UTC 2026","passed","Wed Jul 22 18:42:05 UTC 2026","","Go Test","github.com/specterops/bloodhound/cmd/api/src/api/v2/TestResources_UpdateSavedQuery_InvalidBody","TestResources_UpdateSavedQuery_InvalidBody"
"","81","should display the logged in user's full name","UserProfile","Wed Jul 22 18:45:31 UTC 2026","passed","Wed Jul 22 18:45:32 UTC 2026","","","",""
"","144","disables the user actions menu for a user with the auditor role","User Actions Menu","Wed Jul 22 18:46:03 UTC 2026","passed","Wed Jul 22 18:46:03 UTC 2026","","Button Menu State","",""
"","275","Should call handler when a member is clicked","AssetGroupMemberList","Wed Jul 22 18:47:46 UTC 2026","passed","Wed Jul 22 18:47:46 UTC 2026","","","",""
"","0","reports an Object ID-specific error when editing a rule and ruleType is SeedTypeObjectId and seeds are required","handleError","Wed Jul 22 18:44:40 UTC 2026","passed","Wed Jul 22 18:44:40 UTC 2026","","","",""
"","1","pwdlastset","Handling value formatting for Active Directory entity properties lastlogon, lastlogontimestamp, whencreated, and pwdlastset","Wed Jul 22 18:45:06 UTC 2026","passed","Wed Jul 22 18:45:06 UTC 2026","","","",""
"","1","returns a single node stat and no relationship stat","getLatestMetricStats","Wed Jul 22 18:44:45 UTC 2026","passed","Wed Jul 22 18:44:45 UTC 2026","","","",""
"","5961","closes explore search tab menu when search returns one node, entity info panel remains open","CypherSearch","Wed Jul 22 18:44:06 UTC 2026","passed","Wed Jul 22 18:44:12 UTC 2026","","Minimize explorer page elements when multiple nodes are returned","",""
"","511","does not display must be new password error messages when current password is not required","PasswordDialog","Wed Jul 22 18:43:52 UTC 2026","passed","Wed Jul 22 18:43:53 UTC 2026","","","",""
"","419","disables a nested graph data option while its source kind is selected","GraphDataCheckboxes","Wed Jul 22 18:44:27 UTC 2026","passed","Wed Jul 22 18:44:28 UTC 2026","","","",""
"","5949","expand all button expands all sections after collapsing","Pathfinding","Wed Jul 22 18:44:11 UTC 2026","passed","Wed Jul 22 18:44:17 UTC 2026","","","",""
"","0","returns paramValue as EnvironmentAggregation if paramValue is active-directory","useEnvironmentParams","Wed Jul 22 18:48:39 UTC 2026","passed","Wed Jul 22 18:48:39 UTC 2026","","parseEnvironmentAggregation","",""
"Test cases for TestAuth_CreateSSOSession","8","TestAuth_CreateSSOSession","","Wed Jul 22 18:42:05 UTC 2026","passed","Wed Jul 22 18:42:05 UTC 2026","","Go Test","github.com/specterops/bloodhound/cmd/api/src/api/v2/auth/TestAuth_CreateSSOSession","TestAuth_CreateSSOSession"
"","1100","renders the aggregation display name in the tooltip for an open graph platform","Open Graph platform selection","Wed Jul 22 18:44:42 UTC 2026","passed","Wed Jul 22 18:44:43 UTC 2026","","","",""
"","8","does not render when selector data is not defined","Delete Selector Button rendering","Wed Jul 22 18:48:15 UTC 2026","passed","Wed Jul 22 18:48:15 UTC 2026","","","",""
"","540","displays must be new password error messages when current password is the same as new password","PasswordDialog","Wed Jul 22 18:43:52 UTC 2026","passed","Wed Jul 22 18:43:52 UTC 2026","","","",""
"","41","renders DomainInfo for a collected active-directory environment","getStatsComponent","Wed Jul 22 18:47:08 UTC 2026","passed","Wed Jul 22 18:47:08 UTC 2026","","","",""
"","97","should display an error when error prop is truthy","SaveQueryDialog","Wed Jul 22 18:43:04 UTC 2026","passed","Wed Jul 22 18:43:04 UTC 2026","","","",""
"","74","renders a row per node stat plus the relationship row when populated","OpenGraphInfo","Wed Jul 22 18:44:46 UTC 2026","passed","Wed Jul 22 18:44:46 UTC 2026","","","",""
"Test cases for TestManagementResource_SAMLLoginHandler","8","TestManagementResource_SAMLLoginHandler","","Wed Jul 22 18:42:47 UTC 2026","passed","Wed Jul 22 18:42:47 UTC 2026","","Go Test","github.com/specterops/bloodhound/cmd/api/src/api/v2/auth/TestManagementResource_SAMLLoginHandler","TestManagementResource_SAMLLoginHandler"
"Test cases for TestIntValueOrZero","0","TestIntValueOrZero","","Wed Jul 22 18:42:08 UTC 2026","passed","Wed Jul 22 18:42:08 UTC 2026","","Go Test","github.com/specterops/bloodhound/cmd/api/src/database/types/null/TestIntValueOrZero","TestIntValueOrZero"
"Test cases for Test_NewSpec","0","Test_NewSpec","","Wed Jul 22 18:42:25 UTC 2026","passed","Wed Jul 22 18:42:25 UTC 2026","","Go Test","github.com/specterops/bloodhound/packages/go/lab/Test_NewSpec","Test_NewSpec"
"","160","dispatches an action to the delete the associated node","Rule Object Select","Wed Jul 22 18:47:04 UTC 2026","passed","Wed Jul 22 18:47:05 UTC 2026","","","",""
"","1","filters by moderate risk level","filterAndSearchEnvironments","Wed Jul 22 18:43:22 UTC 2026","passed","Wed Jul 22 18:43:22 UTC 2026","","risk filters","",""
"Test cases for TestResources_GetAssetGroupTagMemberInfo","0","TestResources_GetAssetGroupTagMemberInfo","","Wed Jul 22 18:42:05 UTC 2026","passed","Wed Jul 22 18:42:05 UTC 2026","","Go Test","github.com/specterops/bloodhound/cmd/api/src/api/v2/TestResources_GetAssetGroupTagMemberInfo","TestResources_GetAssetGroupTagMemberInfo"
"Test cases for Test_SetDependency","0","Test_SetDependency","","Wed Jul 22 18:42:25 UTC 2026","passed","Wed Jul 22 18:42:25 UTC 2026","","Go Test","github.com/specterops/bloodhound/packages/go/lab/Test_SetDependency","Test_SetDependency"
"","79","hides loading state when data is available","GraphDataCheckboxes","Wed Jul 22 18:44:22 UTC 2026","passed","Wed Jul 22 18:44:22 UTC 2026","","","",""
"Test cases for TestBoolPointer","0","TestBoolPointer","","Wed Jul 22 18:42:08 UTC 2026","passed","Wed Jul 22 18:42:08 UTC 2026","","Go Test","github.com/specterops/bloodhound/cmd/api/src/database/types/null/TestBoolPointer","TestBoolPointer"
"Test cases for TestMergedFS_Open","0","TestMergedFS_Open","","Wed Jul 22 18:42:08 UTC 2026","passed","Wed Jul 22 18:42:08 UTC 2026","","Go Test","github.com/specterops/bloodhound/cmd/api/src/database/migration/TestMergedFS_Open","TestMergedFS_Open"
"","10","resets to descending sort when sorting a different column","useSortParams","Wed Jul 22 18:46:52 UTC 2026","passed","Wed Jul 22 18:46:52 UTC 2026","","","",""
"Test cases for TestManagementResource_CreateOIDCProvider","1","TestManagementResource_CreateOIDCProvider","","Wed Jul 22 18:42:47 UTC 2026","passed","Wed Jul 22 18:42:47 UTC 2026","","Go Test","github.com/specterops/bloodhound/cmd/api/src/api/v2/auth/TestManagementResource_CreateOIDCProvider","TestManagementResource_CreateOIDCProvider"
"","115","should display the ""My Profile"" title","UserProfile","Wed Jul 22 18:45:31 UTC 2026","passed","Wed Jul 22 18:45:31 UTC 2026","","","",""
"Test cases for TestCache_Reset","0","TestCache_Reset","","Wed Jul 22 18:42:23 UTC 2026","passed","Wed Jul 22 18:42:23 UTC 2026","","Go Test","github.com/specterops/bloodhound/packages/go/cache/TestCache_Reset","TestCache_Reset"
"","251","fires click handlers","ConfirmDeleteQueryDialog","Wed Jul 22 18:48:35 UTC 2026","passed","Wed Jul 22 18:48:36 UTC 2026","","","",""
"","742","should render","CypherSearch","Wed Jul 22 18:43:53 UTC 2026","passed","Wed Jul 22 18:43:53 UTC 2026","","","",""
"Test cases for TestGetDataQualityAggregations_Success","6","TestGetDataQualityAggregations_Success","","Wed Jul 22 18:42:05 UTC 2026","passed","Wed Jul 22 18:42:05 UTC 2026","","Go Test","github.com/specterops/bloodhound/cmd/api/src/api/v2/TestGetDataQualityAggregations_Success","TestGetDataQualityAggregations_Success"
"Test cases for TestManagementResource_DeleteUser_UserCannotSelfDelete","1254","TestManagementResource_DeleteUser_UserCannotSelfDelete","","Wed Jul 22 18:42:26 UTC 2026","passed","Wed Jul 22 18:42:28 UTC 2026","","Go Test","github.com/specterops/bloodhound/cmd/api/src/api/v2/auth/TestManagementResource_DeleteUser_UserCannotSelfDelete","TestManagementResource_DeleteUser_UserCannotSelfDelete"
"","546","AZRole information panel will not display a section for PIM Assignments","EntityInfoContent","Wed Jul 22 18:47:42 UTC 2026","passed","Wed Jul 22 18:47:43 UTC 2026","","","",""
"Test cases for TestTracker_HasEdge_And_DeletedEdges","0","TestTracker_HasEdge_And_DeletedEdges","","Wed Jul 22 18:42:22 UTC 2026","passed","Wed Jul 22 18:42:22 UTC 2026","","Go Test","github.com/specterops/bloodhound/packages/go/analysis/post/TestTracker_HasEdge_And_DeletedEdges","TestTracker_HasEdge_And_DeletedEdges"
"Test cases for TestManagementResource_ListAuthTokens_Admin","1","TestManagementResource_ListAuthTokens_Admin","","Wed Jul 22 18:42:34 UTC 2026","passed","Wed Jul 22 18:42:34 UTC 2026","","Go Test","github.com/specterops/bloodhound/cmd/api/src/api/v2/auth/TestManagementResource_ListAuthTokens_Admin","TestManagementResource_ListAuthTokens_Admin"
"Test cases for TestManagementResource_ListRoles_Filtered","0","TestManagementResource_ListRoles_Filtered","","Wed Jul 22 18:42:11 UTC 2026","passed","Wed Jul 22 18:42:11 UTC 2026","","Go Test","github.com/specterops/bloodhound/cmd/api/src/api/v2/auth/TestManagementResource_ListRoles_Filtered","TestManagementResource_ListRoles_Filtered"
"Test cases for TestResources_ListAuditLogs_DBError","3","TestResources_ListAuditLogs_DBError","","Wed Jul 22 18:42:05 UTC 2026","passed","Wed Jul 22 18:42:05 UTC 2026","","Go Test","github.com/specterops/bloodhound/cmd/api/src/api/v2/TestResources_ListAuditLogs_DBError","TestResources_ListAuditLogs_DBError"
"","149","renders enabled Label, Rule and Object tabs","Selected Details Tabs","Wed Jul 22 18:45:46 UTC 2026","passed","Wed Jul 22 18:45:47 UTC 2026","","Selected Details Tabs - Params present","",""
"Test cases for TestResources_GetComputerEntityInfo","1","TestResources_GetComputerEntityInfo","","Wed Jul 22 18:42:05 UTC 2026","passed","Wed Jul 22 18:42:05 UTC 2026","","Go Test","github.com/specterops/bloodhound/cmd/api/src/api/v2/TestResources_GetComputerEntityInfo","TestResources_GetComputerEntityInfo"
"Test cases for TestGetADDataQualityStats_Failure","1","TestGetADDataQualityStats_Failure","","Wed Jul 22 18:42:05 UTC 2026","passed","Wed Jul 22 18:42:05 UTC 2026","","Go Test","github.com/specterops/bloodhound/cmd/api/src/api/v2/TestGetADDataQualityStats_Failure","TestGetADDataQualityStats_Failure"
"Test cases for TestCreateUser_FailureDuplicateEmail","1178","TestCreateUser_FailureDuplicateEmail","","Wed Jul 22 18:42:11 UTC 2026","passed","Wed Jul 22 18:42:12 UTC 2026","","Go Test","github.com/specterops/bloodhound/cmd/api/src/api/v2/auth/TestCreateUser_FailureDuplicateEmail","TestCreateUser_FailureDuplicateEmail"
"Test cases for TestResources_UpdateSavedQuery_GetSavedQueryError","0","TestResources_UpdateSavedQuery_GetSavedQueryError","","Wed Jul 22 18:42:05 UTC 2026","passed","Wed Jul 22 18:42:05 UTC 2026","","Go Test","github.com/specterops/bloodhound/cmd/api/src/api/v2/TestResources_UpdateSavedQuery_GetSavedQueryError","TestResources_UpdateSavedQuery_GetSavedQueryError"
"Test cases for TestResources_ListUsersMinimal","7","TestResources_ListUsersMinimal","","Wed Jul 22 18:42:47 UTC 2026","passed","Wed Jul 22 18:42:47 UTC 2026","","Go Test","github.com/specterops/bloodhound/cmd/api/src/api/v2/auth/TestResources_ListUsersMinimal","TestResources_ListUsersMinimal"
"","0","EXTENDED ROUNDING when thresholds are set: abbreviates numbers larger than 1000 and should not round the tenth place digit","numberFormatting","Wed Jul 22 18:46:16 UTC 2026","passed","Wed Jul 22 18:46:16 UTC 2026","","","",""
"Test cases for TestAnalysisStepsScan","10","TestAnalysisStepsScan","","Wed Jul 22 18:42:09 UTC 2026","passed","Wed Jul 22 18:42:09 UTC 2026","","Go Test","github.com/specterops/bloodhound/cmd/api/src/model/TestAnalysisStepsScan","TestAnalysisStepsScan"
"Test cases for TestResources_DeleteSavedQuery_IsPublicSavedQueryDBError","0","TestResources_DeleteSavedQuery_IsPublicSavedQueryDBError","","Wed Jul 22 18:42:05 UTC 2026","passed","Wed Jul 22 18:42:05 UTC 2026","","Go Test","github.com/specterops/bloodhound/cmd/api/src/api/v2/TestResources_DeleteSavedQuery_IsPublicSavedQueryDBError","TestResources_DeleteSavedQuery_IsPublicSavedQueryDBError"
"Test cases for TestInt64Equal","0","TestInt64Equal","","Wed Jul 22 18:42:08 UTC 2026","passed","Wed Jul 22 18:42:08 UTC 2026","","Go Test","github.com/specterops/bloodhound/cmd/api/src/database/types/null/TestInt64Equal","TestInt64Equal"
"Test cases for TestCache_Get","1","TestCache_Get","","Wed Jul 22 18:42:23 UTC 2026","passed","Wed Jul 22 18:42:23 UTC 2026","","Go Test","github.com/specterops/bloodhound/packages/go/cache/TestCache_Get","TestCache_Get"
"","243","passes item props to Header and Content","<DetailsAccordion />","Wed Jul 22 18:45:08 UTC 2026","passed","Wed Jul 22 18:45:09 UTC 2026","","","",""
"","512","shows success notification after successful deletion","ActiveExtensionsCard","Wed Jul 22 18:43:33 UTC 2026","passed","Wed Jul 22 18:43:34 UTC 2026","","","",""
"","63","if a hint is given, it show date placeholder on focus, restores hint on blur","ManagedDatePicker - placeholders","Wed Jul 22 18:46:10 UTC 2026","passed","Wed Jul 22 18:46:10 UTC 2026","","","",""
"","283","calls onChange with initial default columns when ""Reset Default"" is clicked","ManageColumnsComboBox","Wed Jul 22 18:45:11 UTC 2026","passed","Wed Jul 22 18:45:11 UTC 2026","","","",""
"","15","adds expected text alignment class depending on the textAlign prop","ColumnHeaders","Wed Jul 22 18:46:09 UTC 2026","passed","Wed Jul 22 18:46:09 UTC 2026","","BaseColumnHeader","",""
"Test cases for TestResources_ListAuditLogs_OnlySkip","0","TestResources_ListAuditLogs_OnlySkip","","Wed Jul 22 18:42:05 UTC 2026","passed","Wed Jul 22 18:42:05 UTC 2026","","Go Test","github.com/specterops/bloodhound/cmd/api/src/api/v2/TestResources_ListAuditLogs_OnlySkip","TestResources_ListAuditLogs_OnlySkip"
"Test cases for Test_ConvertAppFederatedIdentityCredential","0","Test_ConvertAppFederatedIdentityCredential","","Wed Jul 22 18:42:24 UTC 2026","passed","Wed Jul 22 18:42:24 UTC 2026","","Go Test","github.com/specterops/bloodhound/packages/go/ein/Test_ConvertAppFederatedIdentityCredential","Test_ConvertAppFederatedIdentityCredential"
"","33","calls onDataError and renders nothing when the request fails","OpenGraphInfo","Wed Jul 22 18:44:45 UTC 2026","passed","Wed Jul 22 18:44:46 UTC 2026","","","",""
"","6","removes multiple keys from state","useObjectState","Wed Jul 22 18:47:47 UTC 2026","passed","Wed Jul 22 18:47:47 UTC 2026","","","",""
"Test cases for TestNewAuditLog","0","TestNewAuditLog","","Wed Jul 22 18:42:08 UTC 2026","passed","Wed Jul 22 18:42:08 UTC 2026","","Go Test","github.com/specterops/bloodhound/cmd/api/src/database/TestNewAuditLog","TestNewAuditLog"
"","24","should display an error message if data does not return from the API","Context Selector Error","Wed Jul 22 18:44:42 UTC 2026","passed","Wed Jul 22 18:44:42 UTC 2026","","","",""
"","106","renders Empty when items is undefined and Empty is provided","<DetailsAccordion />","Wed Jul 22 18:45:08 UTC 2026","passed","Wed Jul 22 18:45:08 UTC 2026","","","",""
"Test cases for TestManagementResource_ListPermissions_PredicateMismatchWithColumn","0","TestManagementResource_ListPermissions_PredicateMismatchWithColumn","","Wed Jul 22 18:42:11 UTC 2026","passed","Wed Jul 22 18:42:11 UTC 2026","","Go Test","github.com/specterops/bloodhound/cmd/api/src/api/v2/auth/TestManagementResource_ListPermissions_PredicateMismatchWithColumn","TestManagementResource_ListPermissions_PredicateMismatchWithColumn"
"","3","isLoading returns as expected based on all queries combined","queriesAreLoadingOrErrored","Wed Jul 22 18:48:41 UTC 2026","passed","Wed Jul 22 18:48:41 UTC 2026","","","",""
"TestMigrator_GenerateManifest tests the full integrity of a Manifest generatedfrom 3 different Source's:1) Correct number of total migrations detected.2) Correct number of versions detected.3) The VersionTable has all versions, in order.4) All versions have the correct number of migrations.5) Schema files generate v0.0.0 migrations.6) Migrations are ordered within each version, in the order the Source was defined.","0","TestMigrator_GenerateManifest","","Wed Jul 22 18:42:08 UTC 2026","passed","Wed Jul 22 18:42:08 UTC 2026","","Go Test","github.com/specterops/bloodhound/cmd/api/src/database/migration/TestMigrator_GenerateManifest","TestMigrator_GenerateManifest"
"Test cases for Test_HarnessSetup","0","Test_HarnessSetup","","Wed Jul 22 18:42:25 UTC 2026","passed","Wed Jul 22 18:42:25 UTC 2026","","Go Test","github.com/specterops/bloodhound/packages/go/lab/Test_HarnessSetup","Test_HarnessSetup"
"","292","shows ""Clear All"" when all columns are selected","ManageColumnsComboBox","Wed Jul 22 18:45:10 UTC 2026","passed","Wed Jul 22 18:45:10 UTC 2026","","","",""
"","891","should hide Environmental Targeted Access Control panel when showEnvironmentAccessControls prop is true and admin role is selected","UpdateUserForm","Wed Jul 22 18:43:15 UTC 2026","passed","Wed Jul 22 18:43:16 UTC 2026","","","",""
"","58","indicates that filters are inactive","AssetGroupEdit","Wed Jul 22 18:45:15 UTC 2026","passed","Wed Jul 22 18:45:15 UTC 2026","","","",""
"","254","a null response from the server is handled","ExploreSearchCombobox with null response","Wed Jul 22 18:45:18 UTC 2026","passed","Wed Jul 22 18:45:19 UTC 2026","","","",""
"","35","upon selecting just a destination node, updates the URL with a searchType of 'node' and secondarySearch of the node's objectid","usePathfindingSearch","Wed Jul 22 18:45:54 UTC 2026","passed","Wed Jul 22 18:45:54 UTC 2026","","","",""
"Test cases for TestIngestDNRelationship","0","TestIngestDNRelationship","","Wed Jul 22 18:42:16 UTC 2026","passed","Wed Jul 22 18:42:16 UTC 2026","","Go Test","github.com/specterops/bloodhound/cmd/api/src/services/graphify/TestIngestDNRelationship","TestIngestDNRelationship"
"","2525","requires a password to disable MFA for a user when logged in without SSO","Users","Wed Jul 22 18:44:55 UTC 2026","passed","Wed Jul 22 18:44:58 UTC 2026","","","",""
"Copyright 2021 The Go Authors. All rights reserved.TestConcat was ripped from go1.22 source and should be replaced with the stdlib implementation when we move to 1.22Original source: https:","0","TestConcat_too_large","","Wed Jul 22 18:42:27 UTC 2026","passed","Wed Jul 22 18:42:27 UTC 2026","","Go Test","github.com/specterops/bloodhound/packages/go/slicesext/TestConcat_too_large","TestConcat_too_large"
"","1","reports when API error response has errors array","handleError","Wed Jul 22 18:44:40 UTC 2026","passed","Wed Jul 22 18:44:40 UTC 2026","","","",""
"","403","displays default text for domain selector when globalDomain is null","GroupManagement","Wed Jul 22 18:49:32 UTC 2026","passed","Wed Jul 22 18:49:32 UTC 2026","","","",""
"","7","omits sections whose items are all filtered out","useSubNavRoutes","Wed Jul 22 18:45:58 UTC 2026","passed","Wed Jul 22 18:45:58 UTC 2026","","","",""
"Test cases for TestManagementResource_UpdateUser_UserSelfModify","1237","TestManagementResource_UpdateUser_UserSelfModify","","Wed Jul 22 18:42:23 UTC 2026","passed","Wed Jul 22 18:42:24 UTC 2026","","Go Test","github.com/specterops/bloodhound/cmd/api/src/api/v2/auth/TestManagementResource_UpdateUser_UserSelfModify","TestManagementResource_UpdateUser_UserSelfModify"
"","107","initializes search tab to the exploreSearchTab on initial render","ExploreSearch sets searchType on tab changing","Wed Jul 22 18:49:17 UTC 2026","passed","Wed Jul 22 18:49:18 UTC 2026","","","",""
"Test cases for TestMatches_FailureStatus","0","TestMatches_FailureStatus","","Wed Jul 22 18:42:09 UTC 2026","passed","Wed Jul 22 18:42:09 UTC 2026","","Go Test","github.com/specterops/bloodhound/cmd/api/src/model/TestMatches_FailureStatus","TestMatches_FailureStatus"
"","930","displays validation error messages when password does not match confirmation","PasswordDialog","Wed Jul 22 18:43:50 UTC 2026","passed","Wed Jul 22 18:43:51 UTC 2026","","","",""
"","0","returns Cypher message when ruleType is SeedTypeCypher and seeds are required","getErrorMessage","Wed Jul 22 18:44:40 UTC 2026","passed","Wed Jul 22 18:44:40 UTC 2026","","","",""
"","168","a name value is required to submit the form","Rule Form","Wed Jul 22 18:43:15 UTC 2026","passed","Wed Jul 22 18:43:15 UTC 2026","","","",""
"","481","should accept passwords with standard special characters","CreateUserForm","Wed Jul 22 18:43:41 UTC 2026","passed","Wed Jul 22 18:43:41 UTC 2026","","","",""
"","0","handles both node_kinds and edge_kinds together","graphSchema","Wed Jul 22 18:48:01 UTC 2026","passed","Wed Jul 22 18:48:01 UTC 2026","","","",""
"","11","does not open the Schema Upload dialog via drag when the Quick Upload dialog is already open","SchemaUploadDialog","Wed Jul 22 18:44:32 UTC 2026","passed","Wed Jul 22 18:44:32 UTC 2026","","","",""
"","64","should render when search string is at the beginning of the text","HighlightedText","Wed Jul 22 18:47:47 UTC 2026","passed","Wed Jul 22 18:47:47 UTC 2026","","","",""
"","185","renders with the Export and Delete buttons disabled","QuerySearchFilter","Wed Jul 22 18:46:33 UTC 2026","passed","Wed Jul 22 18:46:33 UTC 2026","","","",""
"Test cases for TestExtractIngestFiles","11","TestExtractIngestFiles","","Wed Jul 22 18:42:16 UTC 2026","passed","Wed Jul 22 18:42:16 UTC 2026","","Go Test","github.com/specterops/bloodhound/cmd/api/src/services/graphify/TestExtractIngestFiles","TestExtractIngestFiles"
"","74","has a button with text Clear Filters","AssetGroupEdit","Wed Jul 22 18:45:17 UTC 2026","passed","Wed Jul 22 18:45:17 UTC 2026","","Clear Filters button","",""
"Test cases for TestResources_CreateSavedQuery_CreateFailure","0","TestResources_CreateSavedQuery_CreateFailure","","Wed Jul 22 18:42:05 UTC 2026","passed","Wed Jul 22 18:42:05 UTC 2026","","Go Test","github.com/specterops/bloodhound/cmd/api/src/api/v2/TestResources_CreateSavedQuery_CreateFailure","TestResources_CreateSavedQuery_CreateFailure"
"","10","does not request finished jobs if lacking permission","useFinishedJobs","Wed Jul 22 18:45:50 UTC 2026","passed","Wed Jul 22 18:45:50 UTC 2026","","","",""
"Test cases for TestDisenrollMFA_Failure","0","TestDisenrollMFA_Failure","","Wed Jul 22 18:42:37 UTC 2026","passed","Wed Jul 22 18:42:37 UTC 2026","","Go Test","github.com/specterops/bloodhound/cmd/api/src/api/v2/auth/TestDisenrollMFA_Failure","TestDisenrollMFA_Failure"
"","430","should call onSubmit with one time passcode when check code button clicked","OneTimePasscodeForm","Wed Jul 22 18:47:43 UTC 2026","passed","Wed Jul 22 18:47:43 UTC 2026","","","",""
"","3","wraps a plain value in single quotes","escapeCypherString","Wed Jul 22 18:48:33 UTC 2026","passed","Wed Jul 22 18:48:33 UTC 2026","","","",""
"","3816","checking a single edge type updates its parent and grandparent","Pathfinding","Wed Jul 22 18:44:02 UTC 2026","passed","Wed Jul 22 18:44:06 UTC 2026","","","",""
"Test cases for TestManagementResource_ListRoles_InvalidFilterPredicate","0","TestManagementResource_ListRoles_InvalidFilterPredicate","","Wed Jul 22 18:42:11 UTC 2026","passed","Wed Jul 22 18:42:11 UTC 2026","","Go Test","github.com/specterops/bloodhound/cmd/api/src/api/v2/auth/TestManagementResource_ListRoles_InvalidFilterPredicate","TestManagementResource_ListRoles_InvalidFilterPredicate"
"","418","has date range input filters","FileIngestFilterDialog","Wed Jul 22 18:44:51 UTC 2026","passed","Wed Jul 22 18:44:51 UTC 2026","","Date Range Inputs","",""
"Test cases for TestRoleMembers","0","TestRoleMembers","","Wed Jul 22 18:42:22 UTC 2026","passed","Wed Jul 22 18:42:22 UTC 2026","","Go Test","github.com/specterops/bloodhound/packages/go/analysis/azure/TestRoleMembers","TestRoleMembers"
"Test cases for TestManagementResource_SanitizeAndGetRoles","0","TestManagementResource_SanitizeAndGetRoles","","Wed Jul 22 18:42:47 UTC 2026","passed","Wed Jul 22 18:42:47 UTC 2026","","Go Test","github.com/specterops/bloodhound/cmd/api/src/api/v2/auth/TestManagementResource_SanitizeAndGetRoles","TestManagementResource_SanitizeAndGetRoles"
"","1","stores a number value in localStorage","useLocalStorage","Wed Jul 22 18:45:39 UTC 2026","passed","Wed Jul 22 18:45:39 UTC 2026","","setValue","",""
"Test cases for TestQueries_BuildEntityQueryParams","0","TestQueries_BuildEntityQueryParams","","Wed Jul 22 18:42:11 UTC 2026","passed","Wed Jul 22 18:42:11 UTC 2026","","Go Test","github.com/specterops/bloodhound/cmd/api/src/queries/TestQueries_BuildEntityQueryParams","TestQueries_BuildEntityQueryParams"
"","8","returns undefined query state when itemId is null","useGraphItem","Wed Jul 22 18:45:45 UTC 2026","passed","Wed Jul 22 18:45:45 UTC 2026","","","",""
"Test cases for TestNewFileServiceResolver","4","TestNewFileServiceResolver","","Wed Jul 22 18:42:17 UTC 2026","passed","Wed Jul 22 18:42:17 UTC 2026","","Go Test","github.com/specterops/bloodhound/cmd/api/src/services/storage/TestNewFileServiceResolver","TestNewFileServiceResolver"
"","43","calculates the running time of a job and converts to a human readable format","getSimpleDuration","Wed Jul 22 18:47:48 UTC 2026","passed","Wed Jul 22 18:47:48 UTC 2026","","","",""
"Test cases for TestFilterParseAndValidate_Enrichment","0","TestFilterParseAndValidate_Enrichment","","Wed Jul 22 18:42:27 UTC 2026","passed","Wed Jul 22 18:42:27 UTC 2026","","Go Test","github.com/specterops/bloodhound/packages/go/params/TestFilterParseAndValidate_Enrichment","TestFilterParseAndValidate_Enrichment"
"","147","calls onConfirm when confirm button clicked","EarlyAccessFeaturesWarningDialog","Wed Jul 22 18:49:53 UTC 2026","passed","Wed Jul 22 18:49:53 UTC 2026","","","",""
"Test cases for TestResources_GetSearchResult_ETAC","25","TestResources_GetSearchResult_ETAC","","Wed Jul 22 18:42:05 UTC 2026","passed","Wed Jul 22 18:42:05 UTC 2026","","Go Test","github.com/specterops/bloodhound/cmd/api/src/api/v2/TestResources_GetSearchResult_ETAC","TestResources_GetSearchResult_ETAC"
"","78","renders the title passed via title prop","ColumnHeaders","Wed Jul 22 18:46:09 UTC 2026","passed","Wed Jul 22 18:46:09 UTC 2026","","BaseColumnHeader","",""
"","10","can composes search params from the search prop and use them in the redirect","AppNavigate","Wed Jul 22 18:47:15 UTC 2026","passed","Wed Jul 22 18:47:15 UTC 2026","","","",""
"","2","returns true when the response contains relationship_id","isRelationshipResponse","Wed Jul 22 18:45:45 UTC 2026","passed","Wed Jul 22 18:45:45 UTC 2026","","","",""
"Test cases for TestArgon2_ParseDigest","0","TestArgon2_ParseDigest","","Wed Jul 22 18:42:23 UTC 2026","passed","Wed Jul 22 18:42:23 UTC 2026","","Go Test","github.com/specterops/bloodhound/packages/go/crypto/TestArgon2_ParseDigest","TestArgon2_ParseDigest"
"","27","sets autoDisplayTable to false if query type is node","useExploreTableAutoDisplay","Wed Jul 22 18:47:19 UTC 2026","passed","Wed Jul 22 18:47:19 UTC 2026","","","",""
"","61","should hide Environmental Targeted Access Control panel when showEnvironmentAccessControls prop is false","UpdateUserForm","Wed Jul 22 18:43:16 UTC 2026","passed","Wed Jul 22 18:43:16 UTC 2026","","","",""
"Test cases for TestContextMiddleware_InvalidWait","0","TestContextMiddleware_InvalidWait","","Wed Jul 22 18:41:56 UTC 2026","passed","Wed Jul 22 18:41:56 UTC 2026","","Go Test","github.com/specterops/bloodhound/cmd/api/src/api/middleware/TestContextMiddleware_InvalidWait","TestContextMiddleware_InvalidWait"
"Test cases for TestRegister","0","TestRegister","","Wed Jul 22 18:42:44 UTC 2026","passed","Wed Jul 22 18:42:44 UTC 2026","","Go Test","github.com/specterops/bloodhound/server/identity/internal/routes/TestRegister","TestRegister"
"","1361","when user performs a single node search, the selected node carries over to the `start node` input field on the pathfinding tab","ExploreSearch interaction","Wed Jul 22 18:49:18 UTC 2026","passed","Wed Jul 22 18:49:19 UTC 2026","","","",""
"","307","does not render an edit form for the selected asset group when a user does not have graph write permissions","GroupManagement","Wed Jul 22 18:49:33 UTC 2026","passed","Wed Jul 22 18:49:33 UTC 2026","","","",""
"","0","returns default error message for unknown API messages","getErrorMessage","Wed Jul 22 18:44:40 UTC 2026","passed","Wed Jul 22 18:44:40 UTC 2026","","","",""
"","11","does not set the document title when no title prop is provided","PageWithTitle","Wed Jul 22 18:48:37 UTC 2026","passed","Wed Jul 22 18:48:37 UTC 2026","","","",""
"","236","should not render list items for domains that are not collected","Context Selector","Wed Jul 22 18:44:42 UTC 2026","passed","Wed Jul 22 18:44:42 UTC 2026","","","",""
"Test cases for TestInt64Pointer","0","TestInt64Pointer","","Wed Jul 22 18:42:08 UTC 2026","passed","Wed Jul 22 18:42:08 UTC 2026","","Go Test","github.com/specterops/bloodhound/cmd/api/src/database/types/null/TestInt64Pointer","TestInt64Pointer"
"","51","Should display a list of the asset group members","AssetGroupMemberList","Wed Jul 22 18:47:46 UTC 2026","passed","Wed Jul 22 18:47:46 UTC 2026","","","",""
"Test cases for TestGormLogAdapter_Info","0","TestGormLogAdapter_Info","","Wed Jul 22 18:42:08 UTC 2026","passed","Wed Jul 22 18:42:08 UTC 2026","","Go Test","github.com/specterops/bloodhound/cmd/api/src/database/TestGormLogAdapter_Info","TestGormLogAdapter_Info"
"","229","only sends dirty fields in the request when updating","Tag Form","Wed Jul 22 18:43:04 UTC 2026","passed","Wed Jul 22 18:43:04 UTC 2026","","","",""
"","231","shows ""Select All"" when not all columns are selected","ManageColumnsComboBox","Wed Jul 22 18:45:10 UTC 2026","passed","Wed Jul 22 18:45:10 UTC 2026","","","",""
"","80","renders an input box","SearchBar","Wed Jul 22 18:48:25 UTC 2026","passed","Wed Jul 22 18:48:25 UTC 2026","","","",""
"Test cases for TestFloatSetValid","0","TestFloatSetValid","","Wed Jul 22 18:42:08 UTC 2026","passed","Wed Jul 22 18:42:08 UTC 2026","","Go Test","github.com/specterops/bloodhound/cmd/api/src/database/types/null/TestFloatSetValid","TestFloatSetValid"
"","96","updates value when an invalid date typed","ManagedDatePicker - value","Wed Jul 22 18:46:10 UTC 2026","passed","Wed Jul 22 18:46:10 UTC 2026","","","",""
"","1596","should display a dropdown when a user types a partial query that can be autocompleted","CypherSearch","Wed Jul 22 18:43:55 UTC 2026","passed","Wed Jul 22 18:43:56 UTC 2026","","","",""
"","62","does not mutate the original items array when sorting","KindInfoItems","Wed Jul 22 18:45:41 UTC 2026","passed","Wed Jul 22 18:45:41 UTC 2026","","","",""
"","69","populates the node search field when the 'primarySearch' query param is set","useNodeSearch","Wed Jul 22 18:47:35 UTC 2026","passed","Wed Jul 22 18:47:35 UTC 2026","","","",""
"","93","List Display Roles Hook is Loading","useListDisplayRoles","Wed Jul 22 18:44:57 UTC 2026","passed","Wed Jul 22 18:44:57 UTC 2026","","","",""
"","22","upon selecting a source and destination node, updates the URL with a searchType of 'pathfinding' and the object ids for the source and destination nodes","usePathfindingSearch","Wed Jul 22 18:45:54 UTC 2026","passed","Wed Jul 22 18:45:54 UTC 2026","","","",""
"","226","clears value if input is empty","ManagedDatePicker - input","Wed Jul 22 18:46:10 UTC 2026","passed","Wed Jul 22 18:46:10 UTC 2026","","","",""
"Test cases for Test_filterAndFormatSearchResults_filterEnvironmentsOG","0","Test_filterAndFormatSearchResults_filterEnvironmentsOG","","Wed Jul 22 18:42:05 UTC 2026","passed","Wed Jul 22 18:42:05 UTC 2026","","Go Test","github.com/specterops/bloodhound/cmd/api/src/api/v2/Test_filterAndFormatSearchResults_filterEnvironmentsOG","Test_filterAndFormatSearchResults_filterEnvironmentsOG"
"","12","upon performing a search, updates the url params with the base64-encoded current query and sets searchType to 'cypher'","useCypherSearch","Wed Jul 22 18:48:09 UTC 2026","passed","Wed Jul 22 18:48:09 UTC 2026","","","",""
"Test cases for TestParseFilterOperator","0","TestParseFilterOperator","","Wed Jul 22 18:42:27 UTC 2026","passed","Wed Jul 22 18:42:27 UTC 2026","","Go Test","github.com/specterops/bloodhound/packages/go/params/TestParseFilterOperator","TestParseFilterOperator"
"","44","renders a button","CreateMenu","Wed Jul 22 18:45:20 UTC 2026","passed","Wed Jul 22 18:45:20 UTC 2026","","oidc_support feature flag disabled","",""
"","0","reports an API error when the name for the rule is not unique","handleError","Wed Jul 22 18:44:40 UTC 2026","passed","Wed Jul 22 18:44:40 UTC 2026","","","",""
"","0","returns empty sets when highlightedItem is null","SigmaChart Utils","Wed Jul 22 18:49:37 UTC 2026","passed","Wed Jul 22 18:49:37 UTC 2026","","getFullPathHighlightedEntities","",""
"","3815","Sort arrow is visible and direction is correct","ExploreTable","Wed Jul 22 18:43:17 UTC 2026","passed","Wed Jul 22 18:43:20 UTC 2026","","","",""
"Test cases for TestNormalizeToUTF8","0","TestNormalizeToUTF8","","Wed Jul 22 18:42:23 UTC 2026","passed","Wed Jul 22 18:42:23 UTC 2026","","Go Test","github.com/specterops/bloodhound/packages/go/bomenc/TestNormalizeToUTF8","TestNormalizeToUTF8"
"","764","renders group and tenant dropdown selectors","GroupManagement","Wed Jul 22 18:49:31 UTC 2026","passed","Wed Jul 22 18:49:32 UTC 2026","","","",""
"Test cases for TestHandlers_IsEnabled","0","TestHandlers_IsEnabled","","Wed Jul 22 18:42:38 UTC 2026","passed","Wed Jul 22 18:42:38 UTC 2026","","Go Test","github.com/specterops/bloodhound/server/featureflags/internal/handlers/TestHandlers_IsEnabled","TestHandlers_IsEnabled"
"Test cases for TestStore_GetFlagByID","0","TestStore_GetFlagByID","","Wed Jul 22 18:42:38 UTC 2026","passed","Wed Jul 22 18:42:38 UTC 2026","","Go Test","github.com/specterops/bloodhound/server/featureflags/internal/appdb/TestStore_GetFlagByID","TestStore_GetFlagByID"
"","77","does not list sso providers for a role without both the manage providers and read provider permissions","SSOConfiguration","Wed Jul 22 18:44:35 UTC 2026","passed","Wed Jul 22 18:44:35 UTC 2026","","","",""
"","0","does not set environment_kind_id on the known types","getOpenGraphEnvironmentInfoMap","Wed Jul 22 18:43:22 UTC 2026","passed","Wed Jul 22 18:43:22 UTC 2026","","","",""
"Test cases for TestDatabase_GetAssetGroupTag","1","TestDatabase_GetAssetGroupTag","","Wed Jul 22 18:42:05 UTC 2026","passed","Wed Jul 22 18:42:05 UTC 2026","","Go Test","github.com/specterops/bloodhound/cmd/api/src/api/v2/TestDatabase_GetAssetGroupTag","TestDatabase_GetAssetGroupTag"
"","4","uses sequentialLayout by default","Explore utils","Wed Jul 22 18:49:28 UTC 2026","passed","Wed Jul 22 18:49:28 UTC 2026","","initGraph","",""
"Test cases for TestTimeFrom","0","TestTimeFrom","","Wed Jul 22 18:42:08 UTC 2026","passed","Wed Jul 22 18:42:08 UTC 2026","","Go Test","github.com/specterops/bloodhound/cmd/api/src/database/types/null/TestTimeFrom","TestTimeFrom"
"","3","accepts a sort and compare function","areArraysSimilar","Wed Jul 22 18:48:12 UTC 2026","passed","Wed Jul 22 18:48:12 UTC 2026","","","",""
"","128","does not show ""<10 Days to Expire"" warning when token expires in more than 10 days","UserTokenManagementDialog - API Expiration Date column","Wed Jul 22 18:45:04 UTC 2026","passed","Wed Jul 22 18:45:05 UTC 2026","","","",""
"","156","links to the specified route with global params intact","AppLink","Wed Jul 22 18:46:40 UTC 2026","passed","Wed Jul 22 18:46:40 UTC 2026","","","",""
"","2188","""Columns"" button allows user to edit column settings","ExploreTable","Wed Jul 22 18:42:57 UTC 2026","passed","Wed Jul 22 18:42:59 UTC 2026","","","",""
"","9","renders TenantInfo for a collected azure environment","getStatsComponent","Wed Jul 22 18:47:08 UTC 2026","passed","Wed Jul 22 18:47:08 UTC 2026","","","",""
"","508","should not have less characters than the minimum requirement","UpdateUserForm","Wed Jul 22 18:43:11 UTC 2026","passed","Wed Jul 22 18:43:12 UTC 2026","","","",""
"","464","does fires TagToZoneDialog when the Zone option is clicked","TagToZoneLabel","Wed Jul 22 18:43:22 UTC 2026","passed","Wed Jul 22 18:43:22 UTC 2026","","","",""
"Test cases for TestDomainSelectors_GetFilterCriteria_InvalidFilterColumn","0","TestDomainSelectors_GetFilterCriteria_InvalidFilterColumn","","Wed Jul 22 18:42:09 UTC 2026","passed","Wed Jul 22 18:42:09 UTC 2026","","Go Test","github.com/specterops/bloodhound/cmd/api/src/model/TestDomainSelectors_GetFilterCriteria_InvalidFilterColumn","TestDomainSelectors_GetFilterCriteria_InvalidFilterColumn"
"Test cases for TestLocalStore_Copy","25","TestLocalStore_Copy","","Wed Jul 22 18:42:29 UTC 2026","passed","Wed Jul 22 18:42:29 UTC 2026","","Go Test","github.com/specterops/bloodhound/packages/go/storage/TestLocalStore_Copy","TestLocalStore_Copy"
"Test cases for Test_PrimaryNodeKind","0","Test_PrimaryNodeKind","","Wed Jul 22 18:42:24 UTC 2026","passed","Wed Jul 22 18:42:24 UTC 2026","","Go Test","github.com/specterops/bloodhound/packages/go/graphschema/Test_PrimaryNodeKind","Test_PrimaryNodeKind"
"","499","should render inputs, labels, and action buttons","UpsertSAMLProviderForm","Wed Jul 22 18:47:22 UTC 2026","passed","Wed Jul 22 18:47:23 UTC 2026","","","",""
"","55","should should reflect the NOT checked state for public query","SavedQueryPermissions","Wed Jul 22 18:46:49 UTC 2026","passed","Wed Jul 22 18:46:49 UTC 2026","","","",""
"","491","toggles a source kind off from all selected nested graph data options","GraphDataCheckboxes","Wed Jul 22 18:44:26 UTC 2026","passed","Wed Jul 22 18:44:27 UTC 2026","","","",""
"","125","renders error message on error","ObjectCountPanel","Wed Jul 22 18:47:57 UTC 2026","passed","Wed Jul 22 18:47:57 UTC 2026","","","",""
"","1","returns a comma separated number when provided with a number > 999","numberFormatting","Wed Jul 22 18:46:16 UTC 2026","passed","Wed Jul 22 18:46:16 UTC 2026","","","",""
"","1659","reverts to the default unselected state when the user de-selects the currently selected graph layout","GraphView","Wed Jul 22 18:49:13 UTC 2026","passed","Wed Jul 22 18:49:15 UTC 2026","","Layout selection and de-selection","",""
"Test cases for TestIntIsZero","0","TestIntIsZero","","Wed Jul 22 18:42:08 UTC 2026","passed","Wed Jul 22 18:42:08 UTC 2026","","Go Test","github.com/specterops/bloodhound/cmd/api/src/database/types/null/TestIntIsZero","TestIntIsZero"
"","369","calls openSAMLProviderDialog when SAML Provider menu item is clicked","CreateMenu","Wed Jul 22 18:45:19 UTC 2026","passed","Wed Jul 22 18:45:20 UTC 2026","","oidc_support feature flag enabled","",""
"","56","sorts by node_kind_id as tertiary key when position and title are equal","KindInfoItems","Wed Jul 22 18:45:41 UTC 2026","passed","Wed Jul 22 18:45:41 UTC 2026","","","",""
"Test cases for TestMinMaxValidator","1","TestMinMaxValidator","","Wed Jul 22 18:42:20 UTC 2026","passed","Wed Jul 22 18:42:20 UTC 2026","","Go Test","github.com/specterops/bloodhound/cmd/api/src/utils/validation/TestMinMaxValidator","TestMinMaxValidator"
"Test cases for TestResources_DeleteSavedQuery_NotAUserAuth","0","TestResources_DeleteSavedQuery_NotAUserAuth","","Wed Jul 22 18:42:05 UTC 2026","passed","Wed Jul 22 18:42:05 UTC 2026","","Go Test","github.com/specterops/bloodhound/cmd/api/src/api/v2/TestResources_DeleteSavedQuery_NotAUserAuth","TestResources_DeleteSavedQuery_NotAUserAuth"
"","1","returns a function that takes a key found in updatedParams and updates the searchParams with that matching value from updatedParams","searchParams","Wed Jul 22 18:47:00 UTC 2026","passed","Wed Jul 22 18:47:00 UTC 2026","","setSingleParamFactory","",""
"","11","navigates to the specified route with global params intact when triggered by a splat route","AppNavigate","Wed Jul 22 18:47:15 UTC 2026","passed","Wed Jul 22 18:47:15 UTC 2026","","","",""
"","182","renders the form for editing an existing label","Tag Form","Wed Jul 22 18:43:02 UTC 2026","passed","Wed Jul 22 18:43:02 UTC 2026","","","",""
"","1","should compute offset vertices for bezier curves at a given intersection","bezier","Wed Jul 22 18:49:36 UTC 2026","passed","Wed Jul 22 18:49:36 UTC 2026","","","",""
"","11","renders without label when label is empty string","StatusIndicator","Wed Jul 22 18:48:32 UTC 2026","passed","Wed Jul 22 18:48:32 UTC 2026","","","",""
"Test cases for TestResources_GetAssetGroupMemberCount_IDMalformed","0","TestResources_GetAssetGroupMemberCount_IDMalformed","","Wed Jul 22 18:42:05 UTC 2026","passed","Wed Jul 22 18:42:05 UTC 2026","","Go Test","github.com/specterops/bloodhound/cmd/api/src/api/v2/TestResources_GetAssetGroupMemberCount_IDMalformed","TestResources_GetAssetGroupMemberCount_IDMalformed"
"","425","sets exploreSearchTab param to node when the user clicks the `Search` tab","ExploreSearch sets searchType on tab changing","Wed Jul 22 18:49:16 UTC 2026","passed","Wed Jul 22 18:49:16 UTC 2026","","","",""
"","98","shows the direct object and expanded object list when results are present for both","Seed Selection Results","Wed Jul 22 18:45:04 UTC 2026","passed","Wed Jul 22 18:45:04 UTC 2026","","","",""
"","0","fails for empty password","testPassword","Wed Jul 22 18:48:38 UTC 2026","passed","Wed Jul 22 18:48:38 UTC 2026","","","",""
"","4","The data is loading","Getting the text for the disabled item display for a search when there are no results","Wed Jul 22 18:47:30 UTC 2026","passed","Wed Jul 22 18:47:30 UTC 2026","","Loading states","",""
"","289","should display correctly","ConfirmationDialog","Wed Jul 22 18:48:27 UTC 2026","passed","Wed Jul 22 18:48:27 UTC 2026","","","",""
"","3","returns the full inbound and outbound path when selecting a middle node","SigmaChart Utils","Wed Jul 22 18:49:37 UTC 2026","passed","Wed Jul 22 18:49:37 UTC 2026","when a node is selected","getFullPathHighlightedEntities","",""
"","418","closes confirmation dialog when cancel is clicked","ActiveExtensionsCard","Wed Jul 22 18:43:31 UTC 2026","passed","Wed Jul 22 18:43:31 UTC 2026","","","",""
"","0","returns false if value is 'array'","searchParams","Wed Jul 22 18:47:00 UTC 2026","passed","Wed Jul 22 18:47:00 UTC 2026","","isEmptyParam","",""
"","0","excludes non-collected environments when risk filter is active","filterAndSearchEnvironments","Wed Jul 22 18:43:22 UTC 2026","passed","Wed Jul 22 18:43:22 UTC 2026","","risk filters","",""
"","141","should show a copy button if the cells text if the cell is not a boolean","ExploreTableDataCell","Wed Jul 22 18:47:51 UTC 2026","passed","Wed Jul 22 18:47:51 UTC 2026","","","",""
"","347","opens the dropdown when the Columns button is clicked","ManageColumnsComboBox","Wed Jul 22 18:45:09 UTC 2026","passed","Wed Jul 22 18:45:10 UTC 2026","","","",""
"Test cases for TestOpenScratchReadSeeker","11","TestOpenScratchReadSeeker","","Wed Jul 22 18:42:16 UTC 2026","passed","Wed Jul 22 18:42:16 UTC 2026","","Go Test","github.com/specterops/bloodhound/cmd/api/src/services/graphify/TestOpenScratchReadSeeker","TestOpenScratchReadSeeker"
"","11","respects the initial sort state parameters passed in","useSortParams","Wed Jul 22 18:46:52 UTC 2026","passed","Wed Jul 22 18:46:52 UTC 2026","","","",""
"Test cases for TestUpload_WriteAndValidateFile","2","TestUpload_WriteAndValidateFile","","Wed Jul 22 18:42:17 UTC 2026","passed","Wed Jul 22 18:42:17 UTC 2026","","Go Test","github.com/specterops/bloodhound/cmd/api/src/services/upload/TestUpload_WriteAndValidateFile","TestUpload_WriteAndValidateFile"
"","234","renders a graph if the query has any node edges","GraphView","Wed Jul 22 18:49:09 UTC 2026","passed","Wed Jul 22 18:49:10 UTC 2026","","","",""
"","20","renders disabled prop when flag is not enabled","FeatureFlag","Wed Jul 22 18:47:28 UTC 2026","passed","Wed Jul 22 18:47:28 UTC 2026","","","",""
"Test cases for TestLocalStore_List","43","TestLocalStore_List","","Wed Jul 22 18:42:29 UTC 2026","passed","Wed Jul 22 18:42:29 UTC 2026","","Go Test","github.com/specterops/bloodhound/packages/go/storage/TestLocalStore_List","TestLocalStore_List"
"","30","returns initialValue when the key is absent from localStorage","useLocalStorage","Wed Jul 22 18:45:39 UTC 2026","passed","Wed Jul 22 18:45:39 UTC 2026","","initial value","",""
"","3","should compute normal vectors for line segments","bezier","Wed Jul 22 18:49:36 UTC 2026","passed","Wed Jul 22 18:49:36 UTC 2026","","","",""
"Test cases for TestTrackerBuilder_Build_SortsKeysAndIDs","0","TestTrackerBuilder_Build_SortsKeysAndIDs","","Wed Jul 22 18:42:22 UTC 2026","passed","Wed Jul 22 18:42:22 UTC 2026","","Go Test","github.com/specterops/bloodhound/packages/go/analysis/post/TestTrackerBuilder_Build_SortsKeysAndIDs","TestTrackerBuilder_Build_SortsKeysAndIDs"
"","503","Expand button causes table to expand to full height","ExploreTable","Wed Jul 22 18:43:01 UTC 2026","passed","Wed Jul 22 18:43:01 UTC 2026","","","",""
"Test cases for TestRoleAssignments_NodeHasRole","0","TestRoleAssignments_NodeHasRole","","Wed Jul 22 18:42:22 UTC 2026","passed","Wed Jul 22 18:42:22 UTC 2026","","Go Test","github.com/specterops/bloodhound/packages/go/analysis/azure/TestRoleAssignments_NodeHasRole","TestRoleAssignments_NodeHasRole"
"Test cases for TestResources_ListAuditLogs_Filtered","0","TestResources_ListAuditLogs_Filtered","","Wed Jul 22 18:42:05 UTC 2026","passed","Wed Jul 22 18:42:05 UTC 2026","","Go Test","github.com/specterops/bloodhound/cmd/api/src/api/v2/TestResources_ListAuditLogs_Filtered","TestResources_ListAuditLogs_Filtered"
"","237","should display a searchbox with a placeholder when rendered","AssetGroupEdit","Wed Jul 22 18:46:42 UTC 2026","passed","Wed Jul 22 18:46:42 UTC 2026","","","",""
"Test cases for TestWriteBinaryResponse","0","TestWriteBinaryResponse","","Wed Jul 22 18:41:54 UTC 2026","passed","Wed Jul 22 18:41:54 UTC 2026","","Go Test","github.com/specterops/bloodhound/cmd/api/src/api/TestWriteBinaryResponse","TestWriteBinaryResponse"
"","377","displays a completion of 100% and adds a ""Close"" button that closes the dialog after a successful upload","SchemaUploadDialog","Wed Jul 22 18:44:34 UTC 2026","passed","Wed Jul 22 18:44:34 UTC 2026","","","",""
"","1","returns propertyKeys from all three kind property enums","graphSchema","Wed Jul 22 18:48:01 UTC 2026","passed","Wed Jul 22 18:48:01 UTC 2026","","","",""
"Test cases for TestStore_List","25","TestStore_List","","Wed Jul 22 18:42:29 UTC 2026","passed","Wed Jul 22 18:42:29 UTC 2026","","Go Test","github.com/specterops/bloodhound/packages/go/storage/TestStore_List","TestStore_List"
"Test cases for TestDatabase_GetAssetGroupTagSelector","2","TestDatabase_GetAssetGroupTagSelector","","Wed Jul 22 18:42:05 UTC 2026","passed","Wed Jul 22 18:42:05 UTC 2026","","Go Test","github.com/specterops/bloodhound/cmd/api/src/api/v2/TestDatabase_GetAssetGroupTagSelector","TestDatabase_GetAssetGroupTagSelector"
"Test cases for TestResources_ListADDomainForeignAdmins","0","TestResources_ListADDomainForeignAdmins","","Wed Jul 22 18:42:05 UTC 2026","passed","Wed Jul 22 18:42:05 UTC 2026","","Go Test","github.com/specterops/bloodhound/cmd/api/src/api/v2/TestResources_ListADDomainForeignAdmins","TestResources_ListADDomainForeignAdmins"
"Test cases for TestWriteResultRawJson","0","TestWriteResultRawJson","","Wed Jul 22 18:42:19 UTC 2026","passed","Wed Jul 22 18:42:19 UTC 2026","","Go Test","github.com/specterops/bloodhound/cmd/api/src/utils/TestWriteResultRawJson","TestWriteResultRawJson"
"Test cases for TestUnmarshalTimeText","0","TestUnmarshalTimeText","","Wed Jul 22 18:42:08 UTC 2026","passed","Wed Jul 22 18:42:08 UTC 2026","","Go Test","github.com/specterops/bloodhound/cmd/api/src/database/types/null/TestUnmarshalTimeText","TestUnmarshalTimeText"
"","449","renders a non-primary button as expected","DropdownSelector","Wed Jul 22 18:47:13 UTC 2026","passed","Wed Jul 22 18:47:14 UTC 2026","","","",""
"Test cases for TestIntFromPtr","0","TestIntFromPtr","","Wed Jul 22 18:42:08 UTC 2026","passed","Wed Jul 22 18:42:08 UTC 2026","","Go Test","github.com/specterops/bloodhound/cmd/api/src/database/types/null/TestIntFromPtr","TestIntFromPtr"
"","282","Displays a notification when an error happened when requesting analysis","AnalyzeNowConfiguration","Wed Jul 22 18:45:38 UTC 2026","passed","Wed Jul 22 18:45:39 UTC 2026","","","",""
"Test cases for TestGetChainedDomains_IgnoresForestHosting","0","TestGetChainedDomains_IgnoresForestHosting","","Wed Jul 22 18:42:22 UTC 2026","passed","Wed Jul 22 18:42:22 UTC 2026","","Go Test","github.com/specterops/bloodhound/packages/go/analysis/ad/TestGetChainedDomains_IgnoresForestHosting","TestGetChainedDomains_IgnoresForestHosting"
"Test cases for TestArgon2Digest_String","0","TestArgon2Digest_String","","Wed Jul 22 18:42:23 UTC 2026","passed","Wed Jul 22 18:42:23 UTC 2026","","Go Test","github.com/specterops/bloodhound/packages/go/crypto/TestArgon2Digest_String","TestArgon2Digest_String"
"","434","should not call onSave when Save button is clicked and form input is invalid","UpdateUserDialog","Wed Jul 22 18:44:20 UTC 2026","passed","Wed Jul 22 18:44:20 UTC 2026","","","",""
"","245","shows a loading state","FileIngestTable","Wed Jul 22 18:44:09 UTC 2026","passed","Wed Jul 22 18:44:09 UTC 2026","","","",""
"","3","returns {enabled: false} if there is not a match on the switch statement","useExploreGraph","Wed Jul 22 18:44:38 UTC 2026","passed","Wed Jul 22 18:44:38 UTC 2026","","exploreGraphQueryFactory","",""
"","0","fails for password without special characters","testPassword","Wed Jul 22 18:48:38 UTC 2026","passed","Wed Jul 22 18:48:38 UTC 2026","","","",""
"","80","displays the value thats passed via children","CodeController","Wed Jul 22 18:48:19 UTC 2026","passed","Wed Jul 22 18:48:19 UTC 2026","","","",""
"","68","populates the source and destination node fields when query params are passed","usePathfindingSearch","Wed Jul 22 18:45:54 UTC 2026","passed","Wed Jul 22 18:45:54 UTC 2026","","","",""
"","181","opens and closes the dialog with the cancel button","Tag Form","Wed Jul 22 18:43:05 UTC 2026","passed","Wed Jul 22 18:43:05 UTC 2026","","","",""
"Test cases for Test_CheckAccessToEnvironments","52","Test_CheckAccessToEnvironments","","Wed Jul 22 18:42:05 UTC 2026","passed","Wed Jul 22 18:42:05 UTC 2026","","Go Test","github.com/specterops/bloodhound/cmd/api/src/api/v2/Test_CheckAccessToEnvironments","Test_CheckAccessToEnvironments"
"Test cases for TestGetScheme","0","TestGetScheme","","Wed Jul 22 18:41:56 UTC 2026","passed","Wed Jul 22 18:41:56 UTC 2026","","Go Test","github.com/specterops/bloodhound/cmd/api/src/api/middleware/TestGetScheme","TestGetScheme"
"","444","Displays a modal after clicking Analyze Now button and run analysis after clicking confirm","AnalyzeNowConfiguration","Wed Jul 22 18:45:38 UTC 2026","passed","Wed Jul 22 18:45:38 UTC 2026","","","",""
"Test cases for TestResources_ListADDomainInboundTrusts","1","TestResources_ListADDomainInboundTrusts","","Wed Jul 22 18:42:05 UTC 2026","passed","Wed Jul 22 18:42:05 UTC 2026","","Go Test","github.com/specterops/bloodhound/cmd/api/src/api/v2/TestResources_ListADDomainInboundTrusts","TestResources_ListADDomainInboundTrusts"
"","19","does not add a query param if the search term is empty","useNodeSearch","Wed Jul 22 18:47:35 UTC 2026","passed","Wed Jul 22 18:47:35 UTC 2026","","","",""
"Test cases for TestBuildSQLSort","2","TestBuildSQLSort","","Wed Jul 22 18:41:54 UTC 2026","passed","Wed Jul 22 18:41:54 UTC 2026","","Go Test","github.com/specterops/bloodhound/cmd/api/src/api/TestBuildSQLSort","TestBuildSQLSort"
"","2940","should close the edge filtering dialog when user clicks cancel button","EdgeFilter","Wed Jul 22 18:46:05 UTC 2026","passed","Wed Jul 22 18:46:08 UTC 2026","","","",""
"Test cases for TestManagementResource_ListRoles_SortingError","0","TestManagementResource_ListRoles_SortingError","","Wed Jul 22 18:42:11 UTC 2026","passed","Wed Jul 22 18:42:11 UTC 2026","","Go Test","github.com/specterops/bloodhound/cmd/api/src/api/v2/auth/TestManagementResource_ListRoles_SortingError","TestManagementResource_ListRoles_SortingError"
"","761","should not call onSubmit when expired password is not supplied when reset password button clicked","PasswordResetForm","Wed Jul 22 18:46:02 UTC 2026","passed","Wed Jul 22 18:46:03 UTC 2026","","","",""
"","81","should have a .z-nav class","MainNav","Wed Jul 22 18:45:37 UTC 2026","passed","Wed Jul 22 18:45:37 UTC 2026","","","",""
"Test cases for TestMap","0","TestMap","","Wed Jul 22 18:42:27 UTC 2026","passed","Wed Jul 22 18:42:27 UTC 2026","","Go Test","github.com/specterops/bloodhound/packages/go/slicesext/TestMap","TestMap"
"","123","does not open the dialog when the user does not have the opengraph write permission","SchemaUploadDialog","Wed Jul 22 18:44:32 UTC 2026","passed","Wed Jul 22 18:44:32 UTC 2026","","","",""
"Test cases for TestResources_ListAuditLogs_InvalidColumn","0","TestResources_ListAuditLogs_InvalidColumn","","Wed Jul 22 18:42:05 UTC 2026","passed","Wed Jul 22 18:42:05 UTC 2026","","Go Test","github.com/specterops/bloodhound/cmd/api/src/api/v2/TestResources_ListAuditLogs_InvalidColumn","TestResources_ListAuditLogs_InvalidColumn"
"Test cases for TestManagementResource_DeleteOIDCProvider","1","TestManagementResource_DeleteOIDCProvider","","Wed Jul 22 18:42:47 UTC 2026","passed","Wed Jul 22 18:42:47 UTC 2026","","Go Test","github.com/specterops/bloodhound/cmd/api/src/api/v2/auth/TestManagementResource_DeleteOIDCProvider","TestManagementResource_DeleteOIDCProvider"
"","0","should be case-insensitive when matching by path","opsFilter","Wed Jul 22 18:47:31 UTC 2026","passed","Wed Jul 22 18:47:31 UTC 2026","","","",""
"","462","clears the applied filter","FileIngestFilterDialog","Wed Jul 22 18:44:53 UTC 2026","passed","Wed Jul 22 18:44:54 UTC 2026","","User Select","",""
"","2017","should remove the option from the changelog when the corresponding button is clicked","AssetGroupEdit","Wed Jul 22 18:46:46 UTC 2026","passed","Wed Jul 22 18:46:48 UTC 2026","","","",""
"","431","eventually displays a list of early access features when warning dialog is accepted","EarlyAccessFeatures","Wed Jul 22 18:49:35 UTC 2026","passed","Wed Jul 22 18:49:35 UTC 2026","","","",""
"Test cases for TestResources_ListTrustedCAs","0","TestResources_ListTrustedCAs","","Wed Jul 22 18:42:05 UTC 2026","passed","Wed Jul 22 18:42:05 UTC 2026","","Go Test","github.com/specterops/bloodhound/cmd/api/src/api/v2/TestResources_ListTrustedCAs","TestResources_ListTrustedCAs"
"Test cases for TestWriteAndValidateJSON_NormalizationError","5","TestWriteAndValidateJSON_NormalizationError","","Wed Jul 22 18:42:17 UTC 2026","passed","Wed Jul 22 18:42:17 UTC 2026","","Go Test","github.com/specterops/bloodhound/cmd/api/src/services/upload/TestWriteAndValidateJSON_NormalizationError","TestWriteAndValidateJSON_NormalizationError"
"Test cases for TestParseLimitQueryParameter","0","TestParseLimitQueryParameter","","Wed Jul 22 18:42:05 UTC 2026","passed","Wed Jul 22 18:42:05 UTC 2026","","Go Test","github.com/specterops/bloodhound/cmd/api/src/api/v2/TestParseLimitQueryParameter","TestParseLimitQueryParameter"
"","498","disables any available button toggles if the user lacks the permission","EarlyAccessFeatures","Wed Jul 22 18:49:36 UTC 2026","passed","Wed Jul 22 18:49:37 UTC 2026","","","",""
"Test cases for TestAddWhereClauseToNeo4jQuery_WithWhereClause","0","TestAddWhereClauseToNeo4jQuery_WithWhereClause","","Wed Jul 22 18:42:05 UTC 2026","passed","Wed Jul 22 18:42:05 UTC 2026","","Go Test","github.com/specterops/bloodhound/cmd/api/src/api/v2/TestAddWhereClauseToNeo4jQuery_WithWhereClause","TestAddWhereClauseToNeo4jQuery_WithWhereClause"
"","253","closes the dialog when the ""Cancel"" button is clicked","SchemaUploadDialog","Wed Jul 22 18:44:33 UTC 2026","passed","Wed Jul 22 18:44:33 UTC 2026","","","",""
"Test cases for TestGetLatestQueryParameter","0","TestGetLatestQueryParameter","","Wed Jul 22 18:42:05 UTC 2026","passed","Wed Jul 22 18:42:05 UTC 2026","","Go Test","github.com/specterops/bloodhound/cmd/api/src/api/v2/TestGetLatestQueryParameter","TestGetLatestQueryParameter"
"Test cases for TestURLJoinPathNoPrefix","0","TestURLJoinPathNoPrefix","","Wed Jul 22 18:41:54 UTC 2026","passed","Wed Jul 22 18:41:54 UTC 2026","","Go Test","github.com/specterops/bloodhound/cmd/api/src/api/TestURLJoinPathNoPrefix","TestURLJoinPathNoPrefix"
"","1","filters by high risk level","filterAndSearchEnvironments","Wed Jul 22 18:43:22 UTC 2026","passed","Wed Jul 22 18:43:22 UTC 2026","","risk filters","",""
"","0","returns false if value is 'string'","searchParams","Wed Jul 22 18:47:00 UTC 2026","passed","Wed Jul 22 18:47:00 UTC 2026","","isEmptyParam","",""
"Test cases for TestHasValidRolesForETAC","1","TestHasValidRolesForETAC","","Wed Jul 22 18:42:05 UTC 2026","passed","Wed Jul 22 18:42:05 UTC 2026","","Go Test","github.com/specterops/bloodhound/cmd/api/src/api/v2/auth/TestHasValidRolesForETAC","TestHasValidRolesForETAC"
"","12","shows ""no permission"" notification if lacking permission","useFinishedJobs","Wed Jul 22 18:45:50 UTC 2026","passed","Wed Jul 22 18:45:50 UTC 2026","","","",""
"","935","allows switching between the Zones and Labels tabs","Zone Management","Wed Jul 22 18:47:24 UTC 2026","passed","Wed Jul 22 18:47:25 UTC 2026","","","",""
"Test cases for TestFloatFromPtr","0","TestFloatFromPtr","","Wed Jul 22 18:42:08 UTC 2026","passed","Wed Jul 22 18:42:08 UTC 2026","","Go Test","github.com/specterops/bloodhound/cmd/api/src/database/types/null/TestFloatFromPtr","TestFloatFromPtr"
"","65","correctly handles the hygiene ID with value 0 by not omitting it in the params value even though 0 is falsey","usePZQueryParams","Wed Jul 22 18:46:31 UTC 2026","passed","Wed Jul 22 18:46:31 UTC 2026","","","",""
"Test cases for TestSortParseAndValidate_Errors","0","TestSortParseAndValidate_Errors","","Wed Jul 22 18:42:27 UTC 2026","passed","Wed Jul 22 18:42:27 UTC 2026","","Go Test","github.com/specterops/bloodhound/packages/go/params/TestSortParseAndValidate_Errors","TestSortParseAndValidate_Errors"
"Test cases for TestAnalysisPipelineStepResultString","0","TestAnalysisPipelineStepResultString","","Wed Jul 22 18:42:22 UTC 2026","passed","Wed Jul 22 18:42:22 UTC 2026","","Go Test","github.com/specterops/bloodhound/packages/go/analysis/TestAnalysisPipelineStepResultString","TestAnalysisPipelineStepResultString"
"","63","enables pulling an ordered list of tags by position ascending","the useAssetGroupTags utilities","Wed Jul 22 18:45:04 UTC 2026","passed","Wed Jul 22 18:45:04 UTC 2026","","","",""
"","119","button displays ""Enabled"" when flag is enabled","EarlyAccessFeatureToggle","Wed Jul 22 18:49:43 UTC 2026","passed","Wed Jul 22 18:49:44 UTC 2026","","","",""
"Test cases for TestBoolScan","0","TestBoolScan","","Wed Jul 22 18:42:08 UTC 2026","passed","Wed Jul 22 18:42:08 UTC 2026","","Go Test","github.com/specterops/bloodhound/cmd/api/src/database/types/null/TestBoolScan","TestBoolScan"
"","477","should not allow the input to exceed the allowed length","CreateUserForm","Wed Jul 22 18:43:38 UTC 2026","passed","Wed Jul 22 18:43:38 UTC 2026","","","",""
"Test cases for TestResources_ListSourceKinds","63","TestResources_ListSourceKinds","","Wed Jul 22 18:42:05 UTC 2026","passed","Wed Jul 22 18:42:05 UTC 2026","","Go Test","github.com/specterops/bloodhound/cmd/api/src/api/v2/TestResources_ListSourceKinds","TestResources_ListSourceKinds"
"","0","falls back to the default Cypher message when ruleType is undefined and seeds are required","handleError","Wed Jul 22 18:44:40 UTC 2026","passed","Wed Jul 22 18:44:40 UTC 2026","","","",""
"","111","renders enabled prop when flag is enabled","FeatureFlag","Wed Jul 22 18:47:28 UTC 2026","passed","Wed Jul 22 18:47:28 UTC 2026","","","",""
"","50","calls getKey for each item (stable keys hook)","<DetailsAccordion />","Wed Jul 22 18:45:09 UTC 2026","passed","Wed Jul 22 18:45:09 UTC 2026","","","",""
"Test cases for TestManagementResource_DeleteUser_BadUserID","0","TestManagementResource_DeleteUser_BadUserID","","Wed Jul 22 18:42:26 UTC 2026","passed","Wed Jul 22 18:42:26 UTC 2026","","Go Test","github.com/specterops/bloodhound/cmd/api/src/api/v2/auth/TestManagementResource_DeleteUser_BadUserID","TestManagementResource_DeleteUser_BadUserID"
"Test cases for TestIsDeadlockError","1","TestIsDeadlockError","","Wed Jul 22 18:42:07 UTC 2026","passed","Wed Jul 22 18:42:07 UTC 2026","","Go Test","github.com/specterops/bloodhound/cmd/api/src/daemons/changelog/TestIsDeadlockError","TestIsDeadlockError"
"Test cases for TestLocalStore_Delete","45","TestLocalStore_Delete","","Wed Jul 22 18:42:29 UTC 2026","passed","Wed Jul 22 18:42:29 UTC 2026","","Go Test","github.com/specterops/bloodhound/packages/go/storage/TestLocalStore_Delete","TestLocalStore_Delete"
"","60","passes expandedPanelSections from useExploreParams to Accordion","KindInfoItems","Wed Jul 22 18:45:41 UTC 2026","passed","Wed Jul 22 18:45:41 UTC 2026","","","",""
"","454","should not call onSave when Save button is clicked and form input is invalid","CreateUserDialog","Wed Jul 22 18:43:59 UTC 2026","passed","Wed Jul 22 18:44:00 UTC 2026","","","",""
"Test cases for TestPredefinedNodeNamePrefixes","0","TestPredefinedNodeNamePrefixes","","Wed Jul 22 18:42:22 UTC 2026","passed","Wed Jul 22 18:42:22 UTC 2026","","Go Test","github.com/specterops/bloodhound/packages/go/analysis/ad/wellknown/TestPredefinedNodeNamePrefixes","TestPredefinedNodeNamePrefixes"
"","59","displays security warning","Enable2FADialog","Wed Jul 22 18:47:12 UTC 2026","passed","Wed Jul 22 18:47:12 UTC 2026","","","",""
"","16","allows you to update the list of selected filters, only updating the url after calling the apply function","usePathfindingFilters","Wed Jul 22 18:47:56 UTC 2026","passed","Wed Jul 22 18:47:56 UTC 2026","","","",""
"","2","removes the key when null is passed to the setter","useLocalStorage","Wed Jul 22 18:45:39 UTC 2026","passed","Wed Jul 22 18:45:39 UTC 2026","","setValue","",""
"","42","shows the direct object empty and expanded object list empty, when no results in both","Seed Selection Results","Wed Jul 22 18:45:04 UTC 2026","passed","Wed Jul 22 18:45:04 UTC 2026","","","",""
"Test cases for TestFetchTenants","0","TestFetchTenants","","Wed Jul 22 18:42:22 UTC 2026","passed","Wed Jul 22 18:42:22 UTC 2026","","Go Test","github.com/specterops/bloodhound/packages/go/analysis/azure/TestFetchTenants","TestFetchTenants"
"Test cases for TestIsValidEmail","0","TestIsValidEmail","","Wed Jul 22 18:42:19 UTC 2026","passed","Wed Jul 22 18:42:19 UTC 2026","","Go Test","github.com/specterops/bloodhound/cmd/api/src/utils/TestIsValidEmail","TestIsValidEmail"
"Test cases for Test_GetAssetGroupMembersByTag","3","Test_GetAssetGroupMembersByTag","","Wed Jul 22 18:42:05 UTC 2026","passed","Wed Jul 22 18:42:05 UTC 2026","","Go Test","github.com/specterops/bloodhound/cmd/api/src/api/v2/Test_GetAssetGroupMembersByTag","Test_GetAssetGroupMembersByTag"
"","5","should recognize active directory properties","validating a node property against the shared generated schema","Wed Jul 22 18:45:06 UTC 2026","passed","Wed Jul 22 18:45:06 UTC 2026","","","",""
"Test cases for TestManagementResource_ListRoles","0","TestManagementResource_ListRoles","","Wed Jul 22 18:42:11 UTC 2026","passed","Wed Jul 22 18:42:11 UTC 2026","","Go Test","github.com/specterops/bloodhound/cmd/api/src/api/v2/auth/TestManagementResource_ListRoles","TestManagementResource_ListRoles"
"Test cases for TestResources_ListRootCAPKIHierarchy","0","TestResources_ListRootCAPKIHierarchy","","Wed Jul 22 18:42:05 UTC 2026","passed","Wed Jul 22 18:42:05 UTC 2026","","Go Test","github.com/specterops/bloodhound/cmd/api/src/api/v2/TestResources_ListRootCAPKIHierarchy","TestResources_ListRootCAPKIHierarchy"
"","168","displays appropriate text when there are no matches for search term","SearchCurrentNodes","Wed Jul 22 18:46:31 UTC 2026","passed","Wed Jul 22 18:46:31 UTC 2026","","","",""
"Test cases for TestNewAuditLog_Error","0","TestNewAuditLog_Error","","Wed Jul 22 18:42:08 UTC 2026","passed","Wed Jul 22 18:42:08 UTC 2026","","Go Test","github.com/specterops/bloodhound/cmd/api/src/database/TestNewAuditLog_Error","TestNewAuditLog_Error"
"Test cases for TestGenerateRandomBase64String","0","TestGenerateRandomBase64String","","Wed Jul 22 18:42:06 UTC 2026","passed","Wed Jul 22 18:42:06 UTC 2026","","Go Test","github.com/specterops/bloodhound/cmd/api/src/config/TestGenerateRandomBase64String","TestGenerateRandomBase64String"
"","255","displays loading state","GraphDataCheckboxes","Wed Jul 22 18:44:22 UTC 2026","passed","Wed Jul 22 18:44:22 UTC 2026","","","",""
"Test cases for TestDurationValidator","0","TestDurationValidator","","Wed Jul 22 18:42:20 UTC 2026","passed","Wed Jul 22 18:42:20 UTC 2026","","Go Test","github.com/specterops/bloodhound/cmd/api/src/utils/validation/TestDurationValidator","TestDurationValidator"
"","5","returns undefined query state when itemId is undefined","useGraphItem","Wed Jul 22 18:45:45 UTC 2026","passed","Wed Jul 22 18:45:45 UTC 2026","","","",""
"Test cases for TestNewRewriter","0","TestNewRewriter","","Wed Jul 22 18:42:11 UTC 2026","passed","Wed Jul 22 18:42:11 UTC 2026","","Go Test","github.com/specterops/bloodhound/cmd/api/src/queries/TestNewRewriter","TestNewRewriter"
"","409","renders with applied filters","Privilege Zones History Filter Dialog","Wed Jul 22 18:45:53 UTC 2026","passed","Wed Jul 22 18:45:53 UTC 2026","","","",""
"","0","should return an empty map when no tags or paths match","opsFilter","Wed Jul 22 18:47:31 UTC 2026","passed","Wed Jul 22 18:47:31 UTC 2026","","","",""
"","55","passes data to testing component","SavedQueriesProvider","Wed Jul 22 18:48:16 UTC 2026","passed","Wed Jul 22 18:48:16 UTC 2026","","","",""
"","340","renders a snackbar notification in the dom and tests autoHideDuration","AppNotifications","Wed Jul 22 18:47:18 UTC 2026","passed","Wed Jul 22 18:47:18 UTC 2026","","","",""
"","0","prefixes each node_kind with a colon for labels","graphSchema","Wed Jul 22 18:48:01 UTC 2026","passed","Wed Jul 22 18:48:01 UTC 2026","","","",""
"Test cases for TestGetSkipParamForGraphQuery","0","TestGetSkipParamForGraphQuery","","Wed Jul 22 18:42:19 UTC 2026","passed","Wed Jul 22 18:42:19 UTC 2026","","Go Test","github.com/specterops/bloodhound/cmd/api/src/utils/TestGetSkipParamForGraphQuery","TestGetSkipParamForGraphQuery"
"","1165","opens a submenu when user hovers over `Copy`","ContextMenu","Wed Jul 22 18:44:58 UTC 2026","passed","Wed Jul 22 18:44:59 UTC 2026","","","",""
"","1","filters by azure platform","filterAndSearchEnvironments","Wed Jul 22 18:43:22 UTC 2026","passed","Wed Jul 22 18:43:22 UTC 2026","","platform filters","",""
"Test cases for TestEncodingInterface","3","TestEncodingInterface","","Wed Jul 22 18:42:23 UTC 2026","passed","Wed Jul 22 18:42:23 UTC 2026","","Go Test","github.com/specterops/bloodhound/packages/go/bomenc/TestEncodingInterface","TestEncodingInterface"
"Test cases for TestManagementResource_ListUsers_Filtered","1","TestManagementResource_ListUsers_Filtered","","Wed Jul 22 18:42:11 UTC 2026","passed","Wed Jul 22 18:42:11 UTC 2026","","Go Test","github.com/specterops/bloodhound/cmd/api/src/api/v2/auth/TestManagementResource_ListUsers_Filtered","TestManagementResource_ListUsers_Filtered"
"","57","renders the title passed via title prop","ColumnHeaders","Wed Jul 22 18:46:09 UTC 2026","passed","Wed Jul 22 18:46:09 UTC 2026","","SortableHeader","",""
"","0","The data is fetching","Getting the text for the disabled item display for a search when there are no results","Wed Jul 22 18:47:30 UTC 2026","passed","Wed Jul 22 18:47:30 UTC 2026","","Loading states","",""
"Test cases for TestOrphanFileSweeper_IsExcludedStoragePath","25","TestOrphanFileSweeper_IsExcludedStoragePath","","Wed Jul 22 18:42:06 UTC 2026","passed","Wed Jul 22 18:42:06 UTC 2026","","Go Test","github.com/specterops/bloodhound/cmd/api/src/daemons/datapipe/TestOrphanFileSweeper_IsExcludedStoragePath","TestOrphanFileSweeper_IsExcludedStoragePath"
"Test cases for TestStorageFileService_DeleteFile","29","TestStorageFileService_DeleteFile","","Wed Jul 22 18:42:29 UTC 2026","passed","Wed Jul 22 18:42:29 UTC 2026","","Go Test","github.com/specterops/bloodhound/packages/go/storage/TestStorageFileService_DeleteFile","TestStorageFileService_DeleteFile"
"","0","returns a function that does not update searchParams if a key is not found in the updatedParams","searchParams","Wed Jul 22 18:47:00 UTC 2026","passed","Wed Jul 22 18:47:00 UTC 2026","","setSingleParamFactory","",""
"","3671","Clicking on a row causes row to be selected","ExploreTable","Wed Jul 22 18:43:09 UTC 2026","passed","Wed Jul 22 18:43:13 UTC 2026","","","",""
"","0","takes setSearchParams and availableParams returns a function","searchParams","Wed Jul 22 18:47:00 UTC 2026","passed","Wed Jul 22 18:47:00 UTC 2026","","setParamsFactory","",""
"","322","displays an autofocused text input","SearchCurrentNodes","Wed Jul 22 18:46:30 UTC 2026","passed","Wed Jul 22 18:46:31 UTC 2026","","","",""
"","1","handles null or empty madeBy","createHistoryParams","Wed Jul 22 18:47:42 UTC 2026","passed","Wed Jul 22 18:47:42 UTC 2026","","","",""
"","419","disables confirm button until extension name is typed correctly","ActiveExtensionsCard","Wed Jul 22 18:43:31 UTC 2026","passed","Wed Jul 22 18:43:32 UTC 2026","","","",""
"","54","composes search params from the search prop and use them in the link","AppLink","Wed Jul 22 18:46:40 UTC 2026","passed","Wed Jul 22 18:46:40 UTC 2026","","","",""
"","15","does not include OpenGraph edges when the associated feature flag is disabled","useEdgeCategories","Wed Jul 22 18:45:24 UTC 2026","passed","Wed Jul 22 18:45:24 UTC 2026","","","",""
"Test cases for TestUpdateAssetGroupRequest_AuditData","0","TestUpdateAssetGroupRequest_AuditData","","Wed Jul 22 18:42:05 UTC 2026","passed","Wed Jul 22 18:42:05 UTC 2026","","Go Test","github.com/specterops/bloodhound/cmd/api/src/api/v2/TestUpdateAssetGroupRequest_AuditData","TestUpdateAssetGroupRequest_AuditData"
"Test cases for TestManagementResource_OIDCCallbackHandler","9","TestManagementResource_OIDCCallbackHandler","","Wed Jul 22 18:42:47 UTC 2026","passed","Wed Jul 22 18:42:47 UTC 2026","","Go Test","github.com/specterops/bloodhound/cmd/api/src/api/v2/auth/TestManagementResource_OIDCCallbackHandler","TestManagementResource_OIDCCallbackHandler"
"Test cases for TestRegister_PanicsOnNilDogTags","0","TestRegister_PanicsOnNilDogTags","","Wed Jul 22 18:42:45 UTC 2026","passed","Wed Jul 22 18:42:45 UTC 2026","","Go Test","github.com/specterops/bloodhound/server/modules/TestRegister_PanicsOnNilDogTags","TestRegister_PanicsOnNilDogTags"
"","392","should display ""Configure Multi-Factor Authentication"" title","Enable2FADialog","Wed Jul 22 18:46:14 UTC 2026","passed","Wed Jul 22 18:46:14 UTC 2026","","","",""
"Test cases for TestRegister","1","TestRegister","","Wed Jul 22 18:42:34 UTC 2026","passed","Wed Jul 22 18:42:34 UTC 2026","","Go Test","github.com/specterops/bloodhound/server/analysis/internal/routes/TestRegister","TestRegister"
"Test cases for TestResources_ListADComputerSQLAdmins","0","TestResources_ListADComputerSQLAdmins","","Wed Jul 22 18:42:05 UTC 2026","passed","Wed Jul 22 18:42:05 UTC 2026","","Go Test","github.com/specterops/bloodhound/cmd/api/src/api/v2/TestResources_ListADComputerSQLAdmins","TestResources_ListADComputerSQLAdmins"
"Test cases for TestUnmarshalInt","0","TestUnmarshalInt","","Wed Jul 22 18:42:08 UTC 2026","passed","Wed Jul 22 18:42:08 UTC 2026","","Go Test","github.com/specterops/bloodhound/cmd/api/src/database/types/null/TestUnmarshalInt","TestUnmarshalInt"
"","448","clear validation error on input","ManagedDatePicker - date validation","Wed Jul 22 18:46:09 UTC 2026","passed","Wed Jul 22 18:46:10 UTC 2026","","","",""
"Test cases for TestError","0","TestError","","Wed Jul 22 18:41:54 UTC 2026","passed","Wed Jul 22 18:41:54 UTC 2026","","Go Test","github.com/specterops/bloodhound/cmd/api/src/api/TestError","TestError"
"Test cases for TestNewNodeNamePrefix","0","TestNewNodeNamePrefix","","Wed Jul 22 18:42:22 UTC 2026","passed","Wed Jul 22 18:42:22 UTC 2026","","Go Test","github.com/specterops/bloodhound/packages/go/analysis/ad/wellknown/TestNewNodeNamePrefix","TestNewNodeNamePrefix"
"Test cases for TestNewPipelineHandlesAllBHCEAnalysisSteps","0","TestNewPipelineHandlesAllBHCEAnalysisSteps","","Wed Jul 22 18:42:22 UTC 2026","passed","Wed Jul 22 18:42:22 UTC 2026","","Go Test","github.com/specterops/bloodhound/packages/go/analysis/TestNewPipelineHandlesAllBHCEAnalysisSteps","TestNewPipelineHandlesAllBHCEAnalysisSteps"
"Test cases for TestNormalizePath","7","TestNormalizePath","","Wed Jul 22 18:42:29 UTC 2026","passed","Wed Jul 22 18:42:29 UTC 2026","","Go Test","github.com/specterops/bloodhound/packages/go/storage/TestNormalizePath","TestNormalizePath"
"","214","fires editQuery in context provider","ListItemActionMenu","Wed Jul 22 18:46:59 UTC 2026","passed","Wed Jul 22 18:47:00 UTC 2026","","","",""
"Test cases for TestLocalStore_Get","35","TestLocalStore_Get","","Wed Jul 22 18:42:29 UTC 2026","passed","Wed Jul 22 18:42:29 UTC 2026","","Go Test","github.com/specterops/bloodhound/packages/go/storage/TestLocalStore_Get","TestLocalStore_Get"
"Test cases for TestResources_GetDomainEntityInfo","1","TestResources_GetDomainEntityInfo","","Wed Jul 22 18:42:05 UTC 2026","passed","Wed Jul 22 18:42:05 UTC 2026","","Go Test","github.com/specterops/bloodhound/cmd/api/src/api/v2/TestResources_GetDomainEntityInfo","TestResources_GetDomainEntityInfo"
"Test cases for TestResources_GetBaseEntityInfo","169","TestResources_GetBaseEntityInfo","","Wed Jul 22 18:42:05 UTC 2026","passed","Wed Jul 22 18:42:05 UTC 2026","","Go Test","github.com/specterops/bloodhound/cmd/api/src/api/v2/TestResources_GetBaseEntityInfo","TestResources_GetBaseEntityInfo"
"Test cases for TestManagementResource_EnrollMFA","3473","TestManagementResource_EnrollMFA","","Wed Jul 22 18:42:34 UTC 2026","passed","Wed Jul 22 18:42:37 UTC 2026","","Go Test","github.com/specterops/bloodhound/cmd/api/src/api/v2/auth/TestManagementResource_EnrollMFA","TestManagementResource_EnrollMFA"
"","1","updates state when an external storage event is fired for the same key","useLocalStorage","Wed Jul 22 18:45:39 UTC 2026","passed","Wed Jul 22 18:45:39 UTC 2026","","storage event synchronisation","",""
"","283","does not display a “Disable query timeout” checkbox when timeout limit param config is enabled true","ExploreSearch interaction","Wed Jul 22 18:49:21 UTC 2026","passed","Wed Jul 22 18:49:21 UTC 2026","","","",""
"","1","should exclude tags and operations that do not match the term","opsFilter","Wed Jul 22 18:47:31 UTC 2026","passed","Wed Jul 22 18:47:31 UTC 2026","","","",""
"Test cases for TestService_GetPermission","0","TestService_GetPermission","","Wed Jul 22 18:42:44 UTC 2026","passed","Wed Jul 22 18:42:44 UTC 2026","","Go Test","github.com/specterops/bloodhound/server/identity/internal/services/TestService_GetPermission","TestService_GetPermission"
"Test cases for TestGetDataQualityStats_Success","0","TestGetDataQualityStats_Success","","Wed Jul 22 18:42:05 UTC 2026","passed","Wed Jul 22 18:42:05 UTC 2026","","Go Test","github.com/specterops/bloodhound/cmd/api/src/api/v2/TestGetDataQualityStats_Success","TestGetDataQualityStats_Success"
"Test cases for TestNewFileService","8","TestNewFileService","","Wed Jul 22 18:42:29 UTC 2026","passed","Wed Jul 22 18:42:29 UTC 2026","","Go Test","github.com/specterops/bloodhound/packages/go/storage/TestNewFileService","TestNewFileService"
"","0","returns false for arrays with different object references","areArraysSimilar","Wed Jul 22 18:48:12 UTC 2026","passed","Wed Jul 22 18:48:12 UTC 2026","","","",""
"","143","renders a single item when items is an object","<DetailsAccordion />","Wed Jul 22 18:45:08 UTC 2026","passed","Wed Jul 22 18:45:08 UTC 2026","","","",""
"Test cases for TestResources_ProcessIngestTask","14","TestResources_ProcessIngestTask","","Wed Jul 22 18:42:05 UTC 2026","passed","Wed Jul 22 18:42:05 UTC 2026","","Go Test","github.com/specterops/bloodhound/cmd/api/src/api/v2/TestResources_ProcessIngestTask","TestResources_ProcessIngestTask"
"","5","does not fetch more data when there are no more pages","useInfiniteScroll","Wed Jul 22 18:46:57 UTC 2026","passed","Wed Jul 22 18:46:57 UTC 2026","","","",""
"","0","abbreviates numbers larger than 1000 and should not round the tenth place digit","numberFormatting","Wed Jul 22 18:46:16 UTC 2026","passed","Wed Jul 22 18:46:16 UTC 2026","","","",""
"","170","displays extensions in a table when data is available","ActiveExtensionsCard","Wed Jul 22 18:43:29 UTC 2026","passed","Wed Jul 22 18:43:29 UTC 2026","","","",""
"Test cases for TestUnmarshalInt64OverflowToInt64","0","TestUnmarshalInt64OverflowToInt64","","Wed Jul 22 18:42:08 UTC 2026","passed","Wed Jul 22 18:42:08 UTC 2026","","Go Test","github.com/specterops/bloodhound/cmd/api/src/database/types/null/TestUnmarshalInt64OverflowToInt64","TestUnmarshalInt64OverflowToInt64"
"","405","should render","PasswordResetForm","Wed Jul 22 18:46:00 UTC 2026","passed","Wed Jul 22 18:46:01 UTC 2026","","","",""
"Test cases for TestResources_ListADDomainContainedUsers","2","TestResources_ListADDomainContainedUsers","","Wed Jul 22 18:42:05 UTC 2026","passed","Wed Jul 22 18:42:05 UTC 2026","","Go Test","github.com/specterops/bloodhound/cmd/api/src/api/v2/TestResources_ListADDomainContainedUsers","TestResources_ListADDomainContainedUsers"
"Test cases for TestAnalysisPipelineString","0","TestAnalysisPipelineString","","Wed Jul 22 18:42:22 UTC 2026","passed","Wed Jul 22 18:42:22 UTC 2026","","Go Test","github.com/specterops/bloodhound/packages/go/analysis/TestAnalysisPipelineString","TestAnalysisPipelineString"
"Test cases for TestHandlers_ToggleFlag","0","TestHandlers_ToggleFlag","","Wed Jul 22 18:42:38 UTC 2026","passed","Wed Jul 22 18:42:38 UTC 2026","","Go Test","github.com/specterops/bloodhound/server/featureflags/internal/handlers/TestHandlers_ToggleFlag","TestHandlers_ToggleFlag"
"","0","escapes multiple single quotes","escapeCypherString","Wed Jul 22 18:48:33 UTC 2026","passed","Wed Jul 22 18:48:33 UTC 2026","","","",""
"","703","opens the entity information panel for the auto-selected node","GraphView","Wed Jul 22 18:49:10 UTC 2026","passed","Wed Jul 22 18:49:11 UTC 2026","","","",""
"TestMigrator_GenerateManifestAfterVersion builds upon the GenerateManifest testby starting from different version points and spot checking migration counts.","0","TestMigrator_GenerateManifestAfterVersion","","Wed Jul 22 18:42:08 UTC 2026","passed","Wed Jul 22 18:42:08 UTC 2026","","Go Test","github.com/specterops/bloodhound/cmd/api/src/database/migration/TestMigrator_GenerateManifestAfterVersion","TestMigrator_GenerateManifestAfterVersion"
"","200","renders","EarlyAccessFeatureToggle","Wed Jul 22 18:49:43 UTC 2026","passed","Wed Jul 22 18:49:43 UTC 2026","","","",""
"Test cases for TestBHCEStaticHandler","27","TestBHCEStaticHandler","","Wed Jul 22 18:41:57 UTC 2026","passed","Wed Jul 22 18:41:57 UTC 2026","","Go Test","github.com/specterops/bloodhound/cmd/api/src/api/static/TestBHCEStaticHandler","TestBHCEStaticHandler"
"","158","should call the onClick function when clicked","GraphButton","Wed Jul 22 18:48:45 UTC 2026","passed","Wed Jul 22 18:48:45 UTC 2026","","","",""
"","14","returns azure environmentInfo when environmentAggregation param is azure","useAvailableEnvironments","Wed Jul 22 18:45:58 UTC 2026","passed","Wed Jul 22 18:45:58 UTC 2026","","useSelectedEnvironment","",""
"Test cases for TestResources_UpdateSavedQuery_OwnPublicQuery_Success","0","TestResources_UpdateSavedQuery_OwnPublicQuery_Success","","Wed Jul 22 18:42:05 UTC 2026","passed","Wed Jul 22 18:42:05 UTC 2026","","Go Test","github.com/specterops/bloodhound/cmd/api/src/api/v2/TestResources_UpdateSavedQuery_OwnPublicQuery_Success","TestResources_UpdateSavedQuery_OwnPublicQuery_Success"
"Test cases for TestGetLatestQueryParameter_LatestMalformed","0","TestGetLatestQueryParameter_LatestMalformed","","Wed Jul 22 18:42:05 UTC 2026","passed","Wed Jul 22 18:42:05 UTC 2026","","Go Test","github.com/specterops/bloodhound/cmd/api/src/api/v2/TestGetLatestQueryParameter_LatestMalformed","TestGetLatestQueryParameter_LatestMalformed"
"Test cases for TestGC_Name","0","TestGC_Name","","Wed Jul 22 18:42:07 UTC 2026","passed","Wed Jul 22 18:42:07 UTC 2026","","Go Test","github.com/specterops/bloodhound/cmd/api/src/daemons/gc/TestGC_Name","TestGC_Name"
"Test cases for TestGetPageParamsForGraphQuery","0","TestGetPageParamsForGraphQuery","","Wed Jul 22 18:42:19 UTC 2026","passed","Wed Jul 22 18:42:19 UTC 2026","","Go Test","github.com/specterops/bloodhound/cmd/api/src/utils/TestGetPageParamsForGraphQuery","TestGetPageParamsForGraphQuery"
"","66","sets primarySearch, searchType, exploreSearchTab in URL params when the click handler is executed","useEdgeInfoItems","Wed Jul 22 18:46:43 UTC 2026","passed","Wed Jul 22 18:46:43 UTC 2026","","","",""
"Test cases for TestOrphanFileSweeper_ClearLegacyLocalIngestFiles","23","TestOrphanFileSweeper_ClearLegacyLocalIngestFiles","","Wed Jul 22 18:42:06 UTC 2026","passed","Wed Jul 22 18:42:06 UTC 2026","","Go Test","github.com/specterops/bloodhound/cmd/api/src/daemons/datapipe/TestOrphanFileSweeper_ClearLegacyLocalIngestFiles","TestOrphanFileSweeper_ClearLegacyLocalIngestFiles"
"Test cases for TestStorageFileService_GetFile","30","TestStorageFileService_GetFile","","Wed Jul 22 18:42:29 UTC 2026","passed","Wed Jul 22 18:42:29 UTC 2026","","Go Test","github.com/specterops/bloodhound/packages/go/storage/TestStorageFileService_GetFile","TestStorageFileService_GetFile"
"","64","passes checks if the user has multiple required permissions","usePermissions","Wed Jul 22 18:45:27 UTC 2026","passed","Wed Jul 22 18:45:27 UTC 2026","","","",""
"Test cases for TestTracker_HasEdge_DuplicateCalls","2","TestTracker_HasEdge_DuplicateCalls","","Wed Jul 22 18:42:22 UTC 2026","passed","Wed Jul 22 18:42:22 UTC 2026","","Go Test","github.com/specterops/bloodhound/packages/go/analysis/post/TestTracker_HasEdge_DuplicateCalls","TestTracker_HasEdge_DuplicateCalls"
"","0","returns undefined if paramValue is not an expected value","useExploreParams","Wed Jul 22 18:48:46 UTC 2026","passed","Wed Jul 22 18:48:46 UTC 2026","","parseSearchType","",""
"Test cases for TestResources_GetAssetGroupMemberCount_Success","0","TestResources_GetAssetGroupMemberCount_Success","","Wed Jul 22 18:42:05 UTC 2026","passed","Wed Jul 22 18:42:05 UTC 2026","","Go Test","github.com/specterops/bloodhound/cmd/api/src/api/v2/TestResources_GetAssetGroupMemberCount_Success","TestResources_GetAssetGroupMemberCount_Success"
"","143","renders enabled Zone and Object tabs and disabled Rule tab","Selected Details Tabs","Wed Jul 22 18:45:46 UTC 2026","passed","Wed Jul 22 18:45:46 UTC 2026","","Selected Details Tabs - Params present","",""
"","58","displays ! icon when one of the Affected Object calls fail","EntityInfoDataTable","Wed Jul 22 18:44:51 UTC 2026","passed","Wed Jul 22 18:44:51 UTC 2026","","Node count for nested table that counts all sections","",""
"Test cases for TestSavedQueries_IsSortable","0","TestSavedQueries_IsSortable","","Wed Jul 22 18:42:09 UTC 2026","passed","Wed Jul 22 18:42:09 UTC 2026","","Go Test","github.com/specterops/bloodhound/cmd/api/src/model/TestSavedQueries_IsSortable","TestSavedQueries_IsSortable"
"","460","should close the dialog when the Cancel button is clicked","Privilege Zones History Filter Dialog","Wed Jul 22 18:45:54 UTC 2026","passed","Wed Jul 22 18:45:54 UTC 2026","","","",""
"","56","renders null when items is undefined","KindInfoItems","Wed Jul 22 18:45:40 UTC 2026","passed","Wed Jul 22 18:45:40 UTC 2026","","","",""
"Test cases for TestMarshalTime","0","TestMarshalTime","","Wed Jul 22 18:42:08 UTC 2026","passed","Wed Jul 22 18:42:08 UTC 2026","","Go Test","github.com/specterops/bloodhound/cmd/api/src/database/types/null/TestMarshalTime","TestMarshalTime"
"","168","should fire Cancel once with false","ConfirmationDialog","Wed Jul 22 18:48:27 UTC 2026","passed","Wed Jul 22 18:48:27 UTC 2026","","","",""
"","6","does not render highlight for non-active tag","SelectedHighlight","Wed Jul 22 18:47:39 UTC 2026","passed","Wed Jul 22 18:47:39 UTC 2026","","","",""
"","179","renders a graph view","GraphView","Wed Jul 22 18:49:06 UTC 2026","passed","Wed Jul 22 18:49:06 UTC 2026","","","",""
"Test cases for TestResources_DeleteSavedQuery_DeleteError","0","TestResources_DeleteSavedQuery_DeleteError","","Wed Jul 22 18:42:05 UTC 2026","passed","Wed Jul 22 18:42:05 UTC 2026","","Go Test","github.com/specterops/bloodhound/cmd/api/src/api/v2/TestResources_DeleteSavedQuery_DeleteError","TestResources_DeleteSavedQuery_DeleteError"
"","4941","does not close explore search tab menu or entity info panel when search returns zero nodes","CypherSearch","Wed Jul 22 18:44:01 UTC 2026","passed","Wed Jul 22 18:44:06 UTC 2026","","Minimize explorer page elements when multiple nodes are returned","",""
"Test cases for TestIntFrom","0","TestIntFrom","","Wed Jul 22 18:42:08 UTC 2026","passed","Wed Jul 22 18:42:08 UTC 2026","","Go Test","github.com/specterops/bloodhound/cmd/api/src/database/types/null/TestIntFrom","TestIntFrom"
"Test cases for Test_cacheQueryResult","0","Test_cacheQueryResult","","Wed Jul 22 18:42:11 UTC 2026","passed","Wed Jul 22 18:42:11 UTC 2026","","Go Test","github.com/specterops/bloodhound/cmd/api/src/queries/Test_cacheQueryResult","Test_cacheQueryResult"
"","39","mounts a polite aria-live region","AnnouncementProvider","Wed Jul 22 18:46:18 UTC 2026","passed","Wed Jul 22 18:46:18 UTC 2026","","","",""
"","232","sums nested section node counts","EntityInfoDataTableGraphed","Wed Jul 22 18:45:28 UTC 2026","passed","Wed Jul 22 18:45:29 UTC 2026","","Node count for nested table that counts all sections","",""
"","49","should not display the ETAC role-based filtering badge when filtering is disabled","Zone Management","Wed Jul 22 18:47:25 UTC 2026","passed","Wed Jul 22 18:47:25 UTC 2026","","","",""
"","502","On successful upload, displays a completion of 100% and adds a ""Complete"" button that closes the dialog","SchemaUploadDialog","Wed Jul 22 18:44:33 UTC 2026","passed","Wed Jul 22 18:44:34 UTC 2026","","","",""
"Test cases for TestResources_UpdateAssetGroupSelectors_GetAssetGroupError","0","TestResources_UpdateAssetGroupSelectors_GetAssetGroupError","","Wed Jul 22 18:42:05 UTC 2026","passed","Wed Jul 22 18:42:05 UTC 2026","","Go Test","github.com/specterops/bloodhound/cmd/api/src/api/v2/TestResources_UpdateAssetGroupSelectors_GetAssetGroupError","TestResources_UpdateAssetGroupSelectors_GetAssetGroupError"
"","87","calls setExploreParams with expanded sections when accordion value changes","KindInfoItems","Wed Jul 22 18:45:41 UTC 2026","passed","Wed Jul 22 18:45:41 UTC 2026","","","",""
"Test cases for TestResources_DeleteSavedQuery_NotPublicQueryAndUserIsAdmin","0","TestResources_DeleteSavedQuery_NotPublicQueryAndUserIsAdmin","","Wed Jul 22 18:42:05 UTC 2026","passed","Wed Jul 22 18:42:05 UTC 2026","","Go Test","github.com/specterops/bloodhound/cmd/api/src/api/v2/TestResources_DeleteSavedQuery_NotPublicQueryAndUserIsAdmin","TestResources_DeleteSavedQuery_NotPublicQueryAndUserIsAdmin"
"","0","returns OpenGraph defaults for an unknown type","getOpenGraphEnvironmentInfo","Wed Jul 22 18:43:22 UTC 2026","passed","Wed Jul 22 18:43:22 UTC 2026","","","",""
"","212","allows a user to upload a single file and displays its name in the dialog","SchemaUploadDialog","Wed Jul 22 18:44:33 UTC 2026","passed","Wed Jul 22 18:44:33 UTC 2026","","","",""
"","43","renders section when no errors occur","EntityInfoCollapsibleSection","Wed Jul 22 18:48:02 UTC 2026","passed","Wed Jul 22 18:48:02 UTC 2026","","","",""
"","770","should display all available roles","UpdateUserDialog","Wed Jul 22 18:44:21 UTC 2026","passed","Wed Jul 22 18:44:22 UTC 2026","","","",""
"Test cases for TestRequireAllEnvironmentAccessMiddleware","1","TestRequireAllEnvironmentAccessMiddleware","","Wed Jul 22 18:41:56 UTC 2026","passed","Wed Jul 22 18:41:56 UTC 2026","","Go Test","github.com/specterops/bloodhound/cmd/api/src/api/middleware/TestRequireAllEnvironmentAccessMiddleware","TestRequireAllEnvironmentAccessMiddleware"
"","15","takes a string and copys to the navigator clipboard","copyToClipboard","Wed Jul 22 18:48:49 UTC 2026","passed","Wed Jul 22 18:48:49 UTC 2026","","","",""
"","1","lastlogon, lastlogontimestamp","Handling value formatting for Active Directory entity properties lastlogon, lastlogontimestamp, whencreated, and pwdlastset","Wed Jul 22 18:45:06 UTC 2026","passed","Wed Jul 22 18:45:06 UTC 2026","","","",""
"","0","should return true when value partially matches term","compareTerm","Wed Jul 22 18:47:31 UTC 2026","passed","Wed Jul 22 18:47:31 UTC 2026","","","",""
"Test cases for TestBuildSQLFilter","2","TestBuildSQLFilter","","Wed Jul 22 18:42:09 UTC 2026","passed","Wed Jul 22 18:42:09 UTC 2026","","Go Test","github.com/specterops/bloodhound/cmd/api/src/model/TestBuildSQLFilter","TestBuildSQLFilter"
"Test cases for TestWriteResponseWrapperWithTimeWindowAndPagination","0","TestWriteResponseWrapperWithTimeWindowAndPagination","","Wed Jul 22 18:41:54 UTC 2026","passed","Wed Jul 22 18:41:54 UTC 2026","","Go Test","github.com/specterops/bloodhound/cmd/api/src/api/TestWriteResponseWrapperWithTimeWindowAndPagination","TestWriteResponseWrapperWithTimeWindowAndPagination"
"","1026","renders the form for editing an existing rule","Rule Form","Wed Jul 22 18:43:12 UTC 2026","passed","Wed Jul 22 18:43:13 UTC 2026","","","",""
"","0","escapes a backslash","escapeCypherString","Wed Jul 22 18:48:33 UTC 2026","passed","Wed Jul 22 18:48:33 UTC 2026","","","",""
"Test cases for TestIntScan","0","TestIntScan","","Wed Jul 22 18:42:08 UTC 2026","passed","Wed Jul 22 18:42:08 UTC 2026","","Go Test","github.com/specterops/bloodhound/cmd/api/src/database/types/null/TestIntScan","TestIntScan"
"","162","handles removing from a non-tier-zero asset group","AssetGroupMenuItem","Wed Jul 22 18:49:07 UTC 2026","passed","Wed Jul 22 18:49:08 UTC 2026","","removing from an asset group","",""
"","147","should display a ""Reset Password"" button","UserProfile","Wed Jul 22 18:45:32 UTC 2026","passed","Wed Jul 22 18:45:32 UTC 2026","","","",""
"","2210","should render search input","Pathfinding","Wed Jul 22 18:43:32 UTC 2026","passed","Wed Jul 22 18:43:34 UTC 2026","","","",""
"Test cases for Test_parseInfoPayload","8","Test_parseInfoPayload","","Wed Jul 22 18:42:09 UTC 2026","passed","Wed Jul 22 18:42:09 UTC 2026","","Go Test","github.com/specterops/bloodhound/cmd/api/src/model/Test_parseInfoPayload","Test_parseInfoPayload"
"","87","should display the ""Authentication"" header","UserProfile","Wed Jul 22 18:45:32 UTC 2026","passed","Wed Jul 22 18:45:32 UTC 2026","","","",""
"","115","should call onLoginViaSAML when login via sso button clicked","LoginForm","Wed Jul 22 18:47:52 UTC 2026","passed","Wed Jul 22 18:47:52 UTC 2026","","","",""
"","162","calls onCancel when cancel button clicked","EarlyAccessFeaturesWarningDialog","Wed Jul 22 18:49:53 UTC 2026","passed","Wed Jul 22 18:49:53 UTC 2026","","","",""
"Test cases for TestService_CheckUserAccess","1","TestService_CheckUserAccess","","Wed Jul 22 18:42:34 UTC 2026","passed","Wed Jul 22 18:42:34 UTC 2026","","Go Test","github.com/specterops/bloodhound/server/etac/internal/services/TestService_CheckUserAccess","TestService_CheckUserAccess"
"","13","returns a prefer wait in the header when db config timeout limit setting is disabled and state of is disable query limit is true","useExploreGraph","Wed Jul 22 18:44:38 UTC 2026","passed","Wed Jul 22 18:44:38 UTC 2026","userSettings","exploreGraphQueryFactory","",""
"Test cases for TestResources_SearchAssetGroupTags","4","TestResources_SearchAssetGroupTags","","Wed Jul 22 18:42:05 UTC 2026","passed","Wed Jul 22 18:42:05 UTC 2026","","Go Test","github.com/specterops/bloodhound/cmd/api/src/api/v2/TestResources_SearchAssetGroupTags","TestResources_SearchAssetGroupTags"
"","107","does not highlight the table option when isExploreTableSelected is true but isExploreLayoutSelected is false","GraphControls","Wed Jul 22 18:43:30 UTC 2026","passed","Wed Jul 22 18:43:30 UTC 2026","","Table view selection state","",""
"","78","should display the logged in user's email address","UserProfile","Wed Jul 22 18:45:31 UTC 2026","passed","Wed Jul 22 18:45:31 UTC 2026","","","",""
"Test cases for TestSaveDataQuality","9","TestSaveDataQuality","","Wed Jul 22 18:42:12 UTC 2026","passed","Wed Jul 22 18:42:12 UTC 2026","","Go Test","github.com/specterops/bloodhound/cmd/api/src/services/dataquality/TestSaveDataQuality","TestSaveDataQuality"
"","768","should render with a full list of multiple tenants and domains and no open graph environments as feature flag is off","Simple Environment Selector","Wed Jul 22 18:44:40 UTC 2026","passed","Wed Jul 22 18:44:40 UTC 2026","","","",""
"","56","shows the direct object list and expanded object list empty, when only direct objects in results","Seed Selection Results","Wed Jul 22 18:45:04 UTC 2026","passed","Wed Jul 22 18:45:04 UTC 2026","","","",""
"","289","renders total rules and accordion sections","RulesAccordion","Wed Jul 22 18:46:24 UTC 2026","passed","Wed Jul 22 18:46:25 UTC 2026","","","",""
"","197","disables checkboxes while loading","GraphDataCheckboxes","Wed Jul 22 18:44:23 UTC 2026","passed","Wed Jul 22 18:44:23 UTC 2026","","","",""
"","1974","should add an option and display the changelog when it is clicked","AssetGroupEdit","Wed Jul 22 18:46:44 UTC 2026","passed","Wed Jul 22 18:46:46 UTC 2026","","","",""
"","31","renders GraphButton with correct text","GraphControls","Wed Jul 22 18:43:31 UTC 2026","passed","Wed Jul 22 18:43:31 UTC 2026","","Searching current results","",""
"","1020","Explore URL Accounts for irregular characters in cypher query","Rule Form","Wed Jul 22 18:43:22 UTC 2026","passed","Wed Jul 22 18:43:23 UTC 2026","","","",""
"","144","calls handleInitialEnvironment with the highest impactValue as the initial environment","useInitialEnvironment","Wed Jul 22 18:47:22 UTC 2026","passed","Wed Jul 22 18:47:22 UTC 2026","","","",""
"Test cases for TestResources_OpenGraphSchemaIngest","0","TestResources_OpenGraphSchemaIngest","","Wed Jul 22 18:42:05 UTC 2026","passed","Wed Jul 22 18:42:05 UTC 2026","","Go Test","github.com/specterops/bloodhound/cmd/api/src/api/v2/TestResources_OpenGraphSchemaIngest","TestResources_OpenGraphSchemaIngest"
"Test cases for TestManagementResource_UpdateUser_LookupActiveSessionsError","1195","TestManagementResource_UpdateUser_LookupActiveSessionsError","","Wed Jul 22 18:42:24 UTC 2026","passed","Wed Jul 22 18:42:25 UTC 2026","","Go Test","github.com/specterops/bloodhound/cmd/api/src/api/v2/auth/TestManagementResource_UpdateUser_LookupActiveSessionsError","TestManagementResource_UpdateUser_LookupActiveSessionsError"
"Test cases for TestPagingParseAndValidate_Parsing","1","TestPagingParseAndValidate_Parsing","","Wed Jul 22 18:42:27 UTC 2026","passed","Wed Jul 22 18:42:27 UTC 2026","","Go Test","github.com/specterops/bloodhound/packages/go/params/TestPagingParseAndValidate_Parsing","TestPagingParseAndValidate_Parsing"
"","207","handles chevron click event","CommonSearches","Wed Jul 22 18:45:14 UTC 2026","passed","Wed Jul 22 18:45:14 UTC 2026","","","",""
"Test cases for TestTextUnmarshalInt64","0","TestTextUnmarshalInt64","","Wed Jul 22 18:42:08 UTC 2026","passed","Wed Jul 22 18:42:08 UTC 2026","","Go Test","github.com/specterops/bloodhound/cmd/api/src/database/types/null/TestTextUnmarshalInt64","TestTextUnmarshalInt64"
"","627","sets exploreSearchTab param to cypher when the user clicks the `cypher` tab","ExploreSearch sets searchType on tab changing","Wed Jul 22 18:49:17 UTC 2026","passed","Wed Jul 22 18:49:17 UTC 2026","","","",""
"","174","should display ""Disable Multi-Factor Authentication"" button","Enable2FADialog","Wed Jul 22 18:47:12 UTC 2026","passed","Wed Jul 22 18:47:12 UTC 2026","","","",""
"","116","upon selecting just a source node, updates the URL with a searchType of 'node' and primarySearch of the node's objectid","usePathfindingSearch","Wed Jul 22 18:45:54 UTC 2026","passed","Wed Jul 22 18:45:54 UTC 2026","","","",""
"","0","returns null for active-directory without an id","getStatsComponent","Wed Jul 22 18:47:08 UTC 2026","passed","Wed Jul 22 18:47:08 UTC 2026","","","",""
"","421","triggers a file download when a download button is clicked","DownloadCollectors","Wed Jul 22 18:49:25 UTC 2026","passed","Wed Jul 22 18:49:25 UTC 2026","","","",""
"","454","should call performSearch on keyboard press alt+R","CypherSearch","Wed Jul 22 18:43:56 UTC 2026","passed","Wed Jul 22 18:43:57 UTC 2026","","","",""
"Test cases for FuzzFoldr","1","FuzzFoldr","","Wed Jul 22 18:42:27 UTC 2026","passed","Wed Jul 22 18:42:27 UTC 2026","","Go Test","github.com/specterops/bloodhound/packages/go/slicesext/FuzzFoldr","FuzzFoldr"
"Test cases for TestResources_UpdateSavedQuery_QueryBelongsToAnotherUser","0","TestResources_UpdateSavedQuery_QueryBelongsToAnotherUser","","Wed Jul 22 18:42:05 UTC 2026","passed","Wed Jul 22 18:42:05 UTC 2026","","Go Test","github.com/specterops/bloodhound/cmd/api/src/api/v2/TestResources_UpdateSavedQuery_QueryBelongsToAnotherUser","TestResources_UpdateSavedQuery_QueryBelongsToAnotherUser"
"Test cases for TestManagementResource_ListPermissions_SortingError","1","TestManagementResource_ListPermissions_SortingError","","Wed Jul 22 18:42:11 UTC 2026","passed","Wed Jul 22 18:42:11 UTC 2026","","Go Test","github.com/specterops/bloodhound/cmd/api/src/api/v2/auth/TestManagementResource_ListPermissions_SortingError","TestManagementResource_ListPermissions_SortingError"
"","96","renders Label as first tab and is also the initially selected on first render in Labels View/Tab","Selected Details Tabs","Wed Jul 22 18:45:46 UTC 2026","passed","Wed Jul 22 18:45:46 UTC 2026","","Selected Details Tabs - Params present","",""
"","1153","renders asset group edit options with graph write permissions","ContextMenu","Wed Jul 22 18:49:24 UTC 2026","passed","Wed Jul 22 18:49:25 UTC 2026","","","",""
"Test cases for TestResources_DeleteAssetGroupSelector","4","TestResources_DeleteAssetGroupSelector","","Wed Jul 22 18:42:05 UTC 2026","passed","Wed Jul 22 18:42:05 UTC 2026","","Go Test","github.com/specterops/bloodhound/cmd/api/src/api/v2/TestResources_DeleteAssetGroupSelector","TestResources_DeleteAssetGroupSelector"
"","7","renders AzurePlatformInfo for the azure-platform aggregate","getStatsComponent","Wed Jul 22 18:47:08 UTC 2026","passed","Wed Jul 22 18:47:08 UTC 2026","","","",""
"Test cases for Test_TopLevel","0","Test_TopLevel","","Wed Jul 22 18:42:27 UTC 2026","passed","Wed Jul 22 18:42:27 UTC 2026","","Go Test","github.com/specterops/bloodhound/packages/go/schemagen/csgen/Test_TopLevel","Test_TopLevel"
"Test cases for TestStore_SetFlag","1","TestStore_SetFlag","","Wed Jul 22 18:42:38 UTC 2026","passed","Wed Jul 22 18:42:38 UTC 2026","","Go Test","github.com/specterops/bloodhound/server/featureflags/internal/appdb/TestStore_SetFlag","TestStore_SetFlag"
"Test cases for TestDomainSelectors_GetFilterableColumns","0","TestDomainSelectors_GetFilterableColumns","","Wed Jul 22 18:42:09 UTC 2026","passed","Wed Jul 22 18:42:09 UTC 2026","","Go Test","github.com/specterops/bloodhound/cmd/api/src/model/TestDomainSelectors_GetFilterableColumns","TestDomainSelectors_GetFilterableColumns"
"Test cases for TestConvertAzureManagedCluster_NodeResourceGroupID","1","TestConvertAzureManagedCluster_NodeResourceGroupID","","Wed Jul 22 18:42:16 UTC 2026","passed","Wed Jul 22 18:42:16 UTC 2026","","Go Test","github.com/specterops/bloodhound/cmd/api/src/services/graphify/TestConvertAzureManagedCluster_NodeResourceGroupID","TestConvertAzureManagedCluster_NodeResourceGroupID"
"","0","An unknown error occurred when fetching the data","Getting the text for the disabled item display for a search when there are no results","Wed Jul 22 18:47:30 UTC 2026","passed","Wed Jul 22 18:47:30 UTC 2026","","Error states","",""
"Test cases for TestWriteCSV","0","TestWriteCSV","","Wed Jul 22 18:42:27 UTC 2026","passed","Wed Jul 22 18:42:27 UTC 2026","","Go Test","github.com/specterops/bloodhound/packages/go/responses/TestWriteCSV","TestWriteCSV"
"Test cases for TestGetLimitParamForGraphQuery","0","TestGetLimitParamForGraphQuery","","Wed Jul 22 18:42:19 UTC 2026","passed","Wed Jul 22 18:42:19 UTC 2026","","Go Test","github.com/specterops/bloodhound/cmd/api/src/utils/TestGetLimitParamForGraphQuery","TestGetLimitParamForGraphQuery"
"","80","takes the param appendQueryKey and will append that value to the existing queryKey","useAvailableEnvironments","Wed Jul 22 18:45:58 UTC 2026","passed","Wed Jul 22 18:45:58 UTC 2026","","useAvailableEnvironments","",""
"Test cases for TestResources_CreateCustomNodeKindsTest","97","TestResources_CreateCustomNodeKindsTest","","Wed Jul 22 18:42:05 UTC 2026","passed","Wed Jul 22 18:42:05 UTC 2026","","Go Test","github.com/specterops/bloodhound/cmd/api/src/api/v2/TestResources_CreateCustomNodeKindsTest","TestResources_CreateCustomNodeKindsTest"
"","86","sets the document title using the default app name","PageWithTitle","Wed Jul 22 18:48:37 UTC 2026","passed","Wed Jul 22 18:48:37 UTC 2026","","","",""
"","21","does not show the dropdown by default","ManageColumnsComboBox","Wed Jul 22 18:45:09 UTC 2026","passed","Wed Jul 22 18:45:09 UTC 2026","","","",""
"Test cases for Test_GetApplicationConfigurations","0","Test_GetApplicationConfigurations","","Wed Jul 22 18:42:05 UTC 2026","passed","Wed Jul 22 18:42:05 UTC 2026","","Go Test","github.com/specterops/bloodhound/cmd/api/src/api/v2/Test_GetApplicationConfigurations","Test_GetApplicationConfigurations"
"","95","shows the Automatic Certification label and the zone-level disabled message","BasicInfo","Wed Jul 22 18:45:56 UTC 2026","passed","Wed Jul 22 18:45:56 UTC 2026","","when isCertificationDisabledOnZoneLevel is false","",""
"Test cases for TestManagementResource_SAMLCallbackRedirect","6","TestManagementResource_SAMLCallbackRedirect","","Wed Jul 22 18:42:47 UTC 2026","passed","Wed Jul 22 18:42:47 UTC 2026","","Go Test","github.com/specterops/bloodhound/cmd/api/src/api/v2/auth/TestManagementResource_SAMLCallbackRedirect","TestManagementResource_SAMLCallbackRedirect"
"","158","navigates to previous history entry when warning dialog is cancelled","EarlyAccessFeatures","Wed Jul 22 18:49:35 UTC 2026","passed","Wed Jul 22 18:49:35 UTC 2026","","","",""
"Test cases for TestReconcile","2","TestReconcile","","Wed Jul 22 18:42:08 UTC 2026","passed","Wed Jul 22 18:42:08 UTC 2026","","Go Test","github.com/specterops/bloodhound/cmd/api/src/database/TestReconcile","TestReconcile"
"","914","shows tooltip text on hover","ColumnHeaders","Wed Jul 22 18:46:09 UTC 2026","passed","Wed Jul 22 18:46:10 UTC 2026","","SortableHeader with Tooltip","",""
"Test cases for TestRequestWaitDuration_Negative","0","TestRequestWaitDuration_Negative","","Wed Jul 22 18:41:56 UTC 2026","passed","Wed Jul 22 18:41:56 UTC 2026","","Go Test","github.com/specterops/bloodhound/cmd/api/src/api/middleware/TestRequestWaitDuration_Negative","TestRequestWaitDuration_Negative"
"","2091","should clear out the SSO Provider id from submission data when the authentication method is changed","CreateUserDialog","Wed Jul 22 18:44:03 UTC 2026","passed","Wed Jul 22 18:44:05 UTC 2026","","","",""
"","291","should render the pathfinding search controls when searchType is pathfinding","ExploreSearch rendering per tab","Wed Jul 22 18:49:15 UTC 2026","passed","Wed Jul 22 18:49:15 UTC 2026","","","",""
"Test cases for TestService_IsEnabled","0","TestService_IsEnabled","","Wed Jul 22 18:42:39 UTC 2026","passed","Wed Jul 22 18:42:39 UTC 2026","","Go Test","github.com/specterops/bloodhound/server/featureflags/internal/services/TestService_IsEnabled","TestService_IsEnabled"
"","18","the ID value reflects the URL when it is available","usePZQueryParams","Wed Jul 22 18:46:31 UTC 2026","passed","Wed Jul 22 18:46:31 UTC 2026","","","",""
"Test cases for TestRewriter_Enter_AzureAttackPathsShortcut_ReplacesKinds","0","TestRewriter_Enter_AzureAttackPathsShortcut_ReplacesKinds","","Wed Jul 22 18:42:11 UTC 2026","passed","Wed Jul 22 18:42:11 UTC 2026","","Go Test","github.com/specterops/bloodhound/cmd/api/src/queries/TestRewriter_Enter_AzureAttackPathsShortcut_ReplacesKinds","TestRewriter_Enter_AzureAttackPathsShortcut_ReplacesKinds"
"","559","adds node to asset group tag with confirmation","AssetGroupMenuItem","Wed Jul 22 18:45:24 UTC 2026","passed","Wed Jul 22 18:45:24 UTC 2026","","","",""
"","5292","calls onExploreMenuCollapse again when user reopens widget and runs another multi-node query","CypherSearch","Wed Jul 22 18:44:12 UTC 2026","passed","Wed Jul 22 18:44:17 UTC 2026","","Minimize explorer page elements when multiple nodes are returned","",""
"Test cases for TestTimePointer","0","TestTimePointer","","Wed Jul 22 18:42:08 UTC 2026","passed","Wed Jul 22 18:42:08 UTC 2026","","Go Test","github.com/specterops/bloodhound/cmd/api/src/database/types/null/TestTimePointer","TestTimePointer"
"","626","clears applied filters when clicking the Clear button","Privilege Zones History Filter Dialog","Wed Jul 22 18:45:53 UTC 2026","passed","Wed Jul 22 18:45:54 UTC 2026","","","",""
"","401","renders the Rule Tab content when Rule tab is chosen","Selected Details Tab Content","Wed Jul 22 18:46:39 UTC 2026","passed","Wed Jul 22 18:46:39 UTC 2026","","","",""
"","1200","does not show a warning for using labels associated with tags in label forms (also shows correct View in Explore link)","Rule Form","Wed Jul 22 18:43:18 UTC 2026","passed","Wed Jul 22 18:43:19 UTC 2026","","","",""
"","0","should handle an entity that has no name property","Evaluating the entity display name from a given entity","Wed Jul 22 18:45:06 UTC 2026","passed","Wed Jul 22 18:45:06 UTC 2026","","","",""
"Test cases for TestResources_ListADGroupMembership","0","TestResources_ListADGroupMembership","","Wed Jul 22 18:42:05 UTC 2026","passed","Wed Jul 22 18:42:05 UTC 2026","","Go Test","github.com/specterops/bloodhound/cmd/api/src/api/v2/TestResources_ListADGroupMembership","TestResources_ListADGroupMembership"
"","32","clears selected if same note is clicked again","NoteCell component","Wed Jul 22 18:47:02 UTC 2026","passed","Wed Jul 22 18:47:02 UTC 2026","","","",""
"","4658","should render","Pathfinding","Wed Jul 22 18:43:28 UTC 2026","passed","Wed Jul 22 18:43:32 UTC 2026","","","",""
"Test cases for TestMergedFS_ReadDir","0","TestMergedFS_ReadDir","","Wed Jul 22 18:42:08 UTC 2026","passed","Wed Jul 22 18:42:08 UTC 2026","","Go Test","github.com/specterops/bloodhound/cmd/api/src/database/migration/TestMergedFS_ReadDir","TestMergedFS_ReadDir"
"","0","If for some reason the node size is not defined return 1 as a default","getNodeRadius","Wed Jul 22 18:49:44 UTC 2026","passed","Wed Jul 22 18:49:44 UTC 2026","","","",""
"","50","shows the empty form message when Cypher Rule Form is empty","Seed Selection Results","Wed Jul 22 18:45:04 UTC 2026","passed","Wed Jul 22 18:45:04 UTC 2026","","","",""
"","24","fetches more data when scrolling within the default bottom threshold","useInfiniteScroll","Wed Jul 22 18:46:57 UTC 2026","passed","Wed Jul 22 18:46:57 UTC 2026","","","",""
"Test cases for TestResources_ListPublishedToCAs","0","TestResources_ListPublishedToCAs","","Wed Jul 22 18:42:05 UTC 2026","passed","Wed Jul 22 18:42:05 UTC 2026","","Go Test","github.com/specterops/bloodhound/cmd/api/src/api/v2/TestResources_ListPublishedToCAs","TestResources_ListPublishedToCAs"
"Test cases for TestResources_UpdateSavedQuery_UpdateFailed","0","TestResources_UpdateSavedQuery_UpdateFailed","","Wed Jul 22 18:42:05 UTC 2026","passed","Wed Jul 22 18:42:05 UTC 2026","","Go Test","github.com/specterops/bloodhound/cmd/api/src/api/v2/TestResources_UpdateSavedQuery_UpdateFailed","TestResources_UpdateSavedQuery_UpdateFailed"
"","132","shows ""<10 Days to Expire"" warning when token expires within 10 days","UserTokenManagementDialog - API Expiration Date column","Wed Jul 22 18:45:04 UTC 2026","passed","Wed Jul 22 18:45:04 UTC 2026","","","",""
"","273","should disable Cancel and Save buttons while isLoading is true","CreateUserDialog","Wed Jul 22 18:44:02 UTC 2026","passed","Wed Jul 22 18:44:03 UTC 2026","","","",""
"","140","does not make feature-flag request if user is not fully authenticated","app","Wed Jul 22 18:49:42 UTC 2026","passed","Wed Jul 22 18:49:43 UTC 2026","","<Inner />","",""
"","1079","should display all available SSO providers","CreateUserDialog","Wed Jul 22 18:44:01 UTC 2026","passed","Wed Jul 22 18:44:02 UTC 2026","","","",""
"","160","calls clickHandler when a line item is clicked","PrebuiltSearchList","Wed Jul 22 18:46:15 UTC 2026","passed","Wed Jul 22 18:46:15 UTC 2026","","","",""
"Test cases for TestBuildGDBNodeFilter","1","TestBuildGDBNodeFilter","","Wed Jul 22 18:42:09 UTC 2026","passed","Wed Jul 22 18:42:09 UTC 2026","","Go Test","github.com/specterops/bloodhound/cmd/api/src/model/TestBuildGDBNodeFilter","TestBuildGDBNodeFilter"
"Test cases for TestBoolSetValid","0","TestBoolSetValid","","Wed Jul 22 18:42:08 UTC 2026","passed","Wed Jul 22 18:42:08 UTC 2026","","Go Test","github.com/specterops/bloodhound/cmd/api/src/database/types/null/TestBoolSetValid","TestBoolSetValid"
"","370","renders correctly with requiresCurrentPassword false","PasswordDialog","Wed Jul 22 18:43:48 UTC 2026","passed","Wed Jul 22 18:43:49 UTC 2026","","","",""
"","1860","enables the user actions menu when the user is admin role","Users","Wed Jul 22 18:44:48 UTC 2026","passed","Wed Jul 22 18:44:50 UTC 2026","","","",""
"Test cases for TestAuthExtensions","4","TestAuthExtensions","","Wed Jul 22 18:41:54 UTC 2026","passed","Wed Jul 22 18:41:54 UTC 2026","","Go Test","github.com/specterops/bloodhound/cmd/api/src/api/TestAuthExtensions","TestAuthExtensions"
"Test cases for TestEnsureServerDirectoriesCreatesRequiredDirectories","0","TestEnsureServerDirectoriesCreatesRequiredDirectories","","Wed Jul 22 18:42:06 UTC 2026","passed","Wed Jul 22 18:42:06 UTC 2026","","Go Test","github.com/specterops/bloodhound/cmd/api/src/bootstrap/TestEnsureServerDirectoriesCreatesRequiredDirectories","TestEnsureServerDirectoriesCreatesRequiredDirectories"
"Test cases for TestManagementResource_UpdateOIDCProvider","0","TestManagementResource_UpdateOIDCProvider","","Wed Jul 22 18:42:47 UTC 2026","passed","Wed Jul 22 18:42:47 UTC 2026","","Go Test","github.com/specterops/bloodhound/cmd/api/src/api/v2/auth/TestManagementResource_UpdateOIDCProvider","TestManagementResource_UpdateOIDCProvider"
"","8606","checking a subcategory updates all children (edge types) in its group","Pathfinding","Wed Jul 22 18:43:53 UTC 2026","passed","Wed Jul 22 18:44:02 UTC 2026","","","",""
"","1401","should render","EdgeInfoHeader","Wed Jul 22 18:47:06 UTC 2026","passed","Wed Jul 22 18:47:08 UTC 2026","","","",""
"","9","returns the remaining amount of zones available for creation","useTagLimits","Wed Jul 22 18:43:46 UTC 2026","passed","Wed Jul 22 18:43:46 UTC 2026","","","",""
"","7","hides items while permissions are loading","useSubNavRoutes","Wed Jul 22 18:45:58 UTC 2026","passed","Wed Jul 22 18:45:58 UTC 2026","","adminOnly gate","",""
"Test cases for TestDefineNodeName","0","TestDefineNodeName","","Wed Jul 22 18:42:22 UTC 2026","passed","Wed Jul 22 18:42:22 UTC 2026","","Go Test","github.com/specterops/bloodhound/packages/go/analysis/ad/wellknown/TestDefineNodeName","TestDefineNodeName"
"Test cases for TestDomainSelectors_GetFilterCriteria_Success_Empty","0","TestDomainSelectors_GetFilterCriteria_Success_Empty","","Wed Jul 22 18:42:09 UTC 2026","passed","Wed Jul 22 18:42:09 UTC 2026","","Go Test","github.com/specterops/bloodhound/cmd/api/src/model/TestDomainSelectors_GetFilterCriteria_Success_Empty","TestDomainSelectors_GetFilterCriteria_Success_Empty"
"TestCacheEntryDigester_DigestEndpoint_MatchByProperty tests the sorting and hashinglogic when MatchBy is set to MatchByProperty.","0","TestCacheEntryDigester_DigestEndpoint_MatchByProperty","","Wed Jul 22 18:42:16 UTC 2026","passed","Wed Jul 22 18:42:16 UTC 2026","","Go Test","github.com/specterops/bloodhound/cmd/api/src/services/graphify/endpoint/TestCacheEntryDigester_DigestEndpoint_MatchByProperty","TestCacheEntryDigester_DigestEndpoint_MatchByProperty"
"","105","renders the glyph form input when the editing a zone that is not the highest privileged","Tag Form","Wed Jul 22 18:43:02 UTC 2026","passed","Wed Jul 22 18:43:02 UTC 2026","","","",""
"Test cases for TestResources_ListADGPOAffectedComputers","3","TestResources_ListADGPOAffectedComputers","","Wed Jul 22 18:42:05 UTC 2026","passed","Wed Jul 22 18:42:05 UTC 2026","","Go Test","github.com/specterops/bloodhound/cmd/api/src/api/v2/TestResources_ListADGPOAffectedComputers","TestResources_ListADGPOAffectedComputers"
"Test cases for TestSignRequestAtInternalError","0","TestSignRequestAtInternalError","","Wed Jul 22 18:41:54 UTC 2026","passed","Wed Jul 22 18:41:54 UTC 2026","","Go Test","github.com/specterops/bloodhound/cmd/api/src/api/TestSignRequestAtInternalError","TestSignRequestAtInternalError"
"","265","sets a primarySearch=id and searchType=pathfinding when secondarySearch is truethy","ContextMenu","Wed Jul 22 18:44:57 UTC 2026","passed","Wed Jul 22 18:44:58 UTC 2026","","","",""
"Test cases for TestWriteArchiveFileToStorage","8","TestWriteArchiveFileToStorage","","Wed Jul 22 18:42:16 UTC 2026","passed","Wed Jul 22 18:42:16 UTC 2026","","Go Test","github.com/specterops/bloodhound/cmd/api/src/services/graphify/TestWriteArchiveFileToStorage","TestWriteArchiveFileToStorage"
"","202","renders correctly with requiresCurrentPassword true","PasswordDialog","Wed Jul 22 18:43:49 UTC 2026","passed","Wed Jul 22 18:43:49 UTC 2026","","","",""
"Test cases for TestSavedQueries_GetValidFilterPredicatesAsStrings","0","TestSavedQueries_GetValidFilterPredicatesAsStrings","","Wed Jul 22 18:42:09 UTC 2026","passed","Wed Jul 22 18:42:09 UTC 2026","","Go Test","github.com/specterops/bloodhound/cmd/api/src/model/TestSavedQueries_GetValidFilterPredicatesAsStrings","TestSavedQueries_GetValidFilterPredicatesAsStrings"
"","193","shows a table with finished jobs","FileIngestTable","Wed Jul 22 18:44:09 UTC 2026","passed","Wed Jul 22 18:44:09 UTC 2026","","","",""
"","27","disables useAvailableEnvironment and does not attempt calling handleInitialEnvironment if queryOptions.enabled","useInitialEnvironment","Wed Jul 22 18:47:22 UTC 2026","passed","Wed Jul 22 18:47:22 UTC 2026","","","",""
"Test cases for TestWriteAndValidateJSON","2","TestWriteAndValidateJSON","","Wed Jul 22 18:42:17 UTC 2026","passed","Wed Jul 22 18:42:17 UTC 2026","","Go Test","github.com/specterops/bloodhound/cmd/api/src/services/upload/TestWriteAndValidateJSON","TestWriteAndValidateJSON"
"","3","A warning is printed when node positions are not available to apply from","applyNodePositionsFromGraphlibGraph","Wed Jul 22 18:49:38 UTC 2026","passed","Wed Jul 22 18:49:38 UTC 2026","","","",""
"Test cases for TestResources_ListADOUContainedGroups","1","TestResources_ListADOUContainedGroups","","Wed Jul 22 18:42:05 UTC 2026","passed","Wed Jul 22 18:42:05 UTC 2026","","Go Test","github.com/specterops/bloodhound/cmd/api/src/api/v2/TestResources_ListADOUContainedGroups","TestResources_ListADOUContainedGroups"
"","474","should accept passwords with unicode symbol characters","CreateUserForm","Wed Jul 22 18:43:42 UTC 2026","passed","Wed Jul 22 18:43:42 UTC 2026","","","",""
"Test cases for TestResources_DeleteSavedQuery_RecordNotFound","0","TestResources_DeleteSavedQuery_RecordNotFound","","Wed Jul 22 18:42:05 UTC 2026","passed","Wed Jul 22 18:42:05 UTC 2026","","Go Test","github.com/specterops/bloodhound/cmd/api/src/api/v2/TestResources_DeleteSavedQuery_RecordNotFound","TestResources_DeleteSavedQuery_RecordNotFound"
"","297","on clicking switch shows modal and when clicking confirm closes it and switch changes to enabled","CitrixRDPConfiguration","Wed Jul 22 18:45:22 UTC 2026","passed","Wed Jul 22 18:45:23 UTC 2026","","Click on switch to enable","",""
"Test cases for TestMarshalInt64","1","TestMarshalInt64","","Wed Jul 22 18:42:08 UTC 2026","passed","Wed Jul 22 18:42:08 UTC 2026","","Go Test","github.com/specterops/bloodhound/cmd/api/src/database/types/null/TestMarshalInt64","TestMarshalInt64"
"","11","renders the ZoneSelector when available and on a Zone page","TagSelector","Wed Jul 22 18:46:37 UTC 2026","passed","Wed Jul 22 18:46:37 UTC 2026","","","",""
"","0","uses the correct entity name in the Object ID message","getErrorMessage","Wed Jul 22 18:44:40 UTC 2026","passed","Wed Jul 22 18:44:40 UTC 2026","","","",""
"Test cases for TestResources_GetContainerEntityInfo","184","TestResources_GetContainerEntityInfo","","Wed Jul 22 18:42:05 UTC 2026","passed","Wed Jul 22 18:42:05 UTC 2026","","Go Test","github.com/specterops/bloodhound/cmd/api/src/api/v2/TestResources_GetContainerEntityInfo","TestResources_GetContainerEntityInfo"
"Test cases for TestResources_ListADOUContainedComputers","1","TestResources_ListADOUContainedComputers","","Wed Jul 22 18:42:05 UTC 2026","passed","Wed Jul 22 18:42:05 UTC 2026","","Go Test","github.com/specterops/bloodhound/cmd/api/src/api/v2/TestResources_ListADOUContainedComputers","TestResources_ListADOUContainedComputers"
"Test cases for TestSavedQueries_ValidFilters","0","TestSavedQueries_ValidFilters","","Wed Jul 22 18:42:09 UTC 2026","passed","Wed Jul 22 18:42:09 UTC 2026","","Go Test","github.com/specterops/bloodhound/cmd/api/src/model/TestSavedQueries_ValidFilters","TestSavedQueries_ValidFilters"
"","207","shows an error state","AssetGroupMenuItem","Wed Jul 22 18:45:24 UTC 2026","passed","Wed Jul 22 18:45:24 UTC 2026","","","",""
"","4","calls the provided notification method","handleError","Wed Jul 22 18:44:40 UTC 2026","passed","Wed Jul 22 18:44:40 UTC 2026","","","",""
"Test cases for TestNewDefaultConfig","0","TestNewDefaultConfig","","Wed Jul 22 18:42:06 UTC 2026","passed","Wed Jul 22 18:42:06 UTC 2026","","Go Test","github.com/specterops/bloodhound/cmd/api/src/config/TestNewDefaultConfig","TestNewDefaultConfig"
"","89","sorts items by position ascending","KindInfoItems","Wed Jul 22 18:45:41 UTC 2026","passed","Wed Jul 22 18:45:41 UTC 2026","","","",""
"Test cases for TestManagementResource_DeleteSAMLProvider","0","TestManagementResource_DeleteSAMLProvider","","Wed Jul 22 18:42:11 UTC 2026","passed","Wed Jul 22 18:42:11 UTC 2026","","Go Test","github.com/specterops/bloodhound/cmd/api/src/api/v2/auth/TestManagementResource_DeleteSAMLProvider","TestManagementResource_DeleteSAMLProvider"
"Test cases for TestMatches_FailureAction","0","TestMatches_FailureAction","","Wed Jul 22 18:42:09 UTC 2026","passed","Wed Jul 22 18:42:09 UTC 2026","","Go Test","github.com/specterops/bloodhound/cmd/api/src/model/TestMatches_FailureAction","TestMatches_FailureAction"
"","193","onCancel is called when cancel is clicked","Enable2FADialog","Wed Jul 22 18:46:14 UTC 2026","passed","Wed Jul 22 18:46:15 UTC 2026","","","",""
"Test cases for TestResources_ListADDomainContainedComputers","0","TestResources_ListADDomainContainedComputers","","Wed Jul 22 18:42:05 UTC 2026","passed","Wed Jul 22 18:42:05 UTC 2026","","Go Test","github.com/specterops/bloodhound/cmd/api/src/api/v2/TestResources_ListADDomainContainedComputers","TestResources_ListADDomainContainedComputers"
"Test cases for TestMaybeSubmitNodeUpdate","0","TestMaybeSubmitNodeUpdate","","Wed Jul 22 18:42:16 UTC 2026","passed","Wed Jul 22 18:42:16 UTC 2026","","Go Test","github.com/specterops/bloodhound/cmd/api/src/services/graphify/TestMaybeSubmitNodeUpdate","TestMaybeSubmitNodeUpdate"
"","513","toggles parent from all to none","GraphDataCheckboxes","Wed Jul 22 18:44:24 UTC 2026","passed","Wed Jul 22 18:44:25 UTC 2026","","","",""
"","83","sets autoDisplayTable to false if enabled param is false","useExploreTableAutoDisplay","Wed Jul 22 18:47:19 UTC 2026","passed","Wed Jul 22 18:47:19 UTC 2026","","","",""
"","311","should display correctly","DeleteConfirmationDialog","Wed Jul 22 18:48:01 UTC 2026","passed","Wed Jul 22 18:48:01 UTC 2026","","","",""
"","127","renders object information for an OpenGraph object","Selected Details Tab Content","Wed Jul 22 18:46:39 UTC 2026","passed","Wed Jul 22 18:46:39 UTC 2026","","","",""
"Test cases for TestQueries_GetEntityResults","0","TestQueries_GetEntityResults","","Wed Jul 22 18:42:11 UTC 2026","passed","Wed Jul 22 18:42:11 UTC 2026","","Go Test","github.com/specterops/bloodhound/cmd/api/src/queries/TestQueries_GetEntityResults","TestQueries_GetEntityResults"
"Test cases for TestKindInfo_Validation","6","TestKindInfo_Validation","","Wed Jul 22 18:42:09 UTC 2026","passed","Wed Jul 22 18:42:09 UTC 2026","","Go Test","github.com/specterops/bloodhound/cmd/api/src/model/TestKindInfo_Validation","TestKindInfo_Validation"
"","172","should display","GenericErrorBoundaryFallback","Wed Jul 22 18:48:47 UTC 2026","passed","Wed Jul 22 18:48:47 UTC 2026","","","",""
"","29","selector members refetches on envrionment change","the useAssetGroupTags utilities","Wed Jul 22 18:45:04 UTC 2026","passed","Wed Jul 22 18:45:04 UTC 2026","","","",""
"Test cases for TestLocalStore_Stat","47","TestLocalStore_Stat","","Wed Jul 22 18:42:29 UTC 2026","passed","Wed Jul 22 18:42:29 UTC 2026","","Go Test","github.com/specterops/bloodhound/packages/go/storage/TestLocalStore_Stat","TestLocalStore_Stat"
"Test cases for TestFlatMap","0","TestFlatMap","","Wed Jul 22 18:42:27 UTC 2026","passed","Wed Jul 22 18:42:27 UTC 2026","","Go Test","github.com/specterops/bloodhound/packages/go/slicesext/TestFlatMap","TestFlatMap"
"","25","returns undefined if environmentId searched for is not found","useAvailableEnvironments","Wed Jul 22 18:45:58 UTC 2026","passed","Wed Jul 22 18:45:58 UTC 2026","","useSelectedEnvironment","",""
"Test cases for TestMarshalBool","0","TestMarshalBool","","Wed Jul 22 18:42:08 UTC 2026","passed","Wed Jul 22 18:42:08 UTC 2026","","Go Test","github.com/specterops/bloodhound/cmd/api/src/database/types/null/TestMarshalBool","TestMarshalBool"
"","234","removes a node from an asset group tag","AssetGroupMenuItem","Wed Jul 22 18:45:25 UTC 2026","passed","Wed Jul 22 18:45:25 UTC 2026","","","",""
"","1","should return the edge parts from the key","getEdgeDataFromKey","Wed Jul 22 18:49:51 UTC 2026","passed","Wed Jul 22 18:49:51 UTC 2026","","","",""
"Test cases for TestInt64ValueOrZero","0","TestInt64ValueOrZero","","Wed Jul 22 18:42:08 UTC 2026","passed","Wed Jul 22 18:42:08 UTC 2026","","Go Test","github.com/specterops/bloodhound/cmd/api/src/database/types/null/TestInt64ValueOrZero","TestInt64ValueOrZero"
"Test cases for TestResources_PatchDomain","0","TestResources_PatchDomain","","Wed Jul 22 18:42:05 UTC 2026","passed","Wed Jul 22 18:42:05 UTC 2026","","Go Test","github.com/specterops/bloodhound/cmd/api/src/api/v2/TestResources_PatchDomain","TestResources_PatchDomain"
"","107","returns a nodes array","useEdgeInfoItems","Wed Jul 22 18:46:43 UTC 2026","passed","Wed Jul 22 18:46:43 UTC 2026","","","",""
"","1955","renders","Glyph Select Dialog","Wed Jul 22 18:48:07 UTC 2026","passed","Wed Jul 22 18:48:09 UTC 2026","","","",""
"Test cases for TestStore_GetNode","2","TestStore_GetNode","","Wed Jul 22 18:42:39 UTC 2026","passed","Wed Jul 22 18:42:39 UTC 2026","","Go Test","github.com/specterops/bloodhound/server/graphdb/internal/appdb/TestStore_GetNode","TestStore_GetNode"
"Test cases for TestParsePreferHeaderWait","0","TestParsePreferHeaderWait","","Wed Jul 22 18:41:56 UTC 2026","passed","Wed Jul 22 18:41:56 UTC 2026","","Go Test","github.com/specterops/bloodhound/cmd/api/src/api/middleware/TestParsePreferHeaderWait","TestParsePreferHeaderWait"
"","1","receives the current stored value as the previous state","useLocalStorage","Wed Jul 22 18:45:39 UTC 2026","passed","Wed Jul 22 18:45:39 UTC 2026","","functional updater","",""
"","0","returns the distance between two coordinates","getDistanceBetween","Wed Jul 22 18:49:51 UTC 2026","passed","Wed Jul 22 18:49:51 UTC 2026","","","",""
"","0","returns null if paramValue is undefined","useEnvironmentParams","Wed Jul 22 18:48:39 UTC 2026","passed","Wed Jul 22 18:48:39 UTC 2026","","parseEnvironmentAggregation","",""
"","155","renders a confirm dialg","ConfirmDeleteQueryDialog","Wed Jul 22 18:48:35 UTC 2026","passed","Wed Jul 22 18:48:35 UTC 2026","","","",""
"","411","should render list of available SSO providers","LoginViaSSOForm","Wed Jul 22 18:46:53 UTC 2026","passed","Wed Jul 22 18:46:53 UTC 2026","","","",""
"","87","requests the user when a userId is provided","useGetUser","Wed Jul 22 18:48:23 UTC 2026","passed","Wed Jul 22 18:48:23 UTC 2026","","","",""
"","784","handles adding to tier zero asset group","AssetGroupMenuItem","Wed Jul 22 18:49:06 UTC 2026","passed","Wed Jul 22 18:49:07 UTC 2026","","adding to an asset group","",""
"Test cases for TestLocalStore_Close","21","TestLocalStore_Close","","Wed Jul 22 18:42:29 UTC 2026","passed","Wed Jul 22 18:42:29 UTC 2026","","Go Test","github.com/specterops/bloodhound/packages/go/storage/TestLocalStore_Close","TestLocalStore_Close"
"Test cases for TestResources_DownloadCollectorChecksumByVersion","4","TestResources_DownloadCollectorChecksumByVersion","","Wed Jul 22 18:42:05 UTC 2026","passed","Wed Jul 22 18:42:05 UTC 2026","","Go Test","github.com/specterops/bloodhound/cmd/api/src/api/v2/TestResources_DownloadCollectorChecksumByVersion","TestResources_DownloadCollectorChecksumByVersion"
"Test cases for TestParseSkipQueryParameter_BadFormat","0","TestParseSkipQueryParameter_BadFormat","","Wed Jul 22 18:42:05 UTC 2026","passed","Wed Jul 22 18:42:05 UTC 2026","","Go Test","github.com/specterops/bloodhound/cmd/api/src/api/v2/TestParseSkipQueryParameter_BadFormat","TestParseSkipQueryParameter_BadFormat"
"Test cases for Test_ParseAndValidatePayload","4","Test_ParseAndValidatePayload","","Wed Jul 22 18:42:17 UTC 2026","passed","Wed Jul 22 18:42:17 UTC 2026","","Go Test","github.com/specterops/bloodhound/cmd/api/src/services/upload/Test_ParseAndValidatePayload","Test_ParseAndValidatePayload"
"","444","displays an error when unable to fetch data","EarlyAccessFeatures","Wed Jul 22 18:49:36 UTC 2026","passed","Wed Jul 22 18:49:36 UTC 2026","","","",""
"","0","returns paramValue as EnvironmentAggregation if paramValue is azure","useEnvironmentParams","Wed Jul 22 18:48:39 UTC 2026","passed","Wed Jul 22 18:48:39 UTC 2026","","parseEnvironmentAggregation","",""
"","197","should render","Rule Object Select","Wed Jul 22 18:47:04 UTC 2026","passed","Wed Jul 22 18:47:04 UTC 2026","","","",""
"Test cases for TestResources_GetCertTemplateEntityInfo","180","TestResources_GetCertTemplateEntityInfo","","Wed Jul 22 18:42:05 UTC 2026","passed","Wed Jul 22 18:42:05 UTC 2026","","Go Test","github.com/specterops/bloodhound/cmd/api/src/api/v2/TestResources_GetCertTemplateEntityInfo","TestResources_GetCertTemplateEntityInfo"
"","9","displays lastlogontimestamp cell as NEVER when the value is -1","ExploreTableDataCell","Wed Jul 22 18:47:51 UTC 2026","passed","Wed Jul 22 18:47:51 UTC 2026","","","",""
"","12","displays lastlogontimestamp cell as UNKNOWN when the value is 0","ExploreTableDataCell","Wed Jul 22 18:47:51 UTC 2026","passed","Wed Jul 22 18:47:51 UTC 2026","","","",""
"Test cases for Test_ConvertAzureRoleManagementPolicyAssignment","0","Test_ConvertAzureRoleManagementPolicyAssignment","","Wed Jul 22 18:42:24 UTC 2026","passed","Wed Jul 22 18:42:24 UTC 2026","","Go Test","github.com/specterops/bloodhound/packages/go/ein/Test_ConvertAzureRoleManagementPolicyAssignment","Test_ConvertAzureRoleManagementPolicyAssignment"
"Test cases for TestCacheEntryDigester_DigestEndpoint_MatchByName","0","TestCacheEntryDigester_DigestEndpoint_MatchByName","","Wed Jul 22 18:42:16 UTC 2026","passed","Wed Jul 22 18:42:16 UTC 2026","","Go Test","github.com/specterops/bloodhound/cmd/api/src/services/graphify/endpoint/TestCacheEntryDigester_DigestEndpoint_MatchByName","TestCacheEntryDigester_DigestEndpoint_MatchByName"
"TestRewriteLegacyNameMatchIngestibleEndpoint_CasingGatedByUseRawObjectIDs verifies that theimplicit legacy match_by ""name"" rewrite uses a case-sensitive operator (OperatorEquals) whenuseRawObjectIDs is true, and a case-insensitive operator (OperatorEqualsIgnoreCase) when false.","0","TestRewriteLegacyNameMatchIngestibleEndpoint_CasingGatedByUseRawObjectIDs","","Wed Jul 22 18:42:16 UTC 2026","passed","Wed Jul 22 18:42:16 UTC 2026","","Go Test","github.com/specterops/bloodhound/cmd/api/src/services/graphify/endpoint/TestRewriteLegacyNameMatchIngestibleEndpoint_CasingGatedByUseRawObjectIDs","TestRewriteLegacyNameMatchIngestibleEndpoint_CasingGatedByUseRawObjectIDs"
"Test cases for TestMatches_Success","0","TestMatches_Success","","Wed Jul 22 18:42:09 UTC 2026","passed","Wed Jul 22 18:42:09 UTC 2026","","Go Test","github.com/specterops/bloodhound/cmd/api/src/model/TestMatches_Success","TestMatches_Success"
"","204","displays validation error messages when Save button is clicked and no form input is provided","PasswordDialog","Wed Jul 22 18:43:49 UTC 2026","passed","Wed Jul 22 18:43:49 UTC 2026","","","",""
"Test cases for TestResources_DeleteAssetGroupTagSelector","1","TestResources_DeleteAssetGroupTagSelector","","Wed Jul 22 18:42:05 UTC 2026","passed","Wed Jul 22 18:42:05 UTC 2026","","Go Test","github.com/specterops/bloodhound/cmd/api/src/api/v2/TestResources_DeleteAssetGroupTagSelector","TestResources_DeleteAssetGroupTagSelector"
"Test cases for TestResources_SearchHandler","1","TestResources_SearchHandler","","Wed Jul 22 18:42:05 UTC 2026","passed","Wed Jul 22 18:42:05 UTC 2026","","Go Test","github.com/specterops/bloodhound/cmd/api/src/api/v2/TestResources_SearchHandler","TestResources_SearchHandler"
"","1068","opens a submenu when user hovers over `Copy`","ContextMenu","Wed Jul 22 18:49:27 UTC 2026","passed","Wed Jul 22 18:49:28 UTC 2026","","","",""
"","1229","should display all available SSO providers","UpdateUserDialog","Wed Jul 22 18:44:22 UTC 2026","passed","Wed Jul 22 18:44:23 UTC 2026","","","",""
"","33","calls setSelected with correct data on click","NoteCell component","Wed Jul 22 18:47:02 UTC 2026","passed","Wed Jul 22 18:47:02 UTC 2026","","","",""
"","21","should render skeletons for both cells while loading","LoadContainer","Wed Jul 22 18:48:42 UTC 2026","passed","Wed Jul 22 18:48:42 UTC 2026","","","",""
"","292","should not display generate/revoke api tokens button","User Actions Menu","Wed Jul 22 18:46:02 UTC 2026","passed","Wed Jul 22 18:46:03 UTC 2026","","Api Keys","",""
"","111","Should display headers for member name and count","AssetGroupMemberList","Wed Jul 22 18:47:46 UTC 2026","passed","Wed Jul 22 18:47:46 UTC 2026","","","",""
"Test cases for TestResources_ListADComputerAdmins","0","TestResources_ListADComputerAdmins","","Wed Jul 22 18:42:05 UTC 2026","passed","Wed Jul 22 18:42:05 UTC 2026","","Go Test","github.com/specterops/bloodhound/cmd/api/src/api/v2/TestResources_ListADComputerAdmins","TestResources_ListADComputerAdmins"
"","1","will return a list of values","Formatting list properties","Wed Jul 22 18:45:06 UTC 2026","passed","Wed Jul 22 18:45:06 UTC 2026","","","",""
"Helper to verify that encodeAnyValue handles standard types correctly","0","TestEncodeAnyValue","","Wed Jul 22 18:42:16 UTC 2026","passed","Wed Jul 22 18:42:16 UTC 2026","","Go Test","github.com/specterops/bloodhound/cmd/api/src/services/graphify/endpoint/TestEncodeAnyValue","TestEncodeAnyValue"
"","66","when there is no ID in the URL the highest position tag ID is returned","usePZQueryParams","Wed Jul 22 18:46:31 UTC 2026","passed","Wed Jul 22 18:46:31 UTC 2026","","","",""
"","162","renders a button for opening the dialog","SchemaUploadDialog","Wed Jul 22 18:44:32 UTC 2026","passed","Wed Jul 22 18:44:32 UTC 2026","","","",""
"","151","should fire Confirm once with true","ConfirmationDialog","Wed Jul 22 18:48:27 UTC 2026","passed","Wed Jul 22 18:48:27 UTC 2026","","","",""
"","0","does not abbreviate numbers < 1000","numberFormatting","Wed Jul 22 18:46:16 UTC 2026","passed","Wed Jul 22 18:46:16 UTC 2026","","","",""
"Test cases for TestResources_CreateSavedQuery","0","TestResources_CreateSavedQuery","","Wed Jul 22 18:42:05 UTC 2026","passed","Wed Jul 22 18:42:05 UTC 2026","","Go Test","github.com/specterops/bloodhound/cmd/api/src/api/v2/TestResources_CreateSavedQuery","TestResources_CreateSavedQuery"
"Test cases for TestRequestWaitDuration_Failure","0","TestRequestWaitDuration_Failure","","Wed Jul 22 18:41:56 UTC 2026","passed","Wed Jul 22 18:41:56 UTC 2026","","Go Test","github.com/specterops/bloodhound/cmd/api/src/api/middleware/TestRequestWaitDuration_Failure","TestRequestWaitDuration_Failure"
"","0","returns disabled config when any required param is falsey","useExploreGraph","Wed Jul 22 18:44:38 UTC 2026","passed","Wed Jul 22 18:44:38 UTC 2026","composition search queries","exploreGraphQueryFactory","",""
"Test cases for TestParseAGMembersFromNodes_","0","TestParseAGMembersFromNodes_","","Wed Jul 22 18:42:05 UTC 2026","passed","Wed Jul 22 18:42:05 UTC 2026","","Go Test","github.com/specterops/bloodhound/cmd/api/src/api/v2/TestParseAGMembersFromNodes_","TestParseAGMembersFromNodes_"
"","0","should handle an entity that has an empty name property","Evaluating the entity display name from a given entity","Wed Jul 22 18:45:06 UTC 2026","passed","Wed Jul 22 18:45:06 UTC 2026","","","",""
"","485","should display ""Generate/Revoke API Tokens"" title","UserTokenManagementDialog","Wed Jul 22 18:45:02 UTC 2026","passed","Wed Jul 22 18:45:02 UTC 2026","","","",""
"","131","Verify Vault Reader count is the count returned by All Readers","EntityInfoDataTableGraphed","Wed Jul 22 18:45:29 UTC 2026","passed","Wed Jul 22 18:45:29 UTC 2026","","Node count for Vault Readers nested table","",""
"","337","displays no search results message when search yields no matches","ActiveExtensionsCard","Wed Jul 22 18:43:30 UTC 2026","passed","Wed Jul 22 18:43:30 UTC 2026","","","",""
"Test cases for TestGetDataQualityAggregations_Failure","1","TestGetDataQualityAggregations_Failure","","Wed Jul 22 18:42:05 UTC 2026","passed","Wed Jul 22 18:42:05 UTC 2026","","Go Test","github.com/specterops/bloodhound/cmd/api/src/api/v2/TestGetDataQualityAggregations_Failure","TestGetDataQualityAggregations_Failure"
"Test cases for TestValidateRequestSignature","285","TestValidateRequestSignature","","Wed Jul 22 18:41:54 UTC 2026","passed","Wed Jul 22 18:41:54 UTC 2026","","Go Test","github.com/specterops/bloodhound/cmd/api/src/api/TestValidateRequestSignature","TestValidateRequestSignature"
"","180","renders the component with all info and switch off","CitrixRDPConfiguration","Wed Jul 22 18:45:22 UTC 2026","passed","Wed Jul 22 18:45:22 UTC 2026","","Initial render","",""
"Test cases for TestManagementResource_UpdateUser_SelfDisable","1105","TestManagementResource_UpdateUser_SelfDisable","","Wed Jul 22 18:42:22 UTC 2026","passed","Wed Jul 22 18:42:23 UTC 2026","","Go Test","github.com/specterops/bloodhound/cmd/api/src/api/v2/auth/TestManagementResource_UpdateUser_SelfDisable","TestManagementResource_UpdateUser_SelfDisable"
"","11","displays CaretUp icon when the sortOrder is asc","ColumnHeaders","Wed Jul 22 18:46:09 UTC 2026","passed","Wed Jul 22 18:46:09 UTC 2026","","SortableHeader","",""
"Test cases for TestResources_ListCAPKIHierarchy","0","TestResources_ListCAPKIHierarchy","","Wed Jul 22 18:42:05 UTC 2026","passed","Wed Jul 22 18:42:05 UTC 2026","","Go Test","github.com/specterops/bloodhound/cmd/api/src/api/v2/TestResources_ListCAPKIHierarchy","TestResources_ListCAPKIHierarchy"
"Test cases for TestIntSetValid","0","TestIntSetValid","","Wed Jul 22 18:42:08 UTC 2026","passed","Wed Jul 22 18:42:08 UTC 2026","","Go Test","github.com/specterops/bloodhound/cmd/api/src/database/types/null/TestIntSetValid","TestIntSetValid"
"Test cases for Test_UseHooks","0","Test_UseHooks","","Wed Jul 22 18:42:25 UTC 2026","passed","Wed Jul 22 18:42:25 UTC 2026","","Go Test","github.com/specterops/bloodhound/packages/go/lab/Test_UseHooks","Test_UseHooks"
"","303","renders analyze now section","AnalyzeNowConfiguration","Wed Jul 22 18:45:37 UTC 2026","passed","Wed Jul 22 18:45:38 UTC 2026","","","",""
"","8","shows items when all required permissions are granted","useSubNavRoutes","Wed Jul 22 18:45:58 UTC 2026","passed","Wed Jul 22 18:45:58 UTC 2026","","permissions gate","",""
"Test cases for TestWriteErrorResponse_V2","0","TestWriteErrorResponse_V2","","Wed Jul 22 18:41:54 UTC 2026","passed","Wed Jul 22 18:41:54 UTC 2026","","Go Test","github.com/specterops/bloodhound/cmd/api/src/api/TestWriteErrorResponse_V2","TestWriteErrorResponse_V2"
"Test cases for TestConvertDomainToNode_InheritanceHashes","0","TestConvertDomainToNode_InheritanceHashes","","Wed Jul 22 18:42:24 UTC 2026","passed","Wed Jul 22 18:42:24 UTC 2026","","Go Test","github.com/specterops/bloodhound/packages/go/ein/TestConvertDomainToNode_InheritanceHashes","TestConvertDomainToNode_InheritanceHashes"
"","80","allows a consumer to swap the values of the two inputs and update the query params accordingly","usePathfindingSearch","Wed Jul 22 18:45:54 UTC 2026","passed","Wed Jul 22 18:45:54 UTC 2026","","","",""
"","10","returns when label limit is reached","useTagLimits","Wed Jul 22 18:43:46 UTC 2026","passed","Wed Jul 22 18:43:46 UTC 2026","","","",""
"Test cases for TestConvertAzureVirtualMachineAvereContributorToRels","0","TestConvertAzureVirtualMachineAvereContributorToRels","","Wed Jul 22 18:42:24 UTC 2026","passed","Wed Jul 22 18:42:24 UTC 2026","","Go Test","github.com/specterops/bloodhound/packages/go/ein/TestConvertAzureVirtualMachineAvereContributorToRels","TestConvertAzureVirtualMachineAvereContributorToRels"
"","111","does not show View in Explore if in object rule type","Seed Selection Results","Wed Jul 22 18:45:04 UTC 2026","passed","Wed Jul 22 18:45:04 UTC 2026","","","",""
"","196","displays the label for each result","SearchCurrentNodes","Wed Jul 22 18:46:31 UTC 2026","passed","Wed Jul 22 18:46:32 UTC 2026","","","",""
"Test cases for TestRewriter_Enter_ADAttackPathsShortcut_ReplacesKinds","1","TestRewriter_Enter_ADAttackPathsShortcut_ReplacesKinds","","Wed Jul 22 18:42:11 UTC 2026","passed","Wed Jul 22 18:42:11 UTC 2026","","Go Test","github.com/specterops/bloodhound/cmd/api/src/queries/TestRewriter_Enter_ADAttackPathsShortcut_ReplacesKinds","TestRewriter_Enter_ADAttackPathsShortcut_ReplacesKinds"
"Test cases for TestResources_ListAuditLogs_SkipAndOffset","0","TestResources_ListAuditLogs_SkipAndOffset","","Wed Jul 22 18:42:05 UTC 2026","passed","Wed Jul 22 18:42:05 UTC 2026","","Go Test","github.com/specterops/bloodhound/cmd/api/src/api/v2/TestResources_ListAuditLogs_SkipAndOffset","TestResources_ListAuditLogs_SkipAndOffset"
"TestRegister_RoutesRequireAuthentication dispatches real requests through the wiredrouter to verify that the registered routes are guarded by authentication middleware.The handlers themselves trust the middleware to enforce this contract; if the routewireup ever loses RequirePermissions/RequireAuth, this test will fail.","2","TestRegister_RoutesRequireAuthentication","","Wed Jul 22 18:42:34 UTC 2026","passed","Wed Jul 22 18:42:34 UTC 2026","","Go Test","github.com/specterops/bloodhound/server/analysis/internal/routes/TestRegister_RoutesRequireAuthentication","TestRegister_RoutesRequireAuthentication"
"Test cases for TestWriteInternalServerError","0","TestWriteInternalServerError","","Wed Jul 22 18:42:27 UTC 2026","passed","Wed Jul 22 18:42:27 UTC 2026","","Go Test","github.com/specterops/bloodhound/packages/go/responses/TestWriteInternalServerError","TestWriteInternalServerError"
"","483","should render the cypher search controls when user clicks on cypher tab","ExploreSearch rendering per tab","Wed Jul 22 18:49:15 UTC 2026","passed","Wed Jul 22 18:49:16 UTC 2026","","","",""
"","64","renders a ListItemActionMenu component","ListItemActionMenu","Wed Jul 22 18:46:59 UTC 2026","passed","Wed Jul 22 18:46:59 UTC 2026","","","",""
"","19","renders custom icon overlap correctly","NodeIcon","Wed Jul 22 18:47:53 UTC 2026","passed","Wed Jul 22 18:47:53 UTC 2026","","","",""
"","188","handles creating a new label","Tag Form","Wed Jul 22 18:43:04 UTC 2026","passed","Wed Jul 22 18:43:04 UTC 2026","","","",""
"","82","disables delete button for built-in extensions","ActiveExtensionsCard","Wed Jul 22 18:43:31 UTC 2026","passed","Wed Jul 22 18:43:31 UTC 2026","","","",""
"","116","defaults to wrapped and removes .wrapped class when unwrap btn is clicked","CodeController","Wed Jul 22 18:48:19 UTC 2026","passed","Wed Jul 22 18:48:19 UTC 2026","","","",""
"","129","highlights the table option instead of selectedLayout when table is selected on a cypher query","GraphControls","Wed Jul 22 18:43:30 UTC 2026","passed","Wed Jul 22 18:43:30 UTC 2026","","Table view selection state","",""
"Test cases for TestWriteBasicResponse","0","TestWriteBasicResponse","","Wed Jul 22 18:41:54 UTC 2026","passed","Wed Jul 22 18:41:54 UTC 2026","","Go Test","github.com/specterops/bloodhound/cmd/api/src/api/TestWriteBasicResponse","TestWriteBasicResponse"
"","1418","shows an error message when unable to delete a rule","Rule Form","Wed Jul 22 18:43:13 UTC 2026","passed","Wed Jul 22 18:43:15 UTC 2026","","","",""
"","0","returns empty array when search does not match any environment","filterAndSearchEnvironments","Wed Jul 22 18:43:22 UTC 2026","passed","Wed Jul 22 18:43:22 UTC 2026","","search filter","",""
"Test cases for TestExpireUserAuthSecret_Success","0","TestExpireUserAuthSecret_Success","","Wed Jul 22 18:42:11 UTC 2026","passed","Wed Jul 22 18:42:11 UTC 2026","","Go Test","github.com/specterops/bloodhound/cmd/api/src/api/v2/auth/TestExpireUserAuthSecret_Success","TestExpireUserAuthSecret_Success"
"Test cases for TestArgon2Digest_Validate","5","TestArgon2Digest_Validate","","Wed Jul 22 18:42:23 UTC 2026","passed","Wed Jul 22 18:42:23 UTC 2026","","Go Test","github.com/specterops/bloodhound/packages/go/crypto/TestArgon2Digest_Validate","TestArgon2Digest_Validate"
"","11","sets descending sort state for a new sorted column","useSortParams","Wed Jul 22 18:46:52 UTC 2026","passed","Wed Jul 22 18:46:52 UTC 2026","","","",""
"","64","renders three animated dots","ProcessingIndicator","Wed Jul 22 18:48:43 UTC 2026","passed","Wed Jul 22 18:48:43 UTC 2026","","","",""
"","258","displays expected results when searching by objectid","SearchCurrentNodes","Wed Jul 22 18:46:31 UTC 2026","passed","Wed Jul 22 18:46:31 UTC 2026","","","",""
"Test cases for TestDeduplicateKinds","0","TestDeduplicateKinds","","Wed Jul 22 18:42:16 UTC 2026","passed","Wed Jul 22 18:42:16 UTC 2026","","Go Test","github.com/specterops/bloodhound/cmd/api/src/services/graphify/TestDeduplicateKinds","TestDeduplicateKinds"
"","649","should display generate/revoke api tokens button","User Actions Menu","Wed Jul 22 18:46:02 UTC 2026","passed","Wed Jul 22 18:46:02 UTC 2026","","Api Keys","",""
"Test cases for TestTimeIsZero","0","TestTimeIsZero","","Wed Jul 22 18:42:08 UTC 2026","passed","Wed Jul 22 18:42:08 UTC 2026","","Go Test","github.com/specterops/bloodhound/cmd/api/src/database/types/null/TestTimeIsZero","TestTimeIsZero"
"Test cases for TestGetMFAActivationStatus_Failure","1","TestGetMFAActivationStatus_Failure","","Wed Jul 22 18:42:45 UTC 2026","passed","Wed Jul 22 18:42:45 UTC 2026","","Go Test","github.com/specterops/bloodhound/cmd/api/src/api/v2/auth/TestGetMFAActivationStatus_Failure","TestGetMFAActivationStatus_Failure"
"Test cases for TestResources_ListADDomainForeignGroups","1","TestResources_ListADDomainForeignGroups","","Wed Jul 22 18:42:05 UTC 2026","passed","Wed Jul 22 18:42:05 UTC 2026","","Go Test","github.com/specterops/bloodhound/cmd/api/src/api/v2/TestResources_ListADDomainForeignGroups","TestResources_ListADDomainForeignGroups"
"Test cases for TestOpenGraphSchemaService_DeleteExtension","2","TestOpenGraphSchemaService_DeleteExtension","","Wed Jul 22 18:42:17 UTC 2026","passed","Wed Jul 22 18:42:17 UTC 2026","","Go Test","github.com/specterops/bloodhound/cmd/api/src/services/opengraphschema/TestOpenGraphSchemaService_DeleteExtension","TestOpenGraphSchemaService_DeleteExtension"
"Test cases for TestBoolIsZero","0","TestBoolIsZero","","Wed Jul 22 18:42:08 UTC 2026","passed","Wed Jul 22 18:42:08 UTC 2026","","Go Test","github.com/specterops/bloodhound/cmd/api/src/database/types/null/TestBoolIsZero","TestBoolIsZero"
"","42","falls back to 0 for the relationship row when no relationship stat is present","OpenGraphInfo","Wed Jul 22 18:44:46 UTC 2026","passed","Wed Jul 22 18:44:46 UTC 2026","","","",""
"Test cases for TestOrphanFileSweeper_ClearStoredIngestFiles","23","TestOrphanFileSweeper_ClearStoredIngestFiles","","Wed Jul 22 18:42:06 UTC 2026","passed","Wed Jul 22 18:42:06 UTC 2026","","Go Test","github.com/specterops/bloodhound/cmd/api/src/daemons/datapipe/TestOrphanFileSweeper_ClearStoredIngestFiles","TestOrphanFileSweeper_ClearStoredIngestFiles"
"","78","displays no data message when there are no extensions","ActiveExtensionsCard","Wed Jul 22 18:43:28 UTC 2026","passed","Wed Jul 22 18:43:29 UTC 2026","","","",""
"","5","shows the collection methods for the given job","toCollected","Wed Jul 22 18:48:10 UTC 2026","passed","Wed Jul 22 18:48:10 UTC 2026","","","",""
"Test cases for TestManagementResource_ListUsers_InvalidFilterPredicate","0","TestManagementResource_ListUsers_InvalidFilterPredicate","","Wed Jul 22 18:42:11 UTC 2026","passed","Wed Jul 22 18:42:11 UTC 2026","","Go Test","github.com/specterops/bloodhound/cmd/api/src/api/v2/auth/TestManagementResource_ListUsers_InvalidFilterPredicate","TestManagementResource_ListUsers_InvalidFilterPredicate"
"","461","changes the text from ""Disabled"" to ""Enabled"" when the Rule Status switch is toggled","Rule Form","Wed Jul 22 18:43:13 UTC 2026","passed","Wed Jul 22 18:43:13 UTC 2026","","","",""
"","421","clicking cancel on the form takes the user back to the details page the user was on previously","Rule Form","Wed Jul 22 18:43:15 UTC 2026","passed","Wed Jul 22 18:43:15 UTC 2026","","","",""
"Test cases for TestUnmarshalString","0","TestUnmarshalString","","Wed Jul 22 18:42:08 UTC 2026","passed","Wed Jul 22 18:42:08 UTC 2026","","Go Test","github.com/specterops/bloodhound/cmd/api/src/database/types/null/TestUnmarshalString","TestUnmarshalString"
"","235","renders the QuerySearchFilter component","QuerySearchFilter","Wed Jul 22 18:46:32 UTC 2026","passed","Wed Jul 22 18:46:33 UTC 2026","","","",""
"","23","renders details for a selected rule and is of type ""Object""","DynamicDetails","Wed Jul 22 18:45:36 UTC 2026","passed","Wed Jul 22 18:45:36 UTC 2026","","","",""
"Test cases for TestResources_ListADEntityPSRemoteRights","0","TestResources_ListADEntityPSRemoteRights","","Wed Jul 22 18:42:05 UTC 2026","passed","Wed Jul 22 18:42:05 UTC 2026","","Go Test","github.com/specterops/bloodhound/cmd/api/src/api/v2/TestResources_ListADEntityPSRemoteRights","TestResources_ListADEntityPSRemoteRights"
"Test cases for TestWriteError","0","TestWriteError","","Wed Jul 22 18:42:27 UTC 2026","passed","Wed Jul 22 18:42:27 UTC 2026","","Go Test","github.com/specterops/bloodhound/packages/go/responses/TestWriteError","TestWriteError"
"","30","whencreated","Handling value formatting for Active Directory entity properties lastlogon, lastlogontimestamp, whencreated, and pwdlastset","Wed Jul 22 18:45:06 UTC 2026","passed","Wed Jul 22 18:45:06 UTC 2026","","","",""
"Test cases for TestUnmarshalInt64","0","TestUnmarshalInt64","","Wed Jul 22 18:42:08 UTC 2026","passed","Wed Jul 22 18:42:08 UTC 2026","","Go Test","github.com/specterops/bloodhound/cmd/api/src/database/types/null/TestUnmarshalInt64","TestUnmarshalInt64"
"Test cases for TestContextMiddlewareBypassEnabled","0","TestContextMiddlewareBypassEnabled","","Wed Jul 22 18:41:56 UTC 2026","passed","Wed Jul 22 18:41:56 UTC 2026","","Go Test","github.com/specterops/bloodhound/cmd/api/src/api/middleware/TestContextMiddlewareBypassEnabled","TestContextMiddlewareBypassEnabled"
"","192","a timeout response from the server is handled","ExploreSearchCombobox with search timeout","Wed Jul 22 18:45:19 UTC 2026","passed","Wed Jul 22 18:45:19 UTC 2026","","","",""
"","577","displays correct content based on platform filter AD","CommonSearches","Wed Jul 22 18:45:14 UTC 2026","passed","Wed Jul 22 18:45:14 UTC 2026","","","",""
"","616","filters by the selected status","FileIngestFilterDialog","Wed Jul 22 18:44:49 UTC 2026","passed","Wed Jul 22 18:44:50 UTC 2026","","Status Select","",""
"Test cases for TestManagementResource_OIDCLoginHandler","8","TestManagementResource_OIDCLoginHandler","","Wed Jul 22 18:42:47 UTC 2026","passed","Wed Jul 22 18:42:47 UTC 2026","","Go Test","github.com/specterops/bloodhound/cmd/api/src/api/v2/auth/TestManagementResource_OIDCLoginHandler","TestManagementResource_OIDCLoginHandler"
"Test cases for TestQueries_BuildEntityQueryParams_DataTypeCount","0","TestQueries_BuildEntityQueryParams_DataTypeCount","","Wed Jul 22 18:42:11 UTC 2026","passed","Wed Jul 22 18:42:11 UTC 2026","","Go Test","github.com/specterops/bloodhound/cmd/api/src/queries/TestQueries_BuildEntityQueryParams_DataTypeCount","TestQueries_BuildEntityQueryParams_DataTypeCount"
"Test cases for TestFillAndPopulateDefaultAdminInfo","0","TestFillAndPopulateDefaultAdminInfo","","Wed Jul 22 18:42:06 UTC 2026","passed","Wed Jul 22 18:42:06 UTC 2026","","Go Test","github.com/specterops/bloodhound/cmd/api/src/bootstrap/TestFillAndPopulateDefaultAdminInfo","TestFillAndPopulateDefaultAdminInfo"
"","253","should render","SSOProviderTable","Wed Jul 22 18:47:06 UTC 2026","passed","Wed Jul 22 18:47:06 UTC 2026","","","",""
"","270","should display a ""Configure Multi-Factor Authentication"" modal","UserProfile","Wed Jul 22 18:45:33 UTC 2026","passed","Wed Jul 22 18:45:33 UTC 2026","","""Multi-Factor Authentication"" switch","",""
"Test cases for TestIngestJobs_IsSortable","0","TestIngestJobs_IsSortable","","Wed Jul 22 18:42:09 UTC 2026","passed","Wed Jul 22 18:42:09 UTC 2026","","Go Test","github.com/specterops/bloodhound/cmd/api/src/model/TestIngestJobs_IsSortable","TestIngestJobs_IsSortable"
"","97","renders node kind items with correct test-id","KindInfoItems","Wed Jul 22 18:45:40 UTC 2026","passed","Wed Jul 22 18:45:40 UTC 2026","","","",""
"Test cases for TestNewSIDSuffix","0","TestNewSIDSuffix","","Wed Jul 22 18:42:22 UTC 2026","passed","Wed Jul 22 18:42:22 UTC 2026","","Go Test","github.com/specterops/bloodhound/packages/go/analysis/ad/wellknown/TestNewSIDSuffix","TestNewSIDSuffix"
"","2","returns undefined if graphData is undefined","normalizeGraphDataForSigma","Wed Jul 22 18:49:50 UTC 2026","passed","Wed Jul 22 18:49:50 UTC 2026","","","",""
"","282","disables GraphButton when isCurrentSearchOpen is true","GraphControls","Wed Jul 22 18:43:31 UTC 2026","passed","Wed Jul 22 18:43:31 UTC 2026","","Searching current results","",""
"","0","escapes a single quote","escapeCypherString","Wed Jul 22 18:48:33 UTC 2026","passed","Wed Jul 22 18:48:33 UTC 2026","","","",""
"","663","renders a filter search and platform dropdown menu","CommonSearches","Wed Jul 22 18:45:12 UTC 2026","passed","Wed Jul 22 18:45:13 UTC 2026","","","",""
"","354","should render","LoginForm","Wed Jul 22 18:47:51 UTC 2026","passed","Wed Jul 22 18:47:51 UTC 2026","","","",""
"Test cases for Test_SetApplicationConfiguration","1","Test_SetApplicationConfiguration","","Wed Jul 22 18:42:05 UTC 2026","passed","Wed Jul 22 18:42:05 UTC 2026","","Go Test","github.com/specterops/bloodhound/cmd/api/src/api/v2/Test_SetApplicationConfiguration","Test_SetApplicationConfiguration"
"","2","prevents Sigma defaults events","preventAllDefaults","Wed Jul 22 18:49:56 UTC 2026","passed","Wed Jul 22 18:49:56 UTC 2026","","","",""
"","22","renders custom icon correctly","NodeIcon","Wed Jul 22 18:47:53 UTC 2026","passed","Wed Jul 22 18:47:53 UTC 2026","","","",""
"","498","should accept passwords with unicode punctuation characters","CreateUserForm","Wed Jul 22 18:43:41 UTC 2026","passed","Wed Jul 22 18:43:42 UTC 2026","","","",""
"","0","should return false when there is no match","compareTerm","Wed Jul 22 18:47:31 UTC 2026","passed","Wed Jul 22 18:47:31 UTC 2026","","","",""
"","1414","should call the setCypherQuery handler when the value in the editor changes","CypherSearch","Wed Jul 22 18:43:53 UTC 2026","passed","Wed Jul 22 18:43:55 UTC 2026","","","",""
"","830","should display all available roles","CreateUserDialog","Wed Jul 22 18:44:00 UTC 2026","passed","Wed Jul 22 18:44:01 UTC 2026","","","",""
"","0","returns only the known types when environments is null","getOpenGraphEnvironmentInfoMap","Wed Jul 22 18:43:22 UTC 2026","passed","Wed Jul 22 18:43:22 UTC 2026","","","",""
"","173","renders the card with title and search input","ActiveExtensionsCard","Wed Jul 22 18:43:28 UTC 2026","passed","Wed Jul 22 18:43:28 UTC 2026","","","",""
"","430","Displays the rules list if passed in through additional sections","EntityInfoDataTableList","Wed Jul 22 18:46:26 UTC 2026","passed","Wed Jul 22 18:46:27 UTC 2026","","","",""
"","1976","should display search results when the user enters text","AssetGroupEdit","Wed Jul 22 18:46:42 UTC 2026","passed","Wed Jul 22 18:46:44 UTC 2026","","","",""
"Test cases for TestOrphanFileSweeper_ClearLegacyLocalIngestFilesRemovesOrphanDirectoriesIfOld","24","TestOrphanFileSweeper_ClearLegacyLocalIngestFilesRemovesOrphanDirectoriesIfOld","","Wed Jul 22 18:42:06 UTC 2026","passed","Wed Jul 22 18:42:06 UTC 2026","","Go Test","github.com/specterops/bloodhound/cmd/api/src/daemons/datapipe/TestOrphanFileSweeper_ClearLegacyLocalIngestFilesRemovesOrphanDirectoriesIfOld","TestOrphanFileSweeper_ClearLegacyLocalIngestFilesRemovesOrphanDirectoriesIfOld"
"","13","when there is no ID in the URL and no tags available, no ID is returned (it is undefined)","usePZQueryParams","Wed Jul 22 18:46:31 UTC 2026","passed","Wed Jul 22 18:46:31 UTC 2026","","","",""
"","63","renders a link to the documentation","BloodHoundConfiguration","Wed Jul 22 18:49:57 UTC 2026","passed","Wed Jul 22 18:49:57 UTC 2026","","","",""
"Test cases for TestService_GetFlagByKey","1","TestService_GetFlagByKey","","Wed Jul 22 18:42:39 UTC 2026","passed","Wed Jul 22 18:42:39 UTC 2026","","Go Test","github.com/specterops/bloodhound/server/featureflags/internal/services/TestService_GetFlagByKey","TestService_GetFlagByKey"
"","10","shows date placeholder if no hint is given","ManagedDatePicker - placeholders","Wed Jul 22 18:46:10 UTC 2026","passed","Wed Jul 22 18:46:10 UTC 2026","","","",""
"Test cases for TestManagementResource_ListUsers","1","TestManagementResource_ListUsers","","Wed Jul 22 18:42:11 UTC 2026","passed","Wed Jul 22 18:42:11 UTC 2026","","Go Test","github.com/specterops/bloodhound/cmd/api/src/api/v2/auth/TestManagementResource_ListUsers","TestManagementResource_ListUsers"
"","457","should render a SaveQueryDialog","SaveQueryDialog","Wed Jul 22 18:43:01 UTC 2026","passed","Wed Jul 22 18:43:01 UTC 2026","","","",""
"Test cases for TestResources_GetAssetGroupSelectorMemberCountsByKind","1","TestResources_GetAssetGroupSelectorMemberCountsByKind","","Wed Jul 22 18:42:05 UTC 2026","passed","Wed Jul 22 18:42:05 UTC 2026","","Go Test","github.com/specterops/bloodhound/cmd/api/src/api/v2/TestResources_GetAssetGroupSelectorMemberCountsByKind","TestResources_GetAssetGroupSelectorMemberCountsByKind"
"Test cases for TestResources_ListAssetGroupCollections","1","TestResources_ListAssetGroupCollections","","Wed Jul 22 18:42:05 UTC 2026","passed","Wed Jul 22 18:42:05 UTC 2026","","Go Test","github.com/specterops/bloodhound/cmd/api/src/api/v2/TestResources_ListAssetGroupCollections","TestResources_ListAssetGroupCollections"
"","24","renders a list of pre-built searches and displays categories and subcategories one time","PrebuiltSearchList","Wed Jul 22 18:46:15 UTC 2026","passed","Wed Jul 22 18:46:15 UTC 2026","","","",""
"Test cases for TestResources_GetAssetGroupTagSelectors","0","TestResources_GetAssetGroupTagSelectors","","Wed Jul 22 18:42:05 UTC 2026","passed","Wed Jul 22 18:42:05 UTC 2026","","Go Test","github.com/specterops/bloodhound/cmd/api/src/api/v2/TestResources_GetAssetGroupTagSelectors","TestResources_GetAssetGroupTagSelectors"
"Test cases for TestResources_GetRootCAEntityInfo","184","TestResources_GetRootCAEntityInfo","","Wed Jul 22 18:42:05 UTC 2026","passed","Wed Jul 22 18:42:05 UTC 2026","","Go Test","github.com/specterops/bloodhound/cmd/api/src/api/v2/TestResources_GetRootCAEntityInfo","TestResources_GetRootCAEntityInfo"
"Test cases for TestSelfDestructingTempFile","1","TestSelfDestructingTempFile","","Wed Jul 22 18:41:54 UTC 2026","passed","Wed Jul 22 18:41:54 UTC 2026","","Go Test","github.com/specterops/bloodhound/cmd/api/src/api/TestSelfDestructingTempFile","TestSelfDestructingTempFile"
"","756","displays the default ""No notes"" tooltip when the note is missing and actor is not BloodHound","NoteCell component","Wed Jul 22 18:47:01 UTC 2026","passed","Wed Jul 22 18:47:01 UTC 2026","","","",""
"Test cases for TestResources_PreviewSelectors","1","TestResources_PreviewSelectors","","Wed Jul 22 18:42:05 UTC 2026","passed","Wed Jul 22 18:42:05 UTC 2026","","Go Test","github.com/specterops/bloodhound/cmd/api/src/api/v2/TestResources_PreviewSelectors","TestResources_PreviewSelectors"
"Test cases for TestTypes_Value","0","TestTypes_Value","","Wed Jul 22 18:42:08 UTC 2026","passed","Wed Jul 22 18:42:08 UTC 2026","","Go Test","github.com/specterops/bloodhound/cmd/api/src/database/types/TestTypes_Value","TestTypes_Value"
"","118","renders nothing in the expiration cell when a token has no expires_at","UserTokenManagementDialog - API Expiration Date column","Wed Jul 22 18:45:04 UTC 2026","passed","Wed Jul 22 18:45:04 UTC 2026","","","",""
"","8","re-announces the same message by incrementing the span key","AnnouncementProvider","Wed Jul 22 18:46:18 UTC 2026","passed","Wed Jul 22 18:46:18 UTC 2026","","","",""
"Test cases for TestParseUUID","0","TestParseUUID","","Wed Jul 22 18:42:19 UTC 2026","passed","Wed Jul 22 18:42:19 UTC 2026","","Go Test","github.com/specterops/bloodhound/cmd/api/src/utils/TestParseUUID","TestParseUUID"
"","195","renders the Cypher Rules Panel when clicking the Rule Tab","Selected Details Tab Content","Wed Jul 22 18:46:39 UTC 2026","passed","Wed Jul 22 18:46:39 UTC 2026","","","",""
"Test cases for TestSortParseAndValidate_Parsing","0","TestSortParseAndValidate_Parsing","","Wed Jul 22 18:42:27 UTC 2026","passed","Wed Jul 22 18:42:27 UTC 2026","","Go Test","github.com/specterops/bloodhound/packages/go/params/TestSortParseAndValidate_Parsing","TestSortParseAndValidate_Parsing"
"","9","does not return when label limit is not reached","useTagLimits","Wed Jul 22 18:43:46 UTC 2026","passed","Wed Jul 22 18:43:46 UTC 2026","","","",""
"","986","should hide Environmental Targeted Access Control panel when showEnvironmentAccessControls prop is true and power user role is selected","UpdateUserForm","Wed Jul 22 18:43:14 UTC 2026","passed","Wed Jul 22 18:43:15 UTC 2026","","","",""
"","351","switches Rule tab to active/selected when clicked","Selected Details Tabs","Wed Jul 22 18:45:45 UTC 2026","passed","Wed Jul 22 18:45:46 UTC 2026","","Selected Details Tabs - Click Interactions","",""
"","4","returns paramValue if it is one of the expected values","useExploreParams","Wed Jul 22 18:48:46 UTC 2026","passed","Wed Jul 22 18:48:46 UTC 2026","","parseSearchType","",""
"","2686","should render expand all and collapse all buttons","Pathfinding","Wed Jul 22 18:43:34 UTC 2026","passed","Wed Jul 22 18:43:37 UTC 2026","","","",""
"","916","renders asset group edit options with graph write permissions","ContextMenu","Wed Jul 22 18:44:56 UTC 2026","passed","Wed Jul 22 18:44:57 UTC 2026","","","",""
"Test cases for TestStore_GetEnvironmentTargetedAccessControlForUser","2","TestStore_GetEnvironmentTargetedAccessControlForUser","","Wed Jul 22 18:42:34 UTC 2026","passed","Wed Jul 22 18:42:34 UTC 2026","","Go Test","github.com/specterops/bloodhound/server/etac/internal/appdb/TestStore_GetEnvironmentTargetedAccessControlForUser","TestStore_GetEnvironmentTargetedAccessControlForUser"
"Test cases for TestFoldl","1","TestFoldl","","Wed Jul 22 18:42:27 UTC 2026","passed","Wed Jul 22 18:42:27 UTC 2026","","Go Test","github.com/specterops/bloodhound/packages/go/slicesext/TestFoldl","TestFoldl"
"","10","should render when search string matches text entirely","HighlightedText","Wed Jul 22 18:47:47 UTC 2026","passed","Wed Jul 22 18:47:47 UTC 2026","","","",""
"Test cases for TestStore_GetFlagByKey","1","TestStore_GetFlagByKey","","Wed Jul 22 18:42:38 UTC 2026","passed","Wed Jul 22 18:42:38 UTC 2026","","Go Test","github.com/specterops/bloodhound/server/featureflags/internal/appdb/TestStore_GetFlagByKey","TestStore_GetFlagByKey"
"Test cases for TestDomainSelectors_TestIsSortable","0","TestDomainSelectors_TestIsSortable","","Wed Jul 22 18:42:09 UTC 2026","passed","Wed Jul 22 18:42:09 UTC 2026","","Go Test","github.com/specterops/bloodhound/cmd/api/src/model/TestDomainSelectors_TestIsSortable","TestDomainSelectors_TestIsSortable"
"","2","should recognize azure properties","validating a node property against the shared generated schema","Wed Jul 22 18:45:06 UTC 2026","passed","Wed Jul 22 18:45:06 UTC 2026","","","",""
"Test cases for TestResources_ListExtensions","55","TestResources_ListExtensions","","Wed Jul 22 18:42:05 UTC 2026","passed","Wed Jul 22 18:42:05 UTC 2026","","Go Test","github.com/specterops/bloodhound/cmd/api/src/api/v2/TestResources_ListExtensions","TestResources_ListExtensions"
"Test cases for TestManagementResource_ListUsers_SortingError","0","TestManagementResource_ListUsers_SortingError","","Wed Jul 22 18:42:11 UTC 2026","passed","Wed Jul 22 18:42:11 UTC 2026","","Go Test","github.com/specterops/bloodhound/cmd/api/src/api/v2/auth/TestManagementResource_ListUsers_SortingError","TestManagementResource_ListUsers_SortingError"
"Test cases for TestIngestibleRelationshipsToUpdates_ObjectIDCasing","0","TestIngestibleRelationshipsToUpdates_ObjectIDCasing","","Wed Jul 22 18:42:16 UTC 2026","passed","Wed Jul 22 18:42:16 UTC 2026","","Go Test","github.com/specterops/bloodhound/cmd/api/src/services/graphify/TestIngestibleRelationshipsToUpdates_ObjectIDCasing","TestIngestibleRelationshipsToUpdates_ObjectIDCasing"
"","2118","Clicking header allows user to sort by column","ExploreTable","Wed Jul 22 18:42:59 UTC 2026","passed","Wed Jul 22 18:43:01 UTC 2026","","","",""
"Test cases for TestIntEqual","0","TestIntEqual","","Wed Jul 22 18:42:08 UTC 2026","passed","Wed Jul 22 18:42:08 UTC 2026","","Go Test","github.com/specterops/bloodhound/cmd/api/src/database/types/null/TestIntEqual","TestIntEqual"
"Test cases for Test_filterAndFormatSearchResults_filterEnvironments_tenantIDFail","0","Test_filterAndFormatSearchResults_filterEnvironments_tenantIDFail","","Wed Jul 22 18:42:05 UTC 2026","passed","Wed Jul 22 18:42:05 UTC 2026","","Go Test","github.com/specterops/bloodhound/cmd/api/src/api/v2/Test_filterAndFormatSearchResults_filterEnvironments_tenantIDFail","Test_filterAndFormatSearchResults_filterEnvironments_tenantIDFail"
"Test cases for TestNormalizeEinNodeProperties","0","TestNormalizeEinNodeProperties","","Wed Jul 22 18:42:16 UTC 2026","passed","Wed Jul 22 18:42:16 UTC 2026","","Go Test","github.com/specterops/bloodhound/cmd/api/src/services/graphify/TestNormalizeEinNodeProperties","TestNormalizeEinNodeProperties"
"Test cases for TestGenericAssign","1","TestGenericAssign","","Wed Jul 22 18:42:19 UTC 2026","passed","Wed Jul 22 18:42:19 UTC 2026","","Go Test","github.com/specterops/bloodhound/cmd/api/src/utils/TestGenericAssign","TestGenericAssign"
"","20","sets autoDisplayTable to false if query returns no results","useExploreTableAutoDisplay","Wed Jul 22 18:47:19 UTC 2026","passed","Wed Jul 22 18:47:19 UTC 2026","","","",""
"","298","should not call onSubmit when input is invalid and Submit button is clicked","UpsertSAMLProviderForm","Wed Jul 22 18:47:23 UTC 2026","passed","Wed Jul 22 18:47:23 UTC 2026","","","",""
"Test cases for TestManagementResource_UpdateUser_DuplicateEmailError","0","TestManagementResource_UpdateUser_DuplicateEmailError","","Wed Jul 22 18:42:22 UTC 2026","passed","Wed Jul 22 18:42:22 UTC 2026","","Go Test","github.com/specterops/bloodhound/cmd/api/src/api/v2/auth/TestManagementResource_UpdateUser_DuplicateEmailError","TestManagementResource_UpdateUser_DuplicateEmailError"
"","1","combines all filter types","filterAndSearchEnvironments","Wed Jul 22 18:43:22 UTC 2026","passed","Wed Jul 22 18:43:22 UTC 2026","","combined filters","",""
"","1","returns graphData as is if it doesnt match the GraphResponse interface","normalizeGraphDataForSigma","Wed Jul 22 18:49:50 UTC 2026","passed","Wed Jul 22 18:49:50 UTC 2026","","","",""
"Test cases for TestDetectBOMEncoding","0","TestDetectBOMEncoding","","Wed Jul 22 18:42:23 UTC 2026","passed","Wed Jul 22 18:42:23 UTC 2026","","Go Test","github.com/specterops/bloodhound/packages/go/bomenc/TestDetectBOMEncoding","TestDetectBOMEncoding"
"Test cases for TestClearCache_HA","2","TestClearCache_HA","","Wed Jul 22 18:42:07 UTC 2026","passed","Wed Jul 22 18:42:07 UTC 2026","","Go Test","github.com/specterops/bloodhound/cmd/api/src/daemons/changelog/TestClearCache_HA","TestClearCache_HA"
"Test cases for TestService_GetRelationship","3","TestService_GetRelationship","","Wed Jul 22 18:42:41 UTC 2026","passed","Wed Jul 22 18:42:41 UTC 2026","","Go Test","github.com/specterops/bloodhound/server/graphdb/internal/services/TestService_GetRelationship","TestService_GetRelationship"
"Test cases for TestCreateUser_Success","1179","TestCreateUser_Success","","Wed Jul 22 18:42:12 UTC 2026","passed","Wed Jul 22 18:42:13 UTC 2026","","Go Test","github.com/specterops/bloodhound/cmd/api/src/api/v2/auth/TestCreateUser_Success","TestCreateUser_Success"
"Test cases for TestCacheEntryDigester_DigestEndpoint_JSONMarshalError","0","TestCacheEntryDigester_DigestEndpoint_JSONMarshalError","","Wed Jul 22 18:42:16 UTC 2026","passed","Wed Jul 22 18:42:16 UTC 2026","","Go Test","github.com/specterops/bloodhound/cmd/api/src/services/graphify/endpoint/TestCacheEntryDigester_DigestEndpoint_JSONMarshalError","TestCacheEntryDigester_DigestEndpoint_JSONMarshalError"
"","82","shows View in Explore if exploreUrl is supplied","Seed Selection Results","Wed Jul 22 18:45:04 UTC 2026","passed","Wed Jul 22 18:45:04 UTC 2026","","","",""
"","0","should hide/expand search widget when user clicks minus/plus button","ExploreSearch rendering per tab","Wed Jul 22 18:49:58 UTC 2026","unknown","Wed Jul 22 18:49:58 UTC 2026","","","",""
"Test cases for TestResources_DeleteSavedQuery_DBError","0","TestResources_DeleteSavedQuery_DBError","","Wed Jul 22 18:42:05 UTC 2026","passed","Wed Jul 22 18:42:05 UTC 2026","","Go Test","github.com/specterops/bloodhound/cmd/api/src/api/v2/TestResources_DeleteSavedQuery_DBError","TestResources_DeleteSavedQuery_DBError"
"","62","sets input text to value","ManagedDatePicker - value","Wed Jul 22 18:46:10 UTC 2026","passed","Wed Jul 22 18:46:10 UTC 2026","","","",""
"Test cases for TestMarshalFloatText","0","TestMarshalFloatText","","Wed Jul 22 18:42:08 UTC 2026","passed","Wed Jul 22 18:42:08 UTC 2026","","Go Test","github.com/specterops/bloodhound/cmd/api/src/database/types/null/TestMarshalFloatText","TestMarshalFloatText"
"","26","calls onDataError and renders nothing when the aggregation request fails","OpenGraphPlatformInfo","Wed Jul 22 18:44:46 UTC 2026","passed","Wed Jul 22 18:44:46 UTC 2026","","","",""
"","345","should reject passwords where only a space is used as the special character","CreateUserForm","Wed Jul 22 18:43:43 UTC 2026","passed","Wed Jul 22 18:43:43 UTC 2026","","","",""
"","608","should display Environmental Targeted Access Control panel when showEnvironmentAccessControls prop is true and user role is selected","UpdateUserForm","Wed Jul 22 18:43:13 UTC 2026","passed","Wed Jul 22 18:43:14 UTC 2026","","","",""
"","32","does not render count for a selected zone if prop is not set","DynamicDetails","Wed Jul 22 18:45:36 UTC 2026","passed","Wed Jul 22 18:45:36 UTC 2026","","","",""
"","68","should navigate to the correct page on alt + digit keydown","Keyboard shortcuts","Wed Jul 22 18:45:37 UTC 2026","passed","Wed Jul 22 18:45:37 UTC 2026","","","",""
"Test cases for TestResources_ListADGPOAffectedUsers","1","TestResources_ListADGPOAffectedUsers","","Wed Jul 22 18:42:05 UTC 2026","passed","Wed Jul 22 18:42:05 UTC 2026","","Go Test","github.com/specterops/bloodhound/cmd/api/src/api/v2/TestResources_ListADGPOAffectedUsers","TestResources_ListADGPOAffectedUsers"
"Test cases for TestStore_Get","21","TestStore_Get","","Wed Jul 22 18:42:29 UTC 2026","passed","Wed Jul 22 18:42:29 UTC 2026","","Go Test","github.com/specterops/bloodhound/packages/go/storage/TestStore_Get","TestStore_Get"
"Test cases for TestUnifiedGraph_AddPathSet","0","TestUnifiedGraph_AddPathSet","","Wed Jul 22 18:42:09 UTC 2026","passed","Wed Jul 22 18:42:09 UTC 2026","","Go Test","github.com/specterops/bloodhound/cmd/api/src/model/TestUnifiedGraph_AddPathSet","TestUnifiedGraph_AddPathSet"
"","4846","should clear state when logout action is dispatched","redux store","Wed Jul 22 18:49:40 UTC 2026","passed","Wed Jul 22 18:49:44 UTC 2026","","","",""
"","3","uses the provided threshold when determining whether the scroll is close enough to the bottom","useInfiniteScroll","Wed Jul 22 18:46:57 UTC 2026","passed","Wed Jul 22 18:46:57 UTC 2026","","","",""
"Test cases for TestParseDomainTrusts_TrustAttributes","2","TestParseDomainTrusts_TrustAttributes","","Wed Jul 22 18:42:24 UTC 2026","passed","Wed Jul 22 18:42:24 UTC 2026","","Go Test","github.com/specterops/bloodhound/packages/go/ein/TestParseDomainTrusts_TrustAttributes","TestParseDomainTrusts_TrustAttributes"
"","184","should render an SavedQueryPermissions component","SaveQueryDialog","Wed Jul 22 18:43:04 UTC 2026","passed","Wed Jul 22 18:43:04 UTC 2026","","","",""
"","3600","closes explore search tab menu and clears selected item when a cypher query returns multiple nodes","CypherSearch","Wed Jul 22 18:43:58 UTC 2026","passed","Wed Jul 22 18:44:01 UTC 2026","","Minimize explorer page elements when multiple nodes are returned","",""
"","1","returns the edge and both of its endpoint nodes","SigmaChart Utils","Wed Jul 22 18:49:37 UTC 2026","passed","Wed Jul 22 18:49:37 UTC 2026","when an edge is selected","getFullPathHighlightedEntities","",""
"Test cases for TestCache_FillFifo","0","TestCache_FillFifo","","Wed Jul 22 18:42:23 UTC 2026","passed","Wed Jul 22 18:42:23 UTC 2026","","Go Test","github.com/specterops/bloodhound/packages/go/cache/TestCache_FillFifo","TestCache_FillFifo"
"Test cases for TestRegisterBHCEMetrics","1","TestRegisterBHCEMetrics","","Wed Jul 22 18:42:27 UTC 2026","passed","Wed Jul 22 18:42:27 UTC 2026","","Go Test","github.com/specterops/bloodhound/packages/go/metricsregistration/TestRegisterBHCEMetrics","TestRegisterBHCEMetrics"
"","120","buttons are disabled while loading","PasswordResetForm","Wed Jul 22 18:46:04 UTC 2026","passed","Wed Jul 22 18:46:04 UTC 2026","","","",""
"Test cases for TestStorageFileService_WriteFileFromReader","29","TestStorageFileService_WriteFileFromReader","","Wed Jul 22 18:42:29 UTC 2026","passed","Wed Jul 22 18:42:29 UTC 2026","","Go Test","github.com/specterops/bloodhound/packages/go/storage/TestStorageFileService_WriteFileFromReader","TestStorageFileService_WriteFileFromReader"
"","95","renders the title as a visible h1 heading","PageWithTitle","Wed Jul 22 18:48:37 UTC 2026","passed","Wed Jul 22 18:48:37 UTC 2026","","","",""
"","0","returns all collected environments when aggegation type is all","getEnvironmentAggregationIds","Wed Jul 22 18:43:22 UTC 2026","passed","Wed Jul 22 18:43:22 UTC 2026","","","",""
"","736","does not allow confirmation while dates are invalid","FileIngestFilterDialog","Wed Jul 22 18:44:52 UTC 2026","passed","Wed Jul 22 18:44:52 UTC 2026","","Date Range Inputs","",""
"","2","does not fetch more data while a page is already fetching","useInfiniteScroll","Wed Jul 22 18:46:57 UTC 2026","passed","Wed Jul 22 18:46:57 UTC 2026","","","",""
"","0","returns the known info map values for a known type (Active Directory)","getOpenGraphEnvironmentInfo","Wed Jul 22 18:43:22 UTC 2026","passed","Wed Jul 22 18:43:22 UTC 2026","","","",""
"","0","isError returns as expected based on all queries combined","queriesAreLoadingOrErrored","Wed Jul 22 18:48:41 UTC 2026","passed","Wed Jul 22 18:48:41 UTC 2026","","","",""
"Test cases for TestConvertDomainToNode_DomainInvalidProperties","0","TestConvertDomainToNode_DomainInvalidProperties","","Wed Jul 22 18:42:24 UTC 2026","passed","Wed Jul 22 18:42:24 UTC 2026","","Go Test","github.com/specterops/bloodhound/packages/go/ein/TestConvertDomainToNode_DomainInvalidProperties","TestConvertDomainToNode_DomainInvalidProperties"
"","782","should render a create user form","CreateUserDialog","Wed Jul 22 18:43:58 UTC 2026","passed","Wed Jul 22 18:43:59 UTC 2026","","","",""
"Test cases for TestFloatEqual","0","TestFloatEqual","","Wed Jul 22 18:42:08 UTC 2026","passed","Wed Jul 22 18:42:08 UTC 2026","","Go Test","github.com/specterops/bloodhound/cmd/api/src/database/types/null/TestFloatEqual","TestFloatEqual"
"","2","EXTENDED ROUNDING when thresholds are set: abbreviates hundred-thousands, millions, billions, trillions as expected","numberFormatting","Wed Jul 22 18:46:16 UTC 2026","passed","Wed Jul 22 18:46:16 UTC 2026","","","",""
"Test cases for TestSavedQueries_IsString","0","TestSavedQueries_IsString","","Wed Jul 22 18:42:09 UTC 2026","passed","Wed Jul 22 18:42:09 UTC 2026","","Go Test","github.com/specterops/bloodhound/cmd/api/src/model/TestSavedQueries_IsString","TestSavedQueries_IsString"
"Test cases for TestManagementResource_ListAuthTokens_SortingError","1","TestManagementResource_ListAuthTokens_SortingError","","Wed Jul 22 18:42:34 UTC 2026","passed","Wed Jul 22 18:42:34 UTC 2026","","Go Test","github.com/specterops/bloodhound/cmd/api/src/api/v2/auth/TestManagementResource_ListAuthTokens_SortingError","TestManagementResource_ListAuthTokens_SortingError"
"","714","should render","ExploreTable","Wed Jul 22 18:42:56 UTC 2026","passed","Wed Jul 22 18:42:57 UTC 2026","","","",""
"Test cases for TestResources_GetOUEntityInfo","1","TestResources_GetOUEntityInfo","","Wed Jul 22 18:42:05 UTC 2026","passed","Wed Jul 22 18:42:05 UTC 2026","","Go Test","github.com/specterops/bloodhound/cmd/api/src/api/v2/TestResources_GetOUEntityInfo","TestResources_GetOUEntityInfo"
"Test cases for TestStore_CreateAnalysisRequest","0","TestStore_CreateAnalysisRequest","","Wed Jul 22 18:42:32 UTC 2026","passed","Wed Jul 22 18:42:32 UTC 2026","","Go Test","github.com/specterops/bloodhound/server/analysis/internal/appdb/TestStore_CreateAnalysisRequest","TestStore_CreateAnalysisRequest"
"","138","continue button is disabled when no SSO provider has been selected","LoginViaSSOForm","Wed Jul 22 18:46:53 UTC 2026","passed","Wed Jul 22 18:46:53 UTC 2026","","","",""
"","65","displays the checkbox as checked if the filter params value is 'true'","AssetGroupEdit","Wed Jul 22 18:45:16 UTC 2026","passed","Wed Jul 22 18:45:16 UTC 2026","","Custom Member checkbox filter","",""
"Test cases for TestHandleDatabaseErrorNotFound","0","TestHandleDatabaseErrorNotFound","","Wed Jul 22 18:41:54 UTC 2026","passed","Wed Jul 22 18:41:54 UTC 2026","","Go Test","github.com/specterops/bloodhound/cmd/api/src/api/TestHandleDatabaseErrorNotFound","TestHandleDatabaseErrorNotFound"
"","109","prevents a user from proceeding if the file is not valid","File Upload","Wed Jul 22 18:45:32 UTC 2026","passed","Wed Jul 22 18:45:32 UTC 2026","","","",""
"","158","should have a disabled continue button","TagToZoneLabelDialog","Wed Jul 22 18:46:21 UTC 2026","passed","Wed Jul 22 18:46:21 UTC 2026","","","",""
"","71","should render a label and version number when expanded","MainNav","Wed Jul 22 18:45:37 UTC 2026","passed","Wed Jul 22 18:45:37 UTC 2026","","","",""
"Test cases for TestManagementResource_SAMLCallbackHandler","12","TestManagementResource_SAMLCallbackHandler","","Wed Jul 22 18:42:47 UTC 2026","passed","Wed Jul 22 18:42:47 UTC 2026","","Go Test","github.com/specterops/bloodhound/cmd/api/src/api/v2/auth/TestManagementResource_SAMLCallbackHandler","TestManagementResource_SAMLCallbackHandler"
"Test cases for TestResources_ListADGPOAffectedTierZero","1","TestResources_ListADGPOAffectedTierZero","","Wed Jul 22 18:42:05 UTC 2026","passed","Wed Jul 22 18:42:05 UTC 2026","","Go Test","github.com/specterops/bloodhound/cmd/api/src/api/v2/TestResources_ListADGPOAffectedTierZero","TestResources_ListADGPOAffectedTierZero"
"Test cases for TestResources_DeleteSavedQuery_RecordNotFound_EdgeCase","0","TestResources_DeleteSavedQuery_RecordNotFound_EdgeCase","","Wed Jul 22 18:42:05 UTC 2026","passed","Wed Jul 22 18:42:05 UTC 2026","","Go Test","github.com/specterops/bloodhound/cmd/api/src/api/v2/TestResources_DeleteSavedQuery_RecordNotFound_EdgeCase","TestResources_DeleteSavedQuery_RecordNotFound_EdgeCase"
"Test cases for TestWriteAndValidateZip","1","TestWriteAndValidateZip","","Wed Jul 22 18:42:17 UTC 2026","passed","Wed Jul 22 18:42:17 UTC 2026","","Go Test","github.com/specterops/bloodhound/cmd/api/src/services/upload/TestWriteAndValidateZip","TestWriteAndValidateZip"
"","1772","displays a list of available sharphound and azurehound files to download","DownloadCollectors","Wed Jul 22 18:49:23 UTC 2026","passed","Wed Jul 22 18:49:25 UTC 2026","","","",""
"","360","shows all extensions when search is cleared","ActiveExtensionsCard","Wed Jul 22 18:43:30 UTC 2026","passed","Wed Jul 22 18:43:30 UTC 2026","","","",""
"","232","clears selected item when pathfinding search returns results","GraphView","Wed Jul 22 18:49:11 UTC 2026","passed","Wed Jul 22 18:49:11 UTC 2026","","","",""
"Test cases for Test_NewSpecWithHooks","0","Test_NewSpecWithHooks","","Wed Jul 22 18:42:25 UTC 2026","passed","Wed Jul 22 18:42:25 UTC 2026","","Go Test","github.com/specterops/bloodhound/packages/go/lab/Test_NewSpecWithHooks","Test_NewSpecWithHooks"
"Test cases for TestGetECAHostedChainedDomains_ForestHosting","1","TestGetECAHostedChainedDomains_ForestHosting","","Wed Jul 22 18:42:22 UTC 2026","passed","Wed Jul 22 18:42:22 UTC 2026","","Go Test","github.com/specterops/bloodhound/packages/go/analysis/ad/TestGetECAHostedChainedDomains_ForestHosting","TestGetECAHostedChainedDomains_ForestHosting"
"","24","returns numbers as strings","numberFormatting","Wed Jul 22 18:46:16 UTC 2026","passed","Wed Jul 22 18:46:16 UTC 2026","","","",""
"","1","handles environment with impactValue at exact threshold boundaries","filterAndSearchEnvironments","Wed Jul 22 18:43:22 UTC 2026","passed","Wed Jul 22 18:43:22 UTC 2026","","edge cases","",""
"","123","renders with a selected icon","Glyph Select Dialog","Wed Jul 22 18:48:09 UTC 2026","passed","Wed Jul 22 18:48:09 UTC 2026","","","",""
"","0","reports an API error when there is only statusText","handleError","Wed Jul 22 18:44:40 UTC 2026","passed","Wed Jul 22 18:44:40 UTC 2026","","","",""
"Test cases for TestKeyEncoder_Key_Deterministic","0","TestKeyEncoder_Key_Deterministic","","Wed Jul 22 18:42:22 UTC 2026","passed","Wed Jul 22 18:42:22 UTC 2026","","Go Test","github.com/specterops/bloodhound/packages/go/analysis/post/TestKeyEncoder_Key_Deterministic","TestKeyEncoder_Key_Deterministic"
"Test cases for TestHandlers_GetRequest","4","TestHandlers_GetRequest","","Wed Jul 22 18:42:32 UTC 2026","passed","Wed Jul 22 18:42:32 UTC 2026","","Go Test","github.com/specterops/bloodhound/server/analysis/internal/handlers/TestHandlers_GetRequest","TestHandlers_GetRequest"
"","79","should on clicking remove call clearSelectedItem","EntityInfoHeader","Wed Jul 22 18:46:48 UTC 2026","passed","Wed Jul 22 18:46:48 UTC 2026","","","",""
"","2909","Preserves sample results when switching between Object ID and Cypher rule types","Rule Form","Wed Jul 22 18:43:19 UTC 2026","passed","Wed Jul 22 18:43:22 UTC 2026","","","",""
"Test cases for TestFormatDatabaseErrorNotFound","0","TestFormatDatabaseErrorNotFound","","Wed Jul 22 18:41:54 UTC 2026","passed","Wed Jul 22 18:41:54 UTC 2026","","Go Test","github.com/specterops/bloodhound/cmd/api/src/api/TestFormatDatabaseErrorNotFound","TestFormatDatabaseErrorNotFound"
"","8","renders OpenGraphPlatformInfo for an open graph platform aggregate with a kind id","getStatsComponent","Wed Jul 22 18:47:08 UTC 2026","passed","Wed Jul 22 18:47:08 UTC 2026","","","",""
"Test cases for TestContextMiddleware","0","TestContextMiddleware","","Wed Jul 22 18:41:56 UTC 2026","passed","Wed Jul 22 18:41:56 UTC 2026","","Go Test","github.com/specterops/bloodhound/cmd/api/src/api/middleware/TestContextMiddleware","TestContextMiddleware"
"Test cases for TestResources_GetPathfindingResult","0","TestResources_GetPathfindingResult","","Wed Jul 22 18:42:05 UTC 2026","passed","Wed Jul 22 18:42:05 UTC 2026","","Go Test","github.com/specterops/bloodhound/cmd/api/src/api/v2/TestResources_GetPathfindingResult","TestResources_GetPathfindingResult"
"Test cases for TestResources_GetIssuancePolicyEntityInfo","179","TestResources_GetIssuancePolicyEntityInfo","","Wed Jul 22 18:42:05 UTC 2026","passed","Wed Jul 22 18:42:05 UTC 2026","","Go Test","github.com/specterops/bloodhound/cmd/api/src/api/v2/TestResources_GetIssuancePolicyEntityInfo","TestResources_GetIssuancePolicyEntityInfo"
"Test cases for TestMoveFileBetweenServices","3","TestMoveFileBetweenServices","","Wed Jul 22 18:42:29 UTC 2026","passed","Wed Jul 22 18:42:29 UTC 2026","","Go Test","github.com/specterops/bloodhound/packages/go/storage/TestMoveFileBetweenServices","TestMoveFileBetweenServices"
"","15","renders null if network fails to return valid asset group membership list","AssetGroupMenuItem","Wed Jul 22 18:49:07 UTC 2026","passed","Wed Jul 22 18:49:07 UTC 2026","","adding to an asset group","",""
"","2156","hides the password field and removes the requirement when logged in with SSO","Users","Wed Jul 22 18:44:58 UTC 2026","passed","Wed Jul 22 18:45:00 UTC 2026","","","",""
"Test cases for TestBoolFromPtr","0","TestBoolFromPtr","","Wed Jul 22 18:42:08 UTC 2026","passed","Wed Jul 22 18:42:08 UTC 2026","","Go Test","github.com/specterops/bloodhound/cmd/api/src/database/types/null/TestBoolFromPtr","TestBoolFromPtr"
"Test cases for TestMarshalIntText","0","TestMarshalIntText","","Wed Jul 22 18:42:08 UTC 2026","passed","Wed Jul 22 18:42:08 UTC 2026","","Go Test","github.com/specterops/bloodhound/cmd/api/src/database/types/null/TestMarshalIntText","TestMarshalIntText"
"","1","returns the same nodes from the graphData","getExploreTableData","Wed Jul 22 18:46:20 UTC 2026","passed","Wed Jul 22 18:46:20 UTC 2026","","","",""
"","3","floors DateTime objects to the nearest minute","floorToNearestMinute","Wed Jul 22 18:47:48 UTC 2026","passed","Wed Jul 22 18:47:48 UTC 2026","","","",""
"Test cases for TestCreateUser_ETAC","4106","TestCreateUser_ETAC","","Wed Jul 22 18:42:13 UTC 2026","passed","Wed Jul 22 18:42:17 UTC 2026","","Go Test","github.com/specterops/bloodhound/cmd/api/src/api/v2/auth/TestCreateUser_ETAC","TestCreateUser_ETAC"
"","61","fetches relationship data when an id is provided","useGetRelationshipById","Wed Jul 22 18:45:45 UTC 2026","passed","Wed Jul 22 18:45:45 UTC 2026","","","",""
"Test cases for TestJSONFloat_MarshalJSON","0","TestJSONFloat_MarshalJSON","","Wed Jul 22 18:42:08 UTC 2026","passed","Wed Jul 22 18:42:08 UTC 2026","","Go Test","github.com/specterops/bloodhound/cmd/api/src/database/types/nan/TestJSONFloat_MarshalJSON","TestJSONFloat_MarshalJSON"
"Test cases for TestIngestGenericData_RegisterNodeKind","10","TestIngestGenericData_RegisterNodeKind","","Wed Jul 22 18:42:16 UTC 2026","passed","Wed Jul 22 18:42:16 UTC 2026","","Go Test","github.com/specterops/bloodhound/cmd/api/src/services/graphify/TestIngestGenericData_RegisterNodeKind","TestIngestGenericData_RegisterNodeKind"
"Test cases for TestResources_GetAssetGroupMemberCount_DBError","0","TestResources_GetAssetGroupMemberCount_DBError","","Wed Jul 22 18:42:05 UTC 2026","passed","Wed Jul 22 18:42:05 UTC 2026","","Go Test","github.com/specterops/bloodhound/cmd/api/src/api/v2/TestResources_GetAssetGroupMemberCount_DBError","TestResources_GetAssetGroupMemberCount_DBError"
"Test cases for TestParseLimitQueryParameter_Invalid","0","TestParseLimitQueryParameter_Invalid","","Wed Jul 22 18:42:05 UTC 2026","passed","Wed Jul 22 18:42:05 UTC 2026","","Go Test","github.com/specterops/bloodhound/cmd/api/src/api/v2/TestParseLimitQueryParameter_Invalid","TestParseLimitQueryParameter_Invalid"
"Test cases for TestLoginSuccess","0","TestLoginSuccess","","Wed Jul 22 18:42:05 UTC 2026","passed","Wed Jul 22 18:42:05 UTC 2026","","Go Test","github.com/specterops/bloodhound/cmd/api/src/api/v2/auth/TestLoginSuccess","TestLoginSuccess"
"","247","shows a loading state","AssetGroupMenuItem","Wed Jul 22 18:45:23 UTC 2026","passed","Wed Jul 22 18:45:24 UTC 2026","","","",""
"Test cases for TestOrphanFileSweeper_ClearStoredIngestFilesNormalizesListedPaths","23","TestOrphanFileSweeper_ClearStoredIngestFilesNormalizesListedPaths","","Wed Jul 22 18:42:06 UTC 2026","passed","Wed Jul 22 18:42:06 UTC 2026","","Go Test","github.com/specterops/bloodhound/cmd/api/src/daemons/datapipe/TestOrphanFileSweeper_ClearStoredIngestFilesNormalizesListedPaths","TestOrphanFileSweeper_ClearStoredIngestFilesNormalizesListedPaths"
"Test cases for TestServeHTTP_Success","0","TestServeHTTP_Success","","Wed Jul 22 18:41:56 UTC 2026","passed","Wed Jul 22 18:41:56 UTC 2026","","Go Test","github.com/specterops/bloodhound/cmd/api/src/api/middleware/TestServeHTTP_Success","TestServeHTTP_Success"
"","13","when user does not have a disallowed role for a route with disallowed roles, they see the normal page","AuthenticatedRoute","Wed Jul 22 18:49:35 UTC 2026","passed","Wed Jul 22 18:49:35 UTC 2026","","","",""
"","14","sets autoDisplayTable to false if query type is relationship","useExploreTableAutoDisplay","Wed Jul 22 18:47:19 UTC 2026","passed","Wed Jul 22 18:47:19 UTC 2026","","","",""
"","0","should compute the length of a line segment","bezier","Wed Jul 22 18:49:36 UTC 2026","passed","Wed Jul 22 18:49:36 UTC 2026","","","",""
"Test cases for TestSortJSONArrayElements","7","TestSortJSONArrayElements","","Wed Jul 22 18:42:20 UTC 2026","passed","Wed Jul 22 18:42:20 UTC 2026","","Go Test","github.com/specterops/bloodhound/cmd/api/src/utils/test/TestSortJSONArrayElements","TestSortJSONArrayElements"
"","362","displays a polite message when there are no user updatable features available","EarlyAccessFeatures","Wed Jul 22 18:49:35 UTC 2026","passed","Wed Jul 22 18:49:36 UTC 2026","","","",""
"","2","stores a boolean value in localStorage","useLocalStorage","Wed Jul 22 18:45:39 UTC 2026","passed","Wed Jul 22 18:45:39 UTC 2026","","setValue","",""
"Test cases for TestResources_ExportSavedQuery","9","TestResources_ExportSavedQuery","","Wed Jul 22 18:42:05 UTC 2026","passed","Wed Jul 22 18:42:05 UTC 2026","","Go Test","github.com/specterops/bloodhound/cmd/api/src/api/v2/TestResources_ExportSavedQuery","TestResources_ExportSavedQuery"
"","13","does not return when zone limit is not reached","useTagLimits","Wed Jul 22 18:43:46 UTC 2026","passed","Wed Jul 22 18:43:46 UTC 2026","","","",""
"Test cases for TestNewFeatureFlagRequestAdapter","0","TestNewFeatureFlagRequestAdapter","","Wed Jul 22 18:42:38 UTC 2026","passed","Wed Jul 22 18:42:38 UTC 2026","","Go Test","github.com/specterops/bloodhound/server/featureflags/TestNewFeatureFlagRequestAdapter","TestNewFeatureFlagRequestAdapter"
"Test cases for TestOrphanFileSweeper_AddExpectedLocalPath","24","TestOrphanFileSweeper_AddExpectedLocalPath","","Wed Jul 22 18:42:06 UTC 2026","passed","Wed Jul 22 18:42:06 UTC 2026","","Go Test","github.com/specterops/bloodhound/cmd/api/src/daemons/datapipe/TestOrphanFileSweeper_AddExpectedLocalPath","TestOrphanFileSweeper_AddExpectedLocalPath"
"Test cases for TestResources_ListADGPOAffectedContainers","1","TestResources_ListADGPOAffectedContainers","","Wed Jul 22 18:42:05 UTC 2026","passed","Wed Jul 22 18:42:05 UTC 2026","","Go Test","github.com/specterops/bloodhound/cmd/api/src/api/v2/TestResources_ListADGPOAffectedContainers","TestResources_ListADGPOAffectedContainers"
"Test cases for TestRandomDurationBetween","19","TestRandomDurationBetween","","Wed Jul 22 18:42:06 UTC 2026","passed","Wed Jul 22 18:42:06 UTC 2026","","Go Test","github.com/specterops/bloodhound/cmd/api/src/daemons/datapipe/TestRandomDurationBetween","TestRandomDurationBetween"
"","0","returns true if arrays are equal","areArraysSimilar","Wed Jul 22 18:48:12 UTC 2026","passed","Wed Jul 22 18:48:12 UTC 2026","","","",""
"","3","`undefined` input is provided","parseKeywordAndTypeValue","Wed Jul 22 18:48:26 UTC 2026","passed","Wed Jul 22 18:48:26 UTC 2026","","","",""
"","128","buttons are disabled while loading","LoginForm","Wed Jul 22 18:47:52 UTC 2026","passed","Wed Jul 22 18:47:52 UTC 2026","","","",""
"","10","should not render if open === false","ConfirmUpdateQueryDialog","Wed Jul 22 18:48:11 UTC 2026","passed","Wed Jul 22 18:48:11 UTC 2026","","","",""
"Test cases for Test_AuthMiddleware","0","Test_AuthMiddleware","","Wed Jul 22 18:41:56 UTC 2026","passed","Wed Jul 22 18:41:56 UTC 2026","","Go Test","github.com/specterops/bloodhound/cmd/api/src/api/middleware/Test_AuthMiddleware","Test_AuthMiddleware"
"Test cases for TestManagementResource_UpdateUser_IDMalformed","1196","TestManagementResource_UpdateUser_IDMalformed","","Wed Jul 22 18:42:18 UTC 2026","passed","Wed Jul 22 18:42:20 UTC 2026","","Go Test","github.com/specterops/bloodhound/cmd/api/src/api/v2/auth/TestManagementResource_UpdateUser_IDMalformed","TestManagementResource_UpdateUser_IDMalformed"
"Test cases for TestResources_UpdateSavedQuery_ErrorFetchingPublicStatus","0","TestResources_UpdateSavedQuery_ErrorFetchingPublicStatus","","Wed Jul 22 18:42:05 UTC 2026","passed","Wed Jul 22 18:42:05 UTC 2026","","Go Test","github.com/specterops/bloodhound/cmd/api/src/api/v2/TestResources_UpdateSavedQuery_ErrorFetchingPublicStatus","TestResources_UpdateSavedQuery_ErrorFetchingPublicStatus"
"Test cases for TestFloatPointer","0","TestFloatPointer","","Wed Jul 22 18:42:08 UTC 2026","passed","Wed Jul 22 18:42:08 UTC 2026","","Go Test","github.com/specterops/bloodhound/cmd/api/src/database/types/null/TestFloatPointer","TestFloatPointer"
"Test cases for TestTextUnmarshalBool","0","TestTextUnmarshalBool","","Wed Jul 22 18:42:08 UTC 2026","passed","Wed Jul 22 18:42:08 UTC 2026","","Go Test","github.com/specterops/bloodhound/cmd/api/src/database/types/null/TestTextUnmarshalBool","TestTextUnmarshalBool"
"Test cases for TestManagementResource_GetSAMLProvider","5","TestManagementResource_GetSAMLProvider","","Wed Jul 22 18:42:47 UTC 2026","passed","Wed Jul 22 18:42:47 UTC 2026","","Go Test","github.com/specterops/bloodhound/cmd/api/src/api/v2/auth/TestManagementResource_GetSAMLProvider","TestManagementResource_GetSAMLProvider"
"","11","updates key in state","useObjectState","Wed Jul 22 18:47:47 UTC 2026","passed","Wed Jul 22 18:47:47 UTC 2026","","","",""
"Test cases for TestResources_UpdateSavedQuery_AdminPublicQuery_Success","0","TestResources_UpdateSavedQuery_AdminPublicQuery_Success","","Wed Jul 22 18:42:05 UTC 2026","passed","Wed Jul 22 18:42:05 UTC 2026","","Go Test","github.com/specterops/bloodhound/cmd/api/src/api/v2/TestResources_UpdateSavedQuery_AdminPublicQuery_Success","TestResources_UpdateSavedQuery_AdminPublicQuery_Success"
"Test cases for TestModifyCookieAttribute","6","TestModifyCookieAttribute","","Wed Jul 22 18:42:20 UTC 2026","passed","Wed Jul 22 18:42:20 UTC 2026","","Go Test","github.com/specterops/bloodhound/cmd/api/src/utils/test/TestModifyCookieAttribute","TestModifyCookieAttribute"
"Test that the digester handles empty property lists gracefully","0","TestCacheEntryDigester_EmptyMatchers","","Wed Jul 22 18:42:16 UTC 2026","passed","Wed Jul 22 18:42:16 UTC 2026","","Go Test","github.com/specterops/bloodhound/cmd/api/src/services/graphify/endpoint/TestCacheEntryDigester_EmptyMatchers","TestCacheEntryDigester_EmptyMatchers"
"Test cases for TestResources_ListADComputerDCOMUsers","2","TestResources_ListADComputerDCOMUsers","","Wed Jul 22 18:42:05 UTC 2026","passed","Wed Jul 22 18:42:05 UTC 2026","","Go Test","github.com/specterops/bloodhound/cmd/api/src/api/v2/TestResources_ListADComputerDCOMUsers","TestResources_ListADComputerDCOMUsers"
"","15","dedupes edges before adding them to the graph","Explore utils","Wed Jul 22 18:49:28 UTC 2026","passed","Wed Jul 22 18:49:28 UTC 2026","","initGraph","",""
"Test cases for TestJSONFloat_UnmarshalJSON","0","TestJSONFloat_UnmarshalJSON","","Wed Jul 22 18:42:08 UTC 2026","passed","Wed Jul 22 18:42:08 UTC 2026","","Go Test","github.com/specterops/bloodhound/cmd/api/src/database/types/nan/TestJSONFloat_UnmarshalJSON","TestJSONFloat_UnmarshalJSON"
"","229","should display ""Create Token"" button","UserTokenManagementDialog","Wed Jul 22 18:45:03 UTC 2026","passed","Wed Jul 22 18:45:03 UTC 2026","","","",""
"","325","toggles sort order when clicking sortable header","ObjectsAccordion","Wed Jul 22 18:46:26 UTC 2026","passed","Wed Jul 22 18:46:26 UTC 2026","","","",""
"Test cases for TestManagementResource_SSOCallbackHandler","6","TestManagementResource_SSOCallbackHandler","","Wed Jul 22 18:42:47 UTC 2026","passed","Wed Jul 22 18:42:47 UTC 2026","","Go Test","github.com/specterops/bloodhound/cmd/api/src/api/v2/auth/TestManagementResource_SSOCallbackHandler","TestManagementResource_SSOCallbackHandler"
"","57","navigates to the specified route with global params intact","AppNavigate","Wed Jul 22 18:47:15 UTC 2026","passed","Wed Jul 22 18:47:15 UTC 2026","","","",""
"","0","returns false when the highlighted item is not in the graph","SigmaChart Utils","Wed Jul 22 18:49:37 UTC 2026","passed","Wed Jul 22 18:49:37 UTC 2026","","getIsHighlightedItemInGraph","",""
"Test cases for TestCache_Set","0","TestCache_Set","","Wed Jul 22 18:42:23 UTC 2026","passed","Wed Jul 22 18:42:23 UTC 2026","","Go Test","github.com/specterops/bloodhound/packages/go/cache/TestCache_Set","TestCache_Set"
"Test cases for TestBoolEqual","0","TestBoolEqual","","Wed Jul 22 18:42:08 UTC 2026","passed","Wed Jul 22 18:42:08 UTC 2026","","Go Test","github.com/specterops/bloodhound/cmd/api/src/database/types/null/TestBoolEqual","TestBoolEqual"
"","0","A type was provided but no keyword follows the typed filter","Getting the text for the disabled item display for a search when there are no results","Wed Jul 22 18:47:30 UTC 2026","passed","Wed Jul 22 18:47:30 UTC 2026","","Empty data states","",""
"Test cases for TestCache_GuardedSet","0","TestCache_GuardedSet","","Wed Jul 22 18:42:23 UTC 2026","passed","Wed Jul 22 18:42:23 UTC 2026","","Go Test","github.com/specterops/bloodhound/packages/go/cache/TestCache_GuardedSet","TestCache_GuardedSet"
"","280","toggles sort order when clicking sortable header","RulesAccordion","Wed Jul 22 18:46:25 UTC 2026","passed","Wed Jul 22 18:46:25 UTC 2026","","","",""
"Test cases for TestResources_ListFileUploadJobs","0","TestResources_ListFileUploadJobs","","Wed Jul 22 18:42:05 UTC 2026","passed","Wed Jul 22 18:42:05 UTC 2026","","Go Test","github.com/specterops/bloodhound/cmd/api/src/api/v2/TestResources_ListFileUploadJobs","TestResources_ListFileUploadJobs"
"","219","calls onLayoutChange with the selected layout","GraphControls","Wed Jul 22 18:43:29 UTC 2026","passed","Wed Jul 22 18:43:30 UTC 2026","","Selecting a layout","",""
"","0","returns fallback Cypher message when ruleType is undefined and seeds are required","getErrorMessage","Wed Jul 22 18:44:40 UTC 2026","passed","Wed Jul 22 18:44:40 UTC 2026","","","",""
"Test cases for TestResources_ListADEntityConstrainedDelegationRights","0","TestResources_ListADEntityConstrainedDelegationRights","","Wed Jul 22 18:42:05 UTC 2026","passed","Wed Jul 22 18:42:05 UTC 2026","","Go Test","github.com/specterops/bloodhound/cmd/api/src/api/v2/TestResources_ListADEntityConstrainedDelegationRights","TestResources_ListADEntityConstrainedDelegationRights"
"","137","should call onCancel when return to login button clicked","OneTimePasscodeForm","Wed Jul 22 18:47:43 UTC 2026","passed","Wed Jul 22 18:47:44 UTC 2026","","","",""
"Copyright 2021 The Go Authors. All rights reserved.TestConcat was ripped from go1.22 source and should be replaced with the stdlib implementation when we move to 1.22Original source: https:","2","TestConcat","","Wed Jul 22 18:42:27 UTC 2026","passed","Wed Jul 22 18:42:27 UTC 2026","","Go Test","github.com/specterops/bloodhound/packages/go/slicesext/TestConcat","TestConcat"
"Test cases for TestResources_DeleteSavedQuery_PublicQueryAndUserIsAdmin","0","TestResources_DeleteSavedQuery_PublicQueryAndUserIsAdmin","","Wed Jul 22 18:42:05 UTC 2026","passed","Wed Jul 22 18:42:05 UTC 2026","","Go Test","github.com/specterops/bloodhound/cmd/api/src/api/v2/TestResources_DeleteSavedQuery_PublicQueryAndUserIsAdmin","TestResources_DeleteSavedQuery_PublicQueryAndUserIsAdmin"
"Test cases for TestAuditLogin","0","TestAuditLogin","","Wed Jul 22 18:41:54 UTC 2026","passed","Wed Jul 22 18:41:54 UTC 2026","","Go Test","github.com/specterops/bloodhound/cmd/api/src/api/TestAuditLogin","TestAuditLogin"
"Test cases for TestStorageFileService_WriteFile","32","TestStorageFileService_WriteFile","","Wed Jul 22 18:42:29 UTC 2026","passed","Wed Jul 22 18:42:29 UTC 2026","","Go Test","github.com/specterops/bloodhound/packages/go/storage/TestStorageFileService_WriteFile","TestStorageFileService_WriteFile"
"","153","renders an interactive version when preview is set to false","PrivilegeZonesCypherEditor Search component for Zone Management","Wed Jul 22 18:47:28 UTC 2026","passed","Wed Jul 22 18:47:28 UTC 2026","","","",""
"Test cases for TestGraphQuery_PrepareCypherQuery","39","TestGraphQuery_PrepareCypherQuery","","Wed Jul 22 18:42:11 UTC 2026","passed","Wed Jul 22 18:42:11 UTC 2026","","Go Test","github.com/specterops/bloodhound/cmd/api/src/queries/TestGraphQuery_PrepareCypherQuery","TestGraphQuery_PrepareCypherQuery"
"","244","should display a toggle switch to enable multi-factor authentication","UserProfile","Wed Jul 22 18:45:32 UTC 2026","passed","Wed Jul 22 18:45:33 UTC 2026","","","",""
"Test cases for TestResources_ListADComputerPSRemoteUsers","1","TestResources_ListADComputerPSRemoteUsers","","Wed Jul 22 18:42:05 UTC 2026","passed","Wed Jul 22 18:42:05 UTC 2026","","Go Test","github.com/specterops/bloodhound/cmd/api/src/api/v2/TestResources_ListADComputerPSRemoteUsers","TestResources_ListADComputerPSRemoteUsers"
"","84","does not display notification when user has GRAPH_DB_INGEST_MANAGE permission","FileIngest","Wed Jul 22 18:46:55 UTC 2026","passed","Wed Jul 22 18:46:55 UTC 2026","","","",""
"","177","should fire Cancel once with false","DeleteConfirmationDialog","Wed Jul 22 18:48:01 UTC 2026","passed","Wed Jul 22 18:48:02 UTC 2026","","","",""
"Test cases for TestCache_NewCache","3","TestCache_NewCache","","Wed Jul 22 18:42:23 UTC 2026","passed","Wed Jul 22 18:42:23 UTC 2026","","Go Test","github.com/specterops/bloodhound/packages/go/cache/TestCache_NewCache","TestCache_NewCache"
"","0","should compute the midpoint of a line segment","bezier","Wed Jul 22 18:49:36 UTC 2026","passed","Wed Jul 22 18:49:36 UTC 2026","","","",""
"Test cases for TestRewriter_Enter_CombinedADAndAzureShortcut_PreservesOrder","0","TestRewriter_Enter_CombinedADAndAzureShortcut_PreservesOrder","","Wed Jul 22 18:42:11 UTC 2026","passed","Wed Jul 22 18:42:11 UTC 2026","","Go Test","github.com/specterops/bloodhound/cmd/api/src/queries/TestRewriter_Enter_CombinedADAndAzureShortcut_PreservesOrder","TestRewriter_Enter_CombinedADAndAzureShortcut_PreservesOrder"
"Test cases for TestLoginExpiry","0","TestLoginExpiry","","Wed Jul 22 18:42:47 UTC 2026","passed","Wed Jul 22 18:42:47 UTC 2026","","Go Test","github.com/specterops/bloodhound/cmd/api/src/api/v2/auth/TestLoginExpiry","TestLoginExpiry"
"","58","copys children value to clipboard after clicking the copy btn","CodeController","Wed Jul 22 18:48:19 UTC 2026","passed","Wed Jul 22 18:48:19 UTC 2026","","","",""
"","1365","should render","EntityInfoHeader","Wed Jul 22 18:46:47 UTC 2026","passed","Wed Jul 22 18:46:48 UTC 2026","","","",""
"Test cases for TestFilterParseAndValidate_IgnoredParameters","0","TestFilterParseAndValidate_IgnoredParameters","","Wed Jul 22 18:42:27 UTC 2026","passed","Wed Jul 22 18:42:27 UTC 2026","","Go Test","github.com/specterops/bloodhound/packages/go/params/TestFilterParseAndValidate_IgnoredParameters","TestFilterParseAndValidate_IgnoredParameters"
"","111","calls onClick when toggle button clicked","EarlyAccessFeatureToggle","Wed Jul 22 18:49:44 UTC 2026","passed","Wed Jul 22 18:49:44 UTC 2026","","","",""
"Test cases for TestResources_CreateAssetGroupTagSelector","1","TestResources_CreateAssetGroupTagSelector","","Wed Jul 22 18:42:05 UTC 2026","passed","Wed Jul 22 18:42:05 UTC 2026","","Go Test","github.com/specterops/bloodhound/cmd/api/src/api/v2/TestResources_CreateAssetGroupTagSelector","TestResources_CreateAssetGroupTagSelector"
"Test cases for TestConvertContainerToNode_InheritanceHashes","0","TestConvertContainerToNode_InheritanceHashes","","Wed Jul 22 18:42:24 UTC 2026","passed","Wed Jul 22 18:42:24 UTC 2026","","Go Test","github.com/specterops/bloodhound/packages/go/ein/TestConvertContainerToNode_InheritanceHashes","TestConvertContainerToNode_InheritanceHashes"
"Test cases for TestAnalysisStepsValue","10","TestAnalysisStepsValue","","Wed Jul 22 18:42:09 UTC 2026","passed","Wed Jul 22 18:42:09 UTC 2026","","Go Test","github.com/specterops/bloodhound/cmd/api/src/model/TestAnalysisStepsValue","TestAnalysisStepsValue"
"Test cases for TestResources_UpdateAssetGroupTag","1","TestResources_UpdateAssetGroupTag","","Wed Jul 22 18:42:05 UTC 2026","passed","Wed Jul 22 18:42:05 UTC 2026","","Go Test","github.com/specterops/bloodhound/cmd/api/src/api/v2/TestResources_UpdateAssetGroupTag","TestResources_UpdateAssetGroupTag"
"Test cases for TestManagementResource_ListSAMLProviders","6","TestManagementResource_ListSAMLProviders","","Wed Jul 22 18:42:47 UTC 2026","passed","Wed Jul 22 18:42:47 UTC 2026","","Go Test","github.com/specterops/bloodhound/cmd/api/src/api/v2/auth/TestManagementResource_ListSAMLProviders","TestManagementResource_ListSAMLProviders"
"Test cases for TestBuildErrorResponseUnauthorized","0","TestBuildErrorResponseUnauthorized","","Wed Jul 22 18:41:54 UTC 2026","passed","Wed Jul 22 18:41:54 UTC 2026","","Go Test","github.com/specterops/bloodhound/cmd/api/src/api/TestBuildErrorResponseUnauthorized","TestBuildErrorResponseUnauthorized"
"","1","EXTENDED ROUNDING when thresholds are set: does not abbreviate numbers < 10000","numberFormatting","Wed Jul 22 18:46:16 UTC 2026","passed","Wed Jul 22 18:46:16 UTC 2026","","","",""
"Test cases for TestSignRequestValuesSuccess","1","TestSignRequestValuesSuccess","","Wed Jul 22 18:41:54 UTC 2026","passed","Wed Jul 22 18:41:54 UTC 2026","","Go Test","github.com/specterops/bloodhound/cmd/api/src/api/TestSignRequestValuesSuccess","TestSignRequestValuesSuccess"
"Test cases for TestManagementResource_ListUsers_DBError","0","TestManagementResource_ListUsers_DBError","","Wed Jul 22 18:42:11 UTC 2026","passed","Wed Jul 22 18:42:11 UTC 2026","","Go Test","github.com/specterops/bloodhound/cmd/api/src/api/v2/auth/TestManagementResource_ListUsers_DBError","TestManagementResource_ListUsers_DBError"
"","0","The node radius is adjusted for nodes that have their ""highlighted"" property set to true since the highlight adds some padding","getNodeRadius","Wed Jul 22 18:49:44 UTC 2026","passed","Wed Jul 22 18:49:44 UTC 2026","","","",""
"","60","returns when zone limit is reached","useTagLimits","Wed Jul 22 18:43:46 UTC 2026","passed","Wed Jul 22 18:43:46 UTC 2026","","","",""
"","388","does fires TagToLabelDialog when the Label option is clicked","TagToZoneLabel","Wed Jul 22 18:43:22 UTC 2026","passed","Wed Jul 22 18:43:23 UTC 2026","","","",""
"","0","should handle an undefined entity","Evaluating the entity display name from a given entity","Wed Jul 22 18:45:06 UTC 2026","passed","Wed Jul 22 18:45:06 UTC 2026","","","",""
"","489","should show open graph environment options when the feature flag is enabled","Open Graph feature flag","Wed Jul 22 18:44:41 UTC 2026","passed","Wed Jul 22 18:44:42 UTC 2026","","","",""
"","2234","when user performs a pathfinding search, and then clicks the swap button, the start and destination inputs are swapped","Pathfinding: interaction","Wed Jul 22 18:45:46 UTC 2026","passed","Wed Jul 22 18:45:49 UTC 2026","","","",""
"","9","populates the cypher search field with the decoded query when the associated query params are set","useCypherSearch","Wed Jul 22 18:48:09 UTC 2026","passed","Wed Jul 22 18:48:09 UTC 2026","","","",""
"Test cases for TestManagementResource_UpdateUser_GetRolesError","1096","TestManagementResource_UpdateUser_GetRolesError","","Wed Jul 22 18:42:21 UTC 2026","passed","Wed Jul 22 18:42:22 UTC 2026","","Go Test","github.com/specterops/bloodhound/cmd/api/src/api/v2/auth/TestManagementResource_UpdateUser_GetRolesError","TestManagementResource_UpdateUser_GetRolesError"
"","11","does not call onSort when disable=true","ColumnHeaders","Wed Jul 22 18:46:09 UTC 2026","passed","Wed Jul 22 18:46:09 UTC 2026","","SortableHeader","",""
"TestService_checkUserAccessToEnvironments_AllEnvironments covers theshort-circuit branch that is unreachable through CheckUserAccess (becauseshouldFilterForETAC already excludes all-environment users).","0","TestService_checkUserAccessToEnvironments_AllEnvironments","","Wed Jul 22 18:42:34 UTC 2026","passed","Wed Jul 22 18:42:34 UTC 2026","","Go Test","github.com/specterops/bloodhound/server/etac/internal/services/TestService_checkUserAccessToEnvironments_AllEnvironments","TestService_checkUserAccessToEnvironments_AllEnvironments"
"","3","returns true when the highlighted item is a node in the graph","SigmaChart Utils","Wed Jul 22 18:49:37 UTC 2026","passed","Wed Jul 22 18:49:37 UTC 2026","","getIsHighlightedItemInGraph","",""
"Test cases for TestAnalysisPipelineStepShouldRun","1","TestAnalysisPipelineStepShouldRun","","Wed Jul 22 18:42:22 UTC 2026","passed","Wed Jul 22 18:42:22 UTC 2026","","Go Test","github.com/specterops/bloodhound/packages/go/analysis/TestAnalysisPipelineStepShouldRun","TestAnalysisPipelineStepShouldRun"
"TestManifest_AddMigration tests that migrations are added to the correct locationwithin the migration map and in the correct order.","0","TestManifest_AddMigration","","Wed Jul 22 18:42:08 UTC 2026","passed","Wed Jul 22 18:42:08 UTC 2026","","Go Test","github.com/specterops/bloodhound/cmd/api/src/database/migration/TestManifest_AddMigration","TestManifest_AddMigration"
"","200","should render","NoDataDialog","Wed Jul 22 18:48:39 UTC 2026","passed","Wed Jul 22 18:48:40 UTC 2026","","","",""
"","1","calculates skip correctly for pageParam > 1","createHistoryParams","Wed Jul 22 18:47:42 UTC 2026","passed","Wed Jul 22 18:47:42 UTC 2026","","","",""
"Test cases for TestPredefinedSIDSuffixes","0","TestPredefinedSIDSuffixes","","Wed Jul 22 18:42:22 UTC 2026","passed","Wed Jul 22 18:42:22 UTC 2026","","Go Test","github.com/specterops/bloodhound/packages/go/analysis/ad/wellknown/TestPredefinedSIDSuffixes","TestPredefinedSIDSuffixes"
"","202","invokes handleFilterChange with eq:true when clicked and custom_member filter is off","AssetGroupEdit","Wed Jul 22 18:45:17 UTC 2026","passed","Wed Jul 22 18:45:17 UTC 2026","","Custom Member checkbox filter","",""
"Test cases for TestService_CreateRequest","0","TestService_CreateRequest","","Wed Jul 22 18:42:34 UTC 2026","passed","Wed Jul 22 18:42:34 UTC 2026","","Go Test","github.com/specterops/bloodhound/server/analysis/internal/services/TestService_CreateRequest","TestService_CreateRequest"
"Test cases for TestResources_UpdateSavedQuery_InvalidID","0","TestResources_UpdateSavedQuery_InvalidID","","Wed Jul 22 18:42:05 UTC 2026","passed","Wed Jul 22 18:42:05 UTC 2026","","Go Test","github.com/specterops/bloodhound/cmd/api/src/api/v2/TestResources_UpdateSavedQuery_InvalidID","TestResources_UpdateSavedQuery_InvalidID"
"","94","should should reflect the checked state for public query","SavedQueryPermissions","Wed Jul 22 18:46:49 UTC 2026","passed","Wed Jul 22 18:46:49 UTC 2026","","","",""
"","717","renders a button that expands the filter section","AssetGroupEdit","Wed Jul 22 18:45:14 UTC 2026","passed","Wed Jul 22 18:45:15 UTC 2026","","","",""
"Test cases for TestStringSetValid","0","TestStringSetValid","","Wed Jul 22 18:42:08 UTC 2026","passed","Wed Jul 22 18:42:08 UTC 2026","","Go Test","github.com/specterops/bloodhound/cmd/api/src/database/types/null/TestStringSetValid","TestStringSetValid"
"Test cases for TestResources_GetAssetGroupTagMemberCountsByKind","2","TestResources_GetAssetGroupTagMemberCountsByKind","","Wed Jul 22 18:42:05 UTC 2026","passed","Wed Jul 22 18:42:05 UTC 2026","","Go Test","github.com/specterops/bloodhound/cmd/api/src/api/v2/TestResources_GetAssetGroupTagMemberCountsByKind","TestResources_GetAssetGroupTagMemberCountsByKind"
"Test cases for TestResources_GetAIACAEntityInfo","180","TestResources_GetAIACAEntityInfo","","Wed Jul 22 18:42:05 UTC 2026","passed","Wed Jul 22 18:42:05 UTC 2026","","Go Test","github.com/specterops/bloodhound/cmd/api/src/api/v2/TestResources_GetAIACAEntityInfo","TestResources_GetAIACAEntityInfo"
"","8","renders without pulse animation by default","StatusIndicator","Wed Jul 22 18:48:32 UTC 2026","passed","Wed Jul 22 18:48:32 UTC 2026","","","",""
"","102","disables the JSON button if the JSON is empty","GraphControls","Wed Jul 22 18:43:30 UTC 2026","passed","Wed Jul 22 18:43:30 UTC 2026","","Exporting json","",""
"Test cases for TestQueries_BuildEntityQueryParams_InvalidSkip","0","TestQueries_BuildEntityQueryParams_InvalidSkip","","Wed Jul 22 18:42:11 UTC 2026","passed","Wed Jul 22 18:42:11 UTC 2026","","Go Test","github.com/specterops/bloodhound/cmd/api/src/queries/TestQueries_BuildEntityQueryParams_InvalidSkip","TestQueries_BuildEntityQueryParams_InvalidSkip"
"Test cases for TestManagementResource_DeleteUser_UserBhCtxNotFound","0","TestManagementResource_DeleteUser_UserBhCtxNotFound","","Wed Jul 22 18:42:26 UTC 2026","passed","Wed Jul 22 18:42:26 UTC 2026","","Go Test","github.com/specterops/bloodhound/cmd/api/src/api/v2/auth/TestManagementResource_DeleteUser_UserBhCtxNotFound","TestManagementResource_DeleteUser_UserBhCtxNotFound"
"","2439","search filters edges by name","Pathfinding","Wed Jul 22 18:44:17 UTC 2026","passed","Wed Jul 22 18:44:19 UTC 2026","","","",""
"","588","renders the Platforms dropdown and handles click event","QuerySearchFilter","Wed Jul 22 18:46:33 UTC 2026","passed","Wed Jul 22 18:46:33 UTC 2026","","","",""
"Test cases for TestResources_ListAssetGroupMembersCount","0","TestResources_ListAssetGroupMembersCount","","Wed Jul 22 18:42:05 UTC 2026","passed","Wed Jul 22 18:42:05 UTC 2026","","Go Test","github.com/specterops/bloodhound/cmd/api/src/api/v2/TestResources_ListAssetGroupMembersCount","TestResources_ListAssetGroupMembersCount"
"","6","formats the date string","toFormatted","Wed Jul 22 18:47:48 UTC 2026","passed","Wed Jul 22 18:47:48 UTC 2026","","","",""
"","489","renders trigger button and dropdown items","TagToZoneLabel","Wed Jul 22 18:43:21 UTC 2026","passed","Wed Jul 22 18:43:22 UTC 2026","","","",""
"Test cases for TestTimeValueOrZero","0","TestTimeValueOrZero","","Wed Jul 22 18:42:08 UTC 2026","passed","Wed Jul 22 18:42:08 UTC 2026","","Go Test","github.com/specterops/bloodhound/cmd/api/src/database/types/null/TestTimeValueOrZero","TestTimeValueOrZero"
"","0","should exclude operations within a tag when only the path matches but not all paths","opsFilter","Wed Jul 22 18:47:31 UTC 2026","passed","Wed Jul 22 18:47:31 UTC 2026","","","",""
"","867","renders a link to the explore page when member is clicked","GroupManagement","Wed Jul 22 18:49:35 UTC 2026","passed","Wed Jul 22 18:49:36 UTC 2026","","","",""
"","110","should display a total count of asset group members","AssetGroupEdit","Wed Jul 22 18:46:42 UTC 2026","passed","Wed Jul 22 18:46:42 UTC 2026","","","",""
"Test cases for TestResources_GetSearchResult","2","TestResources_GetSearchResult","","Wed Jul 22 18:42:05 UTC 2026","passed","Wed Jul 22 18:42:05 UTC 2026","","Go Test","github.com/specterops/bloodhound/cmd/api/src/api/v2/TestResources_GetSearchResult","TestResources_GetSearchResult"
"","1104","should disable save button while input is empty","SaveQueryDialog","Wed Jul 22 18:43:01 UTC 2026","passed","Wed Jul 22 18:43:02 UTC 2026","","","",""
"","215","renders the Columns trigger button","ManageColumnsComboBox","Wed Jul 22 18:45:09 UTC 2026","passed","Wed Jul 22 18:45:09 UTC 2026","","","",""
"","2","writes initialValue to localStorage when the key is absent","useLocalStorage","Wed Jul 22 18:45:39 UTC 2026","passed","Wed Jul 22 18:45:39 UTC 2026","","initial value","",""
"","0","returns false if value is +0","searchParams","Wed Jul 22 18:47:00 UTC 2026","passed","Wed Jul 22 18:47:00 UTC 2026","","isEmptyParam","",""
"","0","returns empty array when combined filters match nothing","filterAndSearchEnvironments","Wed Jul 22 18:43:22 UTC 2026","passed","Wed Jul 22 18:43:22 UTC 2026","","combined filters","",""
"Test cases for TestStringEqual","0","TestStringEqual","","Wed Jul 22 18:42:08 UTC 2026","passed","Wed Jul 22 18:42:08 UTC 2026","","Go Test","github.com/specterops/bloodhound/cmd/api/src/database/types/null/TestStringEqual","TestStringEqual"
"Test cases for Test_UseFixture","0","Test_UseFixture","","Wed Jul 22 18:42:25 UTC 2026","passed","Wed Jul 22 18:42:25 UTC 2026","","Go Test","github.com/specterops/bloodhound/packages/go/lab/Test_UseFixture","Test_UseFixture"
"Test cases for TestService","0","TestService","","Wed Jul 22 18:42:12 UTC 2026","passed","Wed Jul 22 18:42:12 UTC 2026","","Go Test","github.com/specterops/bloodhound/cmd/api/src/services/dogtags/TestService","TestService"
"","657","opens and closes the filter","FileIngestFilterDialog","Wed Jul 22 18:44:48 UTC 2026","passed","Wed Jul 22 18:44:49 UTC 2026","","","",""
"","584","should display Environmental Targeted Access Control panel when showEnvironmentAccessControls prop is true and user role is selected","CreateUserForm","Wed Jul 22 18:43:39 UTC 2026","passed","Wed Jul 22 18:43:40 UTC 2026","","","",""
"","0","returns null if paramValue is ''","useEnvironmentParams","Wed Jul 22 18:48:39 UTC 2026","passed","Wed Jul 22 18:48:39 UTC 2026","","parseEnvironmentAggregation","",""
"","1","takes updatedParams and current URLSearchParams and returns a function","searchParams","Wed Jul 22 18:47:00 UTC 2026","passed","Wed Jul 22 18:47:00 UTC 2026","","setSingleParamFactory","",""
"","64","does not request a user when no userId is provided","useGetUser","Wed Jul 22 18:48:23 UTC 2026","passed","Wed Jul 22 18:48:23 UTC 2026","","","",""
"","12","should render when search string at the end of the text","HighlightedText","Wed Jul 22 18:47:47 UTC 2026","passed","Wed Jul 22 18:47:47 UTC 2026","","","",""
"","139","renders a preview version","PrivilegeZonesCypherEditor Search component for Zone Management","Wed Jul 22 18:47:27 UTC 2026","passed","Wed Jul 22 18:47:27 UTC 2026","","","",""
"Test cases for TestLoginFailure","1","TestLoginFailure","","Wed Jul 22 18:42:05 UTC 2026","passed","Wed Jul 22 18:42:05 UTC 2026","","Go Test","github.com/specterops/bloodhound/cmd/api/src/api/v2/auth/TestLoginFailure","TestLoginFailure"
"","0","returns null for azure without an id","getStatsComponent","Wed Jul 22 18:47:08 UTC 2026","passed","Wed Jul 22 18:47:08 UTC 2026","","","",""
"Test cases for TestBuildErrorResponseDefault","0","TestBuildErrorResponseDefault","","Wed Jul 22 18:41:54 UTC 2026","passed","Wed Jul 22 18:41:54 UTC 2026","","Go Test","github.com/specterops/bloodhound/cmd/api/src/api/TestBuildErrorResponseDefault","TestBuildErrorResponseDefault"
"Test cases for TestUrlValidator","1","TestUrlValidator","","Wed Jul 22 18:42:20 UTC 2026","passed","Wed Jul 22 18:42:20 UTC 2026","","Go Test","github.com/specterops/bloodhound/cmd/api/src/utils/validation/TestUrlValidator","TestUrlValidator"
"Test cases for TestMatches_FailureModel","0","TestMatches_FailureModel","","Wed Jul 22 18:42:09 UTC 2026","passed","Wed Jul 22 18:42:09 UTC 2026","","Go Test","github.com/specterops/bloodhound/cmd/api/src/model/TestMatches_FailureModel","TestMatches_FailureModel"
"","230","should display ""Close"" button","UserTokenManagementDialog","Wed Jul 22 18:45:02 UTC 2026","passed","Wed Jul 22 18:45:03 UTC 2026","","","",""
"","256","sets a secondary=id and searchType=pathfinding when primary is truthy","ContextMenu","Wed Jul 22 18:49:26 UTC 2026","passed","Wed Jul 22 18:49:27 UTC 2026","","","",""
"Test cases for TestResources_CreateSavedQuery_EmptyBody","0","TestResources_CreateSavedQuery_EmptyBody","","Wed Jul 22 18:42:05 UTC 2026","passed","Wed Jul 22 18:42:05 UTC 2026","","Go Test","github.com/specterops/bloodhound/cmd/api/src/api/v2/TestResources_CreateSavedQuery_EmptyBody","TestResources_CreateSavedQuery_EmptyBody"
"Test cases for Test_setRawValue","0","Test_setRawValue","","Wed Jul 22 18:42:06 UTC 2026","passed","Wed Jul 22 18:42:06 UTC 2026","","Go Test","github.com/specterops/bloodhound/cmd/api/src/config/Test_setRawValue","Test_setRawValue"
"Test cases for TestResources_ShareSavedQueriesPermissions_CanUpdateSavedQueriesPermission","2","TestResources_ShareSavedQueriesPermissions_CanUpdateSavedQueriesPermission","","Wed Jul 22 18:42:05 UTC 2026","passed","Wed Jul 22 18:42:05 UTC 2026","","Go Test","github.com/specterops/bloodhound/cmd/api/src/api/v2/TestResources_ShareSavedQueriesPermissions_CanUpdateSavedQueriesPermission","TestResources_ShareSavedQueriesPermissions_CanUpdateSavedQueriesPermission"
"","105","renders when all data is available and rule is not default","Delete Selector Button rendering","Wed Jul 22 18:48:15 UTC 2026","passed","Wed Jul 22 18:48:15 UTC 2026","","","",""
"","0","returns the difference between the node and the position","getNodeOffset","Wed Jul 22 18:49:51 UTC 2026","passed","Wed Jul 22 18:49:51 UTC 2026","","","",""
"","248","closes the dropdown when clicking outside","ManageColumnsComboBox","Wed Jul 22 18:45:12 UTC 2026","passed","Wed Jul 22 18:45:12 UTC 2026","","","",""
"","462","should not allow leading or trailing empty spaces","CreateUserForm","Wed Jul 22 18:43:38 UTC 2026","passed","Wed Jul 22 18:43:38 UTC 2026","","","",""
"","53","uses the discardQueryParams prop to discard all query params on the link","AppLink","Wed Jul 22 18:46:40 UTC 2026","passed","Wed Jul 22 18:46:40 UTC 2026","","","",""
"Test cases for TestHasSequence","0","TestHasSequence","","Wed Jul 22 18:42:23 UTC 2026","passed","Wed Jul 22 18:42:23 UTC 2026","","Go Test","github.com/specterops/bloodhound/packages/go/bomenc/TestHasSequence","TestHasSequence"
"","1","filters by critical risk level","filterAndSearchEnvironments","Wed Jul 22 18:43:22 UTC 2026","passed","Wed Jul 22 18:43:22 UTC 2026","","risk filters","",""
"","179","should render action list item that handles a function","MainNav","Wed Jul 22 18:45:37 UTC 2026","passed","Wed Jul 22 18:45:37 UTC 2026","","","",""
"Test cases for TestRewriter_Enter_UpdatingClauseSetsHasMutation","0","TestRewriter_Enter_UpdatingClauseSetsHasMutation","","Wed Jul 22 18:42:11 UTC 2026","passed","Wed Jul 22 18:42:11 UTC 2026","","Go Test","github.com/specterops/bloodhound/cmd/api/src/queries/TestRewriter_Enter_UpdatingClauseSetsHasMutation","TestRewriter_Enter_UpdatingClauseSetsHasMutation"
"","1","filters by collected=false when ""no"" filter is active","filterAndSearchEnvironments","Wed Jul 22 18:43:22 UTC 2026","passed","Wed Jul 22 18:43:22 UTC 2026","","collected filters","",""
"","18","disables the upload button when the user does not have manage ingest permission","File Upload","Wed Jul 22 18:45:32 UTC 2026","passed","Wed Jul 22 18:45:32 UTC 2026","","","",""
"Test cases for TestResources_ListEdgeTypes","64","TestResources_ListEdgeTypes","","Wed Jul 22 18:42:05 UTC 2026","passed","Wed Jul 22 18:42:05 UTC 2026","","Go Test","github.com/specterops/bloodhound/cmd/api/src/api/v2/TestResources_ListEdgeTypes","TestResources_ListEdgeTypes"
"Test cases for TestStringScan","0","TestStringScan","","Wed Jul 22 18:42:08 UTC 2026","passed","Wed Jul 22 18:42:08 UTC 2026","","Go Test","github.com/specterops/bloodhound/cmd/api/src/database/types/null/TestStringScan","TestStringScan"
"Test cases for TestResources_DeleteAssetGroup","0","TestResources_DeleteAssetGroup","","Wed Jul 22 18:42:05 UTC 2026","passed","Wed Jul 22 18:42:05 UTC 2026","","Go Test","github.com/specterops/bloodhound/cmd/api/src/api/v2/TestResources_DeleteAssetGroup","TestResources_DeleteAssetGroup"
"Test cases for TestUnmarshalTimeJSON","0","TestUnmarshalTimeJSON","","Wed Jul 22 18:42:08 UTC 2026","passed","Wed Jul 22 18:42:08 UTC 2026","","Go Test","github.com/specterops/bloodhound/cmd/api/src/database/types/null/TestUnmarshalTimeJSON","TestUnmarshalTimeJSON"
"Test cases for TestParseOptionalBoolMisspelledValue","0","TestParseOptionalBoolMisspelledValue","","Wed Jul 22 18:41:54 UTC 2026","passed","Wed Jul 22 18:41:54 UTC 2026","","Go Test","github.com/specterops/bloodhound/cmd/api/src/api/TestParseOptionalBoolMisspelledValue","TestParseOptionalBoolMisspelledValue"
"","7","hides items while permissions are loading","useSubNavRoutes","Wed Jul 22 18:45:58 UTC 2026","passed","Wed Jul 22 18:45:58 UTC 2026","","permissions gate","",""
"","63","fails checks if the user does not have a matching permission","usePermissions","Wed Jul 22 18:45:27 UTC 2026","passed","Wed Jul 22 18:45:27 UTC 2026","","","",""
"","412","should render saml info provider","SSOProviderTable","Wed Jul 22 18:46:58 UTC 2026","passed","Wed Jul 22 18:46:59 UTC 2026","","","",""
"","420","renders no asset group edit options without graph write permissions","ContextMenu","Wed Jul 22 18:49:25 UTC 2026","passed","Wed Jul 22 18:49:25 UTC 2026","","","",""
"Test cases for TestReadDomainIDandNameAsString","0","TestReadDomainIDandNameAsString","","Wed Jul 22 18:42:22 UTC 2026","passed","Wed Jul 22 18:42:22 UTC 2026","","Go Test","github.com/specterops/bloodhound/packages/go/analysis/ad/internal/nodeprops/TestReadDomainIDandNameAsString","TestReadDomainIDandNameAsString"
"TestRegister_RoutesRequireAuthentication dispatches real requests through the wiredrouter to verify that the registered routes are guarded by authentication middleware.The handlers themselves trust the middleware to enforce this contract; if the routewireup ever loses RequirePermissions/RequireAuth, this test will fail.","0","TestRegister_RoutesRequireAuthentication","","Wed Jul 22 18:42:39 UTC 2026","passed","Wed Jul 22 18:42:39 UTC 2026","","Go Test","github.com/specterops/bloodhound/server/featureflags/internal/routes/TestRegister_RoutesRequireAuthentication","TestRegister_RoutesRequireAuthentication"
"","42","the queries in the list only include nodes and edges that are defined in our schema","common search list","Wed Jul 22 18:48:12 UTC 2026","passed","Wed Jul 22 18:48:12 UTC 2026","","","",""
"","551","should display Environmental Targeted Access Control panel when showEnvironmentAccessControls prop is true and read-only role is selected","CreateUserForm","Wed Jul 22 18:43:38 UTC 2026","passed","Wed Jul 22 18:43:39 UTC 2026","","","",""
"Test cases for TestAnalysisStepNames_ContainsNameForEachDefinedBit","8","TestAnalysisStepNames_ContainsNameForEachDefinedBit","","Wed Jul 22 18:42:09 UTC 2026","passed","Wed Jul 22 18:42:09 UTC 2026","","Go Test","github.com/specterops/bloodhound/cmd/api/src/model/TestAnalysisStepNames_ContainsNameForEachDefinedBit","TestAnalysisStepNames_ContainsNameForEachDefinedBit"
"","232","clicking an enabled header toggles content (single mode)","<DetailsAccordion />","Wed Jul 22 18:45:09 UTC 2026","passed","Wed Jul 22 18:45:09 UTC 2026","","","",""
"Test cases for TestSelectGPOContainerCandidateFilter","0","TestSelectGPOContainerCandidateFilter","","Wed Jul 22 18:42:22 UTC 2026","passed","Wed Jul 22 18:42:22 UTC 2026","","Go Test","github.com/specterops/bloodhound/packages/go/analysis/ad/TestSelectGPOContainerCandidateFilter","TestSelectGPOContainerCandidateFilter"
"","338","displays 0 when a given sections returns empty, and sums the rest of the sections correctly","EntityInfoDataTableGraphed","Wed Jul 22 18:45:29 UTC 2026","passed","Wed Jul 22 18:45:29 UTC 2026","","Node count for nested table that counts all sections","",""
"Test cases for TestNewLocalStore","48","TestNewLocalStore","","Wed Jul 22 18:42:29 UTC 2026","passed","Wed Jul 22 18:42:29 UTC 2026","","Go Test","github.com/specterops/bloodhound/packages/go/storage/TestNewLocalStore","TestNewLocalStore"
"","7","shows the item only when both gates pass","useSubNavRoutes","Wed Jul 22 18:45:58 UTC 2026","passed","Wed Jul 22 18:45:58 UTC 2026","","combined gates","",""
"","7","hides the item when only the feature flag passes","useSubNavRoutes","Wed Jul 22 18:45:58 UTC 2026","passed","Wed Jul 22 18:45:58 UTC 2026","","combined gates","",""
"","1181","renders","Privilege Zones History Filter Dialog","Wed Jul 22 18:45:51 UTC 2026","passed","Wed Jul 22 18:45:53 UTC 2026","","","",""
"Test cases for TestWriteBasic","1","TestWriteBasic","","Wed Jul 22 18:42:27 UTC 2026","passed","Wed Jul 22 18:42:27 UTC 2026","","Go Test","github.com/specterops/bloodhound/packages/go/responses/TestWriteBasic","TestWriteBasic"
"","198","calls setExploreParams with only the expandedSection label when selecting any accordion that is not composition","EdgeInfoContent","Wed Jul 22 18:43:41 UTC 2026","passed","Wed Jul 22 18:43:41 UTC 2026","","EdgeInfoContent support for Deep Linking","",""
"","177","invokes handleFilterChange with eq:false when clicked and custom_member filter is on","AssetGroupEdit","Wed Jul 22 18:45:16 UTC 2026","passed","Wed Jul 22 18:45:17 UTC 2026","","Custom Member checkbox filter","",""
"Test cases for TestBoolValueOrZero","0","TestBoolValueOrZero","","Wed Jul 22 18:42:08 UTC 2026","passed","Wed Jul 22 18:42:08 UTC 2026","","Go Test","github.com/specterops/bloodhound/cmd/api/src/database/types/null/TestBoolValueOrZero","TestBoolValueOrZero"
"","11","displays lastlogon cell as NEVER when the value is -1","ExploreTableDataCell","Wed Jul 22 18:47:51 UTC 2026","passed","Wed Jul 22 18:47:51 UTC 2026","","","",""
"","9","renders Owned text by default when no Label Selector is available and on a Label page","TagSelector","Wed Jul 22 18:46:37 UTC 2026","passed","Wed Jul 22 18:46:37 UTC 2026","","","",""
"","313","Selecting an edge with a Computer target node that haslaps is enabled shows correct Windows Abuse text","EdgeInfoContent","Wed Jul 22 18:43:40 UTC 2026","passed","Wed Jul 22 18:43:40 UTC 2026","","","",""
"","152","a name value is required to submit the form","Tag Form","Wed Jul 22 18:43:02 UTC 2026","passed","Wed Jul 22 18:43:03 UTC 2026","","","",""
"Test cases for TestTimeSetValid","0","TestTimeSetValid","","Wed Jul 22 18:42:08 UTC 2026","passed","Wed Jul 22 18:42:08 UTC 2026","","Go Test","github.com/specterops/bloodhound/cmd/api/src/database/types/null/TestTimeSetValid","TestTimeSetValid"
"","8","hides items when the user lacks admin permissions","useSubNavRoutes","Wed Jul 22 18:45:58 UTC 2026","passed","Wed Jul 22 18:45:58 UTC 2026","","adminOnly gate","",""
"Test cases for TestMap","0","TestMap","","Wed Jul 22 18:42:25 UTC 2026","passed","Wed Jul 22 18:42:25 UTC 2026","","Go Test","github.com/specterops/bloodhound/packages/go/lab/internal/TestMap","TestMap"
"Test cases for TestFeatureFlagManagerPoller","92","TestFeatureFlagManagerPoller","","Wed Jul 22 18:42:06 UTC 2026","passed","Wed Jul 22 18:42:06 UTC 2026","","Go Test","github.com/specterops/bloodhound/cmd/api/src/daemons/changelog/TestFeatureFlagManagerPoller","TestFeatureFlagManagerPoller"
"Test cases for TestToolContainer_SetScheduledAnalysisConfiguration","0","TestToolContainer_SetScheduledAnalysisConfiguration","","Wed Jul 22 18:41:57 UTC 2026","passed","Wed Jul 22 18:41:57 UTC 2026","","Go Test","github.com/specterops/bloodhound/cmd/api/src/api/tools/TestToolContainer_SetScheduledAnalysisConfiguration","TestToolContainer_SetScheduledAnalysisConfiguration"
"","0","Fetching the data timed out","Getting the text for the disabled item display for a search when there are no results","Wed Jul 22 18:47:30 UTC 2026","passed","Wed Jul 22 18:47:30 UTC 2026","","Error states","",""
"Test cases for TestRewriter_Enter_NoShortcut_PreservesKinds","4","TestRewriter_Enter_NoShortcut_PreservesKinds","","Wed Jul 22 18:42:11 UTC 2026","passed","Wed Jul 22 18:42:11 UTC 2026","","Go Test","github.com/specterops/bloodhound/cmd/api/src/queries/TestRewriter_Enter_NoShortcut_PreservesKinds","TestRewriter_Enter_NoShortcut_PreservesKinds"
"","255","should call the checkbox filter function when clicking on a checkbox input","Checkbox group","Wed Jul 22 18:48:19 UTC 2026","passed","Wed Jul 22 18:48:19 UTC 2026","","","",""
"","0","should return an object denoting that the property is not in the schema when it is unrecognized","validating a node property against the shared generated schema","Wed Jul 22 18:45:06 UTC 2026","passed","Wed Jul 22 18:45:06 UTC 2026","","","",""
"Test cases for TestCacheEntryDigester_DigestEndpoint_DefaultObjectID","0","TestCacheEntryDigester_DigestEndpoint_DefaultObjectID","","Wed Jul 22 18:42:16 UTC 2026","passed","Wed Jul 22 18:42:16 UTC 2026","","Go Test","github.com/specterops/bloodhound/cmd/api/src/services/graphify/endpoint/TestCacheEntryDigester_DigestEndpoint_DefaultObjectID","TestCacheEntryDigester_DigestEndpoint_DefaultObjectID"
"Test cases for TestManagementResource_ListUsers_PredicateMismatchWithColumn","0","TestManagementResource_ListUsers_PredicateMismatchWithColumn","","Wed Jul 22 18:42:11 UTC 2026","passed","Wed Jul 22 18:42:11 UTC 2026","","Go Test","github.com/specterops/bloodhound/cmd/api/src/api/v2/auth/TestManagementResource_ListUsers_PredicateMismatchWithColumn","TestManagementResource_ListUsers_PredicateMismatchWithColumn"
"Test cases for TestManagementResource_ServeSigningCertificate","8","TestManagementResource_ServeSigningCertificate","","Wed Jul 22 18:42:47 UTC 2026","passed","Wed Jul 22 18:42:47 UTC 2026","","Go Test","github.com/specterops/bloodhound/cmd/api/src/api/v2/auth/TestManagementResource_ServeSigningCertificate","TestManagementResource_ServeSigningCertificate"
"","688","renders a primary button as expected","DropdownSelector","Wed Jul 22 18:47:12 UTC 2026","passed","Wed Jul 22 18:47:13 UTC 2026","","","",""
"","0","Input does not contain a type","parseKeywordAndTypeValue","Wed Jul 22 18:48:26 UTC 2026","passed","Wed Jul 22 18:48:26 UTC 2026","","","",""
"Test cases for Test_getSearchableNodeKinds","0","Test_getSearchableNodeKinds","","Wed Jul 22 18:42:05 UTC 2026","passed","Wed Jul 22 18:42:05 UTC 2026","","Go Test","github.com/specterops/bloodhound/cmd/api/src/api/v2/Test_getSearchableNodeKinds","Test_getSearchableNodeKinds"
"","1011","should call onSubmit with password when reset password button clicked","PasswordResetForm","Wed Jul 22 18:46:01 UTC 2026","passed","Wed Jul 22 18:46:02 UTC 2026","","","",""
"","9","dismisses the ""no permission"" notification on unmount","useFinishedJobs","Wed Jul 22 18:45:50 UTC 2026","passed","Wed Jul 22 18:45:50 UTC 2026","","","",""
"","193","displays a table of completed ingest logs","FileIngest","Wed Jul 22 18:46:55 UTC 2026","passed","Wed Jul 22 18:46:55 UTC 2026","","","",""
"","5040","collapse all button collapses all sections","Pathfinding","Wed Jul 22 18:44:06 UTC 2026","passed","Wed Jul 22 18:44:11 UTC 2026","","","",""
"","0","reports an API error when Cypher is not run first","handleError","Wed Jul 22 18:44:40 UTC 2026","passed","Wed Jul 22 18:44:40 UTC 2026","","","",""
"","47","renders Tier Zero text by default when no Zone Selector is available and on a Zone page","TagSelector","Wed Jul 22 18:46:37 UTC 2026","passed","Wed Jul 22 18:46:37 UTC 2026","","","",""
"Test cases for TestManagementResource_ListRoles_InvalidColumn","0","TestManagementResource_ListRoles_InvalidColumn","","Wed Jul 22 18:42:11 UTC 2026","passed","Wed Jul 22 18:42:11 UTC 2026","","Go Test","github.com/specterops/bloodhound/cmd/api/src/api/v2/auth/TestManagementResource_ListRoles_InvalidColumn","TestManagementResource_ListRoles_InvalidColumn"
"","55","initializes with the given state","useObjectState","Wed Jul 22 18:47:47 UTC 2026","passed","Wed Jul 22 18:47:47 UTC 2026","","","",""
"Test cases for Test_filterAndFormatSearchResults_includeOpenGraphNodes","0","Test_filterAndFormatSearchResults_includeOpenGraphNodes","","Wed Jul 22 18:42:05 UTC 2026","passed","Wed Jul 22 18:42:05 UTC 2026","","Go Test","github.com/specterops/bloodhound/cmd/api/src/api/v2/Test_filterAndFormatSearchResults_includeOpenGraphNodes","Test_filterAndFormatSearchResults_includeOpenGraphNodes"
"Test cases for TestAssetGroupMembers_SortBy","0","TestAssetGroupMembers_SortBy","","Wed Jul 22 18:41:54 UTC 2026","passed","Wed Jul 22 18:41:54 UTC 2026","","Go Test","github.com/specterops/bloodhound/cmd/api/src/api/TestAssetGroupMembers_SortBy","TestAssetGroupMembers_SortBy"
"","0","returns undefined if graphData is null or not a GraphResponse","getExploreTableData","Wed Jul 22 18:46:20 UTC 2026","passed","Wed Jul 22 18:46:20 UTC 2026","","","",""
"Test cases for TestMergeNodeKinds","1","TestMergeNodeKinds","","Wed Jul 22 18:42:16 UTC 2026","passed","Wed Jul 22 18:42:16 UTC 2026","","Go Test","github.com/specterops/bloodhound/cmd/api/src/services/graphify/TestMergeNodeKinds","TestMergeNodeKinds"
"","6032","Typing in the search bar filters the results","ExploreTable","Wed Jul 22 18:43:03 UTC 2026","passed","Wed Jul 22 18:43:09 UTC 2026","","","",""
"Test cases for TestHandlers_GetNodeByID","2","TestHandlers_GetNodeByID","","Wed Jul 22 18:42:40 UTC 2026","passed","Wed Jul 22 18:42:40 UTC 2026","","Go Test","github.com/specterops/bloodhound/server/graphdb/internal/handlers/TestHandlers_GetNodeByID","TestHandlers_GetNodeByID"
"Test cases for TestAddOrderByToNeo4jQuery_WithOrderByClause","0","TestAddOrderByToNeo4jQuery_WithOrderByClause","","Wed Jul 22 18:42:05 UTC 2026","passed","Wed Jul 22 18:42:05 UTC 2026","","Go Test","github.com/specterops/bloodhound/cmd/api/src/api/v2/TestAddOrderByToNeo4jQuery_WithOrderByClause","TestAddOrderByToNeo4jQuery_WithOrderByClause"
"","405","renders","EarlyAccessFeaturesWarningDialog","Wed Jul 22 18:49:52 UTC 2026","passed","Wed Jul 22 18:49:53 UTC 2026","","","",""
"","7","hides items when the user is missing a required permission","useSubNavRoutes","Wed Jul 22 18:45:58 UTC 2026","passed","Wed Jul 22 18:45:58 UTC 2026","","permissions gate","",""
"Test cases for TestResources_BuildDeleteRequest","0","TestResources_BuildDeleteRequest","","Wed Jul 22 18:42:05 UTC 2026","passed","Wed Jul 22 18:42:05 UTC 2026","","Go Test","github.com/specterops/bloodhound/cmd/api/src/api/v2/TestResources_BuildDeleteRequest","TestResources_BuildDeleteRequest"
"","68","includes all traversable OpenGraph edges in their own category when they are available via the API","useEdgeCategories","Wed Jul 22 18:45:24 UTC 2026","passed","Wed Jul 22 18:45:24 UTC 2026","","","",""
"Test cases for TestDetectContentType","8","TestDetectContentType","","Wed Jul 22 18:42:29 UTC 2026","passed","Wed Jul 22 18:42:29 UTC 2026","","Go Test","github.com/specterops/bloodhound/packages/go/storage/TestDetectContentType","TestDetectContentType"
"","65","displays a status indicator","StatusIndicator","Wed Jul 22 18:48:32 UTC 2026","passed","Wed Jul 22 18:48:32 UTC 2026","","","",""
"Test cases for TestTimeEqual","0","TestTimeEqual","","Wed Jul 22 18:42:08 UTC 2026","passed","Wed Jul 22 18:42:08 UTC 2026","","Go Test","github.com/specterops/bloodhound/cmd/api/src/database/types/null/TestTimeEqual","TestTimeEqual"
"","215","renders a snackbar notification in the dom and tests the long autoHideDuration","AppNotifications","Wed Jul 22 18:47:18 UTC 2026","passed","Wed Jul 22 18:47:18 UTC 2026","","","",""
"","2","determines glyphs with the tier_managent_engine feature flag disabled","getNodeGlyphs","Wed Jul 22 18:49:28 UTC 2026","passed","Wed Jul 22 18:49:28 UTC 2026","","","",""
"","12","renders ActiveDirectoryPlatformInfo for the active-directory-platform aggregate","getStatsComponent","Wed Jul 22 18:47:08 UTC 2026","passed","Wed Jul 22 18:47:08 UTC 2026","","","",""
"","118","enables the user actions menu for a user with the administrator role","User Actions Menu","Wed Jul 22 18:46:03 UTC 2026","passed","Wed Jul 22 18:46:03 UTC 2026","","Button Menu State","",""
"Test cases for TestWriteTimeWindowedResponse","0","TestWriteTimeWindowedResponse","","Wed Jul 22 18:41:54 UTC 2026","passed","Wed Jul 22 18:41:54 UTC 2026","","Go Test","github.com/specterops/bloodhound/cmd/api/src/api/TestWriteTimeWindowedResponse","TestWriteTimeWindowedResponse"
"Test cases for TestIsValidContentTypeForUpload","1","TestIsValidContentTypeForUpload","","Wed Jul 22 18:42:05 UTC 2026","passed","Wed Jul 22 18:42:05 UTC 2026","","Go Test","github.com/specterops/bloodhound/cmd/api/src/api/v2/TestIsValidContentTypeForUpload","TestIsValidContentTypeForUpload"
"","136","buttons are disabled while loading","OneTimePasscodeForm","Wed Jul 22 18:47:44 UTC 2026","passed","Wed Jul 22 18:47:44 UTC 2026","","","",""
"","128","displays an error message","GraphView","Wed Jul 22 18:49:06 UTC 2026","passed","Wed Jul 22 18:49:07 UTC 2026","","","",""
"","137","should not display a badge when role based filtering is false","EntityInfoPanel","Wed Jul 22 18:47:35 UTC 2026","passed","Wed Jul 22 18:47:35 UTC 2026","","","",""
"","249","validates that the name input is under the max length","Tag Form","Wed Jul 22 18:43:03 UTC 2026","passed","Wed Jul 22 18:43:03 UTC 2026","","","",""
"Test cases for TestInt64SetValid","0","TestInt64SetValid","","Wed Jul 22 18:42:08 UTC 2026","passed","Wed Jul 22 18:42:08 UTC 2026","","Go Test","github.com/specterops/bloodhound/cmd/api/src/database/types/null/TestInt64SetValid","TestInt64SetValid"
"","2","stores an array value in localStorage","useLocalStorage","Wed Jul 22 18:45:39 UTC 2026","passed","Wed Jul 22 18:45:39 UTC 2026","","setValue","",""
"Test cases for FuzzFoldl","0","FuzzFoldl","","Wed Jul 22 18:42:27 UTC 2026","passed","Wed Jul 22 18:42:27 UTC 2026","","Go Test","github.com/specterops/bloodhound/packages/go/slicesext/FuzzFoldl","FuzzFoldl"
"","69","renders note header correctly","HistoryNotes Component","Wed Jul 22 18:48:18 UTC 2026","passed","Wed Jul 22 18:48:18 UTC 2026","","","",""
"","12","displays CaretDownOutline icon when the sortOrder is undefined","ColumnHeaders","Wed Jul 22 18:46:09 UTC 2026","passed","Wed Jul 22 18:46:09 UTC 2026","","SortableHeader","",""
"","4406","subcategory with duplicate name does not show indeterminate when all its children are unchecked","Pathfinding","Wed Jul 22 18:44:34 UTC 2026","passed","Wed Jul 22 18:44:38 UTC 2026","","","",""
"","0","returns null for an open graph environment without an id","getStatsComponent","Wed Jul 22 18:47:08 UTC 2026","passed","Wed Jul 22 18:47:08 UTC 2026","","","",""
"","138","renders details for a selected zone","DynamicDetails","Wed Jul 22 18:45:35 UTC 2026","passed","Wed Jul 22 18:45:36 UTC 2026","","","",""
"Test cases for TestMarshalInt64Text","0","TestMarshalInt64Text","","Wed Jul 22 18:42:08 UTC 2026","passed","Wed Jul 22 18:42:08 UTC 2026","","Go Test","github.com/specterops/bloodhound/cmd/api/src/database/types/null/TestMarshalInt64Text","TestMarshalInt64Text"
"Test cases for TestResources_GetNTAuthStoreEntityInfo","179","TestResources_GetNTAuthStoreEntityInfo","","Wed Jul 22 18:42:05 UTC 2026","passed","Wed Jul 22 18:42:05 UTC 2026","","Go Test","github.com/specterops/bloodhound/cmd/api/src/api/v2/TestResources_GetNTAuthStoreEntityInfo","TestResources_GetNTAuthStoreEntityInfo"
"","214","renders enabled Zone and Rule tabs and disabled Object tab","Selected Details Tabs","Wed Jul 22 18:45:46 UTC 2026","passed","Wed Jul 22 18:45:46 UTC 2026","","Selected Details Tabs - Params present","",""
"","418","displays a warning dialog when mounted","EarlyAccessFeatures","Wed Jul 22 18:49:34 UTC 2026","passed","Wed Jul 22 18:49:35 UTC 2026","","","",""
"Test cases for TestGenerateTOTPSecret","3","TestGenerateTOTPSecret","","Wed Jul 22 18:42:05 UTC 2026","passed","Wed Jul 22 18:42:05 UTC 2026","","Go Test","github.com/specterops/bloodhound/cmd/api/src/auth/TestGenerateTOTPSecret","TestGenerateTOTPSecret"
"Test cases for TestGetAzureDataQualityStats_Failure","0","TestGetAzureDataQualityStats_Failure","","Wed Jul 22 18:42:05 UTC 2026","passed","Wed Jul 22 18:42:05 UTC 2026","","Go Test","github.com/specterops/bloodhound/cmd/api/src/api/v2/TestGetAzureDataQualityStats_Failure","TestGetAzureDataQualityStats_Failure"
"","21","renders an error fallback when flag is not found","FeatureFlag","Wed Jul 22 18:47:29 UTC 2026","passed","Wed Jul 22 18:47:29 UTC 2026","","","",""
"Test cases for TestRegister_PanicsOnNilRouter","0","TestRegister_PanicsOnNilRouter","","Wed Jul 22 18:42:45 UTC 2026","passed","Wed Jul 22 18:42:45 UTC 2026","","Go Test","github.com/specterops/bloodhound/server/modules/TestRegister_PanicsOnNilRouter","TestRegister_PanicsOnNilRouter"
"Test cases for TestResources_SearchHandler_ETAC","3","TestResources_SearchHandler_ETAC","","Wed Jul 22 18:42:05 UTC 2026","passed","Wed Jul 22 18:42:05 UTC 2026","","Go Test","github.com/specterops/bloodhound/cmd/api/src/api/v2/TestResources_SearchHandler_ETAC","TestResources_SearchHandler_ETAC"
"","8","does not fetch when no id is provided","useGetRelationshipById","Wed Jul 22 18:45:45 UTC 2026","passed","Wed Jul 22 18:45:45 UTC 2026","","","",""
"Test cases for Test_hasCycle","1","Test_hasCycle","","Wed Jul 22 18:42:25 UTC 2026","passed","Wed Jul 22 18:42:25 UTC 2026","","Go Test","github.com/specterops/bloodhound/packages/go/lab/Test_hasCycle","Test_hasCycle"
"","1693","disables the user actions menu when the user is auditor role","Users","Wed Jul 22 18:44:50 UTC 2026","passed","Wed Jul 22 18:44:51 UTC 2026","","","",""
"","417","renders no asset group edit options without graph write permissions","ContextMenu","Wed Jul 22 18:44:57 UTC 2026","passed","Wed Jul 22 18:44:57 UTC 2026","","","",""
"Test cases for TestService_GetAllFlags","1","TestService_GetAllFlags","","Wed Jul 22 18:42:39 UTC 2026","passed","Wed Jul 22 18:42:39 UTC 2026","","Go Test","github.com/specterops/bloodhound/server/featureflags/internal/services/TestService_GetAllFlags","TestService_GetAllFlags"
"Test cases for TestIngestControl_LockConflict","9","TestIngestControl_LockConflict","","Wed Jul 22 18:41:57 UTC 2026","passed","Wed Jul 22 18:41:57 UTC 2026","","Go Test","github.com/specterops/bloodhound/cmd/api/src/api/tools/TestIngestControl_LockConflict","TestIngestControl_LockConflict"
"","93","does not highlight any layout option on first load when no layout has been manually selected","GraphControls","Wed Jul 22 18:43:30 UTC 2026","passed","Wed Jul 22 18:43:30 UTC 2026","","Selecting a layout","",""
"","361","renders","ObjectsAccordion","Wed Jul 22 18:46:25 UTC 2026","passed","Wed Jul 22 18:46:26 UTC 2026","","","",""
"Test cases for TestManagementResource_ListAuthTokens_UserIDFilter","3","TestManagementResource_ListAuthTokens_UserIDFilter","","Wed Jul 22 18:42:34 UTC 2026","passed","Wed Jul 22 18:42:34 UTC 2026","","Go Test","github.com/specterops/bloodhound/cmd/api/src/api/v2/auth/TestManagementResource_ListAuthTokens_UserIDFilter","TestManagementResource_ListAuthTokens_UserIDFilter"
"","63","returns false on 404","useGraphHasData","Wed Jul 22 18:48:00 UTC 2026","passed","Wed Jul 22 18:48:00 UTC 2026","","","",""
"","217","renders the form for creating a new label","Tag Form","Wed Jul 22 18:43:01 UTC 2026","passed","Wed Jul 22 18:43:02 UTC 2026","","","",""
"Test cases for TestMarshalBoolText","0","TestMarshalBoolText","","Wed Jul 22 18:42:08 UTC 2026","passed","Wed Jul 22 18:42:08 UTC 2026","","Go Test","github.com/specterops/bloodhound/cmd/api/src/database/types/null/TestMarshalBoolText","TestMarshalBoolText"
"Test cases for TestResources_UpdateSavedQuery_AdminPrivateQuery_Success","0","TestResources_UpdateSavedQuery_AdminPrivateQuery_Success","","Wed Jul 22 18:42:05 UTC 2026","passed","Wed Jul 22 18:42:05 UTC 2026","","Go Test","github.com/specterops/bloodhound/cmd/api/src/api/v2/TestResources_UpdateSavedQuery_AdminPrivateQuery_Success","TestResources_UpdateSavedQuery_AdminPrivateQuery_Success"
"","66","returns the full environment for the environmentid passed","useAvailableEnvironments","Wed Jul 22 18:45:58 UTC 2026","passed","Wed Jul 22 18:45:58 UTC 2026","","useSelectedEnvironment","",""
"Test cases for TestGetPlatformAggregateStats_Failure","2","TestGetPlatformAggregateStats_Failure","","Wed Jul 22 18:42:05 UTC 2026","passed","Wed Jul 22 18:42:05 UTC 2026","","Go Test","github.com/specterops/bloodhound/cmd/api/src/api/v2/TestGetPlatformAggregateStats_Failure","TestGetPlatformAggregateStats_Failure"
"","95","skips undefined items gracefully","<DetailsAccordion />","Wed Jul 22 18:45:09 UTC 2026","passed","Wed Jul 22 18:45:09 UTC 2026","","","",""
"","2","dispatches a storage event when a value is set","useLocalStorage","Wed Jul 22 18:45:39 UTC 2026","passed","Wed Jul 22 18:45:39 UTC 2026","","storage event synchronisation","",""
"Test cases for TestFormatDatabaseError","0","TestFormatDatabaseError","","Wed Jul 22 18:41:54 UTC 2026","passed","Wed Jul 22 18:41:54 UTC 2026","","Go Test","github.com/specterops/bloodhound/cmd/api/src/api/TestFormatDatabaseError","TestFormatDatabaseError"
"Test cases for TestService_ToggleFlag","1","TestService_ToggleFlag","","Wed Jul 22 18:42:39 UTC 2026","passed","Wed Jul 22 18:42:39 UTC 2026","","Go Test","github.com/specterops/bloodhound/server/featureflags/internal/services/TestService_ToggleFlag","TestService_ToggleFlag"
"","20","should filter properties that we do not want to display in the entity panel","ObjectInfoFields","Wed Jul 22 18:47:58 UTC 2026","passed","Wed Jul 22 18:47:58 UTC 2026","","","",""
"Test cases for TestResources_UpdateAssetGroup","0","TestResources_UpdateAssetGroup","","Wed Jul 22 18:42:05 UTC 2026","passed","Wed Jul 22 18:42:05 UTC 2026","","Go Test","github.com/specterops/bloodhound/cmd/api/src/api/v2/TestResources_UpdateAssetGroup","TestResources_UpdateAssetGroup"
"","460","runs the query and calls dispatch to set the node results","PrivilegeZonesCypherEditor Search component for Zone Management","Wed Jul 22 18:47:28 UTC 2026","passed","Wed Jul 22 18:47:28 UTC 2026","","","",""
"","2","keeps only the latest stat per kind_id by created_at","getLatestMetricStats","Wed Jul 22 18:44:45 UTC 2026","passed","Wed Jul 22 18:44:45 UTC 2026","","","",""
"","1","handles percent values by multiplying by 100, truncating to an integer, and adding a ""%"" to the end","Formatting number properties","Wed Jul 22 18:45:06 UTC 2026","passed","Wed Jul 22 18:45:06 UTC 2026","","","",""
"Test cases for TestOpenGraphSchemaService_GetGraphSchemaExtensions","1","TestOpenGraphSchemaService_GetGraphSchemaExtensions","","Wed Jul 22 18:42:17 UTC 2026","passed","Wed Jul 22 18:42:17 UTC 2026","","Go Test","github.com/specterops/bloodhound/cmd/api/src/services/opengraphschema/TestOpenGraphSchemaService_GetGraphSchemaExtensions","TestOpenGraphSchemaService_GetGraphSchemaExtensions"
"","98","highlights selectedLayout rather than the table option when searchType is not cypher","GraphControls","Wed Jul 22 18:43:30 UTC 2026","passed","Wed Jul 22 18:43:30 UTC 2026","","Table view selection state","",""
"TestRegister_RateLimitingReturns429 verifies that the graphdb routes are wiredwith the rate-limiting middleware and that requests exceeding the per-IP limitare rejected with 429 before reaching the handler.Because the rate limiter is registered as the outermost middleware layer(before the permissions check), even unauthenticated requests count againstthe limit and trigger 429 once the budget is exhausted.","1","TestRegister_RateLimitingReturns429","","Wed Jul 22 18:42:41 UTC 2026","passed","Wed Jul 22 18:42:41 UTC 2026","","Go Test","github.com/specterops/bloodhound/server/graphdb/internal/routes/TestRegister_RateLimitingReturns429","TestRegister_RateLimitingReturns429"
"","8","removes a notification","AppNotifications","Wed Jul 22 18:47:18 UTC 2026","passed","Wed Jul 22 18:47:18 UTC 2026","","","",""
"","17","should display hidden label for hidden edge","EdgeInfoHeader","Wed Jul 22 18:47:08 UTC 2026","passed","Wed Jul 22 18:47:08 UTC 2026","","","",""
"","9","clears an ascending sort when sorting the same column","useSortParams","Wed Jul 22 18:46:52 UTC 2026","passed","Wed Jul 22 18:46:52 UTC 2026","","","",""
"TestGooseMigrationFilenamesUseCurrentVersionPrefix is utilized to ensure that all migration files are named accordingto the set naming convention.","0","TestGooseMigrationFilenamesUseCurrentVersionPrefix","","Wed Jul 22 18:42:08 UTC 2026","passed","Wed Jul 22 18:42:08 UTC 2026","","Go Test","github.com/specterops/bloodhound/cmd/api/src/database/migration/TestGooseMigrationFilenamesUseCurrentVersionPrefix","TestGooseMigrationFilenamesUseCurrentVersionPrefix"
"","3","does not fetch more data when scrolling outside the default bottom threshold","useInfiniteScroll","Wed Jul 22 18:46:57 UTC 2026","passed","Wed Jul 22 18:46:57 UTC 2026","","","",""
"","0","adds OpenGraph types dynamically alongside the known types","getOpenGraphEnvironmentInfoMap","Wed Jul 22 18:43:22 UTC 2026","passed","Wed Jul 22 18:43:22 UTC 2026","","","",""
"","2","stores a string value in localStorage","useLocalStorage","Wed Jul 22 18:45:39 UTC 2026","passed","Wed Jul 22 18:45:39 UTC 2026","","setValue","",""
"","345","does not auto-display the table for a node-only cypher response when the user has already selected a graph layout","GraphView","Wed Jul 22 18:49:12 UTC 2026","passed","Wed Jul 22 18:49:13 UTC 2026","","Layout selection and de-selection","",""
"","15","will update the selected filters based on the values stored in query params when the initialize function is called","usePathfindingFilters","Wed Jul 22 18:47:56 UTC 2026","passed","Wed Jul 22 18:47:56 UTC 2026","","","",""
"Test cases for TestResources_ListSavedQueries","32","TestResources_ListSavedQueries","","Wed Jul 22 18:42:05 UTC 2026","passed","Wed Jul 22 18:42:05 UTC 2026","","Go Test","github.com/specterops/bloodhound/cmd/api/src/api/v2/TestResources_ListSavedQueries","TestResources_ListSavedQueries"
"Test cases for TestStore_Exists","34","TestStore_Exists","","Wed Jul 22 18:42:29 UTC 2026","passed","Wed Jul 22 18:42:29 UTC 2026","","Go Test","github.com/specterops/bloodhound/packages/go/storage/TestStore_Exists","TestStore_Exists"
"Test cases for TestConvertAzureResourceGroupContributorToRels","0","TestConvertAzureResourceGroupContributorToRels","","Wed Jul 22 18:42:24 UTC 2026","passed","Wed Jul 22 18:42:24 UTC 2026","","Go Test","github.com/specterops/bloodhound/packages/go/ein/TestConvertAzureResourceGroupContributorToRels","TestConvertAzureResourceGroupContributorToRels"
"Test cases for Test_GetAssetGroupMembersBySelector","3","Test_GetAssetGroupMembersBySelector","","Wed Jul 22 18:42:05 UTC 2026","passed","Wed Jul 22 18:42:05 UTC 2026","","Go Test","github.com/specterops/bloodhound/cmd/api/src/api/v2/Test_GetAssetGroupMembersBySelector","Test_GetAssetGroupMembersBySelector"
"","10","optionally allows the consumer to pass a query to performSearch() and adds that query to the url","useCypherSearch","Wed Jul 22 18:48:09 UTC 2026","passed","Wed Jul 22 18:48:09 UTC 2026","","","",""
"","0","should handle the well formed entities","Evaluating the entity display name from a given entity","Wed Jul 22 18:45:06 UTC 2026","passed","Wed Jul 22 18:45:06 UTC 2026","","","",""
"Test cases for TestParseOptionalLimitQueryParameter","57","TestParseOptionalLimitQueryParameter","","Wed Jul 22 18:42:05 UTC 2026","passed","Wed Jul 22 18:42:05 UTC 2026","","Go Test","github.com/specterops/bloodhound/cmd/api/src/api/v2/TestParseOptionalLimitQueryParameter","TestParseOptionalLimitQueryParameter"
"","1833","handles delete by nested graph data selection","DatabaseManagement","Wed Jul 22 18:49:15 UTC 2026","passed","Wed Jul 22 18:49:17 UTC 2026","","","",""
"Test cases for TestCreateRuntimeDependenciesInitializesDefaultFileServices","7","TestCreateRuntimeDependenciesInitializesDefaultFileServices","","Wed Jul 22 18:42:11 UTC 2026","passed","Wed Jul 22 18:42:12 UTC 2026","","Go Test","github.com/specterops/bloodhound/cmd/api/src/services/TestCreateRuntimeDependenciesInitializesDefaultFileServices","TestCreateRuntimeDependenciesInitializesDefaultFileServices"
"","479","should reject passwords with no special characters","CreateUserForm","Wed Jul 22 18:43:42 UTC 2026","passed","Wed Jul 22 18:43:43 UTC 2026","","","",""
"","22","renders nothing if flag is enabled and enabled prop is not provided","FeatureFlag","Wed Jul 22 18:47:28 UTC 2026","passed","Wed Jul 22 18:47:29 UTC 2026","","","",""
"","0","runs a cypher search when the query param is set to ""cypher""","useExploreGraph","Wed Jul 22 18:44:38 UTC 2026","passed","Wed Jul 22 18:44:38 UTC 2026","","exploreGraphQueryFactory","",""
"","0","handles empty search string","filterAndSearchEnvironments","Wed Jul 22 18:43:22 UTC 2026","passed","Wed Jul 22 18:43:22 UTC 2026","","search filter","",""
"Test cases for TestFilterParseAndValidate_Errors","0","TestFilterParseAndValidate_Errors","","Wed Jul 22 18:42:27 UTC 2026","passed","Wed Jul 22 18:42:27 UTC 2026","","Go Test","github.com/specterops/bloodhound/packages/go/params/TestFilterParseAndValidate_Errors","TestFilterParseAndValidate_Errors"
"","10","keeps callbacks stable across renders","useObjectState","Wed Jul 22 18:47:47 UTC 2026","passed","Wed Jul 22 18:47:47 UTC 2026","","","",""
"Test cases for TestResources_ListADEntityControllers","1","TestResources_ListADEntityControllers","","Wed Jul 22 18:42:05 UTC 2026","passed","Wed Jul 22 18:42:05 UTC 2026","","Go Test","github.com/specterops/bloodhound/cmd/api/src/api/v2/TestResources_ListADEntityControllers","TestResources_ListADEntityControllers"
"","84","should redirect to nested /file-ingest route if user navigates to /","Administration","Wed Jul 22 18:49:50 UTC 2026","passed","Wed Jul 22 18:49:50 UTC 2026","","","",""
"Test cases for TestSpoolToScratch","11","TestSpoolToScratch","","Wed Jul 22 18:42:16 UTC 2026","passed","Wed Jul 22 18:42:16 UTC 2026","","Go Test","github.com/specterops/bloodhound/cmd/api/src/services/graphify/TestSpoolToScratch","TestSpoolToScratch"
"Test cases for TestResources_GetEnterpriseCAEntityInfo","180","TestResources_GetEnterpriseCAEntityInfo","","Wed Jul 22 18:42:05 UTC 2026","passed","Wed Jul 22 18:42:05 UTC 2026","","Go Test","github.com/specterops/bloodhound/cmd/api/src/api/v2/TestResources_GetEnterpriseCAEntityInfo","TestResources_GetEnterpriseCAEntityInfo"
"","837","Download button opens a menu and selecting ""All Columns"" calls json2csv with all columns","ExploreTable","Wed Jul 22 18:43:01 UTC 2026","passed","Wed Jul 22 18:43:02 UTC 2026","","","",""
"Test cases for TestAnalysisStepsFromMode","12","TestAnalysisStepsFromMode","","Wed Jul 22 18:42:09 UTC 2026","passed","Wed Jul 22 18:42:09 UTC 2026","","Go Test","github.com/specterops/bloodhound/cmd/api/src/model/TestAnalysisStepsFromMode","TestAnalysisStepsFromMode"
"","52","adds a notification - checks values","AppNotifications","Wed Jul 22 18:47:17 UTC 2026","passed","Wed Jul 22 18:47:18 UTC 2026","","","",""
"Test cases for TestDefaultRateLimitMiddleware","3","TestDefaultRateLimitMiddleware","","Wed Jul 22 18:41:56 UTC 2026","passed","Wed Jul 22 18:41:56 UTC 2026","","Go Test","github.com/specterops/bloodhound/cmd/api/src/api/middleware/TestDefaultRateLimitMiddleware","TestDefaultRateLimitMiddleware"
"","36","should display a none selected header and a message to select an object when there is no selected node","EntityInfoPanel","Wed Jul 22 18:47:35 UTC 2026","passed","Wed Jul 22 18:47:35 UTC 2026","","","",""
"","132","requests finished jobs","useFinishedJobs","Wed Jul 22 18:45:50 UTC 2026","passed","Wed Jul 22 18:45:50 UTC 2026","","","",""
"Test cases for TestUnmarshalBool","1","TestUnmarshalBool","","Wed Jul 22 18:42:08 UTC 2026","passed","Wed Jul 22 18:42:08 UTC 2026","","Go Test","github.com/specterops/bloodhound/cmd/api/src/database/types/null/TestUnmarshalBool","TestUnmarshalBool"
"","1","adds email filter if madeBy contains ""@""","createHistoryParams","Wed Jul 22 18:47:42 UTC 2026","passed","Wed Jul 22 18:47:42 UTC 2026","","","",""
"","57","has no checked boxes by default","GraphDataCheckboxes","Wed Jul 22 18:44:23 UTC 2026","passed","Wed Jul 22 18:44:23 UTC 2026","","","",""
"","934","should render many sections with many navigation items","SubNav","Wed Jul 22 18:47:16 UTC 2026","passed","Wed Jul 22 18:47:17 UTC 2026","","","",""
"","229","should display ""Cancel"" button","Enable2FADialog","Wed Jul 22 18:47:11 UTC 2026","passed","Wed Jul 22 18:47:12 UTC 2026","","","",""
"","0","handles environment with impactValue of 0","filterAndSearchEnvironments","Wed Jul 22 18:43:22 UTC 2026","passed","Wed Jul 22 18:43:22 UTC 2026","","edge cases","",""
"","152","should display api key management button","Api Keys","Wed Jul 22 18:45:33 UTC 2026","passed","Wed Jul 22 18:45:33 UTC 2026","","","",""
"Test cases for TestAnalysisPipelineResultString","0","TestAnalysisPipelineResultString","","Wed Jul 22 18:42:22 UTC 2026","passed","Wed Jul 22 18:42:22 UTC 2026","","Go Test","github.com/specterops/bloodhound/packages/go/analysis/TestAnalysisPipelineResultString","TestAnalysisPipelineResultString"
"","266","calls onToggleEdgeLabels when click show all edge labels","GraphControls","Wed Jul 22 18:43:28 UTC 2026","passed","Wed Jul 22 18:43:28 UTC 2026","","Toggling labels","",""
"Test cases for TestNewAnalysisRequestAdapter","0","TestNewAnalysisRequestAdapter","","Wed Jul 22 18:42:32 UTC 2026","passed","Wed Jul 22 18:42:32 UTC 2026","","Go Test","github.com/specterops/bloodhound/server/analysis/TestNewAnalysisRequestAdapter","TestNewAnalysisRequestAdapter"
"Test cases for TestGetMFAActivationStatus_Success","0","TestGetMFAActivationStatus_Success","","Wed Jul 22 18:42:45 UTC 2026","passed","Wed Jul 22 18:42:45 UTC 2026","","Go Test","github.com/specterops/bloodhound/cmd/api/src/api/v2/auth/TestGetMFAActivationStatus_Success","TestGetMFAActivationStatus_Success"
"Test cases for TestService_GetRequest","1","TestService_GetRequest","","Wed Jul 22 18:42:34 UTC 2026","passed","Wed Jul 22 18:42:34 UTC 2026","","Go Test","github.com/specterops/bloodhound/server/analysis/internal/services/TestService_GetRequest","TestService_GetRequest"
"","27","enables the upload button when the user has manage ingest permission","File Upload","Wed Jul 22 18:45:32 UTC 2026","passed","Wed Jul 22 18:45:32 UTC 2026","","","",""
"Test cases for Test_GraphExtensionPayload_ToGraphExtensionInput","5","Test_GraphExtensionPayload_ToGraphExtensionInput","","Wed Jul 22 18:42:09 UTC 2026","passed","Wed Jul 22 18:42:09 UTC 2026","","Go Test","github.com/specterops/bloodhound/cmd/api/src/model/Test_GraphExtensionPayload_ToGraphExtensionInput","Test_GraphExtensionPayload_ToGraphExtensionInput"
"Test cases for TestManagementResource_SSOLoginHandler","7","TestManagementResource_SSOLoginHandler","","Wed Jul 22 18:42:47 UTC 2026","passed","Wed Jul 22 18:42:47 UTC 2026","","Go Test","github.com/specterops/bloodhound/cmd/api/src/api/v2/auth/TestManagementResource_SSOLoginHandler","TestManagementResource_SSOLoginHandler"
"","123","renders delete buttons for each extension","ActiveExtensionsCard","Wed Jul 22 18:43:29 UTC 2026","passed","Wed Jul 22 18:43:29 UTC 2026","","","",""
"","119","clicking a disabled header does not toggle content","<DetailsAccordion />","Wed Jul 22 18:45:09 UTC 2026","passed","Wed Jul 22 18:45:09 UTC 2026","","","",""
"Test cases for TestRewriter_Enter_AllAttackPathsShortcut_TakesPrecedenceOverOtherShortcuts","0","TestRewriter_Enter_AllAttackPathsShortcut_TakesPrecedenceOverOtherShortcuts","","Wed Jul 22 18:42:11 UTC 2026","passed","Wed Jul 22 18:42:11 UTC 2026","","Go Test","github.com/specterops/bloodhound/cmd/api/src/queries/TestRewriter_Enter_AllAttackPathsShortcut_TakesPrecedenceOverOtherShortcuts","TestRewriter_Enter_AllAttackPathsShortcut_TakesPrecedenceOverOtherShortcuts"
"","53","displays a loading message while fetching extensions","ActiveExtensionsCard","Wed Jul 22 18:43:28 UTC 2026","passed","Wed Jul 22 18:43:28 UTC 2026","","","",""
"","0","shows some collection methods for the given job","toCollected","Wed Jul 22 18:48:10 UTC 2026","passed","Wed Jul 22 18:48:10 UTC 2026","","","",""
"","62","applies accent styling to headers when accent is true","<DetailsAccordion />","Wed Jul 22 18:45:09 UTC 2026","passed","Wed Jul 22 18:45:09 UTC 2026","","","",""
"Test cases for TestBOMEncoding","0","TestBOMEncoding","","Wed Jul 22 18:42:23 UTC 2026","passed","Wed Jul 22 18:42:23 UTC 2026","","Go Test","github.com/specterops/bloodhound/packages/go/bomenc/TestBOMEncoding","TestBOMEncoding"
"","66","does not render the analysis toggle when multi tier analysis enabled is false","Tag Form","Wed Jul 22 18:43:02 UTC 2026","passed","Wed Jul 22 18:43:02 UTC 2026","","","",""
"","77","should on clicking collapse all remove expandedPanelSections param from url and set isObjectInfoPanelOpen in context to false","EntityInfoHeader","Wed Jul 22 18:46:48 UTC 2026","passed","Wed Jul 22 18:46:48 UTC 2026","","","",""
"Test cases for TestResolver_StartDone","28","TestResolver_StartDone","","Wed Jul 22 18:42:16 UTC 2026","passed","Wed Jul 22 18:42:16 UTC 2026","","Go Test","github.com/specterops/bloodhound/cmd/api/src/services/graphify/endpoint/TestResolver_StartDone","TestResolver_StartDone"
"","130","disables the create user button and does not populate a table if the user lacks the permission","Users","Wed Jul 22 18:44:47 UTC 2026","passed","Wed Jul 22 18:44:47 UTC 2026","","","",""
"","93","calls getAssetGroupTags for topTagId","DetailsRoot","Wed Jul 22 18:48:47 UTC 2026","passed","Wed Jul 22 18:48:47 UTC 2026","","","",""
"","266","auto-selects when a search result has a matching objectId","GraphView","Wed Jul 22 18:49:10 UTC 2026","passed","Wed Jul 22 18:49:10 UTC 2026","","","",""
"","25","generates a human-friendly default filename for graph exports","exportGraphData","Wed Jul 22 18:47:54 UTC 2026","passed","Wed Jul 22 18:47:54 UTC 2026","","","",""
"Test cases for TestConvertOUToNode_InheritanceHashes","0","TestConvertOUToNode_InheritanceHashes","","Wed Jul 22 18:42:24 UTC 2026","passed","Wed Jul 22 18:42:24 UTC 2026","","Go Test","github.com/specterops/bloodhound/packages/go/ein/TestConvertOUToNode_InheritanceHashes","TestConvertOUToNode_InheritanceHashes"
"","15","function should return 1 when first param is larger, no matter the data type","Compare function for explore table sort","Wed Jul 22 18:46:20 UTC 2026","passed","Wed Jul 22 18:46:20 UTC 2026","","","",""
"","88","clicking cancel on the form takes the user back to the page the user was on previously","Tag Form","Wed Jul 22 18:43:02 UTC 2026","passed","Wed Jul 22 18:43:02 UTC 2026","","","",""
"","2573","search highlights matching substring with text-link class","Pathfinding","Wed Jul 22 18:44:19 UTC 2026","passed","Wed Jul 22 18:44:22 UTC 2026","","","",""
"Test cases for TestPagingParseAndValidate_Errors","2","TestPagingParseAndValidate_Errors","","Wed Jul 22 18:42:27 UTC 2026","passed","Wed Jul 22 18:42:27 UTC 2026","","Go Test","github.com/specterops/bloodhound/packages/go/params/TestPagingParseAndValidate_Errors","TestPagingParseAndValidate_Errors"
"Test cases for TestStorageFileService_MoveFile","3","TestStorageFileService_MoveFile","","Wed Jul 22 18:42:29 UTC 2026","passed","Wed Jul 22 18:42:29 UTC 2026","","Go Test","github.com/specterops/bloodhound/packages/go/storage/TestStorageFileService_MoveFile","TestStorageFileService_MoveFile"
"","190","respects openIndex (default opened panel)","<DetailsAccordion />","Wed Jul 22 18:45:09 UTC 2026","passed","Wed Jul 22 18:45:09 UTC 2026","","","",""
"","336","calls onResetColumnSize when ""Reset Size"" is clicked","ManageColumnsComboBox","Wed Jul 22 18:45:10 UTC 2026","passed","Wed Jul 22 18:45:11 UTC 2026","","","",""
"","0","The node radius is adjusted to take into account the current camera zoom ratio","getNodeRadius","Wed Jul 22 18:49:44 UTC 2026","passed","Wed Jul 22 18:49:44 UTC 2026","","","",""
"","1","succeeds for valid password with unicode characters","testPassword","Wed Jul 22 18:48:38 UTC 2026","passed","Wed Jul 22 18:48:38 UTC 2026","","","",""
"","77","initializes search tab to node search if the exploreSearchTab is not a supported tab name on first render","ExploreSearch sets searchType on tab changing","Wed Jul 22 18:49:17 UTC 2026","passed","Wed Jul 22 18:49:17 UTC 2026","","","",""
"","0","Will ignore what is to the left of the first colon if it doesnt match an existing kind and will treat all as keyword","parseKeywordAndTypeValue","Wed Jul 22 18:48:26 UTC 2026","passed","Wed Jul 22 18:48:26 UTC 2026","","","",""
"Test cases for TestInt64FromPtr","0","TestInt64FromPtr","","Wed Jul 22 18:42:08 UTC 2026","passed","Wed Jul 22 18:42:08 UTC 2026","","Go Test","github.com/specterops/bloodhound/cmd/api/src/database/types/null/TestInt64FromPtr","TestInt64FromPtr"
"","5","checks whether more data is needed when loadedCount changes","useInfiniteScroll","Wed Jul 22 18:46:57 UTC 2026","passed","Wed Jul 22 18:46:57 UTC 2026","","","",""
"Test cases for TestCreateUser_ResetPassword","1281","TestCreateUser_ResetPassword","","Wed Jul 22 18:42:17 UTC 2026","passed","Wed Jul 22 18:42:18 UTC 2026","","Go Test","github.com/specterops/bloodhound/cmd/api/src/api/v2/auth/TestCreateUser_ResetPassword","TestCreateUser_ResetPassword"
"","74","disables delete button for user without correct permissions","ActiveExtensionsCard","Wed Jul 22 18:43:31 UTC 2026","passed","Wed Jul 22 18:43:31 UTC 2026","","","",""
"","79","disables the upload file button when the user does not have the opengraph write permission","SchemaUploadDialog","Wed Jul 22 18:44:32 UTC 2026","passed","Wed Jul 22 18:44:32 UTC 2026","","","",""
"Test cases for Test_validateGraphExtension","4","Test_validateGraphExtension","","Wed Jul 22 18:42:09 UTC 2026","passed","Wed Jul 22 18:42:09 UTC 2026","","Go Test","github.com/specterops/bloodhound/cmd/api/src/model/Test_validateGraphExtension","Test_validateGraphExtension"
"","51","does not render when ruleId is empty","Delete Selector Button rendering","Wed Jul 22 18:48:15 UTC 2026","passed","Wed Jul 22 18:48:15 UTC 2026","","","",""
"Test cases for TestRRuleValidator","0","TestRRuleValidator","","Wed Jul 22 18:42:20 UTC 2026","passed","Wed Jul 22 18:42:20 UTC 2026","","Go Test","github.com/specterops/bloodhound/cmd/api/src/utils/validation/TestRRuleValidator","TestRRuleValidator"
"Test cases for TestManagementResource_ListUsers_InvalidColumn","0","TestManagementResource_ListUsers_InvalidColumn","","Wed Jul 22 18:42:11 UTC 2026","passed","Wed Jul 22 18:42:11 UTC 2026","","Go Test","github.com/specterops/bloodhound/cmd/api/src/api/v2/auth/TestManagementResource_ListUsers_InvalidColumn","TestManagementResource_ListUsers_InvalidColumn"
"Test cases for TestAddOwnerRoleIDs","0","TestAddOwnerRoleIDs","","Wed Jul 22 18:42:22 UTC 2026","passed","Wed Jul 22 18:42:22 UTC 2026","","Go Test","github.com/specterops/bloodhound/packages/go/analysis/azure/TestAddOwnerRoleIDs","TestAddOwnerRoleIDs"
"Test cases for TestNewDefaultFileServices_ReturnsError","0","TestNewDefaultFileServices_ReturnsError","","Wed Jul 22 18:42:17 UTC 2026","passed","Wed Jul 22 18:42:17 UTC 2026","","Go Test","github.com/specterops/bloodhound/cmd/api/src/services/storage/TestNewDefaultFileServices_ReturnsError","TestNewDefaultFileServices_ReturnsError"
"Test cases for TestGC_NewDataPruningDaemon","0","TestGC_NewDataPruningDaemon","","Wed Jul 22 18:42:07 UTC 2026","passed","Wed Jul 22 18:42:07 UTC 2026","","Go Test","github.com/specterops/bloodhound/cmd/api/src/daemons/gc/TestGC_NewDataPruningDaemon","TestGC_NewDataPruningDaemon"
"Test cases for TestSetValuesFromEnv","6","TestSetValuesFromEnv","","Wed Jul 22 18:42:06 UTC 2026","passed","Wed Jul 22 18:42:06 UTC 2026","","Go Test","github.com/specterops/bloodhound/cmd/api/src/config/TestSetValuesFromEnv","TestSetValuesFromEnv"
"Test cases for TestConvertAzureSubscriptionContributorToRels","0","TestConvertAzureSubscriptionContributorToRels","","Wed Jul 22 18:42:24 UTC 2026","passed","Wed Jul 22 18:42:24 UTC 2026","","Go Test","github.com/specterops/bloodhound/packages/go/ein/TestConvertAzureSubscriptionContributorToRels","TestConvertAzureSubscriptionContributorToRels"
"Test cases for TestRewriter_Enter_AllAttackPathsShortcut_ReplacesKinds","0","TestRewriter_Enter_AllAttackPathsShortcut_ReplacesKinds","","Wed Jul 22 18:42:11 UTC 2026","passed","Wed Jul 22 18:42:11 UTC 2026","","Go Test","github.com/specterops/bloodhound/cmd/api/src/queries/TestRewriter_Enter_AllAttackPathsShortcut_ReplacesKinds","TestRewriter_Enter_AllAttackPathsShortcut_ReplacesKinds"
"","1589","renders a table if the query has NO node edges","GraphView","Wed Jul 22 18:49:08 UTC 2026","passed","Wed Jul 22 18:49:09 UTC 2026","","","",""
"Test cases for TestRegister_PanicsOnNilRateLimitMiddleware","0","TestRegister_PanicsOnNilRateLimitMiddleware","","Wed Jul 22 18:42:45 UTC 2026","passed","Wed Jul 22 18:42:45 UTC 2026","","Go Test","github.com/specterops/bloodhound/server/modules/TestRegister_PanicsOnNilRateLimitMiddleware","TestRegister_PanicsOnNilRateLimitMiddleware"
"","1009","shows a table with partially completed jobs","FileIngestTable","Wed Jul 22 18:44:09 UTC 2026","passed","Wed Jul 22 18:44:10 UTC 2026","","","",""
"","115","upon selecting a source node, updates the URL with a searchType of 'node' and primarySearch of the node's objectid","useNodeSearch","Wed Jul 22 18:47:35 UTC 2026","passed","Wed Jul 22 18:47:35 UTC 2026","","","",""
"Test cases for TestDefineSID","0","TestDefineSID","","Wed Jul 22 18:42:22 UTC 2026","passed","Wed Jul 22 18:42:22 UTC 2026","","Go Test","github.com/specterops/bloodhound/packages/go/analysis/ad/wellknown/TestDefineSID","TestDefineSID"
"","85","should not display api key management button","Api Keys","Wed Jul 22 18:45:33 UTC 2026","passed","Wed Jul 22 18:45:33 UTC 2026","","","",""
"","1713","when user performs a pathfinding search, the selection for the start node is carried over to the `search` tab","ExploreSearch interaction","Wed Jul 22 18:49:19 UTC 2026","passed","Wed Jul 22 18:49:21 UTC 2026","","","",""
"Test cases for TestBuildErrorResponseBadRequest","0","TestBuildErrorResponseBadRequest","","Wed Jul 22 18:41:54 UTC 2026","passed","Wed Jul 22 18:41:54 UTC 2026","","Go Test","github.com/specterops/bloodhound/cmd/api/src/api/TestBuildErrorResponseBadRequest","TestBuildErrorResponseBadRequest"
"Test cases for TestParseSkipQueryParameter_Invalid","0","TestParseSkipQueryParameter_Invalid","","Wed Jul 22 18:42:05 UTC 2026","passed","Wed Jul 22 18:42:05 UTC 2026","","Go Test","github.com/specterops/bloodhound/cmd/api/src/api/v2/TestParseSkipQueryParameter_Invalid","TestParseSkipQueryParameter_Invalid"
"Test cases for TestResources_ImportSavedQuery","13","TestResources_ImportSavedQuery","","Wed Jul 22 18:42:05 UTC 2026","passed","Wed Jul 22 18:42:05 UTC 2026","","Go Test","github.com/specterops/bloodhound/cmd/api/src/api/v2/TestResources_ImportSavedQuery","TestResources_ImportSavedQuery"
"TestRegister_RoutesRequireAuthentication dispatches real unauthenticated requeststhrough the wired router to verify that the registered routes are guarded byauthentication middleware. If the route wireup ever loses RequirePermissions,this test will fail.","4","TestRegister_RoutesRequireAuthentication","","Wed Jul 22 18:42:44 UTC 2026","passed","Wed Jul 22 18:42:44 UTC 2026","","Go Test","github.com/specterops/bloodhound/server/identity/internal/routes/TestRegister_RoutesRequireAuthentication","TestRegister_RoutesRequireAuthentication"
"","9","constructs correct URLSearchParams with all filters","createHistoryParams","Wed Jul 22 18:47:42 UTC 2026","passed","Wed Jul 22 18:47:42 UTC 2026","","","",""
"Test cases for TestResources_ListADComputerRDPUsers","1","TestResources_ListADComputerRDPUsers","","Wed Jul 22 18:42:05 UTC 2026","passed","Wed Jul 22 18:42:05 UTC 2026","","Go Test","github.com/specterops/bloodhound/cmd/api/src/api/v2/TestResources_ListADComputerRDPUsers","TestResources_ListADComputerRDPUsers"
"","387","calls setFilters when the Confirm button is clicked","Privilege Zones History Filter Dialog","Wed Jul 22 18:45:54 UTC 2026","passed","Wed Jul 22 18:45:54 UTC 2026","","","",""
"Test cases for TestResources_CreateAssetGroup","0","TestResources_CreateAssetGroup","","Wed Jul 22 18:42:05 UTC 2026","passed","Wed Jul 22 18:42:05 UTC 2026","","Go Test","github.com/specterops/bloodhound/cmd/api/src/api/v2/TestResources_CreateAssetGroup","TestResources_CreateAssetGroup"
"","9","adds new key to state","useObjectState","Wed Jul 22 18:47:47 UTC 2026","passed","Wed Jul 22 18:47:47 UTC 2026","","","",""
"Test cases for TestTypes_Scan_Success","0","TestTypes_Scan_Success","","Wed Jul 22 18:42:08 UTC 2026","passed","Wed Jul 22 18:42:08 UTC 2026","","Go Test","github.com/specterops/bloodhound/cmd/api/src/database/types/TestTypes_Scan_Success","TestTypes_Scan_Success"
"","897","should render","ExploreSearch rendering per tab","Wed Jul 22 18:49:14 UTC 2026","passed","Wed Jul 22 18:49:15 UTC 2026","","","",""
"Test cases for TestResources_GetGroupEntityInfo","2","TestResources_GetGroupEntityInfo","","Wed Jul 22 18:42:05 UTC 2026","passed","Wed Jul 22 18:42:05 UTC 2026","","Go Test","github.com/specterops/bloodhound/cmd/api/src/api/v2/TestResources_GetGroupEntityInfo","TestResources_GetGroupEntityInfo"
"","9025","filter selections are rolled back if user closes modal with the cancel button","EdgeFilter","Wed Jul 22 18:46:11 UTC 2026","passed","Wed Jul 22 18:46:20 UTC 2026","","","",""
"","8","returns the remaining amount of labels available for creation","useTagLimits","Wed Jul 22 18:43:46 UTC 2026","passed","Wed Jul 22 18:43:46 UTC 2026","","","",""
"Test cases for TestResources_ExportSavedQueries","32","TestResources_ExportSavedQueries","","Wed Jul 22 18:42:05 UTC 2026","passed","Wed Jul 22 18:42:05 UTC 2026","","Go Test","github.com/specterops/bloodhound/cmd/api/src/api/v2/TestResources_ExportSavedQueries","TestResources_ExportSavedQueries"
"","7","hides the item when only the permission passes","useSubNavRoutes","Wed Jul 22 18:45:58 UTC 2026","passed","Wed Jul 22 18:45:58 UTC 2026","","combined gates","",""
"Test cases for TestCreateAssetGroupRequest_AuditData","0","TestCreateAssetGroupRequest_AuditData","","Wed Jul 22 18:42:05 UTC 2026","passed","Wed Jul 22 18:42:05 UTC 2026","","Go Test","github.com/specterops/bloodhound/cmd/api/src/api/v2/TestCreateAssetGroupRequest_AuditData","TestCreateAssetGroupRequest_AuditData"
"","2628","handles delete by source kind","DatabaseManagement","Wed Jul 22 18:49:12 UTC 2026","passed","Wed Jul 22 18:49:15 UTC 2026","","","",""
"","518","toggles a source kind on with all nested graph data options","GraphDataCheckboxes","Wed Jul 22 18:44:26 UTC 2026","passed","Wed Jul 22 18:44:26 UTC 2026","","","",""
"Test cases for TestSignRequestTeeFailure","0","TestSignRequestTeeFailure","","Wed Jul 22 18:41:54 UTC 2026","passed","Wed Jul 22 18:41:54 UTC 2026","","Go Test","github.com/specterops/bloodhound/cmd/api/src/api/TestSignRequestTeeFailure","TestSignRequestTeeFailure"
"Test cases for Test_ApplyTimeoutReduction","1","Test_ApplyTimeoutReduction","","Wed Jul 22 18:42:11 UTC 2026","passed","Wed Jul 22 18:42:11 UTC 2026","","Go Test","github.com/specterops/bloodhound/cmd/api/src/queries/Test_ApplyTimeoutReduction","Test_ApplyTimeoutReduction"
"","2509","should close the edge filtering dialog when user clicks apply button","EdgeFilter","Wed Jul 22 18:46:08 UTC 2026","passed","Wed Jul 22 18:46:11 UTC 2026","","","",""
"","4","returns bounds for text rendered to canvas","getLabelBoundsFromContext","Wed Jul 22 18:49:44 UTC 2026","passed","Wed Jul 22 18:49:44 UTC 2026","","","",""
"TestRegister_WiresFeatureRoutes verifies that the composition root correctlyattaches the feature module routes to the shared router. Matching arepresentative route from each module proves that Register successfullydelegated to the feature modules.","3","TestRegister_WiresFeatureModuleRoutes","","Wed Jul 22 18:42:45 UTC 2026","passed","Wed Jul 22 18:42:45 UTC 2026","","Go Test","github.com/specterops/bloodhound/server/modules/TestRegister_WiresFeatureModuleRoutes","TestRegister_WiresFeatureModuleRoutes"
"","523","calls handleFilterChange when a node type is selected","AssetGroupEdit","Wed Jul 22 18:45:16 UTC 2026","passed","Wed Jul 22 18:45:16 UTC 2026","","Node Type dropdown filter","",""
"Test cases for TestResources_ListADGroupMembers","1","TestResources_ListADGroupMembers","","Wed Jul 22 18:42:05 UTC 2026","passed","Wed Jul 22 18:42:05 UTC 2026","","Go Test","github.com/specterops/bloodhound/cmd/api/src/api/v2/TestResources_ListADGroupMembers","TestResources_ListADGroupMembers"
"Test cases for TestSetValue","1","TestSetValue","","Wed Jul 22 18:42:06 UTC 2026","passed","Wed Jul 22 18:42:06 UTC 2026","","Go Test","github.com/specterops/bloodhound/cmd/api/src/config/TestSetValue","TestSetValue"
"","1","EXTENDED ROUNDING when thresholds are set: returns a comma separated number when provided with a number > 999","numberFormatting","Wed Jul 22 18:46:16 UTC 2026","passed","Wed Jul 22 18:46:16 UTC 2026","","","",""
"Test cases for TestResources_GetAZRelatedEntities","92","TestResources_GetAZRelatedEntities","","Wed Jul 22 18:42:05 UTC 2026","passed","Wed Jul 22 18:42:05 UTC 2026","","Go Test","github.com/specterops/bloodhound/cmd/api/src/api/v2/TestResources_GetAZRelatedEntities","TestResources_GetAZRelatedEntities"
"","4","returns empty array when environments is empty","filterAndSearchEnvironments","Wed Jul 22 18:43:22 UTC 2026","passed","Wed Jul 22 18:43:22 UTC 2026","","with empty environments","",""
"Test cases for TestQueries_BuildEntityQueryParams_MissingObjectID","3","TestQueries_BuildEntityQueryParams_MissingObjectID","","Wed Jul 22 18:42:11 UTC 2026","passed","Wed Jul 22 18:42:11 UTC 2026","","Go Test","github.com/specterops/bloodhound/cmd/api/src/queries/TestQueries_BuildEntityQueryParams_MissingObjectID","TestQueries_BuildEntityQueryParams_MissingObjectID"
"","70","displays a warning when there is a problem fetching the list of collectors","DownloadCollectors","Wed Jul 22 18:49:25 UTC 2026","passed","Wed Jul 22 18:49:25 UTC 2026","","","",""
"Test cases for TestResources_GetGPOEntityInfo","0","TestResources_GetGPOEntityInfo","","Wed Jul 22 18:42:05 UTC 2026","passed","Wed Jul 22 18:42:05 UTC 2026","","Go Test","github.com/specterops/bloodhound/cmd/api/src/api/v2/TestResources_GetGPOEntityInfo","TestResources_GetGPOEntityInfo"
"","0","returns null when no environment is selected","getStatsComponent","Wed Jul 22 18:47:08 UTC 2026","passed","Wed Jul 22 18:47:08 UTC 2026","","","",""
"","75","does not display notification when user has GRAPH_DB_INGEST_READ permission","FileIngest","Wed Jul 22 18:46:55 UTC 2026","passed","Wed Jul 22 18:46:55 UTC 2026","","","",""
"","903","shows a warning for using labels associated with tags in zone forms","Rule Form","Wed Jul 22 18:43:17 UTC 2026","passed","Wed Jul 22 18:43:18 UTC 2026","","","",""
"Test cases for TestPermissionsCheckAtLeastOne","0","TestPermissionsCheckAtLeastOne","","Wed Jul 22 18:41:56 UTC 2026","passed","Wed Jul 22 18:41:56 UTC 2026","","Go Test","github.com/specterops/bloodhound/cmd/api/src/api/middleware/TestPermissionsCheckAtLeastOne","TestPermissionsCheckAtLeastOne"
"Test cases for TestResources_GetShortestPath","7","TestResources_GetShortestPath","","Wed Jul 22 18:42:05 UTC 2026","passed","Wed Jul 22 18:42:05 UTC 2026","","Go Test","github.com/specterops/bloodhound/cmd/api/src/api/v2/TestResources_GetShortestPath","TestResources_GetShortestPath"
"","8","renders the LabelSelector when available and on a Label page","TagSelector","Wed Jul 22 18:46:37 UTC 2026","passed","Wed Jul 22 18:46:37 UTC 2026","","","",""
"","452","renders a list of asset group members","GroupManagement","Wed Jul 22 18:49:33 UTC 2026","passed","Wed Jul 22 18:49:34 UTC 2026","","","",""
"Test cases for TestIngestionCoordinator_FlushBuffer","0","TestIngestionCoordinator_FlushBuffer","","Wed Jul 22 18:42:07 UTC 2026","passed","Wed Jul 22 18:42:07 UTC 2026","","Go Test","github.com/specterops/bloodhound/cmd/api/src/daemons/changelog/TestIngestionCoordinator_FlushBuffer","TestIngestionCoordinator_FlushBuffer"
"","245","displays error if delete button is clicked when no checkbox is selected","DatabaseManagement","Wed Jul 22 18:49:08 UTC 2026","passed","Wed Jul 22 18:49:08 UTC 2026","","","",""
"Test cases for TestResources_EndIngestJob","74","TestResources_EndIngestJob","","Wed Jul 22 18:42:05 UTC 2026","passed","Wed Jul 22 18:42:05 UTC 2026","","Go Test","github.com/specterops/bloodhound/cmd/api/src/api/v2/TestResources_EndIngestJob","TestResources_EndIngestJob"
"","2932","when user performs a pathfinding search, the swap button is disabled until both the start and destination nodes are provided","Pathfinding: interaction","Wed Jul 22 18:45:43 UTC 2026","passed","Wed Jul 22 18:45:46 UTC 2026","","","",""
"","2","stores an object value in localStorage","useLocalStorage","Wed Jul 22 18:45:39 UTC 2026","passed","Wed Jul 22 18:45:39 UTC 2026","","setValue","",""
"Test cases for TestAssetGroupSelectorSpec_Validate","0","TestAssetGroupSelectorSpec_Validate","","Wed Jul 22 18:42:09 UTC 2026","passed","Wed Jul 22 18:42:09 UTC 2026","","Go Test","github.com/specterops/bloodhound/cmd/api/src/model/TestAssetGroupSelectorSpec_Validate","TestAssetGroupSelectorSpec_Validate"
"","0","runs a pathfinding search when the query param is set to ""pathfinding""","useExploreGraph","Wed Jul 22 18:44:38 UTC 2026","passed","Wed Jul 22 18:44:38 UTC 2026","","exploreGraphQueryFactory","",""
"Test cases for TestResources_ListAssetGroups","5","TestResources_ListAssetGroups","","Wed Jul 22 18:42:05 UTC 2026","passed","Wed Jul 22 18:42:05 UTC 2026","","Go Test","github.com/specterops/bloodhound/cmd/api/src/api/v2/TestResources_ListAssetGroups","TestResources_ListAssetGroups"
"Test cases for TestFeatureFlagManager","1","TestFeatureFlagManager","","Wed Jul 22 18:42:06 UTC 2026","passed","Wed Jul 22 18:42:06 UTC 2026","","Go Test","github.com/specterops/bloodhound/cmd/api/src/daemons/changelog/TestFeatureFlagManager","TestFeatureFlagManager"
"","434","disables checkboxes by default","GraphDataCheckboxes","Wed Jul 22 18:44:22 UTC 2026","passed","Wed Jul 22 18:44:23 UTC 2026","","","",""
"","434","On unsuccessful upload, notifies with an error and displays a retry button","SchemaUploadDialog","Wed Jul 22 18:44:35 UTC 2026","passed","Wed Jul 22 18:44:35 UTC 2026","","","",""
"Test cases for TestLocalStore_PathSafety","30","TestLocalStore_PathSafety","","Wed Jul 22 18:42:29 UTC 2026","passed","Wed Jul 22 18:42:29 UTC 2026","","Go Test","github.com/specterops/bloodhound/packages/go/storage/TestLocalStore_PathSafety","TestLocalStore_PathSafety"
"","0","No type was provided and no results were available","Getting the text for the disabled item display for a search when there are no results","Wed Jul 22 18:47:30 UTC 2026","passed","Wed Jul 22 18:47:30 UTC 2026","","Empty data states","",""
"Test cases for TestEncodingValues","0","TestEncodingValues","","Wed Jul 22 18:42:23 UTC 2026","passed","Wed Jul 22 18:42:23 UTC 2026","","Go Test","github.com/specterops/bloodhound/packages/go/bomenc/TestEncodingValues","TestEncodingValues"
"","351","enables the create provider button for a user with the admin role","SSOConfiguration","Wed Jul 22 18:44:34 UTC 2026","passed","Wed Jul 22 18:44:34 UTC 2026","","","",""
"","10","does not call getNodeByID when itemId has the rel_ prefix","useGraphItem","Wed Jul 22 18:45:45 UTC 2026","passed","Wed Jul 22 18:45:45 UTC 2026","","","",""
"","119","renders Zone as first tab and is also the initially selected on first render in Zone View/Tab","Selected Details Tabs","Wed Jul 22 18:45:46 UTC 2026","passed","Wed Jul 22 18:45:46 UTC 2026","","Selected Details Tabs - Params present","",""
"Test cases for TestAnalysisErrorsEvaluateErrors","1","TestAnalysisErrorsEvaluateErrors","","Wed Jul 22 18:42:22 UTC 2026","passed","Wed Jul 22 18:42:22 UTC 2026","","Go Test","github.com/specterops/bloodhound/packages/go/analysis/TestAnalysisErrorsEvaluateErrors","TestAnalysisErrorsEvaluateErrors"
"Test cases for TestResources_UpdateAssetGroupSelectors_PayloadError","0","TestResources_UpdateAssetGroupSelectors_PayloadError","","Wed Jul 22 18:42:05 UTC 2026","passed","Wed Jul 22 18:42:05 UTC 2026","","Go Test","github.com/specterops/bloodhound/cmd/api/src/api/v2/TestResources_UpdateAssetGroupSelectors_PayloadError","TestResources_UpdateAssetGroupSelectors_PayloadError"
"","485","toggles parent from some to all","GraphDataCheckboxes","Wed Jul 22 18:44:25 UTC 2026","passed","Wed Jul 22 18:44:26 UTC 2026","","","",""
"","471","should render an SavedQueryPermissions component","SavedQueryPermissions","Wed Jul 22 18:46:49 UTC 2026","passed","Wed Jul 22 18:46:49 UTC 2026","","","",""
"","0","returns false if value is {}","searchParams","Wed Jul 22 18:47:00 UTC 2026","passed","Wed Jul 22 18:47:00 UTC 2026","","isEmptyParam","",""
"","0","keeps the first-seen stat when created_at values are missing/invalid","getLatestMetricStats","Wed Jul 22 18:44:45 UTC 2026","passed","Wed Jul 22 18:44:45 UTC 2026","","","",""
"","41","invalidates the extensions query key when upload succeeds","useSchemaUploadHandlers","Wed Jul 22 18:48:28 UTC 2026","passed","Wed Jul 22 18:48:28 UTC 2026","","","",""
"","18","does not show tooltip text by default","ColumnHeaders","Wed Jul 22 18:46:09 UTC 2026","passed","Wed Jul 22 18:46:09 UTC 2026","","SortableHeader with Tooltip","",""
"Test cases for TestConvertAzureRoleEligibilityScheduleInstanceToRel","0","TestConvertAzureRoleEligibilityScheduleInstanceToRel","","Wed Jul 22 18:42:24 UTC 2026","passed","Wed Jul 22 18:42:24 UTC 2026","","Go Test","github.com/specterops/bloodhound/packages/go/ein/TestConvertAzureRoleEligibilityScheduleInstanceToRel","TestConvertAzureRoleEligibilityScheduleInstanceToRel"
"","870","dark mode should persist between logging in and out","redux store","Wed Jul 22 18:49:44 UTC 2026","passed","Wed Jul 22 18:49:45 UTC 2026","","","",""
"","464","renders icons as expected","DropdownSelector","Wed Jul 22 18:47:13 UTC 2026","passed","Wed Jul 22 18:47:13 UTC 2026","","","",""
"","3","returns true if value is undefined","searchParams","Wed Jul 22 18:47:00 UTC 2026","passed","Wed Jul 22 18:47:00 UTC 2026","","isEmptyParam","",""
"Test cases for TestSignRequestSuccess","0","TestSignRequestSuccess","","Wed Jul 22 18:41:54 UTC 2026","passed","Wed Jul 22 18:41:54 UTC 2026","","Go Test","github.com/specterops/bloodhound/cmd/api/src/api/TestSignRequestSuccess","TestSignRequestSuccess"
"Test cases for TestContextMiddleware_InvalidWaitLessThanZero","0","TestContextMiddleware_InvalidWaitLessThanZero","","Wed Jul 22 18:41:56 UTC 2026","passed","Wed Jul 22 18:41:56 UTC 2026","","Go Test","github.com/specterops/bloodhound/cmd/api/src/api/middleware/TestContextMiddleware_InvalidWaitLessThanZero","TestContextMiddleware_InvalidWaitLessThanZero"
"","118","temporarily displays the checkmark icon after clicking copy","ExploreTableDataCell","Wed Jul 22 18:47:51 UTC 2026","passed","Wed Jul 22 18:47:51 UTC 2026","","","",""
"","382","has user filters","FileIngestFilterDialog","Wed Jul 22 18:44:52 UTC 2026","passed","Wed Jul 22 18:44:53 UTC 2026","","User Select","",""
"","0","returns disabled if relationshipQueryItemId does not have a matching sourceId, edgeType, targetId","useExploreGraph","Wed Jul 22 18:44:38 UTC 2026","passed","Wed Jul 22 18:44:38 UTC 2026","composition search queries","exploreGraphQueryFactory","",""
"","30","tag members refetches on sort change","the useAssetGroupTags utilities","Wed Jul 22 18:45:04 UTC 2026","passed","Wed Jul 22 18:45:04 UTC 2026","","","",""
"","111","renders count for a selected zone if prop is set","DynamicDetails","Wed Jul 22 18:45:36 UTC 2026","passed","Wed Jul 22 18:45:36 UTC 2026","","","",""
"Test cases for TestResources_GetShortestPath_ETAC","27","TestResources_GetShortestPath_ETAC","","Wed Jul 22 18:42:05 UTC 2026","passed","Wed Jul 22 18:42:05 UTC 2026","","Go Test","github.com/specterops/bloodhound/cmd/api/src/api/v2/TestResources_GetShortestPath_ETAC","TestResources_GetShortestPath_ETAC"
"","0","returns true if both arrays are empty","areArraysSimilar","Wed Jul 22 18:48:12 UTC 2026","passed","Wed Jul 22 18:48:12 UTC 2026","","","",""
"Test cases for TestResources_CreateSavedQuery_NotAUserAuth","2","TestResources_CreateSavedQuery_NotAUserAuth","","Wed Jul 22 18:42:05 UTC 2026","passed","Wed Jul 22 18:42:05 UTC 2026","","Go Test","github.com/specterops/bloodhound/cmd/api/src/api/v2/TestResources_CreateSavedQuery_NotAUserAuth","TestResources_CreateSavedQuery_NotAUserAuth"
"","12247","checking a category updates all children and grandchildren","Pathfinding","Wed Jul 22 18:43:41 UTC 2026","passed","Wed Jul 22 18:43:53 UTC 2026","","","",""
"","268","on clicking switch shows modal and when clicking cancel closes it and switch stays enabled","CitrixRDPConfiguration","Wed Jul 22 18:45:23 UTC 2026","passed","Wed Jul 22 18:45:23 UTC 2026","","Click on switch to disable","",""
"Test cases for TestDisenrollMFA_Admin_Success","3160","TestDisenrollMFA_Admin_Success","","Wed Jul 22 18:42:38 UTC 2026","passed","Wed Jul 22 18:42:41 UTC 2026","","Go Test","github.com/specterops/bloodhound/cmd/api/src/api/v2/auth/TestDisenrollMFA_Admin_Success","TestDisenrollMFA_Admin_Success"
"","239","on clicking switch shows modal and when clicking confirm closes it and switch changes to disabled","CitrixRDPConfiguration","Wed Jul 22 18:45:23 UTC 2026","passed","Wed Jul 22 18:45:23 UTC 2026","","Click on switch to disable","",""
"","1","determines glyphs with the tier_managent_engine feature flag enabled","getNodeGlyphs","Wed Jul 22 18:49:28 UTC 2026","passed","Wed Jul 22 18:49:28 UTC 2026","","","",""
"","204","shows Popper when isCurrentSearchOpen is true","GraphControls","Wed Jul 22 18:43:31 UTC 2026","passed","Wed Jul 22 18:43:31 UTC 2026","","Searching current results","",""
"","173","can render","ExploreSearchCombobox","Wed Jul 22 18:45:17 UTC 2026","passed","Wed Jul 22 18:45:17 UTC 2026","","","",""
"Test cases for TestManagementResource_GetUser","20270","TestManagementResource_GetUser","","Wed Jul 22 18:42:26 UTC 2026","passed","Wed Jul 22 18:42:47 UTC 2026","","Go Test","github.com/specterops/bloodhound/cmd/api/src/api/v2/auth/TestManagementResource_GetUser","TestManagementResource_GetUser"
"Test cases for TestStringFrom","0","TestStringFrom","","Wed Jul 22 18:42:08 UTC 2026","passed","Wed Jul 22 18:42:08 UTC 2026","","Go Test","github.com/specterops/bloodhound/cmd/api/src/database/types/null/TestStringFrom","TestStringFrom"
"Test cases for FuzzFoldlLazy","0","FuzzFoldlLazy","","Wed Jul 22 18:42:27 UTC 2026","passed","Wed Jul 22 18:42:27 UTC 2026","","Go Test","github.com/specterops/bloodhound/packages/go/slicesext/FuzzFoldlLazy","FuzzFoldlLazy"
"","71","does not auto display the table for single node responses with no edges","GraphView","Wed Jul 22 18:49:13 UTC 2026","passed","Wed Jul 22 18:49:13 UTC 2026","","Layout selection and de-selection","",""
"","419","should display CreateUserTokenDialog","UserTokenManagementDialog","Wed Jul 22 18:45:03 UTC 2026","passed","Wed Jul 22 18:45:04 UTC 2026","","when user clicks ""Create Token"" button","",""
"","604","displays a Upload Files button","FileIngest","Wed Jul 22 18:46:54 UTC 2026","passed","Wed Jul 22 18:46:55 UTC 2026","","","",""
"","293","prevents a user from proceeding if the file is not valid","ImportQueryDialog","Wed Jul 22 18:48:31 UTC 2026","passed","Wed Jul 22 18:48:31 UTC 2026","","","",""
"","7","dismisses a notification","AppNotifications","Wed Jul 22 18:47:18 UTC 2026","passed","Wed Jul 22 18:47:18 UTC 2026","","","",""
"","130","passes check if the user has a required permission","usePermissions","Wed Jul 22 18:45:27 UTC 2026","passed","Wed Jul 22 18:45:27 UTC 2026","","","",""
"","10","should not render a Field when the provided value is """"","Field","Wed Jul 22 18:47:58 UTC 2026","passed","Wed Jul 22 18:47:58 UTC 2026","","","",""
"","1","Origin label and sizing are used when specified","copySigmaNodesToGraphlibGraph","Wed Jul 22 18:49:38 UTC 2026","passed","Wed Jul 22 18:49:38 UTC 2026","","","",""
"","90","renders the Object Tab content when Object tab is chosen","Selected Details Tab Content","Wed Jul 22 18:46:39 UTC 2026","passed","Wed Jul 22 18:46:39 UTC 2026","","","",""
"","319","calls handleError with ruleType when creating a rule fails","Rule Form","Wed Jul 22 18:43:23 UTC 2026","passed","Wed Jul 22 18:43:23 UTC 2026","","","",""
"","525","displays the BloodHound-specific tooltip when the note is missing and actor is BloodHoundString","NoteCell component","Wed Jul 22 18:47:01 UTC 2026","passed","Wed Jul 22 18:47:02 UTC 2026","","","",""
"Test cases for TestAssetGroupMembers_Filter_NotEquals","0","TestAssetGroupMembers_Filter_NotEquals","","Wed Jul 22 18:41:54 UTC 2026","passed","Wed Jul 22 18:41:54 UTC 2026","","Go Test","github.com/specterops/bloodhound/cmd/api/src/api/TestAssetGroupMembers_Filter_NotEquals","TestAssetGroupMembers_Filter_NotEquals"
"Test cases for TestOverwriteQueryParamIfHeaderAndParamExist","7","TestOverwriteQueryParamIfHeaderAndParamExist","","Wed Jul 22 18:42:20 UTC 2026","passed","Wed Jul 22 18:42:20 UTC 2026","","Go Test","github.com/specterops/bloodhound/cmd/api/src/utils/test/TestOverwriteQueryParamIfHeaderAndParamExist","TestOverwriteQueryParamIfHeaderAndParamExist"
"","0","filters by user-provided platform","filterAndSearchEnvironments","Wed Jul 22 18:43:22 UTC 2026","passed","Wed Jul 22 18:43:22 UTC 2026","","platform filters","",""
"","0","splits mixed node and relationship stats","getLatestMetricStats","Wed Jul 22 18:44:45 UTC 2026","passed","Wed Jul 22 18:44:45 UTC 2026","","","",""
"Test cases for Test_sortAndSliceResults_limit","0","Test_sortAndSliceResults_limit","","Wed Jul 22 18:42:11 UTC 2026","passed","Wed Jul 22 18:42:11 UTC 2026","","Go Test","github.com/specterops/bloodhound/cmd/api/src/queries/Test_sortAndSliceResults_limit","Test_sortAndSliceResults_limit"
"","1868","resets skip to 0 when rows per page changes so rows are visible on the new page size","FileIngestTable","Wed Jul 22 18:44:13 UTC 2026","passed","Wed Jul 22 18:44:15 UTC 2026","","pagination reset","",""
"Test cases for TestManagementResource_ServeMetadata","9","TestManagementResource_ServeMetadata","","Wed Jul 22 18:42:47 UTC 2026","passed","Wed Jul 22 18:42:47 UTC 2026","","Go Test","github.com/specterops/bloodhound/cmd/api/src/api/v2/auth/TestManagementResource_ServeMetadata","TestManagementResource_ServeMetadata"
"Test cases for TestGetPlatformAggregateStats_Success","3","TestGetPlatformAggregateStats_Success","","Wed Jul 22 18:42:05 UTC 2026","passed","Wed Jul 22 18:42:05 UTC 2026","","Go Test","github.com/specterops/bloodhound/cmd/api/src/api/v2/TestGetPlatformAggregateStats_Success","TestGetPlatformAggregateStats_Success"
"Test cases for TestResources_GetEdgeRelayTargets","72","TestResources_GetEdgeRelayTargets","","Wed Jul 22 18:42:05 UTC 2026","passed","Wed Jul 22 18:42:05 UTC 2026","","Go Test","github.com/specterops/bloodhound/cmd/api/src/api/v2/TestResources_GetEdgeRelayTargets","TestResources_GetEdgeRelayTargets"
"Test cases for TestAnalysisPipelineResultErrors","0","TestAnalysisPipelineResultErrors","","Wed Jul 22 18:42:22 UTC 2026","passed","Wed Jul 22 18:42:22 UTC 2026","","Go Test","github.com/specterops/bloodhound/packages/go/analysis/TestAnalysisPipelineResultErrors","TestAnalysisPipelineResultErrors"
"Test cases for TestEncodingEquality","1","TestEncodingEquality","","Wed Jul 22 18:42:23 UTC 2026","passed","Wed Jul 22 18:42:23 UTC 2026","","Go Test","github.com/specterops/bloodhound/packages/go/bomenc/TestEncodingEquality","TestEncodingEquality"
"Test cases for TestRegister","1","TestRegister","","Wed Jul 22 18:42:42 UTC 2026","passed","Wed Jul 22 18:42:42 UTC 2026","","Go Test","github.com/specterops/bloodhound/server/identity/TestRegister","TestRegister"
"Test cases for TestResources_ListADUserSessions","1","TestResources_ListADUserSessions","","Wed Jul 22 18:42:05 UTC 2026","passed","Wed Jul 22 18:42:05 UTC 2026","","Go Test","github.com/specterops/bloodhound/cmd/api/src/api/v2/TestResources_ListADUserSessions","TestResources_ListADUserSessions"
"Test cases for TestParseOptionalBoolEmptyValue","0","TestParseOptionalBoolEmptyValue","","Wed Jul 22 18:41:54 UTC 2026","passed","Wed Jul 22 18:41:54 UTC 2026","","Go Test","github.com/specterops/bloodhound/cmd/api/src/api/TestParseOptionalBoolEmptyValue","TestParseOptionalBoolEmptyValue"
"","0","Empty input is provided","parseKeywordAndTypeValue","Wed Jul 22 18:48:26 UTC 2026","passed","Wed Jul 22 18:48:26 UTC 2026","","","",""
"","0","filters by active-directory platform","filterAndSearchEnvironments","Wed Jul 22 18:43:22 UTC 2026","passed","Wed Jul 22 18:43:22 UTC 2026","","platform filters","",""
"Test cases for Test_filterAndFormatSearchResults_filterEnvironmentsEmpty","1","Test_filterAndFormatSearchResults_filterEnvironmentsEmpty","","Wed Jul 22 18:42:05 UTC 2026","passed","Wed Jul 22 18:42:05 UTC 2026","","Go Test","github.com/specterops/bloodhound/cmd/api/src/api/v2/Test_filterAndFormatSearchResults_filterEnvironmentsEmpty","Test_filterAndFormatSearchResults_filterEnvironmentsEmpty"
"Test cases for TestManagementResource_ListRoles_PredicateMismatchWithColumn","1","TestManagementResource_ListRoles_PredicateMismatchWithColumn","","Wed Jul 22 18:42:11 UTC 2026","passed","Wed Jul 22 18:42:11 UTC 2026","","Go Test","github.com/specterops/bloodhound/cmd/api/src/api/v2/auth/TestManagementResource_ListRoles_PredicateMismatchWithColumn","TestManagementResource_ListRoles_PredicateMismatchWithColumn"
"","405","renders an empty message for the entity panel before a node is selected","GroupManagement","Wed Jul 22 18:49:34 UTC 2026","passed","Wed Jul 22 18:49:34 UTC 2026","","","",""
"Test cases for TestDomainSelectors_GetValidFilterPredicatesAsStrings","0","TestDomainSelectors_GetValidFilterPredicatesAsStrings","","Wed Jul 22 18:42:09 UTC 2026","passed","Wed Jul 22 18:42:09 UTC 2026","","Go Test","github.com/specterops/bloodhound/cmd/api/src/model/TestDomainSelectors_GetValidFilterPredicatesAsStrings","TestDomainSelectors_GetValidFilterPredicatesAsStrings"
"Test cases for TestResources_DeleteSavedQuery_UserNotAdmin","0","TestResources_DeleteSavedQuery_UserNotAdmin","","Wed Jul 22 18:42:05 UTC 2026","passed","Wed Jul 22 18:42:05 UTC 2026","","Go Test","github.com/specterops/bloodhound/cmd/api/src/api/v2/TestResources_DeleteSavedQuery_UserNotAdmin","TestResources_DeleteSavedQuery_UserNotAdmin"
