"DESCRIPTION","DURATION IN MS","NAME","PARENT SUITE","START TIME","STATUS","STOP TIME","SUB SUITE","SUITE","TEST CLASS","TEST METHOD"
"Test cases for TestDisenrollMFA_Admin_FailureIncorrectPassword","3783","TestDisenrollMFA_Admin_FailureIncorrectPassword","","Thu Jul 09 18:47:33 UTC 2026","passed","Thu Jul 09 18:47:37 UTC 2026","","Go Test","github.com/specterops/bloodhound/cmd/api/src/api/v2/auth/TestDisenrollMFA_Admin_FailureIncorrectPassword","TestDisenrollMFA_Admin_FailureIncorrectPassword"
"Test cases for TestInt64Pointer","0","TestInt64Pointer","","Thu Jul 09 18:46:57 UTC 2026","passed","Thu Jul 09 18:46:57 UTC 2026","","Go Test","github.com/specterops/bloodhound/cmd/api/src/database/types/null/TestInt64Pointer","TestInt64Pointer"
"Test cases for TestValidateRequestSignature","213","TestValidateRequestSignature","","Thu Jul 09 18:46:41 UTC 2026","passed","Thu Jul 09 18:46:41 UTC 2026","","Go Test","github.com/specterops/bloodhound/cmd/api/src/api/TestValidateRequestSignature","TestValidateRequestSignature"
"Test cases for TestFormatDatabaseError","0","TestFormatDatabaseError","","Thu Jul 09 18:46:41 UTC 2026","passed","Thu Jul 09 18:46:41 UTC 2026","","Go Test","github.com/specterops/bloodhound/cmd/api/src/api/TestFormatDatabaseError","TestFormatDatabaseError"
"","75","should render when search string is at the beginning of the text","HighlightedText","Thu Jul 09 18:52:12 UTC 2026","passed","Thu Jul 09 18:52:12 UTC 2026","","","",""
"","117","upon selecting a source node, updates the URL with a searchType of 'node' and primarySearch of the node's objectid","useNodeSearch","Thu Jul 09 18:52:03 UTC 2026","passed","Thu Jul 09 18:52:03 UTC 2026","","","",""
"Test cases for Test_NewSpec","0","Test_NewSpec","","Thu Jul 09 18:47:22 UTC 2026","passed","Thu Jul 09 18:47:22 UTC 2026","","Go Test","github.com/specterops/bloodhound/packages/go/lab/Test_NewSpec","Test_NewSpec"
"","133","should not display a badge when role based filtering is true and show filter banner is false by default","EntityInfoPanel","Thu Jul 09 18:52:03 UTC 2026","passed","Thu Jul 09 18:52:03 UTC 2026","","","",""
"","31","enables the upload button when the user has manage ingest permission","File Upload","Thu Jul 09 18:50:05 UTC 2026","passed","Thu Jul 09 18:50:05 UTC 2026","","","",""
"Test cases for TestRequestWaitDuration","0","TestRequestWaitDuration","","Thu Jul 09 18:46:44 UTC 2026","passed","Thu Jul 09 18:46:44 UTC 2026","","Go Test","github.com/specterops/bloodhound/cmd/api/src/api/middleware/TestRequestWaitDuration","TestRequestWaitDuration"
"","480","navigates to object details when clicking an object row","ObjectsAccordion","Thu Jul 09 18:50:57 UTC 2026","passed","Thu Jul 09 18:50:57 UTC 2026","","","",""
"","1","runs a cypher search when the query param is set to ""cypher""","useExploreGraph","Thu Jul 09 18:49:05 UTC 2026","passed","Thu Jul 09 18:49:05 UTC 2026","","exploreGraphQueryFactory","",""
"","104","prevents a user from proceeding if the file is not valid","File Upload","Thu Jul 09 18:50:05 UTC 2026","passed","Thu Jul 09 18:50:05 UTC 2026","","","",""
"Test cases for TestGetOrderForNeo4jQuery","0","TestGetOrderForNeo4jQuery","","Thu Jul 09 18:47:20 UTC 2026","passed","Thu Jul 09 18:47:20 UTC 2026","","Go Test","github.com/specterops/bloodhound/cmd/api/src/utils/TestGetOrderForNeo4jQuery","TestGetOrderForNeo4jQuery"
"Test cases for TestManagementResource_ListRoles_DBError","0","TestManagementResource_ListRoles_DBError","","Thu Jul 09 18:46:58 UTC 2026","passed","Thu Jul 09 18:46:58 UTC 2026","","Go Test","github.com/specterops/bloodhound/cmd/api/src/api/v2/auth/TestManagementResource_ListRoles_DBError","TestManagementResource_ListRoles_DBError"
"Test cases for TestRegister_PanicsOnNilGraph","0","TestRegister_PanicsOnNilGraph","","Thu Jul 09 18:47:50 UTC 2026","passed","Thu Jul 09 18:47:50 UTC 2026","","Go Test","github.com/specterops/bloodhound/server/modules/TestRegister_PanicsOnNilGraph","TestRegister_PanicsOnNilGraph"
"","67","returns the full environment for the environmentid passed","useAvailableEnvironments","Thu Jul 09 18:50:27 UTC 2026","passed","Thu Jul 09 18:50:27 UTC 2026","","useSelectedEnvironment","",""
"","1","determines glyphs with the tier_managent_engine feature flag enabled","getNodeGlyphs","Thu Jul 09 18:53:46 UTC 2026","passed","Thu Jul 09 18:53:46 UTC 2026","","","",""
"","0","handles specific Active Directory properties differently than Azure derived properties","Formatting number properties","Thu Jul 09 18:49:44 UTC 2026","passed","Thu Jul 09 18:49:44 UTC 2026","","","",""
"Test cases for TestManagementResource_DeleteSAMLProvider","0","TestManagementResource_DeleteSAMLProvider","","Thu Jul 09 18:46:57 UTC 2026","passed","Thu Jul 09 18:46:57 UTC 2026","","Go Test","github.com/specterops/bloodhound/cmd/api/src/api/v2/auth/TestManagementResource_DeleteSAMLProvider","TestManagementResource_DeleteSAMLProvider"
"","47","mounts a polite aria-live region","AnnouncementProvider","Thu Jul 09 18:50:49 UTC 2026","passed","Thu Jul 09 18:50:49 UTC 2026","","","",""
"","3317","expand/collapse all buttons are disabled when searching","Pathfinding","Thu Jul 09 18:49:10 UTC 2026","passed","Thu Jul 09 18:49:13 UTC 2026","","","",""
"","60","renders a link to the documentation","BloodHoundConfiguration","Thu Jul 09 18:54:14 UTC 2026","passed","Thu Jul 09 18:54:14 UTC 2026","","","",""
"Test cases for TestResources_DeleteSavedQuery_IsPublicSavedQueryDBError","0","TestResources_DeleteSavedQuery_IsPublicSavedQueryDBError","","Thu Jul 09 18:46:52 UTC 2026","passed","Thu Jul 09 18:46:52 UTC 2026","","Go Test","github.com/specterops/bloodhound/cmd/api/src/api/v2/TestResources_DeleteSavedQuery_IsPublicSavedQueryDBError","TestResources_DeleteSavedQuery_IsPublicSavedQueryDBError"
"","1721","disables the user actions menu when the user is auditor role","Users","Thu Jul 09 18:49:17 UTC 2026","passed","Thu Jul 09 18:49:18 UTC 2026","","","",""
"","259","allows a user to upload a single file and displays its name in the dialog","SchemaUploadDialog","Thu Jul 09 18:49:03 UTC 2026","passed","Thu Jul 09 18:49:04 UTC 2026","","","",""
"Test cases for TestWriteResultRawJson","0","TestWriteResultRawJson","","Thu Jul 09 18:47:20 UTC 2026","passed","Thu Jul 09 18:47:20 UTC 2026","","Go Test","github.com/specterops/bloodhound/cmd/api/src/utils/TestWriteResultRawJson","TestWriteResultRawJson"
"Test cases for TestWriteErrorResponse_InvalidFormat","0","TestWriteErrorResponse_InvalidFormat","","Thu Jul 09 18:46:41 UTC 2026","passed","Thu Jul 09 18:46:41 UTC 2026","","Go Test","github.com/specterops/bloodhound/cmd/api/src/api/TestWriteErrorResponse_InvalidFormat","TestWriteErrorResponse_InvalidFormat"
"","107","should render a button with the passed in display text","GraphButton","Thu Jul 09 18:53:03 UTC 2026","passed","Thu Jul 09 18:53:03 UTC 2026","","","",""
"","13","returns early if there are no 'collected' environments","useInitialEnvironment","Thu Jul 09 18:51:52 UTC 2026","passed","Thu Jul 09 18:51:52 UTC 2026","","","",""
"","83","Calls the cypher search endpoint for a node with a type that is not in our schema","EntityObjectInformation","Thu Jul 09 18:50:39 UTC 2026","passed","Thu Jul 09 18:50:40 UTC 2026","","","",""
"Test cases for TestTimeValueOrZero","0","TestTimeValueOrZero","","Thu Jul 09 18:46:57 UTC 2026","passed","Thu Jul 09 18:46:57 UTC 2026","","Go Test","github.com/specterops/bloodhound/cmd/api/src/database/types/null/TestTimeValueOrZero","TestTimeValueOrZero"
"","78","displays an error message while fetching fails","ActiveExtensionsCard","Thu Jul 09 18:48:05 UTC 2026","passed","Thu Jul 09 18:48:05 UTC 2026","","","",""
"","2817","should close the edge filtering dialog when user clicks cancel button","EdgeFilter","Thu Jul 09 18:50:33 UTC 2026","passed","Thu Jul 09 18:50:36 UTC 2026","","","",""
"Test cases for TestResources_ListADEntityAdminRights","1","TestResources_ListADEntityAdminRights","","Thu Jul 09 18:46:52 UTC 2026","passed","Thu Jul 09 18:46:52 UTC 2026","","Go Test","github.com/specterops/bloodhound/cmd/api/src/api/v2/TestResources_ListADEntityAdminRights","TestResources_ListADEntityAdminRights"
"","67","Searching for custom node type with databaseId returns node properties","useFetchEntityInfo","Thu Jul 09 18:50:36 UTC 2026","passed","Thu Jul 09 18:50:36 UTC 2026","","","",""
"","91","indicates that filters are active","AssetGroupEdit","Thu Jul 09 18:49:48 UTC 2026","passed","Thu Jul 09 18:49:48 UTC 2026","","","",""
"","204","a name value is required to submit the form","Rule Form","Thu Jul 09 18:47:51 UTC 2026","passed","Thu Jul 09 18:47:52 UTC 2026","","","",""
"Test cases for TestResources_GetAssetGroupSelectorMemberCountsByKind","2","TestResources_GetAssetGroupSelectorMemberCountsByKind","","Thu Jul 09 18:46:52 UTC 2026","passed","Thu Jul 09 18:46:52 UTC 2026","","Go Test","github.com/specterops/bloodhound/cmd/api/src/api/v2/TestResources_GetAssetGroupSelectorMemberCountsByKind","TestResources_GetAssetGroupSelectorMemberCountsByKind"
"","210","should call the onClick function when clicked","GraphButton","Thu Jul 09 18:53:03 UTC 2026","passed","Thu Jul 09 18:53:03 UTC 2026","","","",""
"","3427","Kebab menu click causes the callback function to be called with the correct parameters","ExploreTable","Thu Jul 09 18:47:52 UTC 2026","passed","Thu Jul 09 18:47:55 UTC 2026","","","",""
"Test cases for TestLoginExpiry","1","TestLoginExpiry","","Thu Jul 09 18:47:39 UTC 2026","passed","Thu Jul 09 18:47:39 UTC 2026","","Go Test","github.com/specterops/bloodhound/cmd/api/src/api/v2/auth/TestLoginExpiry","TestLoginExpiry"
"Test cases for TestAddOwnerRoleIDs","0","TestAddOwnerRoleIDs","","Thu Jul 09 18:47:20 UTC 2026","passed","Thu Jul 09 18:47:20 UTC 2026","","Go Test","github.com/specterops/bloodhound/packages/go/analysis/azure/TestAddOwnerRoleIDs","TestAddOwnerRoleIDs"
"","23","should filter properties that we do not want to display in the entity panel","ObjectInfoFields","Thu Jul 09 18:52:22 UTC 2026","passed","Thu Jul 09 18:52:22 UTC 2026","","","",""
"","223","closes the dialog when the ""Cancel"" button is clicked","SchemaUploadDialog","Thu Jul 09 18:49:03 UTC 2026","passed","Thu Jul 09 18:49:03 UTC 2026","","","",""
"Test cases for TestDefineNodeName","1","TestDefineNodeName","","Thu Jul 09 18:47:20 UTC 2026","passed","Thu Jul 09 18:47:20 UTC 2026","","Go Test","github.com/specterops/bloodhound/packages/go/analysis/ad/wellknown/TestDefineNodeName","TestDefineNodeName"
"Test cases for TestResources_DownloadCollectorByVersion","1","TestResources_DownloadCollectorByVersion","","Thu Jul 09 18:46:52 UTC 2026","passed","Thu Jul 09 18:46:52 UTC 2026","","Go Test","github.com/specterops/bloodhound/cmd/api/src/api/v2/TestResources_DownloadCollectorByVersion","TestResources_DownloadCollectorByVersion"
"","18","whencreated","Handling value formatting for Active Directory entity properties lastlogon, lastlogontimestamp, whencreated, and pwdlastset","Thu Jul 09 18:49:44 UTC 2026","passed","Thu Jul 09 18:49:44 UTC 2026","","","",""
"Test cases for TestResources_UpdateSavedQuery_InvalidID","0","TestResources_UpdateSavedQuery_InvalidID","","Thu Jul 09 18:46:52 UTC 2026","passed","Thu Jul 09 18:46:52 UTC 2026","","Go Test","github.com/specterops/bloodhound/cmd/api/src/api/v2/TestResources_UpdateSavedQuery_InvalidID","TestResources_UpdateSavedQuery_InvalidID"
"","53","composes search params from the search prop and use them in the link","AppLink","Thu Jul 09 18:51:12 UTC 2026","passed","Thu Jul 09 18:51:12 UTC 2026","","","",""
"Test cases for TestResources_SearchAssetGroupTagHistory","129","TestResources_SearchAssetGroupTagHistory","","Thu Jul 09 18:46:52 UTC 2026","passed","Thu Jul 09 18:46:52 UTC 2026","","Go Test","github.com/specterops/bloodhound/cmd/api/src/api/v2/TestResources_SearchAssetGroupTagHistory","TestResources_SearchAssetGroupTagHistory"
"Test cases for TestManagementResource_OIDCLoginHandler","11","TestManagementResource_OIDCLoginHandler","","Thu Jul 09 18:47:39 UTC 2026","passed","Thu Jul 09 18:47:39 UTC 2026","","Go Test","github.com/specterops/bloodhound/cmd/api/src/api/v2/auth/TestManagementResource_OIDCLoginHandler","TestManagementResource_OIDCLoginHandler"
"","66","when session token or user are null, redirects to /login","AuthenticatedRoute","Thu Jul 09 18:53:50 UTC 2026","passed","Thu Jul 09 18:53:50 UTC 2026","","","",""
"Test cases for TestMergeNodeKinds","0","TestMergeNodeKinds","","Thu Jul 09 18:47:02 UTC 2026","passed","Thu Jul 09 18:47:02 UTC 2026","","Go Test","github.com/specterops/bloodhound/cmd/api/src/services/graphify/TestMergeNodeKinds","TestMergeNodeKinds"
"Test cases for TestAuditLogin","1","TestAuditLogin","","Thu Jul 09 18:46:41 UTC 2026","passed","Thu Jul 09 18:46:41 UTC 2026","","Go Test","github.com/specterops/bloodhound/cmd/api/src/api/TestAuditLogin","TestAuditLogin"
"Test cases for TestResources_ListAssetGroupMembersCount","0","TestResources_ListAssetGroupMembersCount","","Thu Jul 09 18:46:52 UTC 2026","passed","Thu Jul 09 18:46:52 UTC 2026","","Go Test","github.com/specterops/bloodhound/cmd/api/src/api/v2/TestResources_ListAssetGroupMembersCount","TestResources_ListAssetGroupMembersCount"
"","645","displays current password error messages when current password is empty","PasswordDialog","Thu Jul 09 18:48:22 UTC 2026","passed","Thu Jul 09 18:48:22 UTC 2026","","","",""
"","229","renders a snackbar notification in the dom and tests the long autoHideDuration","AppNotifications","Thu Jul 09 18:51:46 UTC 2026","passed","Thu Jul 09 18:51:46 UTC 2026","","","",""
"","3","dispatches a storage event when a value is set","useLocalStorage","Thu Jul 09 18:50:10 UTC 2026","passed","Thu Jul 09 18:50:10 UTC 2026","","storage event synchronisation","",""
"","1","EXTENDED ROUNDING when thresholds are set: does not abbreviate numbers < 10000","numberFormatting","Thu Jul 09 18:50:48 UTC 2026","passed","Thu Jul 09 18:50:48 UTC 2026","","","",""
"","235","renders with the Export and Delete buttons disabled","QuerySearchFilter","Thu Jul 09 18:51:03 UTC 2026","passed","Thu Jul 09 18:51:04 UTC 2026","","","",""
"","231","handles chevron click event","CommonSearches","Thu Jul 09 18:49:42 UTC 2026","passed","Thu Jul 09 18:49:42 UTC 2026","","","",""
"Test cases for TestFoldr","0","TestFoldr","","Thu Jul 09 18:47:39 UTC 2026","passed","Thu Jul 09 18:47:39 UTC 2026","","Go Test","github.com/specterops/bloodhound/packages/go/slicesext/TestFoldr","TestFoldr"
"Test cases for TestGetDataQualityStats_Success","3","TestGetDataQualityStats_Success","","Thu Jul 09 18:46:52 UTC 2026","passed","Thu Jul 09 18:46:52 UTC 2026","","Go Test","github.com/specterops/bloodhound/cmd/api/src/api/v2/TestGetDataQualityStats_Success","TestGetDataQualityStats_Success"
"","375","sets a secondary=id and searchType=pathfinding when primary is truthy","ContextMenu","Thu Jul 09 18:53:45 UTC 2026","passed","Thu Jul 09 18:53:45 UTC 2026","","","",""
"","141","links to the specified route with global params intact","AppLink","Thu Jul 09 18:51:12 UTC 2026","passed","Thu Jul 09 18:51:12 UTC 2026","","","",""
"","1","returns query config when searchType is relationship and all required params are passed","useExploreGraph","Thu Jul 09 18:49:05 UTC 2026","passed","Thu Jul 09 18:49:05 UTC 2026","relationship search queries","exploreGraphQueryFactory","",""
"","181","shows ""API Expiration Date"" column header when expiration is enabled","UserTokenManagementDialog - API Expiration Date column","Thu Jul 09 18:49:28 UTC 2026","passed","Thu Jul 09 18:49:28 UTC 2026","","","",""
"","5658","does not close explore search tab menu or entity info panel when search returns zero nodes","CypherSearch","Thu Jul 09 18:48:37 UTC 2026","passed","Thu Jul 09 18:48:43 UTC 2026","","Minimize explorer page elements when multiple nodes are returned","",""
"Test cases for TestStore_Stat","57","TestStore_Stat","","Thu Jul 09 18:47:43 UTC 2026","passed","Thu Jul 09 18:47:43 UTC 2026","","Go Test","github.com/specterops/bloodhound/packages/go/storage/TestStore_Stat","TestStore_Stat"
"","0","should handle an entity that has an empty name property","Evaluating the entity display name from a given entity","Thu Jul 09 18:49:44 UTC 2026","passed","Thu Jul 09 18:49:44 UTC 2026","","","",""
"Test cases for TestResources_ListAssetGroupMembers","0","TestResources_ListAssetGroupMembers","","Thu Jul 09 18:46:52 UTC 2026","passed","Thu Jul 09 18:46:52 UTC 2026","","Go Test","github.com/specterops/bloodhound/cmd/api/src/api/v2/TestResources_ListAssetGroupMembers","TestResources_ListAssetGroupMembers"
"Test cases for TestParseVersion","1","TestParseVersion","","Thu Jul 09 18:47:20 UTC 2026","passed","Thu Jul 09 18:47:20 UTC 2026","","Go Test","github.com/specterops/bloodhound/cmd/api/src/version/TestParseVersion","TestParseVersion"
"","1514","reverts to the default unselected state when the user de-selects the currently selected graph layout","GraphView","Thu Jul 09 18:53:32 UTC 2026","passed","Thu Jul 09 18:53:33 UTC 2026","","Layout selection and de-selection","",""
"Test cases for TestContextMiddlewareBypassDisabled","0","TestContextMiddlewareBypassDisabled","","Thu Jul 09 18:46:44 UTC 2026","passed","Thu Jul 09 18:46:44 UTC 2026","","Go Test","github.com/specterops/bloodhound/cmd/api/src/api/middleware/TestContextMiddlewareBypassDisabled","TestContextMiddlewareBypassDisabled"
"","92","displays pinned columns and unselected columns in the dropdown","ManageColumnsComboBox","Thu Jul 09 18:49:39 UTC 2026","passed","Thu Jul 09 18:49:40 UTC 2026","","","",""
"","282","should display correctly","ConfirmationDialog","Thu Jul 09 18:52:45 UTC 2026","passed","Thu Jul 09 18:52:45 UTC 2026","","","",""
"Test cases for TestService_ToggleFlag","2","TestService_ToggleFlag","","Thu Jul 09 18:47:48 UTC 2026","passed","Thu Jul 09 18:47:48 UTC 2026","","Go Test","github.com/specterops/bloodhound/server/featureflags/internal/services/TestService_ToggleFlag","TestService_ToggleFlag"
"","92","initializes the list with all filters checked by default","usePathfindingFilters","Thu Jul 09 18:52:21 UTC 2026","passed","Thu Jul 09 18:52:21 UTC 2026","","","",""
"","435","does fires TagToZoneDialog when the Zone option is clicked","TagToZoneLabel","Thu Jul 09 18:47:58 UTC 2026","passed","Thu Jul 09 18:47:59 UTC 2026","","","",""
"Test cases for TestResources_ShareSavedQueriesPermissions_Admin","0","TestResources_ShareSavedQueriesPermissions_Admin","","Thu Jul 09 18:46:52 UTC 2026","passed","Thu Jul 09 18:46:52 UTC 2026","","Go Test","github.com/specterops/bloodhound/cmd/api/src/api/v2/TestResources_ShareSavedQueriesPermissions_Admin","TestResources_ShareSavedQueriesPermissions_Admin"
"Test cases for TestResources_ListADGPOAffectedContainers","0","TestResources_ListADGPOAffectedContainers","","Thu Jul 09 18:46:52 UTC 2026","passed","Thu Jul 09 18:46:52 UTC 2026","","Go Test","github.com/specterops/bloodhound/cmd/api/src/api/v2/TestResources_ListADGPOAffectedContainers","TestResources_ListADGPOAffectedContainers"
"","0","uppercases boolean values","Formatting boolean properties","Thu Jul 09 18:49:44 UTC 2026","passed","Thu Jul 09 18:49:44 UTC 2026","","","",""
"","93","allows a consumer to swap the values of the two inputs and update the query params accordingly","usePathfindingSearch","Thu Jul 09 18:50:24 UTC 2026","passed","Thu Jul 09 18:50:24 UTC 2026","","","",""
"","11","takes a string and copys to the navigator clipboard","copyToClipboard","Thu Jul 09 18:53:08 UTC 2026","passed","Thu Jul 09 18:53:08 UTC 2026","","","",""
"","129","renders the Zone/Labels Tab content when first tab is chosen","Selected Details Tab Content","Thu Jul 09 18:51:09 UTC 2026","passed","Thu Jul 09 18:51:09 UTC 2026","","","",""
"","1094","displays validation error messages when password does not meet requirements","PasswordDialog","Thu Jul 09 18:48:20 UTC 2026","passed","Thu Jul 09 18:48:21 UTC 2026","","","",""
"","281","sets secondarySearch=id and searchType=node when primarySearch is falsey","ContextMenu","Thu Jul 09 18:49:32 UTC 2026","passed","Thu Jul 09 18:49:32 UTC 2026","","","",""
"","54","should have a .z-nav class","MainNav","Thu Jul 09 18:50:09 UTC 2026","passed","Thu Jul 09 18:50:09 UTC 2026","","","",""
"","2484","should allow user to create new SAML provder and then display it in the table","SSOConfiguration","Thu Jul 09 18:49:44 UTC 2026","passed","Thu Jul 09 18:49:47 UTC 2026","","","",""
"TestManifest_AddMigration tests that migrations are added to the correct locationwithin the migration map and in the correct order.","2","TestManifest_AddMigration","","Thu Jul 09 18:46:57 UTC 2026","passed","Thu Jul 09 18:46:57 UTC 2026","","Go Test","github.com/specterops/bloodhound/cmd/api/src/database/migration/TestManifest_AddMigration","TestManifest_AddMigration"
"Test cases for TestParseUUID","0","TestParseUUID","","Thu Jul 09 18:47:20 UTC 2026","passed","Thu Jul 09 18:47:20 UTC 2026","","Go Test","github.com/specterops/bloodhound/cmd/api/src/utils/TestParseUUID","TestParseUUID"
"Test cases for TestJSONFloat_MarshalJSON","0","TestJSONFloat_MarshalJSON","","Thu Jul 09 18:46:57 UTC 2026","passed","Thu Jul 09 18:46:57 UTC 2026","","Go Test","github.com/specterops/bloodhound/cmd/api/src/database/types/nan/TestJSONFloat_MarshalJSON","TestJSONFloat_MarshalJSON"
"","1","combines platform and collected filters","filterAndSearchEnvironments","Thu Jul 09 18:48:03 UTC 2026","passed","Thu Jul 09 18:48:03 UTC 2026","","combined filters","",""
"Test cases for TestStorageFileService_WriteTempFile","6","TestStorageFileService_WriteTempFile","","Thu Jul 09 18:47:43 UTC 2026","passed","Thu Jul 09 18:47:43 UTC 2026","","Go Test","github.com/specterops/bloodhound/packages/go/storage/TestStorageFileService_WriteTempFile","TestStorageFileService_WriteTempFile"
"Test cases for TestManagementResource_DeleteUser_BadUserID","0","TestManagementResource_DeleteUser_BadUserID","","Thu Jul 09 18:47:14 UTC 2026","passed","Thu Jul 09 18:47:14 UTC 2026","","Go Test","github.com/specterops/bloodhound/cmd/api/src/api/v2/auth/TestManagementResource_DeleteUser_BadUserID","TestManagementResource_DeleteUser_BadUserID"
"","67","renders the title","ProcessingIndicator","Thu Jul 09 18:53:02 UTC 2026","passed","Thu Jul 09 18:53:02 UTC 2026","","","",""
"","959","renders a link to the explore page when member is clicked","GroupManagement","Thu Jul 09 18:53:56 UTC 2026","passed","Thu Jul 09 18:53:57 UTC 2026","","","",""
"Test cases for TestResources_ListAuditLogs_Filtered","0","TestResources_ListAuditLogs_Filtered","","Thu Jul 09 18:46:52 UTC 2026","passed","Thu Jul 09 18:46:52 UTC 2026","","Go Test","github.com/specterops/bloodhound/cmd/api/src/api/v2/TestResources_ListAuditLogs_Filtered","TestResources_ListAuditLogs_Filtered"
"","12","applies animation class to the title","ProcessingIndicator","Thu Jul 09 18:53:02 UTC 2026","passed","Thu Jul 09 18:53:02 UTC 2026","","","",""
"Test cases for TestDatabaseWipe","7","TestDatabaseWipe","","Thu Jul 09 18:46:52 UTC 2026","passed","Thu Jul 09 18:46:52 UTC 2026","","Go Test","github.com/specterops/bloodhound/cmd/api/src/api/v2/TestDatabaseWipe","TestDatabaseWipe"
"Test cases for TestAnalysisStepsFromMode","19","TestAnalysisStepsFromMode","","Thu Jul 09 18:46:58 UTC 2026","passed","Thu Jul 09 18:46:58 UTC 2026","","Go Test","github.com/specterops/bloodhound/cmd/api/src/model/TestAnalysisStepsFromMode","TestAnalysisStepsFromMode"
"","18","renders nothing if flag is enabled and enabled prop is not provided","FeatureFlag","Thu Jul 09 18:51:57 UTC 2026","passed","Thu Jul 09 18:51:57 UTC 2026","","","",""
"","318","opens confirmation dialog when delete button is clicked","ActiveExtensionsCard","Thu Jul 09 18:48:07 UTC 2026","passed","Thu Jul 09 18:48:07 UTC 2026","","","",""
"Test cases for TestDomainSelectors_TestIsSortable","0","TestDomainSelectors_TestIsSortable","","Thu Jul 09 18:46:58 UTC 2026","passed","Thu Jul 09 18:46:58 UTC 2026","","Go Test","github.com/specterops/bloodhound/cmd/api/src/model/TestDomainSelectors_TestIsSortable","TestDomainSelectors_TestIsSortable"
"Test cases for TestNewRewriter","0","TestNewRewriter","","Thu Jul 09 18:47:00 UTC 2026","passed","Thu Jul 09 18:47:00 UTC 2026","","Go Test","github.com/specterops/bloodhound/cmd/api/src/queries/TestNewRewriter","TestNewRewriter"
"","259","displays 0 when a given sections returns empty, and sums the rest of the sections correctly","EntityInfoDataTable","Thu Jul 09 18:49:21 UTC 2026","passed","Thu Jul 09 18:49:21 UTC 2026","","Node count for nested table that counts all sections","",""
"","2","filters by collected=true when ""yes"" filter is active","filterAndSearchEnvironments","Thu Jul 09 18:48:03 UTC 2026","passed","Thu Jul 09 18:48:03 UTC 2026","","collected filters","",""
"Test cases for Test_SetDependency","2","Test_SetDependency","","Thu Jul 09 18:47:22 UTC 2026","passed","Thu Jul 09 18:47:22 UTC 2026","","Go Test","github.com/specterops/bloodhound/packages/go/lab/Test_SetDependency","Test_SetDependency"
"","238","renders the card with title and search input","ActiveExtensionsCard","Thu Jul 09 18:48:04 UTC 2026","passed","Thu Jul 09 18:48:05 UTC 2026","","","",""
"","355","disables confirm button until extension name is typed correctly","ActiveExtensionsCard","Thu Jul 09 18:48:08 UTC 2026","passed","Thu Jul 09 18:48:08 UTC 2026","","","",""
"","14","tag members refetches on environment change","the useAssetGroupTags utilities","Thu Jul 09 18:49:33 UTC 2026","passed","Thu Jul 09 18:49:33 UTC 2026","","","",""
"Test cases for Test_filterAndFormatSearchResults_filterEnvironments","0","Test_filterAndFormatSearchResults_filterEnvironments","","Thu Jul 09 18:46:52 UTC 2026","passed","Thu Jul 09 18:46:52 UTC 2026","","Go Test","github.com/specterops/bloodhound/cmd/api/src/api/v2/Test_filterAndFormatSearchResults_filterEnvironments","Test_filterAndFormatSearchResults_filterEnvironments"
"","4","isLoading returns as expected based on all queries combined","queriesAreLoadingOrErrored","Thu Jul 09 18:52:59 UTC 2026","passed","Thu Jul 09 18:52:59 UTC 2026","","","",""
"","11","re-announces the same message by incrementing the span key","AnnouncementProvider","Thu Jul 09 18:50:50 UTC 2026","passed","Thu Jul 09 18:50:50 UTC 2026","","","",""
"","314","shows all checked boxes","GraphDataCheckboxes","Thu Jul 09 18:48:59 UTC 2026","passed","Thu Jul 09 18:48:59 UTC 2026","","","",""
"","616","triggers a file download when a download button is clicked","DownloadCollectors","Thu Jul 09 18:53:43 UTC 2026","passed","Thu Jul 09 18:53:44 UTC 2026","","","",""
"Test cases for TestGetLatestQueryParameter_LatestMalformed","1","TestGetLatestQueryParameter_LatestMalformed","","Thu Jul 09 18:46:52 UTC 2026","passed","Thu Jul 09 18:46:52 UTC 2026","","Go Test","github.com/specterops/bloodhound/cmd/api/src/api/v2/TestGetLatestQueryParameter_LatestMalformed","TestGetLatestQueryParameter_LatestMalformed"
"","830","should call onSubmit when input is valid and Submit button is clicked","UpsertSAMLProviderForm","Thu Jul 09 18:51:51 UTC 2026","passed","Thu Jul 09 18:51:52 UTC 2026","","","",""
"","0","returns all collected environments when aggegation type is all","getEnvironmentAggregationIds","Thu Jul 09 18:48:03 UTC 2026","passed","Thu Jul 09 18:48:03 UTC 2026","","","",""
"","183","should display ""Create Token"" button","UserTokenManagementDialog","Thu Jul 09 18:49:28 UTC 2026","passed","Thu Jul 09 18:49:28 UTC 2026","","","",""
"Test cases for Test_FixtureTeardown","0","Test_FixtureTeardown","","Thu Jul 09 18:47:22 UTC 2026","passed","Thu Jul 09 18:47:22 UTC 2026","","Go Test","github.com/specterops/bloodhound/packages/go/lab/Test_FixtureTeardown","Test_FixtureTeardown"
"","10","displays lastlogontimestamp cell as NEVER when the value is -1","ExploreTableDataCell","Thu Jul 09 18:52:16 UTC 2026","passed","Thu Jul 09 18:52:16 UTC 2026","","","",""
"","210","handles adding to non-tier-zero asset group","AssetGroupMenuItem","Thu Jul 09 18:53:25 UTC 2026","passed","Thu Jul 09 18:53:26 UTC 2026","","adding to an asset group","",""
"Test cases for TestResources_CreateSavedQuery_CreateFailure","0","TestResources_CreateSavedQuery_CreateFailure","","Thu Jul 09 18:46:52 UTC 2026","passed","Thu Jul 09 18:46:52 UTC 2026","","Go Test","github.com/specterops/bloodhound/cmd/api/src/api/v2/TestResources_CreateSavedQuery_CreateFailure","TestResources_CreateSavedQuery_CreateFailure"
"","2504","resets skip to 0 when rows per page changes so rows are visible on the new page size","FileIngestTable","Thu Jul 09 18:48:45 UTC 2026","passed","Thu Jul 09 18:48:48 UTC 2026","","pagination reset","",""
"","184","buttons are disabled while loading","PasswordResetForm","Thu Jul 09 18:50:33 UTC 2026","passed","Thu Jul 09 18:50:33 UTC 2026","","","",""
"","35","should highlight selected route","Main Nav Route Highlighting","Thu Jul 09 18:50:09 UTC 2026","passed","Thu Jul 09 18:50:09 UTC 2026","","","",""
"","131","should call onCancel when return to login button clicked","PasswordResetForm","Thu Jul 09 18:50:32 UTC 2026","passed","Thu Jul 09 18:50:33 UTC 2026","","","",""
"","273","should display filter dropwdowns","CommonSearches","Thu Jul 09 18:49:40 UTC 2026","passed","Thu Jul 09 18:49:40 UTC 2026","","","",""
"","80","calls getAssetGroupTags for topTagId","DetailsRoot","Thu Jul 09 18:53:05 UTC 2026","passed","Thu Jul 09 18:53:05 UTC 2026","","","",""
"Test cases for TestParseGPOData","5","TestParseGPOData","","Thu Jul 09 18:47:21 UTC 2026","passed","Thu Jul 09 18:47:21 UTC 2026","","Go Test","github.com/specterops/bloodhound/packages/go/ein/TestParseGPOData","TestParseGPOData"
"","184","shows ""Select All"" when not all columns are selected","ManageColumnsComboBox","Thu Jul 09 18:49:38 UTC 2026","passed","Thu Jul 09 18:49:38 UTC 2026","","","",""
"Test cases for TestGetPageParamsForGraphQuery","0","TestGetPageParamsForGraphQuery","","Thu Jul 09 18:47:20 UTC 2026","passed","Thu Jul 09 18:47:20 UTC 2026","","Go Test","github.com/specterops/bloodhound/cmd/api/src/utils/TestGetPageParamsForGraphQuery","TestGetPageParamsForGraphQuery"
"","485","should accept passwords with unicode symbol characters","CreateUserForm","Thu Jul 09 18:48:19 UTC 2026","passed","Thu Jul 09 18:48:19 UTC 2026","","","",""
"","11","allows you to cancel filter updates before applying them to the url and reset to the default filter state","usePathfindingFilters","Thu Jul 09 18:52:21 UTC 2026","passed","Thu Jul 09 18:52:21 UTC 2026","","","",""
"","16","returns Rule Object counts when there is a Tag and a Rule selected (tagId and ruleId are in path params)","useObjectCounts","Thu Jul 09 18:52:30 UTC 2026","passed","Thu Jul 09 18:52:30 UTC 2026","","","",""
"Test cases for TestNewPipelineHandlesAllBHCEAnalysisSteps","0","TestNewPipelineHandlesAllBHCEAnalysisSteps","","Thu Jul 09 18:47:20 UTC 2026","passed","Thu Jul 09 18:47:20 UTC 2026","","Go Test","github.com/specterops/bloodhound/packages/go/analysis/TestNewPipelineHandlesAllBHCEAnalysisSteps","TestNewPipelineHandlesAllBHCEAnalysisSteps"
"","15","renders highlight only for active member when memberId is present","SelectedHighlight","Thu Jul 09 18:52:07 UTC 2026","passed","Thu Jul 09 18:52:07 UTC 2026","","","",""
"Test cases for TestResources_CreateAssetGroup","0","TestResources_CreateAssetGroup","","Thu Jul 09 18:46:52 UTC 2026","passed","Thu Jul 09 18:46:52 UTC 2026","","Go Test","github.com/specterops/bloodhound/cmd/api/src/api/v2/TestResources_CreateAssetGroup","TestResources_CreateAssetGroup"
"","650","displays correct content based on platform filter AD","CommonSearches","Thu Jul 09 18:49:41 UTC 2026","passed","Thu Jul 09 18:49:42 UTC 2026","","","",""
"Test cases for TestStore_GetAllFlags","0","TestStore_GetAllFlags","","Thu Jul 09 18:47:47 UTC 2026","passed","Thu Jul 09 18:47:47 UTC 2026","","Go Test","github.com/specterops/bloodhound/server/featureflags/internal/appdb/TestStore_GetAllFlags","TestStore_GetAllFlags"
"Test cases for TestLocalStore_PathSafety","60","TestLocalStore_PathSafety","","Thu Jul 09 18:47:43 UTC 2026","passed","Thu Jul 09 18:47:43 UTC 2026","","Go Test","github.com/specterops/bloodhound/packages/go/storage/TestLocalStore_PathSafety","TestLocalStore_PathSafety"
"Test cases for TestInt64SetValid","0","TestInt64SetValid","","Thu Jul 09 18:46:57 UTC 2026","passed","Thu Jul 09 18:46:57 UTC 2026","","Go Test","github.com/specterops/bloodhound/cmd/api/src/database/types/null/TestInt64SetValid","TestInt64SetValid"
"Test cases for TestMarshalBoolText","0","TestMarshalBoolText","","Thu Jul 09 18:46:57 UTC 2026","passed","Thu Jul 09 18:46:57 UTC 2026","","Go Test","github.com/specterops/bloodhound/cmd/api/src/database/types/null/TestMarshalBoolText","TestMarshalBoolText"
"Test cases for TestManagementResource_ListAuthProviders","1","TestManagementResource_ListAuthProviders","","Thu Jul 09 18:47:39 UTC 2026","passed","Thu Jul 09 18:47:39 UTC 2026","","Go Test","github.com/specterops/bloodhound/cmd/api/src/api/v2/auth/TestManagementResource_ListAuthProviders","TestManagementResource_ListAuthProviders"
"","11","does not return when zone limit is not reached","useTagLimits","Thu Jul 09 18:48:24 UTC 2026","passed","Thu Jul 09 18:48:24 UTC 2026","","","",""
"","1362","renders","Privilege Zones History Filter Dialog","Thu Jul 09 18:50:17 UTC 2026","passed","Thu Jul 09 18:50:18 UTC 2026","","","",""
"Test cases for TestResources_GetCertTemplateEntityInfo","215","TestResources_GetCertTemplateEntityInfo","","Thu Jul 09 18:46:52 UTC 2026","passed","Thu Jul 09 18:46:52 UTC 2026","","Go Test","github.com/specterops/bloodhound/cmd/api/src/api/v2/TestResources_GetCertTemplateEntityInfo","TestResources_GetCertTemplateEntityInfo"
"","72","fetches new information when a different databaseId is passed","useFetchEntityInfo","Thu Jul 09 18:50:36 UTC 2026","passed","Thu Jul 09 18:50:36 UTC 2026","","","",""
"Test cases for TestFloatScan","0","TestFloatScan","","Thu Jul 09 18:46:57 UTC 2026","passed","Thu Jul 09 18:46:57 UTC 2026","","Go Test","github.com/specterops/bloodhound/cmd/api/src/database/types/null/TestFloatScan","TestFloatScan"
"","566","renders no asset group edit options without graph write permissions","ContextMenu","Thu Jul 09 18:49:30 UTC 2026","passed","Thu Jul 09 18:49:31 UTC 2026","","","",""
"Test cases for TestResources_ListAssetGroupCollections","8","TestResources_ListAssetGroupCollections","","Thu Jul 09 18:46:52 UTC 2026","passed","Thu Jul 09 18:46:52 UTC 2026","","Go Test","github.com/specterops/bloodhound/cmd/api/src/api/v2/TestResources_ListAssetGroupCollections","TestResources_ListAssetGroupCollections"
"Test cases for TestLocalStore_List","31","TestLocalStore_List","","Thu Jul 09 18:47:43 UTC 2026","passed","Thu Jul 09 18:47:43 UTC 2026","","Go Test","github.com/specterops/bloodhound/packages/go/storage/TestLocalStore_List","TestLocalStore_List"
"","542","filters by the selected user","FileIngestFilterDialog","Thu Jul 09 18:49:16 UTC 2026","passed","Thu Jul 09 18:49:16 UTC 2026","","User Select","",""
"","1","fails for password without digits","testPassword","Thu Jul 09 18:52:57 UTC 2026","passed","Thu Jul 09 18:52:57 UTC 2026","","","",""
"Test cases for TestResources_ShareSavedQueriesPermissions_NonAdmin","6","TestResources_ShareSavedQueriesPermissions_NonAdmin","","Thu Jul 09 18:46:52 UTC 2026","passed","Thu Jul 09 18:46:52 UTC 2026","","Go Test","github.com/specterops/bloodhound/cmd/api/src/api/v2/TestResources_ShareSavedQueriesPermissions_NonAdmin","TestResources_ShareSavedQueriesPermissions_NonAdmin"
"","6","uses the default filename generator when exporting JSON","exportGraphData","Thu Jul 09 18:52:18 UTC 2026","passed","Thu Jul 09 18:52:18 UTC 2026","","","",""
"","350","renders","EarlyAccessFeaturesWarningDialog","Thu Jul 09 18:54:11 UTC 2026","passed","Thu Jul 09 18:54:12 UTC 2026","","","",""
"Test cases for TestStorageFileService_DeleteFile","4","TestStorageFileService_DeleteFile","","Thu Jul 09 18:47:43 UTC 2026","passed","Thu Jul 09 18:47:43 UTC 2026","","Go Test","github.com/specterops/bloodhound/packages/go/storage/TestStorageFileService_DeleteFile","TestStorageFileService_DeleteFile"
"Test cases for TestService_GetFlagByKey","0","TestService_GetFlagByKey","","Thu Jul 09 18:47:48 UTC 2026","passed","Thu Jul 09 18:47:48 UTC 2026","","Go Test","github.com/specterops/bloodhound/server/featureflags/internal/services/TestService_GetFlagByKey","TestService_GetFlagByKey"
"","18","returns the OpenGraph environmentInfo when environmentAggregation param is not a known type","useAvailableEnvironments","Thu Jul 09 18:50:27 UTC 2026","passed","Thu Jul 09 18:50:27 UTC 2026","","useSelectedEnvironment","",""
"Test cases for TestResources_ListADDomainForeignUsers","5","TestResources_ListADDomainForeignUsers","","Thu Jul 09 18:46:52 UTC 2026","passed","Thu Jul 09 18:46:52 UTC 2026","","Go Test","github.com/specterops/bloodhound/cmd/api/src/api/v2/TestResources_ListADDomainForeignUsers","TestResources_ListADDomainForeignUsers"
"Test cases for TestTenantRoles","0","TestTenantRoles","","Thu Jul 09 18:47:20 UTC 2026","passed","Thu Jul 09 18:47:20 UTC 2026","","Go Test","github.com/specterops/bloodhound/packages/go/analysis/azure/TestTenantRoles","TestTenantRoles"
"","67","shows an error notification if there is an error fetching","useFinishedJobs","Thu Jul 09 18:50:20 UTC 2026","passed","Thu Jul 09 18:50:20 UTC 2026","","","",""
"","182","should display a ""Reset Password"" button","UserProfile","Thu Jul 09 18:50:03 UTC 2026","passed","Thu Jul 09 18:50:03 UTC 2026","","","",""
"","2","does not add optional filters if not present","createHistoryParams","Thu Jul 09 18:52:09 UTC 2026","passed","Thu Jul 09 18:52:09 UTC 2026","","","",""
"","550","shows error notification when deletion fails","ActiveExtensionsCard","Thu Jul 09 18:48:11 UTC 2026","passed","Thu Jul 09 18:48:11 UTC 2026","","","",""
"Test cases for TestResources_GetEnterpriseCAEntityInfo","206","TestResources_GetEnterpriseCAEntityInfo","","Thu Jul 09 18:46:52 UTC 2026","passed","Thu Jul 09 18:46:52 UTC 2026","","Go Test","github.com/specterops/bloodhound/cmd/api/src/api/v2/TestResources_GetEnterpriseCAEntityInfo","TestResources_GetEnterpriseCAEntityInfo"
"","142","continue button is disabled when no SSO provider has been selected","LoginViaSSOForm","Thu Jul 09 18:51:24 UTC 2026","passed","Thu Jul 09 18:51:24 UTC 2026","","","",""
"Test cases for TestResources_UpdateSavedQuery_ErrorFetchingPublicStatus","0","TestResources_UpdateSavedQuery_ErrorFetchingPublicStatus","","Thu Jul 09 18:46:52 UTC 2026","passed","Thu Jul 09 18:46:52 UTC 2026","","Go Test","github.com/specterops/bloodhound/cmd/api/src/api/v2/TestResources_UpdateSavedQuery_ErrorFetchingPublicStatus","TestResources_UpdateSavedQuery_ErrorFetchingPublicStatus"
"Test cases for TestResources_GetSearchResult_ETAC","33","TestResources_GetSearchResult_ETAC","","Thu Jul 09 18:46:52 UTC 2026","passed","Thu Jul 09 18:46:52 UTC 2026","","Go Test","github.com/specterops/bloodhound/cmd/api/src/api/v2/TestResources_GetSearchResult_ETAC","TestResources_GetSearchResult_ETAC"
"","1","returns propertyKeys from all three kind property enums","graphSchema","Thu Jul 09 18:52:26 UTC 2026","passed","Thu Jul 09 18:52:26 UTC 2026","","","",""
"Test cases for TestOrphanFileSweeper_Clear","1","TestOrphanFileSweeper_Clear","","Thu Jul 09 18:46:55 UTC 2026","passed","Thu Jul 09 18:46:55 UTC 2026","","Go Test","github.com/specterops/bloodhound/cmd/api/src/daemons/datapipe/TestOrphanFileSweeper_Clear","TestOrphanFileSweeper_Clear"
"Test cases for TestAssetGroupMembers_SortBy","0","TestAssetGroupMembers_SortBy","","Thu Jul 09 18:46:41 UTC 2026","passed","Thu Jul 09 18:46:41 UTC 2026","","Go Test","github.com/specterops/bloodhound/cmd/api/src/api/TestAssetGroupMembers_SortBy","TestAssetGroupMembers_SortBy"
"","1","filters by active-directory platform","filterAndSearchEnvironments","Thu Jul 09 18:48:03 UTC 2026","passed","Thu Jul 09 18:48:03 UTC 2026","","platform filters","",""
"Test cases for TestOpenGraphSchemaService_DeleteExtension","2","TestOpenGraphSchemaService_DeleteExtension","","Thu Jul 09 18:47:04 UTC 2026","passed","Thu Jul 09 18:47:04 UTC 2026","","Go Test","github.com/specterops/bloodhound/cmd/api/src/services/opengraphschema/TestOpenGraphSchemaService_DeleteExtension","TestOpenGraphSchemaService_DeleteExtension"
"","345","sets a secondary=id and searchType=pathfinding when primary is truethy","ContextMenu","Thu Jul 09 18:49:32 UTC 2026","passed","Thu Jul 09 18:49:32 UTC 2026","","","",""
"","211","shows formatted expiration date (yyyy-MM-dd) when expires_at is set","UserTokenManagementDialog - API Expiration Date column","Thu Jul 09 18:49:29 UTC 2026","passed","Thu Jul 09 18:49:29 UTC 2026","","","",""
"","2535","requires a password to disable MFA for a user when logged in without SSO","Users","Thu Jul 09 18:49:23 UTC 2026","passed","Thu Jul 09 18:49:25 UTC 2026","","","",""
"Test cases for TestCache_FillFifo","1","TestCache_FillFifo","","Thu Jul 09 18:47:21 UTC 2026","passed","Thu Jul 09 18:47:21 UTC 2026","","Go Test","github.com/specterops/bloodhound/packages/go/cache/TestCache_FillFifo","TestCache_FillFifo"
"Test cases for TestManagementResource_ListUsers_InvalidColumn","0","TestManagementResource_ListUsers_InvalidColumn","","Thu Jul 09 18:46:58 UTC 2026","passed","Thu Jul 09 18:46:58 UTC 2026","","Go Test","github.com/specterops/bloodhound/cmd/api/src/api/v2/auth/TestManagementResource_ListUsers_InvalidColumn","TestManagementResource_ListUsers_InvalidColumn"
"","262","The edge properties are fetched through a cypher search which includes lastseen","EdgeObjectInformation","Thu Jul 09 18:51:02 UTC 2026","passed","Thu Jul 09 18:51:02 UTC 2026","","","",""
"","734","should call onSave when save button is clicked","SaveQueryDialog","Thu Jul 09 18:47:40 UTC 2026","passed","Thu Jul 09 18:47:41 UTC 2026","","","",""
"","1","runs a pathfinding search when the query param is set to ""pathfinding""","useExploreGraph","Thu Jul 09 18:49:05 UTC 2026","passed","Thu Jul 09 18:49:05 UTC 2026","","exploreGraphQueryFactory","",""
"Test cases for TestResources_DeleteSavedQuery_UserNotAdmin","0","TestResources_DeleteSavedQuery_UserNotAdmin","","Thu Jul 09 18:46:52 UTC 2026","passed","Thu Jul 09 18:46:52 UTC 2026","","Go Test","github.com/specterops/bloodhound/cmd/api/src/api/v2/TestResources_DeleteSavedQuery_UserNotAdmin","TestResources_DeleteSavedQuery_UserNotAdmin"
"","350","should fire ""onClose"" once","UserTokenManagementDialog","Thu Jul 09 18:49:27 UTC 2026","passed","Thu Jul 09 18:49:28 UTC 2026","","when user clicks ""Close"" button","",""
"Test cases for TestResources_PreviewSelectors","1","TestResources_PreviewSelectors","","Thu Jul 09 18:46:52 UTC 2026","passed","Thu Jul 09 18:46:52 UTC 2026","","Go Test","github.com/specterops/bloodhound/cmd/api/src/api/v2/TestResources_PreviewSelectors","TestResources_PreviewSelectors"
"Test cases for TestRewriter_Enter_NoShortcut_PreservesKinds","0","TestRewriter_Enter_NoShortcut_PreservesKinds","","Thu Jul 09 18:47:00 UTC 2026","passed","Thu Jul 09 18:47:00 UTC 2026","","Go Test","github.com/specterops/bloodhound/cmd/api/src/queries/TestRewriter_Enter_NoShortcut_PreservesKinds","TestRewriter_Enter_NoShortcut_PreservesKinds"
"","0","The user has yet to type into the search","Getting the text for the disabled item display for a search when there are no results","Thu Jul 09 18:51:59 UTC 2026","passed","Thu Jul 09 18:51:59 UTC 2026","","Empty data states","",""
"Test cases for TestResources_ExportSavedQueries","34","TestResources_ExportSavedQueries","","Thu Jul 09 18:46:52 UTC 2026","passed","Thu Jul 09 18:46:52 UTC 2026","","Go Test","github.com/specterops/bloodhound/cmd/api/src/api/v2/TestResources_ExportSavedQueries","TestResources_ExportSavedQueries"
"","0","returns false for arrays with different object references","areArraysSimilar","Thu Jul 09 18:52:35 UTC 2026","passed","Thu Jul 09 18:52:35 UTC 2026","","","",""
"","35","should display the checkbox group title","Checkbox group","Thu Jul 09 18:52:42 UTC 2026","passed","Thu Jul 09 18:52:42 UTC 2026","","","",""
"Test cases for TestStore_GetRelationship","0","TestStore_GetRelationship","","Thu Jul 09 18:47:48 UTC 2026","passed","Thu Jul 09 18:47:48 UTC 2026","","Go Test","github.com/specterops/bloodhound/server/graphdb/internal/appdb/TestStore_GetRelationship","TestStore_GetRelationship"
"Test cases for TestManagementResource_ListPermissions_SortingError","0","TestManagementResource_ListPermissions_SortingError","","Thu Jul 09 18:46:57 UTC 2026","passed","Thu Jul 09 18:46:57 UTC 2026","","Go Test","github.com/specterops/bloodhound/cmd/api/src/api/v2/auth/TestManagementResource_ListPermissions_SortingError","TestManagementResource_ListPermissions_SortingError"
"Test cases for TestBuildSQLSort","0","TestBuildSQLSort","","Thu Jul 09 18:46:41 UTC 2026","passed","Thu Jul 09 18:46:41 UTC 2026","","Go Test","github.com/specterops/bloodhound/cmd/api/src/api/TestBuildSQLSort","TestBuildSQLSort"
"","245","on clicking switch shows modal and when clicking confirm closes it and switch changes to enabled","CitrixRDPConfiguration","Thu Jul 09 18:49:56 UTC 2026","passed","Thu Jul 09 18:49:56 UTC 2026","","Click on switch to enable","",""
"","314","filling in the name value allows updating the selector and navigates back to the details page","Tag Form","Thu Jul 09 18:47:40 UTC 2026","passed","Thu Jul 09 18:47:41 UTC 2026","","","",""
"","3","returns undefined for headers when db config timeout limit setting is disabled and state of is disable query limit is false","useExploreGraph","Thu Jul 09 18:49:05 UTC 2026","passed","Thu Jul 09 18:49:05 UTC 2026","userSettings","exploreGraphQueryFactory","",""
"","270","toggles sort order when clicking sortable header","RulesAccordion","Thu Jul 09 18:50:56 UTC 2026","passed","Thu Jul 09 18:50:57 UTC 2026","","","",""
"","354","should disable Cancel and Save buttons while isLoading is true","CreateUserDialog","Thu Jul 09 18:48:34 UTC 2026","passed","Thu Jul 09 18:48:35 UTC 2026","","","",""
"Test cases for TestReadDomainIDandNameAsString","0","TestReadDomainIDandNameAsString","","Thu Jul 09 18:47:20 UTC 2026","passed","Thu Jul 09 18:47:20 UTC 2026","","Go Test","github.com/specterops/bloodhound/packages/go/analysis/ad/internal/nodeprops/TestReadDomainIDandNameAsString","TestReadDomainIDandNameAsString"
"","5980","closes explore search tab menu when search returns one node, entity info panel remains open","CypherSearch","Thu Jul 09 18:48:43 UTC 2026","passed","Thu Jul 09 18:48:49 UTC 2026","","Minimize explorer page elements when multiple nodes are returned","",""
"","44","should display a none selected header and a message to select an object","EntityInfoPanel","Thu Jul 09 18:52:03 UTC 2026","passed","Thu Jul 09 18:52:04 UTC 2026","","","",""
"","493","calls handleFilterChange when a node type is selected","AssetGroupEdit","Thu Jul 09 18:49:49 UTC 2026","passed","Thu Jul 09 18:49:50 UTC 2026","","Node Type dropdown filter","",""
"Test cases for Test_sortAndSliceResults_limit","0","Test_sortAndSliceResults_limit","","Thu Jul 09 18:47:00 UTC 2026","passed","Thu Jul 09 18:47:00 UTC 2026","","Go Test","github.com/specterops/bloodhound/cmd/api/src/queries/Test_sortAndSliceResults_limit","Test_sortAndSliceResults_limit"
"","175","renders a confirm dialg","ConfirmDeleteQueryDialog","Thu Jul 09 18:52:53 UTC 2026","passed","Thu Jul 09 18:52:53 UTC 2026","","","",""
"Test cases for TestManagementResource_ListPermissions_InvalidFilterPredicate","0","TestManagementResource_ListPermissions_InvalidFilterPredicate","","Thu Jul 09 18:46:57 UTC 2026","passed","Thu Jul 09 18:46:57 UTC 2026","","Go Test","github.com/specterops/bloodhound/cmd/api/src/api/v2/auth/TestManagementResource_ListPermissions_InvalidFilterPredicate","TestManagementResource_ListPermissions_InvalidFilterPredicate"
"Test cases for TestCache_Reset","0","TestCache_Reset","","Thu Jul 09 18:47:21 UTC 2026","passed","Thu Jul 09 18:47:21 UTC 2026","","Go Test","github.com/specterops/bloodhound/packages/go/cache/TestCache_Reset","TestCache_Reset"
"","431","should display CreateUserTokenDialog","UserTokenManagementDialog","Thu Jul 09 18:49:28 UTC 2026","passed","Thu Jul 09 18:49:28 UTC 2026","","when user clicks ""Create Token"" button","",""
"","0","should exclude tags and operations that do not match the term","opsFilter","Thu Jul 09 18:52:00 UTC 2026","passed","Thu Jul 09 18:52:00 UTC 2026","","","",""
"","369","Selecting an edge with a Computer target node that haslaps is enabled shows correct Windows Abuse text","EdgeInfoContent","Thu Jul 09 18:48:08 UTC 2026","passed","Thu Jul 09 18:48:09 UTC 2026","","","",""
"","203","a timeout response from the server is handled","ExploreSearchCombobox with search timeout","Thu Jul 09 18:49:52 UTC 2026","passed","Thu Jul 09 18:49:52 UTC 2026","","","",""
"","319","should not display generate/revoke api tokens button","User Actions Menu","Thu Jul 09 18:50:32 UTC 2026","passed","Thu Jul 09 18:50:32 UTC 2026","","Api Keys","",""
"Test cases for TestResources_DeleteSavedQuery_NotAUserAuth","0","TestResources_DeleteSavedQuery_NotAUserAuth","","Thu Jul 09 18:46:52 UTC 2026","passed","Thu Jul 09 18:46:52 UTC 2026","","Go Test","github.com/specterops/bloodhound/cmd/api/src/api/v2/TestResources_DeleteSavedQuery_NotAUserAuth","TestResources_DeleteSavedQuery_NotAUserAuth"
"","172","calls onClose when user clicks cancel","PasswordDialog","Thu Jul 09 18:48:19 UTC 2026","passed","Thu Jul 09 18:48:19 UTC 2026","","","",""
"Test cases for TestExpireUserAuthSecret_Failure","0","TestExpireUserAuthSecret_Failure","","Thu Jul 09 18:46:58 UTC 2026","passed","Thu Jul 09 18:46:58 UTC 2026","","Go Test","github.com/specterops/bloodhound/cmd/api/src/api/v2/auth/TestExpireUserAuthSecret_Failure","TestExpireUserAuthSecret_Failure"
"","361","does fires TagToLabelDialog when the Label option is clicked","TagToZoneLabel","Thu Jul 09 18:47:59 UTC 2026","passed","Thu Jul 09 18:47:59 UTC 2026","","","",""
"","2741","should render expand all and collapse all buttons","Pathfinding","Thu Jul 09 18:48:20 UTC 2026","passed","Thu Jul 09 18:48:23 UTC 2026","","","",""
"Test cases for TestStore_GetFlagByKey","0","TestStore_GetFlagByKey","","Thu Jul 09 18:47:47 UTC 2026","passed","Thu Jul 09 18:47:47 UTC 2026","","Go Test","github.com/specterops/bloodhound/server/featureflags/internal/appdb/TestStore_GetFlagByKey","TestStore_GetFlagByKey"
"Test cases for TestAddOrderByToNeo4jQuery_NoOrderByClause","1","TestAddOrderByToNeo4jQuery_NoOrderByClause","","Thu Jul 09 18:46:52 UTC 2026","passed","Thu Jul 09 18:46:52 UTC 2026","","Go Test","github.com/specterops/bloodhound/cmd/api/src/api/v2/TestAddOrderByToNeo4jQuery_NoOrderByClause","TestAddOrderByToNeo4jQuery_NoOrderByClause"
"Test cases for TestResources_CypherQuery","128","TestResources_CypherQuery","","Thu Jul 09 18:46:52 UTC 2026","passed","Thu Jul 09 18:46:52 UTC 2026","","Go Test","github.com/specterops/bloodhound/cmd/api/src/api/v2/TestResources_CypherQuery","TestResources_CypherQuery"
"","4","returns empty array when environments is empty","filterAndSearchEnvironments","Thu Jul 09 18:48:03 UTC 2026","passed","Thu Jul 09 18:48:03 UTC 2026","","with empty environments","",""
"Test cases for TestWriteCSV","0","TestWriteCSV","","Thu Jul 09 18:47:26 UTC 2026","passed","Thu Jul 09 18:47:26 UTC 2026","","Go Test","github.com/specterops/bloodhound/packages/go/responses/TestWriteCSV","TestWriteCSV"
"Test cases for TestStringFrom","0","TestStringFrom","","Thu Jul 09 18:46:57 UTC 2026","passed","Thu Jul 09 18:46:57 UTC 2026","","Go Test","github.com/specterops/bloodhound/cmd/api/src/database/types/null/TestStringFrom","TestStringFrom"
"","2","removes the key when null is passed to the setter","useLocalStorage","Thu Jul 09 18:50:10 UTC 2026","passed","Thu Jul 09 18:50:10 UTC 2026","","setValue","",""
"","143","returns false when no nodes are available","useGraphHasData","Thu Jul 09 18:52:24 UTC 2026","passed","Thu Jul 09 18:52:24 UTC 2026","","","",""
"","23","does not render count for a selected zone if prop is not set","DynamicDetails","Thu Jul 09 18:50:09 UTC 2026","passed","Thu Jul 09 18:50:09 UTC 2026","","","",""
"","464","accepts a valid file and allows the user to continue through the upload process","File Upload","Thu Jul 09 18:50:05 UTC 2026","passed","Thu Jul 09 18:50:05 UTC 2026","","","",""
"Test cases for TestPreMigrationDaemonsResolvesRetainedFileService","4","TestPreMigrationDaemonsResolvesRetainedFileService","","Thu Jul 09 18:47:01 UTC 2026","passed","Thu Jul 09 18:47:01 UTC 2026","","Go Test","github.com/specterops/bloodhound/cmd/api/src/services/TestPreMigrationDaemonsResolvesRetainedFileService","TestPreMigrationDaemonsResolvesRetainedFileService"
"","517","renders the form for creating a new zone","Tag Form","Thu Jul 09 18:47:38 UTC 2026","passed","Thu Jul 09 18:47:39 UTC 2026","","","",""
"","336","renders a graph if the query has any node edges","GraphView","Thu Jul 09 18:53:28 UTC 2026","passed","Thu Jul 09 18:53:28 UTC 2026","","","",""
"","150","should display the ""My Profile"" title","UserProfile","Thu Jul 09 18:50:02 UTC 2026","passed","Thu Jul 09 18:50:02 UTC 2026","","","",""
"Test cases for TestUnmarshalInt64","0","TestUnmarshalInt64","","Thu Jul 09 18:46:57 UTC 2026","passed","Thu Jul 09 18:46:57 UTC 2026","","Go Test","github.com/specterops/bloodhound/cmd/api/src/database/types/null/TestUnmarshalInt64","TestUnmarshalInt64"
"","0","The node radius is adjusted for nodes that have their ""highlighted"" property set to true since the highlight adds some padding","getNodeRadius","Thu Jul 09 18:54:01 UTC 2026","passed","Thu Jul 09 18:54:01 UTC 2026","","","",""
"Copyright 2021 The Go Authors. All rights reserved.TestConcat was ripped from go1.22 source and should be replaced with the stdlib implementation when we move to 1.22Original source: https:","0","TestConcat_too_large","","Thu Jul 09 18:47:39 UTC 2026","passed","Thu Jul 09 18:47:39 UTC 2026","","Go Test","github.com/specterops/bloodhound/packages/go/slicesext/TestConcat_too_large","TestConcat_too_large"
"","581","sets exploreSearchTab param to cypher when the user clicks the `cypher` tab","ExploreSearch sets searchType on tab changing","Thu Jul 09 18:53:35 UTC 2026","passed","Thu Jul 09 18:53:36 UTC 2026","","","",""
"","101","renders the title as a visible h1 heading","PageWithTitle","Thu Jul 09 18:52:57 UTC 2026","passed","Thu Jul 09 18:52:57 UTC 2026","","","",""
"Test cases for TestParseOptionalBool","0","TestParseOptionalBool","","Thu Jul 09 18:46:41 UTC 2026","passed","Thu Jul 09 18:46:41 UTC 2026","","Go Test","github.com/specterops/bloodhound/cmd/api/src/api/TestParseOptionalBool","TestParseOptionalBool"
"","172","renders a graph view","GraphView","Thu Jul 09 18:53:25 UTC 2026","passed","Thu Jul 09 18:53:25 UTC 2026","","","",""
"Test cases for Test_sortAndSliceResults_sorting","0","Test_sortAndSliceResults_sorting","","Thu Jul 09 18:47:00 UTC 2026","passed","Thu Jul 09 18:47:00 UTC 2026","","Go Test","github.com/specterops/bloodhound/cmd/api/src/queries/Test_sortAndSliceResults_sorting","Test_sortAndSliceResults_sorting"
"Test cases for TestStore_Exists","60","TestStore_Exists","","Thu Jul 09 18:47:43 UTC 2026","passed","Thu Jul 09 18:47:43 UTC 2026","","Go Test","github.com/specterops/bloodhound/packages/go/storage/TestStore_Exists","TestStore_Exists"
"","517","calls openSAMLProviderDialog when SAML Provider menu item is clicked","CreateMenu","Thu Jul 09 18:49:51 UTC 2026","passed","Thu Jul 09 18:49:52 UTC 2026","","oidc_support feature flag enabled","",""
"","1","lastlogon, lastlogontimestamp","Handling value formatting for Active Directory entity properties lastlogon, lastlogontimestamp, whencreated, and pwdlastset","Thu Jul 09 18:49:44 UTC 2026","passed","Thu Jul 09 18:49:44 UTC 2026","","","",""
"","279","should display ""Close"" button","UserTokenManagementDialog","Thu Jul 09 18:49:27 UTC 2026","passed","Thu Jul 09 18:49:27 UTC 2026","","","",""
"","79","should hide Environmental Targeted Access Control panel when showEnvironmentAccessControls prop is false","UpdateUserForm","Thu Jul 09 18:47:53 UTC 2026","passed","Thu Jul 09 18:47:53 UTC 2026","","","",""
"Test cases for TestService_GetNode","0","TestService_GetNode","","Thu Jul 09 18:47:50 UTC 2026","passed","Thu Jul 09 18:47:50 UTC 2026","","Go Test","github.com/specterops/bloodhound/server/graphdb/internal/services/TestService_GetNode","TestService_GetNode"
"","117","Calls the `Base` endpoint for a LocalGroup type node","EntityObjectInformation","Thu Jul 09 18:50:39 UTC 2026","passed","Thu Jul 09 18:50:39 UTC 2026","","","",""
"","10","constructs correct URLSearchParams with all filters","createHistoryParams","Thu Jul 09 18:52:09 UTC 2026","passed","Thu Jul 09 18:52:09 UTC 2026","","","",""
"","479","should accept passwords with emojis","CreateUserForm","Thu Jul 09 18:48:19 UTC 2026","passed","Thu Jul 09 18:48:20 UTC 2026","","","",""
"","203","Hides selector information if additionalSections is false","EntityInfoDataTableList","Thu Jul 09 18:50:57 UTC 2026","passed","Thu Jul 09 18:50:57 UTC 2026","","","",""
"Test cases for TestGetVersion","0","TestGetVersion","","Thu Jul 09 18:46:52 UTC 2026","passed","Thu Jul 09 18:46:52 UTC 2026","","Go Test","github.com/specterops/bloodhound/cmd/api/src/api/v2/TestGetVersion","TestGetVersion"
"","627","clear validation error on input","ManagedDatePicker - date validation","Thu Jul 09 18:50:41 UTC 2026","passed","Thu Jul 09 18:50:41 UTC 2026","","","",""
"Test cases for TestIngestControl_FetchRetainedIngestFiles","21","TestIngestControl_FetchRetainedIngestFiles","","Thu Jul 09 18:46:45 UTC 2026","passed","Thu Jul 09 18:46:45 UTC 2026","","Go Test","github.com/specterops/bloodhound/cmd/api/src/api/tools/TestIngestControl_FetchRetainedIngestFiles","TestIngestControl_FetchRetainedIngestFiles"
"","64","when there is no ID in the URL the highest position tag ID is returned","usePZQueryParams","Thu Jul 09 18:51:06 UTC 2026","passed","Thu Jul 09 18:51:06 UTC 2026","","","",""
"Test cases for TestNewFeatureFlagRequestAdapter","0","TestNewFeatureFlagRequestAdapter","","Thu Jul 09 18:47:47 UTC 2026","passed","Thu Jul 09 18:47:47 UTC 2026","","Go Test","github.com/specterops/bloodhound/server/featureflags/TestNewFeatureFlagRequestAdapter","TestNewFeatureFlagRequestAdapter"
"","13","does not request finished jobs if lacking permission","useFinishedJobs","Thu Jul 09 18:50:20 UTC 2026","passed","Thu Jul 09 18:50:20 UTC 2026","","","",""
"Test cases for TestManagementResource_ListAuthTokens_SortingError","0","TestManagementResource_ListAuthTokens_SortingError","","Thu Jul 09 18:47:22 UTC 2026","passed","Thu Jul 09 18:47:22 UTC 2026","","Go Test","github.com/specterops/bloodhound/cmd/api/src/api/v2/auth/TestManagementResource_ListAuthTokens_SortingError","TestManagementResource_ListAuthTokens_SortingError"
"","174","respects openIndex (default opened panel)","<DetailsAccordion />","Thu Jul 09 18:49:37 UTC 2026","passed","Thu Jul 09 18:49:37 UTC 2026","","","",""
"","158","should show a copy button if the cells text if the cell is not a boolean","ExploreTableDataCell","Thu Jul 09 18:52:15 UTC 2026","passed","Thu Jul 09 18:52:16 UTC 2026","","","",""
"","141","displays a table of completed ingest logs","FileIngest","Thu Jul 09 18:51:27 UTC 2026","passed","Thu Jul 09 18:51:27 UTC 2026","","","",""
"Test cases for TestResources_ListRootCAPKIHierarchy","1","TestResources_ListRootCAPKIHierarchy","","Thu Jul 09 18:46:52 UTC 2026","passed","Thu Jul 09 18:46:52 UTC 2026","","Go Test","github.com/specterops/bloodhound/cmd/api/src/api/v2/TestResources_ListRootCAPKIHierarchy","TestResources_ListRootCAPKIHierarchy"
"","0","escapes multiple single quotes","escapeCypherString","Thu Jul 09 18:52:52 UTC 2026","passed","Thu Jul 09 18:52:52 UTC 2026","","","",""
"","863","displays must be new password error messages when current password is the same as new password","PasswordDialog","Thu Jul 09 18:48:22 UTC 2026","passed","Thu Jul 09 18:48:23 UTC 2026","","","",""
"Test cases for TestNormalizePath","5","TestNormalizePath","","Thu Jul 09 18:47:43 UTC 2026","passed","Thu Jul 09 18:47:43 UTC 2026","","Go Test","github.com/specterops/bloodhound/packages/go/storage/TestNormalizePath","TestNormalizePath"
"","269","renders analyze now section","AnalyzeNowConfiguration","Thu Jul 09 18:50:09 UTC 2026","passed","Thu Jul 09 18:50:09 UTC 2026","","","",""
"","103","shows the Automatic Certification label and the zone-level disabled message","BasicInfo","Thu Jul 09 18:50:24 UTC 2026","passed","Thu Jul 09 18:50:24 UTC 2026","","when isCertificationDisabledOnZoneLevel is false","",""
"","157","should fire Cancel once with false","ConfirmationDialog","Thu Jul 09 18:52:45 UTC 2026","passed","Thu Jul 09 18:52:45 UTC 2026","","","",""
"Test cases for TestResources_ListAuditLogs_PredicateMismatchWithColumn","0","TestResources_ListAuditLogs_PredicateMismatchWithColumn","","Thu Jul 09 18:46:52 UTC 2026","passed","Thu Jul 09 18:46:52 UTC 2026","","Go Test","github.com/specterops/bloodhound/cmd/api/src/api/v2/TestResources_ListAuditLogs_PredicateMismatchWithColumn","TestResources_ListAuditLogs_PredicateMismatchWithColumn"
"","196","calls setExploreParams with only the expandedSection label when selecting any accordion that is not composition","EdgeInfoContent","Thu Jul 09 18:48:10 UTC 2026","passed","Thu Jul 09 18:48:10 UTC 2026","","EdgeInfoContent support for Deep Linking","",""
"Test cases for TestIngestControl_DisableIngestFileRetention","19","TestIngestControl_DisableIngestFileRetention","","Thu Jul 09 18:46:45 UTC 2026","passed","Thu Jul 09 18:46:45 UTC 2026","","Go Test","github.com/specterops/bloodhound/cmd/api/src/api/tools/TestIngestControl_DisableIngestFileRetention","TestIngestControl_DisableIngestFileRetention"
"","2167","should render search input","Pathfinding","Thu Jul 09 18:48:18 UTC 2026","passed","Thu Jul 09 18:48:20 UTC 2026","","","",""
"","0","abbreviates thousands, millions, billions, trillions as expected","numberFormatting","Thu Jul 09 18:50:48 UTC 2026","passed","Thu Jul 09 18:50:48 UTC 2026","","","",""
"Test cases for TestManagementResource_UpdateUser_DBError","999","TestManagementResource_UpdateUser_DBError","","Thu Jul 09 18:47:13 UTC 2026","passed","Thu Jul 09 18:47:14 UTC 2026","","Go Test","github.com/specterops/bloodhound/cmd/api/src/api/v2/auth/TestManagementResource_UpdateUser_DBError","TestManagementResource_UpdateUser_DBError"
"Test cases for TestBHCEStaticHandler","21","TestBHCEStaticHandler","","Thu Jul 09 18:46:45 UTC 2026","passed","Thu Jul 09 18:46:45 UTC 2026","","Go Test","github.com/specterops/bloodhound/cmd/api/src/api/static/TestBHCEStaticHandler","TestBHCEStaticHandler"
"Test cases for TestConvertAzureSubscriptionContributorToRels","1","TestConvertAzureSubscriptionContributorToRels","","Thu Jul 09 18:47:21 UTC 2026","passed","Thu Jul 09 18:47:21 UTC 2026","","Go Test","github.com/specterops/bloodhound/packages/go/ein/TestConvertAzureSubscriptionContributorToRels","TestConvertAzureSubscriptionContributorToRels"
"Test cases for TestParseOptionalLimitQueryParameter","70","TestParseOptionalLimitQueryParameter","","Thu Jul 09 18:46:52 UTC 2026","passed","Thu Jul 09 18:46:52 UTC 2026","","Go Test","github.com/specterops/bloodhound/cmd/api/src/api/v2/TestParseOptionalLimitQueryParameter","TestParseOptionalLimitQueryParameter"
"","0","returns empty array when environments is undefined","filterAndSearchEnvironments","Thu Jul 09 18:48:03 UTC 2026","passed","Thu Jul 09 18:48:03 UTC 2026","","with empty environments","",""
"","412","handles removing from a tier zero asset group","AssetGroupMenuItem","Thu Jul 09 18:53:26 UTC 2026","passed","Thu Jul 09 18:53:26 UTC 2026","","removing from an asset group","",""
"Test cases for TestRegister_PanicsOnNilRateLimitMiddleware","0","TestRegister_PanicsOnNilRateLimitMiddleware","","Thu Jul 09 18:47:50 UTC 2026","passed","Thu Jul 09 18:47:50 UTC 2026","","Go Test","github.com/specterops/bloodhound/server/modules/TestRegister_PanicsOnNilRateLimitMiddleware","TestRegister_PanicsOnNilRateLimitMiddleware"
"","0","escapes a single quote","escapeCypherString","Thu Jul 09 18:52:52 UTC 2026","passed","Thu Jul 09 18:52:52 UTC 2026","","","",""
"Test cases for TestIntEqual","0","TestIntEqual","","Thu Jul 09 18:46:57 UTC 2026","passed","Thu Jul 09 18:46:57 UTC 2026","","Go Test","github.com/specterops/bloodhound/cmd/api/src/database/types/null/TestIntEqual","TestIntEqual"
"Test cases for TestLocalStore_Get","41","TestLocalStore_Get","","Thu Jul 09 18:47:43 UTC 2026","passed","Thu Jul 09 18:47:43 UTC 2026","","Go Test","github.com/specterops/bloodhound/packages/go/storage/TestLocalStore_Get","TestLocalStore_Get"
"Test cases for TestUnmarshalString","0","TestUnmarshalString","","Thu Jul 09 18:46:57 UTC 2026","passed","Thu Jul 09 18:46:57 UTC 2026","","Go Test","github.com/specterops/bloodhound/cmd/api/src/database/types/null/TestUnmarshalString","TestUnmarshalString"
"Test cases for Test_UseHooks","0","Test_UseHooks","","Thu Jul 09 18:47:22 UTC 2026","passed","Thu Jul 09 18:47:22 UTC 2026","","Go Test","github.com/specterops/bloodhound/packages/go/lab/Test_UseHooks","Test_UseHooks"
"Test cases for TestIntValueOrZero","0","TestIntValueOrZero","","Thu Jul 09 18:46:57 UTC 2026","passed","Thu Jul 09 18:46:57 UTC 2026","","Go Test","github.com/specterops/bloodhound/cmd/api/src/database/types/null/TestIntValueOrZero","TestIntValueOrZero"
"Test cases for TestResources_DeleteExtension","67","TestResources_DeleteExtension","","Thu Jul 09 18:46:52 UTC 2026","passed","Thu Jul 09 18:46:52 UTC 2026","","Go Test","github.com/specterops/bloodhound/cmd/api/src/api/v2/TestResources_DeleteExtension","TestResources_DeleteExtension"
"Test cases for TestConvertComputerToNode","0","TestConvertComputerToNode","","Thu Jul 09 18:47:21 UTC 2026","passed","Thu Jul 09 18:47:21 UTC 2026","","Go Test","github.com/specterops/bloodhound/packages/go/ein/TestConvertComputerToNode","TestConvertComputerToNode"
"Test cases for TestNewLocalStore","55","TestNewLocalStore","","Thu Jul 09 18:47:43 UTC 2026","passed","Thu Jul 09 18:47:43 UTC 2026","","Go Test","github.com/specterops/bloodhound/packages/go/storage/TestNewLocalStore","TestNewLocalStore"
"Test cases for TestRewriter_Enter_ADAttackPathsShortcut_ReplacesKinds","0","TestRewriter_Enter_ADAttackPathsShortcut_ReplacesKinds","","Thu Jul 09 18:47:00 UTC 2026","passed","Thu Jul 09 18:47:00 UTC 2026","","Go Test","github.com/specterops/bloodhound/cmd/api/src/queries/TestRewriter_Enter_ADAttackPathsShortcut_ReplacesKinds","TestRewriter_Enter_ADAttackPathsShortcut_ReplacesKinds"
"","16","allows you to update the list of selected filters, only updating the url after calling the apply function","usePathfindingFilters","Thu Jul 09 18:52:21 UTC 2026","passed","Thu Jul 09 18:52:21 UTC 2026","","","",""
"","849","calls the passed in select handler when clicking the Confirm button","Glyph Select Dialog","Thu Jul 09 18:52:34 UTC 2026","passed","Thu Jul 09 18:52:35 UTC 2026","","","",""
"","243","should render an SavedQueryPermissions component","SaveQueryDialog","Thu Jul 09 18:47:41 UTC 2026","passed","Thu Jul 09 18:47:41 UTC 2026","","","",""
"","1853","when user performs a pathfinding search, the selection for the start node is carried over to the `search` tab","ExploreSearch interaction","Thu Jul 09 18:53:37 UTC 2026","passed","Thu Jul 09 18:53:39 UTC 2026","","","",""
"Test cases for TestParseAndValidate_Errors","0","TestParseAndValidate_Errors","","Thu Jul 09 18:47:21 UTC 2026","passed","Thu Jul 09 18:47:21 UTC 2026","","Go Test","github.com/specterops/bloodhound/packages/go/filters/TestParseAndValidate_Errors","TestParseAndValidate_Errors"
"","668","should sort by type","SSOProviderTable","Thu Jul 09 18:51:35 UTC 2026","passed","Thu Jul 09 18:51:36 UTC 2026","","","",""
"","1","filters by multiple platforms","filterAndSearchEnvironments","Thu Jul 09 18:48:03 UTC 2026","passed","Thu Jul 09 18:48:03 UTC 2026","","platform filters","",""
"Test cases for TestWriteAndValidateZip","0","TestWriteAndValidateZip","","Thu Jul 09 18:47:07 UTC 2026","passed","Thu Jul 09 18:47:07 UTC 2026","","Go Test","github.com/specterops/bloodhound/cmd/api/src/services/upload/TestWriteAndValidateZip","TestWriteAndValidateZip"
"Test cases for TestResources_CreateAssetGroupTagSelector","0","TestResources_CreateAssetGroupTagSelector","","Thu Jul 09 18:46:52 UTC 2026","passed","Thu Jul 09 18:46:52 UTC 2026","","Go Test","github.com/specterops/bloodhound/cmd/api/src/api/v2/TestResources_CreateAssetGroupTagSelector","TestResources_CreateAssetGroupTagSelector"
"Test cases for TestDetectBOMEncoding","1","TestDetectBOMEncoding","","Thu Jul 09 18:47:21 UTC 2026","passed","Thu Jul 09 18:47:21 UTC 2026","","Go Test","github.com/specterops/bloodhound/packages/go/bomenc/TestDetectBOMEncoding","TestDetectBOMEncoding"
"Test cases for TestResources_StartIngestJob","104","TestResources_StartIngestJob","","Thu Jul 09 18:46:52 UTC 2026","passed","Thu Jul 09 18:46:52 UTC 2026","","Go Test","github.com/specterops/bloodhound/cmd/api/src/api/v2/TestResources_StartIngestJob","TestResources_StartIngestJob"
"","116","renders details for a selected rule and is of type ""Cypher""","DynamicDetails","Thu Jul 09 18:50:09 UTC 2026","passed","Thu Jul 09 18:50:09 UTC 2026","","","",""
"","63","should on clicking remove call clearSelectedItem","EdgeInfoHeader","Thu Jul 09 18:51:36 UTC 2026","passed","Thu Jul 09 18:51:36 UTC 2026","","","",""
"","1006","should not call onSubmit when password does not match confirmation password when reset password button clicked","PasswordResetForm","Thu Jul 09 18:50:30 UTC 2026","passed","Thu Jul 09 18:50:31 UTC 2026","","","",""
"","1468","should display all available SSO providers","CreateUserDialog","Thu Jul 09 18:48:33 UTC 2026","passed","Thu Jul 09 18:48:34 UTC 2026","","","",""
"Test cases for TestManagementResource_SAMLLoginRedirect","13","TestManagementResource_SAMLLoginRedirect","","Thu Jul 09 18:47:39 UTC 2026","passed","Thu Jul 09 18:47:39 UTC 2026","","Go Test","github.com/specterops/bloodhound/cmd/api/src/api/v2/auth/TestManagementResource_SAMLLoginRedirect","TestManagementResource_SAMLLoginRedirect"
"","1","reports when API error response has errors array","handleError","Thu Jul 09 18:49:07 UTC 2026","passed","Thu Jul 09 18:49:07 UTC 2026","","","",""
"","0","should hide/expand search widget when user clicks minus/plus button","ExploreSearch rendering per tab","Thu Jul 09 18:54:15 UTC 2026","unknown","Thu Jul 09 18:54:15 UTC 2026","","","",""
"Test cases for TestDisenrollMFA_Admin_SuccessNoPasswordSSO","1562","TestDisenrollMFA_Admin_SuccessNoPasswordSSO","","Thu Jul 09 18:47:32 UTC 2026","passed","Thu Jul 09 18:47:33 UTC 2026","","Go Test","github.com/specterops/bloodhound/cmd/api/src/api/v2/auth/TestDisenrollMFA_Admin_SuccessNoPasswordSSO","TestDisenrollMFA_Admin_SuccessNoPasswordSSO"
"","68","populates the node search field when the 'primarySearch' query param is set","useNodeSearch","Thu Jul 09 18:52:03 UTC 2026","passed","Thu Jul 09 18:52:03 UTC 2026","","","",""
"","55","returns undefined for sort params when no initial state is provided","useSortParams","Thu Jul 09 18:51:23 UTC 2026","passed","Thu Jul 09 18:51:23 UTC 2026","","","",""
"","20","does not render the tooltip icon when tooltipText prop is not passed","ColumnHeaders","Thu Jul 09 18:50:44 UTC 2026","passed","Thu Jul 09 18:50:44 UTC 2026","","SortableHeader with Tooltip","",""
"Test cases for TestDatabase_GetAssetGroupTag","0","TestDatabase_GetAssetGroupTag","","Thu Jul 09 18:46:52 UTC 2026","passed","Thu Jul 09 18:46:52 UTC 2026","","Go Test","github.com/specterops/bloodhound/cmd/api/src/api/v2/TestDatabase_GetAssetGroupTag","TestDatabase_GetAssetGroupTag"
"Test cases for TestNewService","0","TestNewService","","Thu Jul 09 18:47:48 UTC 2026","passed","Thu Jul 09 18:47:48 UTC 2026","","Go Test","github.com/specterops/bloodhound/server/featureflags/internal/services/TestNewService","TestNewService"
"Test cases for TestResources_UpdateSavedQuery_OwnPublicQuery_Success","0","TestResources_UpdateSavedQuery_OwnPublicQuery_Success","","Thu Jul 09 18:46:52 UTC 2026","passed","Thu Jul 09 18:46:52 UTC 2026","","Go Test","github.com/specterops/bloodhound/cmd/api/src/api/v2/TestResources_UpdateSavedQuery_OwnPublicQuery_Success","TestResources_UpdateSavedQuery_OwnPublicQuery_Success"
"Helper to verify that encodeAnyValue handles standard types correctly","0","TestEncodeAnyValue","","Thu Jul 09 18:47:03 UTC 2026","passed","Thu Jul 09 18:47:03 UTC 2026","","Go Test","github.com/specterops/bloodhound/cmd/api/src/services/graphify/endpoint/TestEncodeAnyValue","TestEncodeAnyValue"
"Test cases for TestResources_GetShortestPath","9","TestResources_GetShortestPath","","Thu Jul 09 18:46:52 UTC 2026","passed","Thu Jul 09 18:46:52 UTC 2026","","Go Test","github.com/specterops/bloodhound/cmd/api/src/api/v2/TestResources_GetShortestPath","TestResources_GetShortestPath"
"","111","should display an error when error prop is truthy","SaveQueryDialog","Thu Jul 09 18:47:41 UTC 2026","passed","Thu Jul 09 18:47:41 UTC 2026","","","",""
"","138","does not show View in Explore if in object rule type","Seed Selection Results","Thu Jul 09 18:49:32 UTC 2026","passed","Thu Jul 09 18:49:32 UTC 2026","","","",""
"Test cases for TestClearLocalIngestScratch","36","TestClearLocalIngestScratch","","Thu Jul 09 18:46:55 UTC 2026","passed","Thu Jul 09 18:46:55 UTC 2026","","Go Test","github.com/specterops/bloodhound/cmd/api/src/daemons/datapipe/TestClearLocalIngestScratch","TestClearLocalIngestScratch"
"","1","combines platform and risk filters","filterAndSearchEnvironments","Thu Jul 09 18:48:03 UTC 2026","passed","Thu Jul 09 18:48:03 UTC 2026","","combined filters","",""
"Test cases for TestAssetGroupMembers_Filter_NotEquals","0","TestAssetGroupMembers_Filter_NotEquals","","Thu Jul 09 18:46:41 UTC 2026","passed","Thu Jul 09 18:46:41 UTC 2026","","Go Test","github.com/specterops/bloodhound/cmd/api/src/api/TestAssetGroupMembers_Filter_NotEquals","TestAssetGroupMembers_Filter_NotEquals"
"","26","sets autoDisplayTable to false if query returns edges","useExploreTableAutoDisplay","Thu Jul 09 18:51:48 UTC 2026","passed","Thu Jul 09 18:51:48 UTC 2026","","","",""
"Test cases for TestIntPointer","0","TestIntPointer","","Thu Jul 09 18:46:57 UTC 2026","passed","Thu Jul 09 18:46:57 UTC 2026","","Go Test","github.com/specterops/bloodhound/cmd/api/src/database/types/null/TestIntPointer","TestIntPointer"
"","2","reads and parses an existing value from localStorage","useLocalStorage","Thu Jul 09 18:50:10 UTC 2026","passed","Thu Jul 09 18:50:10 UTC 2026","","initial value","",""
"","0","should compute the length of a line segment","bezier","Thu Jul 09 18:53:52 UTC 2026","passed","Thu Jul 09 18:53:52 UTC 2026","","","",""
"","0","accepts a sort and compare function","areArraysSimilar","Thu Jul 09 18:52:35 UTC 2026","passed","Thu Jul 09 18:52:35 UTC 2026","","","",""
"","55","displays security warning","Enable2FADialog","Thu Jul 09 18:51:39 UTC 2026","passed","Thu Jul 09 18:51:39 UTC 2026","","","",""
"Test cases for TestErrorReadDomainSIDandNameAsString","0","TestErrorReadDomainSIDandNameAsString","","Thu Jul 09 18:47:20 UTC 2026","passed","Thu Jul 09 18:47:20 UTC 2026","","Go Test","github.com/specterops/bloodhound/packages/go/analysis/ad/internal/nodeprops/TestErrorReadDomainSIDandNameAsString","TestErrorReadDomainSIDandNameAsString"
"","538","should render inputs, labels, and action buttons","UpsertSAMLProviderForm","Thu Jul 09 18:51:50 UTC 2026","passed","Thu Jul 09 18:51:50 UTC 2026","","","",""
"Test cases for TestTextUnmarshalFloat","0","TestTextUnmarshalFloat","","Thu Jul 09 18:46:57 UTC 2026","passed","Thu Jul 09 18:46:57 UTC 2026","","Go Test","github.com/specterops/bloodhound/cmd/api/src/database/types/null/TestTextUnmarshalFloat","TestTextUnmarshalFloat"
"","355","renders an edit form for the selected asset group when a user has graph write permissions","GroupManagement","Thu Jul 09 18:53:54 UTC 2026","passed","Thu Jul 09 18:53:54 UTC 2026","","","",""
"Test cases for TestToolContainer_SetScheduledAnalysisConfiguration","5","TestToolContainer_SetScheduledAnalysisConfiguration","","Thu Jul 09 18:46:45 UTC 2026","passed","Thu Jul 09 18:46:45 UTC 2026","","Go Test","github.com/specterops/bloodhound/cmd/api/src/api/tools/TestToolContainer_SetScheduledAnalysisConfiguration","TestToolContainer_SetScheduledAnalysisConfiguration"
"","228","calls onLayoutChange with the selected layout","GraphControls","Thu Jul 09 18:48:06 UTC 2026","passed","Thu Jul 09 18:48:06 UTC 2026","","Selecting a layout","",""
"Test cases for TestEncodingValues","1","TestEncodingValues","","Thu Jul 09 18:47:21 UTC 2026","passed","Thu Jul 09 18:47:21 UTC 2026","","Go Test","github.com/specterops/bloodhound/packages/go/bomenc/TestEncodingValues","TestEncodingValues"
"Test cases for TestQueryParameterFilterParser_ParseQueryParameterFilter","0","TestQueryParameterFilterParser_ParseQueryParameterFilter","","Thu Jul 09 18:46:58 UTC 2026","passed","Thu Jul 09 18:46:58 UTC 2026","","Go Test","github.com/specterops/bloodhound/cmd/api/src/model/TestQueryParameterFilterParser_ParseQueryParameterFilter","TestQueryParameterFilterParser_ParseQueryParameterFilter"
"","4","returns true when WebGL is available in the current browser context","WebGL compatibility check","Thu Jul 09 18:53:07 UTC 2026","passed","Thu Jul 09 18:53:07 UTC 2026","","","",""
"Test cases for TestDispatchAnalysisSteps","8","TestDispatchAnalysisSteps","","Thu Jul 09 18:47:20 UTC 2026","passed","Thu Jul 09 18:47:20 UTC 2026","","Go Test","github.com/specterops/bloodhound/packages/go/analysis/TestDispatchAnalysisSteps","TestDispatchAnalysisSteps"
"","0","reports an Object ID-specific error when editing a rule and ruleType is SeedTypeObjectId and seeds are required","handleError","Thu Jul 09 18:49:07 UTC 2026","passed","Thu Jul 09 18:49:07 UTC 2026","","","",""
"","1","returns true when the highlighted item is an edge in the graph","SigmaChart Utils","Thu Jul 09 18:53:53 UTC 2026","passed","Thu Jul 09 18:53:53 UTC 2026","","getIsHighlightedItemInGraph","",""
"","0","returns empty array when search does not match any environment","filterAndSearchEnvironments","Thu Jul 09 18:48:03 UTC 2026","passed","Thu Jul 09 18:48:03 UTC 2026","","search filter","",""
"","4","`undefined` input is provided","parseKeywordAndTypeValue","Thu Jul 09 18:52:46 UTC 2026","passed","Thu Jul 09 18:52:46 UTC 2026","","","",""
"","13","renders the ZoneSelector when available and on a Zone page","TagSelector","Thu Jul 09 18:51:10 UTC 2026","passed","Thu Jul 09 18:51:10 UTC 2026","","","",""
"Test cases for TestSet","0","TestSet","","Thu Jul 09 18:47:23 UTC 2026","passed","Thu Jul 09 18:47:23 UTC 2026","","Go Test","github.com/specterops/bloodhound/packages/go/lab/internal/TestSet","TestSet"
"Test cases for TestDisenrollMFA_Success","1103","TestDisenrollMFA_Success","","Thu Jul 09 18:47:26 UTC 2026","passed","Thu Jul 09 18:47:28 UTC 2026","","Go Test","github.com/specterops/bloodhound/cmd/api/src/api/v2/auth/TestDisenrollMFA_Success","TestDisenrollMFA_Success"
"","32","should display an error message if data does not return from the API","Context Selector Error","Thu Jul 09 18:50:02 UTC 2026","passed","Thu Jul 09 18:50:02 UTC 2026","","","",""
"Test cases for TestTimeEqual","0","TestTimeEqual","","Thu Jul 09 18:46:57 UTC 2026","passed","Thu Jul 09 18:46:57 UTC 2026","","Go Test","github.com/specterops/bloodhound/cmd/api/src/database/types/null/TestTimeEqual","TestTimeEqual"
"Test cases for TestDomainSelectors_GetFilterCriteria_InvalidFilterColumn","0","TestDomainSelectors_GetFilterCriteria_InvalidFilterColumn","","Thu Jul 09 18:46:58 UTC 2026","passed","Thu Jul 09 18:46:58 UTC 2026","","Go Test","github.com/specterops/bloodhound/cmd/api/src/model/TestDomainSelectors_GetFilterCriteria_InvalidFilterColumn","TestDomainSelectors_GetFilterCriteria_InvalidFilterColumn"
"","398","calls openOIDCProviderDialog when OIDC Provider menu item is clicked","CreateMenu","Thu Jul 09 18:49:52 UTC 2026","passed","Thu Jul 09 18:49:52 UTC 2026","","oidc_support feature flag enabled","",""
"","0","prefixes each node_kind with a colon for labels","graphSchema","Thu Jul 09 18:52:26 UTC 2026","passed","Thu Jul 09 18:52:26 UTC 2026","","","",""
"","121","calls onCancel when cancel button clicked","EarlyAccessFeaturesWarningDialog","Thu Jul 09 18:54:12 UTC 2026","passed","Thu Jul 09 18:54:12 UTC 2026","","","",""
"","88","upon selecting just a source node, updates the URL with a searchType of 'node' and primarySearch of the node's objectid","usePathfindingSearch","Thu Jul 09 18:50:24 UTC 2026","passed","Thu Jul 09 18:50:24 UTC 2026","","","",""
"","1","does not fetch more data when there are no more pages","useInfiniteScroll","Thu Jul 09 18:51:28 UTC 2026","passed","Thu Jul 09 18:51:28 UTC 2026","","","",""
"Test cases for TestContextMiddleware","0","TestContextMiddleware","","Thu Jul 09 18:46:44 UTC 2026","passed","Thu Jul 09 18:46:44 UTC 2026","","Go Test","github.com/specterops/bloodhound/cmd/api/src/api/middleware/TestContextMiddleware","TestContextMiddleware"
"Test cases for TestNormalizeToUTF8","0","TestNormalizeToUTF8","","Thu Jul 09 18:47:21 UTC 2026","passed","Thu Jul 09 18:47:21 UTC 2026","","Go Test","github.com/specterops/bloodhound/packages/go/bomenc/TestNormalizeToUTF8","TestNormalizeToUTF8"
"","0","returns false if arrays have different elements","areArraysSimilar","Thu Jul 09 18:52:35 UTC 2026","passed","Thu Jul 09 18:52:35 UTC 2026","","","",""
"","305","should call the checkbox filter function when clicking on a checkbox input","Checkbox group","Thu Jul 09 18:52:41 UTC 2026","passed","Thu Jul 09 18:52:42 UTC 2026","","","",""
"Test cases for TestManagementResource_ListUsers_SortingError","0","TestManagementResource_ListUsers_SortingError","","Thu Jul 09 18:46:58 UTC 2026","passed","Thu Jul 09 18:46:58 UTC 2026","","Go Test","github.com/specterops/bloodhound/cmd/api/src/api/v2/auth/TestManagementResource_ListUsers_SortingError","TestManagementResource_ListUsers_SortingError"
"","130","does not trigger search for fewer than 3 characters","SearchBar","Thu Jul 09 18:52:46 UTC 2026","passed","Thu Jul 09 18:52:46 UTC 2026","","","",""
"Test cases for TestUpdateAssetGroupRequest_AuditData","0","TestUpdateAssetGroupRequest_AuditData","","Thu Jul 09 18:46:52 UTC 2026","passed","Thu Jul 09 18:46:52 UTC 2026","","Go Test","github.com/specterops/bloodhound/cmd/api/src/api/v2/TestUpdateAssetGroupRequest_AuditData","TestUpdateAssetGroupRequest_AuditData"
"","55","initializes with the given state","useObjectState","Thu Jul 09 18:52:12 UTC 2026","passed","Thu Jul 09 18:52:12 UTC 2026","","","",""
"","6","removes multiple keys from state","useObjectState","Thu Jul 09 18:52:12 UTC 2026","passed","Thu Jul 09 18:52:12 UTC 2026","","","",""
"","182","validates that the name input is under the max length","Tag Form","Thu Jul 09 18:47:40 UTC 2026","passed","Thu Jul 09 18:47:40 UTC 2026","","","",""
"Test cases for TestConvertAzureResourceGroupContributorToRels","0","TestConvertAzureResourceGroupContributorToRels","","Thu Jul 09 18:47:21 UTC 2026","passed","Thu Jul 09 18:47:21 UTC 2026","","Go Test","github.com/specterops/bloodhound/packages/go/ein/TestConvertAzureResourceGroupContributorToRels","TestConvertAzureResourceGroupContributorToRels"
"","17","should be aligned to right of screen","GenericErrorBoundaryFallback","Thu Jul 09 18:53:05 UTC 2026","passed","Thu Jul 09 18:53:05 UTC 2026","","","",""
"","391","should render a SaveQueryDialog","SaveQueryDialog","Thu Jul 09 18:47:38 UTC 2026","passed","Thu Jul 09 18:47:39 UTC 2026","","","",""
"Test cases for TestGetChainedDomains_IgnoresForestHosting","0","TestGetChainedDomains_IgnoresForestHosting","","Thu Jul 09 18:47:20 UTC 2026","passed","Thu Jul 09 18:47:20 UTC 2026","","Go Test","github.com/specterops/bloodhound/packages/go/analysis/ad/TestGetChainedDomains_IgnoresForestHosting","TestGetChainedDomains_IgnoresForestHosting"
"Test cases for TestResources_UpdateSavedQuery_QueryBelongsToAnotherUser","0","TestResources_UpdateSavedQuery_QueryBelongsToAnotherUser","","Thu Jul 09 18:46:52 UTC 2026","passed","Thu Jul 09 18:46:52 UTC 2026","","Go Test","github.com/specterops/bloodhound/cmd/api/src/api/v2/TestResources_UpdateSavedQuery_QueryBelongsToAnotherUser","TestResources_UpdateSavedQuery_QueryBelongsToAnotherUser"
"Test cases for Test_ParseGraphSortParameters_Success","0","Test_ParseGraphSortParameters_Success","","Thu Jul 09 18:46:41 UTC 2026","passed","Thu Jul 09 18:46:41 UTC 2026","","Go Test","github.com/specterops/bloodhound/cmd/api/src/api/Test_ParseGraphSortParameters_Success","Test_ParseGraphSortParameters_Success"
"Test cases for TestInt64IsZero","0","TestInt64IsZero","","Thu Jul 09 18:46:57 UTC 2026","passed","Thu Jul 09 18:46:57 UTC 2026","","Go Test","github.com/specterops/bloodhound/cmd/api/src/database/types/null/TestInt64IsZero","TestInt64IsZero"
"","103","disables the JSON button if the JSON is empty","GraphControls","Thu Jul 09 18:48:07 UTC 2026","passed","Thu Jul 09 18:48:07 UTC 2026","","Exporting json","",""
"","221","has the correct value for the links in the breadcrumbs","Create Update pages","Thu Jul 09 18:51:58 UTC 2026","passed","Thu Jul 09 18:51:58 UTC 2026","","","",""
"","115","updates value when an invalid date typed","ManagedDatePicker - value","Thu Jul 09 18:50:42 UTC 2026","passed","Thu Jul 09 18:50:42 UTC 2026","","","",""
"Test cases for TestCacheEntryDigester_DigestEndpoint_MatchByName","1","TestCacheEntryDigester_DigestEndpoint_MatchByName","","Thu Jul 09 18:47:03 UTC 2026","passed","Thu Jul 09 18:47:03 UTC 2026","","Go Test","github.com/specterops/bloodhound/cmd/api/src/services/graphify/endpoint/TestCacheEntryDigester_DigestEndpoint_MatchByName","TestCacheEntryDigester_DigestEndpoint_MatchByName"
"","1287","clicking checkbox will remove error if present","DatabaseManagement","Thu Jul 09 18:53:27 UTC 2026","passed","Thu Jul 09 18:53:28 UTC 2026","","","",""
"Test cases for TestResources_ListSavedQueries","39","TestResources_ListSavedQueries","","Thu Jul 09 18:46:52 UTC 2026","passed","Thu Jul 09 18:46:52 UTC 2026","","Go Test","github.com/specterops/bloodhound/cmd/api/src/api/v2/TestResources_ListSavedQueries","TestResources_ListSavedQueries"
"Test cases for TestResources_GetSavedQuery","39","TestResources_GetSavedQuery","","Thu Jul 09 18:46:52 UTC 2026","passed","Thu Jul 09 18:46:52 UTC 2026","","Go Test","github.com/specterops/bloodhound/cmd/api/src/api/v2/TestResources_GetSavedQuery","TestResources_GetSavedQuery"
"","14","sets autoDisplayTable to false if query returns no results","useExploreTableAutoDisplay","Thu Jul 09 18:51:48 UTC 2026","passed","Thu Jul 09 18:51:48 UTC 2026","","","",""
"Test cases for TestResources_ListADUserSQLAdminRights","3","TestResources_ListADUserSQLAdminRights","","Thu Jul 09 18:46:52 UTC 2026","passed","Thu Jul 09 18:46:52 UTC 2026","","Go Test","github.com/specterops/bloodhound/cmd/api/src/api/v2/TestResources_ListADUserSQLAdminRights","TestResources_ListADUserSQLAdminRights"
"","83","initializes search tab to node search if the exploreSearchTab is not a supported tab name on first render","ExploreSearch sets searchType on tab changing","Thu Jul 09 18:53:36 UTC 2026","passed","Thu Jul 09 18:53:36 UTC 2026","","","",""
"Test cases for TestFillAndPopulateDefaultAdminInfo","2","TestFillAndPopulateDefaultAdminInfo","","Thu Jul 09 18:46:52 UTC 2026","passed","Thu Jul 09 18:46:52 UTC 2026","","Go Test","github.com/specterops/bloodhound/cmd/api/src/bootstrap/TestFillAndPopulateDefaultAdminInfo","TestFillAndPopulateDefaultAdminInfo"
"Test cases for TestManagementResource_ListSAMLProviders","26","TestManagementResource_ListSAMLProviders","","Thu Jul 09 18:47:39 UTC 2026","passed","Thu Jul 09 18:47:39 UTC 2026","","Go Test","github.com/specterops/bloodhound/cmd/api/src/api/v2/auth/TestManagementResource_ListSAMLProviders","TestManagementResource_ListSAMLProviders"
"Test cases for Test_convertGraphExtensionPayloadToGraphExtension","0","Test_convertGraphExtensionPayloadToGraphExtension","","Thu Jul 09 18:46:52 UTC 2026","passed","Thu Jul 09 18:46:52 UTC 2026","","Go Test","github.com/specterops/bloodhound/cmd/api/src/api/v2/Test_convertGraphExtensionPayloadToGraphExtension","Test_convertGraphExtensionPayloadToGraphExtension"
"","0","returns name uniqueness message for ""name must be unique""","getErrorMessage","Thu Jul 09 18:49:07 UTC 2026","passed","Thu Jul 09 18:49:07 UTC 2026","","","",""
"","752","should render an update user form","UpdateUserDialog","Thu Jul 09 18:48:52 UTC 2026","passed","Thu Jul 09 18:48:53 UTC 2026","","","",""
"","622","On successful upload, displays a completion of 100% and adds a ""Complete"" button that closes the dialog","SchemaUploadDialog","Thu Jul 09 18:49:04 UTC 2026","passed","Thu Jul 09 18:49:04 UTC 2026","","","",""
"","40","passes data to testing component","SavedQueriesProvider","Thu Jul 09 18:52:38 UTC 2026","passed","Thu Jul 09 18:52:38 UTC 2026","","","",""
"","75","should render a navigation list item","MainNav","Thu Jul 09 18:50:09 UTC 2026","passed","Thu Jul 09 18:50:09 UTC 2026","","","",""
"Test cases for Test_UseHarness","0","Test_UseHarness","","Thu Jul 09 18:47:22 UTC 2026","passed","Thu Jul 09 18:47:22 UTC 2026","","Go Test","github.com/specterops/bloodhound/packages/go/lab/Test_UseHarness","Test_UseHarness"
"Test cases for TestSIDSuffix_PrependPrefix","1","TestSIDSuffix_PrependPrefix","","Thu Jul 09 18:47:20 UTC 2026","passed","Thu Jul 09 18:47:20 UTC 2026","","Go Test","github.com/specterops/bloodhound/packages/go/analysis/ad/wellknown/TestSIDSuffix_PrependPrefix","TestSIDSuffix_PrependPrefix"
"Test cases for TestIngestControl_writeRetainedFileToTar","15","TestIngestControl_writeRetainedFileToTar","","Thu Jul 09 18:46:45 UTC 2026","passed","Thu Jul 09 18:46:45 UTC 2026","","Go Test","github.com/specterops/bloodhound/cmd/api/src/api/tools/TestIngestControl_writeRetainedFileToTar","TestIngestControl_writeRetainedFileToTar"
"","379","toggles sort order when clicking sortable header","ObjectsAccordion","Thu Jul 09 18:52:03 UTC 2026","passed","Thu Jul 09 18:52:03 UTC 2026","","","",""
"Test cases for TestResources_UpdateSavedQuery_GetSavedQueryError","0","TestResources_UpdateSavedQuery_GetSavedQueryError","","Thu Jul 09 18:46:52 UTC 2026","passed","Thu Jul 09 18:46:52 UTC 2026","","Go Test","github.com/specterops/bloodhound/cmd/api/src/api/v2/TestResources_UpdateSavedQuery_GetSavedQueryError","TestResources_UpdateSavedQuery_GetSavedQueryError"
"","142","updates value when a valid date typed","ManagedDatePicker - value","Thu Jul 09 18:50:42 UTC 2026","passed","Thu Jul 09 18:50:42 UTC 2026","","","",""
"Test cases for TestStringScan","0","TestStringScan","","Thu Jul 09 18:46:57 UTC 2026","passed","Thu Jul 09 18:46:57 UTC 2026","","Go Test","github.com/specterops/bloodhound/cmd/api/src/database/types/null/TestStringScan","TestStringScan"
"","78","should not display api key management button","Api Keys","Thu Jul 09 18:50:04 UTC 2026","passed","Thu Jul 09 18:50:04 UTC 2026","","","",""
"","111","requests finished jobs","useFinishedJobs","Thu Jul 09 18:50:20 UTC 2026","passed","Thu Jul 09 18:50:20 UTC 2026","","","",""
"Test cases for TestResources_ListADDomainContainedOUs","0","TestResources_ListADDomainContainedOUs","","Thu Jul 09 18:46:52 UTC 2026","passed","Thu Jul 09 18:46:52 UTC 2026","","Go Test","github.com/specterops/bloodhound/cmd/api/src/api/v2/TestResources_ListADDomainContainedOUs","TestResources_ListADDomainContainedOUs"
"Test cases for TestManagementResource_PutUserAuthSecret","5651","TestManagementResource_PutUserAuthSecret","","Thu Jul 09 18:46:52 UTC 2026","passed","Thu Jul 09 18:46:57 UTC 2026","","Go Test","github.com/specterops/bloodhound/cmd/api/src/api/v2/auth/TestManagementResource_PutUserAuthSecret","TestManagementResource_PutUserAuthSecret"
"","392","clicking a delete button calls deleteHandler","PrebuiltSearchList","Thu Jul 09 18:50:49 UTC 2026","passed","Thu Jul 09 18:50:50 UTC 2026","","","",""
"","0","handles both node_kinds and edge_kinds together","graphSchema","Thu Jul 09 18:52:26 UTC 2026","passed","Thu Jul 09 18:52:26 UTC 2026","","","",""
"","0","isError returns as expected based on all queries combined","queriesAreLoadingOrErrored","Thu Jul 09 18:52:59 UTC 2026","passed","Thu Jul 09 18:52:59 UTC 2026","","","",""
"Test cases for TestParseLimitQueryParameter_Invalid","0","TestParseLimitQueryParameter_Invalid","","Thu Jul 09 18:46:52 UTC 2026","passed","Thu Jul 09 18:46:52 UTC 2026","","Go Test","github.com/specterops/bloodhound/cmd/api/src/api/v2/TestParseLimitQueryParameter_Invalid","TestParseLimitQueryParameter_Invalid"
"","13","uses the discardQueryParams prop to discard all query params on the redirect","AppNavigate","Thu Jul 09 18:51:46 UTC 2026","passed","Thu Jul 09 18:51:46 UTC 2026","","","",""
"","64","returns the full environment of the environmentId found in the search params","useAvailableEnvironments","Thu Jul 09 18:50:27 UTC 2026","passed","Thu Jul 09 18:50:27 UTC 2026","","useSelectedEnvironment","",""
"","21","returns a prefer wait in the header when db config timeout limit setting is disabled and state of is disable query limit is true","useExploreGraph","Thu Jul 09 18:49:05 UTC 2026","passed","Thu Jul 09 18:49:05 UTC 2026","userSettings","exploreGraphQueryFactory","",""
"","1143","should hide Environmental Targeted Access Control panel when showEnvironmentAccessControls prop is true and power user role is selected","CreateUserForm","Thu Jul 09 18:48:17 UTC 2026","passed","Thu Jul 09 18:48:18 UTC 2026","","","",""
"Test cases for TestBuildSQLFilter","1","TestBuildSQLFilter","","Thu Jul 09 18:46:58 UTC 2026","passed","Thu Jul 09 18:46:58 UTC 2026","","Go Test","github.com/specterops/bloodhound/cmd/api/src/model/TestBuildSQLFilter","TestBuildSQLFilter"
"Test cases for TestUnmarshalNonIntegerNumberToInt64","0","TestUnmarshalNonIntegerNumberToInt64","","Thu Jul 09 18:46:57 UTC 2026","passed","Thu Jul 09 18:46:57 UTC 2026","","Go Test","github.com/specterops/bloodhound/cmd/api/src/database/types/null/TestUnmarshalNonIntegerNumberToInt64","TestUnmarshalNonIntegerNumberToInt64"
"","11","dismisses the ""no permission"" notification on unmount","useFinishedJobs","Thu Jul 09 18:50:20 UTC 2026","passed","Thu Jul 09 18:50:20 UTC 2026","","","",""
"Test cases for TestResources_UpdateAssetGroupSelectors_SuccessT0","0","TestResources_UpdateAssetGroupSelectors_SuccessT0","","Thu Jul 09 18:46:52 UTC 2026","passed","Thu Jul 09 18:46:52 UTC 2026","","Go Test","github.com/specterops/bloodhound/cmd/api/src/api/v2/TestResources_UpdateAssetGroupSelectors_SuccessT0","TestResources_UpdateAssetGroupSelectors_SuccessT0"
"Test cases for Test_validateGraphExtension","1","Test_validateGraphExtension","","Thu Jul 09 18:46:58 UTC 2026","passed","Thu Jul 09 18:46:58 UTC 2026","","Go Test","github.com/specterops/bloodhound/cmd/api/src/model/Test_validateGraphExtension","Test_validateGraphExtension"
"Test cases for TestStringIsZero","0","TestStringIsZero","","Thu Jul 09 18:46:57 UTC 2026","passed","Thu Jul 09 18:46:57 UTC 2026","","Go Test","github.com/specterops/bloodhound/cmd/api/src/database/types/null/TestStringIsZero","TestStringIsZero"
"Test cases for TestResources_UpdateAssetGroupTagSelector","6","TestResources_UpdateAssetGroupTagSelector","","Thu Jul 09 18:46:52 UTC 2026","passed","Thu Jul 09 18:46:52 UTC 2026","","Go Test","github.com/specterops/bloodhound/cmd/api/src/api/v2/TestResources_UpdateAssetGroupTagSelector","TestResources_UpdateAssetGroupTagSelector"
"Test cases for TestResources_ProcessIngestTask","9","TestResources_ProcessIngestTask","","Thu Jul 09 18:46:52 UTC 2026","passed","Thu Jul 09 18:46:52 UTC 2026","","Go Test","github.com/specterops/bloodhound/cmd/api/src/api/v2/TestResources_ProcessIngestTask","TestResources_ProcessIngestTask"
"","253","should display error message when error prop is provided","UpdateUserDialog","Thu Jul 09 18:48:57 UTC 2026","passed","Thu Jul 09 18:48:57 UTC 2026","","","",""
"Test cases for TestLocalStore_Delete","40","TestLocalStore_Delete","","Thu Jul 09 18:47:43 UTC 2026","passed","Thu Jul 09 18:47:43 UTC 2026","","Go Test","github.com/specterops/bloodhound/packages/go/storage/TestLocalStore_Delete","TestLocalStore_Delete"
"Test cases for TestBuildErrorResponseInternalServerError","0","TestBuildErrorResponseInternalServerError","","Thu Jul 09 18:46:41 UTC 2026","passed","Thu Jul 09 18:46:41 UTC 2026","","Go Test","github.com/specterops/bloodhound/cmd/api/src/api/TestBuildErrorResponseInternalServerError","TestBuildErrorResponseInternalServerError"
"Test cases for TestRegister","0","TestRegister","","Thu Jul 09 18:47:47 UTC 2026","passed","Thu Jul 09 18:47:47 UTC 2026","","Go Test","github.com/specterops/bloodhound/server/featureflags/TestRegister","TestRegister"
"Test cases for TestGC_NewDataPruningDaemon","1","TestGC_NewDataPruningDaemon","","Thu Jul 09 18:46:55 UTC 2026","passed","Thu Jul 09 18:46:55 UTC 2026","","Go Test","github.com/specterops/bloodhound/cmd/api/src/daemons/gc/TestGC_NewDataPruningDaemon","TestGC_NewDataPruningDaemon"
"Test cases for TestEncodingEquality","1","TestEncodingEquality","","Thu Jul 09 18:47:21 UTC 2026","passed","Thu Jul 09 18:47:21 UTC 2026","","Go Test","github.com/specterops/bloodhound/packages/go/bomenc/TestEncodingEquality","TestEncodingEquality"
"Test cases for TestContextMiddleware_InvalidWaitLessThanZero","0","TestContextMiddleware_InvalidWaitLessThanZero","","Thu Jul 09 18:46:44 UTC 2026","passed","Thu Jul 09 18:46:44 UTC 2026","","Go Test","github.com/specterops/bloodhound/cmd/api/src/api/middleware/TestContextMiddleware_InvalidWaitLessThanZero","TestContextMiddleware_InvalidWaitLessThanZero"
"","99","renders a button when actor is not BloodHoundString and note exists","NoteCell component","Thu Jul 09 18:51:40 UTC 2026","passed","Thu Jul 09 18:51:40 UTC 2026","","","",""
"","17","upon selecting just a destination node, updates the URL with a searchType of 'node' and secondarySearch of the node's objectid","usePathfindingSearch","Thu Jul 09 18:50:24 UTC 2026","passed","Thu Jul 09 18:50:24 UTC 2026","","","",""
"","29","Calls the cypher search endpoint for a node that is hidden from user with not all environments access","EntityObjectInformation","Thu Jul 09 18:50:40 UTC 2026","passed","Thu Jul 09 18:50:40 UTC 2026","","","",""
"Test cases for TestResources_ListADComputerSessions","0","TestResources_ListADComputerSessions","","Thu Jul 09 18:46:52 UTC 2026","passed","Thu Jul 09 18:46:52 UTC 2026","","Go Test","github.com/specterops/bloodhound/cmd/api/src/api/v2/TestResources_ListADComputerSessions","TestResources_ListADComputerSessions"
"Test cases for TestNewSIDSuffix","0","TestNewSIDSuffix","","Thu Jul 09 18:47:20 UTC 2026","passed","Thu Jul 09 18:47:20 UTC 2026","","Go Test","github.com/specterops/bloodhound/packages/go/analysis/ad/wellknown/TestNewSIDSuffix","TestNewSIDSuffix"
"","144","renders the glyph form input when the editing a zone that is not the highest privileged","Tag Form","Thu Jul 09 18:47:39 UTC 2026","passed","Thu Jul 09 18:47:40 UTC 2026","","","",""
"","238","navigates to all rules when clicking ""All Rules""","RulesAccordion","Thu Jul 09 18:50:56 UTC 2026","passed","Thu Jul 09 18:50:56 UTC 2026","","","",""
"","12","removes a notification","AppNotifications","Thu Jul 09 18:51:46 UTC 2026","passed","Thu Jul 09 18:51:46 UTC 2026","","","",""
"","0","Will ignore what is to the left of the first colon if it doesnt match an existing kind and will treat all as keyword","parseKeywordAndTypeValue","Thu Jul 09 18:52:46 UTC 2026","passed","Thu Jul 09 18:52:46 UTC 2026","","","",""
"","12280","checking a category updates all children and grandchildren","Pathfinding","Thu Jul 09 18:48:26 UTC 2026","passed","Thu Jul 09 18:48:39 UTC 2026","","","",""
"","19","disables the upload button and does not populate a table if the user lacks the permission","File Upload","Thu Jul 09 18:50:05 UTC 2026","passed","Thu Jul 09 18:50:05 UTC 2026","","","",""
"","13","renders without label when label is empty string","StatusIndicator","Thu Jul 09 18:52:49 UTC 2026","passed","Thu Jul 09 18:52:49 UTC 2026","","","",""
"Test cases for Test_ConvertAppFederatedIdentityCredential","1","Test_ConvertAppFederatedIdentityCredential","","Thu Jul 09 18:47:21 UTC 2026","passed","Thu Jul 09 18:47:21 UTC 2026","","Go Test","github.com/specterops/bloodhound/packages/go/ein/Test_ConvertAppFederatedIdentityCredential","Test_ConvertAppFederatedIdentityCredential"
"Test cases for TestAnalysisPipelineString","5","TestAnalysisPipelineString","","Thu Jul 09 18:47:20 UTC 2026","passed","Thu Jul 09 18:47:20 UTC 2026","","Go Test","github.com/specterops/bloodhound/packages/go/analysis/TestAnalysisPipelineString","TestAnalysisPipelineString"
"","521","does not display must be new password error messages when current password is not required","PasswordDialog","Thu Jul 09 18:48:23 UTC 2026","passed","Thu Jul 09 18:48:24 UTC 2026","","","",""
"","522","should call onSubmit with one time passcode when check code button clicked","OneTimePasscodeForm","Thu Jul 09 18:52:08 UTC 2026","passed","Thu Jul 09 18:52:08 UTC 2026","","","",""
"","1","should recognize a common properties","validating a node property against the shared generated schema","Thu Jul 09 18:49:44 UTC 2026","passed","Thu Jul 09 18:49:44 UTC 2026","","","",""
"","368","renders an empty message for the entity panel before a node is selected","GroupManagement","Thu Jul 09 18:53:55 UTC 2026","passed","Thu Jul 09 18:53:55 UTC 2026","","","",""
"Test cases for TestDomainSelectors_GetFilterCriteria_Success_Empty","0","TestDomainSelectors_GetFilterCriteria_Success_Empty","","Thu Jul 09 18:46:58 UTC 2026","passed","Thu Jul 09 18:46:58 UTC 2026","","Go Test","github.com/specterops/bloodhound/cmd/api/src/model/TestDomainSelectors_GetFilterCriteria_Success_Empty","TestDomainSelectors_GetFilterCriteria_Success_Empty"
"Test cases for TestStore_DeleteAnalysisRequest","1","TestStore_DeleteAnalysisRequest","","Thu Jul 09 18:47:44 UTC 2026","passed","Thu Jul 09 18:47:44 UTC 2026","","Go Test","github.com/specterops/bloodhound/server/analysis/internal/appdb/TestStore_DeleteAnalysisRequest","TestStore_DeleteAnalysisRequest"
"Test cases for TestSavedQueries_ValidFilters","0","TestSavedQueries_ValidFilters","","Thu Jul 09 18:46:58 UTC 2026","passed","Thu Jul 09 18:46:58 UTC 2026","","Go Test","github.com/specterops/bloodhound/cmd/api/src/model/TestSavedQueries_ValidFilters","TestSavedQueries_ValidFilters"
"Test cases for TestService_CreateRequest","0","TestService_CreateRequest","","Thu Jul 09 18:47:46 UTC 2026","passed","Thu Jul 09 18:47:46 UTC 2026","","Go Test","github.com/specterops/bloodhound/server/analysis/internal/services/TestService_CreateRequest","TestService_CreateRequest"
"","290","handles creating a new zone","Tag Form","Thu Jul 09 18:47:41 UTC 2026","passed","Thu Jul 09 18:47:41 UTC 2026","","","",""
"","8","hides items while permissions are loading","useSubNavRoutes","Thu Jul 09 18:50:26 UTC 2026","passed","Thu Jul 09 18:50:26 UTC 2026","","permissions gate","",""
"Test cases for TestResources_GetRootCAEntityInfo","231","TestResources_GetRootCAEntityInfo","","Thu Jul 09 18:46:52 UTC 2026","passed","Thu Jul 09 18:46:52 UTC 2026","","Go Test","github.com/specterops/bloodhound/cmd/api/src/api/v2/TestResources_GetRootCAEntityInfo","TestResources_GetRootCAEntityInfo"
"","64","has no checked boxes by default","GraphDataCheckboxes","Thu Jul 09 18:48:57 UTC 2026","passed","Thu Jul 09 18:48:57 UTC 2026","","","",""
"","12","shows ""no permission"" notification if lacking permission","useFinishedJobs","Thu Jul 09 18:50:20 UTC 2026","passed","Thu Jul 09 18:50:20 UTC 2026","","","",""
"Test cases for TestFeatureFlagManager","1","TestFeatureFlagManager","","Thu Jul 09 18:46:53 UTC 2026","passed","Thu Jul 09 18:46:53 UTC 2026","","Go Test","github.com/specterops/bloodhound/cmd/api/src/daemons/changelog/TestFeatureFlagManager","TestFeatureFlagManager"
"","268","should render a single section with a single navigation item","SubNav","Thu Jul 09 18:51:44 UTC 2026","passed","Thu Jul 09 18:51:44 UTC 2026","","","",""
"","1414","should render","EdgeInfoHeader","Thu Jul 09 18:51:35 UTC 2026","passed","Thu Jul 09 18:51:36 UTC 2026","","","",""
"","222","should render a nav element with logo, two lists, a version number and a powered by","MainNav","Thu Jul 09 18:50:09 UTC 2026","passed","Thu Jul 09 18:50:09 UTC 2026","","","",""
"","10","does not render when selector data is not defined","Delete Selector Button rendering","Thu Jul 09 18:52:36 UTC 2026","passed","Thu Jul 09 18:52:36 UTC 2026","","","",""
"Test cases for TestFormatDatabaseErrorNotFound","0","TestFormatDatabaseErrorNotFound","","Thu Jul 09 18:46:41 UTC 2026","passed","Thu Jul 09 18:46:41 UTC 2026","","Go Test","github.com/specterops/bloodhound/cmd/api/src/api/TestFormatDatabaseErrorNotFound","TestFormatDatabaseErrorNotFound"
"","78","renders a ListItemActionMenu component","ListItemActionMenu","Thu Jul 09 18:51:29 UTC 2026","passed","Thu Jul 09 18:51:29 UTC 2026","","","",""
"","854","handles adding to tier zero asset group","AssetGroupMenuItem","Thu Jul 09 18:53:24 UTC 2026","passed","Thu Jul 09 18:53:25 UTC 2026","","adding to an asset group","",""
"","2","returns all environments when no filters are active","filterAndSearchEnvironments","Thu Jul 09 18:48:03 UTC 2026","passed","Thu Jul 09 18:48:03 UTC 2026","","with no filters applied","",""
"","1","combines collected and risk filters","filterAndSearchEnvironments","Thu Jul 09 18:48:03 UTC 2026","passed","Thu Jul 09 18:48:03 UTC 2026","","combined filters","",""
"","430","eventually displays a list of early access features when warning dialog is accepted","EarlyAccessFeatures","Thu Jul 09 18:53:52 UTC 2026","passed","Thu Jul 09 18:53:53 UTC 2026","","","",""
"","432","calls setFilters when the Confirm button is clicked","Privilege Zones History Filter Dialog","Thu Jul 09 18:50:20 UTC 2026","passed","Thu Jul 09 18:50:20 UTC 2026","","","",""
"Test cases for TestResources_GetAssetGroupMemberCount_IDMalformed","0","TestResources_GetAssetGroupMemberCount_IDMalformed","","Thu Jul 09 18:46:52 UTC 2026","passed","Thu Jul 09 18:46:52 UTC 2026","","Go Test","github.com/specterops/bloodhound/cmd/api/src/api/v2/TestResources_GetAssetGroupMemberCount_IDMalformed","TestResources_GetAssetGroupMemberCount_IDMalformed"
"","132","renders enabled Label, Rule and Object tabs","Selected Details Tabs","Thu Jul 09 18:50:16 UTC 2026","passed","Thu Jul 09 18:50:16 UTC 2026","","Selected Details Tabs - Params present","",""
"TestGooseMigrationFilenamesUseCurrentVersionPrefix is utilized to ensure that all migration files are named accordingto the set naming convention.","0","TestGooseMigrationFilenamesUseCurrentVersionPrefix","","Thu Jul 09 18:46:57 UTC 2026","passed","Thu Jul 09 18:46:57 UTC 2026","","Go Test","github.com/specterops/bloodhound/cmd/api/src/database/migration/TestGooseMigrationFilenamesUseCurrentVersionPrefix","TestGooseMigrationFilenamesUseCurrentVersionPrefix"
"Test cases for TestManagementResource_UpdateUser_UserSelfModify","1021","TestManagementResource_UpdateUser_UserSelfModify","","Thu Jul 09 18:47:11 UTC 2026","passed","Thu Jul 09 18:47:12 UTC 2026","","Go Test","github.com/specterops/bloodhound/cmd/api/src/api/v2/auth/TestManagementResource_UpdateUser_UserSelfModify","TestManagementResource_UpdateUser_UserSelfModify"
"","11","optionally allows the consumer to pass a query to performSearch() and adds that query to the url","useCypherSearch","Thu Jul 09 18:52:30 UTC 2026","passed","Thu Jul 09 18:52:30 UTC 2026","","","",""
"Test cases for Test_ApplyTimeoutReduction","2","Test_ApplyTimeoutReduction","","Thu Jul 09 18:47:00 UTC 2026","passed","Thu Jul 09 18:47:00 UTC 2026","","Go Test","github.com/specterops/bloodhound/cmd/api/src/queries/Test_ApplyTimeoutReduction","Test_ApplyTimeoutReduction"
"Test cases for TestJSONFloat_UnmarshalJSON","0","TestJSONFloat_UnmarshalJSON","","Thu Jul 09 18:46:57 UTC 2026","passed","Thu Jul 09 18:46:57 UTC 2026","","Go Test","github.com/specterops/bloodhound/cmd/api/src/database/types/nan/TestJSONFloat_UnmarshalJSON","TestJSONFloat_UnmarshalJSON"
"","800","renders the Platforms dropdown and handles click event","QuerySearchFilter","Thu Jul 09 18:51:02 UTC 2026","passed","Thu Jul 09 18:51:03 UTC 2026","","","",""
"","12","does not include OpenGraph edges when the associated feature flag is disabled","useEdgeCategories","Thu Jul 09 18:49:56 UTC 2026","passed","Thu Jul 09 18:49:56 UTC 2026","","","",""
"","1","filters by high risk level","filterAndSearchEnvironments","Thu Jul 09 18:48:03 UTC 2026","passed","Thu Jul 09 18:48:03 UTC 2026","","risk filters","",""
"","86","renders citrix config controls","BloodHoundConfiguration","Thu Jul 09 18:54:14 UTC 2026","passed","Thu Jul 09 18:54:14 UTC 2026","","","",""
"","131","Verify Vault Reader count is the count returned by All Readers","EntityInfoDataTableGraphed","Thu Jul 09 18:50:00 UTC 2026","passed","Thu Jul 09 18:50:01 UTC 2026","","Node count for Vault Readers nested table","",""
"Test cases for TestStringValueOrZero","0","TestStringValueOrZero","","Thu Jul 09 18:46:57 UTC 2026","passed","Thu Jul 09 18:46:57 UTC 2026","","Go Test","github.com/specterops/bloodhound/cmd/api/src/database/types/null/TestStringValueOrZero","TestStringValueOrZero"
"Test cases for TestMarshalInt64","0","TestMarshalInt64","","Thu Jul 09 18:46:57 UTC 2026","passed","Thu Jul 09 18:46:57 UTC 2026","","Go Test","github.com/specterops/bloodhound/cmd/api/src/database/types/null/TestMarshalInt64","TestMarshalInt64"
"","381","calls onToggleEdgeLabels when click show all edge labels","GraphControls","Thu Jul 09 18:48:04 UTC 2026","passed","Thu Jul 09 18:48:04 UTC 2026","","Toggling labels","",""
"","1","handles null or empty madeBy","createHistoryParams","Thu Jul 09 18:52:09 UTC 2026","passed","Thu Jul 09 18:52:09 UTC 2026","","","",""
"","0","returns paramValue as EnvironmentAggregation for unknown values (custom types)","useEnvironmentParams","Thu Jul 09 18:52:58 UTC 2026","passed","Thu Jul 09 18:52:58 UTC 2026","","parseEnvironmentAggregation","",""
"Test cases for TestStore_GetKindByName","0","TestStore_GetKindByName","","Thu Jul 09 18:47:48 UTC 2026","passed","Thu Jul 09 18:47:48 UTC 2026","","Go Test","github.com/specterops/bloodhound/server/graphdb/internal/appdb/TestStore_GetKindByName","TestStore_GetKindByName"
"Test cases for TestIngestJobs_ValidFilters","0","TestIngestJobs_ValidFilters","","Thu Jul 09 18:46:58 UTC 2026","passed","Thu Jul 09 18:46:58 UTC 2026","","Go Test","github.com/specterops/bloodhound/cmd/api/src/model/TestIngestJobs_ValidFilters","TestIngestJobs_ValidFilters"
"","4168","subcategory with duplicate name does not show indeterminate when all its children are unchecked","Pathfinding","Thu Jul 09 18:49:18 UTC 2026","passed","Thu Jul 09 18:49:22 UTC 2026","","","",""
"","192","should call ""onCancel one time""","Enable2FADialog","Thu Jul 09 18:51:39 UTC 2026","passed","Thu Jul 09 18:51:39 UTC 2026","","user clicks ""Cancel"" button","",""
"","691","dispatches an action to add the associated node","Rule Object Select","Thu Jul 09 18:51:34 UTC 2026","passed","Thu Jul 09 18:51:35 UTC 2026","","","",""
"","59","sets autoDisplayTable to false if enabled param is false","useExploreTableAutoDisplay","Thu Jul 09 18:51:48 UTC 2026","passed","Thu Jul 09 18:51:48 UTC 2026","","","",""
"Test cases for TestAnalysisPipelineStepResultString","0","TestAnalysisPipelineStepResultString","","Thu Jul 09 18:47:20 UTC 2026","passed","Thu Jul 09 18:47:20 UTC 2026","","Go Test","github.com/specterops/bloodhound/packages/go/analysis/TestAnalysisPipelineStepResultString","TestAnalysisPipelineStepResultString"
"","10","adds new key to state","useObjectState","Thu Jul 09 18:52:12 UTC 2026","passed","Thu Jul 09 18:52:12 UTC 2026","","","",""
"Test cases for TestTimeIsZero","1","TestTimeIsZero","","Thu Jul 09 18:46:57 UTC 2026","passed","Thu Jul 09 18:46:57 UTC 2026","","Go Test","github.com/specterops/bloodhound/cmd/api/src/database/types/null/TestTimeIsZero","TestTimeIsZero"
"","202","shows a table with finished jobs","FileIngestTable","Thu Jul 09 18:48:41 UTC 2026","passed","Thu Jul 09 18:48:42 UTC 2026","","","",""
"Test cases for TestOpenGraphSchemaService_GetSchemaFindings","2","TestOpenGraphSchemaService_GetSchemaFindings","","Thu Jul 09 18:47:04 UTC 2026","passed","Thu Jul 09 18:47:04 UTC 2026","","Go Test","github.com/specterops/bloodhound/cmd/api/src/services/opengraphschema/TestOpenGraphSchemaService_GetSchemaFindings","TestOpenGraphSchemaService_GetSchemaFindings"
"Test cases for TestResources_ListADEntityControllables","0","TestResources_ListADEntityControllables","","Thu Jul 09 18:46:52 UTC 2026","passed","Thu Jul 09 18:46:52 UTC 2026","","Go Test","github.com/specterops/bloodhound/cmd/api/src/api/v2/TestResources_ListADEntityControllables","TestResources_ListADEntityControllables"
"Test cases for TestResources_DeleteAssetGroupSelector","0","TestResources_DeleteAssetGroupSelector","","Thu Jul 09 18:46:52 UTC 2026","passed","Thu Jul 09 18:46:52 UTC 2026","","Go Test","github.com/specterops/bloodhound/cmd/api/src/api/v2/TestResources_DeleteAssetGroupSelector","TestResources_DeleteAssetGroupSelector"
"Test cases for TestMap","0","TestMap","","Thu Jul 09 18:47:39 UTC 2026","passed","Thu Jul 09 18:47:39 UTC 2026","","Go Test","github.com/specterops/bloodhound/packages/go/slicesext/TestMap","TestMap"
"","571","toggles parent from all to none","GraphDataCheckboxes","Thu Jul 09 18:48:59 UTC 2026","passed","Thu Jul 09 18:48:59 UTC 2026","","","",""
"Test cases for TestGetMFAActivationStatus_Success","0","TestGetMFAActivationStatus_Success","","Thu Jul 09 18:47:37 UTC 2026","passed","Thu Jul 09 18:47:37 UTC 2026","","Go Test","github.com/specterops/bloodhound/cmd/api/src/api/v2/auth/TestGetMFAActivationStatus_Success","TestGetMFAActivationStatus_Success"
"Test cases for TestFloatFrom","0","TestFloatFrom","","Thu Jul 09 18:46:57 UTC 2026","passed","Thu Jul 09 18:46:57 UTC 2026","","Go Test","github.com/specterops/bloodhound/cmd/api/src/database/types/null/TestFloatFrom","TestFloatFrom"
"","131","renders Label as first tab and is also the initially selected on first render in Labels View/Tab","Selected Details Tabs","Thu Jul 09 18:50:16 UTC 2026","passed","Thu Jul 09 18:50:16 UTC 2026","","Selected Details Tabs - Params present","",""
"Test cases for TestOpenGraphSchemaService_GetEnvironmentKindsAndSchemaEnvironmentData","3","TestOpenGraphSchemaService_GetEnvironmentKindsAndSchemaEnvironmentData","","Thu Jul 09 18:47:04 UTC 2026","passed","Thu Jul 09 18:47:04 UTC 2026","","Go Test","github.com/specterops/bloodhound/cmd/api/src/services/opengraphschema/TestOpenGraphSchemaService_GetEnvironmentKindsAndSchemaEnvironmentData","TestOpenGraphSchemaService_GetEnvironmentKindsAndSchemaEnvironmentData"
"Test cases for TestWriteAndValidateJSON_NormalizationError","13","TestWriteAndValidateJSON_NormalizationError","","Thu Jul 09 18:47:07 UTC 2026","passed","Thu Jul 09 18:47:07 UTC 2026","","Go Test","github.com/specterops/bloodhound/cmd/api/src/services/upload/TestWriteAndValidateJSON_NormalizationError","TestWriteAndValidateJSON_NormalizationError"
"","569","Expand button causes table to expand to full height","ExploreTable","Thu Jul 09 18:47:39 UTC 2026","passed","Thu Jul 09 18:47:39 UTC 2026","","","",""
"","15","renders nothing if flag is disabled and disabled prop is not provided","FeatureFlag","Thu Jul 09 18:51:57 UTC 2026","passed","Thu Jul 09 18:51:57 UTC 2026","","","",""
"Test cases for TestWriteErrorResponse_V2","1","TestWriteErrorResponse_V2","","Thu Jul 09 18:46:41 UTC 2026","passed","Thu Jul 09 18:46:41 UTC 2026","","Go Test","github.com/specterops/bloodhound/cmd/api/src/api/TestWriteErrorResponse_V2","TestWriteErrorResponse_V2"
"","1","takes updatedParams and current URLSearchParams and returns a function","searchParams","Thu Jul 09 18:51:29 UTC 2026","passed","Thu Jul 09 18:51:29 UTC 2026","","setSingleParamFactory","",""
"Test cases for TestTrackerBuilder_Build_SortsKeysAndIDs","0","TestTrackerBuilder_Build_SortsKeysAndIDs","","Thu Jul 09 18:47:20 UTC 2026","passed","Thu Jul 09 18:47:20 UTC 2026","","Go Test","github.com/specterops/bloodhound/packages/go/analysis/post/TestTrackerBuilder_Build_SortsKeysAndIDs","TestTrackerBuilder_Build_SortsKeysAndIDs"
"","1","returns the same nodes from the graphData","getExploreTableData","Thu Jul 09 18:50:52 UTC 2026","passed","Thu Jul 09 18:50:52 UTC 2026","","","",""
"","280","shows Popper when isCurrentSearchOpen is true","GraphControls","Thu Jul 09 18:48:08 UTC 2026","passed","Thu Jul 09 18:48:08 UTC 2026","","Searching current results","",""
"Test cases for TestResources_ListAuditLogs_DBError","0","TestResources_ListAuditLogs_DBError","","Thu Jul 09 18:46:52 UTC 2026","passed","Thu Jul 09 18:46:52 UTC 2026","","Go Test","github.com/specterops/bloodhound/cmd/api/src/api/v2/TestResources_ListAuditLogs_DBError","TestResources_ListAuditLogs_DBError"
"Test cases for TestResources_GetAssetGroupMemberCount_Success","0","TestResources_GetAssetGroupMemberCount_Success","","Thu Jul 09 18:46:52 UTC 2026","passed","Thu Jul 09 18:46:52 UTC 2026","","Go Test","github.com/specterops/bloodhound/cmd/api/src/api/v2/TestResources_GetAssetGroupMemberCount_Success","TestResources_GetAssetGroupMemberCount_Success"
"Test cases for FuzzFoldl","0","FuzzFoldl","","Thu Jul 09 18:47:39 UTC 2026","passed","Thu Jul 09 18:47:39 UTC 2026","","Go Test","github.com/specterops/bloodhound/packages/go/slicesext/FuzzFoldl","FuzzFoldl"
"Test cases for TestAuthExtensions","3","TestAuthExtensions","","Thu Jul 09 18:46:41 UTC 2026","passed","Thu Jul 09 18:46:41 UTC 2026","","Go Test","github.com/specterops/bloodhound/cmd/api/src/api/TestAuthExtensions","TestAuthExtensions"
"","285","renders total rules and accordion sections","RulesAccordion","Thu Jul 09 18:50:56 UTC 2026","passed","Thu Jul 09 18:50:56 UTC 2026","","","",""
"","162","should have a disabled continue button","TagToZoneLabelDialog","Thu Jul 09 18:50:52 UTC 2026","passed","Thu Jul 09 18:50:52 UTC 2026","","","",""
"Test cases for TestUrlValidator","1","TestUrlValidator","","Thu Jul 09 18:47:20 UTC 2026","passed","Thu Jul 09 18:47:20 UTC 2026","","Go Test","github.com/specterops/bloodhound/cmd/api/src/utils/validation/TestUrlValidator","TestUrlValidator"
"Test cases for TestParseAndValidate_Enrichment","0","TestParseAndValidate_Enrichment","","Thu Jul 09 18:47:21 UTC 2026","passed","Thu Jul 09 18:47:21 UTC 2026","","Go Test","github.com/specterops/bloodhound/packages/go/filters/TestParseAndValidate_Enrichment","TestParseAndValidate_Enrichment"
"","4","returns a date string only if passed a string with a matching key","Formatting strings via formatPrimive","Thu Jul 09 18:49:44 UTC 2026","passed","Thu Jul 09 18:49:44 UTC 2026","","","",""
"Test cases for TestStore_GetNodeKindsByNames","1","TestStore_GetNodeKindsByNames","","Thu Jul 09 18:47:48 UTC 2026","passed","Thu Jul 09 18:47:48 UTC 2026","","Go Test","github.com/specterops/bloodhound/server/graphdb/internal/appdb/TestStore_GetNodeKindsByNames","TestStore_GetNodeKindsByNames"
"","775","renders a button that expands the filter section","AssetGroupEdit","Thu Jul 09 18:49:48 UTC 2026","passed","Thu Jul 09 18:49:48 UTC 2026","","","",""
"","2636","hides the password field and removes the requirement when logged in with SSO","Users","Thu Jul 09 18:49:25 UTC 2026","passed","Thu Jul 09 18:49:28 UTC 2026","","","",""
"","13","disables useAvailableEnvironment and does not attempt calling handleInitialEnvironment if queryOptions.enabled","useInitialEnvironment","Thu Jul 09 18:51:52 UTC 2026","passed","Thu Jul 09 18:51:52 UTC 2026","","","",""
"","142","renders enabled Zone and Rule tabs and disabled Object tab","Selected Details Tabs","Thu Jul 09 18:50:16 UTC 2026","passed","Thu Jul 09 18:50:16 UTC 2026","","Selected Details Tabs - Params present","",""
"Test cases for TestDomainSelectors_GetValidFilterPredicatesAsStrings","0","TestDomainSelectors_GetValidFilterPredicatesAsStrings","","Thu Jul 09 18:46:58 UTC 2026","passed","Thu Jul 09 18:46:58 UTC 2026","","Go Test","github.com/specterops/bloodhound/cmd/api/src/model/TestDomainSelectors_GetValidFilterPredicatesAsStrings","TestDomainSelectors_GetValidFilterPredicatesAsStrings"
"","3","writes initialValue to localStorage when the key is absent","useLocalStorage","Thu Jul 09 18:50:10 UTC 2026","passed","Thu Jul 09 18:50:10 UTC 2026","","initial value","",""
"Test cases for TestNodeNamePrefix_String","3","TestNodeNamePrefix_String","","Thu Jul 09 18:47:20 UTC 2026","passed","Thu Jul 09 18:47:20 UTC 2026","","Go Test","github.com/specterops/bloodhound/packages/go/analysis/ad/wellknown/TestNodeNamePrefix_String","TestNodeNamePrefix_String"
"","4814","should clear state when logout action is dispatched","redux store","Thu Jul 09 18:53:59 UTC 2026","passed","Thu Jul 09 18:54:04 UTC 2026","","","",""
"Test cases for TestStore_SetFlag","0","TestStore_SetFlag","","Thu Jul 09 18:47:47 UTC 2026","passed","Thu Jul 09 18:47:47 UTC 2026","","Go Test","github.com/specterops/bloodhound/server/featureflags/internal/appdb/TestStore_SetFlag","TestStore_SetFlag"
"Test cases for TestCacheEntryDigester_DigestEndpoint_DefaultObjectID","0","TestCacheEntryDigester_DigestEndpoint_DefaultObjectID","","Thu Jul 09 18:47:03 UTC 2026","passed","Thu Jul 09 18:47:03 UTC 2026","","Go Test","github.com/specterops/bloodhound/cmd/api/src/services/graphify/endpoint/TestCacheEntryDigester_DigestEndpoint_DefaultObjectID","TestCacheEntryDigester_DigestEndpoint_DefaultObjectID"
"","29","generates a human-friendly default filename for graph exports","exportGraphData","Thu Jul 09 18:52:18 UTC 2026","passed","Thu Jul 09 18:52:18 UTC 2026","","","",""
"","21","does not show the dropdown by default","ManageColumnsComboBox","Thu Jul 09 18:49:37 UTC 2026","passed","Thu Jul 09 18:49:37 UTC 2026","","","",""
"Test cases for TestHandleDatabaseError","0","TestHandleDatabaseError","","Thu Jul 09 18:46:41 UTC 2026","passed","Thu Jul 09 18:46:41 UTC 2026","","Go Test","github.com/specterops/bloodhound/cmd/api/src/api/TestHandleDatabaseError","TestHandleDatabaseError"
"","541","when a search result is clicked it calls `handleNodeSelected`","ExploreSearchCombobox","Thu Jul 09 18:49:51 UTC 2026","passed","Thu Jul 09 18:49:52 UTC 2026","","","",""
"","526","toggles a source kind on with all nested graph data options","GraphDataCheckboxes","Thu Jul 09 18:49:01 UTC 2026","passed","Thu Jul 09 18:49:01 UTC 2026","","","",""
"","203","renders an interactive version when preview is set to false","PrivilegeZonesCypherEditor Search component for Zone Management","Thu Jul 09 18:51:56 UTC 2026","passed","Thu Jul 09 18:51:57 UTC 2026","","","",""
"","102","button displays ""Enabled"" when flag is enabled","EarlyAccessFeatureToggle","Thu Jul 09 18:54:01 UTC 2026","passed","Thu Jul 09 18:54:02 UTC 2026","","","",""
"Test cases for TestParseClientVersion","0","TestParseClientVersion","","Thu Jul 09 18:47:20 UTC 2026","passed","Thu Jul 09 18:47:20 UTC 2026","","Go Test","github.com/specterops/bloodhound/cmd/api/src/utils/TestParseClientVersion","TestParseClientVersion"
"","10","does not render highlight for non-active tag","SelectedHighlight","Thu Jul 09 18:52:07 UTC 2026","passed","Thu Jul 09 18:52:07 UTC 2026","","","",""
"","7747","filter selections are rolled back if user closes modal with the cancel button","EdgeFilter","Thu Jul 09 18:50:39 UTC 2026","passed","Thu Jul 09 18:50:47 UTC 2026","","","",""
"","286","fires delete when edit is clicked","ListItemActionMenu","Thu Jul 09 18:51:30 UTC 2026","passed","Thu Jul 09 18:51:30 UTC 2026","","","",""
"","1","maps cypher 504 errors to timeout messaging","useExploreGraph","Thu Jul 09 18:49:05 UTC 2026","passed","Thu Jul 09 18:49:05 UTC 2026","","exploreGraphQueryFactory","",""
"Test cases for TestSignRequestTeeFailure","0","TestSignRequestTeeFailure","","Thu Jul 09 18:46:41 UTC 2026","passed","Thu Jul 09 18:46:41 UTC 2026","","Go Test","github.com/specterops/bloodhound/cmd/api/src/api/TestSignRequestTeeFailure","TestSignRequestTeeFailure"
"","68","is disabled if no filters are active","AssetGroupEdit","Thu Jul 09 18:49:50 UTC 2026","passed","Thu Jul 09 18:49:51 UTC 2026","","Clear Filters button","",""
"","50","displays a loading message while fetching extensions","ActiveExtensionsCard","Thu Jul 09 18:48:05 UTC 2026","passed","Thu Jul 09 18:48:05 UTC 2026","","","",""
"","40","shows the direct object empty and expanded object list empty, when no results in both","Seed Selection Results","Thu Jul 09 18:49:33 UTC 2026","passed","Thu Jul 09 18:49:33 UTC 2026","","","",""
"Test cases for TestRegister_PanicsOnNilPool","0","TestRegister_PanicsOnNilPool","","Thu Jul 09 18:47:50 UTC 2026","passed","Thu Jul 09 18:47:50 UTC 2026","","Go Test","github.com/specterops/bloodhound/server/modules/TestRegister_PanicsOnNilPool","TestRegister_PanicsOnNilPool"
"Test cases for TestWriteBinaryResponse","0","TestWriteBinaryResponse","","Thu Jul 09 18:46:41 UTC 2026","passed","Thu Jul 09 18:46:41 UTC 2026","","Go Test","github.com/specterops/bloodhound/cmd/api/src/api/TestWriteBinaryResponse","TestWriteBinaryResponse"
"Test cases for TestParseGroupMiscData","4","TestParseGroupMiscData","","Thu Jul 09 18:47:21 UTC 2026","passed","Thu Jul 09 18:47:21 UTC 2026","","Go Test","github.com/specterops/bloodhound/packages/go/ein/TestParseGroupMiscData","TestParseGroupMiscData"
"","35","does not set input text if no value is given","ManagedDatePicker - value","Thu Jul 09 18:50:41 UTC 2026","passed","Thu Jul 09 18:50:42 UTC 2026","","","",""
"Test cases for TestTimeExactEqual","0","TestTimeExactEqual","","Thu Jul 09 18:46:57 UTC 2026","passed","Thu Jul 09 18:46:57 UTC 2026","","Go Test","github.com/specterops/bloodhound/cmd/api/src/database/types/null/TestTimeExactEqual","TestTimeExactEqual"
"Test cases for TestResources_DeleteSavedQuery_RecordNotFound_EdgeCase","0","TestResources_DeleteSavedQuery_RecordNotFound_EdgeCase","","Thu Jul 09 18:46:52 UTC 2026","passed","Thu Jul 09 18:46:52 UTC 2026","","Go Test","github.com/specterops/bloodhound/cmd/api/src/api/v2/TestResources_DeleteSavedQuery_RecordNotFound_EdgeCase","TestResources_DeleteSavedQuery_RecordNotFound_EdgeCase"
"","14","shows date placeholder if no hint is given","ManagedDatePicker - placeholders","Thu Jul 09 18:50:41 UTC 2026","passed","Thu Jul 09 18:50:41 UTC 2026","","","",""
"Test cases for TestGetADDataQualityStats_Success","2","TestGetADDataQualityStats_Success","","Thu Jul 09 18:46:52 UTC 2026","passed","Thu Jul 09 18:46:52 UTC 2026","","Go Test","github.com/specterops/bloodhound/cmd/api/src/api/v2/TestGetADDataQualityStats_Success","TestGetADDataQualityStats_Success"
"Test cases for TestMarshalString","0","TestMarshalString","","Thu Jul 09 18:46:57 UTC 2026","passed","Thu Jul 09 18:46:57 UTC 2026","","Go Test","github.com/specterops/bloodhound/cmd/api/src/database/types/null/TestMarshalString","TestMarshalString"
"Test cases for TestResources_ListADDomainDCSyncers","0","TestResources_ListADDomainDCSyncers","","Thu Jul 09 18:46:52 UTC 2026","passed","Thu Jul 09 18:46:52 UTC 2026","","Go Test","github.com/specterops/bloodhound/cmd/api/src/api/v2/TestResources_ListADDomainDCSyncers","TestResources_ListADDomainDCSyncers"
"Test cases for TestRequestWaitDuration_Failure","0","TestRequestWaitDuration_Failure","","Thu Jul 09 18:46:44 UTC 2026","passed","Thu Jul 09 18:46:44 UTC 2026","","Go Test","github.com/specterops/bloodhound/cmd/api/src/api/middleware/TestRequestWaitDuration_Failure","TestRequestWaitDuration_Failure"
"","0","returns a function that can set arrays query params removes previous values set to that array query param","searchParams","Thu Jul 09 18:51:29 UTC 2026","passed","Thu Jul 09 18:51:29 UTC 2026","","setSingleParamFactory","",""
"Test cases for TestExtractIngestFiles","8","TestExtractIngestFiles","","Thu Jul 09 18:47:02 UTC 2026","passed","Thu Jul 09 18:47:02 UTC 2026","","Go Test","github.com/specterops/bloodhound/cmd/api/src/services/graphify/TestExtractIngestFiles","TestExtractIngestFiles"
"","62","has a button with text Clear Filters","AssetGroupEdit","Thu Jul 09 18:49:50 UTC 2026","passed","Thu Jul 09 18:49:50 UTC 2026","","Clear Filters button","",""
"","82","displays the value thats passed via children","CodeController","Thu Jul 09 18:52:40 UTC 2026","passed","Thu Jul 09 18:52:40 UTC 2026","","","",""
"Test cases for TestRegister","1","TestRegister","","Thu Jul 09 18:47:46 UTC 2026","passed","Thu Jul 09 18:47:46 UTC 2026","","Go Test","github.com/specterops/bloodhound/server/analysis/internal/routes/TestRegister","TestRegister"
"","71","displays ! icon when one of the Affected Object calls fail","EntityInfoDataTable","Thu Jul 09 18:49:21 UTC 2026","passed","Thu Jul 09 18:49:21 UTC 2026","","Node count for nested table that counts all sections","",""
"","107","defaults to wrapped and removes .wrapped class when unwrap btn is clicked","CodeController","Thu Jul 09 18:52:40 UTC 2026","passed","Thu Jul 09 18:52:40 UTC 2026","","","",""
"","0","should handle the well formed entities","Evaluating the entity display name from a given entity","Thu Jul 09 18:49:44 UTC 2026","passed","Thu Jul 09 18:49:44 UTC 2026","","","",""
"Test cases for TestResources_DownloadCollectorChecksumByVersion","3","TestResources_DownloadCollectorChecksumByVersion","","Thu Jul 09 18:46:52 UTC 2026","passed","Thu Jul 09 18:46:52 UTC 2026","","Go Test","github.com/specterops/bloodhound/cmd/api/src/api/v2/TestResources_DownloadCollectorChecksumByVersion","TestResources_DownloadCollectorChecksumByVersion"
"","75","should render a label and version number when expanded","MainNav","Thu Jul 09 18:50:09 UTC 2026","passed","Thu Jul 09 18:50:09 UTC 2026","","","",""
"","8","omits sections whose items are all filtered out","useSubNavRoutes","Thu Jul 09 18:50:26 UTC 2026","passed","Thu Jul 09 18:50:26 UTC 2026","","","",""
"","490","should render","PasswordResetForm","Thu Jul 09 18:50:28 UTC 2026","passed","Thu Jul 09 18:50:29 UTC 2026","","","",""
"","918","should render a create user form","CreateUserDialog","Thu Jul 09 18:48:29 UTC 2026","passed","Thu Jul 09 18:48:30 UTC 2026","","","",""
"","86","renders a dash when actor is BloodHoundString","NoteCell component","Thu Jul 09 18:51:40 UTC 2026","passed","Thu Jul 09 18:51:40 UTC 2026","","","",""
"Test cases for TestValidateTOTPSecret","1","TestValidateTOTPSecret","","Thu Jul 09 18:46:52 UTC 2026","passed","Thu Jul 09 18:46:52 UTC 2026","","Go Test","github.com/specterops/bloodhound/cmd/api/src/auth/TestValidateTOTPSecret","TestValidateTOTPSecret"
"","3901","checking a single edge type updates its parent and grandparent","Pathfinding","Thu Jul 09 18:48:45 UTC 2026","passed","Thu Jul 09 18:48:49 UTC 2026","","","",""
"","569","should not have less characters than the minimum requirement","UpdateUserForm","Thu Jul 09 18:47:49 UTC 2026","passed","Thu Jul 09 18:47:49 UTC 2026","","","",""
"Test cases for TestManagementResource_SSOLoginHandler","9","TestManagementResource_SSOLoginHandler","","Thu Jul 09 18:47:39 UTC 2026","passed","Thu Jul 09 18:47:39 UTC 2026","","Go Test","github.com/specterops/bloodhound/cmd/api/src/api/v2/auth/TestManagementResource_SSOLoginHandler","TestManagementResource_SSOLoginHandler"
"Test cases for TestTypes_Scan_Success","0","TestTypes_Scan_Success","","Thu Jul 09 18:46:57 UTC 2026","passed","Thu Jul 09 18:46:57 UTC 2026","","Go Test","github.com/specterops/bloodhound/cmd/api/src/database/types/TestTypes_Scan_Success","TestTypes_Scan_Success"
"Test cases for TestSavedQueries_IsSortable","0","TestSavedQueries_IsSortable","","Thu Jul 09 18:46:58 UTC 2026","passed","Thu Jul 09 18:46:58 UTC 2026","","Go Test","github.com/specterops/bloodhound/cmd/api/src/model/TestSavedQueries_IsSortable","TestSavedQueries_IsSortable"
"","0","returns the difference between the node and the position","getNodeOffset","Thu Jul 09 18:54:08 UTC 2026","passed","Thu Jul 09 18:54:08 UTC 2026","","","",""
"","977","should eventually render previously configured SSO providers","SSOConfiguration","Thu Jul 09 18:49:43 UTC 2026","passed","Thu Jul 09 18:49:44 UTC 2026","","","",""
"Test cases for TestStore_PathHelpers","57","TestStore_PathHelpers","","Thu Jul 09 18:47:43 UTC 2026","passed","Thu Jul 09 18:47:43 UTC 2026","","Go Test","github.com/specterops/bloodhound/packages/go/storage/TestStore_PathHelpers","TestStore_PathHelpers"
"Test cases for TestManagementResource_ListRoles_PredicateMismatchWithColumn","0","TestManagementResource_ListRoles_PredicateMismatchWithColumn","","Thu Jul 09 18:46:57 UTC 2026","passed","Thu Jul 09 18:46:57 UTC 2026","","Go Test","github.com/specterops/bloodhound/cmd/api/src/api/v2/auth/TestManagementResource_ListRoles_PredicateMismatchWithColumn","TestManagementResource_ListRoles_PredicateMismatchWithColumn"
"","109","renders a single item when items is an object","<DetailsAccordion />","Thu Jul 09 18:49:36 UTC 2026","passed","Thu Jul 09 18:49:36 UTC 2026","","","",""
"Test cases for TestResources_ListADOUContainedComputers","1","TestResources_ListADOUContainedComputers","","Thu Jul 09 18:46:52 UTC 2026","passed","Thu Jul 09 18:46:52 UTC 2026","","Go Test","github.com/specterops/bloodhound/cmd/api/src/api/v2/TestResources_ListADOUContainedComputers","TestResources_ListADOUContainedComputers"
"","668","should display Environmental Targeted Access Control panel when showEnvironmentAccessControls prop is true and user role is selected","UpdateUserForm","Thu Jul 09 18:47:50 UTC 2026","passed","Thu Jul 09 18:47:51 UTC 2026","","","",""
"","1","filters by collected=false when ""no"" filter is active","filterAndSearchEnvironments","Thu Jul 09 18:48:03 UTC 2026","passed","Thu Jul 09 18:48:03 UTC 2026","","collected filters","",""
"Test cases for TestGetSkipParamForGraphQuery","0","TestGetSkipParamForGraphQuery","","Thu Jul 09 18:47:20 UTC 2026","passed","Thu Jul 09 18:47:20 UTC 2026","","Go Test","github.com/specterops/bloodhound/cmd/api/src/utils/TestGetSkipParamForGraphQuery","TestGetSkipParamForGraphQuery"
"Test cases for TestAnalysisPipelineStepShouldRun","8","TestAnalysisPipelineStepShouldRun","","Thu Jul 09 18:47:20 UTC 2026","passed","Thu Jul 09 18:47:20 UTC 2026","","Go Test","github.com/specterops/bloodhound/packages/go/analysis/TestAnalysisPipelineStepShouldRun","TestAnalysisPipelineStepShouldRun"
"Test cases for TestAnalysisErrorsEvaluateErrors","4","TestAnalysisErrorsEvaluateErrors","","Thu Jul 09 18:47:20 UTC 2026","passed","Thu Jul 09 18:47:20 UTC 2026","","Go Test","github.com/specterops/bloodhound/packages/go/analysis/TestAnalysisErrorsEvaluateErrors","TestAnalysisErrorsEvaluateErrors"
"","345","does not display a “Disable query timeout” checkbox when timeout limit param config is enabled true","ExploreSearch interaction","Thu Jul 09 18:53:39 UTC 2026","passed","Thu Jul 09 18:53:40 UTC 2026","","","",""
"","27","returns initialValue when the key is absent from localStorage","useLocalStorage","Thu Jul 09 18:50:10 UTC 2026","passed","Thu Jul 09 18:50:10 UTC 2026","","initial value","",""
"Test cases for TestEnsureServerDirectoriesCreatesRequiredDirectories","0","TestEnsureServerDirectoriesCreatesRequiredDirectories","","Thu Jul 09 18:46:52 UTC 2026","passed","Thu Jul 09 18:46:52 UTC 2026","","Go Test","github.com/specterops/bloodhound/cmd/api/src/bootstrap/TestEnsureServerDirectoriesCreatesRequiredDirectories","TestEnsureServerDirectoriesCreatesRequiredDirectories"
"","1153","open and closes dialog","DatabaseManagement","Thu Jul 09 18:53:28 UTC 2026","passed","Thu Jul 09 18:53:30 UTC 2026","","","",""
"","143","should disable the create provider button and not display providers if the user lacks permission","SSOConfiguration","Thu Jul 09 18:49:47 UTC 2026","passed","Thu Jul 09 18:49:47 UTC 2026","","","",""
"","64","returns a list of the users current permissions","usePermissions","Thu Jul 09 18:49:56 UTC 2026","passed","Thu Jul 09 18:49:56 UTC 2026","","","",""
"","226","dispatches an action to the delete the associated node","Rule Object Select","Thu Jul 09 18:51:34 UTC 2026","passed","Thu Jul 09 18:51:34 UTC 2026","","","",""
"","81","indicates that filters are inactive","AssetGroupEdit","Thu Jul 09 18:49:48 UTC 2026","passed","Thu Jul 09 18:49:49 UTC 2026","","","",""
"","695","executes a primary search when only a source node is provided","Pathfinding: interaction","Thu Jul 09 18:50:20 UTC 2026","passed","Thu Jul 09 18:50:21 UTC 2026","","","",""
"Test cases for TestInt64From","0","TestInt64From","","Thu Jul 09 18:46:57 UTC 2026","passed","Thu Jul 09 18:46:57 UTC 2026","","Go Test","github.com/specterops/bloodhound/cmd/api/src/database/types/null/TestInt64From","TestInt64From"
"Test cases for TestMinMaxValidator","1","TestMinMaxValidator","","Thu Jul 09 18:47:20 UTC 2026","passed","Thu Jul 09 18:47:20 UTC 2026","","Go Test","github.com/specterops/bloodhound/cmd/api/src/utils/validation/TestMinMaxValidator","TestMinMaxValidator"
"","669","should render","ExploreTable","Thu Jul 09 18:47:33 UTC 2026","passed","Thu Jul 09 18:47:34 UTC 2026","","","",""
"","224","calls onChangePinnedColumns to unpin a column when its pin icon is clicked","ManageColumnsComboBox","Thu Jul 09 18:49:40 UTC 2026","passed","Thu Jul 09 18:49:40 UTC 2026","","","",""
"","823","should display all available roles","CreateUserDialog","Thu Jul 09 18:48:32 UTC 2026","passed","Thu Jul 09 18:48:33 UTC 2026","","","",""
"Test cases for TestManagementResource_CreateAuthToken","17598","TestManagementResource_CreateAuthToken","","Thu Jul 09 18:47:22 UTC 2026","passed","Thu Jul 09 18:47:39 UTC 2026","","Go Test","github.com/specterops/bloodhound/cmd/api/src/api/v2/auth/TestManagementResource_CreateAuthToken","TestManagementResource_CreateAuthToken"
"","3140","handles delete by source kind","DatabaseManagement","Thu Jul 09 18:53:32 UTC 2026","passed","Thu Jul 09 18:53:35 UTC 2026","","","",""
"","91","should display a total count of asset group members","AssetGroupEdit","Thu Jul 09 18:51:14 UTC 2026","passed","Thu Jul 09 18:51:14 UTC 2026","","","",""
"","10","displays a pulsing indicator","StatusIndicator","Thu Jul 09 18:52:49 UTC 2026","passed","Thu Jul 09 18:52:49 UTC 2026","","","",""
"Test cases for TestFileServiceResolver_Resolve","4","TestFileServiceResolver_Resolve","","Thu Jul 09 18:47:04 UTC 2026","passed","Thu Jul 09 18:47:04 UTC 2026","","Go Test","github.com/specterops/bloodhound/cmd/api/src/services/storage/TestFileServiceResolver_Resolve","TestFileServiceResolver_Resolve"
"Test cases for TestAnalysisErrorsCoversPipelineSteps","0","TestAnalysisErrorsCoversPipelineSteps","","Thu Jul 09 18:47:20 UTC 2026","passed","Thu Jul 09 18:47:20 UTC 2026","","Go Test","github.com/specterops/bloodhound/packages/go/analysis/TestAnalysisErrorsCoversPipelineSteps","TestAnalysisErrorsCoversPipelineSteps"
"Test cases for TestLocalStore_Exists","40","TestLocalStore_Exists","","Thu Jul 09 18:47:43 UTC 2026","passed","Thu Jul 09 18:47:43 UTC 2026","","Go Test","github.com/specterops/bloodhound/packages/go/storage/TestLocalStore_Exists","TestLocalStore_Exists"
"","0","reports an Object ID-specific error when creating a rule and ruleType is SeedTypeObjectId and seeds are required","handleError","Thu Jul 09 18:49:07 UTC 2026","passed","Thu Jul 09 18:49:07 UTC 2026","","","",""
"Test cases for TestResources_ListAuditLogs","0","TestResources_ListAuditLogs","","Thu Jul 09 18:46:52 UTC 2026","passed","Thu Jul 09 18:46:52 UTC 2026","","Go Test","github.com/specterops/bloodhound/cmd/api/src/api/v2/TestResources_ListAuditLogs","TestResources_ListAuditLogs"
"","0","should return true when value partially matches term","compareTerm","Thu Jul 09 18:52:00 UTC 2026","passed","Thu Jul 09 18:52:00 UTC 2026","","","",""
"","322","renders the popup content with run, edit/share, and delete when the menu trigger","ListItemActionMenu","Thu Jul 09 18:51:29 UTC 2026","passed","Thu Jul 09 18:51:30 UTC 2026","","","",""
"TestRegister_RateLimitingReturns429 verifies that the graphdb routes are wiredwith the rate-limiting middleware and that requests exceeding the per-IP limitare rejected with 429 before reaching the handler.Because the rate limiter is registered as the outermost middleware layer(before the permissions check), even unauthenticated requests count againstthe limit and trigger 429 once the budget is exhausted.","0","TestRegister_RateLimitingReturns429","","Thu Jul 09 18:47:50 UTC 2026","passed","Thu Jul 09 18:47:50 UTC 2026","","Go Test","github.com/specterops/bloodhound/server/graphdb/internal/routes/TestRegister_RateLimitingReturns429","TestRegister_RateLimitingReturns429"
"Test cases for TestResources_ListADGroupSessions","0","TestResources_ListADGroupSessions","","Thu Jul 09 18:46:52 UTC 2026","passed","Thu Jul 09 18:46:52 UTC 2026","","Go Test","github.com/specterops/bloodhound/cmd/api/src/api/v2/TestResources_ListADGroupSessions","TestResources_ListADGroupSessions"
"Test cases for TestResources_ListPublishedToCAs","1","TestResources_ListPublishedToCAs","","Thu Jul 09 18:46:52 UTC 2026","passed","Thu Jul 09 18:46:52 UTC 2026","","Go Test","github.com/specterops/bloodhound/cmd/api/src/api/v2/TestResources_ListPublishedToCAs","TestResources_ListPublishedToCAs"
"","11","displays lastlogontimestamp cell as UNKNOWN when the value is 0","ExploreTableDataCell","Thu Jul 09 18:52:16 UTC 2026","passed","Thu Jul 09 18:52:16 UTC 2026","","","",""
"","148","does not highlight the table option when isExploreTableSelected is true but isExploreLayoutSelected is false","GraphControls","Thu Jul 09 18:48:07 UTC 2026","passed","Thu Jul 09 18:48:07 UTC 2026","","Table view selection state","",""
"","5","checks whether more data is needed when loadedCount changes","useInfiniteScroll","Thu Jul 09 18:51:28 UTC 2026","passed","Thu Jul 09 18:51:28 UTC 2026","","","",""
"Test cases for TestStore_GetFlagByID","0","TestStore_GetFlagByID","","Thu Jul 09 18:47:47 UTC 2026","passed","Thu Jul 09 18:47:47 UTC 2026","","Go Test","github.com/specterops/bloodhound/server/featureflags/internal/appdb/TestStore_GetFlagByID","TestStore_GetFlagByID"
"Test cases for TestCacheEntryDigester_DigestEndpoint_JSONMarshalError","0","TestCacheEntryDigester_DigestEndpoint_JSONMarshalError","","Thu Jul 09 18:47:03 UTC 2026","passed","Thu Jul 09 18:47:03 UTC 2026","","Go Test","github.com/specterops/bloodhound/cmd/api/src/services/graphify/endpoint/TestCacheEntryDigester_DigestEndpoint_JSONMarshalError","TestCacheEntryDigester_DigestEndpoint_JSONMarshalError"
"","151","disables the create user button and does not populate a table if the user lacks the permission","Users","Thu Jul 09 18:49:14 UTC 2026","passed","Thu Jul 09 18:49:15 UTC 2026","","","",""
"Test cases for TestManagementResource_ListRoles","0","TestManagementResource_ListRoles","","Thu Jul 09 18:46:58 UTC 2026","passed","Thu Jul 09 18:46:58 UTC 2026","","Go Test","github.com/specterops/bloodhound/cmd/api/src/api/v2/auth/TestManagementResource_ListRoles","TestManagementResource_ListRoles"
"Test cases for TestIntIsZero","0","TestIntIsZero","","Thu Jul 09 18:46:57 UTC 2026","passed","Thu Jul 09 18:46:57 UTC 2026","","Go Test","github.com/specterops/bloodhound/cmd/api/src/database/types/null/TestIntIsZero","TestIntIsZero"
"Test cases for TestManagementResource_ListAuthTokens_Filtered","0","TestManagementResource_ListAuthTokens_Filtered","","Thu Jul 09 18:47:22 UTC 2026","passed","Thu Jul 09 18:47:22 UTC 2026","","Go Test","github.com/specterops/bloodhound/cmd/api/src/api/v2/auth/TestManagementResource_ListAuthTokens_Filtered","TestManagementResource_ListAuthTokens_Filtered"
"Test cases for TestParseLimitQueryParameter","0","TestParseLimitQueryParameter","","Thu Jul 09 18:46:52 UTC 2026","passed","Thu Jul 09 18:46:52 UTC 2026","","Go Test","github.com/specterops/bloodhound/cmd/api/src/api/v2/TestParseLimitQueryParameter","TestParseLimitQueryParameter"
"","2","dispatches a storage event with null newValue when the key is removed","useLocalStorage","Thu Jul 09 18:50:10 UTC 2026","passed","Thu Jul 09 18:50:10 UTC 2026","","storage event synchronisation","",""
"","14","upon performing a search, updates the url params with the base64-encoded current query and sets searchType to 'cypher'","useCypherSearch","Thu Jul 09 18:52:30 UTC 2026","passed","Thu Jul 09 18:52:30 UTC 2026","","","",""
"Test cases for TestIntFrom","0","TestIntFrom","","Thu Jul 09 18:46:57 UTC 2026","passed","Thu Jul 09 18:46:57 UTC 2026","","Go Test","github.com/specterops/bloodhound/cmd/api/src/database/types/null/TestIntFrom","TestIntFrom"
"","165","onCancel is called when cancel is clicked","Enable2FADialog","Thu Jul 09 18:50:46 UTC 2026","passed","Thu Jul 09 18:50:46 UTC 2026","","","",""
"Test cases for TestAnalysisStepNames_ContainsNameForEachDefinedBit","18","TestAnalysisStepNames_ContainsNameForEachDefinedBit","","Thu Jul 09 18:46:58 UTC 2026","passed","Thu Jul 09 18:46:58 UTC 2026","","Go Test","github.com/specterops/bloodhound/cmd/api/src/model/TestAnalysisStepNames_ContainsNameForEachDefinedBit","TestAnalysisStepNames_ContainsNameForEachDefinedBit"
"","513","displays a warning dialog when mounted","EarlyAccessFeatures","Thu Jul 09 18:53:52 UTC 2026","passed","Thu Jul 09 18:53:52 UTC 2026","","","",""
"Test cases for TestDisenrollMFA_Admin_Success","4267","TestDisenrollMFA_Admin_Success","","Thu Jul 09 18:47:28 UTC 2026","passed","Thu Jul 09 18:47:32 UTC 2026","","Go Test","github.com/specterops/bloodhound/cmd/api/src/api/v2/auth/TestDisenrollMFA_Admin_Success","TestDisenrollMFA_Admin_Success"
"Test cases for TestResources_ListUsersMinimal","13","TestResources_ListUsersMinimal","","Thu Jul 09 18:47:39 UTC 2026","passed","Thu Jul 09 18:47:39 UTC 2026","","Go Test","github.com/specterops/bloodhound/cmd/api/src/api/v2/auth/TestResources_ListUsersMinimal","TestResources_ListUsersMinimal"
"","681","open and closes dialog with confirm button after user inputs required text","Tag Form","Thu Jul 09 18:47:43 UTC 2026","passed","Thu Jul 09 18:47:44 UTC 2026","","","",""
"Test cases for TestFloatValueOrZero","0","TestFloatValueOrZero","","Thu Jul 09 18:46:57 UTC 2026","passed","Thu Jul 09 18:46:57 UTC 2026","","Go Test","github.com/specterops/bloodhound/cmd/api/src/database/types/null/TestFloatValueOrZero","TestFloatValueOrZero"
"Test cases for TestResources_UpdateSavedQuery_OwnPrivateQuery_Success","0","TestResources_UpdateSavedQuery_OwnPrivateQuery_Success","","Thu Jul 09 18:46:52 UTC 2026","passed","Thu Jul 09 18:46:52 UTC 2026","","Go Test","github.com/specterops/bloodhound/cmd/api/src/api/v2/TestResources_UpdateSavedQuery_OwnPrivateQuery_Success","TestResources_UpdateSavedQuery_OwnPrivateQuery_Success"
"Test cases for TestGraphQuery_RawCypherQuery","8","TestGraphQuery_RawCypherQuery","","Thu Jul 09 18:47:00 UTC 2026","passed","Thu Jul 09 18:47:00 UTC 2026","","Go Test","github.com/specterops/bloodhound/cmd/api/src/queries/TestGraphQuery_RawCypherQuery","TestGraphQuery_RawCypherQuery"
"Test cases for TestGormLogAdapter_Info","0","TestGormLogAdapter_Info","","Thu Jul 09 18:46:57 UTC 2026","passed","Thu Jul 09 18:46:57 UTC 2026","","Go Test","github.com/specterops/bloodhound/cmd/api/src/database/TestGormLogAdapter_Info","TestGormLogAdapter_Info"
"Test cases for TestTextUnmarshalBool","0","TestTextUnmarshalBool","","Thu Jul 09 18:46:57 UTC 2026","passed","Thu Jul 09 18:46:57 UTC 2026","","Go Test","github.com/specterops/bloodhound/cmd/api/src/database/types/null/TestTextUnmarshalBool","TestTextUnmarshalBool"
"Test cases for TestRequireAllEnvironmentAccessMiddleware","0","TestRequireAllEnvironmentAccessMiddleware","","Thu Jul 09 18:46:44 UTC 2026","passed","Thu Jul 09 18:46:44 UTC 2026","","Go Test","github.com/specterops/bloodhound/cmd/api/src/api/middleware/TestRequireAllEnvironmentAccessMiddleware","TestRequireAllEnvironmentAccessMiddleware"
"Test cases for TestPasswordValidator","0","TestPasswordValidator","","Thu Jul 09 18:47:20 UTC 2026","passed","Thu Jul 09 18:47:20 UTC 2026","","Go Test","github.com/specterops/bloodhound/cmd/api/src/utils/validation/TestPasswordValidator","TestPasswordValidator"
"","3","returns default empty labels and relationshipTypes when called with no arguments","graphSchema","Thu Jul 09 18:52:26 UTC 2026","passed","Thu Jul 09 18:52:26 UTC 2026","","","",""
"Test cases for TestRetainedArchiveName","12","TestRetainedArchiveName","","Thu Jul 09 18:46:45 UTC 2026","passed","Thu Jul 09 18:46:45 UTC 2026","","Go Test","github.com/specterops/bloodhound/cmd/api/src/api/tools/TestRetainedArchiveName","TestRetainedArchiveName"
"","8","hides the item when only the feature flag passes","useSubNavRoutes","Thu Jul 09 18:50:26 UTC 2026","passed","Thu Jul 09 18:50:26 UTC 2026","","combined gates","",""
"Test cases for TestResources_ListADDomainForeignAdmins","0","TestResources_ListADDomainForeignAdmins","","Thu Jul 09 18:46:52 UTC 2026","passed","Thu Jul 09 18:46:52 UTC 2026","","Go Test","github.com/specterops/bloodhound/cmd/api/src/api/v2/TestResources_ListADDomainForeignAdmins","TestResources_ListADDomainForeignAdmins"
"","337","shows ""Clear All"" when all columns are selected","ManageColumnsComboBox","Thu Jul 09 18:49:38 UTC 2026","passed","Thu Jul 09 18:49:38 UTC 2026","","","",""
"Test cases for TestWriteBasic","0","TestWriteBasic","","Thu Jul 09 18:47:26 UTC 2026","passed","Thu Jul 09 18:47:26 UTC 2026","","Go Test","github.com/specterops/bloodhound/packages/go/responses/TestWriteBasic","TestWriteBasic"
"Test cases for TestMatches_FailureModel","0","TestMatches_FailureModel","","Thu Jul 09 18:46:58 UTC 2026","passed","Thu Jul 09 18:46:58 UTC 2026","","Go Test","github.com/specterops/bloodhound/cmd/api/src/model/TestMatches_FailureModel","TestMatches_FailureModel"
"","975","Explore URL Accounts for irregular characters in cypher query","Rule Form","Thu Jul 09 18:48:00 UTC 2026","passed","Thu Jul 09 18:48:01 UTC 2026","","","",""
"Test cases for TestIsValidClientVersion","0","TestIsValidClientVersion","","Thu Jul 09 18:47:20 UTC 2026","passed","Thu Jul 09 18:47:20 UTC 2026","","Go Test","github.com/specterops/bloodhound/cmd/api/src/utils/TestIsValidClientVersion","TestIsValidClientVersion"
"","473","renders the Namespace column header with focusable info icon","ActiveExtensionsCard","Thu Jul 09 18:48:05 UTC 2026","passed","Thu Jul 09 18:48:05 UTC 2026","","","",""
"","1163","a cypher search 404 does not render the GraphViewErrorAlert","GraphView","Thu Jul 09 18:53:25 UTC 2026","passed","Thu Jul 09 18:53:26 UTC 2026","","","",""
"Test cases for TestNewAnalysisRequestAdapter","0","TestNewAnalysisRequestAdapter","","Thu Jul 09 18:47:44 UTC 2026","passed","Thu Jul 09 18:47:44 UTC 2026","","Go Test","github.com/specterops/bloodhound/server/analysis/TestNewAnalysisRequestAdapter","TestNewAnalysisRequestAdapter"
"","4","wraps a plain value in single quotes","escapeCypherString","Thu Jul 09 18:52:52 UTC 2026","passed","Thu Jul 09 18:52:52 UTC 2026","","","",""
"Test cases for TestConvertDomainToNode_InheritanceHashes","0","TestConvertDomainToNode_InheritanceHashes","","Thu Jul 09 18:47:21 UTC 2026","passed","Thu Jul 09 18:47:21 UTC 2026","","Go Test","github.com/specterops/bloodhound/packages/go/ein/TestConvertDomainToNode_InheritanceHashes","TestConvertDomainToNode_InheritanceHashes"
"Test cases for TestHasValidRolesForETAC","0","TestHasValidRolesForETAC","","Thu Jul 09 18:46:52 UTC 2026","passed","Thu Jul 09 18:46:52 UTC 2026","","Go Test","github.com/specterops/bloodhound/cmd/api/src/api/v2/auth/TestHasValidRolesForETAC","TestHasValidRolesForETAC"
"","102","displays Force Password Reset checkbox when showNeedsPasswordReset is true","PasswordDialog","Thu Jul 09 18:48:19 UTC 2026","passed","Thu Jul 09 18:48:19 UTC 2026","","","",""
"","87","renders a list of pre-built searches and displays categories and subcategories one time","PrebuiltSearchList","Thu Jul 09 18:50:50 UTC 2026","passed","Thu Jul 09 18:50:50 UTC 2026","","","",""
"Test cases for Test_NewRequestSignature","2","Test_NewRequestSignature","","Thu Jul 09 18:46:41 UTC 2026","passed","Thu Jul 09 18:46:41 UTC 2026","","Go Test","github.com/specterops/bloodhound/cmd/api/src/api/Test_NewRequestSignature","Test_NewRequestSignature"
"Test cases for TestService_GetRelationship","1","TestService_GetRelationship","","Thu Jul 09 18:47:50 UTC 2026","passed","Thu Jul 09 18:47:50 UTC 2026","","Go Test","github.com/specterops/bloodhound/server/graphdb/internal/services/TestService_GetRelationship","TestService_GetRelationship"
"","18","displays a status label","StatusIndicator","Thu Jul 09 18:52:49 UTC 2026","passed","Thu Jul 09 18:52:49 UTC 2026","","","",""
"","657","adds node to asset group tag with confirmation","AssetGroupMenuItem","Thu Jul 09 18:49:45 UTC 2026","passed","Thu Jul 09 18:49:46 UTC 2026","","","",""
"","19","displays CaretUp icon when the sortOrder is asc","ColumnHeaders","Thu Jul 09 18:50:44 UTC 2026","passed","Thu Jul 09 18:50:44 UTC 2026","","SortableHeader","",""
"Test cases for TestGetLimitParamForGraphQuery","0","TestGetLimitParamForGraphQuery","","Thu Jul 09 18:47:20 UTC 2026","passed","Thu Jul 09 18:47:20 UTC 2026","","Go Test","github.com/specterops/bloodhound/cmd/api/src/utils/TestGetLimitParamForGraphQuery","TestGetLimitParamForGraphQuery"
"Test cases for TestMatches_FailureAction","0","TestMatches_FailureAction","","Thu Jul 09 18:46:58 UTC 2026","passed","Thu Jul 09 18:46:58 UTC 2026","","Go Test","github.com/specterops/bloodhound/cmd/api/src/model/TestMatches_FailureAction","TestMatches_FailureAction"
"","130","enables returning a list of tags","the useAssetGroupTags utilities","Thu Jul 09 18:49:33 UTC 2026","passed","Thu Jul 09 18:49:33 UTC 2026","","","",""
"Test cases for TestRewriter_Enter_CombinedADAndAzureShortcut_PreservesOrder","0","TestRewriter_Enter_CombinedADAndAzureShortcut_PreservesOrder","","Thu Jul 09 18:47:00 UTC 2026","passed","Thu Jul 09 18:47:00 UTC 2026","","Go Test","github.com/specterops/bloodhound/cmd/api/src/queries/TestRewriter_Enter_CombinedADAndAzureShortcut_PreservesOrder","TestRewriter_Enter_CombinedADAndAzureShortcut_PreservesOrder"
"Test cases for TestResources_CreateSavedQuery","3","TestResources_CreateSavedQuery","","Thu Jul 09 18:46:52 UTC 2026","passed","Thu Jul 09 18:46:52 UTC 2026","","Go Test","github.com/specterops/bloodhound/cmd/api/src/api/v2/TestResources_CreateSavedQuery","TestResources_CreateSavedQuery"
"Test cases for TestResources_ListTrustedCAs","9","TestResources_ListTrustedCAs","","Thu Jul 09 18:46:52 UTC 2026","passed","Thu Jul 09 18:46:52 UTC 2026","","Go Test","github.com/specterops/bloodhound/cmd/api/src/api/v2/TestResources_ListTrustedCAs","TestResources_ListTrustedCAs"
"Test cases for TestManagementResource_DeleteOIDCProvider","1","TestManagementResource_DeleteOIDCProvider","","Thu Jul 09 18:47:39 UTC 2026","passed","Thu Jul 09 18:47:39 UTC 2026","","Go Test","github.com/specterops/bloodhound/cmd/api/src/api/v2/auth/TestManagementResource_DeleteOIDCProvider","TestManagementResource_DeleteOIDCProvider"
"Test cases for TestResources_GetSearchResult","0","TestResources_GetSearchResult","","Thu Jul 09 18:46:52 UTC 2026","passed","Thu Jul 09 18:46:52 UTC 2026","","Go Test","github.com/specterops/bloodhound/cmd/api/src/api/v2/TestResources_GetSearchResult","TestResources_GetSearchResult"
"Test cases for TestResources_CreateSavedQuery_NotAUserAuth","0","TestResources_CreateSavedQuery_NotAUserAuth","","Thu Jul 09 18:46:52 UTC 2026","passed","Thu Jul 09 18:46:52 UTC 2026","","Go Test","github.com/specterops/bloodhound/cmd/api/src/api/v2/TestResources_CreateSavedQuery_NotAUserAuth","TestResources_CreateSavedQuery_NotAUserAuth"
"","596","displays correct content based on platform filter Azure","CommonSearches","Thu Jul 09 18:49:41 UTC 2026","passed","Thu Jul 09 18:49:41 UTC 2026","","","",""
"","2","formats the date string","toFormatted","Thu Jul 09 18:52:13 UTC 2026","passed","Thu Jul 09 18:52:13 UTC 2026","","","",""
"Test cases for TestWriteError","0","TestWriteError","","Thu Jul 09 18:47:26 UTC 2026","passed","Thu Jul 09 18:47:26 UTC 2026","","Go Test","github.com/specterops/bloodhound/packages/go/responses/TestWriteError","TestWriteError"
"Test cases for TestJSONFloat_MarshalJSON_NaN","0","TestJSONFloat_MarshalJSON_NaN","","Thu Jul 09 18:46:57 UTC 2026","passed","Thu Jul 09 18:46:57 UTC 2026","","Go Test","github.com/specterops/bloodhound/cmd/api/src/database/types/nan/TestJSONFloat_MarshalJSON_NaN","TestJSONFloat_MarshalJSON_NaN"
"Test cases for TestGenerateTOTPSecret","0","TestGenerateTOTPSecret","","Thu Jul 09 18:46:52 UTC 2026","passed","Thu Jul 09 18:46:52 UTC 2026","","Go Test","github.com/specterops/bloodhound/cmd/api/src/auth/TestGenerateTOTPSecret","TestGenerateTOTPSecret"
"Test cases for TestManagementResource_ListSAMLSignOnEndpoints","17","TestManagementResource_ListSAMLSignOnEndpoints","","Thu Jul 09 18:47:39 UTC 2026","passed","Thu Jul 09 18:47:39 UTC 2026","","Go Test","github.com/specterops/bloodhound/cmd/api/src/api/v2/auth/TestManagementResource_ListSAMLSignOnEndpoints","TestManagementResource_ListSAMLSignOnEndpoints"
"","10","succeeds for valid password","testPassword","Thu Jul 09 18:52:57 UTC 2026","passed","Thu Jul 09 18:52:57 UTC 2026","","","",""
"","23","should render when search string is in the middle of the text","HighlightedText","Thu Jul 09 18:52:12 UTC 2026","passed","Thu Jul 09 18:52:12 UTC 2026","","","",""
"Test cases for TestGenericAssign","0","TestGenericAssign","","Thu Jul 09 18:47:20 UTC 2026","passed","Thu Jul 09 18:47:20 UTC 2026","","Go Test","github.com/specterops/bloodhound/cmd/api/src/utils/TestGenericAssign","TestGenericAssign"
"","0","The user has yet to type into the search (for OU and Domain searches that have hard coded types)","Getting the text for the disabled item display for a search when there are no results","Thu Jul 09 18:51:59 UTC 2026","passed","Thu Jul 09 18:51:59 UTC 2026","","Empty data states","",""
"Test cases for TestDeduplicateKinds","0","TestDeduplicateKinds","","Thu Jul 09 18:47:02 UTC 2026","passed","Thu Jul 09 18:47:02 UTC 2026","","Go Test","github.com/specterops/bloodhound/cmd/api/src/services/graphify/TestDeduplicateKinds","TestDeduplicateKinds"
"","0","reports an API error when there is only statusText","handleError","Thu Jul 09 18:49:07 UTC 2026","passed","Thu Jul 09 18:49:07 UTC 2026","","","",""
"","242","closes the dropdown when clicking outside","ManageColumnsComboBox","Thu Jul 09 18:49:40 UTC 2026","passed","Thu Jul 09 18:49:40 UTC 2026","","","",""
"Test cases for Test_ParseSortParameters","1","Test_ParseSortParameters","","Thu Jul 09 18:46:41 UTC 2026","passed","Thu Jul 09 18:46:41 UTC 2026","","Go Test","github.com/specterops/bloodhound/cmd/api/src/api/Test_ParseSortParameters","Test_ParseSortParameters"
"","325","renders with applied filters","Privilege Zones History Filter Dialog","Thu Jul 09 18:50:18 UTC 2026","passed","Thu Jul 09 18:50:19 UTC 2026","","","",""
"","877","should render with a full list of multiple tenants and domains","Simple Environment Selector","Thu Jul 09 18:50:00 UTC 2026","passed","Thu Jul 09 18:50:01 UTC 2026","","","",""
"Test cases for TestParseAssetGroupTagIdParams","219","TestParseAssetGroupTagIdParams","","Thu Jul 09 18:46:41 UTC 2026","passed","Thu Jul 09 18:46:41 UTC 2026","","Go Test","github.com/specterops/bloodhound/cmd/api/src/api/TestParseAssetGroupTagIdParams","TestParseAssetGroupTagIdParams"
"Test cases for TestCreateUser_Success","1075","TestCreateUser_Success","","Thu Jul 09 18:46:59 UTC 2026","passed","Thu Jul 09 18:47:00 UTC 2026","","Go Test","github.com/specterops/bloodhound/cmd/api/src/api/v2/auth/TestCreateUser_Success","TestCreateUser_Success"
"Test cases for TestManagementResource_UpdateUser_ETAC","3372","TestManagementResource_UpdateUser_ETAC","","Thu Jul 09 18:47:18 UTC 2026","passed","Thu Jul 09 18:47:22 UTC 2026","","Go Test","github.com/specterops/bloodhound/cmd/api/src/api/v2/auth/TestManagementResource_UpdateUser_ETAC","TestManagementResource_UpdateUser_ETAC"
"Test cases for TestResources_GetDomainEntityInfo","0","TestResources_GetDomainEntityInfo","","Thu Jul 09 18:46:52 UTC 2026","passed","Thu Jul 09 18:46:52 UTC 2026","","Go Test","github.com/specterops/bloodhound/cmd/api/src/api/v2/TestResources_GetDomainEntityInfo","TestResources_GetDomainEntityInfo"
"Test cases for TestTextUnmarshalInt64","0","TestTextUnmarshalInt64","","Thu Jul 09 18:46:57 UTC 2026","passed","Thu Jul 09 18:46:57 UTC 2026","","Go Test","github.com/specterops/bloodhound/cmd/api/src/database/types/null/TestTextUnmarshalInt64","TestTextUnmarshalInt64"
"","236","fires editQuery in context provider","ListItemActionMenu","Thu Jul 09 18:51:31 UTC 2026","passed","Thu Jul 09 18:51:31 UTC 2026","","","",""
"Test cases for TestSignRequestValuesUnsupportedHMACMethod","0","TestSignRequestValuesUnsupportedHMACMethod","","Thu Jul 09 18:46:41 UTC 2026","passed","Thu Jul 09 18:46:41 UTC 2026","","Go Test","github.com/specterops/bloodhound/cmd/api/src/api/TestSignRequestValuesUnsupportedHMACMethod","TestSignRequestValuesUnsupportedHMACMethod"
"","0","reports an API error when the name for the rule is not unique","handleError","Thu Jul 09 18:49:07 UTC 2026","passed","Thu Jul 09 18:49:07 UTC 2026","","","",""
"Test cases for TestResources_ListADUserSessions","1","TestResources_ListADUserSessions","","Thu Jul 09 18:46:52 UTC 2026","passed","Thu Jul 09 18:46:52 UTC 2026","","Go Test","github.com/specterops/bloodhound/cmd/api/src/api/v2/TestResources_ListADUserSessions","TestResources_ListADUserSessions"
"","369","shows all extensions when search is cleared","ActiveExtensionsCard","Thu Jul 09 18:48:06 UTC 2026","passed","Thu Jul 09 18:48:07 UTC 2026","","","",""
"Test cases for TestAnalysisStepsMerge","18","TestAnalysisStepsMerge","","Thu Jul 09 18:46:58 UTC 2026","passed","Thu Jul 09 18:46:58 UTC 2026","","Go Test","github.com/specterops/bloodhound/cmd/api/src/model/TestAnalysisStepsMerge","TestAnalysisStepsMerge"
"Test cases for TestLocalStore_Close","1","TestLocalStore_Close","","Thu Jul 09 18:47:43 UTC 2026","passed","Thu Jul 09 18:47:43 UTC 2026","","Go Test","github.com/specterops/bloodhound/packages/go/storage/TestLocalStore_Close","TestLocalStore_Close"
"","516","clicking cancel on the form takes the user back to the details page the user was on previously","Rule Form","Thu Jul 09 18:47:51 UTC 2026","passed","Thu Jul 09 18:47:51 UTC 2026","","","",""
"","0","returns all environments when both ""yes"" and ""no"" filters are active","filterAndSearchEnvironments","Thu Jul 09 18:48:03 UTC 2026","passed","Thu Jul 09 18:48:03 UTC 2026","","collected filters","",""
"","42","the queries in the list only include nodes and edges that are defined in our schema","common search list","Thu Jul 09 18:52:33 UTC 2026","passed","Thu Jul 09 18:52:33 UTC 2026","","","",""
"","101","calls handleFilterChange with all filter types and empty strings when clicked while filters are active","AssetGroupEdit","Thu Jul 09 18:49:50 UTC 2026","passed","Thu Jul 09 18:49:50 UTC 2026","","Clear Filters button","",""
"Test cases for TestAssetGroupMembers_Filter_Equals","0","TestAssetGroupMembers_Filter_Equals","","Thu Jul 09 18:46:41 UTC 2026","passed","Thu Jul 09 18:46:41 UTC 2026","","Go Test","github.com/specterops/bloodhound/cmd/api/src/api/TestAssetGroupMembers_Filter_Equals","TestAssetGroupMembers_Filter_Equals"
"Test cases for TestHandlers_GetRequest","3","TestHandlers_GetRequest","","Thu Jul 09 18:47:45 UTC 2026","passed","Thu Jul 09 18:47:45 UTC 2026","","Go Test","github.com/specterops/bloodhound/server/analysis/internal/handlers/TestHandlers_GetRequest","TestHandlers_GetRequest"
"","0","fails for password with control characters","testPassword","Thu Jul 09 18:52:57 UTC 2026","passed","Thu Jul 09 18:52:57 UTC 2026","","","",""
"","1164","should display a dropdown when a user types a partial query that can be autocompleted","CypherSearch","Thu Jul 09 18:48:31 UTC 2026","passed","Thu Jul 09 18:48:32 UTC 2026","","","",""
"","4","calls the provided notification method","handleError","Thu Jul 09 18:49:07 UTC 2026","passed","Thu Jul 09 18:49:07 UTC 2026","","","",""
"Test cases for FuzzFoldr","0","FuzzFoldr","","Thu Jul 09 18:47:39 UTC 2026","passed","Thu Jul 09 18:47:39 UTC 2026","","Go Test","github.com/specterops/bloodhound/packages/go/slicesext/FuzzFoldr","FuzzFoldr"
"Test cases for TestResolver_StartDone","11","TestResolver_StartDone","","Thu Jul 09 18:47:03 UTC 2026","passed","Thu Jul 09 18:47:03 UTC 2026","","Go Test","github.com/specterops/bloodhound/cmd/api/src/services/graphify/endpoint/TestResolver_StartDone","TestResolver_StartDone"
"Test cases for TestGC_Start","1000","TestGC_Start","","Thu Jul 09 18:46:55 UTC 2026","passed","Thu Jul 09 18:46:56 UTC 2026","","Go Test","github.com/specterops/bloodhound/cmd/api/src/daemons/gc/TestGC_Start","TestGC_Start"
"","12","does not open the Schema Upload dialog via drag when the Quick Upload dialog is already open","SchemaUploadDialog","Thu Jul 09 18:49:03 UTC 2026","passed","Thu Jul 09 18:49:03 UTC 2026","","","",""
"Test cases for TestArgon2Digest_String","0","TestArgon2Digest_String","","Thu Jul 09 18:47:21 UTC 2026","passed","Thu Jul 09 18:47:21 UTC 2026","","Go Test","github.com/specterops/bloodhound/packages/go/crypto/TestArgon2Digest_String","TestArgon2Digest_String"
"","108","renders enabled prop when flag is enabled","FeatureFlag","Thu Jul 09 18:51:57 UTC 2026","passed","Thu Jul 09 18:51:57 UTC 2026","","","",""
"Test cases for TestDomainSelectors_GetFilterCriteria_Domain","0","TestDomainSelectors_GetFilterCriteria_Domain","","Thu Jul 09 18:46:58 UTC 2026","passed","Thu Jul 09 18:46:58 UTC 2026","","Go Test","github.com/specterops/bloodhound/cmd/api/src/model/TestDomainSelectors_GetFilterCriteria_Domain","TestDomainSelectors_GetFilterCriteria_Domain"
"","64","should should reflect the NOT checked state for public query","SavedQueryPermissions","Thu Jul 09 18:51:19 UTC 2026","passed","Thu Jul 09 18:51:19 UTC 2026","","","",""
"","1808","renders","DatabaseManagement","Thu Jul 09 18:53:25 UTC 2026","passed","Thu Jul 09 18:53:26 UTC 2026","","","",""
"","25","sets the document title using the app name from AppNameProvider","PageWithTitle","Thu Jul 09 18:52:57 UTC 2026","passed","Thu Jul 09 18:52:57 UTC 2026","","","",""
"TestMigrator_GenerateManifest tests the full integrity of a Manifest generatedfrom 3 different Source's:1) Correct number of total migrations detected.2) Correct number of versions detected.3) The VersionTable has all versions, in order.4) All versions have the correct number of migrations.5) Schema files generate v0.0.0 migrations.6) Migrations are ordered within each version, in the order the Source was defined.","0","TestMigrator_GenerateManifest","","Thu Jul 09 18:46:57 UTC 2026","passed","Thu Jul 09 18:46:57 UTC 2026","","Go Test","github.com/specterops/bloodhound/cmd/api/src/database/migration/TestMigrator_GenerateManifest","TestMigrator_GenerateManifest"
"","2324","should clear out the SSO Provider id from submission data when the authentication method is changed","CreateUserDialog","Thu Jul 09 18:48:35 UTC 2026","passed","Thu Jul 09 18:48:37 UTC 2026","","","",""
"","4550","should render","Pathfinding","Thu Jul 09 18:48:13 UTC 2026","passed","Thu Jul 09 18:48:18 UTC 2026","","","",""
"","13","sets autoDisplayTable to false if query type is composition","useExploreTableAutoDisplay","Thu Jul 09 18:51:48 UTC 2026","passed","Thu Jul 09 18:51:48 UTC 2026","","","",""
"Test cases for TestAssetGroupSelectorSpec_Validate","3","TestAssetGroupSelectorSpec_Validate","","Thu Jul 09 18:46:58 UTC 2026","passed","Thu Jul 09 18:46:58 UTC 2026","","Go Test","github.com/specterops/bloodhound/cmd/api/src/model/TestAssetGroupSelectorSpec_Validate","TestAssetGroupSelectorSpec_Validate"
"","8","hides items when the user is missing a required permission","useSubNavRoutes","Thu Jul 09 18:50:26 UTC 2026","passed","Thu Jul 09 18:50:26 UTC 2026","","permissions gate","",""
"","752","shows success notification after successful deletion","ActiveExtensionsCard","Thu Jul 09 18:48:10 UTC 2026","passed","Thu Jul 09 18:48:11 UTC 2026","","","",""
"Test cases for TestMarshalIntText","0","TestMarshalIntText","","Thu Jul 09 18:46:57 UTC 2026","passed","Thu Jul 09 18:46:57 UTC 2026","","Go Test","github.com/specterops/bloodhound/cmd/api/src/database/types/null/TestMarshalIntText","TestMarshalIntText"
"","78","indicates the code container is scrollable when the code is unwrapped","CodeController","Thu Jul 09 18:52:40 UTC 2026","passed","Thu Jul 09 18:52:40 UTC 2026","","","",""
"Test cases for TestResources_GetAssetGroupMemberCount_DBError","0","TestResources_GetAssetGroupMemberCount_DBError","","Thu Jul 09 18:46:52 UTC 2026","passed","Thu Jul 09 18:46:52 UTC 2026","","Go Test","github.com/specterops/bloodhound/cmd/api/src/api/v2/TestResources_GetAssetGroupMemberCount_DBError","TestResources_GetAssetGroupMemberCount_DBError"
"Test cases for TestResources_ListADDomainOutboundTrusts","0","TestResources_ListADDomainOutboundTrusts","","Thu Jul 09 18:46:52 UTC 2026","passed","Thu Jul 09 18:46:52 UTC 2026","","Go Test","github.com/specterops/bloodhound/cmd/api/src/api/v2/TestResources_ListADDomainOutboundTrusts","TestResources_ListADDomainOutboundTrusts"
"Test cases for TestNewPipelineStepsAreRunnable","0","TestNewPipelineStepsAreRunnable","","Thu Jul 09 18:47:20 UTC 2026","passed","Thu Jul 09 18:47:20 UTC 2026","","Go Test","github.com/specterops/bloodhound/packages/go/analysis/TestNewPipelineStepsAreRunnable","TestNewPipelineStepsAreRunnable"
"Test cases for TestManagementResource_ListUsers","0","TestManagementResource_ListUsers","","Thu Jul 09 18:46:58 UTC 2026","passed","Thu Jul 09 18:46:58 UTC 2026","","Go Test","github.com/specterops/bloodhound/cmd/api/src/api/v2/auth/TestManagementResource_ListUsers","TestManagementResource_ListUsers"
"Test cases for TestManagementResource_SAMLLoginHandler","12","TestManagementResource_SAMLLoginHandler","","Thu Jul 09 18:47:39 UTC 2026","passed","Thu Jul 09 18:47:39 UTC 2026","","Go Test","github.com/specterops/bloodhound/cmd/api/src/api/v2/auth/TestManagementResource_SAMLLoginHandler","TestManagementResource_SAMLLoginHandler"
"","12","sets descending sort state for a new sorted column","useSortParams","Thu Jul 09 18:51:23 UTC 2026","passed","Thu Jul 09 18:51:23 UTC 2026","","","",""
"Test cases for Test_GetAssetGroupMembersByTag","1","Test_GetAssetGroupMembersByTag","","Thu Jul 09 18:46:52 UTC 2026","passed","Thu Jul 09 18:46:52 UTC 2026","","Go Test","github.com/specterops/bloodhound/cmd/api/src/api/v2/Test_GetAssetGroupMembersByTag","Test_GetAssetGroupMembersByTag"
"Test cases for TestContextMiddlewareBypassEnabled","0","TestContextMiddlewareBypassEnabled","","Thu Jul 09 18:46:44 UTC 2026","passed","Thu Jul 09 18:46:44 UTC 2026","","Go Test","github.com/specterops/bloodhound/cmd/api/src/api/middleware/TestContextMiddlewareBypassEnabled","TestContextMiddlewareBypassEnabled"
"","846","should render","ExploreSearch rendering per tab","Thu Jul 09 18:53:33 UTC 2026","passed","Thu Jul 09 18:53:33 UTC 2026","","","",""
"","22","displays CaretDownOutline icon when the sortOrder is undefined","ColumnHeaders","Thu Jul 09 18:50:44 UTC 2026","passed","Thu Jul 09 18:50:44 UTC 2026","","SortableHeader","",""
"Test cases for TestNewDefaultConfig","0","TestNewDefaultConfig","","Thu Jul 09 18:46:52 UTC 2026","passed","Thu Jul 09 18:46:52 UTC 2026","","Go Test","github.com/specterops/bloodhound/cmd/api/src/config/TestNewDefaultConfig","TestNewDefaultConfig"
"","2","does not fetch more data when scrolling outside the default bottom threshold","useInfiniteScroll","Thu Jul 09 18:51:28 UTC 2026","passed","Thu Jul 09 18:51:28 UTC 2026","","","",""
"","8","hides the item when only the permission passes","useSubNavRoutes","Thu Jul 09 18:50:26 UTC 2026","passed","Thu Jul 09 18:50:26 UTC 2026","","combined gates","",""
"","0","should handle an undefined or null entity","Evaluating the entity display name from a given entity","Thu Jul 09 18:49:44 UTC 2026","passed","Thu Jul 09 18:49:44 UTC 2026","","","",""
"","1","EXTENDED ROUNDING with different thresholds","numberFormatting","Thu Jul 09 18:50:48 UTC 2026","passed","Thu Jul 09 18:50:48 UTC 2026","","","",""
"Test cases for TestDomainSelectors_GetFilterCriteria_InvalidFilterPredicate","13","TestDomainSelectors_GetFilterCriteria_InvalidFilterPredicate","","Thu Jul 09 18:46:58 UTC 2026","passed","Thu Jul 09 18:46:58 UTC 2026","","Go Test","github.com/specterops/bloodhound/cmd/api/src/model/TestDomainSelectors_GetFilterCriteria_InvalidFilterPredicate","TestDomainSelectors_GetFilterCriteria_InvalidFilterPredicate"
"","0","returns empty arrays when kinds data has empty arrays","graphSchema","Thu Jul 09 18:52:26 UTC 2026","passed","Thu Jul 09 18:52:26 UTC 2026","","","",""
"","29","when user has a disallowed role for a route with disallowed roles, they see the disallowed notification.","AuthenticatedRoute","Thu Jul 09 18:53:50 UTC 2026","passed","Thu Jul 09 18:53:50 UTC 2026","","","",""
"","140","renders Zone as first tab and is also the initially selected on first render in Zone View/Tab","Selected Details Tabs","Thu Jul 09 18:50:16 UTC 2026","passed","Thu Jul 09 18:50:16 UTC 2026","","Selected Details Tabs - Params present","",""
"","10","does not set the document title when no title prop is provided","PageWithTitle","Thu Jul 09 18:52:57 UTC 2026","passed","Thu Jul 09 18:52:57 UTC 2026","","","",""
"","74","disables delete button for user without correct permissions","ActiveExtensionsCard","Thu Jul 09 18:48:08 UTC 2026","passed","Thu Jul 09 18:48:08 UTC 2026","","","",""
"","1105","should render many sections with many navigation items","SubNav","Thu Jul 09 18:51:44 UTC 2026","passed","Thu Jul 09 18:51:45 UTC 2026","","","",""
"","628","calls delete mutation when confirm button is clicked with correct input","ActiveExtensionsCard","Thu Jul 09 18:48:09 UTC 2026","passed","Thu Jul 09 18:48:10 UTC 2026","","","",""
"","13","removes key from state","useObjectState","Thu Jul 09 18:52:12 UTC 2026","passed","Thu Jul 09 18:52:12 UTC 2026","","","",""
"Test cases for TestResources_ListADGroupMembership","1","TestResources_ListADGroupMembership","","Thu Jul 09 18:46:52 UTC 2026","passed","Thu Jul 09 18:46:52 UTC 2026","","Go Test","github.com/specterops/bloodhound/cmd/api/src/api/v2/TestResources_ListADGroupMembership","TestResources_ListADGroupMembership"
"","2","should include all operations when the tag matches the term","opsFilter","Thu Jul 09 18:52:00 UTC 2026","passed","Thu Jul 09 18:52:00 UTC 2026","","","",""
"","79","displays a warning when there is a problem fetching the list of collectors","DownloadCollectors","Thu Jul 09 18:53:44 UTC 2026","passed","Thu Jul 09 18:53:44 UTC 2026","","","",""
"","0","returns the distance between two coordinates","getDistanceBetween","Thu Jul 09 18:54:08 UTC 2026","passed","Thu Jul 09 18:54:08 UTC 2026","","","",""
"","3","stores an array value in localStorage","useLocalStorage","Thu Jul 09 18:50:10 UTC 2026","passed","Thu Jul 09 18:50:10 UTC 2026","","setValue","",""
"","1","should include a tag with only the matching operations when the path matches","opsFilter","Thu Jul 09 18:52:00 UTC 2026","passed","Thu Jul 09 18:52:00 UTC 2026","","","",""
"Test cases for TestPermissionsCheckAtLeastOne","0","TestPermissionsCheckAtLeastOne","","Thu Jul 09 18:46:44 UTC 2026","passed","Thu Jul 09 18:46:44 UTC 2026","","Go Test","github.com/specterops/bloodhound/cmd/api/src/api/middleware/TestPermissionsCheckAtLeastOne","TestPermissionsCheckAtLeastOne"
"Test cases for TestStore_Get","49","TestStore_Get","","Thu Jul 09 18:47:43 UTC 2026","passed","Thu Jul 09 18:47:43 UTC 2026","","Go Test","github.com/specterops/bloodhound/packages/go/storage/TestStore_Get","TestStore_Get"
"Test cases for TestResources_ListADDomainForeignGPOControllers","1","TestResources_ListADDomainForeignGPOControllers","","Thu Jul 09 18:46:52 UTC 2026","passed","Thu Jul 09 18:46:52 UTC 2026","","Go Test","github.com/specterops/bloodhound/cmd/api/src/api/v2/TestResources_ListADDomainForeignGPOControllers","TestResources_ListADDomainForeignGPOControllers"
"Test cases for TestRoleAssignments_NodeHasRole","0","TestRoleAssignments_NodeHasRole","","Thu Jul 09 18:47:20 UTC 2026","passed","Thu Jul 09 18:47:20 UTC 2026","","Go Test","github.com/specterops/bloodhound/packages/go/analysis/azure/TestRoleAssignments_NodeHasRole","TestRoleAssignments_NodeHasRole"
"Test that the digester handles empty property lists gracefully","0","TestCacheEntryDigester_EmptyMatchers","","Thu Jul 09 18:47:03 UTC 2026","passed","Thu Jul 09 18:47:03 UTC 2026","","Go Test","github.com/specterops/bloodhound/cmd/api/src/services/graphify/endpoint/TestCacheEntryDigester_EmptyMatchers","TestCacheEntryDigester_EmptyMatchers"
"Test cases for TestParseSkipQueryParameter_Invalid","0","TestParseSkipQueryParameter_Invalid","","Thu Jul 09 18:46:52 UTC 2026","passed","Thu Jul 09 18:46:52 UTC 2026","","Go Test","github.com/specterops/bloodhound/cmd/api/src/api/v2/TestParseSkipQueryParameter_Invalid","TestParseSkipQueryParameter_Invalid"
"Test cases for TestResources_CreateSavedQuery_EmptyBody","0","TestResources_CreateSavedQuery_EmptyBody","","Thu Jul 09 18:46:52 UTC 2026","passed","Thu Jul 09 18:46:52 UTC 2026","","Go Test","github.com/specterops/bloodhound/cmd/api/src/api/v2/TestResources_CreateSavedQuery_EmptyBody","TestResources_CreateSavedQuery_EmptyBody"
"Test cases for TestNewNodeNamePrefix","1","TestNewNodeNamePrefix","","Thu Jul 09 18:47:20 UTC 2026","passed","Thu Jul 09 18:47:20 UTC 2026","","Go Test","github.com/specterops/bloodhound/packages/go/analysis/ad/wellknown/TestNewNodeNamePrefix","TestNewNodeNamePrefix"
"","0","returns Cypher message when ruleType is SeedTypeCypher and seeds are required","getErrorMessage","Thu Jul 09 18:49:07 UTC 2026","passed","Thu Jul 09 18:49:07 UTC 2026","","","",""
"","836","should render","CypherSearch","Thu Jul 09 18:48:29 UTC 2026","passed","Thu Jul 09 18:48:30 UTC 2026","","","",""
"Test cases for TestCreateAssetGroupRequest_AuditData","0","TestCreateAssetGroupRequest_AuditData","","Thu Jul 09 18:46:52 UTC 2026","passed","Thu Jul 09 18:46:52 UTC 2026","","Go Test","github.com/specterops/bloodhound/cmd/api/src/api/v2/TestCreateAssetGroupRequest_AuditData","TestCreateAssetGroupRequest_AuditData"
"Test cases for TestResources_ListADOUContainedUsers","12","TestResources_ListADOUContainedUsers","","Thu Jul 09 18:46:52 UTC 2026","passed","Thu Jul 09 18:46:52 UTC 2026","","Go Test","github.com/specterops/bloodhound/cmd/api/src/api/v2/TestResources_ListADOUContainedUsers","TestResources_ListADOUContainedUsers"
"","2","removes the key when undefined is passed to the setter","useLocalStorage","Thu Jul 09 18:50:10 UTC 2026","passed","Thu Jul 09 18:50:10 UTC 2026","","setValue","",""
"Test cases for TestResources_DeleteSavedQuery_DBError","0","TestResources_DeleteSavedQuery_DBError","","Thu Jul 09 18:46:52 UTC 2026","passed","Thu Jul 09 18:46:52 UTC 2026","","Go Test","github.com/specterops/bloodhound/cmd/api/src/api/v2/TestResources_DeleteSavedQuery_DBError","TestResources_DeleteSavedQuery_DBError"
"Test cases for TestResources_BuildDeleteRequest","0","TestResources_BuildDeleteRequest","","Thu Jul 09 18:46:52 UTC 2026","passed","Thu Jul 09 18:46:52 UTC 2026","","Go Test","github.com/specterops/bloodhound/cmd/api/src/api/v2/TestResources_BuildDeleteRequest","TestResources_BuildDeleteRequest"
"Test cases for TestArgon2Digest_Validate","3","TestArgon2Digest_Validate","","Thu Jul 09 18:47:21 UTC 2026","passed","Thu Jul 09 18:47:21 UTC 2026","","Go Test","github.com/specterops/bloodhound/packages/go/crypto/TestArgon2Digest_Validate","TestArgon2Digest_Validate"
"","0","shows some collection methods for the given job","toCollected","Thu Jul 09 18:52:31 UTC 2026","passed","Thu Jul 09 18:52:31 UTC 2026","","","",""
"","209","displays appropriate text when there are no matches for search term","SearchCurrentNodes","Thu Jul 09 18:51:02 UTC 2026","passed","Thu Jul 09 18:51:02 UTC 2026","","","",""
"","3","A warning is printed when node positions are not available to apply from","applyNodePositionsFromGraphlibGraph","Thu Jul 09 18:53:56 UTC 2026","passed","Thu Jul 09 18:53:56 UTC 2026","","","",""
"Test cases for TestTimeFrom","0","TestTimeFrom","","Thu Jul 09 18:46:57 UTC 2026","passed","Thu Jul 09 18:46:57 UTC 2026","","Go Test","github.com/specterops/bloodhound/cmd/api/src/database/types/null/TestTimeFrom","TestTimeFrom"
"Test cases for TestReconcile","1","TestReconcile","","Thu Jul 09 18:46:57 UTC 2026","passed","Thu Jul 09 18:46:57 UTC 2026","","Go Test","github.com/specterops/bloodhound/cmd/api/src/database/TestReconcile","TestReconcile"
"","9","hides items when the user lacks admin permissions","useSubNavRoutes","Thu Jul 09 18:50:26 UTC 2026","passed","Thu Jul 09 18:50:26 UTC 2026","","adminOnly gate","",""
"","117","renders count for a selected zone if prop is set","DynamicDetails","Thu Jul 09 18:50:08 UTC 2026","passed","Thu Jul 09 18:50:09 UTC 2026","","","",""
"Test cases for TestResources_GetAssetGroupTagMemberCountsByKind","8","TestResources_GetAssetGroupTagMemberCountsByKind","","Thu Jul 09 18:46:52 UTC 2026","passed","Thu Jul 09 18:46:52 UTC 2026","","Go Test","github.com/specterops/bloodhound/cmd/api/src/api/v2/TestResources_GetAssetGroupTagMemberCountsByKind","TestResources_GetAssetGroupTagMemberCountsByKind"
"Test cases for TestResources_ListADGroupMembers","3","TestResources_ListADGroupMembers","","Thu Jul 09 18:46:52 UTC 2026","passed","Thu Jul 09 18:46:52 UTC 2026","","Go Test","github.com/specterops/bloodhound/cmd/api/src/api/v2/TestResources_ListADGroupMembers","TestResources_ListADGroupMembers"
"","10","returns the remaining amount of zones available for creation","useTagLimits","Thu Jul 09 18:48:24 UTC 2026","passed","Thu Jul 09 18:48:24 UTC 2026","","","",""
"Test cases for TestResources_UpdateAssetGroupSelectors_GetAssetGroupError","0","TestResources_UpdateAssetGroupSelectors_GetAssetGroupError","","Thu Jul 09 18:46:52 UTC 2026","passed","Thu Jul 09 18:46:52 UTC 2026","","Go Test","github.com/specterops/bloodhound/cmd/api/src/api/v2/TestResources_UpdateAssetGroupSelectors_GetAssetGroupError","TestResources_UpdateAssetGroupSelectors_GetAssetGroupError"
"Test cases for TestIngestControl_LockConflict","10","TestIngestControl_LockConflict","","Thu Jul 09 18:46:45 UTC 2026","passed","Thu Jul 09 18:46:45 UTC 2026","","Go Test","github.com/specterops/bloodhound/cmd/api/src/api/tools/TestIngestControl_LockConflict","TestIngestControl_LockConflict"
"","472","should reject passwords where only a space is used as the special character","CreateUserForm","Thu Jul 09 18:48:20 UTC 2026","passed","Thu Jul 09 18:48:21 UTC 2026","","","",""
"","63","sums the remaining sections when one of the Affected Object calls fails","EntityInfoDataTableGraphed","Thu Jul 09 18:50:00 UTC 2026","passed","Thu Jul 09 18:50:00 UTC 2026","","Node count for nested table that counts all sections","",""
"Test cases for TestDatabase_checkError_OtherError","0","TestDatabase_checkError_OtherError","","Thu Jul 09 18:46:57 UTC 2026","passed","Thu Jul 09 18:46:57 UTC 2026","","Go Test","github.com/specterops/bloodhound/cmd/api/src/database/TestDatabase_checkError_OtherError","TestDatabase_checkError_OtherError"
"","0","shows no collection methods","toCollected","Thu Jul 09 18:52:31 UTC 2026","passed","Thu Jul 09 18:52:31 UTC 2026","","","",""
"","33","fetches more data when scrolling within the default bottom threshold","useInfiniteScroll","Thu Jul 09 18:51:28 UTC 2026","passed","Thu Jul 09 18:51:28 UTC 2026","","","",""
"","0","EXTENDED ROUNDING when thresholds are set: abbreviates numbers larger than 1000 and should not round the tenth place digit","numberFormatting","Thu Jul 09 18:50:48 UTC 2026","passed","Thu Jul 09 18:50:48 UTC 2026","","","",""
"","14","when there is no ID in the URL and no tags available, no ID is returned (it is undefined)","usePZQueryParams","Thu Jul 09 18:51:06 UTC 2026","passed","Thu Jul 09 18:51:06 UTC 2026","","","",""
"Test cases for TestResources_ExportSavedQuery","32","TestResources_ExportSavedQuery","","Thu Jul 09 18:46:52 UTC 2026","passed","Thu Jul 09 18:46:52 UTC 2026","","Go Test","github.com/specterops/bloodhound/cmd/api/src/api/v2/TestResources_ExportSavedQuery","TestResources_ExportSavedQuery"
"","485","reflects the persisted selected layout in the controls menu","GraphView","Thu Jul 09 18:53:31 UTC 2026","passed","Thu Jul 09 18:53:32 UTC 2026","","Layout selection and de-selection","",""
"Test cases for TestResources_GetEdgeComposition","110","TestResources_GetEdgeComposition","","Thu Jul 09 18:46:52 UTC 2026","passed","Thu Jul 09 18:46:52 UTC 2026","","Go Test","github.com/specterops/bloodhound/cmd/api/src/api/v2/TestResources_GetEdgeComposition","TestResources_GetEdgeComposition"
"","14","navigates to the specified route with global params intact when triggered by a splat route","AppNavigate","Thu Jul 09 18:51:46 UTC 2026","passed","Thu Jul 09 18:51:46 UTC 2026","","","",""
"","21","displays contact admin message when hidden edge is true","EdgeInfoContent","Thu Jul 09 18:48:10 UTC 2026","passed","Thu Jul 09 18:48:10 UTC 2026","","EdgeInfoContent support for hidden edges","",""
"Test cases for TestOrphanFileSweeper_ClearLegacyLocalIngestFilesRemovesOrphanDirectoriesIfOld","36","TestOrphanFileSweeper_ClearLegacyLocalIngestFilesRemovesOrphanDirectoriesIfOld","","Thu Jul 09 18:46:55 UTC 2026","passed","Thu Jul 09 18:46:55 UTC 2026","","Go Test","github.com/specterops/bloodhound/cmd/api/src/daemons/datapipe/TestOrphanFileSweeper_ClearLegacyLocalIngestFilesRemovesOrphanDirectoriesIfOld","TestOrphanFileSweeper_ClearLegacyLocalIngestFilesRemovesOrphanDirectoriesIfOld"
"","25","does not show tooltip text by default","ColumnHeaders","Thu Jul 09 18:50:44 UTC 2026","passed","Thu Jul 09 18:50:44 UTC 2026","","SortableHeader with Tooltip","",""
"","421","should not allow leading or trailing empty spaces","CreateUserForm","Thu Jul 09 18:48:15 UTC 2026","passed","Thu Jul 09 18:48:16 UTC 2026","","","",""
"Test cases for TestParseIntQueryParameter","71","TestParseIntQueryParameter","","Thu Jul 09 18:46:52 UTC 2026","passed","Thu Jul 09 18:46:52 UTC 2026","","Go Test","github.com/specterops/bloodhound/cmd/api/src/api/v2/TestParseIntQueryParameter","TestParseIntQueryParameter"
"","104","renders the analysis toggle when multi tier analysis enabled is true and when editing an existing zone","Tag Form","Thu Jul 09 18:47:40 UTC 2026","passed","Thu Jul 09 18:47:40 UTC 2026","","","",""
"Test cases for Test_AuthMiddleware","0","Test_AuthMiddleware","","Thu Jul 09 18:46:44 UTC 2026","passed","Thu Jul 09 18:46:44 UTC 2026","","Go Test","github.com/specterops/bloodhound/cmd/api/src/api/middleware/Test_AuthMiddleware","Test_AuthMiddleware"
"Test cases for TestCreateUser_ETAC","3717","TestCreateUser_ETAC","","Thu Jul 09 18:47:00 UTC 2026","passed","Thu Jul 09 18:47:03 UTC 2026","","Go Test","github.com/specterops/bloodhound/cmd/api/src/api/v2/auth/TestCreateUser_ETAC","TestCreateUser_ETAC"
"Test cases for TestCache_Set","0","TestCache_Set","","Thu Jul 09 18:47:21 UTC 2026","passed","Thu Jul 09 18:47:21 UTC 2026","","Go Test","github.com/specterops/bloodhound/packages/go/cache/TestCache_Set","TestCache_Set"
"","199","renders the component with all info and switch off","CitrixRDPConfiguration","Thu Jul 09 18:49:55 UTC 2026","passed","Thu Jul 09 18:49:55 UTC 2026","","Initial render","",""
"","1","should return the edge parts from the key","getEdgeDataFromKey","Thu Jul 09 18:54:08 UTC 2026","passed","Thu Jul 09 18:54:08 UTC 2026","","","",""
"","353","renders no asset group edit options without graph write permissions","ContextMenu","Thu Jul 09 18:53:44 UTC 2026","passed","Thu Jul 09 18:53:44 UTC 2026","","","",""
"","96","initializes the categories with just the built-in defaults when edge endpoint returns nothing","useEdgeCategories","Thu Jul 09 18:49:56 UTC 2026","passed","Thu Jul 09 18:49:56 UTC 2026","","","",""
"","0","Null input is provided","parseKeywordAndTypeValue","Thu Jul 09 18:52:46 UTC 2026","passed","Thu Jul 09 18:52:46 UTC 2026","","","",""
"","1","returns the edge and both of its endpoint nodes","SigmaChart Utils","Thu Jul 09 18:53:53 UTC 2026","passed","Thu Jul 09 18:53:53 UTC 2026","when an edge is selected","getFullPathHighlightedEntities","",""
"","64","Should display a list of the asset group members","AssetGroupMemberList","Thu Jul 09 18:52:11 UTC 2026","passed","Thu Jul 09 18:52:11 UTC 2026","","","",""
"Test cases for Test_ParseAndValidatePayload","5","Test_ParseAndValidatePayload","","Thu Jul 09 18:47:07 UTC 2026","passed","Thu Jul 09 18:47:07 UTC 2026","","Go Test","github.com/specterops/bloodhound/cmd/api/src/services/upload/Test_ParseAndValidatePayload","Test_ParseAndValidatePayload"
"","20","resets to descending sort when sorting a different column","useSortParams","Thu Jul 09 18:51:23 UTC 2026","passed","Thu Jul 09 18:51:23 UTC 2026","","","",""
"Test cases for TestBoolPointer","0","TestBoolPointer","","Thu Jul 09 18:46:57 UTC 2026","passed","Thu Jul 09 18:46:57 UTC 2026","","Go Test","github.com/specterops/bloodhound/cmd/api/src/database/types/null/TestBoolPointer","TestBoolPointer"
"","3858","categories default to expanded","Pathfinding","Thu Jul 09 18:48:23 UTC 2026","passed","Thu Jul 09 18:48:26 UTC 2026","","","",""
"","25","should display hidden node label for hidden node","EntityInfoHeader","Thu Jul 09 18:51:20 UTC 2026","passed","Thu Jul 09 18:51:20 UTC 2026","","","",""
"","1","should compute offset vertices for bezier curves at a given intersection","bezier","Thu Jul 09 18:53:52 UTC 2026","passed","Thu Jul 09 18:53:52 UTC 2026","","","",""
"","13","populates the cypher search field with the decoded query when the associated query params are set","useCypherSearch","Thu Jul 09 18:52:30 UTC 2026","passed","Thu Jul 09 18:52:30 UTC 2026","","","",""
"Test cases for TestSelfDestructingTempFile","0","TestSelfDestructingTempFile","","Thu Jul 09 18:46:41 UTC 2026","passed","Thu Jul 09 18:46:41 UTC 2026","","Go Test","github.com/specterops/bloodhound/cmd/api/src/api/TestSelfDestructingTempFile","TestSelfDestructingTempFile"
"Test cases for TestCache_Get","0","TestCache_Get","","Thu Jul 09 18:47:21 UTC 2026","passed","Thu Jul 09 18:47:21 UTC 2026","","Go Test","github.com/specterops/bloodhound/packages/go/cache/TestCache_Get","TestCache_Get"
"","262","should render the pathfinding search controls when searchType is pathfinding","ExploreSearch rendering per tab","Thu Jul 09 18:53:33 UTC 2026","passed","Thu Jul 09 18:53:34 UTC 2026","","","",""
"Test cases for TestResources_GetUserEntityInfo","0","TestResources_GetUserEntityInfo","","Thu Jul 09 18:46:52 UTC 2026","passed","Thu Jul 09 18:46:52 UTC 2026","","Go Test","github.com/specterops/bloodhound/cmd/api/src/api/v2/TestResources_GetUserEntityInfo","TestResources_GetUserEntityInfo"
"Test cases for TestDatabase_checkError_NotFound","0","TestDatabase_checkError_NotFound","","Thu Jul 09 18:46:57 UTC 2026","passed","Thu Jul 09 18:46:57 UTC 2026","","Go Test","github.com/specterops/bloodhound/cmd/api/src/database/TestDatabase_checkError_NotFound","TestDatabase_checkError_NotFound"
"","320","displays an autofocused text input","SearchCurrentNodes","Thu Jul 09 18:51:01 UTC 2026","passed","Thu Jul 09 18:51:02 UTC 2026","","","",""
"","1095","renders asset group edit options with graph write permissions","ContextMenu","Thu Jul 09 18:53:42 UTC 2026","passed","Thu Jul 09 18:53:44 UTC 2026","","","",""
"","135","renders details for a selected zone","DynamicDetails","Thu Jul 09 18:50:08 UTC 2026","passed","Thu Jul 09 18:50:08 UTC 2026","","","",""
"","0","The data is fetching","Getting the text for the disabled item display for a search when there are no results","Thu Jul 09 18:51:59 UTC 2026","passed","Thu Jul 09 18:51:59 UTC 2026","","Loading states","",""
"Test cases for TestUnique","0","TestUnique","","Thu Jul 09 18:47:39 UTC 2026","passed","Thu Jul 09 18:47:39 UTC 2026","","Go Test","github.com/specterops/bloodhound/packages/go/slicesext/TestUnique","TestUnique"
"","21","should display hidden label for hidden edge","EdgeInfoHeader","Thu Jul 09 18:51:36 UTC 2026","passed","Thu Jul 09 18:51:36 UTC 2026","","","",""
"Test cases for TestSignRequestAtInternalError","0","TestSignRequestAtInternalError","","Thu Jul 09 18:46:41 UTC 2026","passed","Thu Jul 09 18:46:41 UTC 2026","","Go Test","github.com/specterops/bloodhound/cmd/api/src/api/TestSignRequestAtInternalError","TestSignRequestAtInternalError"
"","191","disables the create user button when the user is auditor role","Users","Thu Jul 09 18:49:15 UTC 2026","passed","Thu Jul 09 18:49:15 UTC 2026","","","",""
"Test cases for TestOrphanFileSweeper_ClearStoredIngestFiles","39","TestOrphanFileSweeper_ClearStoredIngestFiles","","Thu Jul 09 18:46:55 UTC 2026","passed","Thu Jul 09 18:46:55 UTC 2026","","Go Test","github.com/specterops/bloodhound/cmd/api/src/daemons/datapipe/TestOrphanFileSweeper_ClearStoredIngestFiles","TestOrphanFileSweeper_ClearStoredIngestFiles"
"","1939","does not show the ""Disable MFA"" context menu option for users without MFA enabled","Users","Thu Jul 09 18:49:18 UTC 2026","passed","Thu Jul 09 18:49:20 UTC 2026","","","",""
"Test cases for TestWriteArchiveFileToStorage","8","TestWriteArchiveFileToStorage","","Thu Jul 09 18:47:02 UTC 2026","passed","Thu Jul 09 18:47:02 UTC 2026","","Go Test","github.com/specterops/bloodhound/cmd/api/src/services/graphify/TestWriteArchiveFileToStorage","TestWriteArchiveFileToStorage"
"Test cases for TestNormalizeToUTF8_ReaderError","0","TestNormalizeToUTF8_ReaderError","","Thu Jul 09 18:47:21 UTC 2026","passed","Thu Jul 09 18:47:21 UTC 2026","","Go Test","github.com/specterops/bloodhound/packages/go/bomenc/TestNormalizeToUTF8_ReaderError","TestNormalizeToUTF8_ReaderError"
"Test cases for TestBuildErrorResponseConflict","0","TestBuildErrorResponseConflict","","Thu Jul 09 18:46:41 UTC 2026","passed","Thu Jul 09 18:46:41 UTC 2026","","Go Test","github.com/specterops/bloodhound/cmd/api/src/api/TestBuildErrorResponseConflict","TestBuildErrorResponseConflict"
"","25","renders custom icon correctly","NodeIcon","Thu Jul 09 18:52:17 UTC 2026","passed","Thu Jul 09 18:52:17 UTC 2026","","","",""
"","1","returns empty sets when highlightedItem is null","SigmaChart Utils","Thu Jul 09 18:53:53 UTC 2026","passed","Thu Jul 09 18:53:53 UTC 2026","","getFullPathHighlightedEntities","",""
"TestIsValidateGooseTimeStamp to validate different cases of this prefix requirement","1","TestIsValidateGooseTimeStamp","","Thu Jul 09 18:46:57 UTC 2026","passed","Thu Jul 09 18:46:57 UTC 2026","","Go Test","github.com/specterops/bloodhound/cmd/api/src/database/migration/TestIsValidateGooseTimeStamp","TestIsValidateGooseTimeStamp"
"Test cases for TestConvertAzureManagementGroupContributorToRels","1","TestConvertAzureManagementGroupContributorToRels","","Thu Jul 09 18:47:21 UTC 2026","passed","Thu Jul 09 18:47:21 UTC 2026","","Go Test","github.com/specterops/bloodhound/packages/go/ein/TestConvertAzureManagementGroupContributorToRels","TestConvertAzureManagementGroupContributorToRels"
"","77","does not display notification when user has GRAPH_DB_INGEST_MANAGE permission","FileIngest","Thu Jul 09 18:51:27 UTC 2026","passed","Thu Jul 09 18:51:27 UTC 2026","","","",""
"","56","List Display Roles Hook is Loading","useListDisplayRoles","Thu Jul 09 18:49:25 UTC 2026","passed","Thu Jul 09 18:49:25 UTC 2026","","","",""
"Test cases for TestManagementResource_EnrollMFA","4606","TestManagementResource_EnrollMFA","","Thu Jul 09 18:47:22 UTC 2026","passed","Thu Jul 09 18:47:26 UTC 2026","","Go Test","github.com/specterops/bloodhound/cmd/api/src/api/v2/auth/TestManagementResource_EnrollMFA","TestManagementResource_EnrollMFA"
"","57","applies empty state height when no results","ActiveExtensionsCard","Thu Jul 09 18:48:07 UTC 2026","passed","Thu Jul 09 18:48:07 UTC 2026","","","",""
"","495","clears the applied filter","FileIngestFilterDialog","Thu Jul 09 18:49:16 UTC 2026","passed","Thu Jul 09 18:49:17 UTC 2026","","User Select","",""
"","490","navigates to object details when clicking an object row","ObjectsAccordion","Thu Jul 09 18:52:03 UTC 2026","passed","Thu Jul 09 18:52:04 UTC 2026","","","",""
"Test cases for TestResources_ListADComputerDCOMUsers","0","TestResources_ListADComputerDCOMUsers","","Thu Jul 09 18:46:52 UTC 2026","passed","Thu Jul 09 18:46:52 UTC 2026","","Go Test","github.com/specterops/bloodhound/cmd/api/src/api/v2/TestResources_ListADComputerDCOMUsers","TestResources_ListADComputerDCOMUsers"
"Test cases for TestResources_ListAuditLogs_SkipAndOffset","2","TestResources_ListAuditLogs_SkipAndOffset","","Thu Jul 09 18:46:52 UTC 2026","passed","Thu Jul 09 18:46:52 UTC 2026","","Go Test","github.com/specterops/bloodhound/cmd/api/src/api/v2/TestResources_ListAuditLogs_SkipAndOffset","TestResources_ListAuditLogs_SkipAndOffset"
"Test cases for TestResources_GetAssetGroupTagMemberInfo","0","TestResources_GetAssetGroupTagMemberInfo","","Thu Jul 09 18:46:52 UTC 2026","passed","Thu Jul 09 18:46:52 UTC 2026","","Go Test","github.com/specterops/bloodhound/cmd/api/src/api/v2/TestResources_GetAssetGroupTagMemberInfo","TestResources_GetAssetGroupTagMemberInfo"
"","435","The reset password and two-factor authentication options should not appear in profile page if the user is configured for SAML login","UserProfile with SSO User","Thu Jul 09 18:50:02 UTC 2026","passed","Thu Jul 09 18:50:02 UTC 2026","","","",""
"","16","sets autoDisplayTable to false if query type is relationship","useExploreTableAutoDisplay","Thu Jul 09 18:51:48 UTC 2026","passed","Thu Jul 09 18:51:48 UTC 2026","","","",""
"","67","Validate Displays all the Roles","useListDisplayRoles","Thu Jul 09 18:49:25 UTC 2026","passed","Thu Jul 09 18:49:25 UTC 2026","","","",""
"","0","An unknown error occurred when fetching the data","Getting the text for the disabled item display for a search when there are no results","Thu Jul 09 18:51:59 UTC 2026","passed","Thu Jul 09 18:51:59 UTC 2026","","Error states","",""
"","0","prefixes each edge_kind with a colon for relationshipTypes","graphSchema","Thu Jul 09 18:52:26 UTC 2026","passed","Thu Jul 09 18:52:26 UTC 2026","","","",""
"","247","only sends dirty fields in the request when updating","Tag Form","Thu Jul 09 18:47:41 UTC 2026","passed","Thu Jul 09 18:47:42 UTC 2026","","","",""
"Test cases for TestResources_CreateCustomNodeKindsTest","97","TestResources_CreateCustomNodeKindsTest","","Thu Jul 09 18:46:52 UTC 2026","passed","Thu Jul 09 18:46:52 UTC 2026","","Go Test","github.com/specterops/bloodhound/cmd/api/src/api/v2/TestResources_CreateCustomNodeKindsTest","TestResources_CreateCustomNodeKindsTest"
"Test cases for TestBoolFrom","0","TestBoolFrom","","Thu Jul 09 18:46:57 UTC 2026","passed","Thu Jul 09 18:46:57 UTC 2026","","Go Test","github.com/specterops/bloodhound/cmd/api/src/database/types/null/TestBoolFrom","TestBoolFrom"
"Test cases for TestURLJoinPathEscapesSlashes","0","TestURLJoinPathEscapesSlashes","","Thu Jul 09 18:46:41 UTC 2026","passed","Thu Jul 09 18:46:41 UTC 2026","","Go Test","github.com/specterops/bloodhound/cmd/api/src/api/TestURLJoinPathEscapesSlashes","TestURLJoinPathEscapesSlashes"
"","242","handles creating a new label","Tag Form","Thu Jul 09 18:47:41 UTC 2026","passed","Thu Jul 09 18:47:41 UTC 2026","","","",""
"","5","returns bounds for text rendered to canvas","getLabelBoundsFromContext","Thu Jul 09 18:54:01 UTC 2026","passed","Thu Jul 09 18:54:01 UTC 2026","","","",""
"","1288","clears input when dialog is closed and reopened","ActiveExtensionsCard","Thu Jul 09 18:48:08 UTC 2026","passed","Thu Jul 09 18:48:09 UTC 2026","","","",""
"","244","clears value if input is empty","ManagedDatePicker - input","Thu Jul 09 18:50:42 UTC 2026","passed","Thu Jul 09 18:50:42 UTC 2026","","","",""
"Test cases for TestTextUnmarshalInt","0","TestTextUnmarshalInt","","Thu Jul 09 18:46:57 UTC 2026","passed","Thu Jul 09 18:46:57 UTC 2026","","Go Test","github.com/specterops/bloodhound/cmd/api/src/database/types/null/TestTextUnmarshalInt","TestTextUnmarshalInt"
"","0","returns undefined if graphData is {} or not a GraphResponse","getExploreTableData","Thu Jul 09 18:50:52 UTC 2026","passed","Thu Jul 09 18:50:52 UTC 2026","","","",""
"","25","renders the tooltip icon when tooltipText prop is passed","ColumnHeaders","Thu Jul 09 18:50:44 UTC 2026","passed","Thu Jul 09 18:50:44 UTC 2026","","SortableHeader with Tooltip","",""
"TestMigrator_GenerateManifestAfterVersion builds upon the GenerateManifest testby starting from different version points and spot checking migration counts.","3","TestMigrator_GenerateManifestAfterVersion","","Thu Jul 09 18:46:57 UTC 2026","passed","Thu Jul 09 18:46:57 UTC 2026","","Go Test","github.com/specterops/bloodhound/cmd/api/src/database/migration/TestMigrator_GenerateManifestAfterVersion","TestMigrator_GenerateManifestAfterVersion"
"","19","renders disabled prop when flag is not enabled","FeatureFlag","Thu Jul 09 18:51:57 UTC 2026","passed","Thu Jul 09 18:51:57 UTC 2026","","","",""
"Test cases for Test_GetAssetGroupMembersBySelector","0","Test_GetAssetGroupMembersBySelector","","Thu Jul 09 18:46:52 UTC 2026","passed","Thu Jul 09 18:46:52 UTC 2026","","Go Test","github.com/specterops/bloodhound/cmd/api/src/api/v2/Test_GetAssetGroupMembersBySelector","Test_GetAssetGroupMembersBySelector"
"","552","should display ""Configure Multi-Factor Authentication"" title","Enable2FADialog","Thu Jul 09 18:50:46 UTC 2026","passed","Thu Jul 09 18:50:46 UTC 2026","","","",""
"","4","returns {enabled: false} if there is not a match on the switch statement","useExploreGraph","Thu Jul 09 18:49:05 UTC 2026","passed","Thu Jul 09 18:49:05 UTC 2026","","exploreGraphQueryFactory","",""
"Test cases for TestResources_ListADComputerSQLAdmins","0","TestResources_ListADComputerSQLAdmins","","Thu Jul 09 18:46:52 UTC 2026","passed","Thu Jul 09 18:46:52 UTC 2026","","Go Test","github.com/specterops/bloodhound/cmd/api/src/api/v2/TestResources_ListADComputerSQLAdmins","TestResources_ListADComputerSQLAdmins"
"Test cases for TestLoginFailure","0","TestLoginFailure","","Thu Jul 09 18:46:52 UTC 2026","passed","Thu Jul 09 18:46:52 UTC 2026","","Go Test","github.com/specterops/bloodhound/cmd/api/src/api/v2/auth/TestLoginFailure","TestLoginFailure"
"","0","The node radius is adjusted to take into account the current camera zoom ratio","getNodeRadius","Thu Jul 09 18:54:01 UTC 2026","passed","Thu Jul 09 18:54:01 UTC 2026","","","",""
"Test cases for TestNewDefaultFileServices_ReturnsError","7","TestNewDefaultFileServices_ReturnsError","","Thu Jul 09 18:47:04 UTC 2026","passed","Thu Jul 09 18:47:04 UTC 2026","","Go Test","github.com/specterops/bloodhound/cmd/api/src/services/storage/TestNewDefaultFileServices_ReturnsError","TestNewDefaultFileServices_ReturnsError"
"","474","disables a nested graph data option while its source kind is selected","GraphDataCheckboxes","Thu Jul 09 18:49:02 UTC 2026","passed","Thu Jul 09 18:49:03 UTC 2026","","","",""
"","161","sums nested section node counts","EntityInfoDataTable","Thu Jul 09 18:49:20 UTC 2026","passed","Thu Jul 09 18:49:21 UTC 2026","","Node count for nested table that counts all sections","",""
"","2","determines glyphs with the tier_managent_engine feature flag disabled","getNodeGlyphs","Thu Jul 09 18:53:46 UTC 2026","passed","Thu Jul 09 18:53:46 UTC 2026","","","",""
"","9","shows items when all required permissions are granted","useSubNavRoutes","Thu Jul 09 18:50:26 UTC 2026","passed","Thu Jul 09 18:50:26 UTC 2026","","permissions gate","",""
"Test cases for TestFeatureFlag_HA","303","TestFeatureFlag_HA","","Thu Jul 09 18:46:53 UTC 2026","passed","Thu Jul 09 18:46:53 UTC 2026","","Go Test","github.com/specterops/bloodhound/cmd/api/src/daemons/changelog/TestFeatureFlag_HA","TestFeatureFlag_HA"
"Test cases for TestOpenGraphSchemaService_GetGraphSchemaExtensions","4","TestOpenGraphSchemaService_GetGraphSchemaExtensions","","Thu Jul 09 18:47:04 UTC 2026","passed","Thu Jul 09 18:47:04 UTC 2026","","Go Test","github.com/specterops/bloodhound/cmd/api/src/services/opengraphschema/TestOpenGraphSchemaService_GetGraphSchemaExtensions","TestOpenGraphSchemaService_GetGraphSchemaExtensions"
"","984","should call onSave when Save button is clicked and form input is valid","UpdateUserDialog","Thu Jul 09 18:48:53 UTC 2026","passed","Thu Jul 09 18:48:54 UTC 2026","","","",""
"","332","displays expected results when searching by label","SearchCurrentNodes","Thu Jul 09 18:51:02 UTC 2026","passed","Thu Jul 09 18:51:02 UTC 2026","","","",""
"","433","should render","LoginViaSSOForm","Thu Jul 09 18:51:23 UTC 2026","passed","Thu Jul 09 18:51:23 UTC 2026","","","",""
"Test cases for TestResources_GetAssetGroupTagHistory","2","TestResources_GetAssetGroupTagHistory","","Thu Jul 09 18:46:52 UTC 2026","passed","Thu Jul 09 18:46:52 UTC 2026","","Go Test","github.com/specterops/bloodhound/cmd/api/src/api/v2/TestResources_GetAssetGroupTagHistory","TestResources_GetAssetGroupTagHistory"
"Test cases for TestResources_ListADGPOAffectedComputers","3","TestResources_ListADGPOAffectedComputers","","Thu Jul 09 18:46:52 UTC 2026","passed","Thu Jul 09 18:46:52 UTC 2026","","Go Test","github.com/specterops/bloodhound/cmd/api/src/api/v2/TestResources_ListADGPOAffectedComputers","TestResources_ListADGPOAffectedComputers"
"Test cases for TestManagementResource_ListUsers_InvalidFilterPredicate","0","TestManagementResource_ListUsers_InvalidFilterPredicate","","Thu Jul 09 18:46:58 UTC 2026","passed","Thu Jul 09 18:46:58 UTC 2026","","Go Test","github.com/specterops/bloodhound/cmd/api/src/api/v2/auth/TestManagementResource_ListUsers_InvalidFilterPredicate","TestManagementResource_ListUsers_InvalidFilterPredicate"
"Test cases for TestInt64Equal","0","TestInt64Equal","","Thu Jul 09 18:46:57 UTC 2026","passed","Thu Jul 09 18:46:57 UTC 2026","","Go Test","github.com/specterops/bloodhound/cmd/api/src/database/types/null/TestInt64Equal","TestInt64Equal"
"Test cases for TestResources_GetIssuancePolicyEntityInfo","215","TestResources_GetIssuancePolicyEntityInfo","","Thu Jul 09 18:46:52 UTC 2026","passed","Thu Jul 09 18:46:52 UTC 2026","","Go Test","github.com/specterops/bloodhound/cmd/api/src/api/v2/TestResources_GetIssuancePolicyEntityInfo","TestResources_GetIssuancePolicyEntityInfo"
"","11","respects the initial sort state parameters passed in","useSortParams","Thu Jul 09 18:51:23 UTC 2026","passed","Thu Jul 09 18:51:23 UTC 2026","","","",""
"","708","should allow user to configure 2fa","Enable2FADialog","Thu Jul 09 18:50:46 UTC 2026","passed","Thu Jul 09 18:50:47 UTC 2026","","","",""
"Test cases for TestAnalysisStepsJSON","18","TestAnalysisStepsJSON","","Thu Jul 09 18:46:58 UTC 2026","passed","Thu Jul 09 18:46:58 UTC 2026","","Go Test","github.com/specterops/bloodhound/cmd/api/src/model/TestAnalysisStepsJSON","TestAnalysisStepsJSON"
"Test cases for TestResources_ListKinds","73","TestResources_ListKinds","","Thu Jul 09 18:46:52 UTC 2026","passed","Thu Jul 09 18:46:52 UTC 2026","","Go Test","github.com/specterops/bloodhound/cmd/api/src/api/v2/TestResources_ListKinds","TestResources_ListKinds"
"","9","returns the remaining amount of labels available for creation","useTagLimits","Thu Jul 09 18:48:24 UTC 2026","passed","Thu Jul 09 18:48:24 UTC 2026","","","",""
"","0","should ignore case when filtering","compareTerm","Thu Jul 09 18:52:00 UTC 2026","passed","Thu Jul 09 18:52:00 UTC 2026","","","",""
"Test cases for TestManagementResource_ListRoles_InvalidColumn","0","TestManagementResource_ListRoles_InvalidColumn","","Thu Jul 09 18:46:57 UTC 2026","passed","Thu Jul 09 18:46:57 UTC 2026","","Go Test","github.com/specterops/bloodhound/cmd/api/src/api/v2/auth/TestManagementResource_ListRoles_InvalidColumn","TestManagementResource_ListRoles_InvalidColumn"
"Test cases for TestManagementResource_UpdateUser_Success","1013","TestManagementResource_UpdateUser_Success","","Thu Jul 09 18:47:17 UTC 2026","passed","Thu Jul 09 18:47:18 UTC 2026","","Go Test","github.com/specterops/bloodhound/cmd/api/src/api/v2/auth/TestManagementResource_UpdateUser_Success","TestManagementResource_UpdateUser_Success"
"","0","Empty input is provided","parseKeywordAndTypeValue","Thu Jul 09 18:52:46 UTC 2026","passed","Thu Jul 09 18:52:46 UTC 2026","","","",""
"","258","displays loading state","GraphDataCheckboxes","Thu Jul 09 18:48:56 UTC 2026","passed","Thu Jul 09 18:48:57 UTC 2026","","","",""
"","279","displays validation error messages when Save button is clicked and no form input is provided","PasswordDialog","Thu Jul 09 18:48:19 UTC 2026","passed","Thu Jul 09 18:48:20 UTC 2026","","","",""
"","11","should render a Field when the provided value is 0","Field","Thu Jul 09 18:52:22 UTC 2026","passed","Thu Jul 09 18:52:22 UTC 2026","","","",""
"Test cases for TestCache_GuardedSet","1","TestCache_GuardedSet","","Thu Jul 09 18:47:21 UTC 2026","passed","Thu Jul 09 18:47:21 UTC 2026","","Go Test","github.com/specterops/bloodhound/packages/go/cache/TestCache_GuardedSet","TestCache_GuardedSet"
"Test cases for TestResources_ImportSavedQuery","13","TestResources_ImportSavedQuery","","Thu Jul 09 18:46:52 UTC 2026","passed","Thu Jul 09 18:46:52 UTC 2026","","Go Test","github.com/specterops/bloodhound/cmd/api/src/api/v2/TestResources_ImportSavedQuery","TestResources_ImportSavedQuery"
"","0","should compute the midpoint of a line segment","bezier","Thu Jul 09 18:53:52 UTC 2026","passed","Thu Jul 09 18:53:52 UTC 2026","","","",""
"","0","should handle an entity that has no name property","Evaluating the entity display name from a given entity","Thu Jul 09 18:49:44 UTC 2026","passed","Thu Jul 09 18:49:44 UTC 2026","","","",""
"","309","should display a toggle switch to enable multi-factor authentication","UserProfile","Thu Jul 09 18:50:03 UTC 2026","passed","Thu Jul 09 18:50:04 UTC 2026","","","",""
"","466","displays a validation error","ManagedDatePicker - date validation","Thu Jul 09 18:50:40 UTC 2026","passed","Thu Jul 09 18:50:41 UTC 2026","","","",""
"","334","calls onResetColumnSize when ""Reset Size"" is clicked","ManageColumnsComboBox","Thu Jul 09 18:49:38 UTC 2026","passed","Thu Jul 09 18:49:39 UTC 2026","","","",""
"","3948","Clicking on a row causes row to be selected","ExploreTable","Thu Jul 09 18:47:48 UTC 2026","passed","Thu Jul 09 18:47:52 UTC 2026","","","",""
"","2","treats a missing key as null when computing the next value","useLocalStorage","Thu Jul 09 18:50:10 UTC 2026","passed","Thu Jul 09 18:50:10 UTC 2026","","functional updater","",""
"","130","should call onLoginViaSAML when login via sso button clicked","LoginForm","Thu Jul 09 18:52:17 UTC 2026","passed","Thu Jul 09 18:52:18 UTC 2026","","","",""
"Test cases for TestOrphanFileSweeper_ClearStoredIngestFilesNormalizesListedPaths","42","TestOrphanFileSweeper_ClearStoredIngestFilesNormalizesListedPaths","","Thu Jul 09 18:46:55 UTC 2026","passed","Thu Jul 09 18:46:55 UTC 2026","","Go Test","github.com/specterops/bloodhound/cmd/api/src/daemons/datapipe/TestOrphanFileSweeper_ClearStoredIngestFilesNormalizesListedPaths","TestOrphanFileSweeper_ClearStoredIngestFilesNormalizesListedPaths"
"","514","filters by the selected date range","FileIngestFilterDialog","Thu Jul 09 18:49:14 UTC 2026","passed","Thu Jul 09 18:49:15 UTC 2026","","Date Range Inputs","",""
"","1130","should call onSubmit with password when reset password button clicked","PasswordResetForm","Thu Jul 09 18:50:29 UTC 2026","passed","Thu Jul 09 18:50:30 UTC 2026","","","",""
"TestRegister_RoutesRequireAuthentication dispatches real requests through the wiredrouter to verify that the registered routes are guarded by authentication middleware.The handlers themselves trust the middleware to enforce this contract; if the routewireup ever loses RequirePermissions/RequireAuth, this test will fail.","0","TestRegister_RoutesRequireAuthentication","","Thu Jul 09 18:47:48 UTC 2026","passed","Thu Jul 09 18:47:48 UTC 2026","","Go Test","github.com/specterops/bloodhound/server/featureflags/internal/routes/TestRegister_RoutesRequireAuthentication","TestRegister_RoutesRequireAuthentication"
"","131","calls onConfirm when confirm button clicked","EarlyAccessFeaturesWarningDialog","Thu Jul 09 18:54:12 UTC 2026","passed","Thu Jul 09 18:54:12 UTC 2026","","","",""
"","406","should render","OneTimePasscodeForm","Thu Jul 09 18:52:08 UTC 2026","passed","Thu Jul 09 18:52:08 UTC 2026","","","",""
"Test cases for TestGenerateQRCodeBase64","8","TestGenerateQRCodeBase64","","Thu Jul 09 18:46:52 UTC 2026","passed","Thu Jul 09 18:46:52 UTC 2026","","Go Test","github.com/specterops/bloodhound/cmd/api/src/auth/TestGenerateQRCodeBase64","TestGenerateQRCodeBase64"
"Test cases for TestSetValuesFromEnv","6","TestSetValuesFromEnv","","Thu Jul 09 18:46:52 UTC 2026","passed","Thu Jul 09 18:46:52 UTC 2026","","Go Test","github.com/specterops/bloodhound/cmd/api/src/config/TestSetValuesFromEnv","TestSetValuesFromEnv"
"","84","should display the logged in user's full name","UserProfile","Thu Jul 09 18:50:03 UTC 2026","passed","Thu Jul 09 18:50:03 UTC 2026","","","",""
"","119","displays an error message","GraphView","Thu Jul 09 18:53:25 UTC 2026","passed","Thu Jul 09 18:53:25 UTC 2026","","","",""
"Test cases for TestIngestionCoordinator_FlushBuffer","1","TestIngestionCoordinator_FlushBuffer","","Thu Jul 09 18:46:53 UTC 2026","passed","Thu Jul 09 18:46:53 UTC 2026","","Go Test","github.com/specterops/bloodhound/cmd/api/src/daemons/changelog/TestIngestionCoordinator_FlushBuffer","TestIngestionCoordinator_FlushBuffer"
"","1","returns false when WebGL is not available in the current browser context","WebGL compatibility check","Thu Jul 09 18:53:07 UTC 2026","passed","Thu Jul 09 18:53:07 UTC 2026","","","",""
"","816","should hide Environmental Targeted Access Control panel when showEnvironmentAccessControls prop is true and admin role is selected","UpdateUserForm","Thu Jul 09 18:47:52 UTC 2026","passed","Thu Jul 09 18:47:53 UTC 2026","","","",""
"Test cases for TestStorageFileService_MoveFile","4","TestStorageFileService_MoveFile","","Thu Jul 09 18:47:43 UTC 2026","passed","Thu Jul 09 18:47:43 UTC 2026","","Go Test","github.com/specterops/bloodhound/packages/go/storage/TestStorageFileService_MoveFile","TestStorageFileService_MoveFile"
"Test cases for TestResources_ListPublishedTemplates","0","TestResources_ListPublishedTemplates","","Thu Jul 09 18:46:52 UTC 2026","passed","Thu Jul 09 18:46:52 UTC 2026","","Go Test","github.com/specterops/bloodhound/cmd/api/src/api/v2/TestResources_ListPublishedTemplates","TestResources_ListPublishedTemplates"
"","1946","handles delete by nested graph data selection","DatabaseManagement","Thu Jul 09 18:53:35 UTC 2026","passed","Thu Jul 09 18:53:37 UTC 2026","","","",""
"","389","renders headers","CommonSearches","Thu Jul 09 18:49:39 UTC 2026","passed","Thu Jul 09 18:49:40 UTC 2026","","","",""
"","1108","shows indeterminate states when some graph data is selected","GraphDataCheckboxes","Thu Jul 09 18:48:57 UTC 2026","passed","Thu Jul 09 18:48:59 UTC 2026","","","",""
"","572","disables any available button toggles if the user lacks the permission","EarlyAccessFeatures","Thu Jul 09 18:53:54 UTC 2026","passed","Thu Jul 09 18:53:54 UTC 2026","","","",""
"","127","shows the empty form message when Object Rule Form is empty","Seed Selection Results","Thu Jul 09 18:49:32 UTC 2026","passed","Thu Jul 09 18:49:32 UTC 2026","","","",""
"","10","toggles a descending sort to ascending when sorting the same column","useSortParams","Thu Jul 09 18:51:23 UTC 2026","passed","Thu Jul 09 18:51:23 UTC 2026","","","",""
"","56","tag members refetches on sort change","the useAssetGroupTags utilities","Thu Jul 09 18:49:33 UTC 2026","passed","Thu Jul 09 18:49:33 UTC 2026","","","",""
"Test cases for TestSignRequestValuesSuccess","0","TestSignRequestValuesSuccess","","Thu Jul 09 18:46:41 UTC 2026","passed","Thu Jul 09 18:46:41 UTC 2026","","Go Test","github.com/specterops/bloodhound/cmd/api/src/api/TestSignRequestValuesSuccess","TestSignRequestValuesSuccess"
"","0","handles percent values by multiplying by 100, truncating to an integer, and adding a ""%"" to the end","Formatting number properties","Thu Jul 09 18:49:44 UTC 2026","passed","Thu Jul 09 18:49:44 UTC 2026","","","",""
"Test cases for TestNormalizeStoragePrefixes","37","TestNormalizeStoragePrefixes","","Thu Jul 09 18:46:55 UTC 2026","passed","Thu Jul 09 18:46:55 UTC 2026","","Go Test","github.com/specterops/bloodhound/cmd/api/src/daemons/datapipe/TestNormalizeStoragePrefixes","TestNormalizeStoragePrefixes"
"Test cases for TestIsDeadlockError","1","TestIsDeadlockError","","Thu Jul 09 18:46:53 UTC 2026","passed","Thu Jul 09 18:46:53 UTC 2026","","Go Test","github.com/specterops/bloodhound/cmd/api/src/daemons/changelog/TestIsDeadlockError","TestIsDeadlockError"
"","498","adds a ""Close"" button that closes the dialog after a failed upload","SchemaUploadDialog","Thu Jul 09 18:49:05 UTC 2026","passed","Thu Jul 09 18:49:05 UTC 2026","","","",""
"Test cases for TestResources_ListAuditLogs_SortingError","0","TestResources_ListAuditLogs_SortingError","","Thu Jul 09 18:46:52 UTC 2026","passed","Thu Jul 09 18:46:52 UTC 2026","","Go Test","github.com/specterops/bloodhound/cmd/api/src/api/v2/TestResources_ListAuditLogs_SortingError","TestResources_ListAuditLogs_SortingError"
"","10","adds expected text alignment class depending on the textAlign prop","ColumnHeaders","Thu Jul 09 18:50:43 UTC 2026","passed","Thu Jul 09 18:50:43 UTC 2026","","BaseColumnHeader","",""
"Test cases for TestActivateMFA_Success","1105","TestActivateMFA_Success","","Thu Jul 09 18:47:38 UTC 2026","passed","Thu Jul 09 18:47:39 UTC 2026","","Go Test","github.com/specterops/bloodhound/cmd/api/src/api/v2/auth/TestActivateMFA_Success","TestActivateMFA_Success"
"","111","shows the Automatic Certification label and the certification dropdown with its full description","BasicInfo","Thu Jul 09 18:50:24 UTC 2026","passed","Thu Jul 09 18:50:25 UTC 2026","","when isCertificationDisabledOnZoneLevel is true","",""
"Test cases for TestFoldl","0","TestFoldl","","Thu Jul 09 18:47:39 UTC 2026","passed","Thu Jul 09 18:47:39 UTC 2026","","Go Test","github.com/specterops/bloodhound/packages/go/slicesext/TestFoldl","TestFoldl"
"","995","should not allow the input to exceed the allowed length","UpdateUserForm","Thu Jul 09 18:47:48 UTC 2026","passed","Thu Jul 09 18:47:49 UTC 2026","","","",""
"Test cases for TestResources_GetCollectorManifest","0","TestResources_GetCollectorManifest","","Thu Jul 09 18:46:52 UTC 2026","passed","Thu Jul 09 18:46:52 UTC 2026","","Go Test","github.com/specterops/bloodhound/cmd/api/src/api/v2/TestResources_GetCollectorManifest","TestResources_GetCollectorManifest"
"","124","Should display headers for member name and count","AssetGroupMemberList","Thu Jul 09 18:52:11 UTC 2026","passed","Thu Jul 09 18:52:11 UTC 2026","","","",""
"","13","returns all collected environment ids associated to a given aggregation","getEnvironmentAggregationIds","Thu Jul 09 18:48:03 UTC 2026","passed","Thu Jul 09 18:48:03 UTC 2026","","","",""
"Test cases for TestCreateUser_ResetPassword","1957","TestCreateUser_ResetPassword","","Thu Jul 09 18:47:03 UTC 2026","passed","Thu Jul 09 18:47:05 UTC 2026","","Go Test","github.com/specterops/bloodhound/cmd/api/src/api/v2/auth/TestCreateUser_ResetPassword","TestCreateUser_ResetPassword"
"","394","should render saml info provider","SSOProviderTable","Thu Jul 09 18:51:29 UTC 2026","passed","Thu Jul 09 18:51:29 UTC 2026","","","",""
"","782","renders a button and a menu","CreateMenu","Thu Jul 09 18:49:51 UTC 2026","passed","Thu Jul 09 18:49:51 UTC 2026","","oidc_support feature flag enabled","",""
"","517","when an `inputValue` is provided it eventually displays a list of search results","ExploreSearchCombobox","Thu Jul 09 18:49:51 UTC 2026","passed","Thu Jul 09 18:49:51 UTC 2026","","","",""
"","162","should fire Cancel once with false","DeleteConfirmationDialog","Thu Jul 09 18:52:26 UTC 2026","passed","Thu Jul 09 18:52:26 UTC 2026","","","",""
"","5","returns paramValue if it is one of the expected values","useExploreParams","Thu Jul 09 18:53:04 UTC 2026","passed","Thu Jul 09 18:53:04 UTC 2026","","parseSearchType","",""
"Test cases for TestManagementResource_UpdateUser_LookupActiveSessionsError","1485","TestManagementResource_UpdateUser_LookupActiveSessionsError","","Thu Jul 09 18:47:12 UTC 2026","passed","Thu Jul 09 18:47:13 UTC 2026","","Go Test","github.com/specterops/bloodhound/cmd/api/src/api/v2/auth/TestManagementResource_UpdateUser_LookupActiveSessionsError","TestManagementResource_UpdateUser_LookupActiveSessionsError"
"","90","sets primarySearch, searchType, exploreSearchTab in URL params when the click handler is executed","useEdgeInfoItems","Thu Jul 09 18:51:13 UTC 2026","passed","Thu Jul 09 18:51:14 UTC 2026","","","",""
"","227","a null response from the server is handled","ExploreSearchCombobox with null response","Thu Jul 09 18:49:52 UTC 2026","passed","Thu Jul 09 18:49:52 UTC 2026","","","",""
"","219","Selecting an edge that meets ACL inheritance criteria shows the ""ACE Inherited From"" dropdown","EdgeInfoContent","Thu Jul 09 18:48:09 UTC 2026","passed","Thu Jul 09 18:48:09 UTC 2026","","","",""
"","0","properly displays bitwise integers","Formatting number properties","Thu Jul 09 18:49:44 UTC 2026","passed","Thu Jul 09 18:49:44 UTC 2026","","","",""
"","11","when user does not have a disallowed role for a route with disallowed roles, they see the normal page","AuthenticatedRoute","Thu Jul 09 18:53:50 UTC 2026","passed","Thu Jul 09 18:53:50 UTC 2026","","","",""
"","154","should display ""Disable Multi-Factor Authentication"" button","Enable2FADialog","Thu Jul 09 18:51:39 UTC 2026","passed","Thu Jul 09 18:51:39 UTC 2026","","","",""
"","5340","collapse all button collapses all sections","Pathfinding","Thu Jul 09 18:48:49 UTC 2026","passed","Thu Jul 09 18:48:55 UTC 2026","","","",""
"Test cases for TestNewAuditLog_BadAuthContext","0","TestNewAuditLog_BadAuthContext","","Thu Jul 09 18:46:57 UTC 2026","passed","Thu Jul 09 18:46:57 UTC 2026","","Go Test","github.com/specterops/bloodhound/cmd/api/src/database/TestNewAuditLog_BadAuthContext","TestNewAuditLog_BadAuthContext"
"Test cases for TestChangeCache","2","TestChangeCache","","Thu Jul 09 18:46:53 UTC 2026","passed","Thu Jul 09 18:46:53 UTC 2026","","Go Test","github.com/specterops/bloodhound/cmd/api/src/daemons/changelog/TestChangeCache","TestChangeCache"
"","0","should return an object denoting that the property is not in the schema when it is unrecognized","validating a node property against the shared generated schema","Thu Jul 09 18:49:44 UTC 2026","passed","Thu Jul 09 18:49:44 UTC 2026","","","",""
"","227","opens when keyboard shortcut is pressed","GraphControls","Thu Jul 09 18:48:08 UTC 2026","passed","Thu Jul 09 18:48:08 UTC 2026","","Searching current results","",""
"Test cases for TestLocalStore_Stat","37","TestLocalStore_Stat","","Thu Jul 09 18:47:43 UTC 2026","passed","Thu Jul 09 18:47:43 UTC 2026","","Go Test","github.com/specterops/bloodhound/packages/go/storage/TestLocalStore_Stat","TestLocalStore_Stat"
"Test cases for TestIntScan","0","TestIntScan","","Thu Jul 09 18:46:57 UTC 2026","passed","Thu Jul 09 18:46:57 UTC 2026","","Go Test","github.com/specterops/bloodhound/cmd/api/src/database/types/null/TestIntScan","TestIntScan"
"","98","reverts all menu options to an unselected state when isExploreLayoutSelected becomes false","GraphControls","Thu Jul 09 18:48:06 UTC 2026","passed","Thu Jul 09 18:48:06 UTC 2026","","Selecting a layout","",""
"","384","Should call handler when a member is clicked","AssetGroupMemberList","Thu Jul 09 18:52:11 UTC 2026","passed","Thu Jul 09 18:52:11 UTC 2026","","","",""
"Test cases for TestAnalysisPipelineStepString","8","TestAnalysisPipelineStepString","","Thu Jul 09 18:47:20 UTC 2026","passed","Thu Jul 09 18:47:20 UTC 2026","","Go Test","github.com/specterops/bloodhound/packages/go/analysis/TestAnalysisPipelineStepString","TestAnalysisPipelineStepString"
"Test cases for TestSetValue","0","TestSetValue","","Thu Jul 09 18:46:52 UTC 2026","passed","Thu Jul 09 18:46:52 UTC 2026","","Go Test","github.com/specterops/bloodhound/cmd/api/src/config/TestSetValue","TestSetValue"
"","404","displays a completion of 100% and adds a ""Close"" button that closes the dialog after a successful upload","SchemaUploadDialog","Thu Jul 09 18:49:04 UTC 2026","passed","Thu Jul 09 18:49:05 UTC 2026","","","",""
"","2164","shows the ""Disable MFA"" context menu option for users with MFA enabled","Users","Thu Jul 09 18:49:20 UTC 2026","passed","Thu Jul 09 18:49:23 UTC 2026","","","",""
"","108","applies correct dynamic height based on filtered data","ActiveExtensionsCard","Thu Jul 09 18:48:07 UTC 2026","passed","Thu Jul 09 18:48:07 UTC 2026","","","",""
"Test cases for Test_hasCycle","0","Test_hasCycle","","Thu Jul 09 18:47:22 UTC 2026","passed","Thu Jul 09 18:47:22 UTC 2026","","Go Test","github.com/specterops/bloodhound/packages/go/lab/Test_hasCycle","Test_hasCycle"
"","176","renders the form for editing an existing label","Tag Form","Thu Jul 09 18:47:39 UTC 2026","passed","Thu Jul 09 18:47:39 UTC 2026","","","",""
"","561","renders the form for creating a new rule","Rule Form","Thu Jul 09 18:47:48 UTC 2026","passed","Thu Jul 09 18:47:48 UTC 2026","","","",""
"","167","calls onSort when clicked","ColumnHeaders","Thu Jul 09 18:50:43 UTC 2026","passed","Thu Jul 09 18:50:44 UTC 2026","","SortableHeader","",""
"Test cases for TestUnmarshalTimeJSON","0","TestUnmarshalTimeJSON","","Thu Jul 09 18:46:57 UTC 2026","passed","Thu Jul 09 18:46:57 UTC 2026","","Go Test","github.com/specterops/bloodhound/cmd/api/src/database/types/null/TestUnmarshalTimeJSON","TestUnmarshalTimeJSON"
"Test cases for TestOpenScratchReadSeeker","7","TestOpenScratchReadSeeker","","Thu Jul 09 18:47:02 UTC 2026","passed","Thu Jul 09 18:47:02 UTC 2026","","Go Test","github.com/specterops/bloodhound/cmd/api/src/services/graphify/TestOpenScratchReadSeeker","TestOpenScratchReadSeeker"
"","57","renders highlight for the active tag","SelectedHighlight","Thu Jul 09 18:52:07 UTC 2026","passed","Thu Jul 09 18:52:07 UTC 2026","","","",""
"","18","renders custom icon overlap correctly","NodeIcon","Thu Jul 09 18:52:17 UTC 2026","passed","Thu Jul 09 18:52:17 UTC 2026","","","",""
"","699","filters by the selected status","FileIngestFilterDialog","Thu Jul 09 18:49:13 UTC 2026","passed","Thu Jul 09 18:49:13 UTC 2026","","Status Select","",""
"Test cases for TestResources_GetDatabaseCompleteness","107","TestResources_GetDatabaseCompleteness","","Thu Jul 09 18:46:52 UTC 2026","passed","Thu Jul 09 18:46:52 UTC 2026","","Go Test","github.com/specterops/bloodhound/cmd/api/src/api/v2/TestResources_GetDatabaseCompleteness","TestResources_GetDatabaseCompleteness"
"","302","displays 0 when a given sections returns empty, and sums the rest of the sections correctly","EntityInfoDataTableGraphed","Thu Jul 09 18:50:00 UTC 2026","passed","Thu Jul 09 18:50:00 UTC 2026","","Node count for nested table that counts all sections","",""
"","1957","should clear out the sso provider id from submission data when the authentication method is changed","UpdateUserDialog","Thu Jul 09 18:48:57 UTC 2026","passed","Thu Jul 09 18:48:59 UTC 2026","","","",""
"Test cases for TestResources_GetAZEntityInformation","126","TestResources_GetAZEntityInformation","","Thu Jul 09 18:46:52 UTC 2026","passed","Thu Jul 09 18:46:52 UTC 2026","","Go Test","github.com/specterops/bloodhound/cmd/api/src/api/v2/TestResources_GetAZEntityInformation","TestResources_GetAZEntityInformation"
"","7","should not render if open === false","ConfirmUpdateQueryDialog","Thu Jul 09 18:52:34 UTC 2026","passed","Thu Jul 09 18:52:34 UTC 2026","","","",""
"","23","calculates the running time of a job and converts to a human readable format","getSimpleDuration","Thu Jul 09 18:52:13 UTC 2026","passed","Thu Jul 09 18:52:13 UTC 2026","","","",""
"Test cases for TestNewAuditLog","0","TestNewAuditLog","","Thu Jul 09 18:46:57 UTC 2026","passed","Thu Jul 09 18:46:57 UTC 2026","","Go Test","github.com/specterops/bloodhound/cmd/api/src/database/TestNewAuditLog","TestNewAuditLog"
"","2965","should open edge filtering dialog","EdgeFilter","Thu Jul 09 18:50:30 UTC 2026","passed","Thu Jul 09 18:50:33 UTC 2026","","","",""
"","0","returns true if both arrays are empty","areArraysSimilar","Thu Jul 09 18:52:35 UTC 2026","passed","Thu Jul 09 18:52:35 UTC 2026","","","",""
"Test cases for TestCacheEntryDigester_PoolStateReuse","0","TestCacheEntryDigester_PoolStateReuse","","Thu Jul 09 18:47:03 UTC 2026","passed","Thu Jul 09 18:47:03 UTC 2026","","Go Test","github.com/specterops/bloodhound/cmd/api/src/services/graphify/endpoint/TestCacheEntryDigester_PoolStateReuse","TestCacheEntryDigester_PoolStateReuse"
"Test cases for TestSIDSuffix_String","3","TestSIDSuffix_String","","Thu Jul 09 18:47:20 UTC 2026","passed","Thu Jul 09 18:47:20 UTC 2026","","Go Test","github.com/specterops/bloodhound/packages/go/analysis/ad/wellknown/TestSIDSuffix_String","TestSIDSuffix_String"
"Test cases for TestAddWhereClauseToNeo4jQuery_NoWhereClause","0","TestAddWhereClauseToNeo4jQuery_NoWhereClause","","Thu Jul 09 18:46:52 UTC 2026","passed","Thu Jul 09 18:46:52 UTC 2026","","Go Test","github.com/specterops/bloodhound/cmd/api/src/api/v2/TestAddWhereClauseToNeo4jQuery_NoWhereClause","TestAddWhereClauseToNeo4jQuery_NoWhereClause"
"","321","displays no search results message when search yields no matches","ActiveExtensionsCard","Thu Jul 09 18:48:06 UTC 2026","passed","Thu Jul 09 18:48:06 UTC 2026","","","",""
"","111","temporarily displays the checkmark icon after clicking copy","ExploreTableDataCell","Thu Jul 09 18:52:16 UTC 2026","passed","Thu Jul 09 18:52:16 UTC 2026","","","",""
"","198","renders","EarlyAccessFeatureToggle","Thu Jul 09 18:54:01 UTC 2026","passed","Thu Jul 09 18:54:01 UTC 2026","","","",""
"","11","displays lastlogon cell as NEVER when the value is -1","ExploreTableDataCell","Thu Jul 09 18:52:16 UTC 2026","passed","Thu Jul 09 18:52:16 UTC 2026","","","",""
"Test cases for TestResources_ListADOUContainedGroups","0","TestResources_ListADOUContainedGroups","","Thu Jul 09 18:46:52 UTC 2026","passed","Thu Jul 09 18:46:52 UTC 2026","","Go Test","github.com/specterops/bloodhound/cmd/api/src/api/v2/TestResources_ListADOUContainedGroups","TestResources_ListADOUContainedGroups"
"","13","should not render when data is present","NoDataDialog","Thu Jul 09 18:53:00 UTC 2026","passed","Thu Jul 09 18:53:00 UTC 2026","","","",""
"","0","No type was provided and no results were available","Getting the text for the disabled item display for a search when there are no results","Thu Jul 09 18:51:59 UTC 2026","passed","Thu Jul 09 18:51:59 UTC 2026","","Empty data states","",""
"Test cases for TestQueries_BuildEntityQueryParams","0","TestQueries_BuildEntityQueryParams","","Thu Jul 09 18:47:00 UTC 2026","passed","Thu Jul 09 18:47:00 UTC 2026","","Go Test","github.com/specterops/bloodhound/cmd/api/src/queries/TestQueries_BuildEntityQueryParams","TestQueries_BuildEntityQueryParams"
"","93","shows View in Explore if exploreUrl is supplied","Seed Selection Results","Thu Jul 09 18:49:32 UTC 2026","passed","Thu Jul 09 18:49:32 UTC 2026","","","",""
"Test cases for TestBoolScan","0","TestBoolScan","","Thu Jul 09 18:46:57 UTC 2026","passed","Thu Jul 09 18:46:57 UTC 2026","","Go Test","github.com/specterops/bloodhound/cmd/api/src/database/types/null/TestBoolScan","TestBoolScan"
"Test cases for TestIntFromPtr","0","TestIntFromPtr","","Thu Jul 09 18:46:57 UTC 2026","passed","Thu Jul 09 18:46:57 UTC 2026","","Go Test","github.com/specterops/bloodhound/cmd/api/src/database/types/null/TestIntFromPtr","TestIntFromPtr"
"Test cases for TestDetectContentType","57","TestDetectContentType","","Thu Jul 09 18:47:43 UTC 2026","passed","Thu Jul 09 18:47:43 UTC 2026","","Go Test","github.com/specterops/bloodhound/packages/go/storage/TestDetectContentType","TestDetectContentType"
"","128","does not highlight any layout option on first load when no layout has been manually selected","GraphControls","Thu Jul 09 18:48:06 UTC 2026","passed","Thu Jul 09 18:48:06 UTC 2026","","Selecting a layout","",""
"Test cases for TestConvertContainerToNode_InheritanceHashes","0","TestConvertContainerToNode_InheritanceHashes","","Thu Jul 09 18:47:21 UTC 2026","passed","Thu Jul 09 18:47:21 UTC 2026","","Go Test","github.com/specterops/bloodhound/packages/go/ein/TestConvertContainerToNode_InheritanceHashes","TestConvertContainerToNode_InheritanceHashes"
"Test cases for TestMaybeSubmitNodeUpdate","2","TestMaybeSubmitNodeUpdate","","Thu Jul 09 18:47:02 UTC 2026","passed","Thu Jul 09 18:47:02 UTC 2026","","Go Test","github.com/specterops/bloodhound/cmd/api/src/services/graphify/TestMaybeSubmitNodeUpdate","TestMaybeSubmitNodeUpdate"
"Test cases for TestManagementResource_ListRoles_SortingError","0","TestManagementResource_ListRoles_SortingError","","Thu Jul 09 18:46:57 UTC 2026","passed","Thu Jul 09 18:46:57 UTC 2026","","Go Test","github.com/specterops/bloodhound/cmd/api/src/api/v2/auth/TestManagementResource_ListRoles_SortingError","TestManagementResource_ListRoles_SortingError"
"","994","Download button opens a menu and selecting ""All Columns"" calls json2csv with all columns","ExploreTable","Thu Jul 09 18:47:39 UTC 2026","passed","Thu Jul 09 18:47:40 UTC 2026","","","",""
"Test cases for TestParseDomainTrusts_TrustAttributes","0","TestParseDomainTrusts_TrustAttributes","","Thu Jul 09 18:47:21 UTC 2026","passed","Thu Jul 09 18:47:21 UTC 2026","","Go Test","github.com/specterops/bloodhound/packages/go/ein/TestParseDomainTrusts_TrustAttributes","TestParseDomainTrusts_TrustAttributes"
"Test cases for TestResources_ShareSavedQueriesPermissions_CanUpdateSavedQueriesPermission","5","TestResources_ShareSavedQueriesPermissions_CanUpdateSavedQueriesPermission","","Thu Jul 09 18:46:52 UTC 2026","passed","Thu Jul 09 18:46:52 UTC 2026","","Go Test","github.com/specterops/bloodhound/cmd/api/src/api/v2/TestResources_ShareSavedQueriesPermissions_CanUpdateSavedQueriesPermission","TestResources_ShareSavedQueriesPermissions_CanUpdateSavedQueriesPermission"
"","391","renders the Import Query Dialog","ImportQueryDialog","Thu Jul 09 18:52:50 UTC 2026","passed","Thu Jul 09 18:52:50 UTC 2026","","","",""
"","6724","checking a subcategory updates all children (edge types) in its group","Pathfinding","Thu Jul 09 18:48:39 UTC 2026","passed","Thu Jul 09 18:48:45 UTC 2026","","","",""
"Test cases for TestGetScheme","0","TestGetScheme","","Thu Jul 09 18:46:44 UTC 2026","passed","Thu Jul 09 18:46:44 UTC 2026","","Go Test","github.com/specterops/bloodhound/cmd/api/src/api/middleware/TestGetScheme","TestGetScheme"
"","0","fails for password shorter than 12 characters","testPassword","Thu Jul 09 18:52:57 UTC 2026","passed","Thu Jul 09 18:52:57 UTC 2026","","","",""
"","62","passes checks if the user has multiple required permissions","usePermissions","Thu Jul 09 18:49:56 UTC 2026","passed","Thu Jul 09 18:49:56 UTC 2026","","","",""
"Test cases for TestStore_GetNode","2","TestStore_GetNode","","Thu Jul 09 18:47:48 UTC 2026","passed","Thu Jul 09 18:47:48 UTC 2026","","Go Test","github.com/specterops/bloodhound/server/graphdb/internal/appdb/TestStore_GetNode","TestStore_GetNode"
"","87","when `selectedItem` is null, the combobox does not display an icon","icon rendering","Thu Jul 09 18:49:52 UTC 2026","passed","Thu Jul 09 18:49:52 UTC 2026","","","",""
"","122","should render all of the options as checkboxes","Checkbox group","Thu Jul 09 18:52:41 UTC 2026","passed","Thu Jul 09 18:52:41 UTC 2026","","","",""
"Test cases for TestRegister","0","TestRegister","","Thu Jul 09 18:47:48 UTC 2026","passed","Thu Jul 09 18:47:48 UTC 2026","","Go Test","github.com/specterops/bloodhound/server/featureflags/internal/routes/TestRegister","TestRegister"
"Test cases for TestResources_GetEdgeACLInheritancePath","107","TestResources_GetEdgeACLInheritancePath","","Thu Jul 09 18:46:52 UTC 2026","passed","Thu Jul 09 18:46:52 UTC 2026","","Go Test","github.com/specterops/bloodhound/cmd/api/src/api/v2/TestResources_GetEdgeACLInheritancePath","TestResources_GetEdgeACLInheritancePath"
"Test cases for TestDomainSelectors_GetFilterableColumns","0","TestDomainSelectors_GetFilterableColumns","","Thu Jul 09 18:46:58 UTC 2026","passed","Thu Jul 09 18:46:58 UTC 2026","","Go Test","github.com/specterops/bloodhound/cmd/api/src/model/TestDomainSelectors_GetFilterableColumns","TestDomainSelectors_GetFilterableColumns"
"","3","should compute normal vectors for line segments","bezier","Thu Jul 09 18:53:52 UTC 2026","passed","Thu Jul 09 18:53:52 UTC 2026","","","",""
"","157","renders error message on error","ObjectCountPanel","Thu Jul 09 18:52:21 UTC 2026","passed","Thu Jul 09 18:52:22 UTC 2026","","","",""
"Test cases for TestResources_ListADDomainContainedGroups","0","TestResources_ListADDomainContainedGroups","","Thu Jul 09 18:46:52 UTC 2026","passed","Thu Jul 09 18:46:52 UTC 2026","","Go Test","github.com/specterops/bloodhound/cmd/api/src/api/v2/TestResources_ListADDomainContainedGroups","TestResources_ListADDomainContainedGroups"
"","0","returns default error message for unknown API messages","getErrorMessage","Thu Jul 09 18:49:07 UTC 2026","passed","Thu Jul 09 18:49:07 UTC 2026","","","",""
"Test cases for TestFileServiceResolver_CopiesServices","4","TestFileServiceResolver_CopiesServices","","Thu Jul 09 18:47:04 UTC 2026","passed","Thu Jul 09 18:47:04 UTC 2026","","Go Test","github.com/specterops/bloodhound/cmd/api/src/services/storage/TestFileServiceResolver_CopiesServices","TestFileServiceResolver_CopiesServices"
"","124","should call onCancel when cancel button clicked","LoginViaSSOForm","Thu Jul 09 18:51:25 UTC 2026","passed","Thu Jul 09 18:51:25 UTC 2026","","","",""
"","3127","should close the edge filtering dialog when user clicks apply button","EdgeFilter","Thu Jul 09 18:50:36 UTC 2026","passed","Thu Jul 09 18:50:39 UTC 2026","","","",""
"Test cases for TestRegister","0","TestRegister","","Thu Jul 09 18:47:44 UTC 2026","passed","Thu Jul 09 18:47:44 UTC 2026","","Go Test","github.com/specterops/bloodhound/server/analysis/TestRegister","TestRegister"
"Test cases for TestStorageFileService_WriteFileFromReader","5","TestStorageFileService_WriteFileFromReader","","Thu Jul 09 18:47:43 UTC 2026","passed","Thu Jul 09 18:47:43 UTC 2026","","Go Test","github.com/specterops/bloodhound/packages/go/storage/TestStorageFileService_WriteFileFromReader","TestStorageFileService_WriteFileFromReader"
"Test cases for TestDatabase_NullUUID","0","TestDatabase_NullUUID","","Thu Jul 09 18:46:57 UTC 2026","passed","Thu Jul 09 18:46:57 UTC 2026","","Go Test","github.com/specterops/bloodhound/cmd/api/src/database/TestDatabase_NullUUID","TestDatabase_NullUUID"
"","209","fires onSelect prop when a result is clicked","SearchCurrentNodes","Thu Jul 09 18:51:03 UTC 2026","passed","Thu Jul 09 18:51:03 UTC 2026","","","",""
"","1","calls transformToFlatGraphResponse when graphData matches GraphResponse interface","normalizeGraphDataForSigma","Thu Jul 09 18:54:08 UTC 2026","passed","Thu Jul 09 18:54:08 UTC 2026","","","",""
"","1993","handles posting a mutation","DatabaseManagement","Thu Jul 09 18:53:30 UTC 2026","passed","Thu Jul 09 18:53:32 UTC 2026","","","",""
"","63","button is disabled when note is falsy","NoteCell component","Thu Jul 09 18:51:40 UTC 2026","passed","Thu Jul 09 18:51:40 UTC 2026","","","",""
"","493","renders icons as expected","DropdownSelector","Thu Jul 09 18:51:41 UTC 2026","passed","Thu Jul 09 18:51:42 UTC 2026","","","",""
"","0","returns fallback Cypher message when ruleType is undefined and seeds are required","getErrorMessage","Thu Jul 09 18:49:07 UTC 2026","passed","Thu Jul 09 18:49:07 UTC 2026","","","",""
"Test cases for TestFilterStructSlice","0","TestFilterStructSlice","","Thu Jul 09 18:46:41 UTC 2026","passed","Thu Jul 09 18:46:41 UTC 2026","","Go Test","github.com/specterops/bloodhound/cmd/api/src/api/TestFilterStructSlice","TestFilterStructSlice"
"","8","renders the LabelSelector when available and on a Label page","TagSelector","Thu Jul 09 18:51:10 UTC 2026","passed","Thu Jul 09 18:51:10 UTC 2026","","","",""
"Test cases for TestHandlers_GetAllFlags","2","TestHandlers_GetAllFlags","","Thu Jul 09 18:47:48 UTC 2026","passed","Thu Jul 09 18:47:48 UTC 2026","","Go Test","github.com/specterops/bloodhound/server/featureflags/internal/handlers/TestHandlers_GetAllFlags","TestHandlers_GetAllFlags"
"Test cases for TestSortJSONArrays","1","TestSortJSONArrays","","Thu Jul 09 18:47:20 UTC 2026","passed","Thu Jul 09 18:47:20 UTC 2026","","Go Test","github.com/specterops/bloodhound/cmd/api/src/utils/test/TestSortJSONArrays","TestSortJSONArrays"
"Test cases for TestResources_SearchHandler","7","TestResources_SearchHandler","","Thu Jul 09 18:46:52 UTC 2026","passed","Thu Jul 09 18:46:52 UTC 2026","","Go Test","github.com/specterops/bloodhound/cmd/api/src/api/v2/TestResources_SearchHandler","TestResources_SearchHandler"
"","0","pwdlastset","Handling value formatting for Active Directory entity properties lastlogon, lastlogontimestamp, whencreated, and pwdlastset","Thu Jul 09 18:49:44 UTC 2026","passed","Thu Jul 09 18:49:44 UTC 2026","","","",""
"","68","sets autoDisplayTable to true if query returns nodes only, searchType = cypher, and and enabled is true","useExploreTableAutoDisplay","Thu Jul 09 18:51:48 UTC 2026","passed","Thu Jul 09 18:51:49 UTC 2026","","","",""
"Test cases for TestIngestJobs_IsSortable","0","TestIngestJobs_IsSortable","","Thu Jul 09 18:46:58 UTC 2026","passed","Thu Jul 09 18:46:58 UTC 2026","","Go Test","github.com/specterops/bloodhound/cmd/api/src/model/TestIngestJobs_IsSortable","TestIngestJobs_IsSortable"
"","629","clears the applied filter","FileIngestFilterDialog","Thu Jul 09 18:49:13 UTC 2026","passed","Thu Jul 09 18:49:14 UTC 2026","","Status Select","",""
"","473","should not call onSave when Save button is clicked and form input is invalid","UpdateUserDialog","Thu Jul 09 18:48:53 UTC 2026","passed","Thu Jul 09 18:48:53 UTC 2026","","","",""
"","65","renders the title passed via title prop","ColumnHeaders","Thu Jul 09 18:50:43 UTC 2026","passed","Thu Jul 09 18:50:43 UTC 2026","","BaseColumnHeader","",""
"","2257","Clicking header allows user to sort by column","ExploreTable","Thu Jul 09 18:47:36 UTC 2026","passed","Thu Jul 09 18:47:39 UTC 2026","","","",""
"Test cases for TestAuth_CreateSSOSession","2","TestAuth_CreateSSOSession","","Thu Jul 09 18:46:52 UTC 2026","passed","Thu Jul 09 18:46:52 UTC 2026","","Go Test","github.com/specterops/bloodhound/cmd/api/src/api/v2/auth/TestAuth_CreateSSOSession","TestAuth_CreateSSOSession"
"Test cases for TestMarshalFloatText","0","TestMarshalFloatText","","Thu Jul 09 18:46:57 UTC 2026","passed","Thu Jul 09 18:46:57 UTC 2026","","Go Test","github.com/specterops/bloodhound/cmd/api/src/database/types/null/TestMarshalFloatText","TestMarshalFloatText"
"","67","hides items when the flag is disabled","useSubNavRoutes","Thu Jul 09 18:50:26 UTC 2026","passed","Thu Jul 09 18:50:26 UTC 2026","","featureFlag gate","",""
"","827","app does not crash if ""token"" cookie exists and ""persistedState"" localstorage key does not exist","redux store","Thu Jul 09 18:54:04 UTC 2026","passed","Thu Jul 09 18:54:05 UTC 2026","","","",""
"","820","should open save dialog on keyboard press alt+S","CypherSearch","Thu Jul 09 18:48:33 UTC 2026","passed","Thu Jul 09 18:48:34 UTC 2026","","","",""
"","80","clicking a disabled header does not toggle content","<DetailsAccordion />","Thu Jul 09 18:49:37 UTC 2026","passed","Thu Jul 09 18:49:37 UTC 2026","","","",""
"","3","stores a boolean value in localStorage","useLocalStorage","Thu Jul 09 18:50:10 UTC 2026","passed","Thu Jul 09 18:50:10 UTC 2026","","setValue","",""
"Test cases for TestWriteTimeWindowedResponse","0","TestWriteTimeWindowedResponse","","Thu Jul 09 18:46:41 UTC 2026","passed","Thu Jul 09 18:46:41 UTC 2026","","Go Test","github.com/specterops/bloodhound/cmd/api/src/api/TestWriteTimeWindowedResponse","TestWriteTimeWindowedResponse"
"","0","returns disabled if relationshipQueryItemId does not have a matching sourceId, edgeType, targetId","useExploreGraph","Thu Jul 09 18:49:05 UTC 2026","passed","Thu Jul 09 18:49:05 UTC 2026","composition search queries","exploreGraphQueryFactory","",""
"Test cases for TestGetPlatformAggregateStats_Failure","0","TestGetPlatformAggregateStats_Failure","","Thu Jul 09 18:46:52 UTC 2026","passed","Thu Jul 09 18:46:52 UTC 2026","","Go Test","github.com/specterops/bloodhound/cmd/api/src/api/v2/TestGetPlatformAggregateStats_Failure","TestGetPlatformAggregateStats_Failure"
"","91","renders the selected query in the cypher editor when editing a query that differs from the active cypher search","SaveQueryDialog","Thu Jul 09 18:47:41 UTC 2026","passed","Thu Jul 09 18:47:41 UTC 2026","","","",""
"","0","should appropriately handle edges that contain underscores","getEdgeDataFromKey","Thu Jul 09 18:54:08 UTC 2026","passed","Thu Jul 09 18:54:08 UTC 2026","","","",""
"","10","sets autoDisplayTable to false if query type is node","useExploreTableAutoDisplay","Thu Jul 09 18:51:48 UTC 2026","passed","Thu Jul 09 18:51:48 UTC 2026","","","",""
"","54","stores the state of a search term without modifying the query params","useCypherSearch","Thu Jul 09 18:52:30 UTC 2026","passed","Thu Jul 09 18:52:30 UTC 2026","","","",""
"Test cases for TestBoolEqual","0","TestBoolEqual","","Thu Jul 09 18:46:57 UTC 2026","passed","Thu Jul 09 18:46:57 UTC 2026","","Go Test","github.com/specterops/bloodhound/cmd/api/src/database/types/null/TestBoolEqual","TestBoolEqual"
"","259","does not auto-display the table for a node-only cypher response when the user has already selected a graph layout","GraphView","Thu Jul 09 18:53:31 UTC 2026","passed","Thu Jul 09 18:53:31 UTC 2026","","Layout selection and de-selection","",""
"Test cases for TestStore_CreateAnalysisRequest","0","TestStore_CreateAnalysisRequest","","Thu Jul 09 18:47:44 UTC 2026","passed","Thu Jul 09 18:47:44 UTC 2026","","Go Test","github.com/specterops/bloodhound/server/analysis/internal/appdb/TestStore_CreateAnalysisRequest","TestStore_CreateAnalysisRequest"
"","66","will request feature-flags when the user is fully authenticated","app","Thu Jul 09 18:53:59 UTC 2026","passed","Thu Jul 09 18:53:59 UTC 2026","","<Inner />","",""
"","959","should hide Environmental Targeted Access Control panel when showEnvironmentAccessControls prop is true and power user role is selected","UpdateUserForm","Thu Jul 09 18:47:51 UTC 2026","passed","Thu Jul 09 18:47:52 UTC 2026","","","",""
"Test cases for TestResources_ListAcceptedFileUploadTypes","0","TestResources_ListAcceptedFileUploadTypes","","Thu Jul 09 18:46:52 UTC 2026","passed","Thu Jul 09 18:46:52 UTC 2026","","Go Test","github.com/specterops/bloodhound/cmd/api/src/api/v2/TestResources_ListAcceptedFileUploadTypes","TestResources_ListAcceptedFileUploadTypes"
"Test cases for TestLoginSuccess","0","TestLoginSuccess","","Thu Jul 09 18:46:52 UTC 2026","passed","Thu Jul 09 18:46:52 UTC 2026","","Go Test","github.com/specterops/bloodhound/cmd/api/src/api/v2/auth/TestLoginSuccess","TestLoginSuccess"
"","99","returns an object with values for assetGroupTagId, params, and setPZQueryParams","usePZQueryParams","Thu Jul 09 18:51:05 UTC 2026","passed","Thu Jul 09 18:51:05 UTC 2026","","","",""
"Test cases for TestManagementResource_ListRoles_InvalidFilterPredicate","0","TestManagementResource_ListRoles_InvalidFilterPredicate","","Thu Jul 09 18:46:57 UTC 2026","passed","Thu Jul 09 18:46:57 UTC 2026","","Go Test","github.com/specterops/bloodhound/cmd/api/src/api/v2/auth/TestManagementResource_ListRoles_InvalidFilterPredicate","TestManagementResource_ListRoles_InvalidFilterPredicate"
"TestRegister_RoutesRequireAuthentication dispatches real requests through the wiredrouter to verify that the registered routes are guarded by authentication middleware.The handlers themselves trust the middleware to enforce this contract; if the routewireup ever loses RequirePermissions/RequireAuth, this test will fail.","4","TestRegister_RoutesRequireAuthentication","","Thu Jul 09 18:47:46 UTC 2026","passed","Thu Jul 09 18:47:46 UTC 2026","","Go Test","github.com/specterops/bloodhound/server/analysis/internal/routes/TestRegister_RoutesRequireAuthentication","TestRegister_RoutesRequireAuthentication"
"Test cases for TestUnmarshalTimeText","0","TestUnmarshalTimeText","","Thu Jul 09 18:46:57 UTC 2026","passed","Thu Jul 09 18:46:57 UTC 2026","","Go Test","github.com/specterops/bloodhound/cmd/api/src/database/types/null/TestUnmarshalTimeText","TestUnmarshalTimeText"
"","1","should recognize azure properties","validating a node property against the shared generated schema","Thu Jul 09 18:49:44 UTC 2026","passed","Thu Jul 09 18:49:44 UTC 2026","","","",""
"Test cases for TestManagementResource_CreateSAMLProviderMultipart","30","TestManagementResource_CreateSAMLProviderMultipart","","Thu Jul 09 18:47:39 UTC 2026","passed","Thu Jul 09 18:47:39 UTC 2026","","Go Test","github.com/specterops/bloodhound/cmd/api/src/api/v2/auth/TestManagementResource_CreateSAMLProviderMultipart","TestManagementResource_CreateSAMLProviderMultipart"
"","1105","disables the confirm button until user types required text","Tag Form","Thu Jul 09 18:47:42 UTC 2026","passed","Thu Jul 09 18:47:43 UTC 2026","","","",""
"Test cases for TestHandlers_CreateRequest","0","TestHandlers_CreateRequest","","Thu Jul 09 18:47:45 UTC 2026","passed","Thu Jul 09 18:47:45 UTC 2026","","Go Test","github.com/specterops/bloodhound/server/analysis/internal/handlers/TestHandlers_CreateRequest","TestHandlers_CreateRequest"
"Test cases for TestResources_GetEdgeRelayTargets","110","TestResources_GetEdgeRelayTargets","","Thu Jul 09 18:46:52 UTC 2026","passed","Thu Jul 09 18:46:52 UTC 2026","","Go Test","github.com/specterops/bloodhound/cmd/api/src/api/v2/TestResources_GetEdgeRelayTargets","TestResources_GetEdgeRelayTargets"
"","2","prevents Sigma defaults events","preventAllDefaults","Thu Jul 09 18:54:13 UTC 2026","passed","Thu Jul 09 18:54:13 UTC 2026","","","",""
"","0","excludes non-collected environments when risk filter is active","filterAndSearchEnvironments","Thu Jul 09 18:48:03 UTC 2026","passed","Thu Jul 09 18:48:03 UTC 2026","","risk filters","",""
"","1","filters by azure platform","filterAndSearchEnvironments","Thu Jul 09 18:48:03 UTC 2026","passed","Thu Jul 09 18:48:03 UTC 2026","","platform filters","",""
"","89","should not display the ETAC role-based filtering badge when filtering is disabled","Zone Management","Thu Jul 09 18:51:53 UTC 2026","passed","Thu Jul 09 18:51:53 UTC 2026","","","",""
"Test cases for TestResources_ListADDomainContainedGPOs","1","TestResources_ListADDomainContainedGPOs","","Thu Jul 09 18:46:52 UTC 2026","passed","Thu Jul 09 18:46:52 UTC 2026","","Go Test","github.com/specterops/bloodhound/cmd/api/src/api/v2/TestResources_ListADDomainContainedGPOs","TestResources_ListADDomainContainedGPOs"
"","488","should close the dialog when the Cancel button is clicked","Privilege Zones History Filter Dialog","Thu Jul 09 18:50:19 UTC 2026","passed","Thu Jul 09 18:50:20 UTC 2026","","","",""
"","213","calls setExploreParams with searchType and relationshipQueryItemId when selecting a composition accordion","EdgeInfoContent","Thu Jul 09 18:48:09 UTC 2026","passed","Thu Jul 09 18:48:10 UTC 2026","","EdgeInfoContent support for Deep Linking","",""
"","10","should not render a Field when the provided value is """"","Field","Thu Jul 09 18:52:22 UTC 2026","passed","Thu Jul 09 18:52:22 UTC 2026","","","",""
"","1467","should render","EntityInfoHeader","Thu Jul 09 18:51:18 UTC 2026","passed","Thu Jul 09 18:51:20 UTC 2026","","","",""
"","22","does not show View in Explore if exploreUrl is not supplied","Seed Selection Results","Thu Jul 09 18:49:32 UTC 2026","passed","Thu Jul 09 18:49:32 UTC 2026","","","",""
"Test cases for Test_NewSpecWithHooks","0","Test_NewSpecWithHooks","","Thu Jul 09 18:47:22 UTC 2026","passed","Thu Jul 09 18:47:22 UTC 2026","","Go Test","github.com/specterops/bloodhound/packages/go/lab/Test_NewSpecWithHooks","Test_NewSpecWithHooks"
"Test cases for TestResources_GetAssetGroupTags","1","TestResources_GetAssetGroupTags","","Thu Jul 09 18:46:52 UTC 2026","passed","Thu Jul 09 18:46:52 UTC 2026","","Go Test","github.com/specterops/bloodhound/cmd/api/src/api/v2/TestResources_GetAssetGroupTags","TestResources_GetAssetGroupTags"
"","33","renders GraphButton with correct text","GraphControls","Thu Jul 09 18:48:07 UTC 2026","passed","Thu Jul 09 18:48:07 UTC 2026","","Searching current results","",""
"Test cases for TestManagementResource_UpdateUser_GetRolesError","1010","TestManagementResource_UpdateUser_GetRolesError","","Thu Jul 09 18:47:09 UTC 2026","passed","Thu Jul 09 18:47:10 UTC 2026","","Go Test","github.com/specterops/bloodhound/cmd/api/src/api/v2/auth/TestManagementResource_UpdateUser_GetRolesError","TestManagementResource_UpdateUser_GetRolesError"
"","37","displays lastlogon cell as UNKNOWN when the value is 0","ExploreTableDataCell","Thu Jul 09 18:52:16 UTC 2026","passed","Thu Jul 09 18:52:16 UTC 2026","","","",""
"Test cases for TestManagementResource_GetSelf","1","TestManagementResource_GetSelf","","Thu Jul 09 18:47:14 UTC 2026","passed","Thu Jul 09 18:47:14 UTC 2026","","Go Test","github.com/specterops/bloodhound/cmd/api/src/api/v2/auth/TestManagementResource_GetSelf","TestManagementResource_GetSelf"
"","97","calls onSort when clicked with a tooltip","ColumnHeaders","Thu Jul 09 18:50:45 UTC 2026","passed","Thu Jul 09 18:50:45 UTC 2026","","SortableHeader with Tooltip","",""
"Test cases for TestManagementResource_ListAuthTokens_Admin","0","TestManagementResource_ListAuthTokens_Admin","","Thu Jul 09 18:47:22 UTC 2026","passed","Thu Jul 09 18:47:22 UTC 2026","","Go Test","github.com/specterops/bloodhound/cmd/api/src/api/v2/auth/TestManagementResource_ListAuthTokens_Admin","TestManagementResource_ListAuthTokens_Admin"
"","820","renders a primary button as expected","DropdownSelector","Thu Jul 09 18:51:40 UTC 2026","passed","Thu Jul 09 18:51:41 UTC 2026","","","",""
"","73","calls setSelected with correct data on click","NoteCell component","Thu Jul 09 18:51:40 UTC 2026","passed","Thu Jul 09 18:51:40 UTC 2026","","","",""
"","134","navigates to previous history entry when warning dialog is cancelled","EarlyAccessFeatures","Thu Jul 09 18:53:52 UTC 2026","passed","Thu Jul 09 18:53:52 UTC 2026","","","",""
"","1397","should call the setCypherQuery handler when the value in the editor changes","CypherSearch","Thu Jul 09 18:48:30 UTC 2026","passed","Thu Jul 09 18:48:31 UTC 2026","","","",""
"Test cases for TestManagementResource_ListAuthTokens_NonAdmin","0","TestManagementResource_ListAuthTokens_NonAdmin","","Thu Jul 09 18:47:22 UTC 2026","passed","Thu Jul 09 18:47:22 UTC 2026","","Go Test","github.com/specterops/bloodhound/cmd/api/src/api/v2/auth/TestManagementResource_ListAuthTokens_NonAdmin","TestManagementResource_ListAuthTokens_NonAdmin"
"Test cases for TestBOMEncoding","0","TestBOMEncoding","","Thu Jul 09 18:47:21 UTC 2026","passed","Thu Jul 09 18:47:21 UTC 2026","","Go Test","github.com/specterops/bloodhound/packages/go/bomenc/TestBOMEncoding","TestBOMEncoding"
"Test cases for TestBuildGDBNodeFilter","0","TestBuildGDBNodeFilter","","Thu Jul 09 18:46:58 UTC 2026","passed","Thu Jul 09 18:46:58 UTC 2026","","Go Test","github.com/specterops/bloodhound/cmd/api/src/model/TestBuildGDBNodeFilter","TestBuildGDBNodeFilter"
"","1","filters by multiple risk levels","filterAndSearchEnvironments","Thu Jul 09 18:48:03 UTC 2026","passed","Thu Jul 09 18:48:03 UTC 2026","","risk filters","",""
"Test cases for TestResources_UpdateSavedQuery_NotAUserAuth","0","TestResources_UpdateSavedQuery_NotAUserAuth","","Thu Jul 09 18:46:52 UTC 2026","passed","Thu Jul 09 18:46:52 UTC 2026","","Go Test","github.com/specterops/bloodhound/cmd/api/src/api/v2/TestResources_UpdateSavedQuery_NotAUserAuth","TestResources_UpdateSavedQuery_NotAUserAuth"
"","59","does not render when ruleId is empty","Delete Selector Button rendering","Thu Jul 09 18:52:36 UTC 2026","passed","Thu Jul 09 18:52:36 UTC 2026","","","",""
"","113","disables the Columns button when the disabled prop is true","ManageColumnsComboBox","Thu Jul 09 18:49:37 UTC 2026","passed","Thu Jul 09 18:49:37 UTC 2026","","","",""
"Test cases for TestResources_DeleteSavedQuery_RecordNotFound","0","TestResources_DeleteSavedQuery_RecordNotFound","","Thu Jul 09 18:46:52 UTC 2026","passed","Thu Jul 09 18:46:52 UTC 2026","","Go Test","github.com/specterops/bloodhound/cmd/api/src/api/v2/TestResources_DeleteSavedQuery_RecordNotFound","TestResources_DeleteSavedQuery_RecordNotFound"
"Test cases for TestManagementResource_ListUsers_DBError","0","TestManagementResource_ListUsers_DBError","","Thu Jul 09 18:46:58 UTC 2026","passed","Thu Jul 09 18:46:58 UTC 2026","","Go Test","github.com/specterops/bloodhound/cmd/api/src/api/v2/auth/TestManagementResource_ListUsers_DBError","TestManagementResource_ListUsers_DBError"
"","75","should navigate to the correct page on alt + digit keydown","Keyboard shortcuts","Thu Jul 09 18:50:09 UTC 2026","passed","Thu Jul 09 18:50:09 UTC 2026","","","",""
"","51","calls getKey for each item (stable keys hook)","<DetailsAccordion />","Thu Jul 09 18:49:37 UTC 2026","passed","Thu Jul 09 18:49:37 UTC 2026","","","",""
"","0","Fetching the data timed out","Getting the text for the disabled item display for a search when there are no results","Thu Jul 09 18:51:59 UTC 2026","passed","Thu Jul 09 18:51:59 UTC 2026","","Error states","",""
"","760","renders a filter search and platform dropdown menu","CommonSearches","Thu Jul 09 18:49:40 UTC 2026","passed","Thu Jul 09 18:49:41 UTC 2026","","","",""
"","10","returns when label limit is reached","useTagLimits","Thu Jul 09 18:48:24 UTC 2026","passed","Thu Jul 09 18:48:24 UTC 2026","","","",""
"","1006","renders the form for editing an existing rule","Rule Form","Thu Jul 09 18:47:48 UTC 2026","passed","Thu Jul 09 18:47:49 UTC 2026","","","",""
"","4337","search forces sections to expand when there is a match","Pathfinding","Thu Jul 09 18:49:05 UTC 2026","passed","Thu Jul 09 18:49:10 UTC 2026","","","",""
"Test cases for Test_filterAndFormatSearchResults_includeOpenGraphNodes","0","Test_filterAndFormatSearchResults_includeOpenGraphNodes","","Thu Jul 09 18:46:52 UTC 2026","passed","Thu Jul 09 18:46:52 UTC 2026","","Go Test","github.com/specterops/bloodhound/cmd/api/src/api/v2/Test_filterAndFormatSearchResults_includeOpenGraphNodes","Test_filterAndFormatSearchResults_includeOpenGraphNodes"
"","3626","The password reset dialog is opened when switching a user from SAML based authentication to username/password based authentication","Users","Thu Jul 09 18:49:11 UTC 2026","passed","Thu Jul 09 18:49:14 UTC 2026","","","",""
"","65","fails checks if the user does not have a matching permission","usePermissions","Thu Jul 09 18:49:56 UTC 2026","passed","Thu Jul 09 18:49:56 UTC 2026","","","",""
"Test cases for TestResources_GetPathfindingResult","0","TestResources_GetPathfindingResult","","Thu Jul 09 18:46:52 UTC 2026","passed","Thu Jul 09 18:46:52 UTC 2026","","Go Test","github.com/specterops/bloodhound/cmd/api/src/api/v2/TestResources_GetPathfindingResult","TestResources_GetPathfindingResult"
"Test cases for TestGetLatestQueryParameter","0","TestGetLatestQueryParameter","","Thu Jul 09 18:46:52 UTC 2026","passed","Thu Jul 09 18:46:52 UTC 2026","","Go Test","github.com/specterops/bloodhound/cmd/api/src/api/v2/TestGetLatestQueryParameter","TestGetLatestQueryParameter"
"","349","sets a primarySearch=id and searchType=pathfinding when secondarySearch is truethy","ContextMenu","Thu Jul 09 18:49:31 UTC 2026","passed","Thu Jul 09 18:49:32 UTC 2026","","","",""
"Test cases for TestParseOptionalBoolMisspelledValue","0","TestParseOptionalBoolMisspelledValue","","Thu Jul 09 18:46:41 UTC 2026","passed","Thu Jul 09 18:46:41 UTC 2026","","Go Test","github.com/specterops/bloodhound/cmd/api/src/api/TestParseOptionalBoolMisspelledValue","TestParseOptionalBoolMisspelledValue"
"","361","should display a ""Configure Multi-Factor Authentication"" modal","UserProfile","Thu Jul 09 18:50:04 UTC 2026","passed","Thu Jul 09 18:50:04 UTC 2026","","""Multi-Factor Authentication"" switch","",""
"","151","displays extensions in a table when data is available","ActiveExtensionsCard","Thu Jul 09 18:48:05 UTC 2026","passed","Thu Jul 09 18:48:05 UTC 2026","","","",""
"","37","renders section when no errors occur","EntityInfoCollapsibleSection","Thu Jul 09 18:52:27 UTC 2026","passed","Thu Jul 09 18:52:27 UTC 2026","","","",""
"TestRegister_RoutesRequireAuthentication dispatches real unauthenticatedrequests through the wired router to verify that every registered graphdbroute is guarded by authentication middleware. If the route wireup everloses RequirePermissions(), this test will fail.","0","TestRegister_RoutesRequireAuthentication","","Thu Jul 09 18:47:50 UTC 2026","passed","Thu Jul 09 18:47:50 UTC 2026","","Go Test","github.com/specterops/bloodhound/server/graphdb/internal/routes/TestRegister_RoutesRequireAuthentication","TestRegister_RoutesRequireAuthentication"
"Test cases for TestArgon2_Digest","4","TestArgon2_Digest","","Thu Jul 09 18:47:21 UTC 2026","passed","Thu Jul 09 18:47:21 UTC 2026","","Go Test","github.com/specterops/bloodhound/packages/go/crypto/TestArgon2_Digest","TestArgon2_Digest"
"","129","should on clicking collapse all remove expandedPanelSections param from url and set isObjectInfoPanelOpen in context to false","EdgeInfoHeader","Thu Jul 09 18:51:36 UTC 2026","passed","Thu Jul 09 18:51:36 UTC 2026","","","",""
"","37","should display a badge when role based filtering is true and show filter banner is true","EntityInfoPanel","Thu Jul 09 18:52:03 UTC 2026","passed","Thu Jul 09 18:52:03 UTC 2026","","","",""
"Test cases for TestTracker_HasEdge_PropertyChangeDetectedAsDeletion","0","TestTracker_HasEdge_PropertyChangeDetectedAsDeletion","","Thu Jul 09 18:47:20 UTC 2026","passed","Thu Jul 09 18:47:20 UTC 2026","","Go Test","github.com/specterops/bloodhound/packages/go/analysis/post/TestTracker_HasEdge_PropertyChangeDetectedAsDeletion","TestTracker_HasEdge_PropertyChangeDetectedAsDeletion"
"","19","should render when search string at the end of the text","HighlightedText","Thu Jul 09 18:52:12 UTC 2026","passed","Thu Jul 09 18:52:12 UTC 2026","","","",""
"Test cases for TestBuildErrorResponseUnauthorized","0","TestBuildErrorResponseUnauthorized","","Thu Jul 09 18:46:41 UTC 2026","passed","Thu Jul 09 18:46:41 UTC 2026","","Go Test","github.com/specterops/bloodhound/cmd/api/src/api/TestBuildErrorResponseUnauthorized","TestBuildErrorResponseUnauthorized"
"Test cases for TestAnalysisStepsValue","19","TestAnalysisStepsValue","","Thu Jul 09 18:46:58 UTC 2026","passed","Thu Jul 09 18:46:58 UTC 2026","","Go Test","github.com/specterops/bloodhound/cmd/api/src/model/TestAnalysisStepsValue","TestAnalysisStepsValue"
"","2040","executes a pathfinding search when both a source and destination node are provided","Pathfinding: interaction","Thu Jul 09 18:50:21 UTC 2026","passed","Thu Jul 09 18:50:23 UTC 2026","","","",""
"","710","should display Environmental Targeted Access Control panel when showEnvironmentAccessControls prop is true and read-only role is selected","UpdateUserForm","Thu Jul 09 18:47:50 UTC 2026","passed","Thu Jul 09 18:47:50 UTC 2026","","","",""
"","194","adds node to asset group tag without confirmation","AssetGroupMenuItem","Thu Jul 09 18:49:46 UTC 2026","passed","Thu Jul 09 18:49:46 UTC 2026","","","",""
"Test cases for Test_parseLatestVersion","3","Test_parseLatestVersion","","Thu Jul 09 18:47:42 UTC 2026","passed","Thu Jul 09 18:47:42 UTC 2026","","Go Test","github.com/specterops/bloodhound/packages/go/stbernard/git/Test_parseLatestVersion","Test_parseLatestVersion"
"","1","If for some reason the node size is not defined return 1 as a default","getNodeRadius","Thu Jul 09 18:54:01 UTC 2026","passed","Thu Jul 09 18:54:01 UTC 2026","","","",""
"Test cases for TestManagementResource_GetPermission","41936","TestManagementResource_GetPermission","","Thu Jul 09 18:46:57 UTC 2026","passed","Thu Jul 09 18:47:39 UTC 2026","","Go Test","github.com/specterops/bloodhound/cmd/api/src/api/v2/auth/TestManagementResource_GetPermission","TestManagementResource_GetPermission"
"Test cases for TestResources_ListCAPKIHierarchy","0","TestResources_ListCAPKIHierarchy","","Thu Jul 09 18:46:52 UTC 2026","passed","Thu Jul 09 18:46:52 UTC 2026","","Go Test","github.com/specterops/bloodhound/cmd/api/src/api/v2/TestResources_ListCAPKIHierarchy","TestResources_ListCAPKIHierarchy"
"Test cases for TestMarshalInt","0","TestMarshalInt","","Thu Jul 09 18:46:57 UTC 2026","passed","Thu Jul 09 18:46:57 UTC 2026","","Go Test","github.com/specterops/bloodhound/cmd/api/src/database/types/null/TestMarshalInt","TestMarshalInt"
"","14","should handle special characters","HighlightedText","Thu Jul 09 18:52:12 UTC 2026","passed","Thu Jul 09 18:52:12 UTC 2026","","","",""
"Test cases for TestManagementResource_UpdateUser_GetUserError","1161","TestManagementResource_UpdateUser_GetUserError","","Thu Jul 09 18:47:07 UTC 2026","passed","Thu Jul 09 18:47:09 UTC 2026","","Go Test","github.com/specterops/bloodhound/cmd/api/src/api/v2/auth/TestManagementResource_UpdateUser_GetUserError","TestManagementResource_UpdateUser_GetUserError"
"","68","renders a filter button","FileIngestFilterDialog","Thu Jul 09 18:49:11 UTC 2026","passed","Thu Jul 09 18:49:11 UTC 2026","","","",""
"","122","calls handleInitialEnvironment with the highest impactValue as the initial environment","useInitialEnvironment","Thu Jul 09 18:51:52 UTC 2026","passed","Thu Jul 09 18:51:52 UTC 2026","","","",""
"","54","should render a Field when the provided value is false","Field","Thu Jul 09 18:52:22 UTC 2026","passed","Thu Jul 09 18:52:22 UTC 2026","","","",""
"Test cases for TestInt64ValueOrZero","0","TestInt64ValueOrZero","","Thu Jul 09 18:46:57 UTC 2026","passed","Thu Jul 09 18:46:57 UTC 2026","","Go Test","github.com/specterops/bloodhound/cmd/api/src/database/types/null/TestInt64ValueOrZero","TestInt64ValueOrZero"
"Test cases for Test_filterAndFormatSearchResults_filterEnvironments_tenantIDFail","0","Test_filterAndFormatSearchResults_filterEnvironments_tenantIDFail","","Thu Jul 09 18:46:52 UTC 2026","passed","Thu Jul 09 18:46:52 UTC 2026","","Go Test","github.com/specterops/bloodhound/cmd/api/src/api/v2/Test_filterAndFormatSearchResults_filterEnvironments_tenantIDFail","Test_filterAndFormatSearchResults_filterEnvironments_tenantIDFail"
"","6","returns the full inbound and outbound path when selecting a middle node","SigmaChart Utils","Thu Jul 09 18:53:53 UTC 2026","passed","Thu Jul 09 18:53:53 UTC 2026","when a node is selected","getFullPathHighlightedEntities","",""
"","269","filters unselected columns when typing in the filter input","ManageColumnsComboBox","Thu Jul 09 18:49:40 UTC 2026","passed","Thu Jul 09 18:49:40 UTC 2026","","","",""
"","648","should call onSubmit with initiation_url of selected SSO provider","LoginViaSSOForm","Thu Jul 09 18:51:24 UTC 2026","passed","Thu Jul 09 18:51:25 UTC 2026","","","",""
"Test cases for TestResources_ListADComputerPSRemoteUsers","0","TestResources_ListADComputerPSRemoteUsers","","Thu Jul 09 18:46:52 UTC 2026","passed","Thu Jul 09 18:46:52 UTC 2026","","Go Test","github.com/specterops/bloodhound/cmd/api/src/api/v2/TestResources_ListADComputerPSRemoteUsers","TestResources_ListADComputerPSRemoteUsers"
"TestRegister_WiresFeatureRoutes verifies that the composition root correctlyattaches the feature module routes to the shared router. Matching arepresentative route from each module proves that Register successfullydelegated to the feature modules.","0","TestRegister_WiresFeatureModuleRoutes","","Thu Jul 09 18:47:50 UTC 2026","passed","Thu Jul 09 18:47:50 UTC 2026","","Go Test","github.com/specterops/bloodhound/server/modules/TestRegister_WiresFeatureModuleRoutes","TestRegister_WiresFeatureModuleRoutes"
"","0","returns disabled config when any required param is falsey","useExploreGraph","Thu Jul 09 18:49:05 UTC 2026","passed","Thu Jul 09 18:49:05 UTC 2026","relationship search queries","exploreGraphQueryFactory","",""
"Test cases for TestResources_OpenGraphSchemaIngest","2","TestResources_OpenGraphSchemaIngest","","Thu Jul 09 18:46:52 UTC 2026","passed","Thu Jul 09 18:46:52 UTC 2026","","Go Test","github.com/specterops/bloodhound/cmd/api/src/api/v2/TestResources_OpenGraphSchemaIngest","TestResources_OpenGraphSchemaIngest"
"","1","handles environment with impactValue at exact threshold boundaries","filterAndSearchEnvironments","Thu Jul 09 18:48:03 UTC 2026","passed","Thu Jul 09 18:48:03 UTC 2026","","edge cases","",""
"","114","calls onClick when toggle button clicked","EarlyAccessFeatureToggle","Thu Jul 09 18:54:02 UTC 2026","passed","Thu Jul 09 18:54:02 UTC 2026","","","",""
"","1","prevents MouseCoords events","preventAllDefaults","Thu Jul 09 18:54:13 UTC 2026","passed","Thu Jul 09 18:54:13 UTC 2026","","","",""
"","465","sets exploreSearchTab param to node when the user clicks the `Search` tab","ExploreSearch sets searchType on tab changing","Thu Jul 09 18:53:34 UTC 2026","passed","Thu Jul 09 18:53:35 UTC 2026","","","",""
"","438","Displays a modal after clicking Analyze Now button and run analysis after clicking confirm","AnalyzeNowConfiguration","Thu Jul 09 18:50:10 UTC 2026","passed","Thu Jul 09 18:50:10 UTC 2026","","","",""
"","637","calls onSave without current password when requireCurrentPassword is false","PasswordDialog","Thu Jul 09 18:48:24 UTC 2026","passed","Thu Jul 09 18:48:25 UTC 2026","","","",""
"","383","should display a ""Change Password"" modal","UserProfile","Thu Jul 09 18:50:03 UTC 2026","passed","Thu Jul 09 18:50:03 UTC 2026","","""Reset Password"" button is clicked","",""
"Test cases for TestResources_ListAuditLogs_OnlyOffset","0","TestResources_ListAuditLogs_OnlyOffset","","Thu Jul 09 18:46:52 UTC 2026","passed","Thu Jul 09 18:46:52 UTC 2026","","Go Test","github.com/specterops/bloodhound/cmd/api/src/api/v2/TestResources_ListAuditLogs_OnlyOffset","TestResources_ListAuditLogs_OnlyOffset"
"","74","disables delete button for built-in extensions","ActiveExtensionsCard","Thu Jul 09 18:48:07 UTC 2026","passed","Thu Jul 09 18:48:08 UTC 2026","","","",""
"","185","on clicking switch shows modal and when clicking cancel closes it and switch stays enabled","CitrixRDPConfiguration","Thu Jul 09 18:49:56 UTC 2026","passed","Thu Jul 09 18:49:56 UTC 2026","","Click on switch to disable","",""
"Test cases for TestGenericClone","3","TestGenericClone","","Thu Jul 09 18:47:20 UTC 2026","passed","Thu Jul 09 18:47:20 UTC 2026","","Go Test","github.com/specterops/bloodhound/cmd/api/src/utils/TestGenericClone","TestGenericClone"
"","0","will return a list of values","Formatting list properties","Thu Jul 09 18:49:44 UTC 2026","passed","Thu Jul 09 18:49:44 UTC 2026","","","",""
"Test cases for TestModifyCookieAttribute","1","TestModifyCookieAttribute","","Thu Jul 09 18:47:20 UTC 2026","passed","Thu Jul 09 18:47:20 UTC 2026","","Go Test","github.com/specterops/bloodhound/cmd/api/src/utils/test/TestModifyCookieAttribute","TestModifyCookieAttribute"
"","390","displays a polite message when there are no user updatable features available","EarlyAccessFeatures","Thu Jul 09 18:53:53 UTC 2026","passed","Thu Jul 09 18:53:53 UTC 2026","","","",""
"","0","returns false if value is 'string'","searchParams","Thu Jul 09 18:51:29 UTC 2026","passed","Thu Jul 09 18:51:29 UTC 2026","","isEmptyParam","",""
"Test cases for TestTracker_HasEdge_DuplicateCalls","0","TestTracker_HasEdge_DuplicateCalls","","Thu Jul 09 18:47:20 UTC 2026","passed","Thu Jul 09 18:47:20 UTC 2026","","Go Test","github.com/specterops/bloodhound/packages/go/analysis/post/TestTracker_HasEdge_DuplicateCalls","TestTracker_HasEdge_DuplicateCalls"
"Test cases for TestResources_UpdateAssetGroupSelectors_PayloadError","0","TestResources_UpdateAssetGroupSelectors_PayloadError","","Thu Jul 09 18:46:52 UTC 2026","passed","Thu Jul 09 18:46:52 UTC 2026","","Go Test","github.com/specterops/bloodhound/cmd/api/src/api/v2/TestResources_UpdateAssetGroupSelectors_PayloadError","TestResources_UpdateAssetGroupSelectors_PayloadError"
"","176","does not show ""API Expiration Date"" column header when expiration is disabled","UserTokenManagementDialog - API Expiration Date column","Thu Jul 09 18:49:28 UTC 2026","passed","Thu Jul 09 18:49:28 UTC 2026","","","",""
"Test cases for TestToolContainer_GetScheduledAnalysisConfiguration","4","TestToolContainer_GetScheduledAnalysisConfiguration","","Thu Jul 09 18:46:45 UTC 2026","passed","Thu Jul 09 18:46:45 UTC 2026","","Go Test","github.com/specterops/bloodhound/cmd/api/src/api/tools/TestToolContainer_GetScheduledAnalysisConfiguration","TestToolContainer_GetScheduledAnalysisConfiguration"
"Test cases for TestResources_ListADEntityControllers","3","TestResources_ListADEntityControllers","","Thu Jul 09 18:46:52 UTC 2026","passed","Thu Jul 09 18:46:52 UTC 2026","","Go Test","github.com/specterops/bloodhound/cmd/api/src/api/v2/TestResources_ListADEntityControllers","TestResources_ListADEntityControllers"
"","8","hides items while permissions are loading","useSubNavRoutes","Thu Jul 09 18:50:26 UTC 2026","passed","Thu Jul 09 18:50:26 UTC 2026","","adminOnly gate","",""
"","7","shows the collection methods for the given job","toCollected","Thu Jul 09 18:52:31 UTC 2026","passed","Thu Jul 09 18:52:31 UTC 2026","","","",""
"","76","displays no data message when there are no extensions","ActiveExtensionsCard","Thu Jul 09 18:48:05 UTC 2026","passed","Thu Jul 09 18:48:05 UTC 2026","","","",""
"","581","toggles parent from some to all","GraphDataCheckboxes","Thu Jul 09 18:49:00 UTC 2026","passed","Thu Jul 09 18:49:01 UTC 2026","","","",""
"","323","does not render an edit form for the selected asset group when a user does not have graph write permissions","GroupManagement","Thu Jul 09 18:53:54 UTC 2026","passed","Thu Jul 09 18:53:54 UTC 2026","","","",""
"","737","handles creating a new rule","Rule Form","Thu Jul 09 18:47:54 UTC 2026","passed","Thu Jul 09 18:47:55 UTC 2026","","","",""
"","215","renders the QuerySearchFilter component","QuerySearchFilter","Thu Jul 09 18:51:02 UTC 2026","passed","Thu Jul 09 18:51:02 UTC 2026","","","",""
"","936","displays validation error messages when password does not match confirmation","PasswordDialog","Thu Jul 09 18:48:21 UTC 2026","passed","Thu Jul 09 18:48:22 UTC 2026","","","",""
"","0","returns null if paramValue is null","useEnvironmentParams","Thu Jul 09 18:52:58 UTC 2026","passed","Thu Jul 09 18:52:58 UTC 2026","","parseEnvironmentAggregation","",""
"Copyright 2021 The Go Authors. All rights reserved.TestConcat was ripped from go1.22 source and should be replaced with the stdlib implementation when we move to 1.22Original source: https:","2","TestConcat","","Thu Jul 09 18:47:39 UTC 2026","passed","Thu Jul 09 18:47:39 UTC 2026","","Go Test","github.com/specterops/bloodhound/packages/go/slicesext/TestConcat","TestConcat"
"","2","returns the node_keys from the graphData with duplicate keys removed and known keys added","getExploreTableData","Thu Jul 09 18:50:52 UTC 2026","passed","Thu Jul 09 18:50:52 UTC 2026","","","",""
"","4","returns true if arrays are referentially equal","areArraysSimilar","Thu Jul 09 18:52:35 UTC 2026","passed","Thu Jul 09 18:52:35 UTC 2026","","","",""
"Test cases for TestManagementResource_UpdateUser_SelfDisable","1047","TestManagementResource_UpdateUser_SelfDisable","","Thu Jul 09 18:47:10 UTC 2026","passed","Thu Jul 09 18:47:11 UTC 2026","","Go Test","github.com/specterops/bloodhound/cmd/api/src/api/v2/auth/TestManagementResource_UpdateUser_SelfDisable","TestManagementResource_UpdateUser_SelfDisable"
"","114","should redirect to nested /file-ingest route if user navigates to /","Administration","Thu Jul 09 18:54:06 UTC 2026","passed","Thu Jul 09 18:54:06 UTC 2026","","","",""
"","67","does not display notification when user has GRAPH_DB_INGEST_READ permission","FileIngest","Thu Jul 09 18:51:27 UTC 2026","passed","Thu Jul 09 18:51:27 UTC 2026","","","",""
"","334","sets a primarySearch=id and searchType=pathfinding when secondarySearch is truthy","ContextMenu","Thu Jul 09 18:53:44 UTC 2026","passed","Thu Jul 09 18:53:45 UTC 2026","","","",""
"","0","A type was provided but no keyword follows the typed filter","Getting the text for the disabled item display for a search when there are no results","Thu Jul 09 18:51:59 UTC 2026","passed","Thu Jul 09 18:51:59 UTC 2026","","Empty data states","",""
"","63","enables pulling an ordered list of tags by position ascending","the useAssetGroupTags utilities","Thu Jul 09 18:49:33 UTC 2026","passed","Thu Jul 09 18:49:33 UTC 2026","","","",""
"Test cases for TestUpload_WriteAndValidateFile","0","TestUpload_WriteAndValidateFile","","Thu Jul 09 18:47:07 UTC 2026","passed","Thu Jul 09 18:47:07 UTC 2026","","Go Test","github.com/specterops/bloodhound/cmd/api/src/services/upload/TestUpload_WriteAndValidateFile","TestUpload_WriteAndValidateFile"
"","2","returns true if value is undefined","searchParams","Thu Jul 09 18:51:29 UTC 2026","passed","Thu Jul 09 18:51:29 UTC 2026","","isEmptyParam","",""
"","13","disables the upload button when the user does not have manage ingest permission","File Upload","Thu Jul 09 18:50:05 UTC 2026","passed","Thu Jul 09 18:50:05 UTC 2026","","","",""
"","354","should eventually display list of tokens","UserTokenManagementDialog","Thu Jul 09 18:49:27 UTC 2026","passed","Thu Jul 09 18:49:27 UTC 2026","","","",""
"Test cases for TestHandlers_IsEnabled","0","TestHandlers_IsEnabled","","Thu Jul 09 18:47:48 UTC 2026","passed","Thu Jul 09 18:47:48 UTC 2026","","Go Test","github.com/specterops/bloodhound/server/featureflags/internal/handlers/TestHandlers_IsEnabled","TestHandlers_IsEnabled"
"","0","does not change the day, month, or year value of the DateTime object","floorToNearestMinute","Thu Jul 09 18:52:13 UTC 2026","passed","Thu Jul 09 18:52:13 UTC 2026","","","",""
"","46","shows the empty form message when Cypher Rule Form is empty","Seed Selection Results","Thu Jul 09 18:49:32 UTC 2026","passed","Thu Jul 09 18:49:32 UTC 2026","","","",""
"","257","renders the Columns trigger button","ManageColumnsComboBox","Thu Jul 09 18:49:37 UTC 2026","passed","Thu Jul 09 18:49:37 UTC 2026","","","",""
"","83","should display the logged in user's email address","UserProfile","Thu Jul 09 18:50:02 UTC 2026","passed","Thu Jul 09 18:50:03 UTC 2026","","","",""
"Test cases for TestManagementResource_ServeSigningCertificate","20","TestManagementResource_ServeSigningCertificate","","Thu Jul 09 18:47:39 UTC 2026","passed","Thu Jul 09 18:47:39 UTC 2026","","Go Test","github.com/specterops/bloodhound/cmd/api/src/api/v2/auth/TestManagementResource_ServeSigningCertificate","TestManagementResource_ServeSigningCertificate"
"","400","On unsuccessful upload, notifies with an error and displays a retry button","SchemaUploadDialog","Thu Jul 09 18:49:05 UTC 2026","passed","Thu Jul 09 18:49:06 UTC 2026","","","",""
"","368","should call onClose when cancel button is clicked","SaveQueryDialog","Thu Jul 09 18:47:40 UTC 2026","passed","Thu Jul 09 18:47:40 UTC 2026","","","",""
"Test cases for TestTypes_Value","0","TestTypes_Value","","Thu Jul 09 18:46:57 UTC 2026","passed","Thu Jul 09 18:46:57 UTC 2026","","Go Test","github.com/specterops/bloodhound/cmd/api/src/database/types/TestTypes_Value","TestTypes_Value"
"","134","Searching for existing node type returns node properties","useFetchEntityInfo","Thu Jul 09 18:50:36 UTC 2026","passed","Thu Jul 09 18:50:36 UTC 2026","","","",""
"Test cases for TestResources_ListADComputerConstrainedDelegationUsers","0","TestResources_ListADComputerConstrainedDelegationUsers","","Thu Jul 09 18:46:52 UTC 2026","passed","Thu Jul 09 18:46:52 UTC 2026","","Go Test","github.com/specterops/bloodhound/cmd/api/src/api/v2/TestResources_ListADComputerConstrainedDelegationUsers","TestResources_ListADComputerConstrainedDelegationUsers"
"Test cases for TestStringSetValid","0","TestStringSetValid","","Thu Jul 09 18:46:57 UTC 2026","passed","Thu Jul 09 18:46:57 UTC 2026","","Go Test","github.com/specterops/bloodhound/cmd/api/src/database/types/null/TestStringSetValid","TestStringSetValid"
"","59","invalidates the extensions query key when upload succeeds","useSchemaUploadHandlers","Thu Jul 09 18:52:45 UTC 2026","passed","Thu Jul 09 18:52:46 UTC 2026","","","",""
"","1456","handles copying the name","CopyMenuItem","Thu Jul 09 18:52:55 UTC 2026","passed","Thu Jul 09 18:52:56 UTC 2026","","","",""
"","788","dark mode should persist between logging in and out","redux store","Thu Jul 09 18:54:04 UTC 2026","passed","Thu Jul 09 18:54:04 UTC 2026","","","",""
"","410","disables checkboxes by default","GraphDataCheckboxes","Thu Jul 09 18:48:57 UTC 2026","passed","Thu Jul 09 18:48:57 UTC 2026","","","",""
"Test cases for Test_setRawValue","0","Test_setRawValue","","Thu Jul 09 18:46:52 UTC 2026","passed","Thu Jul 09 18:46:52 UTC 2026","","Go Test","github.com/specterops/bloodhound/cmd/api/src/config/Test_setRawValue","Test_setRawValue"
"Test cases for TestResources_UpdateAssetGroupSelectors_SuccessOwned","0","TestResources_UpdateAssetGroupSelectors_SuccessOwned","","Thu Jul 09 18:46:52 UTC 2026","passed","Thu Jul 09 18:46:52 UTC 2026","","Go Test","github.com/specterops/bloodhound/cmd/api/src/api/v2/TestResources_UpdateAssetGroupSelectors_SuccessOwned","TestResources_UpdateAssetGroupSelectors_SuccessOwned"
"Test cases for TestResources_ListFileUploadJobs","3","TestResources_ListFileUploadJobs","","Thu Jul 09 18:46:52 UTC 2026","passed","Thu Jul 09 18:46:52 UTC 2026","","Go Test","github.com/specterops/bloodhound/cmd/api/src/api/v2/TestResources_ListFileUploadJobs","TestResources_ListFileUploadJobs"
"","0","returns paramValue as EnvironmentAggregation if paramValue is all","useEnvironmentParams","Thu Jul 09 18:52:58 UTC 2026","passed","Thu Jul 09 18:52:58 UTC 2026","","parseEnvironmentAggregation","",""
"Test cases for TestRoleAssignments_NodesWithRole","0","TestRoleAssignments_NodesWithRole","","Thu Jul 09 18:47:20 UTC 2026","passed","Thu Jul 09 18:47:20 UTC 2026","","Go Test","github.com/specterops/bloodhound/packages/go/analysis/azure/TestRoleAssignments_NodesWithRole","TestRoleAssignments_NodesWithRole"
"Test cases for Test_SetApplicationConfiguration","0","Test_SetApplicationConfiguration","","Thu Jul 09 18:46:52 UTC 2026","passed","Thu Jul 09 18:46:52 UTC 2026","","Go Test","github.com/specterops/bloodhound/cmd/api/src/api/v2/Test_SetApplicationConfiguration","Test_SetApplicationConfiguration"
"Test cases for TestService_GetRequest","0","TestService_GetRequest","","Thu Jul 09 18:47:46 UTC 2026","passed","Thu Jul 09 18:47:46 UTC 2026","","Go Test","github.com/specterops/bloodhound/server/analysis/internal/services/TestService_GetRequest","TestService_GetRequest"
"Test cases for TestMarshalBool","0","TestMarshalBool","","Thu Jul 09 18:46:57 UTC 2026","passed","Thu Jul 09 18:46:57 UTC 2026","","Go Test","github.com/specterops/bloodhound/cmd/api/src/database/types/null/TestMarshalBool","TestMarshalBool"
"","362","switches Rule tab to active/selected when clicked","Selected Details Tabs","Thu Jul 09 18:50:15 UTC 2026","passed","Thu Jul 09 18:50:16 UTC 2026","","Selected Details Tabs - Click Interactions","",""
"Test cases for TestManagementResource_EnableUserSAML","0","TestManagementResource_EnableUserSAML","","Thu Jul 09 18:46:57 UTC 2026","passed","Thu Jul 09 18:46:57 UTC 2026","","Go Test","github.com/specterops/bloodhound/cmd/api/src/api/v2/auth/TestManagementResource_EnableUserSAML","TestManagementResource_EnableUserSAML"
"Test cases for TestResources_UpdateSavedQuery_AdminPublicQuery_Success","3","TestResources_UpdateSavedQuery_AdminPublicQuery_Success","","Thu Jul 09 18:46:52 UTC 2026","passed","Thu Jul 09 18:46:52 UTC 2026","","Go Test","github.com/specterops/bloodhound/cmd/api/src/api/v2/TestResources_UpdateSavedQuery_AdminPublicQuery_Success","TestResources_UpdateSavedQuery_AdminPublicQuery_Success"
"Test cases for Test_filterAndFormatSearchResults_filterEnvironmentsEmpty","0","Test_filterAndFormatSearchResults_filterEnvironmentsEmpty","","Thu Jul 09 18:46:52 UTC 2026","passed","Thu Jul 09 18:46:52 UTC 2026","","Go Test","github.com/specterops/bloodhound/cmd/api/src/api/v2/Test_filterAndFormatSearchResults_filterEnvironmentsEmpty","Test_filterAndFormatSearchResults_filterEnvironmentsEmpty"
"Test cases for TestGetAzureDataQualityStats_Failure","2","TestGetAzureDataQualityStats_Failure","","Thu Jul 09 18:46:52 UTC 2026","passed","Thu Jul 09 18:46:52 UTC 2026","","Go Test","github.com/specterops/bloodhound/cmd/api/src/api/v2/TestGetAzureDataQualityStats_Failure","TestGetAzureDataQualityStats_Failure"
"","191","calls exportToJson util when valid non a empty object is passed as the jsonData prop","GraphControls","Thu Jul 09 18:48:07 UTC 2026","passed","Thu Jul 09 18:48:07 UTC 2026","","Exporting json","",""
"Test cases for TestParsePreferHeaderWait","0","TestParsePreferHeaderWait","","Thu Jul 09 18:46:44 UTC 2026","passed","Thu Jul 09 18:46:44 UTC 2026","","Go Test","github.com/specterops/bloodhound/cmd/api/src/api/middleware/TestParsePreferHeaderWait","TestParsePreferHeaderWait"
"Test cases for TestOrphanFileSweeper_AddExpectedStoragePath","42","TestOrphanFileSweeper_AddExpectedStoragePath","","Thu Jul 09 18:46:55 UTC 2026","passed","Thu Jul 09 18:46:55 UTC 2026","","Go Test","github.com/specterops/bloodhound/cmd/api/src/daemons/datapipe/TestOrphanFileSweeper_AddExpectedStoragePath","TestOrphanFileSweeper_AddExpectedStoragePath"
"","527","should render the cypher search controls when user clicks on cypher tab","ExploreSearch rendering per tab","Thu Jul 09 18:53:34 UTC 2026","passed","Thu Jul 09 18:53:34 UTC 2026","","","",""
"Test cases for TestParseHeaderValues","0","TestParseHeaderValues","","Thu Jul 09 18:46:44 UTC 2026","passed","Thu Jul 09 18:46:44 UTC 2026","","Go Test","github.com/specterops/bloodhound/cmd/api/src/api/middleware/TestParseHeaderValues","TestParseHeaderValues"
"","21","returns azure environmentInfo when environmentAggregation param is azure","useAvailableEnvironments","Thu Jul 09 18:50:27 UTC 2026","passed","Thu Jul 09 18:50:27 UTC 2026","","useSelectedEnvironment","",""
"Test cases for TestConvertAzureRoleEligibilityScheduleInstanceToRel","0","TestConvertAzureRoleEligibilityScheduleInstanceToRel","","Thu Jul 09 18:47:21 UTC 2026","passed","Thu Jul 09 18:47:21 UTC 2026","","Go Test","github.com/specterops/bloodhound/packages/go/ein/TestConvertAzureRoleEligibilityScheduleInstanceToRel","TestConvertAzureRoleEligibilityScheduleInstanceToRel"
"Test cases for Test_PrimaryNodeKind","0","Test_PrimaryNodeKind","","Thu Jul 09 18:47:22 UTC 2026","passed","Thu Jul 09 18:47:22 UTC 2026","","Go Test","github.com/specterops/bloodhound/packages/go/graphschema/Test_PrimaryNodeKind","Test_PrimaryNodeKind"
"Test cases for TestRewriter_Enter_AzureAttackPathsShortcut_ReplacesKinds","0","TestRewriter_Enter_AzureAttackPathsShortcut_ReplacesKinds","","Thu Jul 09 18:47:00 UTC 2026","passed","Thu Jul 09 18:47:00 UTC 2026","","Go Test","github.com/specterops/bloodhound/cmd/api/src/queries/TestRewriter_Enter_AzureAttackPathsShortcut_ReplacesKinds","TestRewriter_Enter_AzureAttackPathsShortcut_ReplacesKinds"
"","1202","when user performs a single node search, the selected node carries over to the `start node` input field on the pathfinding tab","ExploreSearch interaction","Thu Jul 09 18:53:36 UTC 2026","passed","Thu Jul 09 18:53:37 UTC 2026","","","",""
"Test cases for TestManagementResource_SAMLCallbackRedirect","13","TestManagementResource_SAMLCallbackRedirect","","Thu Jul 09 18:47:39 UTC 2026","passed","Thu Jul 09 18:47:39 UTC 2026","","Go Test","github.com/specterops/bloodhound/cmd/api/src/api/v2/auth/TestManagementResource_SAMLCallbackRedirect","TestManagementResource_SAMLCallbackRedirect"
"","119","collapses an open item when its header is clicked again","<DetailsAccordion />","Thu Jul 09 18:49:37 UTC 2026","passed","Thu Jul 09 18:49:38 UTC 2026","","","",""
"Test cases for TestManagementResource_ListPermissions","0","TestManagementResource_ListPermissions","","Thu Jul 09 18:46:57 UTC 2026","passed","Thu Jul 09 18:46:57 UTC 2026","","Go Test","github.com/specterops/bloodhound/cmd/api/src/api/v2/auth/TestManagementResource_ListPermissions","TestManagementResource_ListPermissions"
"","1","filters by user-provided platform","filterAndSearchEnvironments","Thu Jul 09 18:48:03 UTC 2026","passed","Thu Jul 09 18:48:03 UTC 2026","","platform filters","",""
"","64","returns false on 404","useGraphHasData","Thu Jul 09 18:52:24 UTC 2026","passed","Thu Jul 09 18:52:24 UTC 2026","","","",""
"Test cases for TestResources_DeleteSavedQueryPermissions","3","TestResources_DeleteSavedQueryPermissions","","Thu Jul 09 18:46:52 UTC 2026","passed","Thu Jul 09 18:46:52 UTC 2026","","Go Test","github.com/specterops/bloodhound/cmd/api/src/api/v2/TestResources_DeleteSavedQueryPermissions","TestResources_DeleteSavedQueryPermissions"
"","117","renders delete buttons for each extension","ActiveExtensionsCard","Thu Jul 09 18:48:05 UTC 2026","passed","Thu Jul 09 18:48:06 UTC 2026","","","",""
"Test cases for TestRegister_PanicsOnNilRouter","0","TestRegister_PanicsOnNilRouter","","Thu Jul 09 18:47:50 UTC 2026","passed","Thu Jul 09 18:47:50 UTC 2026","","Go Test","github.com/specterops/bloodhound/server/modules/TestRegister_PanicsOnNilRouter","TestRegister_PanicsOnNilRouter"
"Test cases for Test_GetApplicationConfigurations","0","Test_GetApplicationConfigurations","","Thu Jul 09 18:46:52 UTC 2026","passed","Thu Jul 09 18:46:52 UTC 2026","","Go Test","github.com/specterops/bloodhound/cmd/api/src/api/v2/Test_GetApplicationConfigurations","Test_GetApplicationConfigurations"
"Test cases for TestManagementResource_DeleteUser_DeleteUserError","1062","TestManagementResource_DeleteUser_DeleteUserError","","Thu Jul 09 18:47:15 UTC 2026","passed","Thu Jul 09 18:47:16 UTC 2026","","Go Test","github.com/specterops/bloodhound/cmd/api/src/api/v2/auth/TestManagementResource_DeleteUser_DeleteUserError","TestManagementResource_DeleteUser_DeleteUserError"
"","576","disables the delete button and all checkboxes if the user lacks permission","DatabaseManagement","Thu Jul 09 18:53:26 UTC 2026","passed","Thu Jul 09 18:53:27 UTC 2026","","","",""
"","257","shows a loading state","FileIngestTable","Thu Jul 09 18:48:41 UTC 2026","passed","Thu Jul 09 18:48:41 UTC 2026","","","",""
"Test cases for TestResources_UpdateAssetGroupTag","1","TestResources_UpdateAssetGroupTag","","Thu Jul 09 18:46:52 UTC 2026","passed","Thu Jul 09 18:46:52 UTC 2026","","Go Test","github.com/specterops/bloodhound/cmd/api/src/api/v2/TestResources_UpdateAssetGroupTag","TestResources_UpdateAssetGroupTag"
"Test cases for TestNewAuditLog_Error","3","TestNewAuditLog_Error","","Thu Jul 09 18:46:57 UTC 2026","passed","Thu Jul 09 18:46:57 UTC 2026","","Go Test","github.com/specterops/bloodhound/cmd/api/src/database/TestNewAuditLog_Error","TestNewAuditLog_Error"
"","285","renders an error message without throwing a TypeError","EntityInfoCollapsibleSection","Thu Jul 09 18:52:26 UTC 2026","passed","Thu Jul 09 18:52:27 UTC 2026","","","",""
"Test cases for TestMaybeSubmitRelationshipUpdate","0","TestMaybeSubmitRelationshipUpdate","","Thu Jul 09 18:47:02 UTC 2026","passed","Thu Jul 09 18:47:02 UTC 2026","","Go Test","github.com/specterops/bloodhound/cmd/api/src/services/graphify/TestMaybeSubmitRelationshipUpdate","TestMaybeSubmitRelationshipUpdate"
"Test cases for TestUnmarshalNonIntegerNumber","0","TestUnmarshalNonIntegerNumber","","Thu Jul 09 18:46:57 UTC 2026","passed","Thu Jul 09 18:46:57 UTC 2026","","Go Test","github.com/specterops/bloodhound/cmd/api/src/database/types/null/TestUnmarshalNonIntegerNumber","TestUnmarshalNonIntegerNumber"
"Test cases for TestSeekToKey","0","TestSeekToKey","","Thu Jul 09 18:47:02 UTC 2026","passed","Thu Jul 09 18:47:02 UTC 2026","","Go Test","github.com/specterops/bloodhound/cmd/api/src/services/graphify/TestSeekToKey","TestSeekToKey"
"","65","adds a notification - checks values","AppNotifications","Thu Jul 09 18:51:46 UTC 2026","passed","Thu Jul 09 18:51:46 UTC 2026","","","",""
"","13","shows hint by default","ManagedDatePicker - placeholders","Thu Jul 09 18:50:41 UTC 2026","passed","Thu Jul 09 18:50:41 UTC 2026","","","",""
"Test cases for TestGC_Name","0","TestGC_Name","","Thu Jul 09 18:46:55 UTC 2026","passed","Thu Jul 09 18:46:55 UTC 2026","","Go Test","github.com/specterops/bloodhound/cmd/api/src/daemons/gc/TestGC_Name","TestGC_Name"
"","904","should call onSubmit with email address and password when login button clicked","LoginForm","Thu Jul 09 18:52:16 UTC 2026","passed","Thu Jul 09 18:52:17 UTC 2026","","","",""
"","0","uses the correct entity name in the Object ID message","getErrorMessage","Thu Jul 09 18:49:07 UTC 2026","passed","Thu Jul 09 18:49:07 UTC 2026","","","",""
"","188","renders the Cypher Rules Panel when clicking the Rule Tab","Selected Details Tab Content","Thu Jul 09 18:51:09 UTC 2026","passed","Thu Jul 09 18:51:09 UTC 2026","","","",""
"","822","should not call onSubmit when expired password matches current password when reset password button clicked","PasswordResetForm","Thu Jul 09 18:50:32 UTC 2026","passed","Thu Jul 09 18:50:32 UTC 2026","","","",""
"","415","invalidates the extensions query after a successful upload","SchemaUploadDialog","Thu Jul 09 18:49:05 UTC 2026","passed","Thu Jul 09 18:49:05 UTC 2026","","","",""
"Test cases for TestHandlers_CancelAnalysisRequest","0","TestHandlers_CancelAnalysisRequest","","Thu Jul 09 18:47:45 UTC 2026","passed","Thu Jul 09 18:47:45 UTC 2026","","Go Test","github.com/specterops/bloodhound/server/analysis/internal/handlers/TestHandlers_CancelAnalysisRequest","TestHandlers_CancelAnalysisRequest"
"","1","abbreviates numbers larger than 1000 and should not round the tenth place digit","numberFormatting","Thu Jul 09 18:50:48 UTC 2026","passed","Thu Jul 09 18:50:48 UTC 2026","","","",""
"","1","returns graphData as is if it doesnt match the GraphResponse interface","normalizeGraphDataForSigma","Thu Jul 09 18:54:08 UTC 2026","passed","Thu Jul 09 18:54:08 UTC 2026","","","",""
"Test cases for TestResources_UpdateSavedQuery_InvalidBody","0","TestResources_UpdateSavedQuery_InvalidBody","","Thu Jul 09 18:46:52 UTC 2026","passed","Thu Jul 09 18:46:52 UTC 2026","","Go Test","github.com/specterops/bloodhound/cmd/api/src/api/v2/TestResources_UpdateSavedQuery_InvalidBody","TestResources_UpdateSavedQuery_InvalidBody"
"Test cases for TestResources_ListADDomainContainedComputers","10","TestResources_ListADDomainContainedComputers","","Thu Jul 09 18:46:52 UTC 2026","passed","Thu Jul 09 18:46:52 UTC 2026","","Go Test","github.com/specterops/bloodhound/cmd/api/src/api/v2/TestResources_ListADDomainContainedComputers","TestResources_ListADDomainContainedComputers"
"","0","returns true if arrays have same content in different order","areArraysSimilar","Thu Jul 09 18:52:35 UTC 2026","passed","Thu Jul 09 18:52:35 UTC 2026","","","",""
"Test cases for TestStore_GetAnalysisRequest","4","TestStore_GetAnalysisRequest","","Thu Jul 09 18:47:44 UTC 2026","passed","Thu Jul 09 18:47:44 UTC 2026","","Go Test","github.com/specterops/bloodhound/server/analysis/internal/appdb/TestStore_GetAnalysisRequest","TestStore_GetAnalysisRequest"
"Test cases for TestResources_GetAIACAEntityInfo","230","TestResources_GetAIACAEntityInfo","","Thu Jul 09 18:46:52 UTC 2026","passed","Thu Jul 09 18:46:52 UTC 2026","","Go Test","github.com/specterops/bloodhound/cmd/api/src/api/v2/TestResources_GetAIACAEntityInfo","TestResources_GetAIACAEntityInfo"
"","140","renders correctly","NodeIcon","Thu Jul 09 18:52:17 UTC 2026","passed","Thu Jul 09 18:52:17 UTC 2026","","","",""
"TestCacheEntryDigester_DigestEndpoint_MatchByProperty tests the sorting and hashinglogic when MatchBy is set to MatchByProperty.","1","TestCacheEntryDigester_DigestEndpoint_MatchByProperty","","Thu Jul 09 18:47:03 UTC 2026","passed","Thu Jul 09 18:47:03 UTC 2026","","Go Test","github.com/specterops/bloodhound/cmd/api/src/services/graphify/endpoint/TestCacheEntryDigester_DigestEndpoint_MatchByProperty","TestCacheEntryDigester_DigestEndpoint_MatchByProperty"
"","112","disables the user actions menu for a user with the auditor role","User Actions Menu","Thu Jul 09 18:50:32 UTC 2026","passed","Thu Jul 09 18:50:32 UTC 2026","","Button Menu State","",""
"Test cases for TestResources_ListADEntityDCOMRights","2","TestResources_ListADEntityDCOMRights","","Thu Jul 09 18:46:52 UTC 2026","passed","Thu Jul 09 18:46:52 UTC 2026","","Go Test","github.com/specterops/bloodhound/cmd/api/src/api/v2/TestResources_ListADEntityDCOMRights","TestResources_ListADEntityDCOMRights"
"Test cases for TestBoolValueOrZero","0","TestBoolValueOrZero","","Thu Jul 09 18:46:57 UTC 2026","passed","Thu Jul 09 18:46:57 UTC 2026","","Go Test","github.com/specterops/bloodhound/cmd/api/src/database/types/null/TestBoolValueOrZero","TestBoolValueOrZero"
"","769","should display generate/revoke api tokens button","User Actions Menu","Thu Jul 09 18:50:31 UTC 2026","passed","Thu Jul 09 18:50:32 UTC 2026","","Api Keys","",""
"","0","floors DateTime objects to the nearest minute","floorToNearestMinute","Thu Jul 09 18:52:13 UTC 2026","passed","Thu Jul 09 18:52:13 UTC 2026","","","",""
"","234","calls handleError with ruleType when creating a rule fails","Rule Form","Thu Jul 09 18:48:01 UTC 2026","passed","Thu Jul 09 18:48:02 UTC 2026","","","",""
"","13","clears an ascending sort when sorting the same column","useSortParams","Thu Jul 09 18:51:23 UTC 2026","passed","Thu Jul 09 18:51:23 UTC 2026","","","",""
"","212","sums nested section node counts","EntityInfoDataTableGraphed","Thu Jul 09 18:50:00 UTC 2026","passed","Thu Jul 09 18:50:00 UTC 2026","","Node count for nested table that counts all sections","",""
"Test cases for TestMatches_FailureErrMsg","0","TestMatches_FailureErrMsg","","Thu Jul 09 18:46:58 UTC 2026","passed","Thu Jul 09 18:46:58 UTC 2026","","Go Test","github.com/specterops/bloodhound/cmd/api/src/model/TestMatches_FailureErrMsg","TestMatches_FailureErrMsg"
"","76","is not overwritten when node properties contain an id field","useExploreTableRowsAndColumns","Thu Jul 09 18:52:50 UTC 2026","passed","Thu Jul 09 18:52:50 UTC 2026","","bhGraphId","",""
"","0","should return false when there is no match","compareTerm","Thu Jul 09 18:52:00 UTC 2026","passed","Thu Jul 09 18:52:00 UTC 2026","","","",""
"","0","returns false if value is 'array'","searchParams","Thu Jul 09 18:51:29 UTC 2026","passed","Thu Jul 09 18:51:29 UTC 2026","","isEmptyParam","",""
"","268","displays a Filters button","FileIngest","Thu Jul 09 18:51:26 UTC 2026","passed","Thu Jul 09 18:51:27 UTC 2026","","","",""
"","160","Verify Vault Reader count is the count returned by All Readers","EntityInfoDataTable","Thu Jul 09 18:49:21 UTC 2026","passed","Thu Jul 09 18:49:22 UTC 2026","","Node count for Vault Readers nested table","",""
"","14","when password is expired and not on password reset page, redirects to password reset page","AuthenticatedRoute","Thu Jul 09 18:53:50 UTC 2026","passed","Thu Jul 09 18:53:50 UTC 2026","","","",""
"","1","filters by critical risk level","filterAndSearchEnvironments","Thu Jul 09 18:48:03 UTC 2026","passed","Thu Jul 09 18:48:03 UTC 2026","","risk filters","",""
"","415","displays a “Disable query timeout” checkbox when timeout limit param config is enabled false","ExploreSearch interaction","Thu Jul 09 18:53:39 UTC 2026","passed","Thu Jul 09 18:53:39 UTC 2026","","","",""
"","262","removes a node from an asset group tag","AssetGroupMenuItem","Thu Jul 09 18:49:46 UTC 2026","passed","Thu Jul 09 18:49:46 UTC 2026","","","",""
"Test cases for TestHasSequence","1","TestHasSequence","","Thu Jul 09 18:47:21 UTC 2026","passed","Thu Jul 09 18:47:21 UTC 2026","","Go Test","github.com/specterops/bloodhound/packages/go/bomenc/TestHasSequence","TestHasSequence"
"","0","escapes a backslash","escapeCypherString","Thu Jul 09 18:52:52 UTC 2026","passed","Thu Jul 09 18:52:52 UTC 2026","","","",""
"","10","does not return when label limit is not reached","useTagLimits","Thu Jul 09 18:48:24 UTC 2026","passed","Thu Jul 09 18:48:24 UTC 2026","","","",""
"Test cases for TestVersion_GreaterThan","0","TestVersion_GreaterThan","","Thu Jul 09 18:47:20 UTC 2026","passed","Thu Jul 09 18:47:20 UTC 2026","","Go Test","github.com/specterops/bloodhound/cmd/api/src/version/TestVersion_GreaterThan","TestVersion_GreaterThan"
"Test cases for TestResources_DeleteSavedQuery_NotPublicQueryAndUserIsAdmin","0","TestResources_DeleteSavedQuery_NotPublicQueryAndUserIsAdmin","","Thu Jul 09 18:46:52 UTC 2026","passed","Thu Jul 09 18:46:52 UTC 2026","","Go Test","github.com/specterops/bloodhound/cmd/api/src/api/v2/TestResources_DeleteSavedQuery_NotPublicQueryAndUserIsAdmin","TestResources_DeleteSavedQuery_NotPublicQueryAndUserIsAdmin"
"Test cases for TestManagementResource_DeleteAuthToken","29","TestManagementResource_DeleteAuthToken","","Thu Jul 09 18:47:39 UTC 2026","passed","Thu Jul 09 18:47:39 UTC 2026","","Go Test","github.com/specterops/bloodhound/cmd/api/src/api/v2/auth/TestManagementResource_DeleteAuthToken","TestManagementResource_DeleteAuthToken"
"","950","sets the selectedItem param and closes popper when a node is selected","GraphControls","Thu Jul 09 18:48:08 UTC 2026","passed","Thu Jul 09 18:48:09 UTC 2026","","Searching current results","",""
"","753","lists all available node kinds as options to filter by","AssetGroupEdit","Thu Jul 09 18:49:49 UTC 2026","passed","Thu Jul 09 18:49:49 UTC 2026","","Node Type dropdown filter","",""
"Test cases for TestHeaderMatches","0","TestHeaderMatches","","Thu Jul 09 18:47:20 UTC 2026","passed","Thu Jul 09 18:47:20 UTC 2026","","Go Test","github.com/specterops/bloodhound/cmd/api/src/utils/TestHeaderMatches","TestHeaderMatches"
"Test cases for TestManagementResource_DeleteUser_UserBhCtxNotFound","0","TestManagementResource_DeleteUser_UserBhCtxNotFound","","Thu Jul 09 18:47:14 UTC 2026","passed","Thu Jul 09 18:47:14 UTC 2026","","Go Test","github.com/specterops/bloodhound/cmd/api/src/api/v2/auth/TestManagementResource_DeleteUser_UserBhCtxNotFound","TestManagementResource_DeleteUser_UserBhCtxNotFound"
"","12","can composes search params from the search prop and use them in the redirect","AppNavigate","Thu Jul 09 18:51:46 UTC 2026","passed","Thu Jul 09 18:51:46 UTC 2026","","","",""
"Test cases for TestManagementResource_ServeMetadata","25","TestManagementResource_ServeMetadata","","Thu Jul 09 18:47:39 UTC 2026","passed","Thu Jul 09 18:47:39 UTC 2026","","Go Test","github.com/specterops/bloodhound/cmd/api/src/api/v2/auth/TestManagementResource_ServeMetadata","TestManagementResource_ServeMetadata"
"","868","should display all available roles","UpdateUserDialog","Thu Jul 09 18:48:54 UTC 2026","passed","Thu Jul 09 18:48:55 UTC 2026","","","",""
"","11","matches all AD edges","Make sure pathfinding filterable edges match schemagen","Thu Jul 09 18:52:59 UTC 2026","passed","Thu Jul 09 18:52:59 UTC 2026","","","",""
"","0","returns empty array when combined filters match nothing","filterAndSearchEnvironments","Thu Jul 09 18:48:03 UTC 2026","passed","Thu Jul 09 18:48:03 UTC 2026","","combined filters","",""
"","2019","displays a list of available sharphound and azurehound files to download","DownloadCollectors","Thu Jul 09 18:53:41 UTC 2026","passed","Thu Jul 09 18:53:43 UTC 2026","","","",""
"Test cases for TestRateLimitMiddleware","0","TestRateLimitMiddleware","","Thu Jul 09 18:46:44 UTC 2026","passed","Thu Jul 09 18:46:44 UTC 2026","","Go Test","github.com/specterops/bloodhound/cmd/api/src/api/middleware/TestRateLimitMiddleware","TestRateLimitMiddleware"
"Test cases for TestUnifiedGraph_AddPathSet","0","TestUnifiedGraph_AddPathSet","","Thu Jul 09 18:46:58 UTC 2026","passed","Thu Jul 09 18:46:58 UTC 2026","","Go Test","github.com/specterops/bloodhound/cmd/api/src/model/TestUnifiedGraph_AddPathSet","TestUnifiedGraph_AddPathSet"
"Test cases for Test_SetNodeProperties","0","Test_SetNodeProperties","","Thu Jul 09 18:46:52 UTC 2026","passed","Thu Jul 09 18:46:52 UTC 2026","","Go Test","github.com/specterops/bloodhound/cmd/api/src/api/v2/Test_SetNodeProperties","Test_SetNodeProperties"
"","132","buttons are disabled while loading","LoginForm","Thu Jul 09 18:52:18 UTC 2026","passed","Thu Jul 09 18:52:18 UTC 2026","","","",""
"","589","should display Environmental Targeted Access Control panel when showEnvironmentAccessControls prop is true and read-only role is selected","CreateUserForm","Thu Jul 09 18:48:16 UTC 2026","passed","Thu Jul 09 18:48:16 UTC 2026","","","",""
"","352","prevents a user from proceeding if the file is not valid","ImportQueryDialog","Thu Jul 09 18:52:50 UTC 2026","passed","Thu Jul 09 18:52:51 UTC 2026","","","",""
"","3","should return null if the edge key does not have enough information","getEdgeDataFromKey","Thu Jul 09 18:54:08 UTC 2026","passed","Thu Jul 09 18:54:08 UTC 2026","","","",""
"","12","dedupes edges before adding them to the graph","Explore utils","Thu Jul 09 18:53:46 UTC 2026","passed","Thu Jul 09 18:53:46 UTC 2026","","initGraph","",""
"","0","Will treat what is to the left of the first colon as a search filter if it matches an existing kind","parseKeywordAndTypeValue","Thu Jul 09 18:52:46 UTC 2026","passed","Thu Jul 09 18:52:46 UTC 2026","","","",""
"","394","navigates to rule details when clicking a rule row","RulesAccordion","Thu Jul 09 18:50:57 UTC 2026","passed","Thu Jul 09 18:50:57 UTC 2026","","","",""
"Test cases for TestStorageFileService_ListFiles","4","TestStorageFileService_ListFiles","","Thu Jul 09 18:47:43 UTC 2026","passed","Thu Jul 09 18:47:43 UTC 2026","","Go Test","github.com/specterops/bloodhound/packages/go/storage/TestStorageFileService_ListFiles","TestStorageFileService_ListFiles"
"Test cases for TestDefaultRateLimitMiddleware","3","TestDefaultRateLimitMiddleware","","Thu Jul 09 18:46:44 UTC 2026","passed","Thu Jul 09 18:46:44 UTC 2026","","Go Test","github.com/specterops/bloodhound/cmd/api/src/api/middleware/TestDefaultRateLimitMiddleware","TestDefaultRateLimitMiddleware"
"Test cases for TestResources_ListADGPOAffectedUsers","0","TestResources_ListADGPOAffectedUsers","","Thu Jul 09 18:46:52 UTC 2026","passed","Thu Jul 09 18:46:52 UTC 2026","","Go Test","github.com/specterops/bloodhound/cmd/api/src/api/v2/TestResources_ListADGPOAffectedUsers","TestResources_ListADGPOAffectedUsers"
"Test cases for TestCopyMatchExpressionsSorted","0","TestCopyMatchExpressionsSorted","","Thu Jul 09 18:47:03 UTC 2026","passed","Thu Jul 09 18:47:03 UTC 2026","","Go Test","github.com/specterops/bloodhound/cmd/api/src/services/graphify/endpoint/TestCopyMatchExpressionsSorted","TestCopyMatchExpressionsSorted"
"","381","sets secondarySearch=id and searchType=node when primarySearch is falsey","ContextMenu","Thu Jul 09 18:53:45 UTC 2026","passed","Thu Jul 09 18:53:45 UTC 2026","","","",""
"","1413","renders asset group edit options with graph write permissions","ContextMenu","Thu Jul 09 18:49:29 UTC 2026","passed","Thu Jul 09 18:49:30 UTC 2026","","","",""
"","769","should not have less characters than the minimum requirement","CreateUserForm","Thu Jul 09 18:48:14 UTC 2026","passed","Thu Jul 09 18:48:15 UTC 2026","","","",""
"","2332","search highlights matching substring with text-link class","Pathfinding","Thu Jul 09 18:49:03 UTC 2026","passed","Thu Jul 09 18:49:05 UTC 2026","","","",""
"","2","stores a number value in localStorage","useLocalStorage","Thu Jul 09 18:50:10 UTC 2026","passed","Thu Jul 09 18:50:10 UTC 2026","","setValue","",""
"Test cases for TestTagScanner_NextTopLevelTag","0","TestTagScanner_NextTopLevelTag","","Thu Jul 09 18:47:07 UTC 2026","passed","Thu Jul 09 18:47:07 UTC 2026","","Go Test","github.com/specterops/bloodhound/cmd/api/src/services/upload/TestTagScanner_NextTopLevelTag","TestTagScanner_NextTopLevelTag"
"Test cases for TestManagementResource_UpdateUser_DuplicateEmailError","0","TestManagementResource_UpdateUser_DuplicateEmailError","","Thu Jul 09 18:47:10 UTC 2026","passed","Thu Jul 09 18:47:10 UTC 2026","","Go Test","github.com/specterops/bloodhound/cmd/api/src/api/v2/auth/TestManagementResource_UpdateUser_DuplicateEmailError","TestManagementResource_UpdateUser_DuplicateEmailError"
"","37","uses the discardQueryParams prop to discard all query params on the link","AppLink","Thu Jul 09 18:51:12 UTC 2026","passed","Thu Jul 09 18:51:12 UTC 2026","","","",""
"","184","does not make feature-flag request if user is not fully authenticated","app","Thu Jul 09 18:53:59 UTC 2026","passed","Thu Jul 09 18:53:59 UTC 2026","","<Inner />","",""
"Test cases for TestWriteResponseWrapperWithPagination","0","TestWriteResponseWrapperWithPagination","","Thu Jul 09 18:46:41 UTC 2026","passed","Thu Jul 09 18:46:41 UTC 2026","","Go Test","github.com/specterops/bloodhound/cmd/api/src/api/TestWriteResponseWrapperWithPagination","TestWriteResponseWrapperWithPagination"
"","372","sets exploreSearchTab param to pathfinding when the user clicks the `pathfinding` tab","ExploreSearch sets searchType on tab changing","Thu Jul 09 18:53:35 UTC 2026","passed","Thu Jul 09 18:53:35 UTC 2026","","","",""
"Test cases for TestResources_ListSourceKinds","69","TestResources_ListSourceKinds","","Thu Jul 09 18:46:52 UTC 2026","passed","Thu Jul 09 18:46:52 UTC 2026","","Go Test","github.com/specterops/bloodhound/cmd/api/src/api/v2/TestResources_ListSourceKinds","TestResources_ListSourceKinds"
"","846","has status filters","FileIngestFilterDialog","Thu Jul 09 18:49:12 UTC 2026","passed","Thu Jul 09 18:49:13 UTC 2026","","Status Select","",""
"Test cases for Test_signedRequestDate","0","Test_signedRequestDate","","Thu Jul 09 18:46:44 UTC 2026","passed","Thu Jul 09 18:46:44 UTC 2026","","Go Test","github.com/specterops/bloodhound/cmd/api/src/api/middleware/Test_signedRequestDate","Test_signedRequestDate"
"","2777","resets skip to 0 when filters change so rows are visible on the new result set","FileIngestTable","Thu Jul 09 18:48:43 UTC 2026","passed","Thu Jul 09 18:48:45 UTC 2026","","pagination reset","",""
"","1","filters by moderate risk level","filterAndSearchEnvironments","Thu Jul 09 18:48:03 UTC 2026","passed","Thu Jul 09 18:48:03 UTC 2026","","risk filters","",""
"Test cases for TestMatches_FailureStatus","0","TestMatches_FailureStatus","","Thu Jul 09 18:46:58 UTC 2026","passed","Thu Jul 09 18:46:58 UTC 2026","","Go Test","github.com/specterops/bloodhound/cmd/api/src/model/TestMatches_FailureStatus","TestMatches_FailureStatus"
"","1543","reverts to the default graph view when the user de-selects the currently selected table layout","GraphView","Thu Jul 09 18:53:33 UTC 2026","passed","Thu Jul 09 18:53:35 UTC 2026","","Layout selection and de-selection","",""
"Test cases for TestResources_ListADDomainInboundTrusts","0","TestResources_ListADDomainInboundTrusts","","Thu Jul 09 18:46:52 UTC 2026","passed","Thu Jul 09 18:46:52 UTC 2026","","Go Test","github.com/specterops/bloodhound/cmd/api/src/api/v2/TestResources_ListADDomainInboundTrusts","TestResources_ListADDomainInboundTrusts"
"Test cases for TestReadRFC3339","0","TestReadRFC3339","","Thu Jul 09 18:47:20 UTC 2026","passed","Thu Jul 09 18:47:20 UTC 2026","","Go Test","github.com/specterops/bloodhound/cmd/api/src/utils/TestReadRFC3339","TestReadRFC3339"
"","257","renders the form for editing an existing zone","Tag Form","Thu Jul 09 18:47:39 UTC 2026","passed","Thu Jul 09 18:47:39 UTC 2026","","","",""
"Test cases for TestFloatIsZero","0","TestFloatIsZero","","Thu Jul 09 18:46:57 UTC 2026","passed","Thu Jul 09 18:46:57 UTC 2026","","Go Test","github.com/specterops/bloodhound/cmd/api/src/database/types/null/TestFloatIsZero","TestFloatIsZero"
"Test cases for Test_ParseGraphSortParameters_InvalidSortColumn","0","Test_ParseGraphSortParameters_InvalidSortColumn","","Thu Jul 09 18:46:41 UTC 2026","passed","Thu Jul 09 18:46:41 UTC 2026","","Go Test","github.com/specterops/bloodhound/cmd/api/src/api/Test_ParseGraphSortParameters_InvalidSortColumn","Test_ParseGraphSortParameters_InvalidSortColumn"
"","13","when password is not expired no redirect occurs","AuthenticatedRoute","Thu Jul 09 18:53:50 UTC 2026","passed","Thu Jul 09 18:53:50 UTC 2026","","","",""
"","484","runs the query and calls dispatch to set the node results","PrivilegeZonesCypherEditor Search component for Zone Management","Thu Jul 09 18:51:57 UTC 2026","passed","Thu Jul 09 18:51:57 UTC 2026","","","",""
"","23","does not add a query param if the search term is empty","useNodeSearch","Thu Jul 09 18:52:03 UTC 2026","passed","Thu Jul 09 18:52:03 UTC 2026","","","",""
"Test cases for TestSupportsETACMiddleware","3","TestSupportsETACMiddleware","","Thu Jul 09 18:46:44 UTC 2026","passed","Thu Jul 09 18:46:44 UTC 2026","","Go Test","github.com/specterops/bloodhound/cmd/api/src/api/middleware/TestSupportsETACMiddleware","TestSupportsETACMiddleware"
"","147","renders enabled Zone and Object tabs and disabled Rule tab","Selected Details Tabs","Thu Jul 09 18:50:16 UTC 2026","passed","Thu Jul 09 18:50:16 UTC 2026","","Selected Details Tabs - Params present","",""
"Test cases for TestOrphanFileSweeper_ClearLegacyLocalIngestFiles","35","TestOrphanFileSweeper_ClearLegacyLocalIngestFiles","","Thu Jul 09 18:46:55 UTC 2026","passed","Thu Jul 09 18:46:55 UTC 2026","","Go Test","github.com/specterops/bloodhound/cmd/api/src/daemons/datapipe/TestOrphanFileSweeper_ClearLegacyLocalIngestFiles","TestOrphanFileSweeper_ClearLegacyLocalIngestFiles"
"","2553","should remove the option from the changelog when the corresponding button is clicked","AssetGroupEdit","Thu Jul 09 18:51:19 UTC 2026","passed","Thu Jul 09 18:51:21 UTC 2026","","","",""
"","63","enables filtering out for tags that are treated as Labels (including Owned)","the useAssetGroupTags utilities","Thu Jul 09 18:49:33 UTC 2026","passed","Thu Jul 09 18:49:33 UTC 2026","","","",""
"","437","sets a primarySearch=id and searchType=node when secondarySearch is falsey","ContextMenu","Thu Jul 09 18:49:31 UTC 2026","passed","Thu Jul 09 18:49:31 UTC 2026","","","",""
"","253","Selecting an edge with a Computer target node that does not have haslaps enabled shows correct Windows Abuse text","EdgeInfoContent","Thu Jul 09 18:48:09 UTC 2026","passed","Thu Jul 09 18:48:09 UTC 2026","","","",""
"Test cases for Test_ConvertAzureRoleManagementPolicyAssignment","0","Test_ConvertAzureRoleManagementPolicyAssignment","","Thu Jul 09 18:47:21 UTC 2026","passed","Thu Jul 09 18:47:21 UTC 2026","","Go Test","github.com/specterops/bloodhound/packages/go/ein/Test_ConvertAzureRoleManagementPolicyAssignment","Test_ConvertAzureRoleManagementPolicyAssignment"
"Test cases for Test_ValidateGraph","18","Test_ValidateGraph","","Thu Jul 09 18:47:07 UTC 2026","passed","Thu Jul 09 18:47:07 UTC 2026","","Go Test","github.com/specterops/bloodhound/cmd/api/src/services/upload/Test_ValidateGraph","Test_ValidateGraph"
"Test cases for TestUnmarshalBool","0","TestUnmarshalBool","","Thu Jul 09 18:46:57 UTC 2026","passed","Thu Jul 09 18:46:57 UTC 2026","","Go Test","github.com/specterops/bloodhound/cmd/api/src/database/types/null/TestUnmarshalBool","TestUnmarshalBool"
"","118","does not show ""<10 Days to Expire"" warning when token expires in more than 10 days","UserTokenManagementDialog - API Expiration Date column","Thu Jul 09 18:49:29 UTC 2026","passed","Thu Jul 09 18:49:29 UTC 2026","","","",""
"","0","returns false if value is {}","searchParams","Thu Jul 09 18:51:29 UTC 2026","passed","Thu Jul 09 18:51:29 UTC 2026","","isEmptyParam","",""
"","18","clears sort state","useSortParams","Thu Jul 09 18:51:23 UTC 2026","passed","Thu Jul 09 18:51:23 UTC 2026","","","",""
"","298","should render","Rule Object Select","Thu Jul 09 18:51:33 UTC 2026","passed","Thu Jul 09 18:51:34 UTC 2026","","","",""
"","401","should display correctly","DeleteConfirmationDialog","Thu Jul 09 18:52:25 UTC 2026","passed","Thu Jul 09 18:52:26 UTC 2026","","","",""
"Test cases for TestEncodingInterface","1","TestEncodingInterface","","Thu Jul 09 18:47:21 UTC 2026","passed","Thu Jul 09 18:47:21 UTC 2026","","Go Test","github.com/specterops/bloodhound/packages/go/bomenc/TestEncodingInterface","TestEncodingInterface"
"Test cases for TestWritePaginated","0","TestWritePaginated","","Thu Jul 09 18:47:26 UTC 2026","passed","Thu Jul 09 18:47:26 UTC 2026","","Go Test","github.com/specterops/bloodhound/packages/go/responses/TestWritePaginated","TestWritePaginated"
"Test cases for TestResources_GetAssetGroup","0","TestResources_GetAssetGroup","","Thu Jul 09 18:46:52 UTC 2026","passed","Thu Jul 09 18:46:52 UTC 2026","","Go Test","github.com/specterops/bloodhound/cmd/api/src/api/v2/TestResources_GetAssetGroup","TestResources_GetAssetGroup"
"Test cases for TestResources_ListADGPOAffectedTierZero","0","TestResources_ListADGPOAffectedTierZero","","Thu Jul 09 18:46:52 UTC 2026","passed","Thu Jul 09 18:46:52 UTC 2026","","Go Test","github.com/specterops/bloodhound/cmd/api/src/api/v2/TestResources_ListADGPOAffectedTierZero","TestResources_ListADGPOAffectedTierZero"
"Test cases for TestRewriter_Enter_AllAttackPathsShortcut_TakesPrecedenceOverOtherShortcuts","0","TestRewriter_Enter_AllAttackPathsShortcut_TakesPrecedenceOverOtherShortcuts","","Thu Jul 09 18:47:00 UTC 2026","passed","Thu Jul 09 18:47:00 UTC 2026","","Go Test","github.com/specterops/bloodhound/cmd/api/src/queries/TestRewriter_Enter_AllAttackPathsShortcut_TakesPrecedenceOverOtherShortcuts","TestRewriter_Enter_AllAttackPathsShortcut_TakesPrecedenceOverOtherShortcuts"
"Test cases for TestService_IsEnabled","1","TestService_IsEnabled","","Thu Jul 09 18:47:48 UTC 2026","passed","Thu Jul 09 18:47:48 UTC 2026","","Go Test","github.com/specterops/bloodhound/server/featureflags/internal/services/TestService_IsEnabled","TestService_IsEnabled"
"Test cases for TestParseUserIP_RemoteAddrOnly","1","TestParseUserIP_RemoteAddrOnly","","Thu Jul 09 18:46:44 UTC 2026","passed","Thu Jul 09 18:46:44 UTC 2026","","Go Test","github.com/specterops/bloodhound/cmd/api/src/api/middleware/TestParseUserIP_RemoteAddrOnly","TestParseUserIP_RemoteAddrOnly"
"","7","safely handles removing nonexistent key","useObjectState","Thu Jul 09 18:52:12 UTC 2026","passed","Thu Jul 09 18:52:12 UTC 2026","","","",""
"","1","Origin label and sizing are used when specified","copySigmaNodesToGraphlibGraph","Thu Jul 09 18:53:56 UTC 2026","passed","Thu Jul 09 18:53:56 UTC 2026","","","",""
"","0","returns a function that takes a key found in updatedParams and updates the searchParams with that matching value from updatedParams","searchParams","Thu Jul 09 18:51:29 UTC 2026","passed","Thu Jul 09 18:51:29 UTC 2026","","setSingleParamFactory","",""
"","0","returns false when the highlighted item is not in the graph","SigmaChart Utils","Thu Jul 09 18:53:53 UTC 2026","passed","Thu Jul 09 18:53:53 UTC 2026","","getIsHighlightedItemInGraph","",""
"","9","renders Owned text by default when no Label Selector is available and on a Label page","TagSelector","Thu Jul 09 18:51:10 UTC 2026","passed","Thu Jul 09 18:51:10 UTC 2026","","","",""
"","794","should fire Confirm once with true after typing challenge text","DeleteConfirmationDialog","Thu Jul 09 18:52:26 UTC 2026","passed","Thu Jul 09 18:52:27 UTC 2026","","","",""
"Test cases for TestTracker_HasEdge_NilVsEmptyProperties","0","TestTracker_HasEdge_NilVsEmptyProperties","","Thu Jul 09 18:47:20 UTC 2026","passed","Thu Jul 09 18:47:20 UTC 2026","","Go Test","github.com/specterops/bloodhound/packages/go/analysis/post/TestTracker_HasEdge_NilVsEmptyProperties","TestTracker_HasEdge_NilVsEmptyProperties"
"","188","renders nothing in the expiration cell when a token has no expires_at","UserTokenManagementDialog - API Expiration Date column","Thu Jul 09 18:49:28 UTC 2026","passed","Thu Jul 09 18:49:29 UTC 2026","","","",""
"","83","when `selectedItem` is provided, the combobox displays the icon","icon rendering","Thu Jul 09 18:49:52 UTC 2026","passed","Thu Jul 09 18:49:52 UTC 2026","","","",""
"","97","highlights the table option instead of selectedLayout when table is selected on a cypher query","GraphControls","Thu Jul 09 18:48:06 UTC 2026","passed","Thu Jul 09 18:48:07 UTC 2026","","Table view selection state","",""
"Test cases for TestLocalStore_Put","49","TestLocalStore_Put","","Thu Jul 09 18:47:43 UTC 2026","passed","Thu Jul 09 18:47:43 UTC 2026","","Go Test","github.com/specterops/bloodhound/packages/go/storage/TestLocalStore_Put","TestLocalStore_Put"
"","2624","when user performs a pathfinding search, and then clicks the swap button, the start and destination inputs are swapped","Pathfinding: interaction","Thu Jul 09 18:50:17 UTC 2026","passed","Thu Jul 09 18:50:20 UTC 2026","","","",""
"","3","stores a string value in localStorage","useLocalStorage","Thu Jul 09 18:50:10 UTC 2026","passed","Thu Jul 09 18:50:10 UTC 2026","","setValue","",""
"","26","function should return 1 when first param is larger, no matter the data type","Compare function for explore table sort","Thu Jul 09 18:50:52 UTC 2026","passed","Thu Jul 09 18:50:52 UTC 2026","","","",""
"","379","Displays a notification when analysis has been requested successfully","AnalyzeNowConfiguration","Thu Jul 09 18:50:10 UTC 2026","passed","Thu Jul 09 18:50:11 UTC 2026","","","",""
"Test cases for TestFloatEqual","0","TestFloatEqual","","Thu Jul 09 18:46:57 UTC 2026","passed","Thu Jul 09 18:46:57 UTC 2026","","Go Test","github.com/specterops/bloodhound/cmd/api/src/database/types/null/TestFloatEqual","TestFloatEqual"
"","70","should display a message","CypherSearchMessage","Thu Jul 09 18:53:08 UTC 2026","passed","Thu Jul 09 18:53:08 UTC 2026","","","",""
"Test cases for TestManagementResource_ListAuthTokens_InvalidFilterPredicate","0","TestManagementResource_ListAuthTokens_InvalidFilterPredicate","","Thu Jul 09 18:47:22 UTC 2026","passed","Thu Jul 09 18:47:22 UTC 2026","","Go Test","github.com/specterops/bloodhound/cmd/api/src/api/v2/auth/TestManagementResource_ListAuthTokens_InvalidFilterPredicate","TestManagementResource_ListAuthTokens_InvalidFilterPredicate"
"","2204","""Columns"" button allows user to edit column settings","ExploreTable","Thu Jul 09 18:47:34 UTC 2026","passed","Thu Jul 09 18:47:36 UTC 2026","","","",""
"Test cases for TestAddOrderByToNeo4jQuery_WithOrderByClause","0","TestAddOrderByToNeo4jQuery_WithOrderByClause","","Thu Jul 09 18:46:52 UTC 2026","passed","Thu Jul 09 18:46:52 UTC 2026","","Go Test","github.com/specterops/bloodhound/cmd/api/src/api/v2/TestAddOrderByToNeo4jQuery_WithOrderByClause","TestAddOrderByToNeo4jQuery_WithOrderByClause"
"","67","should render oidc info provider","SSOProviderTable","Thu Jul 09 18:51:29 UTC 2026","passed","Thu Jul 09 18:51:29 UTC 2026","","","",""
"Test cases for TestQueries_BuildEntityQueryParams_InvalidSkip","0","TestQueries_BuildEntityQueryParams_InvalidSkip","","Thu Jul 09 18:47:00 UTC 2026","passed","Thu Jul 09 18:47:00 UTC 2026","","Go Test","github.com/specterops/bloodhound/cmd/api/src/queries/TestQueries_BuildEntityQueryParams_InvalidSkip","TestQueries_BuildEntityQueryParams_InvalidSkip"
"Test cases for TestPermissionsCheckAll","1","TestPermissionsCheckAll","","Thu Jul 09 18:46:44 UTC 2026","passed","Thu Jul 09 18:46:44 UTC 2026","","Go Test","github.com/specterops/bloodhound/cmd/api/src/api/middleware/TestPermissionsCheckAll","TestPermissionsCheckAll"
"Test cases for TestManagementResource_DeleteUser_Success","1094","TestManagementResource_DeleteUser_Success","","Thu Jul 09 18:47:16 UTC 2026","passed","Thu Jul 09 18:47:17 UTC 2026","","Go Test","github.com/specterops/bloodhound/cmd/api/src/api/v2/auth/TestManagementResource_DeleteUser_Success","TestManagementResource_DeleteUser_Success"
"","1425","should display all available SSO providers","UpdateUserDialog","Thu Jul 09 18:48:55 UTC 2026","passed","Thu Jul 09 18:48:56 UTC 2026","","","",""
"Test cases for TestParseAndValidate_IgnoredParameters","0","TestParseAndValidate_IgnoredParameters","","Thu Jul 09 18:47:21 UTC 2026","passed","Thu Jul 09 18:47:21 UTC 2026","","Go Test","github.com/specterops/bloodhound/packages/go/filters/TestParseAndValidate_IgnoredParameters","TestParseAndValidate_IgnoredParameters"
"","183","opens the dialog when the button is clicked","SchemaUploadDialog","Thu Jul 09 18:49:03 UTC 2026","passed","Thu Jul 09 18:49:03 UTC 2026","","","",""
"","25","selector members refetches on sort change","the useAssetGroupTags utilities","Thu Jul 09 18:49:33 UTC 2026","passed","Thu Jul 09 18:49:33 UTC 2026","","","",""
"Test cases for TestStringEqual","0","TestStringEqual","","Thu Jul 09 18:46:57 UTC 2026","passed","Thu Jul 09 18:46:57 UTC 2026","","Go Test","github.com/specterops/bloodhound/cmd/api/src/database/types/null/TestStringEqual","TestStringEqual"
"","188","invokes handleFilterChange with eq:false when clicked and custom_member filter is on","AssetGroupEdit","Thu Jul 09 18:49:50 UTC 2026","passed","Thu Jul 09 18:49:50 UTC 2026","","Custom Member checkbox filter","",""
"","1","filters by low risk level","filterAndSearchEnvironments","Thu Jul 09 18:48:03 UTC 2026","passed","Thu Jul 09 18:48:03 UTC 2026","","risk filters","",""
"Test cases for TestResources_DeleteAssetGroupTagSelector","0","TestResources_DeleteAssetGroupTagSelector","","Thu Jul 09 18:46:52 UTC 2026","passed","Thu Jul 09 18:46:52 UTC 2026","","Go Test","github.com/specterops/bloodhound/cmd/api/src/api/v2/TestResources_DeleteAssetGroupTagSelector","TestResources_DeleteAssetGroupTagSelector"
"Test cases for TestResources_DeleteSavedQuery_PublicQueryAndUserIsAdmin","0","TestResources_DeleteSavedQuery_PublicQueryAndUserIsAdmin","","Thu Jul 09 18:46:52 UTC 2026","passed","Thu Jul 09 18:46:52 UTC 2026","","Go Test","github.com/specterops/bloodhound/cmd/api/src/api/v2/TestResources_DeleteSavedQuery_PublicQueryAndUserIsAdmin","TestResources_DeleteSavedQuery_PublicQueryAndUserIsAdmin"
"Test cases for TestManagementResource_ListAuthTokens_UserIDFilter","0","TestManagementResource_ListAuthTokens_UserIDFilter","","Thu Jul 09 18:47:22 UTC 2026","passed","Thu Jul 09 18:47:22 UTC 2026","","Go Test","github.com/specterops/bloodhound/cmd/api/src/api/v2/auth/TestManagementResource_ListAuthTokens_UserIDFilter","TestManagementResource_ListAuthTokens_UserIDFilter"
"","1094","opens a submenu when user hovers over `Copy`","ContextMenu","Thu Jul 09 18:53:45 UTC 2026","passed","Thu Jul 09 18:53:46 UTC 2026","","","",""
"Test cases for TestRandomDurationBetween","33","TestRandomDurationBetween","","Thu Jul 09 18:46:55 UTC 2026","passed","Thu Jul 09 18:46:55 UTC 2026","","Go Test","github.com/specterops/bloodhound/cmd/api/src/daemons/datapipe/TestRandomDurationBetween","TestRandomDurationBetween"
"Test cases for TestDatabase_GetAssetGroupTagSelector","0","TestDatabase_GetAssetGroupTagSelector","","Thu Jul 09 18:46:52 UTC 2026","passed","Thu Jul 09 18:46:52 UTC 2026","","Go Test","github.com/specterops/bloodhound/cmd/api/src/api/v2/TestDatabase_GetAssetGroupTagSelector","TestDatabase_GetAssetGroupTagSelector"
"Test cases for TestResources_ListADEntityLinkedGPOs","0","TestResources_ListADEntityLinkedGPOs","","Thu Jul 09 18:46:52 UTC 2026","passed","Thu Jul 09 18:46:52 UTC 2026","","Go Test","github.com/specterops/bloodhound/cmd/api/src/api/v2/TestResources_ListADEntityLinkedGPOs","TestResources_ListADEntityLinkedGPOs"
"","154","should display api key management button","Api Keys","Thu Jul 09 18:50:04 UTC 2026","passed","Thu Jul 09 18:50:04 UTC 2026","","","",""
"Test cases for TestResources_ListADDomainForeignGroups","0","TestResources_ListADDomainForeignGroups","","Thu Jul 09 18:46:52 UTC 2026","passed","Thu Jul 09 18:46:52 UTC 2026","","Go Test","github.com/specterops/bloodhound/cmd/api/src/api/v2/TestResources_ListADDomainForeignGroups","TestResources_ListADDomainForeignGroups"
"","29","returns numbers as strings","numberFormatting","Thu Jul 09 18:50:48 UTC 2026","passed","Thu Jul 09 18:50:48 UTC 2026","","","",""
"Test cases for TestAuditLogin_UserNotFound","0","TestAuditLogin_UserNotFound","","Thu Jul 09 18:46:41 UTC 2026","passed","Thu Jul 09 18:46:41 UTC 2026","","Go Test","github.com/specterops/bloodhound/cmd/api/src/api/TestAuditLogin_UserNotFound","TestAuditLogin_UserNotFound"
"","22","renders an error fallback when flag is not found","FeatureFlag","Thu Jul 09 18:51:57 UTC 2026","passed","Thu Jul 09 18:51:57 UTC 2026","","","",""
"","131","renders with a selected icon","Glyph Select Dialog","Thu Jul 09 18:52:33 UTC 2026","passed","Thu Jul 09 18:52:33 UTC 2026","","","",""
"","90","should display the ETAC role-based filtering badge when filtering is enabled","Zone Management","Thu Jul 09 18:51:53 UTC 2026","passed","Thu Jul 09 18:51:53 UTC 2026","","","",""
"Test cases for TestDurationValidator","0","TestDurationValidator","","Thu Jul 09 18:47:20 UTC 2026","passed","Thu Jul 09 18:47:20 UTC 2026","","Go Test","github.com/specterops/bloodhound/cmd/api/src/utils/validation/TestDurationValidator","TestDurationValidator"
"Test cases for TestResources_GetContainerEntityInfo","212","TestResources_GetContainerEntityInfo","","Thu Jul 09 18:46:52 UTC 2026","passed","Thu Jul 09 18:46:52 UTC 2026","","Go Test","github.com/specterops/bloodhound/cmd/api/src/api/v2/TestResources_GetContainerEntityInfo","TestResources_GetContainerEntityInfo"
"","0","returns disabled config when any required param is falsey","useExploreGraph","Thu Jul 09 18:49:05 UTC 2026","passed","Thu Jul 09 18:49:05 UTC 2026","composition search queries","exploreGraphQueryFactory","",""
"Test cases for TestManagementResource_SanitizeAndGetRoles","0","TestManagementResource_SanitizeAndGetRoles","","Thu Jul 09 18:47:39 UTC 2026","passed","Thu Jul 09 18:47:39 UTC 2026","","Go Test","github.com/specterops/bloodhound/cmd/api/src/api/v2/auth/TestManagementResource_SanitizeAndGetRoles","TestManagementResource_SanitizeAndGetRoles"
"","1","handles unix time values by converting them to our standard date display format","Formatting number properties","Thu Jul 09 18:49:44 UTC 2026","passed","Thu Jul 09 18:49:44 UTC 2026","","","",""
"","2","Edge is created with correct structure including points array","copySigmaEdgesToGraphlibGraph","Thu Jul 09 18:53:56 UTC 2026","passed","Thu Jul 09 18:53:56 UTC 2026","","","",""
"","110","Disable Analyze Now and change to Analyzing if datapipe status is different from ""idle""","AnalyzeNowConfiguration","Thu Jul 09 18:50:09 UTC 2026","passed","Thu Jul 09 18:50:10 UTC 2026","","","",""
"Test cases for TestResources_ListADCSEscalations","0","TestResources_ListADCSEscalations","","Thu Jul 09 18:46:52 UTC 2026","passed","Thu Jul 09 18:46:52 UTC 2026","","Go Test","github.com/specterops/bloodhound/cmd/api/src/api/v2/TestResources_ListADCSEscalations","TestResources_ListADCSEscalations"
"","69","links to the specified route with global params intact when triggered by a splat route","AppLink","Thu Jul 09 18:51:12 UTC 2026","passed","Thu Jul 09 18:51:12 UTC 2026","","","",""
"","3","handles ISO 8601 formatted date strings and converts it into our standard date display format","Formatting string properties","Thu Jul 09 18:49:44 UTC 2026","passed","Thu Jul 09 18:49:44 UTC 2026","","","",""
"Test cases for TestCreateUser_FailureDuplicateEmail","1175","TestCreateUser_FailureDuplicateEmail","","Thu Jul 09 18:46:58 UTC 2026","passed","Thu Jul 09 18:46:59 UTC 2026","","Go Test","github.com/specterops/bloodhound/cmd/api/src/api/v2/auth/TestCreateUser_FailureDuplicateEmail","TestCreateUser_FailureDuplicateEmail"
"Test cases for TestNewDefaultFileServices","7","TestNewDefaultFileServices","","Thu Jul 09 18:47:04 UTC 2026","passed","Thu Jul 09 18:47:04 UTC 2026","","Go Test","github.com/specterops/bloodhound/cmd/api/src/services/storage/TestNewDefaultFileServices","TestNewDefaultFileServices"
"Test cases for Test_runMaybeCachedEntityQuery","0","Test_runMaybeCachedEntityQuery","","Thu Jul 09 18:47:00 UTC 2026","passed","Thu Jul 09 18:47:00 UTC 2026","","Go Test","github.com/specterops/bloodhound/cmd/api/src/queries/Test_runMaybeCachedEntityQuery","Test_runMaybeCachedEntityQuery"
"","156","renders a preview version","PrivilegeZonesCypherEditor Search component for Zone Management","Thu Jul 09 18:51:56 UTC 2026","passed","Thu Jul 09 18:51:56 UTC 2026","","","",""
"","909","should initiate data loading when an item is selected","Simple Environment Selector","Thu Jul 09 18:50:01 UTC 2026","passed","Thu Jul 09 18:50:02 UTC 2026","","","",""
"Test cases for Test_filterAndFormatSearchResults_default","0","Test_filterAndFormatSearchResults_default","","Thu Jul 09 18:46:52 UTC 2026","passed","Thu Jul 09 18:46:52 UTC 2026","","Go Test","github.com/specterops/bloodhound/cmd/api/src/api/v2/Test_filterAndFormatSearchResults_default","Test_filterAndFormatSearchResults_default"
"Test cases for TestManagementResource_ListPermissions_DBError","0","TestManagementResource_ListPermissions_DBError","","Thu Jul 09 18:46:57 UTC 2026","passed","Thu Jul 09 18:46:57 UTC 2026","","Go Test","github.com/specterops/bloodhound/cmd/api/src/api/v2/auth/TestManagementResource_ListPermissions_DBError","TestManagementResource_ListPermissions_DBError"
"","888","renders group and tenant dropdown selectors","GroupManagement","Thu Jul 09 18:53:52 UTC 2026","passed","Thu Jul 09 18:53:53 UTC 2026","","","",""
"","269","toggles sort order when clicking sortable header","ObjectsAccordion","Thu Jul 09 18:50:57 UTC 2026","passed","Thu Jul 09 18:50:57 UTC 2026","","","",""
"","58","should on clicking remove call clearSelectedItem","EntityInfoHeader","Thu Jul 09 18:51:20 UTC 2026","passed","Thu Jul 09 18:51:20 UTC 2026","","","",""
"Test cases for TestTracker_HasEdge_And_DeletedEdges","0","TestTracker_HasEdge_And_DeletedEdges","","Thu Jul 09 18:47:20 UTC 2026","passed","Thu Jul 09 18:47:20 UTC 2026","","Go Test","github.com/specterops/bloodhound/packages/go/analysis/post/TestTracker_HasEdge_And_DeletedEdges","TestTracker_HasEdge_And_DeletedEdges"
"","1","matches all AZ edges","Make sure pathfinding filterable edges match schemagen","Thu Jul 09 18:52:59 UTC 2026","passed","Thu Jul 09 18:52:59 UTC 2026","","","",""
"","23","upon selecting a source and destination node, updates the URL with a searchType of 'pathfinding' and the object ids for the source and destination nodes","usePathfindingSearch","Thu Jul 09 18:50:24 UTC 2026","passed","Thu Jul 09 18:50:24 UTC 2026","","","",""
"","6061","expand all button expands all sections after collapsing","Pathfinding","Thu Jul 09 18:48:55 UTC 2026","passed","Thu Jul 09 18:49:01 UTC 2026","","","",""
"Test cases for TestTimePointer","0","TestTimePointer","","Thu Jul 09 18:46:57 UTC 2026","passed","Thu Jul 09 18:46:57 UTC 2026","","Go Test","github.com/specterops/bloodhound/cmd/api/src/database/types/null/TestTimePointer","TestTimePointer"
"Test cases for TestWriteResponseWrapperWithTimeWindowAndPagination","0","TestWriteResponseWrapperWithTimeWindowAndPagination","","Thu Jul 09 18:46:41 UTC 2026","passed","Thu Jul 09 18:46:41 UTC 2026","","Go Test","github.com/specterops/bloodhound/cmd/api/src/api/TestWriteResponseWrapperWithTimeWindowAndPagination","TestWriteResponseWrapperWithTimeWindowAndPagination"
"Test cases for TestConvertOUToNode_InheritanceHashes","0","TestConvertOUToNode_InheritanceHashes","","Thu Jul 09 18:47:21 UTC 2026","passed","Thu Jul 09 18:47:21 UTC 2026","","Go Test","github.com/specterops/bloodhound/packages/go/ein/TestConvertOUToNode_InheritanceHashes","TestConvertOUToNode_InheritanceHashes"
"Test cases for TestMarshalInt64Text","0","TestMarshalInt64Text","","Thu Jul 09 18:46:57 UTC 2026","passed","Thu Jul 09 18:46:57 UTC 2026","","Go Test","github.com/specterops/bloodhound/cmd/api/src/database/types/null/TestMarshalInt64Text","TestMarshalInt64Text"
"","76","disables the upload file button when the user does not have the opengraph write permission","SchemaUploadDialog","Thu Jul 09 18:49:03 UTC 2026","passed","Thu Jul 09 18:49:03 UTC 2026","","","",""
"","1","combines all filter types","filterAndSearchEnvironments","Thu Jul 09 18:48:03 UTC 2026","passed","Thu Jul 09 18:48:03 UTC 2026","","combined filters","",""
"Test cases for TestResources_ListADIssuancePolicyLinkedCertTemplates","151","TestResources_ListADIssuancePolicyLinkedCertTemplates","","Thu Jul 09 18:46:52 UTC 2026","passed","Thu Jul 09 18:46:52 UTC 2026","","Go Test","github.com/specterops/bloodhound/cmd/api/src/api/v2/TestResources_ListADIssuancePolicyLinkedCertTemplates","TestResources_ListADIssuancePolicyLinkedCertTemplates"
"Test cases for TestBuildErrorResponseDefault","0","TestBuildErrorResponseDefault","","Thu Jul 09 18:46:41 UTC 2026","passed","Thu Jul 09 18:46:41 UTC 2026","","Go Test","github.com/specterops/bloodhound/cmd/api/src/api/TestBuildErrorResponseDefault","TestBuildErrorResponseDefault"
"","1","returns a comma separated number when provided with a number > 999","numberFormatting","Thu Jul 09 18:50:48 UTC 2026","passed","Thu Jul 09 18:50:48 UTC 2026","","","",""
"Test cases for TestResources_GetComputerEntityInfo","10","TestResources_GetComputerEntityInfo","","Thu Jul 09 18:46:52 UTC 2026","passed","Thu Jul 09 18:46:52 UTC 2026","","Go Test","github.com/specterops/bloodhound/cmd/api/src/api/v2/TestResources_GetComputerEntityInfo","TestResources_GetComputerEntityInfo"
"","30","renders correctly when an unexpected nodeType is passed","NodeIcon","Thu Jul 09 18:52:17 UTC 2026","passed","Thu Jul 09 18:52:17 UTC 2026","","","",""
"","15","returns active-directory environmentInfo when environmentAggregation param is active-directory","useAvailableEnvironments","Thu Jul 09 18:50:27 UTC 2026","passed","Thu Jul 09 18:50:27 UTC 2026","","useSelectedEnvironment","",""
"","1","uses the provided threshold when determining whether the scroll is close enough to the bottom","useInfiniteScroll","Thu Jul 09 18:51:28 UTC 2026","passed","Thu Jul 09 18:51:28 UTC 2026","","","",""
"Test cases for TestTimeSetValid","0","TestTimeSetValid","","Thu Jul 09 18:46:57 UTC 2026","passed","Thu Jul 09 18:46:57 UTC 2026","","Go Test","github.com/specterops/bloodhound/cmd/api/src/database/types/null/TestTimeSetValid","TestTimeSetValid"
"","15","live regions have aria-atomic set to true","AnnouncementProvider","Thu Jul 09 18:50:49 UTC 2026","passed","Thu Jul 09 18:50:50 UTC 2026","","","",""
"Test cases for TestMatches_Success","2","TestMatches_Success","","Thu Jul 09 18:46:58 UTC 2026","passed","Thu Jul 09 18:46:58 UTC 2026","","Go Test","github.com/specterops/bloodhound/cmd/api/src/model/TestMatches_Success","TestMatches_Success"
"","0","returns undefined if graphData is undefined or not a GraphResponse","getExploreTableData","Thu Jul 09 18:50:52 UTC 2026","passed","Thu Jul 09 18:50:52 UTC 2026","","","",""
"","425","renders correctly with requiresCurrentPassword false","PasswordDialog","Thu Jul 09 18:48:19 UTC 2026","passed","Thu Jul 09 18:48:19 UTC 2026","","","",""
"","1112","should disable save button while input is empty","SaveQueryDialog","Thu Jul 09 18:47:39 UTC 2026","passed","Thu Jul 09 18:47:40 UTC 2026","","","",""
"Test cases for TestResources_ListAvailableEnvironments","27","TestResources_ListAvailableEnvironments","","Thu Jul 09 18:46:52 UTC 2026","passed","Thu Jul 09 18:46:52 UTC 2026","","Go Test","github.com/specterops/bloodhound/cmd/api/src/api/v2/TestResources_ListAvailableEnvironments","TestResources_ListAvailableEnvironments"
"Test cases for TestResources_DeleteSavedQuery_IDMalformed","0","TestResources_DeleteSavedQuery_IDMalformed","","Thu Jul 09 18:46:52 UTC 2026","passed","Thu Jul 09 18:46:52 UTC 2026","","Go Test","github.com/specterops/bloodhound/cmd/api/src/api/v2/TestResources_DeleteSavedQuery_IDMalformed","TestResources_DeleteSavedQuery_IDMalformed"
"Test cases for TestParseFilterOperator","0","TestParseFilterOperator","","Thu Jul 09 18:47:21 UTC 2026","passed","Thu Jul 09 18:47:21 UTC 2026","","Go Test","github.com/specterops/bloodhound/packages/go/filters/TestParseFilterOperator","TestParseFilterOperator"
"","270","passes item props to Header and Content","<DetailsAccordion />","Thu Jul 09 18:49:36 UTC 2026","passed","Thu Jul 09 18:49:37 UTC 2026","","","",""
"","0","passes ruleType through optionalParams with empty object","handleError","Thu Jul 09 18:49:07 UTC 2026","passed","Thu Jul 09 18:49:07 UTC 2026","","","",""
"","201","handles close event","ImportQueryDialog","Thu Jul 09 18:52:50 UTC 2026","passed","Thu Jul 09 18:52:50 UTC 2026","","","",""
"","243","displays the label for each result","SearchCurrentNodes","Thu Jul 09 18:51:02 UTC 2026","passed","Thu Jul 09 18:51:03 UTC 2026","","","",""
"","107","initializes search tab to the exploreSearchTab on initial render","ExploreSearch sets searchType on tab changing","Thu Jul 09 18:53:36 UTC 2026","passed","Thu Jul 09 18:53:36 UTC 2026","","","",""
"","0","returns Object ID message when ruleType is SeedTypeObjectId and seeds are required","getErrorMessage","Thu Jul 09 18:49:07 UTC 2026","passed","Thu Jul 09 18:49:07 UTC 2026","","","",""
"","353","should render","LoginForm","Thu Jul 09 18:52:16 UTC 2026","passed","Thu Jul 09 18:52:16 UTC 2026","","","",""
"","212","shows an error state","AssetGroupMenuItem","Thu Jul 09 18:49:45 UTC 2026","passed","Thu Jul 09 18:49:45 UTC 2026","","","",""
"Test cases for TestStore_List","57","TestStore_List","","Thu Jul 09 18:47:43 UTC 2026","passed","Thu Jul 09 18:47:43 UTC 2026","","Go Test","github.com/specterops/bloodhound/packages/go/storage/TestStore_List","TestStore_List"
"","227","calls clickHandler when a line item is clicked","PrebuiltSearchList","Thu Jul 09 18:50:49 UTC 2026","passed","Thu Jul 09 18:50:49 UTC 2026","","","",""
"Test cases for TestCreateUser_Failure","1","TestCreateUser_Failure","","Thu Jul 09 18:46:58 UTC 2026","passed","Thu Jul 09 18:46:58 UTC 2026","","Go Test","github.com/specterops/bloodhound/cmd/api/src/api/v2/auth/TestCreateUser_Failure","TestCreateUser_Failure"
"Test cases for TestManagementResource_OIDCCallbackHandler","24","TestManagementResource_OIDCCallbackHandler","","Thu Jul 09 18:47:39 UTC 2026","passed","Thu Jul 09 18:47:39 UTC 2026","","Go Test","github.com/specterops/bloodhound/cmd/api/src/api/v2/auth/TestManagementResource_OIDCCallbackHandler","TestManagementResource_OIDCCallbackHandler"
"Test cases for FuzzFoldlLazy","0","FuzzFoldlLazy","","Thu Jul 09 18:47:39 UTC 2026","passed","Thu Jul 09 18:47:39 UTC 2026","","Go Test","github.com/specterops/bloodhound/packages/go/slicesext/FuzzFoldlLazy","FuzzFoldlLazy"
"","479","should display Environmental Targeted Access Control panel when showEnvironmentAccessControls prop is true and user role is selected","CreateUserForm","Thu Jul 09 18:48:16 UTC 2026","passed","Thu Jul 09 18:48:17 UTC 2026","","","",""
"","0","returns undefined if graphData is null or not a GraphResponse","getExploreTableData","Thu Jul 09 18:50:52 UTC 2026","passed","Thu Jul 09 18:50:52 UTC 2026","","","",""
"Test cases for TestGetECAHostedChainedDomains_ForestHosting","1","TestGetECAHostedChainedDomains_ForestHosting","","Thu Jul 09 18:47:20 UTC 2026","passed","Thu Jul 09 18:47:20 UTC 2026","","Go Test","github.com/specterops/bloodhound/packages/go/analysis/ad/TestGetECAHostedChainedDomains_ForestHosting","TestGetECAHostedChainedDomains_ForestHosting"
"","1","EXTENDED ROUNDING when thresholds are set: returns a comma separated number when provided with a number > 999","numberFormatting","Thu Jul 09 18:50:48 UTC 2026","passed","Thu Jul 09 18:50:48 UTC 2026","","","",""
"","4","returns true when the highlighted item is a node in the graph","SigmaChart Utils","Thu Jul 09 18:53:53 UTC 2026","passed","Thu Jul 09 18:53:53 UTC 2026","","getIsHighlightedItemInGraph","",""
"","64","correctly handles the hygiene ID with value 0 by not omitting it in the params value even though 0 is falsey","usePZQueryParams","Thu Jul 09 18:51:06 UTC 2026","passed","Thu Jul 09 18:51:06 UTC 2026","","","",""
"","0","handles environment with impactValue of 0","filterAndSearchEnvironments","Thu Jul 09 18:48:03 UTC 2026","passed","Thu Jul 09 18:48:03 UTC 2026","","edge cases","",""
"Test cases for TestQueries_BuildEntityQueryParams_DataTypeCount","0","TestQueries_BuildEntityQueryParams_DataTypeCount","","Thu Jul 09 18:47:00 UTC 2026","passed","Thu Jul 09 18:47:00 UTC 2026","","Go Test","github.com/specterops/bloodhound/cmd/api/src/queries/TestQueries_BuildEntityQueryParams_DataTypeCount","TestQueries_BuildEntityQueryParams_DataTypeCount"
"Test cases for TestFloatInfNaN","0","TestFloatInfNaN","","Thu Jul 09 18:46:57 UTC 2026","passed","Thu Jul 09 18:46:57 UTC 2026","","Go Test","github.com/specterops/bloodhound/cmd/api/src/database/types/null/TestFloatInfNaN","TestFloatInfNaN"
"","2844","when user performs a pathfinding search, the swap button is disabled until both the start and destination nodes are provided","Pathfinding: interaction","Thu Jul 09 18:50:14 UTC 2026","passed","Thu Jul 09 18:50:17 UTC 2026","","","",""
"","351","has date range input filters","FileIngestFilterDialog","Thu Jul 09 18:49:14 UTC 2026","passed","Thu Jul 09 18:49:14 UTC 2026","","Date Range Inputs","",""
"","9","renders without pulse animation by default","StatusIndicator","Thu Jul 09 18:52:49 UTC 2026","passed","Thu Jul 09 18:52:49 UTC 2026","","","",""
"Test cases for TestIntSetValid","0","TestIntSetValid","","Thu Jul 09 18:46:57 UTC 2026","passed","Thu Jul 09 18:46:57 UTC 2026","","Go Test","github.com/specterops/bloodhound/cmd/api/src/database/types/null/TestIntSetValid","TestIntSetValid"
"Test cases for TestIngestGenericData_RegisterNodeKind","0","TestIngestGenericData_RegisterNodeKind","","Thu Jul 09 18:47:02 UTC 2026","passed","Thu Jul 09 18:47:02 UTC 2026","","Go Test","github.com/specterops/bloodhound/cmd/api/src/services/graphify/TestIngestGenericData_RegisterNodeKind","TestIngestGenericData_RegisterNodeKind"
"","703","does not allow confirmation while dates are invalid","FileIngestFilterDialog","Thu Jul 09 18:49:15 UTC 2026","passed","Thu Jul 09 18:49:15 UTC 2026","","Date Range Inputs","",""
"Test cases for TestCache_NewCache","0","TestCache_NewCache","","Thu Jul 09 18:47:21 UTC 2026","passed","Thu Jul 09 18:47:21 UTC 2026","","Go Test","github.com/specterops/bloodhound/packages/go/cache/TestCache_NewCache","TestCache_NewCache"
"Test cases for TestContextMiddleware_InvalidWait","0","TestContextMiddleware_InvalidWait","","Thu Jul 09 18:46:44 UTC 2026","passed","Thu Jul 09 18:46:44 UTC 2026","","Go Test","github.com/specterops/bloodhound/cmd/api/src/api/middleware/TestContextMiddleware_InvalidWait","TestContextMiddleware_InvalidWait"
"Test cases for TestUnmarshalInt","2","TestUnmarshalInt","","Thu Jul 09 18:46:57 UTC 2026","passed","Thu Jul 09 18:46:57 UTC 2026","","Go Test","github.com/specterops/bloodhound/cmd/api/src/database/types/null/TestUnmarshalInt","TestUnmarshalInt"
"Test cases for TestFetchTenants","0","TestFetchTenants","","Thu Jul 09 18:47:20 UTC 2026","passed","Thu Jul 09 18:47:20 UTC 2026","","Go Test","github.com/specterops/bloodhound/packages/go/analysis/azure/TestFetchTenants","TestFetchTenants"
"Test cases for TestWriteResultJson","0","TestWriteResultJson","","Thu Jul 09 18:47:20 UTC 2026","passed","Thu Jul 09 18:47:20 UTC 2026","","Go Test","github.com/specterops/bloodhound/cmd/api/src/utils/TestWriteResultJson","TestWriteResultJson"
"Test cases for TestTracker_ConcurrentHasEdge","0","TestTracker_ConcurrentHasEdge","","Thu Jul 09 18:47:20 UTC 2026","passed","Thu Jul 09 18:47:20 UTC 2026","","Go Test","github.com/specterops/bloodhound/packages/go/analysis/post/TestTracker_ConcurrentHasEdge","TestTracker_ConcurrentHasEdge"
"Test cases for TestResources_SearchHandler_ETAC","1","TestResources_SearchHandler_ETAC","","Thu Jul 09 18:46:52 UTC 2026","passed","Thu Jul 09 18:46:52 UTC 2026","","Go Test","github.com/specterops/bloodhound/cmd/api/src/api/v2/TestResources_SearchHandler_ETAC","TestResources_SearchHandler_ETAC"
"","178","renders when all data is available and rule is not default","Delete Selector Button rendering","Thu Jul 09 18:52:36 UTC 2026","passed","Thu Jul 09 18:52:36 UTC 2026","","","",""
"","0","should exclude operations within a tag when only the path matches but not all paths","opsFilter","Thu Jul 09 18:52:00 UTC 2026","passed","Thu Jul 09 18:52:00 UTC 2026","","","",""
"","457","should reject passwords with no special characters","CreateUserForm","Thu Jul 09 18:48:20 UTC 2026","passed","Thu Jul 09 18:48:20 UTC 2026","","","",""
"","94","takes the param appendQueryKey and will append that value to the existing queryKey","useAvailableEnvironments","Thu Jul 09 18:50:27 UTC 2026","passed","Thu Jul 09 18:50:27 UTC 2026","","useAvailableEnvironments","",""
"Test cases for TestResources_DeleteSavedQuery_DeleteError","0","TestResources_DeleteSavedQuery_DeleteError","","Thu Jul 09 18:46:52 UTC 2026","passed","Thu Jul 09 18:46:52 UTC 2026","","Go Test","github.com/specterops/bloodhound/cmd/api/src/api/v2/TestResources_DeleteSavedQuery_DeleteError","TestResources_DeleteSavedQuery_DeleteError"
"","472","changes the text from ""Disabled"" to ""Enabled"" when the Rule Status switch is toggled","Rule Form","Thu Jul 09 18:47:49 UTC 2026","passed","Thu Jul 09 18:47:50 UTC 2026","","","",""
"Test cases for Test_filterAndFormatSearchResults_filterEnvironmentsOG","0","Test_filterAndFormatSearchResults_filterEnvironmentsOG","","Thu Jul 09 18:46:52 UTC 2026","passed","Thu Jul 09 18:46:52 UTC 2026","","Go Test","github.com/specterops/bloodhound/cmd/api/src/api/v2/Test_filterAndFormatSearchResults_filterEnvironmentsOG","Test_filterAndFormatSearchResults_filterEnvironmentsOG"
"","74","Calls the `Base` endpoint for a LocalUser type node","EntityObjectInformation","Thu Jul 09 18:50:39 UTC 2026","passed","Thu Jul 09 18:50:39 UTC 2026","","","",""
"","2218","filling in the name value allows updating the rule and navigates back to the details page","Rule Form","Thu Jul 09 18:47:52 UTC 2026","passed","Thu Jul 09 18:47:54 UTC 2026","","","",""
"","291","clicking an enabled header toggles content (single mode)","<DetailsAccordion />","Thu Jul 09 18:49:37 UTC 2026","passed","Thu Jul 09 18:49:37 UTC 2026","","","",""
"Test cases for TestParseUserIP_XForwardedFor_RemoteAddr","0","TestParseUserIP_XForwardedFor_RemoteAddr","","Thu Jul 09 18:46:44 UTC 2026","passed","Thu Jul 09 18:46:44 UTC 2026","","Go Test","github.com/specterops/bloodhound/cmd/api/src/api/middleware/TestParseUserIP_XForwardedFor_RemoteAddr","TestParseUserIP_XForwardedFor_RemoteAddr"
"Test cases for TestServeHTTP_Success","0","TestServeHTTP_Success","","Thu Jul 09 18:46:44 UTC 2026","passed","Thu Jul 09 18:46:44 UTC 2026","","Go Test","github.com/specterops/bloodhound/cmd/api/src/api/middleware/TestServeHTTP_Success","TestServeHTTP_Success"
"","12","dismisses a notification","AppNotifications","Thu Jul 09 18:51:46 UTC 2026","passed","Thu Jul 09 18:51:46 UTC 2026","","","",""
"","466","should display ""Generate/Revoke API Tokens"" title","UserTokenManagementDialog","Thu Jul 09 18:49:26 UTC 2026","passed","Thu Jul 09 18:49:27 UTC 2026","","","",""
"Test cases for TestBoolSetValid","0","TestBoolSetValid","","Thu Jul 09 18:46:57 UTC 2026","passed","Thu Jul 09 18:46:57 UTC 2026","","Go Test","github.com/specterops/bloodhound/cmd/api/src/database/types/null/TestBoolSetValid","TestBoolSetValid"
"","11","does not render when selector is default","Delete Selector Button rendering","Thu Jul 09 18:52:36 UTC 2026","passed","Thu Jul 09 18:52:36 UTC 2026","","","",""
"Test cases for TestRoleAssignments_NodesWithRolesExclusive","0","TestRoleAssignments_NodesWithRolesExclusive","","Thu Jul 09 18:47:20 UTC 2026","passed","Thu Jul 09 18:47:20 UTC 2026","","Go Test","github.com/specterops/bloodhound/packages/go/analysis/azure/TestRoleAssignments_NodesWithRolesExclusive","TestRoleAssignments_NodesWithRolesExclusive"
"Test cases for TestResources_UpdateSavedQuery_Admin_NonPublicQuery","0","TestResources_UpdateSavedQuery_Admin_NonPublicQuery","","Thu Jul 09 18:46:52 UTC 2026","passed","Thu Jul 09 18:46:52 UTC 2026","","Go Test","github.com/specterops/bloodhound/cmd/api/src/api/v2/TestResources_UpdateSavedQuery_Admin_NonPublicQuery","TestResources_UpdateSavedQuery_Admin_NonPublicQuery"
"Test cases for TestActivateMFA_Failure","1137","TestActivateMFA_Failure","","Thu Jul 09 18:47:37 UTC 2026","passed","Thu Jul 09 18:47:38 UTC 2026","","Go Test","github.com/specterops/bloodhound/cmd/api/src/api/v2/auth/TestActivateMFA_Failure","TestActivateMFA_Failure"
"","109","enables the user actions menu for a user with the administrator role","User Actions Menu","Thu Jul 09 18:50:32 UTC 2026","passed","Thu Jul 09 18:50:32 UTC 2026","","Button Menu State","",""
"Test cases for TestGetMFAActivationStatus_Failure","2","TestGetMFAActivationStatus_Failure","","Thu Jul 09 18:47:37 UTC 2026","passed","Thu Jul 09 18:47:37 UTC 2026","","Go Test","github.com/specterops/bloodhound/cmd/api/src/api/v2/auth/TestGetMFAActivationStatus_Failure","TestGetMFAActivationStatus_Failure"
"Test cases for TestResources_ListADEntityRDPRights","3","TestResources_ListADEntityRDPRights","","Thu Jul 09 18:46:52 UTC 2026","passed","Thu Jul 09 18:46:52 UTC 2026","","Go Test","github.com/specterops/bloodhound/cmd/api/src/api/v2/TestResources_ListADEntityRDPRights","TestResources_ListADEntityRDPRights"
"","251","clears selected item when pathfinding search returns results","GraphView","Thu Jul 09 18:53:29 UTC 2026","passed","Thu Jul 09 18:53:29 UTC 2026","","","",""
"Test cases for TestQueries_GetEntityObjectIDFromRequestPath","0","TestQueries_GetEntityObjectIDFromRequestPath","","Thu Jul 09 18:47:00 UTC 2026","passed","Thu Jul 09 18:47:00 UTC 2026","","Go Test","github.com/specterops/bloodhound/cmd/api/src/queries/TestQueries_GetEntityObjectIDFromRequestPath","TestQueries_GetEntityObjectIDFromRequestPath"
"","0","should be case-insensitive when matching by path","opsFilter","Thu Jul 09 18:52:00 UTC 2026","passed","Thu Jul 09 18:52:00 UTC 2026","","","",""
"Test cases for TestParseLimitQueryParameter_BadFormat","0","TestParseLimitQueryParameter_BadFormat","","Thu Jul 09 18:46:52 UTC 2026","passed","Thu Jul 09 18:46:52 UTC 2026","","Go Test","github.com/specterops/bloodhound/cmd/api/src/api/v2/TestParseLimitQueryParameter_BadFormat","TestParseLimitQueryParameter_BadFormat"
"","1014","renders the node in the entity panel when member is clicked","GroupManagement","Thu Jul 09 18:53:55 UTC 2026","passed","Thu Jul 09 18:53:56 UTC 2026","","","",""
"","4","should return true when value matches term","compareTerm","Thu Jul 09 18:52:00 UTC 2026","passed","Thu Jul 09 18:52:00 UTC 2026","","","",""
"","270","Trying to view the edge info does not crash the app when selecting an unrecognized edge","EdgeInfoContent","Thu Jul 09 18:48:08 UTC 2026","passed","Thu Jul 09 18:48:08 UTC 2026","","","",""
"","66","returns when zone limit is reached","useTagLimits","Thu Jul 09 18:48:24 UTC 2026","passed","Thu Jul 09 18:48:24 UTC 2026","","","",""
"Test cases for TestResources_UpdateSavedQuery_AdminPrivateQuery_Success","0","TestResources_UpdateSavedQuery_AdminPrivateQuery_Success","","Thu Jul 09 18:46:52 UTC 2026","passed","Thu Jul 09 18:46:52 UTC 2026","","Go Test","github.com/specterops/bloodhound/cmd/api/src/api/v2/TestResources_UpdateSavedQuery_AdminPrivateQuery_Success","TestResources_UpdateSavedQuery_AdminPrivateQuery_Success"
"Test cases for TestStringFromPtr","0","TestStringFromPtr","","Thu Jul 09 18:46:57 UTC 2026","passed","Thu Jul 09 18:46:57 UTC 2026","","Go Test","github.com/specterops/bloodhound/cmd/api/src/database/types/null/TestStringFromPtr","TestStringFromPtr"
"","463","renders trigger button and dropdown items","TagToZoneLabel","Thu Jul 09 18:47:58 UTC 2026","passed","Thu Jul 09 18:47:58 UTC 2026","","","",""
"","550","should not allow leading or trailing empty spaces","UpdateUserForm","Thu Jul 09 18:47:49 UTC 2026","passed","Thu Jul 09 18:47:50 UTC 2026","","","",""
"","10","announces a polite message (default priority)","AnnouncementProvider","Thu Jul 09 18:50:50 UTC 2026","passed","Thu Jul 09 18:50:50 UTC 2026","","","",""
"","298","should not render list items for domains that are not collected","Context Selector","Thu Jul 09 18:50:02 UTC 2026","passed","Thu Jul 09 18:50:02 UTC 2026","","","",""
"","563","renders a list of asset group members","GroupManagement","Thu Jul 09 18:53:54 UTC 2026","passed","Thu Jul 09 18:53:55 UTC 2026","","","",""
"","20","displays CaretDown icon when the sortOrder is desc","ColumnHeaders","Thu Jul 09 18:50:44 UTC 2026","passed","Thu Jul 09 18:50:44 UTC 2026","","SortableHeader","",""
"Test cases for TestSavedQueries_IsString","0","TestSavedQueries_IsString","","Thu Jul 09 18:46:58 UTC 2026","passed","Thu Jul 09 18:46:58 UTC 2026","","Go Test","github.com/specterops/bloodhound/cmd/api/src/model/TestSavedQueries_IsString","TestSavedQueries_IsString"
"","1","handles empty search string","filterAndSearchEnvironments","Thu Jul 09 18:48:03 UTC 2026","passed","Thu Jul 09 18:48:03 UTC 2026","","search filter","",""
"","103","if a hint is given, it show date placeholder on focus, restores hint on blur","ManagedDatePicker - placeholders","Thu Jul 09 18:50:41 UTC 2026","passed","Thu Jul 09 18:50:41 UTC 2026","","","",""
"TestOpenGraphSchemaService_UpsertGraphSchemaExtension -","3","TestOpenGraphSchemaService_UpsertGraphSchemaExtension","","Thu Jul 09 18:47:04 UTC 2026","passed","Thu Jul 09 18:47:04 UTC 2026","","Go Test","github.com/specterops/bloodhound/cmd/api/src/services/opengraphschema/TestOpenGraphSchemaService_UpsertGraphSchemaExtension","TestOpenGraphSchemaService_UpsertGraphSchemaExtension"
"Test cases for TestParseOptionalBoolEmptyValue","0","TestParseOptionalBoolEmptyValue","","Thu Jul 09 18:46:41 UTC 2026","passed","Thu Jul 09 18:46:41 UTC 2026","","Go Test","github.com/specterops/bloodhound/cmd/api/src/api/TestParseOptionalBoolEmptyValue","TestParseOptionalBoolEmptyValue"
"Test cases for TestEndNodes","0","TestEndNodes","","Thu Jul 09 18:47:20 UTC 2026","passed","Thu Jul 09 18:47:20 UTC 2026","","Go Test","github.com/specterops/bloodhound/packages/go/analysis/azure/TestEndNodes","TestEndNodes"
"Test cases for TestManagementResource_ListAuthTokens_InvalidColumn","0","TestManagementResource_ListAuthTokens_InvalidColumn","","Thu Jul 09 18:47:22 UTC 2026","passed","Thu Jul 09 18:47:22 UTC 2026","","Go Test","github.com/specterops/bloodhound/cmd/api/src/api/v2/auth/TestManagementResource_ListAuthTokens_InvalidColumn","TestManagementResource_ListAuthTokens_InvalidColumn"
"","0","reports a Cypher-specific error when ruleType is SeedTypeCypher and seeds are required","handleError","Thu Jul 09 18:49:07 UTC 2026","passed","Thu Jul 09 18:49:07 UTC 2026","","","",""
"","3","Default label and sizing are used when graph of origin does not specify","copySigmaNodesToGraphlibGraph","Thu Jul 09 18:53:56 UTC 2026","passed","Thu Jul 09 18:53:56 UTC 2026","","","",""
"","39","shows the direct object list and expanded object list empty, when only direct objects in results","Seed Selection Results","Thu Jul 09 18:49:32 UTC 2026","passed","Thu Jul 09 18:49:33 UTC 2026","","","",""
"Test cases for TestNodeNamePrefix_AppendSuffix","2","TestNodeNamePrefix_AppendSuffix","","Thu Jul 09 18:47:20 UTC 2026","passed","Thu Jul 09 18:47:20 UTC 2026","","Go Test","github.com/specterops/bloodhound/packages/go/analysis/ad/wellknown/TestNodeNamePrefix_AppendSuffix","TestNodeNamePrefix_AppendSuffix"
"","9","EXTENDED ROUNDING when thresholds are set: abbreviates hundred-thousands, millions, billions, trillions as expected","numberFormatting","Thu Jul 09 18:50:48 UTC 2026","passed","Thu Jul 09 18:50:48 UTC 2026","","","",""
"","5","mounts an assertive aria-live region","AnnouncementProvider","Thu Jul 09 18:50:49 UTC 2026","passed","Thu Jul 09 18:50:49 UTC 2026","","","",""
"TestRegister verifies that routes.Register binds the GET /api/v2/relationships/{id}endpoint to the gorilla/mux router so that matching requests are dispatched correctly.","1","TestRegister","","Thu Jul 09 18:47:50 UTC 2026","passed","Thu Jul 09 18:47:50 UTC 2026","","Go Test","github.com/specterops/bloodhound/server/graphdb/internal/routes/TestRegister","TestRegister"
"Test cases for TestSpoolToScratch","7","TestSpoolToScratch","","Thu Jul 09 18:47:02 UTC 2026","passed","Thu Jul 09 18:47:02 UTC 2026","","Go Test","github.com/specterops/bloodhound/cmd/api/src/services/graphify/TestSpoolToScratch","TestSpoolToScratch"
"Test cases for TestResources_UpdateSavedQuery_NoQueryMatch","0","TestResources_UpdateSavedQuery_NoQueryMatch","","Thu Jul 09 18:46:52 UTC 2026","passed","Thu Jul 09 18:46:52 UTC 2026","","Go Test","github.com/specterops/bloodhound/cmd/api/src/api/v2/TestResources_UpdateSavedQuery_NoQueryMatch","TestResources_UpdateSavedQuery_NoQueryMatch"
"Test cases for TestLocalStore_Move","27","TestLocalStore_Move","","Thu Jul 09 18:47:43 UTC 2026","passed","Thu Jul 09 18:47:43 UTC 2026","","Go Test","github.com/specterops/bloodhound/packages/go/storage/TestLocalStore_Move","TestLocalStore_Move"
"Test cases for TestManagementResource_DeleteUser_GetUserError","0","TestManagementResource_DeleteUser_GetUserError","","Thu Jul 09 18:47:15 UTC 2026","passed","Thu Jul 09 18:47:15 UTC 2026","","Go Test","github.com/specterops/bloodhound/cmd/api/src/api/v2/auth/TestManagementResource_DeleteUser_GetUserError","TestManagementResource_DeleteUser_GetUserError"
"","122","should render tag to Label content","TagToZoneLabelDialog","Thu Jul 09 18:50:52 UTC 2026","passed","Thu Jul 09 18:50:52 UTC 2026","","","",""
"Test cases for TestResources_GetGroupEntityInfo","0","TestResources_GetGroupEntityInfo","","Thu Jul 09 18:46:52 UTC 2026","passed","Thu Jul 09 18:46:52 UTC 2026","","Go Test","github.com/specterops/bloodhound/cmd/api/src/api/v2/TestResources_GetGroupEntityInfo","TestResources_GetGroupEntityInfo"
"Test cases for TestRegisterBHCEMetrics","0","TestRegisterBHCEMetrics","","Thu Jul 09 18:47:26 UTC 2026","passed","Thu Jul 09 18:47:26 UTC 2026","","Go Test","github.com/specterops/bloodhound/packages/go/metricsregistration/TestRegisterBHCEMetrics","TestRegisterBHCEMetrics"
"","0","preserves unicode characters","escapeCypherString","Thu Jul 09 18:52:52 UTC 2026","passed","Thu Jul 09 18:52:52 UTC 2026","","","",""
"Test cases for TestResources_ShareSavedQueriesPermissions_SavingPermissionsErrors","0","TestResources_ShareSavedQueriesPermissions_SavingPermissionsErrors","","Thu Jul 09 18:46:52 UTC 2026","passed","Thu Jul 09 18:46:52 UTC 2026","","Go Test","github.com/specterops/bloodhound/cmd/api/src/api/v2/TestResources_ShareSavedQueriesPermissions_SavingPermissionsErrors","TestResources_ShareSavedQueriesPermissions_SavingPermissionsErrors"
"","58","returns undefined if environmentId searched for is not found","useAvailableEnvironments","Thu Jul 09 18:50:27 UTC 2026","passed","Thu Jul 09 18:50:27 UTC 2026","","useSelectedEnvironment","",""
"","1","does not fetch more data while a page is already fetching","useInfiniteScroll","Thu Jul 09 18:51:28 UTC 2026","passed","Thu Jul 09 18:51:28 UTC 2026","","","",""
"","635","calls onSave when valid form inputs are provided","PasswordDialog","Thu Jul 09 18:48:24 UTC 2026","passed","Thu Jul 09 18:48:24 UTC 2026","","","",""
"","298","disables GraphButton when isCurrentSearchOpen is true","GraphControls","Thu Jul 09 18:48:07 UTC 2026","passed","Thu Jul 09 18:48:08 UTC 2026","","Searching current results","",""
"","3069","Preserves sample results when switching between Object ID and Cypher rule types","Rule Form","Thu Jul 09 18:47:57 UTC 2026","passed","Thu Jul 09 18:48:00 UTC 2026","","","",""
"","280","should call onClose when the Close button is clicked","UpsertSAMLProviderForm","Thu Jul 09 18:51:50 UTC 2026","passed","Thu Jul 09 18:51:51 UTC 2026","","","",""
"Test cases for TestTypes_Scan_InvalidInput","0","TestTypes_Scan_InvalidInput","","Thu Jul 09 18:46:57 UTC 2026","passed","Thu Jul 09 18:46:57 UTC 2026","","Go Test","github.com/specterops/bloodhound/cmd/api/src/database/types/TestTypes_Scan_InvalidInput","TestTypes_Scan_InvalidInput"
"Test cases for TestOrphanFileSweeper_IsExcludedStoragePath","42","TestOrphanFileSweeper_IsExcludedStoragePath","","Thu Jul 09 18:46:55 UTC 2026","passed","Thu Jul 09 18:46:55 UTC 2026","","Go Test","github.com/specterops/bloodhound/cmd/api/src/daemons/datapipe/TestOrphanFileSweeper_IsExcludedStoragePath","TestOrphanFileSweeper_IsExcludedStoragePath"
"","351","calls onChangePinnedColumns with DEFAULT_PINNED_COLUMN_KEYS when ""Reset Default"" is clicked","ManageColumnsComboBox","Thu Jul 09 18:49:39 UTC 2026","passed","Thu Jul 09 18:49:39 UTC 2026","","","",""
"","507","toggles a nested graph data option off","GraphDataCheckboxes","Thu Jul 09 18:49:02 UTC 2026","passed","Thu Jul 09 18:49:02 UTC 2026","","","",""
"Test cases for TestMarshalFloat","0","TestMarshalFloat","","Thu Jul 09 18:46:57 UTC 2026","passed","Thu Jul 09 18:46:57 UTC 2026","","Go Test","github.com/specterops/bloodhound/cmd/api/src/database/types/null/TestMarshalFloat","TestMarshalFloat"
"","1083","shows a table with partially completed jobs","FileIngestTable","Thu Jul 09 18:48:42 UTC 2026","passed","Thu Jul 09 18:48:43 UTC 2026","","","",""
"","260","fires click handlers","ConfirmDeleteQueryDialog","Thu Jul 09 18:52:53 UTC 2026","passed","Thu Jul 09 18:52:53 UTC 2026","","","",""
"","1155","should call onSave when Save button is clicked and form input is valid","CreateUserDialog","Thu Jul 09 18:48:31 UTC 2026","passed","Thu Jul 09 18:48:32 UTC 2026","","","",""
"Test cases for TestResources_UpdateCustomNodeKindsTest","102","TestResources_UpdateCustomNodeKindsTest","","Thu Jul 09 18:46:52 UTC 2026","passed","Thu Jul 09 18:46:52 UTC 2026","","Go Test","github.com/specterops/bloodhound/cmd/api/src/api/v2/TestResources_UpdateCustomNodeKindsTest","TestResources_UpdateCustomNodeKindsTest"
"Test cases for TestStringPointer","0","TestStringPointer","","Thu Jul 09 18:46:57 UTC 2026","passed","Thu Jul 09 18:46:57 UTC 2026","","Go Test","github.com/specterops/bloodhound/cmd/api/src/database/types/null/TestStringPointer","TestStringPointer"
"Test cases for TestPredefinedSIDSuffixes","0","TestPredefinedSIDSuffixes","","Thu Jul 09 18:47:20 UTC 2026","passed","Thu Jul 09 18:47:20 UTC 2026","","Go Test","github.com/specterops/bloodhound/packages/go/analysis/ad/wellknown/TestPredefinedSIDSuffixes","TestPredefinedSIDSuffixes"
"","420","should render an SavedQueryPermissions component","SavedQueryPermissions","Thu Jul 09 18:51:19 UTC 2026","passed","Thu Jul 09 18:51:19 UTC 2026","","","",""
"Test cases for TestClearCache_HA","0","TestClearCache_HA","","Thu Jul 09 18:46:53 UTC 2026","passed","Thu Jul 09 18:46:53 UTC 2026","","Go Test","github.com/specterops/bloodhound/cmd/api/src/daemons/changelog/TestClearCache_HA","TestClearCache_HA"
"Test cases for TestManagementResource_GetUser","25236","TestManagementResource_GetUser","","Thu Jul 09 18:47:14 UTC 2026","passed","Thu Jul 09 18:47:39 UTC 2026","","Go Test","github.com/specterops/bloodhound/cmd/api/src/api/v2/auth/TestManagementResource_GetUser","TestManagementResource_GetUser"
"Test cases for TestRewriter_Enter_AllAttackPathsShortcut_ReplacesKinds","0","TestRewriter_Enter_AllAttackPathsShortcut_ReplacesKinds","","Thu Jul 09 18:47:00 UTC 2026","passed","Thu Jul 09 18:47:00 UTC 2026","","Go Test","github.com/specterops/bloodhound/cmd/api/src/queries/TestRewriter_Enter_AllAttackPathsShortcut_ReplacesKinds","TestRewriter_Enter_AllAttackPathsShortcut_ReplacesKinds"
"Test cases for TestResources_DeleteAssetGroup","0","TestResources_DeleteAssetGroup","","Thu Jul 09 18:46:52 UTC 2026","passed","Thu Jul 09 18:46:52 UTC 2026","","Go Test","github.com/specterops/bloodhound/cmd/api/src/api/v2/TestResources_DeleteAssetGroup","TestResources_DeleteAssetGroup"
"","136","does not open the dialog when the user does not have the opengraph write permission","SchemaUploadDialog","Thu Jul 09 18:49:03 UTC 2026","passed","Thu Jul 09 18:49:03 UTC 2026","","","",""
"","0","returns paramValue as EnvironmentAggregation if paramValue is azure","useEnvironmentParams","Thu Jul 09 18:52:58 UTC 2026","passed","Thu Jul 09 18:52:58 UTC 2026","","parseEnvironmentAggregation","",""
"Test cases for TestNewManifest","0","TestNewManifest","","Thu Jul 09 18:46:57 UTC 2026","passed","Thu Jul 09 18:46:57 UTC 2026","","Go Test","github.com/specterops/bloodhound/cmd/api/src/database/migration/TestNewManifest","TestNewManifest"
"","9","does not render note content when selected is null","HistoryNotes Component","Thu Jul 09 18:52:41 UTC 2026","passed","Thu Jul 09 18:52:41 UTC 2026","","","",""
"","1","adds email filter if madeBy contains ""@""","createHistoryParams","Thu Jul 09 18:52:09 UTC 2026","passed","Thu Jul 09 18:52:09 UTC 2026","","","",""
"Test cases for TestBoolFromPtr","0","TestBoolFromPtr","","Thu Jul 09 18:46:57 UTC 2026","passed","Thu Jul 09 18:46:57 UTC 2026","","Go Test","github.com/specterops/bloodhound/cmd/api/src/database/types/null/TestBoolFromPtr","TestBoolFromPtr"
"Test cases for TestParseAGMembersFromNodes_MissingNodeProperties","1","TestParseAGMembersFromNodes_MissingNodeProperties","","Thu Jul 09 18:46:52 UTC 2026","passed","Thu Jul 09 18:46:52 UTC 2026","","Go Test","github.com/specterops/bloodhound/cmd/api/src/api/v2/TestParseAGMembersFromNodes_MissingNodeProperties","TestParseAGMembersFromNodes_MissingNodeProperties"
"Test cases for TestHandleDatabaseErrorNotFound","0","TestHandleDatabaseErrorNotFound","","Thu Jul 09 18:46:41 UTC 2026","passed","Thu Jul 09 18:46:41 UTC 2026","","Go Test","github.com/specterops/bloodhound/cmd/api/src/api/TestHandleDatabaseErrorNotFound","TestHandleDatabaseErrorNotFound"
"Test cases for TestTextUnmarshalString","0","TestTextUnmarshalString","","Thu Jul 09 18:46:57 UTC 2026","passed","Thu Jul 09 18:46:57 UTC 2026","","Go Test","github.com/specterops/bloodhound/cmd/api/src/database/types/null/TestTextUnmarshalString","TestTextUnmarshalString"
"Test cases for TestWriteInternalServerError","0","TestWriteInternalServerError","","Thu Jul 09 18:47:26 UTC 2026","passed","Thu Jul 09 18:47:26 UTC 2026","","Go Test","github.com/specterops/bloodhound/packages/go/responses/TestWriteInternalServerError","TestWriteInternalServerError"
"Test cases for TestIsValidEmail","0","TestIsValidEmail","","Thu Jul 09 18:47:20 UTC 2026","passed","Thu Jul 09 18:47:20 UTC 2026","","Go Test","github.com/specterops/bloodhound/cmd/api/src/utils/TestIsValidEmail","TestIsValidEmail"
"Test cases for TestOrphanFileSweeper_AddExpectedLocalPath","38","TestOrphanFileSweeper_AddExpectedLocalPath","","Thu Jul 09 18:46:55 UTC 2026","passed","Thu Jul 09 18:46:55 UTC 2026","","Go Test","github.com/specterops/bloodhound/cmd/api/src/daemons/datapipe/TestOrphanFileSweeper_AddExpectedLocalPath","TestOrphanFileSweeper_AddExpectedLocalPath"
"Test cases for TestResources_ListEdgeTypes","75","TestResources_ListEdgeTypes","","Thu Jul 09 18:46:52 UTC 2026","passed","Thu Jul 09 18:46:52 UTC 2026","","Go Test","github.com/specterops/bloodhound/cmd/api/src/api/v2/TestResources_ListEdgeTypes","TestResources_ListEdgeTypes"
"","207","shows ""<10 Days to Expire"" warning when token expires within 10 days","UserTokenManagementDialog - API Expiration Date column","Thu Jul 09 18:49:29 UTC 2026","passed","Thu Jul 09 18:49:29 UTC 2026","","","",""
"","273","calls the onReset prop when the crop button is clicked","GraphControls","Thu Jul 09 18:48:03 UTC 2026","passed","Thu Jul 09 18:48:03 UTC 2026","","Resetting graph","",""
"","6","does not put assertive messages in the polite region","AnnouncementProvider","Thu Jul 09 18:50:50 UTC 2026","passed","Thu Jul 09 18:50:50 UTC 2026","","","",""
"Test cases for TestArgon2_ParseDigest","0","TestArgon2_ParseDigest","","Thu Jul 09 18:47:21 UTC 2026","passed","Thu Jul 09 18:47:21 UTC 2026","","Go Test","github.com/specterops/bloodhound/packages/go/crypto/TestArgon2_ParseDigest","TestArgon2_ParseDigest"
"Test cases for TestKeyEncoder_Key_VaryingInputs","0","TestKeyEncoder_Key_VaryingInputs","","Thu Jul 09 18:47:20 UTC 2026","passed","Thu Jul 09 18:47:20 UTC 2026","","Go Test","github.com/specterops/bloodhound/packages/go/analysis/post/TestKeyEncoder_Key_VaryingInputs","TestKeyEncoder_Key_VaryingInputs"
"","6183","Typing in the search bar filters the results","ExploreTable","Thu Jul 09 18:47:41 UTC 2026","passed","Thu Jul 09 18:47:48 UTC 2026","","","",""
"Test cases for TestManagementResource_ListAuthTokens_DBError","0","TestManagementResource_ListAuthTokens_DBError","","Thu Jul 09 18:47:22 UTC 2026","passed","Thu Jul 09 18:47:22 UTC 2026","","Go Test","github.com/specterops/bloodhound/cmd/api/src/api/v2/auth/TestManagementResource_ListAuthTokens_DBError","TestManagementResource_ListAuthTokens_DBError"
"Test cases for TestManagementResource_DeleteUser_UserNotFound","0","TestManagementResource_DeleteUser_UserNotFound","","Thu Jul 09 18:47:14 UTC 2026","passed","Thu Jul 09 18:47:14 UTC 2026","","Go Test","github.com/specterops/bloodhound/cmd/api/src/api/v2/auth/TestManagementResource_DeleteUser_UserNotFound","TestManagementResource_DeleteUser_UserNotFound"
"","1","succeeds for valid password with unicode characters","testPassword","Thu Jul 09 18:52:57 UTC 2026","passed","Thu Jul 09 18:52:57 UTC 2026","","","",""
"Test cases for TestGenerateRandomBase64String","0","TestGenerateRandomBase64String","","Thu Jul 09 18:46:52 UTC 2026","passed","Thu Jul 09 18:46:52 UTC 2026","","Go Test","github.com/specterops/bloodhound/cmd/api/src/config/TestGenerateRandomBase64String","TestGenerateRandomBase64String"
"","52","renders Tier Zero text by default when no Zone Selector is available and on a Zone page","TagSelector","Thu Jul 09 18:51:10 UTC 2026","passed","Thu Jul 09 18:51:10 UTC 2026","","","",""
"","66","renders three animated dots","ProcessingIndicator","Thu Jul 09 18:53:02 UTC 2026","passed","Thu Jul 09 18:53:02 UTC 2026","","","",""
"Test cases for TestFloatPointer","0","TestFloatPointer","","Thu Jul 09 18:46:57 UTC 2026","passed","Thu Jul 09 18:46:57 UTC 2026","","Go Test","github.com/specterops/bloodhound/cmd/api/src/database/types/null/TestFloatPointer","TestFloatPointer"
"","0","fails for empty password","testPassword","Thu Jul 09 18:52:57 UTC 2026","passed","Thu Jul 09 18:52:57 UTC 2026","","","",""
"","109","should display locally formatted numbers if they are larger than 999","LoadContainer","Thu Jul 09 18:53:08 UTC 2026","passed","Thu Jul 09 18:53:08 UTC 2026","","","",""
"Test cases for TestGetDataQualityStats_Failure","2","TestGetDataQualityStats_Failure","","Thu Jul 09 18:46:52 UTC 2026","passed","Thu Jul 09 18:46:52 UTC 2026","","Go Test","github.com/specterops/bloodhound/cmd/api/src/api/v2/TestGetDataQualityStats_Failure","TestGetDataQualityStats_Failure"
"Test cases for TestSortJSONArrayElements","1","TestSortJSONArrayElements","","Thu Jul 09 18:47:20 UTC 2026","passed","Thu Jul 09 18:47:20 UTC 2026","","Go Test","github.com/specterops/bloodhound/cmd/api/src/utils/test/TestSortJSONArrayElements","TestSortJSONArrayElements"
"Test cases for TestConvertDomainToNode_DomainInvalidProperties","1","TestConvertDomainToNode_DomainInvalidProperties","","Thu Jul 09 18:47:21 UTC 2026","passed","Thu Jul 09 18:47:21 UTC 2026","","Go Test","github.com/specterops/bloodhound/packages/go/ein/TestConvertDomainToNode_DomainInvalidProperties","TestConvertDomainToNode_DomainInvalidProperties"
"","341","should render a TagToZoneLabelDialog component","TagToZoneLabelDialog","Thu Jul 09 18:50:51 UTC 2026","passed","Thu Jul 09 18:50:52 UTC 2026","","","",""
"Test cases for TestManagementResource_ListRoles_Filtered","3","TestManagementResource_ListRoles_Filtered","","Thu Jul 09 18:46:58 UTC 2026","passed","Thu Jul 09 18:46:58 UTC 2026","","Go Test","github.com/specterops/bloodhound/cmd/api/src/api/v2/auth/TestManagementResource_ListRoles_Filtered","TestManagementResource_ListRoles_Filtered"
"Test cases for TestRoleMembers","0","TestRoleMembers","","Thu Jul 09 18:47:20 UTC 2026","passed","Thu Jul 09 18:47:20 UTC 2026","","Go Test","github.com/specterops/bloodhound/packages/go/analysis/azure/TestRoleMembers","TestRoleMembers"
"","0","A type and keyword were provided but there were no results available","Getting the text for the disabled item display for a search when there are no results","Thu Jul 09 18:51:59 UTC 2026","passed","Thu Jul 09 18:51:59 UTC 2026","","Empty data states","",""
"Test cases for TestNewFileServiceResolver","5","TestNewFileServiceResolver","","Thu Jul 09 18:47:04 UTC 2026","passed","Thu Jul 09 18:47:04 UTC 2026","","Go Test","github.com/specterops/bloodhound/cmd/api/src/services/storage/TestNewFileServiceResolver","TestNewFileServiceResolver"
"Test cases for TestQueries_GetRequestedType","0","TestQueries_GetRequestedType","","Thu Jul 09 18:47:00 UTC 2026","passed","Thu Jul 09 18:47:00 UTC 2026","","Go Test","github.com/specterops/bloodhound/cmd/api/src/queries/TestQueries_GetRequestedType","TestQueries_GetRequestedType"
"Test cases for TestResources_DeleteSavedQuery","0","TestResources_DeleteSavedQuery","","Thu Jul 09 18:46:52 UTC 2026","passed","Thu Jul 09 18:46:52 UTC 2026","","Go Test","github.com/specterops/bloodhound/cmd/api/src/api/v2/TestResources_DeleteSavedQuery","TestResources_DeleteSavedQuery"
"","11","fully replaces state","useObjectState","Thu Jul 09 18:52:12 UTC 2026","passed","Thu Jul 09 18:52:12 UTC 2026","","","",""
"Test cases for TestExpireUserAuthSecret_Success","0","TestExpireUserAuthSecret_Success","","Thu Jul 09 18:46:58 UTC 2026","passed","Thu Jul 09 18:46:58 UTC 2026","","Go Test","github.com/specterops/bloodhound/cmd/api/src/api/v2/auth/TestExpireUserAuthSecret_Success","TestExpireUserAuthSecret_Success"
"","0","should return an empty map when no tags or paths match","opsFilter","Thu Jul 09 18:52:00 UTC 2026","passed","Thu Jul 09 18:52:00 UTC 2026","","","",""
"","181","shows ""Expired"" in red when the expiration date has already passed","UserTokenManagementDialog - API Expiration Date column","Thu Jul 09 18:49:29 UTC 2026","passed","Thu Jul 09 18:49:29 UTC 2026","","","",""
"Test cases for TestResources_ListADEntityConstrainedDelegationRights","1","TestResources_ListADEntityConstrainedDelegationRights","","Thu Jul 09 18:46:52 UTC 2026","passed","Thu Jul 09 18:46:52 UTC 2026","","Go Test","github.com/specterops/bloodhound/cmd/api/src/api/v2/TestResources_ListADEntityConstrainedDelegationRights","TestResources_ListADEntityConstrainedDelegationRights"
"Test cases for TestSavedQueries_GetValidFilterPredicatesAsStrings","0","TestSavedQueries_GetValidFilterPredicatesAsStrings","","Thu Jul 09 18:46:58 UTC 2026","passed","Thu Jul 09 18:46:58 UTC 2026","","Go Test","github.com/specterops/bloodhound/cmd/api/src/model/TestSavedQueries_GetValidFilterPredicatesAsStrings","TestSavedQueries_GetValidFilterPredicatesAsStrings"
"Test cases for TestService","0","TestService","","Thu Jul 09 18:47:02 UTC 2026","passed","Thu Jul 09 18:47:02 UTC 2026","","Go Test","github.com/specterops/bloodhound/cmd/api/src/services/dogtags/TestService","TestService"
"","124","should fire Confirm once with true","ConfirmationDialog","Thu Jul 09 18:52:45 UTC 2026","passed","Thu Jul 09 18:52:45 UTC 2026","","","",""
"","745","opens the entity information panel for the auto-selected node","GraphView","Thu Jul 09 18:53:28 UTC 2026","passed","Thu Jul 09 18:53:29 UTC 2026","","","",""
"","0","takes setSearchParams and availableParams returns a function","searchParams","Thu Jul 09 18:51:29 UTC 2026","passed","Thu Jul 09 18:51:29 UTC 2026","","setParamsFactory","",""
"Test cases for TestResources_GetAZRelatedEntities","111","TestResources_GetAZRelatedEntities","","Thu Jul 09 18:46:52 UTC 2026","passed","Thu Jul 09 18:46:52 UTC 2026","","Go Test","github.com/specterops/bloodhound/cmd/api/src/api/v2/TestResources_GetAZRelatedEntities","TestResources_GetAZRelatedEntities"
"Test cases for TestFilter","0","TestFilter","","Thu Jul 09 18:47:39 UTC 2026","passed","Thu Jul 09 18:47:39 UTC 2026","","Go Test","github.com/specterops/bloodhound/packages/go/slicesext/TestFilter","TestFilter"
"","3995","calls onExploreMenuCollapse again when user reopens widget and runs another multi-node query","CypherSearch","Thu Jul 09 18:48:49 UTC 2026","passed","Thu Jul 09 18:48:53 UTC 2026","","Minimize explorer page elements when multiple nodes are returned","",""
"","0","leaves double quotes untouched","escapeCypherString","Thu Jul 09 18:52:52 UTC 2026","passed","Thu Jul 09 18:52:52 UTC 2026","","","",""
"Test cases for TestResources_GetShortestPath_ETAC","33","TestResources_GetShortestPath_ETAC","","Thu Jul 09 18:46:52 UTC 2026","passed","Thu Jul 09 18:46:52 UTC 2026","","Go Test","github.com/specterops/bloodhound/cmd/api/src/api/v2/TestResources_GetShortestPath_ETAC","TestResources_GetShortestPath_ETAC"
"Test cases for TestUnmarshalFloat","0","TestUnmarshalFloat","","Thu Jul 09 18:46:57 UTC 2026","passed","Thu Jul 09 18:46:57 UTC 2026","","Go Test","github.com/specterops/bloodhound/cmd/api/src/database/types/null/TestUnmarshalFloat","TestUnmarshalFloat"
"","73","renders the total count and object counts on success","ObjectCountPanel","Thu Jul 09 18:52:22 UTC 2026","passed","Thu Jul 09 18:52:22 UTC 2026","","","",""
"","0","returns a function that does not update searchParams if a key is not found in the updatedParams","searchParams","Thu Jul 09 18:51:29 UTC 2026","passed","Thu Jul 09 18:51:29 UTC 2026","","setSingleParamFactory","",""
"Test cases for TestService_CancelAnalysisRequest","0","TestService_CancelAnalysisRequest","","Thu Jul 09 18:47:46 UTC 2026","passed","Thu Jul 09 18:47:46 UTC 2026","","Go Test","github.com/specterops/bloodhound/server/analysis/internal/services/TestService_CancelAnalysisRequest","TestService_CancelAnalysisRequest"
"","60","calls openSAMLProviderDialog when create provider button is clicked","CreateMenu","Thu Jul 09 18:49:52 UTC 2026","passed","Thu Jul 09 18:49:52 UTC 2026","","oidc_support feature flag disabled","",""
"Test cases for TestResources_ListADDomainContainedUsers","1","TestResources_ListADDomainContainedUsers","","Thu Jul 09 18:46:52 UTC 2026","passed","Thu Jul 09 18:46:52 UTC 2026","","Go Test","github.com/specterops/bloodhound/cmd/api/src/api/v2/TestResources_ListADDomainContainedUsers","TestResources_ListADDomainContainedUsers"
"","90","should hide Environmental Targeted Access Control panel when showEnvironmentAccessControls prop is false","CreateUserForm","Thu Jul 09 18:48:18 UTC 2026","passed","Thu Jul 09 18:48:18 UTC 2026","","","",""
"","331","shows a loading state","AssetGroupMenuItem","Thu Jul 09 18:49:45 UTC 2026","passed","Thu Jul 09 18:49:45 UTC 2026","","","",""
"","515","handles a selection as expected","DropdownSelector","Thu Jul 09 18:51:42 UTC 2026","passed","Thu Jul 09 18:51:43 UTC 2026","","","",""
"","131","disables items via itemDisabled and hides the chevron icon visually","<DetailsAccordion />","Thu Jul 09 18:49:37 UTC 2026","passed","Thu Jul 09 18:49:37 UTC 2026","","","",""
"","188","can render","ExploreSearchCombobox","Thu Jul 09 18:49:50 UTC 2026","passed","Thu Jul 09 18:49:51 UTC 2026","","","",""
"","2","returns undefined for headers when db config timeout limit setting is enabled and state of is disable query limit is true","useExploreGraph","Thu Jul 09 18:49:05 UTC 2026","passed","Thu Jul 09 18:49:05 UTC 2026","userSettings","exploreGraphQueryFactory","",""
"","20","does not call onSort when disable=true","ColumnHeaders","Thu Jul 09 18:50:44 UTC 2026","passed","Thu Jul 09 18:50:44 UTC 2026","","SortableHeader","",""
"","10","hides items while feature flags are loading","useSubNavRoutes","Thu Jul 09 18:50:26 UTC 2026","passed","Thu Jul 09 18:50:26 UTC 2026","","featureFlag gate","",""
"Test cases for TestManagementResource_DeleteUser_UserCannotSelfDelete","1099","TestManagementResource_DeleteUser_UserCannotSelfDelete","","Thu Jul 09 18:47:14 UTC 2026","passed","Thu Jul 09 18:47:15 UTC 2026","","Go Test","github.com/specterops/bloodhound/cmd/api/src/api/v2/auth/TestManagementResource_DeleteUser_UserCannotSelfDelete","TestManagementResource_DeleteUser_UserCannotSelfDelete"
"","248","on clicking switch shows modal and when clicking confirm closes it and switch changes to disabled","CitrixRDPConfiguration","Thu Jul 09 18:49:56 UTC 2026","passed","Thu Jul 09 18:49:56 UTC 2026","","Click on switch to disable","",""
"","194","renders with a title","BloodHoundConfiguration","Thu Jul 09 18:54:13 UTC 2026","passed","Thu Jul 09 18:54:14 UTC 2026","","","",""
"","248","calls onChange with all columns when ""Select All"" is clicked","ManageColumnsComboBox","Thu Jul 09 18:49:38 UTC 2026","passed","Thu Jul 09 18:49:38 UTC 2026","","","",""
"","64","Gets focus on keyboard shortcut","SearchBar","Thu Jul 09 18:52:46 UTC 2026","passed","Thu Jul 09 18:52:46 UTC 2026","","","",""
"","15","renders highlight only for active selector when ruleId is present","SelectedHighlight","Thu Jul 09 18:52:07 UTC 2026","passed","Thu Jul 09 18:52:07 UTC 2026","","","",""
"","143","a name value is required to submit the form","Tag Form","Thu Jul 09 18:47:40 UTC 2026","passed","Thu Jul 09 18:47:40 UTC 2026","","","",""
"Test cases for TestResources_CreateSavedQuery_DuplicateName","0","TestResources_CreateSavedQuery_DuplicateName","","Thu Jul 09 18:46:52 UTC 2026","passed","Thu Jul 09 18:46:52 UTC 2026","","Go Test","github.com/specterops/bloodhound/cmd/api/src/api/v2/TestResources_CreateSavedQuery_DuplicateName","TestResources_CreateSavedQuery_DuplicateName"
"","374","opens the dropdown when the Columns button is clicked","ManageColumnsComboBox","Thu Jul 09 18:49:37 UTC 2026","passed","Thu Jul 09 18:49:38 UTC 2026","","","",""
"","65","includes all traversable OpenGraph edges in their own category when they are available via the API","useEdgeCategories","Thu Jul 09 18:49:56 UTC 2026","passed","Thu Jul 09 18:49:56 UTC 2026","","","",""
"","3439","closes explore search tab menu and clears selected item when a cypher query returns multiple nodes","CypherSearch","Thu Jul 09 18:48:34 UTC 2026","passed","Thu Jul 09 18:48:37 UTC 2026","","Minimize explorer page elements when multiple nodes are returned","",""
"","105","renders an input box","SearchBar","Thu Jul 09 18:52:46 UTC 2026","passed","Thu Jul 09 18:52:46 UTC 2026","","","",""
"Test cases for TestDummyHA","1","TestDummyHA","","Thu Jul 09 18:46:53 UTC 2026","passed","Thu Jul 09 18:46:53 UTC 2026","","Go Test","github.com/specterops/bloodhound/cmd/api/src/daemons/changelog/TestDummyHA","TestDummyHA"
"","1","fails for password without lowercase letters","testPassword","Thu Jul 09 18:52:57 UTC 2026","passed","Thu Jul 09 18:52:57 UTC 2026","","","",""
"","147","highlights selectedLayout rather than the table option when searchType is not cypher","GraphControls","Thu Jul 09 18:48:07 UTC 2026","passed","Thu Jul 09 18:48:07 UTC 2026","","Table view selection state","",""
"","159","should render action list item that handles a function","MainNav","Thu Jul 09 18:50:09 UTC 2026","passed","Thu Jul 09 18:50:09 UTC 2026","","","",""
"","0","handles only escapable characters","escapeCypherString","Thu Jul 09 18:52:52 UTC 2026","passed","Thu Jul 09 18:52:52 UTC 2026","","","",""
"","317","should disable Cancel and Save buttons while isLoading is true","UpdateUserDialog","Thu Jul 09 18:48:56 UTC 2026","passed","Thu Jul 09 18:48:57 UTC 2026","","","",""
"","63","passes the check for at least one permission if the user is missing one of many required permissions","usePermissions","Thu Jul 09 18:49:56 UTC 2026","passed","Thu Jul 09 18:49:56 UTC 2026","","","",""
"Test cases for TestTracker_HasEdge_PropertyMismatchTriggersInsert","0","TestTracker_HasEdge_PropertyMismatchTriggersInsert","","Thu Jul 09 18:47:20 UTC 2026","passed","Thu Jul 09 18:47:20 UTC 2026","","Go Test","github.com/specterops/bloodhound/packages/go/analysis/post/TestTracker_HasEdge_PropertyMismatchTriggersInsert","TestTracker_HasEdge_PropertyMismatchTriggersInsert"
"Test cases for TestMapExistsError","57","TestMapExistsError","","Thu Jul 09 18:47:43 UTC 2026","passed","Thu Jul 09 18:47:43 UTC 2026","","Go Test","github.com/specterops/bloodhound/packages/go/storage/TestMapExistsError","TestMapExistsError"
"","268","displays expected results when searching by objectid","SearchCurrentNodes","Thu Jul 09 18:51:02 UTC 2026","passed","Thu Jul 09 18:51:02 UTC 2026","","","",""
"","29","renders details for a selected rule and is of type ""Object""","DynamicDetails","Thu Jul 09 18:50:09 UTC 2026","passed","Thu Jul 09 18:50:09 UTC 2026","","","",""
"","2","receives the current stored value as the previous state","useLocalStorage","Thu Jul 09 18:50:10 UTC 2026","passed","Thu Jul 09 18:50:10 UTC 2026","","functional updater","",""
"","480","clears applied filters when clicking the Clear button","Privilege Zones History Filter Dialog","Thu Jul 09 18:50:19 UTC 2026","passed","Thu Jul 09 18:50:19 UTC 2026","","","",""
"","122","clicking cancel on the form takes the user back to the page the user was on previously","Tag Form","Thu Jul 09 18:47:40 UTC 2026","passed","Thu Jul 09 18:47:40 UTC 2026","","","",""
"Test cases for TestHandlers_GetRelationshipByID","2","TestHandlers_GetRelationshipByID","","Thu Jul 09 18:47:49 UTC 2026","passed","Thu Jul 09 18:47:49 UTC 2026","","Go Test","github.com/specterops/bloodhound/server/graphdb/internal/handlers/TestHandlers_GetRelationshipByID","TestHandlers_GetRelationshipByID"
"","1351","shows an error message when unable to delete a rule","Rule Form","Thu Jul 09 18:47:50 UTC 2026","passed","Thu Jul 09 18:47:51 UTC 2026","","","",""
"","465","Displays the selectors list if passed in through additional sections","EntityInfoDataTableList","Thu Jul 09 18:50:56 UTC 2026","passed","Thu Jul 09 18:50:57 UTC 2026","","","",""
"Test cases for TestResources_ListADEntityPSRemoteRights","0","TestResources_ListADEntityPSRemoteRights","","Thu Jul 09 18:46:52 UTC 2026","passed","Thu Jul 09 18:46:52 UTC 2026","","Go Test","github.com/specterops/bloodhound/cmd/api/src/api/v2/TestResources_ListADEntityPSRemoteRights","TestResources_ListADEntityPSRemoteRights"
"","9","shows items when the user has admin permissions","useSubNavRoutes","Thu Jul 09 18:50:26 UTC 2026","passed","Thu Jul 09 18:50:26 UTC 2026","","adminOnly gate","",""
"","231","opens and closes the dialog with the cancel button","Tag Form","Thu Jul 09 18:47:43 UTC 2026","passed","Thu Jul 09 18:47:43 UTC 2026","","","",""
"","1","filters by name search (case insensitive)","filterAndSearchEnvironments","Thu Jul 09 18:48:03 UTC 2026","passed","Thu Jul 09 18:48:03 UTC 2026","","search filter","",""
"Test cases for TestFloatSetValid","0","TestFloatSetValid","","Thu Jul 09 18:46:57 UTC 2026","passed","Thu Jul 09 18:46:57 UTC 2026","","Go Test","github.com/specterops/bloodhound/cmd/api/src/database/types/null/TestFloatSetValid","TestFloatSetValid"
"","2","rounds down fractional minutes/days","getSimpleDuration","Thu Jul 09 18:52:13 UTC 2026","passed","Thu Jul 09 18:52:13 UTC 2026","","","",""
"Test cases for TestError","0","TestError","","Thu Jul 09 18:46:41 UTC 2026","passed","Thu Jul 09 18:46:41 UTC 2026","","Go Test","github.com/specterops/bloodhound/cmd/api/src/api/TestError","TestError"
"Test cases for TestResources_SearchAssetGroupTags","3","TestResources_SearchAssetGroupTags","","Thu Jul 09 18:46:52 UTC 2026","passed","Thu Jul 09 18:46:52 UTC 2026","","Go Test","github.com/specterops/bloodhound/cmd/api/src/api/v2/TestResources_SearchAssetGroupTags","TestResources_SearchAssetGroupTags"
"Test cases for TestManagementResource_SSOCallbackHandler","8","TestManagementResource_SSOCallbackHandler","","Thu Jul 09 18:47:39 UTC 2026","passed","Thu Jul 09 18:47:39 UTC 2026","","Go Test","github.com/specterops/bloodhound/cmd/api/src/api/v2/auth/TestManagementResource_SSOCallbackHandler","TestManagementResource_SSOCallbackHandler"
"Test cases for TestManagementResource_GetRole","41944","TestManagementResource_GetRole","","Thu Jul 09 18:46:58 UTC 2026","passed","Thu Jul 09 18:47:39 UTC 2026","","Go Test","github.com/specterops/bloodhound/cmd/api/src/api/v2/auth/TestManagementResource_GetRole","TestManagementResource_GetRole"
"","2470","search filters edges by name","Pathfinding","Thu Jul 09 18:49:01 UTC 2026","passed","Thu Jul 09 18:49:03 UTC 2026","","","",""
"","10","sets autoDisplayTable to false if query returns nodes only but the enabled prop is false","useExploreTableAutoDisplay","Thu Jul 09 18:51:48 UTC 2026","passed","Thu Jul 09 18:51:48 UTC 2026","","","",""
"","78","should display the ""User Information"" header","UserProfile","Thu Jul 09 18:50:02 UTC 2026","passed","Thu Jul 09 18:50:02 UTC 2026","","","",""
"Test cases for TestManagementResource_UpdateUser_IDMalformed","2059","TestManagementResource_UpdateUser_IDMalformed","","Thu Jul 09 18:47:05 UTC 2026","passed","Thu Jul 09 18:47:07 UTC 2026","","Go Test","github.com/specterops/bloodhound/cmd/api/src/api/v2/auth/TestManagementResource_UpdateUser_IDMalformed","TestManagementResource_UpdateUser_IDMalformed"
"","89","should display the logged in user's role","UserProfile","Thu Jul 09 18:50:03 UTC 2026","passed","Thu Jul 09 18:50:03 UTC 2026","","","",""
"Test cases for TestURLJoinPathNoPrefix","0","TestURLJoinPathNoPrefix","","Thu Jul 09 18:46:41 UTC 2026","passed","Thu Jul 09 18:46:41 UTC 2026","","Go Test","github.com/specterops/bloodhound/cmd/api/src/api/TestURLJoinPathNoPrefix","TestURLJoinPathNoPrefix"
"","0","returns true if value is ''","searchParams","Thu Jul 09 18:51:29 UTC 2026","passed","Thu Jul 09 18:51:29 UTC 2026","","isEmptyParam","",""
"Test cases for TestNewFileService","2","TestNewFileService","","Thu Jul 09 18:47:43 UTC 2026","passed","Thu Jul 09 18:47:43 UTC 2026","","Go Test","github.com/specterops/bloodhound/packages/go/storage/TestNewFileService","TestNewFileService"
"","363","should render with the correct content","ConfirmUpdateQueryDialog","Thu Jul 09 18:52:33 UTC 2026","passed","Thu Jul 09 18:52:34 UTC 2026","","","",""
"Test cases for TestMergedFS_ReadDir","0","TestMergedFS_ReadDir","","Thu Jul 09 18:46:57 UTC 2026","passed","Thu Jul 09 18:46:57 UTC 2026","","Go Test","github.com/specterops/bloodhound/cmd/api/src/database/migration/TestMergedFS_ReadDir","TestMergedFS_ReadDir"
"Test cases for TestNormalizeEinNodeProperties","1","TestNormalizeEinNodeProperties","","Thu Jul 09 18:47:02 UTC 2026","passed","Thu Jul 09 18:47:02 UTC 2026","","Go Test","github.com/specterops/bloodhound/cmd/api/src/services/graphify/TestNormalizeEinNodeProperties","TestNormalizeEinNodeProperties"
"Test cases for TestMarshalTime","0","TestMarshalTime","","Thu Jul 09 18:46:57 UTC 2026","passed","Thu Jul 09 18:46:57 UTC 2026","","Go Test","github.com/specterops/bloodhound/cmd/api/src/database/types/null/TestMarshalTime","TestMarshalTime"
"","187","should display ""Cancel"" button","Enable2FADialog","Thu Jul 09 18:51:39 UTC 2026","passed","Thu Jul 09 18:51:39 UTC 2026","","","",""
"","23","the ID value reflects the URL when it is available","usePZQueryParams","Thu Jul 09 18:51:05 UTC 2026","passed","Thu Jul 09 18:51:06 UTC 2026","","","",""
"Test cases for TestInt64Scan","0","TestInt64Scan","","Thu Jul 09 18:46:57 UTC 2026","passed","Thu Jul 09 18:46:57 UTC 2026","","Go Test","github.com/specterops/bloodhound/cmd/api/src/database/types/null/TestInt64Scan","TestInt64Scan"
"","547","toggles parent from none to all","GraphDataCheckboxes","Thu Jul 09 18:48:59 UTC 2026","passed","Thu Jul 09 18:49:00 UTC 2026","","","",""
"Test cases for TestStorageFileService_GetFile","7","TestStorageFileService_GetFile","","Thu Jul 09 18:47:43 UTC 2026","passed","Thu Jul 09 18:47:43 UTC 2026","","Go Test","github.com/specterops/bloodhound/packages/go/storage/TestStorageFileService_GetFile","TestStorageFileService_GetFile"
"Test cases for Test_cacheQueryResult","0","Test_cacheQueryResult","","Thu Jul 09 18:47:00 UTC 2026","passed","Thu Jul 09 18:47:00 UTC 2026","","Go Test","github.com/specterops/bloodhound/cmd/api/src/queries/Test_cacheQueryResult","Test_cacheQueryResult"
"","97","displays the value from filterParams.node_type","AssetGroupEdit","Thu Jul 09 18:49:49 UTC 2026","passed","Thu Jul 09 18:49:49 UTC 2026","","Node Type dropdown filter","",""
"","1127","opens a submenu when user hovers over `Copy`","ContextMenu","Thu Jul 09 18:49:32 UTC 2026","passed","Thu Jul 09 18:49:33 UTC 2026","","","",""
"Test cases for TestAnalysisPipelineResultString","0","TestAnalysisPipelineResultString","","Thu Jul 09 18:47:20 UTC 2026","passed","Thu Jul 09 18:47:20 UTC 2026","","Go Test","github.com/specterops/bloodhound/packages/go/analysis/TestAnalysisPipelineResultString","TestAnalysisPipelineResultString"
"Test cases for TestSignRequestSuccess","0","TestSignRequestSuccess","","Thu Jul 09 18:46:41 UTC 2026","passed","Thu Jul 09 18:46:41 UTC 2026","","Go Test","github.com/specterops/bloodhound/cmd/api/src/api/TestSignRequestSuccess","TestSignRequestSuccess"
"Test cases for TestBuildErrorResponseBadRequest","0","TestBuildErrorResponseBadRequest","","Thu Jul 09 18:46:41 UTC 2026","passed","Thu Jul 09 18:46:41 UTC 2026","","Go Test","github.com/specterops/bloodhound/cmd/api/src/api/TestBuildErrorResponseBadRequest","TestBuildErrorResponseBadRequest"
"","494","should not call onSave when Save button is clicked and form input is invalid","CreateUserDialog","Thu Jul 09 18:48:30 UTC 2026","passed","Thu Jul 09 18:48:31 UTC 2026","","","",""
"","708","should not call onSubmit when expired password is not supplied when reset password button clicked","PasswordResetForm","Thu Jul 09 18:50:31 UTC 2026","passed","Thu Jul 09 18:50:32 UTC 2026","","","",""
"Test cases for TestAddWhereClauseToNeo4jQuery_WithWhereClause","0","TestAddWhereClauseToNeo4jQuery_WithWhereClause","","Thu Jul 09 18:46:52 UTC 2026","passed","Thu Jul 09 18:46:52 UTC 2026","","Go Test","github.com/specterops/bloodhound/cmd/api/src/api/v2/TestAddWhereClauseToNeo4jQuery_WithWhereClause","TestAddWhereClauseToNeo4jQuery_WithWhereClause"
"Test cases for TestMergedFS_Open","0","TestMergedFS_Open","","Thu Jul 09 18:46:57 UTC 2026","passed","Thu Jul 09 18:46:57 UTC 2026","","Go Test","github.com/specterops/bloodhound/cmd/api/src/database/migration/TestMergedFS_Open","TestMergedFS_Open"
"","149","renders the form for creating a new label","Tag Form","Thu Jul 09 18:47:39 UTC 2026","passed","Thu Jul 09 18:47:39 UTC 2026","","","",""
"Test cases for Test_filterAndFormatSearchResults","0","Test_filterAndFormatSearchResults","","Thu Jul 09 18:46:52 UTC 2026","passed","Thu Jul 09 18:46:52 UTC 2026","","Go Test","github.com/specterops/bloodhound/cmd/api/src/api/v2/Test_filterAndFormatSearchResults","Test_filterAndFormatSearchResults"
"","124","should call onCancel when return to login button clicked","OneTimePasscodeForm","Thu Jul 09 18:52:08 UTC 2026","passed","Thu Jul 09 18:52:09 UTC 2026","","","",""
"Test cases for TestManagementResource_GetSAMLProvider","25","TestManagementResource_GetSAMLProvider","","Thu Jul 09 18:47:39 UTC 2026","passed","Thu Jul 09 18:47:39 UTC 2026","","Go Test","github.com/specterops/bloodhound/cmd/api/src/api/v2/auth/TestManagementResource_GetSAMLProvider","TestManagementResource_GetSAMLProvider"
"Test cases for TestQueries_BuildEntityQueryParams_MissingObjectID","0","TestQueries_BuildEntityQueryParams_MissingObjectID","","Thu Jul 09 18:47:00 UTC 2026","passed","Thu Jul 09 18:47:00 UTC 2026","","Go Test","github.com/specterops/bloodhound/cmd/api/src/queries/TestQueries_BuildEntityQueryParams_MissingObjectID","TestQueries_BuildEntityQueryParams_MissingObjectID"
"","4620","edges are displayed in alphabetical order","Pathfinding","Thu Jul 09 18:49:13 UTC 2026","passed","Thu Jul 09 18:49:18 UTC 2026","","","",""
"Test cases for TestManagementResource_GetAZEntity","102","TestManagementResource_GetAZEntity","","Thu Jul 09 18:46:52 UTC 2026","passed","Thu Jul 09 18:46:52 UTC 2026","","Go Test","github.com/specterops/bloodhound/cmd/api/src/api/v2/TestManagementResource_GetAZEntity","TestManagementResource_GetAZEntity"
"Test cases for Test_HarnessTeardown","0","Test_HarnessTeardown","","Thu Jul 09 18:47:22 UTC 2026","passed","Thu Jul 09 18:47:22 UTC 2026","","Go Test","github.com/specterops/bloodhound/packages/go/lab/Test_HarnessTeardown","Test_HarnessTeardown"
"Test cases for TestOverwriteQueryParamIfHeaderAndParamExist","1","TestOverwriteQueryParamIfHeaderAndParamExist","","Thu Jul 09 18:47:20 UTC 2026","passed","Thu Jul 09 18:47:20 UTC 2026","","Go Test","github.com/specterops/bloodhound/cmd/api/src/utils/test/TestOverwriteQueryParamIfHeaderAndParamExist","TestOverwriteQueryParamIfHeaderAndParamExist"
"Test cases for TestManagementResource_ListUsers_PredicateMismatchWithColumn","1","TestManagementResource_ListUsers_PredicateMismatchWithColumn","","Thu Jul 09 18:46:58 UTC 2026","passed","Thu Jul 09 18:46:58 UTC 2026","","Go Test","github.com/specterops/bloodhound/cmd/api/src/api/v2/auth/TestManagementResource_ListUsers_PredicateMismatchWithColumn","TestManagementResource_ListUsers_PredicateMismatchWithColumn"
"","0","returns true if arrays are equal","areArraysSimilar","Thu Jul 09 18:52:35 UTC 2026","passed","Thu Jul 09 18:52:35 UTC 2026","","","",""
"Test cases for TestManagementResource_ListPermissions_PredicateMismatchWithColumn","0","TestManagementResource_ListPermissions_PredicateMismatchWithColumn","","Thu Jul 09 18:46:57 UTC 2026","passed","Thu Jul 09 18:46:57 UTC 2026","","Go Test","github.com/specterops/bloodhound/cmd/api/src/api/v2/auth/TestManagementResource_ListPermissions_PredicateMismatchWithColumn","TestManagementResource_ListPermissions_PredicateMismatchWithColumn"
"Test cases for TestRewriter_Enter_UpdatingClauseSetsHasMutation","0","TestRewriter_Enter_UpdatingClauseSetsHasMutation","","Thu Jul 09 18:47:00 UTC 2026","passed","Thu Jul 09 18:47:00 UTC 2026","","Go Test","github.com/specterops/bloodhound/cmd/api/src/queries/TestRewriter_Enter_UpdatingClauseSetsHasMutation","TestRewriter_Enter_UpdatingClauseSetsHasMutation"
"Test cases for TestService_GetAllFlags","0","TestService_GetAllFlags","","Thu Jul 09 18:47:48 UTC 2026","passed","Thu Jul 09 18:47:48 UTC 2026","","Go Test","github.com/specterops/bloodhound/server/featureflags/internal/services/TestService_GetAllFlags","TestService_GetAllFlags"
"","2","does not overwrite an existing localStorage value with initialValue","useLocalStorage","Thu Jul 09 18:50:10 UTC 2026","passed","Thu Jul 09 18:50:10 UTC 2026","","initial value","",""
"Test cases for TestRRuleValidator","0","TestRRuleValidator","","Thu Jul 09 18:47:20 UTC 2026","passed","Thu Jul 09 18:47:20 UTC 2026","","Go Test","github.com/specterops/bloodhound/cmd/api/src/utils/validation/TestRRuleValidator","TestRRuleValidator"
"Test cases for TestMoveFileBetweenServices","4","TestMoveFileBetweenServices","","Thu Jul 09 18:47:43 UTC 2026","passed","Thu Jul 09 18:47:43 UTC 2026","","Go Test","github.com/specterops/bloodhound/packages/go/storage/TestMoveFileBetweenServices","TestMoveFileBetweenServices"
"Test cases for TestResources_CreateSavedQuery_InvalidBody","0","TestResources_CreateSavedQuery_InvalidBody","","Thu Jul 09 18:46:52 UTC 2026","passed","Thu Jul 09 18:46:52 UTC 2026","","Go Test","github.com/specterops/bloodhound/cmd/api/src/api/v2/TestResources_CreateSavedQuery_InvalidBody","TestResources_CreateSavedQuery_InvalidBody"
"","2028","should add an option and display the changelog when it is clicked","AssetGroupEdit","Thu Jul 09 18:51:17 UTC 2026","passed","Thu Jul 09 18:51:19 UTC 2026","","","",""
"","604","should not allow the input to exceed the allowed length","CreateUserForm","Thu Jul 09 18:48:15 UTC 2026","passed","Thu Jul 09 18:48:15 UTC 2026","","","",""
"","127","passes check if the user has a required permission","usePermissions","Thu Jul 09 18:49:56 UTC 2026","passed","Thu Jul 09 18:49:56 UTC 2026","","","",""
"Test cases for TestJSONFloat_UnmarshalJSON_NaN","0","TestJSONFloat_UnmarshalJSON_NaN","","Thu Jul 09 18:46:57 UTC 2026","passed","Thu Jul 09 18:46:57 UTC 2026","","Go Test","github.com/specterops/bloodhound/cmd/api/src/database/types/nan/TestJSONFloat_UnmarshalJSON_NaN","TestJSONFloat_UnmarshalJSON_NaN"
"","10","shows the item only when both gates pass","useSubNavRoutes","Thu Jul 09 18:50:26 UTC 2026","passed","Thu Jul 09 18:50:26 UTC 2026","","combined gates","",""
"Test cases for TestBoolIsZero","0","TestBoolIsZero","","Thu Jul 09 18:46:57 UTC 2026","passed","Thu Jul 09 18:46:57 UTC 2026","","Go Test","github.com/specterops/bloodhound/cmd/api/src/database/types/null/TestBoolIsZero","TestBoolIsZero"
"","232","should render","NoDataDialog","Thu Jul 09 18:53:00 UTC 2026","passed","Thu Jul 09 18:53:00 UTC 2026","","","",""
"","17","should render when search string matches text entirely","HighlightedText","Thu Jul 09 18:52:12 UTC 2026","passed","Thu Jul 09 18:52:12 UTC 2026","","","",""
"Test cases for TestResources_ListAuditLogs_OnlySkip","0","TestResources_ListAuditLogs_OnlySkip","","Thu Jul 09 18:46:52 UTC 2026","passed","Thu Jul 09 18:46:52 UTC 2026","","Go Test","github.com/specterops/bloodhound/cmd/api/src/api/v2/TestResources_ListAuditLogs_OnlySkip","TestResources_ListAuditLogs_OnlySkip"
"Test cases for TestIsValidContentTypeForUpload","1","TestIsValidContentTypeForUpload","","Thu Jul 09 18:46:52 UTC 2026","passed","Thu Jul 09 18:46:52 UTC 2026","","Go Test","github.com/specterops/bloodhound/cmd/api/src/api/v2/TestIsValidContentTypeForUpload","TestIsValidContentTypeForUpload"
"Test cases for TestManagementResource_ListUsers_Filtered","0","TestManagementResource_ListUsers_Filtered","","Thu Jul 09 18:46:58 UTC 2026","passed","Thu Jul 09 18:46:58 UTC 2026","","Go Test","github.com/specterops/bloodhound/cmd/api/src/api/v2/auth/TestManagementResource_ListUsers_Filtered","TestManagementResource_ListUsers_Filtered"
"","278","calls onChange with initial default columns when ""Reset Default"" is clicked","ManageColumnsComboBox","Thu Jul 09 18:49:39 UTC 2026","passed","Thu Jul 09 18:49:39 UTC 2026","","","",""
"","212","should not call onSubmit when input is invalid and Submit button is clicked","UpsertSAMLProviderForm","Thu Jul 09 18:51:51 UTC 2026","passed","Thu Jul 09 18:51:51 UTC 2026","","","",""
"Test cases for TestParseAGMembersFromNodes_","0","TestParseAGMembersFromNodes_","","Thu Jul 09 18:46:52 UTC 2026","passed","Thu Jul 09 18:46:52 UTC 2026","","Go Test","github.com/specterops/bloodhound/cmd/api/src/api/v2/TestParseAGMembersFromNodes_","TestParseAGMembersFromNodes_"
"Test cases for TestAnalysisStepsScan","19","TestAnalysisStepsScan","","Thu Jul 09 18:46:58 UTC 2026","passed","Thu Jul 09 18:46:58 UTC 2026","","Go Test","github.com/specterops/bloodhound/cmd/api/src/model/TestAnalysisStepsScan","TestAnalysisStepsScan"
"Test cases for TestRewriter_Enter_CombinedAzureAndADShortcut_ConcatenatesKinds","0","TestRewriter_Enter_CombinedAzureAndADShortcut_ConcatenatesKinds","","Thu Jul 09 18:47:00 UTC 2026","passed","Thu Jul 09 18:47:00 UTC 2026","","Go Test","github.com/specterops/bloodhound/cmd/api/src/queries/TestRewriter_Enter_CombinedAzureAndADShortcut_ConcatenatesKinds","TestRewriter_Enter_CombinedAzureAndADShortcut_ConcatenatesKinds"
"","938","shows tooltip text on hover","ColumnHeaders","Thu Jul 09 18:50:44 UTC 2026","passed","Thu Jul 09 18:50:45 UTC 2026","","SortableHeader with Tooltip","",""
"Test cases for TestNormalizeToUTF8_LargeInput","0","TestNormalizeToUTF8_LargeInput","","Thu Jul 09 18:47:21 UTC 2026","passed","Thu Jul 09 18:47:21 UTC 2026","","Go Test","github.com/specterops/bloodhound/packages/go/bomenc/TestNormalizeToUTF8_LargeInput","TestNormalizeToUTF8_LargeInput"
"","36","renders a button","CreateMenu","Thu Jul 09 18:49:52 UTC 2026","passed","Thu Jul 09 18:49:52 UTC 2026","","oidc_support feature flag disabled","",""
"","288","fires runQuery in context provider","ListItemActionMenu","Thu Jul 09 18:51:30 UTC 2026","passed","Thu Jul 09 18:51:31 UTC 2026","","","",""
"","216","should display ""Disable Multi-Factor Authentication?"" title","Enable2FADialog","Thu Jul 09 18:51:38 UTC 2026","passed","Thu Jul 09 18:51:39 UTC 2026","","","",""
"Test cases for TestOpenGraphSchemaService_ListExtensions","3","TestOpenGraphSchemaService_ListExtensions","","Thu Jul 09 18:47:04 UTC 2026","passed","Thu Jul 09 18:47:04 UTC 2026","","Go Test","github.com/specterops/bloodhound/cmd/api/src/services/opengraphschema/TestOpenGraphSchemaService_ListExtensions","TestOpenGraphSchemaService_ListExtensions"
"","16","makes no count request when neither a Tag or Rule is selected (tagId and ruleId are undefined from path params","useObjectCounts","Thu Jul 09 18:52:30 UTC 2026","passed","Thu Jul 09 18:52:30 UTC 2026","","","",""
"","0","returns paramValue as EnvironmentAggregation if paramValue is active-directory","useEnvironmentParams","Thu Jul 09 18:52:58 UTC 2026","passed","Thu Jul 09 18:52:58 UTC 2026","","parseEnvironmentAggregation","",""
"Test cases for TestResources_ListAuditLogs_InvalidPredicate","0","TestResources_ListAuditLogs_InvalidPredicate","","Thu Jul 09 18:46:52 UTC 2026","passed","Thu Jul 09 18:46:52 UTC 2026","","Go Test","github.com/specterops/bloodhound/cmd/api/src/api/v2/TestResources_ListAuditLogs_InvalidPredicate","TestResources_ListAuditLogs_InvalidPredicate"
"","0","returns undefined if paramValue is not an expected value","useExploreParams","Thu Jul 09 18:53:04 UTC 2026","passed","Thu Jul 09 18:53:04 UTC 2026","","parseSearchType","",""
"Test cases for TestResources_UpdateAssetGroup","0","TestResources_UpdateAssetGroup","","Thu Jul 09 18:46:52 UTC 2026","passed","Thu Jul 09 18:46:52 UTC 2026","","Go Test","github.com/specterops/bloodhound/cmd/api/src/api/v2/TestResources_UpdateAssetGroup","TestResources_UpdateAssetGroup"
"","268","auto-selects when a search result has a matching objectId","GraphView","Thu Jul 09 18:53:28 UTC 2026","passed","Thu Jul 09 18:53:28 UTC 2026","","","",""
"Test cases for TestResources_GetGPOEntityInfo","1","TestResources_GetGPOEntityInfo","","Thu Jul 09 18:46:52 UTC 2026","passed","Thu Jul 09 18:46:52 UTC 2026","","Go Test","github.com/specterops/bloodhound/cmd/api/src/api/v2/TestResources_GetGPOEntityInfo","TestResources_GetGPOEntityInfo"
"","181","disables checkboxes while loading","GraphDataCheckboxes","Thu Jul 09 18:48:57 UTC 2026","passed","Thu Jul 09 18:48:57 UTC 2026","","","",""
"","11","updates key in state","useObjectState","Thu Jul 09 18:52:12 UTC 2026","passed","Thu Jul 09 18:52:12 UTC 2026","","","",""
"","497","has user filters","FileIngestFilterDialog","Thu Jul 09 18:49:15 UTC 2026","passed","Thu Jul 09 18:49:16 UTC 2026","","User Select","",""
"","1141","allows switching between the Zones and Labels tabs","Zone Management","Thu Jul 09 18:51:52 UTC 2026","passed","Thu Jul 09 18:51:53 UTC 2026","","","",""
"","14","keeps callbacks stable across renders","useObjectState","Thu Jul 09 18:52:12 UTC 2026","passed","Thu Jul 09 18:52:12 UTC 2026","","","",""
"Test cases for TestResources_GetBaseEntityInfo","207","TestResources_GetBaseEntityInfo","","Thu Jul 09 18:46:52 UTC 2026","passed","Thu Jul 09 18:46:52 UTC 2026","","Go Test","github.com/specterops/bloodhound/cmd/api/src/api/v2/TestResources_GetBaseEntityInfo","TestResources_GetBaseEntityInfo"
"Test cases for Test_parseRelationshipKindsParam","0","Test_parseRelationshipKindsParam","","Thu Jul 09 18:46:52 UTC 2026","passed","Thu Jul 09 18:46:52 UTC 2026","","Go Test","github.com/specterops/bloodhound/cmd/api/src/api/v2/Test_parseRelationshipKindsParam","Test_parseRelationshipKindsParam"
"","5","announces a message with assertive priority","AnnouncementProvider","Thu Jul 09 18:50:50 UTC 2026","passed","Thu Jul 09 18:50:50 UTC 2026","","","",""
"Test cases for TestLoginResource_Logout","28","TestLoginResource_Logout","","Thu Jul 09 18:47:39 UTC 2026","passed","Thu Jul 09 18:47:39 UTC 2026","","Go Test","github.com/specterops/bloodhound/cmd/api/src/api/v2/auth/TestLoginResource_Logout","TestLoginResource_Logout"
"Test cases for TestLocalStore_Copy","32","TestLocalStore_Copy","","Thu Jul 09 18:47:43 UTC 2026","passed","Thu Jul 09 18:47:43 UTC 2026","","Go Test","github.com/specterops/bloodhound/packages/go/storage/TestLocalStore_Copy","TestLocalStore_Copy"
"","1393","does not show a warning for using labels associated with tags in label forms (also shows correct View in Explore link)","Rule Form","Thu Jul 09 18:47:56 UTC 2026","passed","Thu Jul 09 18:47:57 UTC 2026","","","",""
"Test cases for Test_FixtureSetup","0","Test_FixtureSetup","","Thu Jul 09 18:47:22 UTC 2026","passed","Thu Jul 09 18:47:22 UTC 2026","","Go Test","github.com/specterops/bloodhound/packages/go/lab/Test_FixtureSetup","Test_FixtureSetup"
"","1277","shows a warning for using labels associated with tags in zone forms","Rule Form","Thu Jul 09 18:47:55 UTC 2026","passed","Thu Jul 09 18:47:56 UTC 2026","","","",""
"Test cases for Test_HarnessSetup","0","Test_HarnessSetup","","Thu Jul 09 18:47:22 UTC 2026","passed","Thu Jul 09 18:47:22 UTC 2026","","Go Test","github.com/specterops/bloodhound/packages/go/lab/Test_HarnessSetup","Test_HarnessSetup"
"","5","does not put polite messages in the assertive region","AnnouncementProvider","Thu Jul 09 18:50:50 UTC 2026","passed","Thu Jul 09 18:50:50 UTC 2026","","","",""
"","36","should redirect to nested /file-ingest route if user navigates to an invalid route","Administration","Thu Jul 09 18:54:06 UTC 2026","passed","Thu Jul 09 18:54:07 UTC 2026","","","",""
"","747","displays a Upload Files button","FileIngest","Thu Jul 09 18:51:26 UTC 2026","passed","Thu Jul 09 18:51:26 UTC 2026","","","",""
"Test cases for TestUnmarshalInt64OverflowToInt64","0","TestUnmarshalInt64OverflowToInt64","","Thu Jul 09 18:46:57 UTC 2026","passed","Thu Jul 09 18:46:57 UTC 2026","","Go Test","github.com/specterops/bloodhound/cmd/api/src/database/types/null/TestUnmarshalInt64OverflowToInt64","TestUnmarshalInt64OverflowToInt64"
"Test cases for TestParseAndValidate_Parsing","1","TestParseAndValidate_Parsing","","Thu Jul 09 18:47:21 UTC 2026","passed","Thu Jul 09 18:47:21 UTC 2026","","Go Test","github.com/specterops/bloodhound/packages/go/filters/TestParseAndValidate_Parsing","TestParseAndValidate_Parsing"
"","0","escapes backslashes before quotes so they do not combine","escapeCypherString","Thu Jul 09 18:52:52 UTC 2026","passed","Thu Jul 09 18:52:52 UTC 2026","","","",""
"","115","buttons are disabled while loading","OneTimePasscodeForm","Thu Jul 09 18:52:09 UTC 2026","passed","Thu Jul 09 18:52:09 UTC 2026","","","",""
"","0","handles an empty string","escapeCypherString","Thu Jul 09 18:52:52 UTC 2026","passed","Thu Jul 09 18:52:52 UTC 2026","","","",""
"","79","displays the checkbox as checked if the filter params value is 'true'","AssetGroupEdit","Thu Jul 09 18:49:50 UTC 2026","passed","Thu Jul 09 18:49:50 UTC 2026","","Custom Member checkbox filter","",""
"","277","renders the Object Tab content when Object tab is chosen","Selected Details Tab Content","Thu Jul 09 18:51:09 UTC 2026","passed","Thu Jul 09 18:51:10 UTC 2026","","","",""
"","10","should not render a Field when the provided value is []","Field","Thu Jul 09 18:52:22 UTC 2026","passed","Thu Jul 09 18:52:22 UTC 2026","","","",""
"","277","should handle click events on apply and cancel","ConfirmUpdateQueryDialog","Thu Jul 09 18:52:34 UTC 2026","passed","Thu Jul 09 18:52:34 UTC 2026","","","",""
"","708","opens and closes the filter","FileIngestFilterDialog","Thu Jul 09 18:49:11 UTC 2026","passed","Thu Jul 09 18:49:12 UTC 2026","","","",""
"","1","does not abbreviate numbers < 1000","numberFormatting","Thu Jul 09 18:50:48 UTC 2026","passed","Thu Jul 09 18:50:48 UTC 2026","","","",""
"","201","renders enabled Zone tab and disabled Rule and Object tabs","Selected Details Tabs","Thu Jul 09 18:50:16 UTC 2026","passed","Thu Jul 09 18:50:16 UTC 2026","","Selected Details Tabs - Params present","",""
"Test cases for TestRequestWaitDuration_Negative","0","TestRequestWaitDuration_Negative","","Thu Jul 09 18:46:44 UTC 2026","passed","Thu Jul 09 18:46:44 UTC 2026","","Go Test","github.com/specterops/bloodhound/cmd/api/src/api/middleware/TestRequestWaitDuration_Negative","TestRequestWaitDuration_Negative"
"Test cases for TestResources_ListAssetGroups","1","TestResources_ListAssetGroups","","Thu Jul 09 18:46:52 UTC 2026","passed","Thu Jul 09 18:46:52 UTC 2026","","Go Test","github.com/specterops/bloodhound/cmd/api/src/api/v2/TestResources_ListAssetGroups","TestResources_ListAssetGroups"
"","2","updates state when an external storage event is fired for the same key","useLocalStorage","Thu Jul 09 18:50:10 UTC 2026","passed","Thu Jul 09 18:50:10 UTC 2026","","storage event synchronisation","",""
"Test cases for Test_CheckAccessToEnvironments","104","Test_CheckAccessToEnvironments","","Thu Jul 09 18:46:52 UTC 2026","passed","Thu Jul 09 18:46:52 UTC 2026","","Go Test","github.com/specterops/bloodhound/cmd/api/src/api/v2/Test_CheckAccessToEnvironments","Test_CheckAccessToEnvironments"
"","294","closes","ListItemActionMenu","Thu Jul 09 18:51:30 UTC 2026","passed","Thu Jul 09 18:51:30 UTC 2026","","","",""
"Test cases for TestResources_UpdateSavedQuery_UpdateFailed","0","TestResources_UpdateSavedQuery_UpdateFailed","","Thu Jul 09 18:46:52 UTC 2026","passed","Thu Jul 09 18:46:52 UTC 2026","","Go Test","github.com/specterops/bloodhound/cmd/api/src/api/v2/TestResources_UpdateSavedQuery_UpdateFailed","TestResources_UpdateSavedQuery_UpdateFailed"
"Test cases for TestCreateRuntimeDependenciesInitializesDefaultFileServices","1","TestCreateRuntimeDependenciesInitializesDefaultFileServices","","Thu Jul 09 18:47:01 UTC 2026","passed","Thu Jul 09 18:47:01 UTC 2026","","Go Test","github.com/specterops/bloodhound/cmd/api/src/services/TestCreateRuntimeDependenciesInitializesDefaultFileServices","TestCreateRuntimeDependenciesInitializesDefaultFileServices"
"","97","returns Tag Object counts when there is a Tag selected but no Rule selected (ruleId is undefined from path params)","useObjectCounts","Thu Jul 09 18:52:30 UTC 2026","passed","Thu Jul 09 18:52:30 UTC 2026","","","",""
"","114","renders a button for opening the dialog","SchemaUploadDialog","Thu Jul 09 18:49:03 UTC 2026","passed","Thu Jul 09 18:49:03 UTC 2026","","","",""
"Test cases for TestManagementResource_ListAuthTokens_PredicateMismatchWithColumn","0","TestManagementResource_ListAuthTokens_PredicateMismatchWithColumn","","Thu Jul 09 18:47:22 UTC 2026","passed","Thu Jul 09 18:47:22 UTC 2026","","Go Test","github.com/specterops/bloodhound/cmd/api/src/api/v2/auth/TestManagementResource_ListAuthTokens_PredicateMismatchWithColumn","TestManagementResource_ListAuthTokens_PredicateMismatchWithColumn"
"","851","Download button opens a menu and selecting ""Selected Columns"" calls json2csv with selected columns only","ExploreTable","Thu Jul 09 18:47:40 UTC 2026","passed","Thu Jul 09 18:47:41 UTC 2026","","","",""
"","142","invokes handleFilterChange with eq:true when clicked and custom_member filter is off","AssetGroupEdit","Thu Jul 09 18:49:50 UTC 2026","passed","Thu Jul 09 18:49:50 UTC 2026","","Custom Member checkbox filter","",""
"Test cases for TestResources_GetOUEntityInfo","0","TestResources_GetOUEntityInfo","","Thu Jul 09 18:46:52 UTC 2026","passed","Thu Jul 09 18:46:52 UTC 2026","","Go Test","github.com/specterops/bloodhound/cmd/api/src/api/v2/TestResources_GetOUEntityInfo","TestResources_GetOUEntityInfo"
"","330","AZRole information panel will not display a section for PIM Assignments","EntityInfoContent","Thu Jul 09 18:50:39 UTC 2026","passed","Thu Jul 09 18:50:39 UTC 2026","","","",""
"Test cases for Test_filterAndFormatSearchResults_filterEnvironments_domainSIDFail","0","Test_filterAndFormatSearchResults_filterEnvironments_domainSIDFail","","Thu Jul 09 18:46:52 UTC 2026","passed","Thu Jul 09 18:46:52 UTC 2026","","Go Test","github.com/specterops/bloodhound/cmd/api/src/api/v2/Test_filterAndFormatSearchResults_filterEnvironments_domainSIDFail","Test_filterAndFormatSearchResults_filterEnvironments_domainSIDFail"
"","244","The API key management option should appear in profile page if the user is configured for SAML login","UserProfile with SSO User","Thu Jul 09 18:50:02 UTC 2026","passed","Thu Jul 09 18:50:02 UTC 2026","","","",""
"Test cases for TestGetPlatformAggregateStats_Success","1","TestGetPlatformAggregateStats_Success","","Thu Jul 09 18:46:52 UTC 2026","passed","Thu Jul 09 18:46:52 UTC 2026","","Go Test","github.com/specterops/bloodhound/cmd/api/src/api/v2/TestGetPlatformAggregateStats_Success","TestGetPlatformAggregateStats_Success"
"","1658","renders correct search elements after keypresses","GraphView","Thu Jul 09 18:53:29 UTC 2026","passed","Thu Jul 09 18:53:31 UTC 2026","","","",""
"","131","renders object information for an OpenGraph object","Selected Details Tab Content","Thu Jul 09 18:51:10 UTC 2026","passed","Thu Jul 09 18:51:10 UTC 2026","","","",""
"","3","returns null if paramValue is +0","useEnvironmentParams","Thu Jul 09 18:52:58 UTC 2026","passed","Thu Jul 09 18:52:58 UTC 2026","","parseEnvironmentAggregation","",""
"Test cases for Test_TopLevel","1","Test_TopLevel","","Thu Jul 09 18:47:39 UTC 2026","passed","Thu Jul 09 18:47:39 UTC 2026","","Go Test","github.com/specterops/bloodhound/packages/go/schemagen/csgen/Test_TopLevel","Test_TopLevel"
"","160","should display","GenericErrorBoundaryFallback","Thu Jul 09 18:53:05 UTC 2026","passed","Thu Jul 09 18:53:05 UTC 2026","","","",""
"","22","throws when used outside of AnnouncementProvider","useAnnounce","Thu Jul 09 18:50:50 UTC 2026","passed","Thu Jul 09 18:50:50 UTC 2026","","","",""
"Test cases for TestParseSkipQueryParameter","1","TestParseSkipQueryParameter","","Thu Jul 09 18:46:52 UTC 2026","passed","Thu Jul 09 18:46:52 UTC 2026","","Go Test","github.com/specterops/bloodhound/cmd/api/src/api/v2/TestParseSkipQueryParameter","TestParseSkipQueryParameter"
"","500","renders a non-primary button as expected","DropdownSelector","Thu Jul 09 18:51:42 UTC 2026","passed","Thu Jul 09 18:51:42 UTC 2026","","","",""
"Test cases for TestMap","6","TestMap","","Thu Jul 09 18:47:23 UTC 2026","passed","Thu Jul 09 18:47:23 UTC 2026","","Go Test","github.com/specterops/bloodhound/packages/go/lab/internal/TestMap","TestMap"
"Test cases for TestResources_GetAssetGroupTagSelectors","0","TestResources_GetAssetGroupTagSelectors","","Thu Jul 09 18:46:52 UTC 2026","passed","Thu Jul 09 18:46:52 UTC 2026","","Go Test","github.com/specterops/bloodhound/cmd/api/src/api/v2/TestResources_GetAssetGroupTagSelectors","TestResources_GetAssetGroupTagSelectors"
"","379","sets a primarySearch=id and searchType=node when secondarySearch is falsey","ContextMenu","Thu Jul 09 18:53:44 UTC 2026","passed","Thu Jul 09 18:53:44 UTC 2026","","","",""
"","64","enables correctly returning the tag associated with Tier Zero (position value of 1) from the list of tags","the useAssetGroupTags utilities","Thu Jul 09 18:49:33 UTC 2026","passed","Thu Jul 09 18:49:33 UTC 2026","","","",""
"","500","toggles a source kind off from all selected nested graph data options","GraphDataCheckboxes","Thu Jul 09 18:49:01 UTC 2026","passed","Thu Jul 09 18:49:02 UTC 2026","","","",""
"Test cases for TestResources_GetPermissionsForSavedQuery","44","TestResources_GetPermissionsForSavedQuery","","Thu Jul 09 18:46:52 UTC 2026","passed","Thu Jul 09 18:46:52 UTC 2026","","Go Test","github.com/specterops/bloodhound/cmd/api/src/api/v2/TestResources_GetPermissionsForSavedQuery","TestResources_GetPermissionsForSavedQuery"
"Test cases for TestRequiredValidator","1","TestRequiredValidator","","Thu Jul 09 18:47:20 UTC 2026","passed","Thu Jul 09 18:47:20 UTC 2026","","Go Test","github.com/specterops/bloodhound/cmd/api/src/utils/validation/TestRequiredValidator","TestRequiredValidator"
"Test cases for TestManagementResource_CreateOIDCProvider","2","TestManagementResource_CreateOIDCProvider","","Thu Jul 09 18:47:39 UTC 2026","passed","Thu Jul 09 18:47:39 UTC 2026","","Go Test","github.com/specterops/bloodhound/cmd/api/src/api/v2/auth/TestManagementResource_CreateOIDCProvider","TestManagementResource_CreateOIDCProvider"
"","68","clears selected if same note is clicked again","NoteCell component","Thu Jul 09 18:51:40 UTC 2026","passed","Thu Jul 09 18:51:40 UTC 2026","","","",""
"","0","fails for password without special characters","testPassword","Thu Jul 09 18:52:57 UTC 2026","passed","Thu Jul 09 18:52:57 UTC 2026","","","",""
"Test cases for TestDefineSID","0","TestDefineSID","","Thu Jul 09 18:47:20 UTC 2026","passed","Thu Jul 09 18:47:20 UTC 2026","","Go Test","github.com/specterops/bloodhound/packages/go/analysis/ad/wellknown/TestDefineSID","TestDefineSID"
"Test cases for TestResources_ListAuditLogs_InvalidSkip","0","TestResources_ListAuditLogs_InvalidSkip","","Thu Jul 09 18:46:52 UTC 2026","passed","Thu Jul 09 18:46:52 UTC 2026","","Go Test","github.com/specterops/bloodhound/cmd/api/src/api/v2/TestResources_ListAuditLogs_InvalidSkip","TestResources_ListAuditLogs_InvalidSkip"
"","81","renders note header correctly","HistoryNotes Component","Thu Jul 09 18:52:41 UTC 2026","passed","Thu Jul 09 18:52:41 UTC 2026","","","",""
"Test cases for TestResources_GetNTAuthStoreEntityInfo","230","TestResources_GetNTAuthStoreEntityInfo","","Thu Jul 09 18:46:52 UTC 2026","passed","Thu Jul 09 18:46:52 UTC 2026","","Go Test","github.com/specterops/bloodhound/cmd/api/src/api/v2/TestResources_GetNTAuthStoreEntityInfo","TestResources_GetNTAuthStoreEntityInfo"
"","0","returns null if paramValue is ''","useEnvironmentParams","Thu Jul 09 18:52:58 UTC 2026","passed","Thu Jul 09 18:52:58 UTC 2026","","parseEnvironmentAggregation","",""
"","350","renders","ObjectsAccordion","Thu Jul 09 18:50:56 UTC 2026","passed","Thu Jul 09 18:50:57 UTC 2026","","","",""
"","393","opens nested sections and updates URL params correctly","EntityInfoDataTable","Thu Jul 09 18:49:21 UTC 2026","passed","Thu Jul 09 18:49:21 UTC 2026","","Node count for nested table that counts all sections","",""
"","13","should render a Field when the provided value is -0","Field","Thu Jul 09 18:52:22 UTC 2026","passed","Thu Jul 09 18:52:22 UTC 2026","","","",""
"","0","returns undefined when highlightedItem is null","SigmaChart Utils","Thu Jul 09 18:53:53 UTC 2026","passed","Thu Jul 09 18:53:53 UTC 2026","","getIsHighlightedItemInGraph","",""
"","1994","renders","Glyph Select Dialog","Thu Jul 09 18:52:31 UTC 2026","passed","Thu Jul 09 18:52:33 UTC 2026","","","",""
"","89","should display the ""Authentication"" header","UserProfile","Thu Jul 09 18:50:03 UTC 2026","passed","Thu Jul 09 18:50:03 UTC 2026","","","",""
"","13","when password is expired and on password reset page, no redirect occurs","AuthenticatedRoute","Thu Jul 09 18:53:50 UTC 2026","passed","Thu Jul 09 18:53:50 UTC 2026","","","",""
"","366","renders the Rule Tab content when Rule tab is chosen","Selected Details Tab Content","Thu Jul 09 18:51:09 UTC 2026","passed","Thu Jul 09 18:51:09 UTC 2026","","","",""
"Test cases for TestManagementResource_UpdateSAMLProviderRequest","24","TestManagementResource_UpdateSAMLProviderRequest","","Thu Jul 09 18:47:39 UTC 2026","passed","Thu Jul 09 18:47:39 UTC 2026","","Go Test","github.com/specterops/bloodhound/cmd/api/src/api/v2/auth/TestManagementResource_UpdateSAMLProviderRequest","TestManagementResource_UpdateSAMLProviderRequest"
"","386","should call ""onSave"" one time","Enable2FADialog","Thu Jul 09 18:51:39 UTC 2026","passed","Thu Jul 09 18:51:40 UTC 2026","user clicks ""Disable Multi-Factor Authentication"" button","user enters valid password","",""
"","97","skips undefined items gracefully","<DetailsAccordion />","Thu Jul 09 18:49:37 UTC 2026","passed","Thu Jul 09 18:49:37 UTC 2026","","","",""
"Test cases for TestGraphQuery_PrepareCypherQuery","60","TestGraphQuery_PrepareCypherQuery","","Thu Jul 09 18:47:00 UTC 2026","passed","Thu Jul 09 18:47:00 UTC 2026","","Go Test","github.com/specterops/bloodhound/cmd/api/src/queries/TestGraphQuery_PrepareCypherQuery","TestGraphQuery_PrepareCypherQuery"
"","71","populates the source and destination node fields when query params are passed","usePathfindingSearch","Thu Jul 09 18:50:24 UTC 2026","passed","Thu Jul 09 18:50:24 UTC 2026","","","",""
"","478","should render list of available SSO providers","LoginViaSSOForm","Thu Jul 09 18:51:23 UTC 2026","passed","Thu Jul 09 18:51:24 UTC 2026","","","",""
"Test cases for TestIsErrorResponse","0","TestIsErrorResponse","","Thu Jul 09 18:46:41 UTC 2026","passed","Thu Jul 09 18:46:41 UTC 2026","","Go Test","github.com/specterops/bloodhound/cmd/api/src/api/TestIsErrorResponse","TestIsErrorResponse"
"","0","returns null if paramValue is undefined","useEnvironmentParams","Thu Jul 09 18:52:58 UTC 2026","passed","Thu Jul 09 18:52:58 UTC 2026","","parseEnvironmentAggregation","",""
"Test cases for TestStorageFileService_WriteFile","5","TestStorageFileService_WriteFile","","Thu Jul 09 18:47:43 UTC 2026","passed","Thu Jul 09 18:47:43 UTC 2026","","Go Test","github.com/specterops/bloodhound/packages/go/storage/TestStorageFileService_WriteFile","TestStorageFileService_WriteFile"
"Test cases for TestAnalysisPipelineResultErrors","0","TestAnalysisPipelineResultErrors","","Thu Jul 09 18:47:20 UTC 2026","passed","Thu Jul 09 18:47:20 UTC 2026","","Go Test","github.com/specterops/bloodhound/packages/go/analysis/TestAnalysisPipelineResultErrors","TestAnalysisPipelineResultErrors"
"Test cases for TestFloatFromPtr","0","TestFloatFromPtr","","Thu Jul 09 18:46:57 UTC 2026","passed","Thu Jul 09 18:46:57 UTC 2026","","Go Test","github.com/specterops/bloodhound/cmd/api/src/database/types/null/TestFloatFromPtr","TestFloatFromPtr"
"","69","applies accent styling to headers when accent is true","<DetailsAccordion />","Thu Jul 09 18:49:37 UTC 2026","passed","Thu Jul 09 18:49:37 UTC 2026","","","",""
"Test cases for TestResources_ListADComputerRDPUsers","0","TestResources_ListADComputerRDPUsers","","Thu Jul 09 18:46:52 UTC 2026","passed","Thu Jul 09 18:46:52 UTC 2026","","Go Test","github.com/specterops/bloodhound/cmd/api/src/api/v2/TestResources_ListADComputerRDPUsers","TestResources_ListADComputerRDPUsers"
"Test cases for TestQueries_GetEntityResults","0","TestQueries_GetEntityResults","","Thu Jul 09 18:47:00 UTC 2026","passed","Thu Jul 09 18:47:00 UTC 2026","","Go Test","github.com/specterops/bloodhound/cmd/api/src/queries/TestQueries_GetEntityResults","TestQueries_GetEntityResults"
"","0","returns true if value is null","searchParams","Thu Jul 09 18:51:29 UTC 2026","passed","Thu Jul 09 18:51:29 UTC 2026","","isEmptyParam","",""
"","1141","sets input text on date click","ManagedDatePicker - date validation","Thu Jul 09 18:50:39 UTC 2026","passed","Thu Jul 09 18:50:40 UTC 2026","","","",""
"","317","renders a snackbar notification in the dom and tests autoHideDuration","AppNotifications","Thu Jul 09 18:51:46 UTC 2026","passed","Thu Jul 09 18:51:46 UTC 2026","","","",""
"Test cases for TestAssetGroupMembers_BuildFilteringConditional_Error","0","TestAssetGroupMembers_BuildFilteringConditional_Error","","Thu Jul 09 18:46:41 UTC 2026","passed","Thu Jul 09 18:46:41 UTC 2026","","Go Test","github.com/specterops/bloodhound/cmd/api/src/api/TestAssetGroupMembers_BuildFilteringConditional_Error","TestAssetGroupMembers_BuildFilteringConditional_Error"
"","37","should highlight main nav route when navigating to child route","Main Nav Route Highlighting","Thu Jul 09 18:50:09 UTC 2026","passed","Thu Jul 09 18:50:09 UTC 2026","","","",""
"","69","hides loading state when data is available","GraphDataCheckboxes","Thu Jul 09 18:48:57 UTC 2026","passed","Thu Jul 09 18:48:57 UTC 2026","","","",""
"","0","reports an API error when Cypher is not run first","handleError","Thu Jul 09 18:49:07 UTC 2026","passed","Thu Jul 09 18:49:07 UTC 2026","","","",""
"","337","sets the calendar date to match the valid","ManagedDatePicker - value","Thu Jul 09 18:50:42 UTC 2026","passed","Thu Jul 09 18:50:42 UTC 2026","","","",""
"Test cases for TestSetFontIcon","0","TestSetFontIcon","","Thu Jul 09 18:46:41 UTC 2026","passed","Thu Jul 09 18:46:41 UTC 2026","","Go Test","github.com/specterops/bloodhound/cmd/api/src/api/bloodhoundgraph/TestSetFontIcon","TestSetFontIcon"
"","1589","renders a table if the query has NO node edges","GraphView","Thu Jul 09 18:53:26 UTC 2026","passed","Thu Jul 09 18:53:28 UTC 2026","","","",""
"Test cases for TestParseKind","1","TestParseKind","","Thu Jul 09 18:47:21 UTC 2026","passed","Thu Jul 09 18:47:21 UTC 2026","","Go Test","github.com/specterops/bloodhound/packages/go/ein/TestParseKind","TestParseKind"
"Test cases for TestFeatureFlagManagerPoller","83","TestFeatureFlagManagerPoller","","Thu Jul 09 18:46:53 UTC 2026","passed","Thu Jul 09 18:46:53 UTC 2026","","Go Test","github.com/specterops/bloodhound/cmd/api/src/daemons/changelog/TestFeatureFlagManagerPoller","TestFeatureFlagManagerPoller"
"Test cases for TestGetAzureDataQualityStats_Success","1","TestGetAzureDataQualityStats_Success","","Thu Jul 09 18:46:52 UTC 2026","passed","Thu Jul 09 18:46:52 UTC 2026","","Go Test","github.com/specterops/bloodhound/cmd/api/src/api/v2/TestGetAzureDataQualityStats_Success","TestGetAzureDataQualityStats_Success"
"","462","closes confirmation dialog when cancel is clicked","ActiveExtensionsCard","Thu Jul 09 18:48:07 UTC 2026","passed","Thu Jul 09 18:48:07 UTC 2026","","","",""
"Test cases for Test_UseFixture","0","Test_UseFixture","","Thu Jul 09 18:47:22 UTC 2026","passed","Thu Jul 09 18:47:22 UTC 2026","","Go Test","github.com/specterops/bloodhound/packages/go/lab/Test_UseFixture","Test_UseFixture"
"","75","should on clicking collapse all remove expandedPanelSections param from url and set isObjectInfoPanelOpen in context to false","EntityInfoHeader","Thu Jul 09 18:51:20 UTC 2026","passed","Thu Jul 09 18:51:20 UTC 2026","","","",""
"","62","does not auto display the table for single node responses with no edges","GraphView","Thu Jul 09 18:53:31 UTC 2026","passed","Thu Jul 09 18:53:31 UTC 2026","","Layout selection and de-selection","",""
"","3","The data is loading","Getting the text for the disabled item display for a search when there are no results","Thu Jul 09 18:51:59 UTC 2026","passed","Thu Jul 09 18:51:59 UTC 2026","","Loading states","",""
"Test cases for TestInt64FromPtr","0","TestInt64FromPtr","","Thu Jul 09 18:46:57 UTC 2026","passed","Thu Jul 09 18:46:57 UTC 2026","","Go Test","github.com/specterops/bloodhound/cmd/api/src/database/types/null/TestInt64FromPtr","TestInt64FromPtr"
"","1","calculates skip correctly for pageParam > 1","createHistoryParams","Thu Jul 09 18:52:09 UTC 2026","passed","Thu Jul 09 18:52:09 UTC 2026","","","",""
"","3","returns undefined if graphData is undefined","normalizeGraphDataForSigma","Thu Jul 09 18:54:08 UTC 2026","passed","Thu Jul 09 18:54:08 UTC 2026","","","",""
"","10","sets autoDisplayTable to false if query type is pathfinding","useExploreTableAutoDisplay","Thu Jul 09 18:51:48 UTC 2026","passed","Thu Jul 09 18:51:48 UTC 2026","","","",""
"","123","highlights the selectedLayout when isExploreLayoutSelected is true","GraphControls","Thu Jul 09 18:48:06 UTC 2026","passed","Thu Jul 09 18:48:06 UTC 2026","","Selecting a layout","",""
"","473","displays default text for domain selector when globalDomain is null","GroupManagement","Thu Jul 09 18:53:53 UTC 2026","passed","Thu Jul 09 18:53:54 UTC 2026","","","",""
"","85","renders a list of pre-built searches","PrebuiltSearchList","Thu Jul 09 18:50:49 UTC 2026","passed","Thu Jul 09 18:50:49 UTC 2026","","","",""
"","3","uses sequentialLayout by default","Explore utils","Thu Jul 09 18:53:46 UTC 2026","passed","Thu Jul 09 18:53:46 UTC 2026","","initGraph","",""
"","18","renders note content when currentNote is present","HistoryNotes Component","Thu Jul 09 18:52:41 UTC 2026","passed","Thu Jul 09 18:52:41 UTC 2026","","","",""
"","0","returns false if value is +0","searchParams","Thu Jul 09 18:51:29 UTC 2026","passed","Thu Jul 09 18:51:29 UTC 2026","","isEmptyParam","",""
"Test cases for TestResources_ListADComputerAdmins","1","TestResources_ListADComputerAdmins","","Thu Jul 09 18:46:52 UTC 2026","passed","Thu Jul 09 18:46:52 UTC 2026","","Go Test","github.com/specterops/bloodhound/cmd/api/src/api/v2/TestResources_ListADComputerAdmins","TestResources_ListADComputerAdmins"
"Test cases for TestStorageFileService_ReadFile","7","TestStorageFileService_ReadFile","","Thu Jul 09 18:47:43 UTC 2026","passed","Thu Jul 09 18:47:43 UTC 2026","","Go Test","github.com/specterops/bloodhound/packages/go/storage/TestStorageFileService_ReadFile","TestStorageFileService_ReadFile"
"Test cases for Test_parseAuthorizationHeader","0","Test_parseAuthorizationHeader","","Thu Jul 09 18:46:44 UTC 2026","passed","Thu Jul 09 18:46:44 UTC 2026","","Go Test","github.com/specterops/bloodhound/cmd/api/src/api/middleware/Test_parseAuthorizationHeader","Test_parseAuthorizationHeader"
"","0","returns false if arrays have different length","areArraysSimilar","Thu Jul 09 18:52:35 UTC 2026","passed","Thu Jul 09 18:52:35 UTC 2026","","","",""
"","99","does not render the analysis toggle when multi tier analysis enabled is false","Tag Form","Thu Jul 09 18:47:40 UTC 2026","passed","Thu Jul 09 18:47:40 UTC 2026","","","",""
"Test cases for TestKeyEncoder_Key_Deterministic","0","TestKeyEncoder_Key_Deterministic","","Thu Jul 09 18:47:20 UTC 2026","passed","Thu Jul 09 18:47:20 UTC 2026","","Go Test","github.com/specterops/bloodhound/packages/go/analysis/post/TestKeyEncoder_Key_Deterministic","TestKeyEncoder_Key_Deterministic"
"","0","returns query config when searchType is composition and all required params are passed","useExploreGraph","Thu Jul 09 18:49:05 UTC 2026","passed","Thu Jul 09 18:49:05 UTC 2026","composition search queries","exploreGraphQueryFactory","",""
"Test cases for TestResources_PatchDomain","0","TestResources_PatchDomain","","Thu Jul 09 18:46:52 UTC 2026","passed","Thu Jul 09 18:46:52 UTC 2026","","Go Test","github.com/specterops/bloodhound/cmd/api/src/api/v2/TestResources_PatchDomain","TestResources_PatchDomain"
"Test cases for TestCORSMiddleware","0","TestCORSMiddleware","","Thu Jul 09 18:46:44 UTC 2026","passed","Thu Jul 09 18:46:44 UTC 2026","","Go Test","github.com/specterops/bloodhound/cmd/api/src/api/middleware/TestCORSMiddleware","TestCORSMiddleware"
"Test cases for TestPredefinedNodeNamePrefixes","1","TestPredefinedNodeNamePrefixes","","Thu Jul 09 18:47:20 UTC 2026","passed","Thu Jul 09 18:47:20 UTC 2026","","Go Test","github.com/specterops/bloodhound/packages/go/analysis/ad/wellknown/TestPredefinedNodeNamePrefixes","TestPredefinedNodeNamePrefixes"
"","1","should compute coordinates along a quadratic bezier curve for a given t value","bezier","Thu Jul 09 18:53:52 UTC 2026","passed","Thu Jul 09 18:53:52 UTC 2026","","","",""
"","269","Toggles node and edge labels on/off depending on their existing state","GraphControls","Thu Jul 09 18:48:05 UTC 2026","passed","Thu Jul 09 18:48:06 UTC 2026","","Toggling labels","",""
"","2","runs a node search when the query param is set to ""node""","useExploreGraph","Thu Jul 09 18:49:05 UTC 2026","passed","Thu Jul 09 18:49:05 UTC 2026","","exploreGraphQueryFactory","",""
"","50","sets input text to value","ManagedDatePicker - value","Thu Jul 09 18:50:42 UTC 2026","passed","Thu Jul 09 18:50:42 UTC 2026","","","",""
"Test cases for TestResources_EndIngestJob","82","TestResources_EndIngestJob","","Thu Jul 09 18:46:52 UTC 2026","passed","Thu Jul 09 18:46:52 UTC 2026","","Go Test","github.com/specterops/bloodhound/cmd/api/src/api/v2/TestResources_EndIngestJob","TestResources_EndIngestJob"
"","85","sets the document title using the default app name","PageWithTitle","Thu Jul 09 18:52:57 UTC 2026","passed","Thu Jul 09 18:52:57 UTC 2026","","","",""
"","3","stores an object value in localStorage","useLocalStorage","Thu Jul 09 18:50:10 UTC 2026","passed","Thu Jul 09 18:50:10 UTC 2026","","setValue","",""
"Test cases for TestWriteBasicResponse","0","TestWriteBasicResponse","","Thu Jul 09 18:46:41 UTC 2026","passed","Thu Jul 09 18:46:41 UTC 2026","","Go Test","github.com/specterops/bloodhound/cmd/api/src/api/TestWriteBasicResponse","TestWriteBasicResponse"
"","76","copys children value to clipboard after clicking the copy btn","CodeController","Thu Jul 09 18:52:40 UTC 2026","passed","Thu Jul 09 18:52:40 UTC 2026","","","",""
"","5","should recognize active directory properties","validating a node property against the shared generated schema","Thu Jul 09 18:49:44 UTC 2026","passed","Thu Jul 09 18:49:44 UTC 2026","","","",""
"","134","returns a nodes array","useEdgeInfoItems","Thu Jul 09 18:51:13 UTC 2026","passed","Thu Jul 09 18:51:13 UTC 2026","","","",""
"","62","renders the title passed via title prop","ColumnHeaders","Thu Jul 09 18:50:43 UTC 2026","passed","Thu Jul 09 18:50:43 UTC 2026","","SortableHeader","",""
"","18","shows items when the flag is enabled","useSubNavRoutes","Thu Jul 09 18:50:26 UTC 2026","passed","Thu Jul 09 18:50:26 UTC 2026","","featureFlag gate","",""
"Test cases for TestSelectGPOContainerCandidateFilter","0","TestSelectGPOContainerCandidateFilter","","Thu Jul 09 18:47:20 UTC 2026","passed","Thu Jul 09 18:47:20 UTC 2026","","Go Test","github.com/specterops/bloodhound/packages/go/analysis/ad/TestSelectGPOContainerCandidateFilter","TestSelectGPOContainerCandidateFilter"
"","39","selector members refetches on envrionment change","the useAssetGroupTags utilities","Thu Jul 09 18:49:33 UTC 2026","passed","Thu Jul 09 18:49:33 UTC 2026","","","",""
"","2308","should display search results when the user enters text","AssetGroupEdit","Thu Jul 09 18:51:14 UTC 2026","passed","Thu Jul 09 18:51:17 UTC 2026","","","",""
"Test cases for TestFlatMap","0","TestFlatMap","","Thu Jul 09 18:47:39 UTC 2026","passed","Thu Jul 09 18:47:39 UTC 2026","","Go Test","github.com/specterops/bloodhound/packages/go/slicesext/TestFlatMap","TestFlatMap"
"","281","should display a searchbox with a placeholder when rendered","AssetGroupEdit","Thu Jul 09 18:51:14 UTC 2026","passed","Thu Jul 09 18:51:14 UTC 2026","","","",""
"","0","Input does not contain a type","parseKeywordAndTypeValue","Thu Jul 09 18:52:46 UTC 2026","passed","Thu Jul 09 18:52:46 UTC 2026","","","",""
"","70","navigates to the specified route with global params intact","AppNavigate","Thu Jul 09 18:51:46 UTC 2026","passed","Thu Jul 09 18:51:46 UTC 2026","","","",""
"Test cases for TestManagementResource_UpdateOIDCProvider","1","TestManagementResource_UpdateOIDCProvider","","Thu Jul 09 18:47:39 UTC 2026","passed","Thu Jul 09 18:47:39 UTC 2026","","Go Test","github.com/specterops/bloodhound/cmd/api/src/api/v2/auth/TestManagementResource_UpdateOIDCProvider","TestManagementResource_UpdateOIDCProvider"
"","269","Displays a notification when an error happened when requesting analysis","AnalyzeNowConfiguration","Thu Jul 09 18:50:10 UTC 2026","passed","Thu Jul 09 18:50:10 UTC 2026","","","",""
"","228","calls onLayoutChange with the same layout when the currently selected option is clicked, enabling de-selection","GraphControls","Thu Jul 09 18:48:06 UTC 2026","passed","Thu Jul 09 18:48:06 UTC 2026","","Selecting a layout","",""
"Test cases for TestGenericMap","0","TestGenericMap","","Thu Jul 09 18:47:20 UTC 2026","passed","Thu Jul 09 18:47:20 UTC 2026","","Go Test","github.com/specterops/bloodhound/cmd/api/src/utils/TestGenericMap","TestGenericMap"
"Test cases for TestResources_ListExtensions","67","TestResources_ListExtensions","","Thu Jul 09 18:46:52 UTC 2026","passed","Thu Jul 09 18:46:52 UTC 2026","","Go Test","github.com/specterops/bloodhound/cmd/api/src/api/v2/TestResources_ListExtensions","TestResources_ListExtensions"
"","63","excludes API edges that are associated with one of our built-in schema types","useEdgeCategories","Thu Jul 09 18:49:56 UTC 2026","passed","Thu Jul 09 18:49:56 UTC 2026","","","",""
"Test cases for TestDisenrollMFA_Failure","0","TestDisenrollMFA_Failure","","Thu Jul 09 18:47:26 UTC 2026","passed","Thu Jul 09 18:47:26 UTC 2026","","Go Test","github.com/specterops/bloodhound/cmd/api/src/api/v2/auth/TestDisenrollMFA_Failure","TestDisenrollMFA_Failure"
"","420","on clicking switch shows modal and when clicking cancel closes it and switch stays disabled","CitrixRDPConfiguration","Thu Jul 09 18:49:55 UTC 2026","passed","Thu Jul 09 18:49:56 UTC 2026","","Click on switch to enable","",""
"","1107","calls the passed in cancel handler when clicking the Cancel button","Glyph Select Dialog","Thu Jul 09 18:52:33 UTC 2026","passed","Thu Jul 09 18:52:34 UTC 2026","","","",""
"Test cases for TestTimeScanValue","0","TestTimeScanValue","","Thu Jul 09 18:46:57 UTC 2026","passed","Thu Jul 09 18:46:57 UTC 2026","","Go Test","github.com/specterops/bloodhound/cmd/api/src/database/types/null/TestTimeScanValue","TestTimeScanValue"
"","0","falls back to the default Cypher message when ruleType is undefined and seeds are required","handleError","Thu Jul 09 18:49:07 UTC 2026","passed","Thu Jul 09 18:49:07 UTC 2026","","","",""
"","443","calls onToggleNodeLabels when click show all node labels","GraphControls","Thu Jul 09 18:48:03 UTC 2026","passed","Thu Jul 09 18:48:04 UTC 2026","","Toggling labels","",""
"","70","applies the given filters","useFinishedJobs","Thu Jul 09 18:50:20 UTC 2026","passed","Thu Jul 09 18:50:20 UTC 2026","","","",""
"","73","should display ""Password"" input","Enable2FADialog","Thu Jul 09 18:51:39 UTC 2026","passed","Thu Jul 09 18:51:39 UTC 2026","","","",""
"Test cases for TestResources_ListAuditLogs_InvalidColumn","0","TestResources_ListAuditLogs_InvalidColumn","","Thu Jul 09 18:46:52 UTC 2026","passed","Thu Jul 09 18:46:52 UTC 2026","","Go Test","github.com/specterops/bloodhound/cmd/api/src/api/v2/TestResources_ListAuditLogs_InvalidColumn","TestResources_ListAuditLogs_InvalidColumn"
"Test cases for TestQueries_BuildEntityQueryParams_InvalidLimit","0","TestQueries_BuildEntityQueryParams_InvalidLimit","","Thu Jul 09 18:47:00 UTC 2026","passed","Thu Jul 09 18:47:00 UTC 2026","","Go Test","github.com/specterops/bloodhound/cmd/api/src/queries/TestQueries_BuildEntityQueryParams_InvalidLimit","TestQueries_BuildEntityQueryParams_InvalidLimit"
"Test cases for TestWriteAndValidateJSON","6","TestWriteAndValidateJSON","","Thu Jul 09 18:47:07 UTC 2026","passed","Thu Jul 09 18:47:07 UTC 2026","","Go Test","github.com/specterops/bloodhound/cmd/api/src/services/upload/TestWriteAndValidateJSON","TestWriteAndValidateJSON"
"Test cases for TestUnmarshalInt64Overflow","0","TestUnmarshalInt64Overflow","","Thu Jul 09 18:46:57 UTC 2026","passed","Thu Jul 09 18:46:57 UTC 2026","","Go Test","github.com/specterops/bloodhound/cmd/api/src/database/types/null/TestUnmarshalInt64Overflow","TestUnmarshalInt64Overflow"
"","76","renders Empty when items is undefined and Empty is provided","<DetailsAccordion />","Thu Jul 09 18:49:36 UTC 2026","passed","Thu Jul 09 18:49:36 UTC 2026","","","",""
"Test cases for TestInvalidValueError","0","TestInvalidValueError","","Thu Jul 09 18:47:21 UTC 2026","passed","Thu Jul 09 18:47:21 UTC 2026","","Go Test","github.com/specterops/bloodhound/packages/go/cache/TestInvalidValueError","TestInvalidValueError"
"","64","Error handling for fetching edge information","EdgeObjectInformation","Thu Jul 09 18:51:02 UTC 2026","passed","Thu Jul 09 18:51:02 UTC 2026","","","",""
"Test cases for TestTimeFromPtr","0","TestTimeFromPtr","","Thu Jul 09 18:46:57 UTC 2026","passed","Thu Jul 09 18:46:57 UTC 2026","","Go Test","github.com/specterops/bloodhound/cmd/api/src/database/types/null/TestTimeFromPtr","TestTimeFromPtr"
"","1705","enables the user actions menu when the user is admin role","Users","Thu Jul 09 18:49:15 UTC 2026","passed","Thu Jul 09 18:49:17 UTC 2026","","","",""
"","0","fails for password without uppercase letters","testPassword","Thu Jul 09 18:52:57 UTC 2026","passed","Thu Jul 09 18:52:57 UTC 2026","","","",""
"","326","filters extensions based on search input","ActiveExtensionsCard","Thu Jul 09 18:48:06 UTC 2026","passed","Thu Jul 09 18:48:06 UTC 2026","","","",""
"","214","enables the create user button when the user is admin role","Users","Thu Jul 09 18:49:15 UTC 2026","passed","Thu Jul 09 18:49:15 UTC 2026","","","",""
"","477","should call performSearch on keyboard press alt+R","CypherSearch","Thu Jul 09 18:48:32 UTC 2026","passed","Thu Jul 09 18:48:33 UTC 2026","","","",""
"Test cases for TestManagementResource_SAMLCallbackHandler","18","TestManagementResource_SAMLCallbackHandler","","Thu Jul 09 18:47:39 UTC 2026","passed","Thu Jul 09 18:47:39 UTC 2026","","Go Test","github.com/specterops/bloodhound/cmd/api/src/api/v2/auth/TestManagementResource_SAMLCallbackHandler","TestManagementResource_SAMLCallbackHandler"
"","245","renders correctly with requiresCurrentPassword true","PasswordDialog","Thu Jul 09 18:48:19 UTC 2026","passed","Thu Jul 09 18:48:19 UTC 2026","","","",""
"","38","renders null if network fails to return valid asset group membership list","AssetGroupMenuItem","Thu Jul 09 18:53:26 UTC 2026","passed","Thu Jul 09 18:53:26 UTC 2026","","adding to an asset group","",""
"Test cases for TestParseSkipQueryParameter_BadFormat","0","TestParseSkipQueryParameter_BadFormat","","Thu Jul 09 18:46:52 UTC 2026","passed","Thu Jul 09 18:46:52 UTC 2026","","Go Test","github.com/specterops/bloodhound/cmd/api/src/api/v2/TestParseSkipQueryParameter_BadFormat","TestParseSkipQueryParameter_BadFormat"
"Test cases for TestGetADDataQualityStats_Failure","0","TestGetADDataQualityStats_Failure","","Thu Jul 09 18:46:52 UTC 2026","passed","Thu Jul 09 18:46:52 UTC 2026","","Go Test","github.com/specterops/bloodhound/cmd/api/src/api/v2/TestGetADDataQualityStats_Failure","TestGetADDataQualityStats_Failure"
"","408","displays an error when unable to fetch data","EarlyAccessFeatures","Thu Jul 09 18:53:53 UTC 2026","passed","Thu Jul 09 18:53:54 UTC 2026","","","",""
"","479","should accept passwords with standard special characters","CreateUserForm","Thu Jul 09 18:48:18 UTC 2026","passed","Thu Jul 09 18:48:18 UTC 2026","","","",""
"","66","renders a preview version by default","PrivilegeZonesCypherEditor Search component for Zone Management","Thu Jul 09 18:51:56 UTC 2026","passed","Thu Jul 09 18:51:56 UTC 2026","","","",""
"","422","Close button click causes the callback function to be called","ExploreTable","Thu Jul 09 18:47:41 UTC 2026","passed","Thu Jul 09 18:47:41 UTC 2026","","","",""
"Test cases for Test_getSearchableNodeKinds","0","Test_getSearchableNodeKinds","","Thu Jul 09 18:46:52 UTC 2026","passed","Thu Jul 09 18:46:52 UTC 2026","","Go Test","github.com/specterops/bloodhound/cmd/api/src/api/v2/Test_getSearchableNodeKinds","Test_getSearchableNodeKinds"
"Test cases for TestHandlers_ToggleFlag","4","TestHandlers_ToggleFlag","","Thu Jul 09 18:47:48 UTC 2026","passed","Thu Jul 09 18:47:48 UTC 2026","","Go Test","github.com/specterops/bloodhound/server/featureflags/internal/handlers/TestHandlers_ToggleFlag","TestHandlers_ToggleFlag"
"","209","should render","SSOProviderTable","Thu Jul 09 18:51:35 UTC 2026","passed","Thu Jul 09 18:51:35 UTC 2026","","","",""
"","27","should render when search string is not found in the text","HighlightedText","Thu Jul 09 18:52:12 UTC 2026","passed","Thu Jul 09 18:52:12 UTC 2026","","","",""
"","118","should should reflect the checked state for public query","SavedQueryPermissions","Thu Jul 09 18:51:19 UTC 2026","passed","Thu Jul 09 18:51:19 UTC 2026","","","",""
"","64","displays a status indicator","StatusIndicator","Thu Jul 09 18:52:49 UTC 2026","passed","Thu Jul 09 18:52:49 UTC 2026","","","",""
"","3629","Sort arrow is visible and direction is correct","ExploreTable","Thu Jul 09 18:47:55 UTC 2026","passed","Thu Jul 09 18:47:59 UTC 2026","","","",""
"","176","handles removing from a non-tier-zero asset group","AssetGroupMenuItem","Thu Jul 09 18:53:26 UTC 2026","passed","Thu Jul 09 18:53:26 UTC 2026","","removing from an asset group","",""
"","118","shows the direct object and expanded object list when results are present for both","Seed Selection Results","Thu Jul 09 18:49:32 UTC 2026","passed","Thu Jul 09 18:49:32 UTC 2026","","","",""
"","248","should handle close event","TagToZoneLabelDialog","Thu Jul 09 18:50:52 UTC 2026","passed","Thu Jul 09 18:50:52 UTC 2026","","","",""
"","65","returns true when nodes are available","useGraphHasData","Thu Jul 09 18:52:24 UTC 2026","passed","Thu Jul 09 18:52:24 UTC 2026","","","",""
"","226","displays error if delete button is clicked when no checkbox is selected","DatabaseManagement","Thu Jul 09 18:53:27 UTC 2026","passed","Thu Jul 09 18:53:27 UTC 2026","","","",""
"","15","will update the selected filters based on the values stored in query params when the initialize function is called","usePathfindingFilters","Thu Jul 09 18:52:21 UTC 2026","passed","Thu Jul 09 18:52:21 UTC 2026","","","",""
"","570","should accept passwords with unicode punctuation characters","CreateUserForm","Thu Jul 09 18:48:18 UTC 2026","passed","Thu Jul 09 18:48:19 UTC 2026","","","",""
"Test cases for TestHandlers_GetNodeByID","3","TestHandlers_GetNodeByID","","Thu Jul 09 18:47:49 UTC 2026","passed","Thu Jul 09 18:47:49 UTC 2026","","Go Test","github.com/specterops/bloodhound/server/graphdb/internal/handlers/TestHandlers_GetNodeByID","TestHandlers_GetNodeByID"
