"DESCRIPTION","DURATION IN MS","NAME","PARENT SUITE","START TIME","STATUS","STOP TIME","SUB SUITE","SUITE","TEST CLASS","TEST METHOD"
"","126","calls onClick when toggle button clicked","EarlyAccessFeatureToggle","Mon Apr 06 18:48:53 UTC 2026","passed","Mon Apr 06 18:48:53 UTC 2026","","","",""
"Test cases for TestNewAuditLog_BadAuthContext","0","TestNewAuditLog_BadAuthContext","","Mon Apr 06 18:42:04 UTC 2026","passed","Mon Apr 06 18:42:04 UTC 2026","","Go Test","github.com/specterops/bloodhound/cmd/api/src/database/TestNewAuditLog_BadAuthContext","TestNewAuditLog_BadAuthContext"
"","275","Displays a notification when analysis has been requested successfully","AnalyzeNowConfiguration","Mon Apr 06 18:44:50 UTC 2026","passed","Mon Apr 06 18:44:51 UTC 2026","","","",""
"","134","Searching for existing node type returns node properties","useFetchEntityInfo","Mon Apr 06 18:45:29 UTC 2026","passed","Mon Apr 06 18:45:29 UTC 2026","","","",""
"","0","should return an object denoting that the property is not in the schema when it is unrecognized","validating a node property against the shared generated schema","Mon Apr 06 18:44:19 UTC 2026","passed","Mon Apr 06 18:44:19 UTC 2026","","","",""
"","720","should display all available roles","CreateUserDialog","Mon Apr 06 18:43:40 UTC 2026","passed","Mon Apr 06 18:43:40 UTC 2026","","","",""
"","8529","filter selections are rolled back if user closes modal with the cancel button","EdgeFilter","Mon Apr 06 18:45:35 UTC 2026","passed","Mon Apr 06 18:45:43 UTC 2026","","","",""
"Test cases for TestWriteErrorResponse_InvalidFormat","0","TestWriteErrorResponse_InvalidFormat","","Mon Apr 06 18:41:52 UTC 2026","passed","Mon Apr 06 18:41:52 UTC 2026","","Go Test","github.com/specterops/bloodhound/cmd/api/src/api/TestWriteErrorResponse_InvalidFormat","TestWriteErrorResponse_InvalidFormat"
"","57","passes data to testing component","SavedQueriesProvider","Mon Apr 06 18:47:33 UTC 2026","passed","Mon Apr 06 18:47:33 UTC 2026","","","",""
"","1008","should hide Environmental Targeted Access Control panel when showEnvironmentAccessControls prop is true and power user role is selected","CreateUserForm","Mon Apr 06 18:43:51 UTC 2026","passed","Mon Apr 06 18:43:52 UTC 2026","","","",""
"","59","renders section when no errors occur","EntityInfoCollapsibleSection","Mon Apr 06 18:47:22 UTC 2026","passed","Mon Apr 06 18:47:22 UTC 2026","","","",""
"Test cases for TestResources_ListEdgeTypes","58","TestResources_ListEdgeTypes","","Mon Apr 06 18:42:02 UTC 2026","passed","Mon Apr 06 18:42:02 UTC 2026","","Go Test","github.com/specterops/bloodhound/cmd/api/src/api/v2/TestResources_ListEdgeTypes","TestResources_ListEdgeTypes"
"","225","calls setExploreParams with searchType and relationshipQueryItemId when selecting a composition accordion","EdgeInfoContent","Mon Apr 06 18:43:26 UTC 2026","passed","Mon Apr 06 18:43:26 UTC 2026","","EdgeInfoContent support for Deep Linking","",""
"","197","renders the form for creating a new label","Tag Form","Mon Apr 06 18:43:06 UTC 2026","passed","Mon Apr 06 18:43:06 UTC 2026","","","",""
"","14","adds new key to state","useObjectState","Mon Apr 06 18:47:06 UTC 2026","passed","Mon Apr 06 18:47:06 UTC 2026","","","",""
"","546","does not display must be new password error messages when current password is not required","PasswordDialog","Mon Apr 06 18:43:38 UTC 2026","passed","Mon Apr 06 18:43:38 UTC 2026","","","",""
"Test cases for TestAuth_CreateSSOSession","2","TestAuth_CreateSSOSession","","Mon Apr 06 18:42:03 UTC 2026","passed","Mon Apr 06 18:42:03 UTC 2026","","Go Test","github.com/specterops/bloodhound/cmd/api/src/api/v2/auth/TestAuth_CreateSSOSession","TestAuth_CreateSSOSession"
"Test cases for TestManagementResource_UpdateUser_Success","655","TestManagementResource_UpdateUser_Success","","Mon Apr 06 18:42:26 UTC 2026","passed","Mon Apr 06 18:42:27 UTC 2026","","Go Test","github.com/specterops/bloodhound/cmd/api/src/api/v2/auth/TestManagementResource_UpdateUser_Success","TestManagementResource_UpdateUser_Success"
"Test cases for TestOpenGraphSchemaService_DeleteExtension","3","TestOpenGraphSchemaService_DeleteExtension","","Mon Apr 06 18:42:09 UTC 2026","passed","Mon Apr 06 18:42:09 UTC 2026","","Go Test","github.com/specterops/bloodhound/cmd/api/src/services/opengraphschema/TestOpenGraphSchemaService_DeleteExtension","TestOpenGraphSchemaService_DeleteExtension"
"","250","calls the onReset prop when the crop button is clicked","GraphControls","Mon Apr 06 18:43:48 UTC 2026","passed","Mon Apr 06 18:43:48 UTC 2026","","Resetting graph","",""
"","1","handles null or empty madeBy","createHistoryParams","Mon Apr 06 18:46:54 UTC 2026","passed","Mon Apr 06 18:46:54 UTC 2026","","","",""
"","430","navigates to object details when clicking an object row","ObjectsAccordion","Mon Apr 06 18:45:53 UTC 2026","passed","Mon Apr 06 18:45:53 UTC 2026","","","",""
"Test cases for TestParseOptionalBool","0","TestParseOptionalBool","","Mon Apr 06 18:41:51 UTC 2026","passed","Mon Apr 06 18:41:51 UTC 2026","","Go Test","github.com/specterops/bloodhound/cmd/api/src/api/TestParseOptionalBool","TestParseOptionalBool"
"Test cases for TestResources_SearchAssetGroupTagHistory","81","TestResources_SearchAssetGroupTagHistory","","Mon Apr 06 18:42:02 UTC 2026","passed","Mon Apr 06 18:42:02 UTC 2026","","Go Test","github.com/specterops/bloodhound/cmd/api/src/api/v2/TestResources_SearchAssetGroupTagHistory","TestResources_SearchAssetGroupTagHistory"
"Test cases for Test_UseHooks","0","Test_UseHooks","","Mon Apr 06 18:42:19 UTC 2026","passed","Mon Apr 06 18:42:19 UTC 2026","","Go Test","github.com/specterops/bloodhound/packages/go/lab/Test_UseHooks","Test_UseHooks"
"Test cases for TestStringValueOrZero","0","TestStringValueOrZero","","Mon Apr 06 18:42:04 UTC 2026","passed","Mon Apr 06 18:42:04 UTC 2026","","Go Test","github.com/specterops/bloodhound/cmd/api/src/database/types/null/TestStringValueOrZero","TestStringValueOrZero"
"Test cases for TestDomainSelectors_GetFilterCriteria_Domain","0","TestDomainSelectors_GetFilterCriteria_Domain","","Mon Apr 06 18:42:05 UTC 2026","passed","Mon Apr 06 18:42:05 UTC 2026","","Go Test","github.com/specterops/bloodhound/cmd/api/src/model/TestDomainSelectors_GetFilterCriteria_Domain","TestDomainSelectors_GetFilterCriteria_Domain"
"","143","should display ""Disable Multi-Factor Authentication"" button","Enable2FADialog","Mon Apr 06 18:46:31 UTC 2026","passed","Mon Apr 06 18:46:31 UTC 2026","","","",""
"Test cases for TestResources_CreateAssetGroup","2","TestResources_CreateAssetGroup","","Mon Apr 06 18:42:02 UTC 2026","passed","Mon Apr 06 18:42:02 UTC 2026","","Go Test","github.com/specterops/bloodhound/cmd/api/src/api/v2/TestResources_CreateAssetGroup","TestResources_CreateAssetGroup"
"","94","when `selectedItem` is provided, the combobox displays the icon","icon rendering","Mon Apr 06 18:44:25 UTC 2026","passed","Mon Apr 06 18:44:25 UTC 2026","","","",""
"Test cases for TestResources_DeleteSavedQuery_RecordNotFound","0","TestResources_DeleteSavedQuery_RecordNotFound","","Mon Apr 06 18:42:02 UTC 2026","passed","Mon Apr 06 18:42:02 UTC 2026","","Go Test","github.com/specterops/bloodhound/cmd/api/src/api/v2/TestResources_DeleteSavedQuery_RecordNotFound","TestResources_DeleteSavedQuery_RecordNotFound"
"","52","renders GraphButton with correct text","GraphControls","Mon Apr 06 18:43:51 UTC 2026","passed","Mon Apr 06 18:43:51 UTC 2026","","Searching current results","",""
"","118","should should reflect the checked state for public query","SavedQueryPermissions","Mon Apr 06 18:46:13 UTC 2026","passed","Mon Apr 06 18:46:13 UTC 2026","","","",""
"","7","uses the default filename generator when exporting JSON","exportGraphData","Mon Apr 06 18:47:15 UTC 2026","passed","Mon Apr 06 18:47:15 UTC 2026","","","",""
"","15","does not render the tooltip icon when tooltipText prop is not passed","ColumnHeaders","Mon Apr 06 18:45:40 UTC 2026","passed","Mon Apr 06 18:45:40 UTC 2026","","SortableHeader with Tooltip","",""
"","226","sets a primarySearch=id and searchType=pathfinding when secondarySearch is truthy","ContextMenu","Mon Apr 06 18:48:31 UTC 2026","passed","Mon Apr 06 18:48:32 UTC 2026","","","",""
"Test cases for TestResources_StartIngestJob","55","TestResources_StartIngestJob","","Mon Apr 06 18:42:02 UTC 2026","passed","Mon Apr 06 18:42:02 UTC 2026","","Go Test","github.com/specterops/bloodhound/cmd/api/src/api/v2/TestResources_StartIngestJob","TestResources_StartIngestJob"
"","0","returns a function that does not update searchParams if a key is not found in the updatedParams","searchParams","Mon Apr 06 18:46:20 UTC 2026","passed","Mon Apr 06 18:46:20 UTC 2026","","setSingleParamFactory","",""
"","1217","Explore URL Accounts for irregular characters in cypher query","Rule Form","Mon Apr 06 18:43:31 UTC 2026","passed","Mon Apr 06 18:43:32 UTC 2026","","","",""
"Test cases for TestResources_UpdateSavedQuery_AdminPublicQuery_Success","0","TestResources_UpdateSavedQuery_AdminPublicQuery_Success","","Mon Apr 06 18:42:02 UTC 2026","passed","Mon Apr 06 18:42:02 UTC 2026","","Go Test","github.com/specterops/bloodhound/cmd/api/src/api/v2/TestResources_UpdateSavedQuery_AdminPublicQuery_Success","TestResources_UpdateSavedQuery_AdminPublicQuery_Success"
"Test cases for TestTimeFrom","0","TestTimeFrom","","Mon Apr 06 18:42:04 UTC 2026","passed","Mon Apr 06 18:42:04 UTC 2026","","Go Test","github.com/specterops/bloodhound/cmd/api/src/database/types/null/TestTimeFrom","TestTimeFrom"
"Test cases for TestDurationValidator","0","TestDurationValidator","","Mon Apr 06 18:42:14 UTC 2026","passed","Mon Apr 06 18:42:14 UTC 2026","","Go Test","github.com/specterops/bloodhound/cmd/api/src/utils/validation/TestDurationValidator","TestDurationValidator"
"","990","renders the node in the entity panel when member is clicked","GroupManagement","Mon Apr 06 18:48:43 UTC 2026","passed","Mon Apr 06 18:48:44 UTC 2026","","","",""
"","24","renders custom icon correctly","NodeIcon","Mon Apr 06 18:47:14 UTC 2026","passed","Mon Apr 06 18:47:14 UTC 2026","","","",""
"","103","should render a button with the passed in display text","GraphButton","Mon Apr 06 18:47:56 UTC 2026","passed","Mon Apr 06 18:47:56 UTC 2026","","","",""
"Test cases for Test_sortAndSliceResults_limit","0","Test_sortAndSliceResults_limit","","Mon Apr 06 18:42:07 UTC 2026","passed","Mon Apr 06 18:42:07 UTC 2026","","Go Test","github.com/specterops/bloodhound/cmd/api/src/queries/Test_sortAndSliceResults_limit","Test_sortAndSliceResults_limit"
"Test cases for TestTextUnmarshalInt64","0","TestTextUnmarshalInt64","","Mon Apr 06 18:42:04 UTC 2026","passed","Mon Apr 06 18:42:04 UTC 2026","","Go Test","github.com/specterops/bloodhound/cmd/api/src/database/types/null/TestTextUnmarshalInt64","TestTextUnmarshalInt64"
"","0","The node radius is adjusted for nodes that have their ""highlighted"" property set to true since the highlight adds some padding","getNodeRadius","Mon Apr 06 18:48:53 UTC 2026","passed","Mon Apr 06 18:48:53 UTC 2026","","","",""
"","263","Hides selector information if additionalSections is false","EntityInfoDataTableList","Mon Apr 06 18:45:50 UTC 2026","passed","Mon Apr 06 18:45:50 UTC 2026","","","",""
"Test cases for TestResources_GetFlags","0","TestResources_GetFlags","","Mon Apr 06 18:42:02 UTC 2026","passed","Mon Apr 06 18:42:02 UTC 2026","","Go Test","github.com/specterops/bloodhound/cmd/api/src/api/v2/TestResources_GetFlags","TestResources_GetFlags"
"","277","disables any available button toggles if the user lacks the permission","EarlyAccessFeatures","Mon Apr 06 18:48:44 UTC 2026","passed","Mon Apr 06 18:48:44 UTC 2026","","","",""
"Test cases for TestFloatInfNaN","0","TestFloatInfNaN","","Mon Apr 06 18:42:04 UTC 2026","passed","Mon Apr 06 18:42:04 UTC 2026","","Go Test","github.com/specterops/bloodhound/cmd/api/src/database/types/null/TestFloatInfNaN","TestFloatInfNaN"
"","834","app does not crash if ""token"" cookie exists and ""persistedState"" localstorage key does not exist","redux store","Mon Apr 06 18:48:57 UTC 2026","passed","Mon Apr 06 18:48:58 UTC 2026","","","",""
"Test cases for TestResources_ListPublishedTemplates","0","TestResources_ListPublishedTemplates","","Mon Apr 06 18:42:02 UTC 2026","passed","Mon Apr 06 18:42:02 UTC 2026","","Go Test","github.com/specterops/bloodhound/cmd/api/src/api/v2/TestResources_ListPublishedTemplates","TestResources_ListPublishedTemplates"
"Test cases for TestResources_UpdateAssetGroupTag","3","TestResources_UpdateAssetGroupTag","","Mon Apr 06 18:42:02 UTC 2026","passed","Mon Apr 06 18:42:02 UTC 2026","","Go Test","github.com/specterops/bloodhound/cmd/api/src/api/v2/TestResources_UpdateAssetGroupTag","TestResources_UpdateAssetGroupTag"
"Test cases for TestIntFrom","0","TestIntFrom","","Mon Apr 06 18:42:04 UTC 2026","passed","Mon Apr 06 18:42:04 UTC 2026","","Go Test","github.com/specterops/bloodhound/cmd/api/src/database/types/null/TestIntFrom","TestIntFrom"
"","114","buttons are disabled while loading","OneTimePasscodeForm","Mon Apr 06 18:47:02 UTC 2026","passed","Mon Apr 06 18:47:02 UTC 2026","","","",""
"","892","should display all available roles","UpdateUserDialog","Mon Apr 06 18:43:41 UTC 2026","passed","Mon Apr 06 18:43:42 UTC 2026","","","",""
"","774","switches Rule tab to active/selected when clicked","Selected Details Tabs","Mon Apr 06 18:45:08 UTC 2026","passed","Mon Apr 06 18:45:09 UTC 2026","","Selected Details Tabs - Click Interactions","",""
"","0","returns undefined if graphData is undefined or not a GraphResponse","getExploreTableData","Mon Apr 06 18:45:45 UTC 2026","passed","Mon Apr 06 18:45:45 UTC 2026","","","",""
"Test cases for TestFloatFrom","0","TestFloatFrom","","Mon Apr 06 18:42:04 UTC 2026","passed","Mon Apr 06 18:42:04 UTC 2026","","Go Test","github.com/specterops/bloodhound/cmd/api/src/database/types/null/TestFloatFrom","TestFloatFrom"
"","28","should display a badge when role based filtering is true and show filter banner is true","EntityInfoPanel","Mon Apr 06 18:46:56 UTC 2026","passed","Mon Apr 06 18:46:56 UTC 2026","","","",""
"Test cases for Test_filterAndFormatSearchResults_filterEnvironmentsEmpty","0","Test_filterAndFormatSearchResults_filterEnvironmentsEmpty","","Mon Apr 06 18:42:02 UTC 2026","passed","Mon Apr 06 18:42:02 UTC 2026","","Go Test","github.com/specterops/bloodhound/cmd/api/src/api/v2/Test_filterAndFormatSearchResults_filterEnvironmentsEmpty","Test_filterAndFormatSearchResults_filterEnvironmentsEmpty"
"","816","should render with a full list of multiple tenants and domains","Simple Environment Selector","Mon Apr 06 18:44:39 UTC 2026","passed","Mon Apr 06 18:44:40 UTC 2026","","","",""
"Test cases for TestQueries_BuildEntityQueryParams_DataTypeCount","0","TestQueries_BuildEntityQueryParams_DataTypeCount","","Mon Apr 06 18:42:07 UTC 2026","passed","Mon Apr 06 18:42:07 UTC 2026","","Go Test","github.com/specterops/bloodhound/cmd/api/src/queries/TestQueries_BuildEntityQueryParams_DataTypeCount","TestQueries_BuildEntityQueryParams_DataTypeCount"
"","23","should redirect to nested /file-ingest route if user navigates to an invalid route","Administration","Mon Apr 06 18:48:59 UTC 2026","passed","Mon Apr 06 18:48:59 UTC 2026","","","",""
"","9","should handle special characters","HighlightedText","Mon Apr 06 18:47:05 UTC 2026","passed","Mon Apr 06 18:47:05 UTC 2026","","","",""
"Test cases for Test_SetDependency","0","Test_SetDependency","","Mon Apr 06 18:42:19 UTC 2026","passed","Mon Apr 06 18:42:19 UTC 2026","","Go Test","github.com/specterops/bloodhound/packages/go/lab/Test_SetDependency","Test_SetDependency"
"Test cases for TestGetADDataQualityStats_Failure","0","TestGetADDataQualityStats_Failure","","Mon Apr 06 18:42:02 UTC 2026","passed","Mon Apr 06 18:42:02 UTC 2026","","Go Test","github.com/specterops/bloodhound/cmd/api/src/api/v2/TestGetADDataQualityStats_Failure","TestGetADDataQualityStats_Failure"
"","118","renders delete buttons for each extension","ActiveExtensionsCard","Mon Apr 06 18:43:26 UTC 2026","passed","Mon Apr 06 18:43:26 UTC 2026","","","",""
"Copyright 2021 The Go Authors. All rights reserved.TestConcat was ripped from go1.22 source and should be replaced with the stdlib implementation when we move to 1.22Original source: https:","0","TestConcat_too_large","","Mon Apr 06 18:42:20 UTC 2026","passed","Mon Apr 06 18:42:20 UTC 2026","","Go Test","github.com/specterops/bloodhound/packages/go/slicesext/TestConcat_too_large","TestConcat_too_large"
"Test cases for TestDetectBOMEncoding","1","TestDetectBOMEncoding","","Mon Apr 06 18:42:18 UTC 2026","passed","Mon Apr 06 18:42:18 UTC 2026","","Go Test","github.com/specterops/bloodhound/packages/go/bomenc/TestDetectBOMEncoding","TestDetectBOMEncoding"
"","1321","renders asset group edit options with graph write permissions","ContextMenu","Mon Apr 06 18:48:29 UTC 2026","passed","Mon Apr 06 18:48:31 UTC 2026","","","",""
"Test cases for TestMaybeSubmitRelationshipUpdate","1","TestMaybeSubmitRelationshipUpdate","","Mon Apr 06 18:42:08 UTC 2026","passed","Mon Apr 06 18:42:08 UTC 2026","","Go Test","github.com/specterops/bloodhound/cmd/api/src/services/graphify/TestMaybeSubmitRelationshipUpdate","TestMaybeSubmitRelationshipUpdate"
"","27","returns numbers as strings","numberFormatting","Mon Apr 06 18:45:43 UTC 2026","passed","Mon Apr 06 18:45:43 UTC 2026","","","",""
"","75","displays ! icon when one of the Affected Object calls fail","EntityInfoDataTableGraphed","Mon Apr 06 18:44:34 UTC 2026","passed","Mon Apr 06 18:44:34 UTC 2026","","Node count for nested table that counts all sections","",""
"","81","indicates that filters are active","AssetGroupEdit","Mon Apr 06 18:44:24 UTC 2026","passed","Mon Apr 06 18:44:24 UTC 2026","","","",""
"","429","should render","OneTimePasscodeForm","Mon Apr 06 18:47:01 UTC 2026","passed","Mon Apr 06 18:47:02 UTC 2026","","","",""
"","0","returns true if both arrays are empty","areArraysSimilar","Mon Apr 06 18:47:31 UTC 2026","passed","Mon Apr 06 18:47:31 UTC 2026","","","",""
"","66","returns when zone limit is reached","useTagLimits","Mon Apr 06 18:43:34 UTC 2026","passed","Mon Apr 06 18:43:34 UTC 2026","","","",""
"","600","calls onSave without current password when requireCurrentPassword is false","PasswordDialog","Mon Apr 06 18:43:39 UTC 2026","passed","Mon Apr 06 18:43:39 UTC 2026","","","",""
"Test cases for TestManagementResource_EnrollMFA","1828","TestManagementResource_EnrollMFA","","Mon Apr 06 18:42:29 UTC 2026","passed","Mon Apr 06 18:42:31 UTC 2026","","Go Test","github.com/specterops/bloodhound/cmd/api/src/api/v2/auth/TestManagementResource_EnrollMFA","TestManagementResource_EnrollMFA"
"","0","passes ruleType through optionalParams with empty object","handleError","Mon Apr 06 18:43:47 UTC 2026","passed","Mon Apr 06 18:43:47 UTC 2026","","","",""
"Test cases for TestResources_CreateSavedQuery","0","TestResources_CreateSavedQuery","","Mon Apr 06 18:42:02 UTC 2026","passed","Mon Apr 06 18:42:02 UTC 2026","","Go Test","github.com/specterops/bloodhound/cmd/api/src/api/v2/TestResources_CreateSavedQuery","TestResources_CreateSavedQuery"
"","0","returns disabled config when any required param is falsey","useExploreGraph","Mon Apr 06 18:43:43 UTC 2026","passed","Mon Apr 06 18:43:43 UTC 2026","relationship search queries","exploreGraphQueryFactory","",""
"Test cases for TestResources_UpdateSavedQuery_InvalidBody","0","TestResources_UpdateSavedQuery_InvalidBody","","Mon Apr 06 18:42:02 UTC 2026","passed","Mon Apr 06 18:42:02 UTC 2026","","Go Test","github.com/specterops/bloodhound/cmd/api/src/api/v2/TestResources_UpdateSavedQuery_InvalidBody","TestResources_UpdateSavedQuery_InvalidBody"
"Test that the digester handles empty property lists gracefully","0","TestCacheEntryDigester_EmptyMatchers","","Mon Apr 06 18:42:08 UTC 2026","passed","Mon Apr 06 18:42:08 UTC 2026","","Go Test","github.com/specterops/bloodhound/cmd/api/src/services/graphify/endpoint/TestCacheEntryDigester_EmptyMatchers","TestCacheEntryDigester_EmptyMatchers"
"Test cases for TestUnmarshalInt","0","TestUnmarshalInt","","Mon Apr 06 18:42:04 UTC 2026","passed","Mon Apr 06 18:42:04 UTC 2026","","Go Test","github.com/specterops/bloodhound/cmd/api/src/database/types/null/TestUnmarshalInt","TestUnmarshalInt"
"","62","shows an error notification if there is an error fetching","useFinishedJobs","Mon Apr 06 18:45:14 UTC 2026","passed","Mon Apr 06 18:45:14 UTC 2026","","","",""
"Test cases for TestContextMiddleware_InvalidWaitLessThanZero","0","TestContextMiddleware_InvalidWaitLessThanZero","","Mon Apr 06 18:41:53 UTC 2026","passed","Mon Apr 06 18:41:53 UTC 2026","","Go Test","github.com/specterops/bloodhound/cmd/api/src/api/middleware/TestContextMiddleware_InvalidWaitLessThanZero","TestContextMiddleware_InvalidWaitLessThanZero"
"Test cases for TestDeduplicateKinds","0","TestDeduplicateKinds","","Mon Apr 06 18:42:08 UTC 2026","passed","Mon Apr 06 18:42:08 UTC 2026","","Go Test","github.com/specterops/bloodhound/cmd/api/src/services/graphify/TestDeduplicateKinds","TestDeduplicateKinds"
"","657","should display Environmental Targeted Access Control panel when showEnvironmentAccessControls prop is true and read-only role is selected","UpdateUserForm","Mon Apr 06 18:43:15 UTC 2026","passed","Mon Apr 06 18:43:16 UTC 2026","","","",""
"Test cases for TestResources_UpdateSavedQuery_UpdateFailed","0","TestResources_UpdateSavedQuery_UpdateFailed","","Mon Apr 06 18:42:02 UTC 2026","passed","Mon Apr 06 18:42:02 UTC 2026","","Go Test","github.com/specterops/bloodhound/cmd/api/src/api/v2/TestResources_UpdateSavedQuery_UpdateFailed","TestResources_UpdateSavedQuery_UpdateFailed"
"TestOpenGraphSchemaService_UpsertGraphSchemaExtension -","3","TestOpenGraphSchemaService_UpsertGraphSchemaExtension","","Mon Apr 06 18:42:09 UTC 2026","passed","Mon Apr 06 18:42:09 UTC 2026","","Go Test","github.com/specterops/bloodhound/cmd/api/src/services/opengraphschema/TestOpenGraphSchemaService_UpsertGraphSchemaExtension","TestOpenGraphSchemaService_UpsertGraphSchemaExtension"
"Test cases for TestResources_ListADUserSQLAdminRights","2","TestResources_ListADUserSQLAdminRights","","Mon Apr 06 18:42:02 UTC 2026","passed","Mon Apr 06 18:42:02 UTC 2026","","Go Test","github.com/specterops/bloodhound/cmd/api/src/api/v2/TestResources_ListADUserSQLAdminRights","TestResources_ListADUserSQLAdminRights"
"","268","calls onChangePinnedColumns to unpin a column when its pin icon is clicked","ManageColumnsComboBox","Mon Apr 06 18:44:09 UTC 2026","passed","Mon Apr 06 18:44:09 UTC 2026","","","",""
"Test cases for TestIsValidClientVersion","0","TestIsValidClientVersion","","Mon Apr 06 18:42:13 UTC 2026","passed","Mon Apr 06 18:42:13 UTC 2026","","Go Test","github.com/specterops/bloodhound/cmd/api/src/utils/TestIsValidClientVersion","TestIsValidClientVersion"
"","166","renders the Cypher Rules Panel when clicking the Rule Tab","Selected Details Tab Content","Mon Apr 06 18:47:02 UTC 2026","passed","Mon Apr 06 18:47:03 UTC 2026","","","",""
"Test cases for TestNewAuditLog","2","TestNewAuditLog","","Mon Apr 06 18:42:04 UTC 2026","passed","Mon Apr 06 18:42:04 UTC 2026","","Go Test","github.com/specterops/bloodhound/cmd/api/src/database/TestNewAuditLog","TestNewAuditLog"
"","2","should compute normal vectors for line segments","bezier","Mon Apr 06 18:48:45 UTC 2026","passed","Mon Apr 06 18:48:45 UTC 2026","","","",""
"Test cases for TestTagScanner_NextTopLevelTag","0","TestTagScanner_NextTopLevelTag","","Mon Apr 06 18:42:10 UTC 2026","passed","Mon Apr 06 18:42:10 UTC 2026","","Go Test","github.com/specterops/bloodhound/cmd/api/src/services/upload/TestTagScanner_NextTopLevelTag","TestTagScanner_NextTopLevelTag"
"","366","on clicking switch shows modal and when clicking cancel closes it and switch stays disabled","CitrixRDPConfiguration","Mon Apr 06 18:44:30 UTC 2026","passed","Mon Apr 06 18:44:30 UTC 2026","","Click on switch to enable","",""
"","0","returns null if paramValue is null","useEnvironmentParams","Mon Apr 06 18:47:51 UTC 2026","passed","Mon Apr 06 18:47:51 UTC 2026","","parseEnvironmentAggregation","",""
"","4","handles ISO 8601 formatted date strings and converts it into our standard date display format","Formatting string properties","Mon Apr 06 18:44:19 UTC 2026","passed","Mon Apr 06 18:44:19 UTC 2026","","","",""
"","67","should display a message","CypherSearchMessage","Mon Apr 06 18:48:00 UTC 2026","passed","Mon Apr 06 18:48:00 UTC 2026","","","",""
"Test cases for TestResources_GetAssetGroupTags","1","TestResources_GetAssetGroupTags","","Mon Apr 06 18:42:02 UTC 2026","passed","Mon Apr 06 18:42:02 UTC 2026","","Go Test","github.com/specterops/bloodhound/cmd/api/src/api/v2/TestResources_GetAssetGroupTags","TestResources_GetAssetGroupTags"
"Test cases for TestCreateUser_Success","1460","TestCreateUser_Success","","Mon Apr 06 18:42:10 UTC 2026","passed","Mon Apr 06 18:42:11 UTC 2026","","Go Test","github.com/specterops/bloodhound/cmd/api/src/api/v2/auth/TestCreateUser_Success","TestCreateUser_Success"
"Test cases for TestWriteResponseWrapperWithPagination","0","TestWriteResponseWrapperWithPagination","","Mon Apr 06 18:41:52 UTC 2026","passed","Mon Apr 06 18:41:52 UTC 2026","","Go Test","github.com/specterops/bloodhound/cmd/api/src/api/TestWriteResponseWrapperWithPagination","TestWriteResponseWrapperWithPagination"
"Test cases for TestResources_ListADEntityControllers","0","TestResources_ListADEntityControllers","","Mon Apr 06 18:42:02 UTC 2026","passed","Mon Apr 06 18:42:02 UTC 2026","","Go Test","github.com/specterops/bloodhound/cmd/api/src/api/v2/TestResources_ListADEntityControllers","TestResources_ListADEntityControllers"
"","74","should not display api key management button","Api Keys","Mon Apr 06 18:44:39 UTC 2026","passed","Mon Apr 06 18:44:39 UTC 2026","","","",""
"Test cases for TestMarshalBool","0","TestMarshalBool","","Mon Apr 06 18:42:04 UTC 2026","passed","Mon Apr 06 18:42:04 UTC 2026","","Go Test","github.com/specterops/bloodhound/cmd/api/src/database/types/null/TestMarshalBool","TestMarshalBool"
"Test cases for TestInt64Equal","0","TestInt64Equal","","Mon Apr 06 18:42:04 UTC 2026","passed","Mon Apr 06 18:42:04 UTC 2026","","Go Test","github.com/specterops/bloodhound/cmd/api/src/database/types/null/TestInt64Equal","TestInt64Equal"
"Test cases for TestBoolPointer","0","TestBoolPointer","","Mon Apr 06 18:42:04 UTC 2026","passed","Mon Apr 06 18:42:04 UTC 2026","","Go Test","github.com/specterops/bloodhound/cmd/api/src/database/types/null/TestBoolPointer","TestBoolPointer"
"","270","calls onChange with initial default columns when ""Reset Default"" is clicked","ManageColumnsComboBox","Mon Apr 06 18:44:08 UTC 2026","passed","Mon Apr 06 18:44:08 UTC 2026","","","",""
"Test cases for TestGC_Start","1001","TestGC_Start","","Mon Apr 06 18:42:04 UTC 2026","passed","Mon Apr 06 18:42:05 UTC 2026","","Go Test","github.com/specterops/bloodhound/cmd/api/src/daemons/gc/TestGC_Start","TestGC_Start"
"","204","should fire ""onClose"" once","UserTokenManagementDialog","Mon Apr 06 18:44:09 UTC 2026","passed","Mon Apr 06 18:44:09 UTC 2026","","when user clicks ""Close"" button","",""
"Test cases for Test_CheckAccessToEnvironments","56","Test_CheckAccessToEnvironments","","Mon Apr 06 18:42:02 UTC 2026","passed","Mon Apr 06 18:42:02 UTC 2026","","Go Test","github.com/specterops/bloodhound/cmd/api/src/api/v2/Test_CheckAccessToEnvironments","Test_CheckAccessToEnvironments"
"Test cases for TestArgon2Digest_Validate","0","TestArgon2Digest_Validate","","Mon Apr 06 18:42:18 UTC 2026","passed","Mon Apr 06 18:42:18 UTC 2026","","Go Test","github.com/specterops/bloodhound/packages/go/crypto/TestArgon2Digest_Validate","TestArgon2Digest_Validate"
"","16","allows you to update the list of selected filters, only updating the url after calling the apply function","usePathfindingFilters","Mon Apr 06 18:47:17 UTC 2026","passed","Mon Apr 06 18:47:17 UTC 2026","","","",""
"","383","displays an autofocused text input","SearchCurrentNodes","Mon Apr 06 18:45:55 UTC 2026","passed","Mon Apr 06 18:45:55 UTC 2026","","","",""
"Test cases for TestJSONFloat_MarshalJSON_NaN","0","TestJSONFloat_MarshalJSON_NaN","","Mon Apr 06 18:42:04 UTC 2026","passed","Mon Apr 06 18:42:04 UTC 2026","","Go Test","github.com/specterops/bloodhound/cmd/api/src/database/types/nan/TestJSONFloat_MarshalJSON_NaN","TestJSONFloat_MarshalJSON_NaN"
"Test cases for TestDefaultRateLimitMiddleware","1","TestDefaultRateLimitMiddleware","","Mon Apr 06 18:41:53 UTC 2026","passed","Mon Apr 06 18:41:53 UTC 2026","","Go Test","github.com/specterops/bloodhound/cmd/api/src/api/middleware/TestDefaultRateLimitMiddleware","TestDefaultRateLimitMiddleware"
"Test cases for TestTimeFromPtr","0","TestTimeFromPtr","","Mon Apr 06 18:42:04 UTC 2026","passed","Mon Apr 06 18:42:04 UTC 2026","","Go Test","github.com/specterops/bloodhound/cmd/api/src/database/types/null/TestTimeFromPtr","TestTimeFromPtr"
"Test cases for TestResources_ListADGPOAffectedContainers","0","TestResources_ListADGPOAffectedContainers","","Mon Apr 06 18:42:02 UTC 2026","passed","Mon Apr 06 18:42:02 UTC 2026","","Go Test","github.com/specterops/bloodhound/cmd/api/src/api/v2/TestResources_ListADGPOAffectedContainers","TestResources_ListADGPOAffectedContainers"
"Test cases for TestManagementResource_SAMLLoginHandler","9","TestManagementResource_SAMLLoginHandler","","Mon Apr 06 18:42:37 UTC 2026","passed","Mon Apr 06 18:42:37 UTC 2026","","Go Test","github.com/specterops/bloodhound/cmd/api/src/api/v2/auth/TestManagementResource_SAMLLoginHandler","TestManagementResource_SAMLLoginHandler"
"Test cases for TestResources_ListADUserSessions","1","TestResources_ListADUserSessions","","Mon Apr 06 18:42:02 UTC 2026","passed","Mon Apr 06 18:42:02 UTC 2026","","Go Test","github.com/specterops/bloodhound/cmd/api/src/api/v2/TestResources_ListADUserSessions","TestResources_ListADUserSessions"
"","71","indicates that filters are inactive","AssetGroupEdit","Mon Apr 06 18:44:24 UTC 2026","passed","Mon Apr 06 18:44:24 UTC 2026","","","",""
"","207","renders Zone as first tab and is also the initially selected on first render in Zone View/Tab","Selected Details Tabs","Mon Apr 06 18:45:09 UTC 2026","passed","Mon Apr 06 18:45:09 UTC 2026","","Selected Details Tabs - Params present","",""
"","184","renders with a title","BloodHoundConfiguration","Mon Apr 06 18:49:06 UTC 2026","passed","Mon Apr 06 18:49:06 UTC 2026","","","",""
"Test cases for TestGenerateRandomBase64String","0","TestGenerateRandomBase64String","","Mon Apr 06 18:42:03 UTC 2026","passed","Mon Apr 06 18:42:03 UTC 2026","","Go Test","github.com/specterops/bloodhound/cmd/api/src/config/TestGenerateRandomBase64String","TestGenerateRandomBase64String"
"","1418","should disable save button while input is empty","SaveQueryDialog","Mon Apr 06 18:43:06 UTC 2026","passed","Mon Apr 06 18:43:07 UTC 2026","","","",""
"","20","the ID value reflects the URL when it is available","usePZQueryParams","Mon Apr 06 18:46:00 UTC 2026","passed","Mon Apr 06 18:46:00 UTC 2026","","","",""
"","803","displays validation error messages when password does not match confirmation","PasswordDialog","Mon Apr 06 18:43:36 UTC 2026","passed","Mon Apr 06 18:43:36 UTC 2026","","","",""
"Test cases for TestWriteResponseWrapperWithTimeWindowAndPagination","0","TestWriteResponseWrapperWithTimeWindowAndPagination","","Mon Apr 06 18:41:52 UTC 2026","passed","Mon Apr 06 18:41:52 UTC 2026","","Go Test","github.com/specterops/bloodhound/cmd/api/src/api/TestWriteResponseWrapperWithTimeWindowAndPagination","TestWriteResponseWrapperWithTimeWindowAndPagination"
"","270","handles creating a new zone","Tag Form","Mon Apr 06 18:43:08 UTC 2026","passed","Mon Apr 06 18:43:08 UTC 2026","","","",""
"","399","should display a ""Change Password"" modal","UserProfile","Mon Apr 06 18:44:38 UTC 2026","passed","Mon Apr 06 18:44:38 UTC 2026","","""Reset Password"" button is clicked","",""
"Test cases for TestMaybeSubmitNodeUpdate","1","TestMaybeSubmitNodeUpdate","","Mon Apr 06 18:42:08 UTC 2026","passed","Mon Apr 06 18:42:08 UTC 2026","","Go Test","github.com/specterops/bloodhound/cmd/api/src/services/graphify/TestMaybeSubmitNodeUpdate","TestMaybeSubmitNodeUpdate"
"Test cases for TestRoleAssignments_NodesWithRolesExclusive","0","TestRoleAssignments_NodesWithRolesExclusive","","Mon Apr 06 18:42:18 UTC 2026","passed","Mon Apr 06 18:42:18 UTC 2026","","Go Test","github.com/specterops/bloodhound/packages/go/analysis/azure/TestRoleAssignments_NodesWithRolesExclusive","TestRoleAssignments_NodesWithRolesExclusive"
"Test cases for TestConvertOUToNode_InheritanceHashes","0","TestConvertOUToNode_InheritanceHashes","","Mon Apr 06 18:42:18 UTC 2026","passed","Mon Apr 06 18:42:18 UTC 2026","","Go Test","github.com/specterops/bloodhound/packages/go/ein/TestConvertOUToNode_InheritanceHashes","TestConvertOUToNode_InheritanceHashes"
"","965","does not show a warning for using labels associated with tags in label forms (also shows correct View in Explore link)","Rule Form","Mon Apr 06 18:43:30 UTC 2026","passed","Mon Apr 06 18:43:31 UTC 2026","","","",""
"","111","passes check if the user has a required permission","usePermissions","Mon Apr 06 18:44:31 UTC 2026","passed","Mon Apr 06 18:44:32 UTC 2026","","","",""
"Test cases for TestResources_ListADOUContainedGroups","0","TestResources_ListADOUContainedGroups","","Mon Apr 06 18:42:02 UTC 2026","passed","Mon Apr 06 18:42:02 UTC 2026","","Go Test","github.com/specterops/bloodhound/cmd/api/src/api/v2/TestResources_ListADOUContainedGroups","TestResources_ListADOUContainedGroups"
"Test cases for TestManagementResource_ListRoles_InvalidColumn","0","TestManagementResource_ListRoles_InvalidColumn","","Mon Apr 06 18:42:08 UTC 2026","passed","Mon Apr 06 18:42:08 UTC 2026","","Go Test","github.com/specterops/bloodhound/cmd/api/src/api/v2/auth/TestManagementResource_ListRoles_InvalidColumn","TestManagementResource_ListRoles_InvalidColumn"
"","1","handles environment with impactValue at exact threshold boundaries","filterAndSearchEnvironments","Mon Apr 06 18:43:20 UTC 2026","passed","Mon Apr 06 18:43:20 UTC 2026","","edge cases","",""
"","882","clicking checkbox will remove error if present","DatabaseManagement","Mon Apr 06 18:48:31 UTC 2026","passed","Mon Apr 06 18:48:32 UTC 2026","","","",""
"","133","fires onSelect prop when a result is clicked","SearchCurrentNodes","Mon Apr 06 18:45:56 UTC 2026","passed","Mon Apr 06 18:45:56 UTC 2026","","","",""
"","218","shows a table with finished jobs","FileIngestTable","Mon Apr 06 18:45:22 UTC 2026","passed","Mon Apr 06 18:45:22 UTC 2026","","","",""
"","226","onCancel is called when cancel is clicked","Enable2FADialog","Mon Apr 06 18:45:41 UTC 2026","passed","Mon Apr 06 18:45:42 UTC 2026","","","",""
"","5","does not add optional filters if not present","createHistoryParams","Mon Apr 06 18:46:54 UTC 2026","passed","Mon Apr 06 18:46:54 UTC 2026","","","",""
"Test cases for TestClearCache_HA","0","TestClearCache_HA","","Mon Apr 06 18:42:04 UTC 2026","passed","Mon Apr 06 18:42:04 UTC 2026","","Go Test","github.com/specterops/bloodhound/cmd/api/src/daemons/changelog/TestClearCache_HA","TestClearCache_HA"
"","247","should not call onSubmit when input is invalid and Submit button is clicked","UpsertSAMLProviderForm","Mon Apr 06 18:46:39 UTC 2026","passed","Mon Apr 06 18:46:40 UTC 2026","","","",""
"","0","uppercases boolean values","Formatting boolean properties","Mon Apr 06 18:44:19 UTC 2026","passed","Mon Apr 06 18:44:19 UTC 2026","","","",""
"","0","uses the correct entity name in the Object ID message","getErrorMessage","Mon Apr 06 18:43:47 UTC 2026","passed","Mon Apr 06 18:43:47 UTC 2026","","","",""
"","394","renders an empty message for the entity panel before a node is selected","GroupManagement","Mon Apr 06 18:48:43 UTC 2026","passed","Mon Apr 06 18:48:43 UTC 2026","","","",""
"","11","should not render if open === false","ConfirmUpdateQueryDialog","Mon Apr 06 18:47:29 UTC 2026","passed","Mon Apr 06 18:47:29 UTC 2026","","","",""
"","418","calls openSAMLProviderDialog when SAML Provider menu item is clicked","CreateMenu","Mon Apr 06 18:44:27 UTC 2026","passed","Mon Apr 06 18:44:28 UTC 2026","","oidc_support feature flag enabled","",""
"Test cases for TestDefineNodeName","1","TestDefineNodeName","","Mon Apr 06 18:42:18 UTC 2026","passed","Mon Apr 06 18:42:18 UTC 2026","","Go Test","github.com/specterops/bloodhound/packages/go/analysis/ad/wellknown/TestDefineNodeName","TestDefineNodeName"
"","0","fails for password without special characters","testPassword","Mon Apr 06 18:47:53 UTC 2026","passed","Mon Apr 06 18:47:53 UTC 2026","","","",""
"","4","shows the collection methods for the given job","toCollected","Mon Apr 06 18:47:27 UTC 2026","passed","Mon Apr 06 18:47:27 UTC 2026","","","",""
"","339","should render","Rule Object Select","Mon Apr 06 18:46:26 UTC 2026","passed","Mon Apr 06 18:46:26 UTC 2026","","","",""
"","2","removes the key when null is passed to the setter","useLocalStorage","Mon Apr 06 18:44:48 UTC 2026","passed","Mon Apr 06 18:44:48 UTC 2026","","setValue","",""
"","523","changes the text from ""Disabled"" to ""Enabled"" when the Rule Status switch is toggled","Rule Form","Mon Apr 06 18:43:24 UTC 2026","passed","Mon Apr 06 18:43:25 UTC 2026","","","",""
"Test cases for TestGetPlatformAggregateStats_Success","3","TestGetPlatformAggregateStats_Success","","Mon Apr 06 18:42:02 UTC 2026","passed","Mon Apr 06 18:42:02 UTC 2026","","Go Test","github.com/specterops/bloodhound/cmd/api/src/api/v2/TestGetPlatformAggregateStats_Success","TestGetPlatformAggregateStats_Success"
"","243","handles chevron click event","CommonSearches","Mon Apr 06 18:44:15 UTC 2026","passed","Mon Apr 06 18:44:15 UTC 2026","","","",""
"","0","filters by low risk level","filterAndSearchEnvironments","Mon Apr 06 18:43:20 UTC 2026","passed","Mon Apr 06 18:43:20 UTC 2026","","risk filters","",""
"","3","The data is loading","Getting the text for the disabled item display for a search when there are no results","Mon Apr 06 18:46:15 UTC 2026","passed","Mon Apr 06 18:46:15 UTC 2026","","Loading states","",""
"","10","applies animation class to the title","ProcessingIndicator","Mon Apr 06 18:47:54 UTC 2026","passed","Mon Apr 06 18:47:54 UTC 2026","","","",""
"Test cases for TestResources_SearchHandler_ETAC","2","TestResources_SearchHandler_ETAC","","Mon Apr 06 18:42:02 UTC 2026","passed","Mon Apr 06 18:42:02 UTC 2026","","Go Test","github.com/specterops/bloodhound/cmd/api/src/api/v2/TestResources_SearchHandler_ETAC","TestResources_SearchHandler_ETAC"
"","60","has a button with text Clear Filters","AssetGroupEdit","Mon Apr 06 18:44:25 UTC 2026","passed","Mon Apr 06 18:44:25 UTC 2026","","Clear Filters button","",""
"Test cases for TestResources_GetAssetGroupTagMemberInfo","1","TestResources_GetAssetGroupTagMemberInfo","","Mon Apr 06 18:42:02 UTC 2026","passed","Mon Apr 06 18:42:02 UTC 2026","","Go Test","github.com/specterops/bloodhound/cmd/api/src/api/v2/TestResources_GetAssetGroupTagMemberInfo","TestResources_GetAssetGroupTagMemberInfo"
"Test cases for Test_NewSpec","0","Test_NewSpec","","Mon Apr 06 18:42:19 UTC 2026","passed","Mon Apr 06 18:42:19 UTC 2026","","Go Test","github.com/specterops/bloodhound/packages/go/lab/Test_NewSpec","Test_NewSpec"
"Test cases for TestSetValuesFromEnv","0","TestSetValuesFromEnv","","Mon Apr 06 18:42:03 UTC 2026","passed","Mon Apr 06 18:42:03 UTC 2026","","Go Test","github.com/specterops/bloodhound/cmd/api/src/config/TestSetValuesFromEnv","TestSetValuesFromEnv"
"","525","shows success notification after successful deletion","ActiveExtensionsCard","Mon Apr 06 18:43:30 UTC 2026","passed","Mon Apr 06 18:43:30 UTC 2026","","","",""
"Test cases for TestTextUnmarshalString","0","TestTextUnmarshalString","","Mon Apr 06 18:42:04 UTC 2026","passed","Mon Apr 06 18:42:04 UTC 2026","","Go Test","github.com/specterops/bloodhound/cmd/api/src/database/types/null/TestTextUnmarshalString","TestTextUnmarshalString"
"Test cases for TestResources_GetCollectorManifest","1","TestResources_GetCollectorManifest","","Mon Apr 06 18:42:02 UTC 2026","passed","Mon Apr 06 18:42:02 UTC 2026","","Go Test","github.com/specterops/bloodhound/cmd/api/src/api/v2/TestResources_GetCollectorManifest","TestResources_GetCollectorManifest"
"","307","sets secondarySearch=id and searchType=node when primarySearch is falsey","ContextMenu","Mon Apr 06 18:44:02 UTC 2026","passed","Mon Apr 06 18:44:03 UTC 2026","","","",""
"","969","should render","CypherSearch","Mon Apr 06 18:45:25 UTC 2026","passed","Mon Apr 06 18:45:26 UTC 2026","","","",""
"","536","should call onSubmit with initiation_url of selected SSO provider","LoginViaSSOForm","Mon Apr 06 18:46:18 UTC 2026","passed","Mon Apr 06 18:46:19 UTC 2026","","","",""
"","217","renders the component with all info and switch off","CitrixRDPConfiguration","Mon Apr 06 18:44:30 UTC 2026","passed","Mon Apr 06 18:44:30 UTC 2026","","Initial render","",""
"Test cases for TestResources_ListADDomainForeignUsers","1","TestResources_ListADDomainForeignUsers","","Mon Apr 06 18:42:02 UTC 2026","passed","Mon Apr 06 18:42:02 UTC 2026","","Go Test","github.com/specterops/bloodhound/cmd/api/src/api/v2/TestResources_ListADDomainForeignUsers","TestResources_ListADDomainForeignUsers"
"","586","should display Environmental Targeted Access Control panel when showEnvironmentAccessControls prop is true and user role is selected","UpdateUserForm","Mon Apr 06 18:43:16 UTC 2026","passed","Mon Apr 06 18:43:16 UTC 2026","","","",""
"Test cases for TestKeyEncoder_Key_Deterministic","0","TestKeyEncoder_Key_Deterministic","","Mon Apr 06 18:42:18 UTC 2026","passed","Mon Apr 06 18:42:18 UTC 2026","","Go Test","github.com/specterops/bloodhound/packages/go/analysis/delta/TestKeyEncoder_Key_Deterministic","TestKeyEncoder_Key_Deterministic"
"","68","returns a list of the users current permissions","usePermissions","Mon Apr 06 18:44:32 UTC 2026","passed","Mon Apr 06 18:44:32 UTC 2026","","","",""
"Test cases for Test_ParseSortParameters","1","Test_ParseSortParameters","","Mon Apr 06 18:41:52 UTC 2026","passed","Mon Apr 06 18:41:52 UTC 2026","","Go Test","github.com/specterops/bloodhound/cmd/api/src/api/Test_ParseSortParameters","Test_ParseSortParameters"
"","338","should call ""onSave"" one time","Enable2FADialog","Mon Apr 06 18:46:31 UTC 2026","passed","Mon Apr 06 18:46:31 UTC 2026","user clicks ""Disable Multi-Factor Authentication"" button","user enters valid password","",""
"","642","sets exploreSearchTab param to cypher when the user clicks the `cypher` tab","ExploreSearch sets searchType on tab changing","Mon Apr 06 18:48:24 UTC 2026","passed","Mon Apr 06 18:48:24 UTC 2026","","","",""
"","180","clicking an enabled header toggles content (single mode)","<DetailsAccordion />","Mon Apr 06 18:44:06 UTC 2026","passed","Mon Apr 06 18:44:07 UTC 2026","","","",""
"","129","invokes handleFilterChange with eq:true when clicked and custom_member filter is off","AssetGroupEdit","Mon Apr 06 18:44:25 UTC 2026","passed","Mon Apr 06 18:44:25 UTC 2026","","Custom Member checkbox filter","",""
"Test cases for TestDisenrollMFA_Admin_SuccessNoPasswordSSO","661","TestDisenrollMFA_Admin_SuccessNoPasswordSSO","","Mon Apr 06 18:42:33 UTC 2026","passed","Mon Apr 06 18:42:34 UTC 2026","","Go Test","github.com/specterops/bloodhound/cmd/api/src/api/v2/auth/TestDisenrollMFA_Admin_SuccessNoPasswordSSO","TestDisenrollMFA_Admin_SuccessNoPasswordSSO"
"Test cases for Test_SetApplicationConfiguration","0","Test_SetApplicationConfiguration","","Mon Apr 06 18:42:02 UTC 2026","passed","Mon Apr 06 18:42:02 UTC 2026","","Go Test","github.com/specterops/bloodhound/cmd/api/src/api/v2/Test_SetApplicationConfiguration","Test_SetApplicationConfiguration"
"","232","handles adding to non-tier-zero asset group","AssetGroupMenuItem","Mon Apr 06 18:48:22 UTC 2026","passed","Mon Apr 06 18:48:22 UTC 2026","","adding to an asset group","",""
"","0","fails for password without digits","testPassword","Mon Apr 06 18:47:53 UTC 2026","passed","Mon Apr 06 18:47:53 UTC 2026","","","",""
"Test cases for TestBuildErrorResponseDefault","0","TestBuildErrorResponseDefault","","Mon Apr 06 18:41:52 UTC 2026","passed","Mon Apr 06 18:41:52 UTC 2026","","Go Test","github.com/specterops/bloodhound/cmd/api/src/api/TestBuildErrorResponseDefault","TestBuildErrorResponseDefault"
"","151","should display a ""Reset Password"" button","UserProfile","Mon Apr 06 18:44:38 UTC 2026","passed","Mon Apr 06 18:44:38 UTC 2026","","","",""
"","627","renders the Platforms dropdown and handles click event","QuerySearchFilter","Mon Apr 06 18:45:56 UTC 2026","passed","Mon Apr 06 18:45:57 UTC 2026","","","",""
"Test cases for TestResources_GetAZRelatedEntities","71","TestResources_GetAZRelatedEntities","","Mon Apr 06 18:42:02 UTC 2026","passed","Mon Apr 06 18:42:02 UTC 2026","","Go Test","github.com/specterops/bloodhound/cmd/api/src/api/v2/TestResources_GetAZRelatedEntities","TestResources_GetAZRelatedEntities"
"","34","selector members refetches on envrionment change","the useAssetGroupTags utilities","Mon Apr 06 18:44:02 UTC 2026","passed","Mon Apr 06 18:44:02 UTC 2026","","","",""
"Test cases for TestManagementResource_DeleteUser_GetUserError","0","TestManagementResource_DeleteUser_GetUserError","","Mon Apr 06 18:42:25 UTC 2026","passed","Mon Apr 06 18:42:25 UTC 2026","","Go Test","github.com/specterops/bloodhound/cmd/api/src/api/v2/auth/TestManagementResource_DeleteUser_GetUserError","TestManagementResource_DeleteUser_GetUserError"
"","504","should close the dialog when the Cancel button is clicked","Privilege Zones History Filter Dialog","Mon Apr 06 18:45:18 UTC 2026","passed","Mon Apr 06 18:45:19 UTC 2026","","","",""
"","313","sets a secondary=id and searchType=pathfinding when primary is truthy","ContextMenu","Mon Apr 06 18:48:32 UTC 2026","passed","Mon Apr 06 18:48:32 UTC 2026","","","",""
"","274","displays loading state","SourceKindsCheckboxes","Mon Apr 06 18:45:08 UTC 2026","passed","Mon Apr 06 18:45:08 UTC 2026","","","",""
"Test cases for TestResources_DeleteSavedQuery_IDMalformed","2","TestResources_DeleteSavedQuery_IDMalformed","","Mon Apr 06 18:42:02 UTC 2026","passed","Mon Apr 06 18:42:02 UTC 2026","","Go Test","github.com/specterops/bloodhound/cmd/api/src/api/v2/TestResources_DeleteSavedQuery_IDMalformed","TestResources_DeleteSavedQuery_IDMalformed"
"Test cases for Test_ValidateGraph","15","Test_ValidateGraph","","Mon Apr 06 18:42:10 UTC 2026","passed","Mon Apr 06 18:42:10 UTC 2026","","Go Test","github.com/specterops/bloodhound/cmd/api/src/services/upload/Test_ValidateGraph","Test_ValidateGraph"
"","139","renders count for a selected zone if prop is set","DynamicDetails","Mon Apr 06 18:44:45 UTC 2026","passed","Mon Apr 06 18:44:45 UTC 2026","","","",""
"","194","allows a user to upload a single file and displays its name in the dialog","SchemaUploadDialog","Mon Apr 06 18:44:21 UTC 2026","passed","Mon Apr 06 18:44:21 UTC 2026","","","",""
"Test cases for TestDatabase_GetAssetGroupTag","1","TestDatabase_GetAssetGroupTag","","Mon Apr 06 18:42:02 UTC 2026","passed","Mon Apr 06 18:42:02 UTC 2026","","Go Test","github.com/specterops/bloodhound/cmd/api/src/api/v2/TestDatabase_GetAssetGroupTag","TestDatabase_GetAssetGroupTag"
"","6","does not render when selector data is not defined","Delete Selector Button rendering","Mon Apr 06 18:47:32 UTC 2026","passed","Mon Apr 06 18:47:32 UTC 2026","","","",""
"","114","returns a nodes array","useEdgeInfoItems","Mon Apr 06 18:46:06 UTC 2026","passed","Mon Apr 06 18:46:06 UTC 2026","","","",""
"Test cases for TestContextMiddleware","3","TestContextMiddleware","","Mon Apr 06 18:41:53 UTC 2026","passed","Mon Apr 06 18:41:53 UTC 2026","","Go Test","github.com/specterops/bloodhound/cmd/api/src/api/middleware/TestContextMiddleware","TestContextMiddleware"
"","304","filters extensions based on search input","ActiveExtensionsCard","Mon Apr 06 18:43:26 UTC 2026","passed","Mon Apr 06 18:43:26 UTC 2026","","","",""
"","9","returns when label limit is reached","useTagLimits","Mon Apr 06 18:43:34 UTC 2026","passed","Mon Apr 06 18:43:34 UTC 2026","","","",""
"Test cases for TestResources_GetPermissionsForSavedQuery","29","TestResources_GetPermissionsForSavedQuery","","Mon Apr 06 18:42:02 UTC 2026","passed","Mon Apr 06 18:42:02 UTC 2026","","Go Test","github.com/specterops/bloodhound/cmd/api/src/api/v2/TestResources_GetPermissionsForSavedQuery","TestResources_GetPermissionsForSavedQuery"
"Test cases for TestAddOrderByToNeo4jQuery_WithOrderByClause","0","TestAddOrderByToNeo4jQuery_WithOrderByClause","","Mon Apr 06 18:42:02 UTC 2026","passed","Mon Apr 06 18:42:02 UTC 2026","","Go Test","github.com/specterops/bloodhound/cmd/api/src/api/v2/TestAddOrderByToNeo4jQuery_WithOrderByClause","TestAddOrderByToNeo4jQuery_WithOrderByClause"
"Test cases for TestSavedQueries_IsString","0","TestSavedQueries_IsString","","Mon Apr 06 18:42:05 UTC 2026","passed","Mon Apr 06 18:42:05 UTC 2026","","Go Test","github.com/specterops/bloodhound/cmd/api/src/model/TestSavedQueries_IsString","TestSavedQueries_IsString"
"","106","button displays ""Enabled"" when flag is enabled","EarlyAccessFeatureToggle","Mon Apr 06 18:48:53 UTC 2026","passed","Mon Apr 06 18:48:53 UTC 2026","","","",""
"","1","filters by collected=false when ""no"" filter is active","filterAndSearchEnvironments","Mon Apr 06 18:43:20 UTC 2026","passed","Mon Apr 06 18:43:20 UTC 2026","","collected filters","",""
"Test cases for TestManagementResource_ListUsers","0","TestManagementResource_ListUsers","","Mon Apr 06 18:42:08 UTC 2026","passed","Mon Apr 06 18:42:08 UTC 2026","","Go Test","github.com/specterops/bloodhound/cmd/api/src/api/v2/auth/TestManagementResource_ListUsers","TestManagementResource_ListUsers"
"Test cases for TestManagementResource_SSOCallbackHandler","4","TestManagementResource_SSOCallbackHandler","","Mon Apr 06 18:42:37 UTC 2026","passed","Mon Apr 06 18:42:37 UTC 2026","","Go Test","github.com/specterops/bloodhound/cmd/api/src/api/v2/auth/TestManagementResource_SSOCallbackHandler","TestManagementResource_SSOCallbackHandler"
"Test cases for TestStringEqual","0","TestStringEqual","","Mon Apr 06 18:42:04 UTC 2026","passed","Mon Apr 06 18:42:04 UTC 2026","","Go Test","github.com/specterops/bloodhound/cmd/api/src/database/types/null/TestStringEqual","TestStringEqual"
"","0","should handle the well formed entities","Evaluating the entity display name from a given entity","Mon Apr 06 18:44:19 UTC 2026","passed","Mon Apr 06 18:44:19 UTC 2026","","","",""
"","2","reads and parses an existing value from localStorage","useLocalStorage","Mon Apr 06 18:44:48 UTC 2026","passed","Mon Apr 06 18:44:48 UTC 2026","","initial value","",""
"Test cases for TestManagementResource_ListSAMLSignOnEndpoints","13","TestManagementResource_ListSAMLSignOnEndpoints","","Mon Apr 06 18:42:37 UTC 2026","passed","Mon Apr 06 18:42:37 UTC 2026","","Go Test","github.com/specterops/bloodhound/cmd/api/src/api/v2/auth/TestManagementResource_ListSAMLSignOnEndpoints","TestManagementResource_ListSAMLSignOnEndpoints"
"Test cases for TestParseGPOData","3","TestParseGPOData","","Mon Apr 06 18:42:18 UTC 2026","passed","Mon Apr 06 18:42:18 UTC 2026","","Go Test","github.com/specterops/bloodhound/packages/go/ein/TestParseGPOData","TestParseGPOData"
"","62","should render a label and version number when expanded","MainNav","Mon Apr 06 18:44:46 UTC 2026","passed","Mon Apr 06 18:44:46 UTC 2026","","","",""
"","312","should render the pathfinding search controls when searchType is pathfinding","ExploreSearch rendering per tab","Mon Apr 06 18:48:22 UTC 2026","passed","Mon Apr 06 18:48:22 UTC 2026","","","",""
"","52","renders note header correctly","HistoryNotes Component","Mon Apr 06 18:47:36 UTC 2026","passed","Mon Apr 06 18:47:36 UTC 2026","","","",""
"","20","should display hidden label for hidden edge","EdgeInfoHeader","Mon Apr 06 18:46:31 UTC 2026","passed","Mon Apr 06 18:46:31 UTC 2026","","","",""
"","1","takes updatedParams and current URLSearchParams and returns a function","searchParams","Mon Apr 06 18:46:20 UTC 2026","passed","Mon Apr 06 18:46:20 UTC 2026","","setSingleParamFactory","",""
"Test cases for TestCacheEntryDigester_DigestEndpoint_MatchByName","0","TestCacheEntryDigester_DigestEndpoint_MatchByName","","Mon Apr 06 18:42:08 UTC 2026","passed","Mon Apr 06 18:42:08 UTC 2026","","Go Test","github.com/specterops/bloodhound/cmd/api/src/services/graphify/endpoint/TestCacheEntryDigester_DigestEndpoint_MatchByName","TestCacheEntryDigester_DigestEndpoint_MatchByName"
"Test cases for TestSignRequestValuesSuccess","0","TestSignRequestValuesSuccess","","Mon Apr 06 18:41:51 UTC 2026","passed","Mon Apr 06 18:41:51 UTC 2026","","Go Test","github.com/specterops/bloodhound/cmd/api/src/api/TestSignRequestValuesSuccess","TestSignRequestValuesSuccess"
"","0","should return true when tag partially matches term","OperationsFilterPlugin","Mon Apr 06 18:47:57 UTC 2026","passed","Mon Apr 06 18:47:57 UTC 2026","","","",""
"Test cases for TestStringFrom","0","TestStringFrom","","Mon Apr 06 18:42:04 UTC 2026","passed","Mon Apr 06 18:42:04 UTC 2026","","Go Test","github.com/specterops/bloodhound/cmd/api/src/database/types/null/TestStringFrom","TestStringFrom"
"","123","should render all of the options as checkboxes","Checkbox group","Mon Apr 06 18:47:36 UTC 2026","passed","Mon Apr 06 18:47:36 UTC 2026","","","",""
"","92","should have a .z-nav class","MainNav","Mon Apr 06 18:44:46 UTC 2026","passed","Mon Apr 06 18:44:46 UTC 2026","","","",""
"","218","should call the onClick function when clicked","GraphButton","Mon Apr 06 18:47:56 UTC 2026","passed","Mon Apr 06 18:47:56 UTC 2026","","","",""
"","734","should render an update user form","UpdateUserDialog","Mon Apr 06 18:43:39 UTC 2026","passed","Mon Apr 06 18:43:40 UTC 2026","","","",""
"","2545","should close the edge filtering dialog when user clicks cancel button","EdgeFilter","Mon Apr 06 18:45:30 UTC 2026","passed","Mon Apr 06 18:45:33 UTC 2026","","","",""
"Test cases for TestDomainSelectors_GetValidFilterPredicatesAsStrings","0","TestDomainSelectors_GetValidFilterPredicatesAsStrings","","Mon Apr 06 18:42:05 UTC 2026","passed","Mon Apr 06 18:42:05 UTC 2026","","Go Test","github.com/specterops/bloodhound/cmd/api/src/model/TestDomainSelectors_GetValidFilterPredicatesAsStrings","TestDomainSelectors_GetValidFilterPredicatesAsStrings"
"","137","renders details for a selected zone","DynamicDetails","Mon Apr 06 18:44:45 UTC 2026","passed","Mon Apr 06 18:44:45 UTC 2026","","","",""
"","1","runs a pathfinding search when the query param is set to ""pathfinding""","useExploreGraph","Mon Apr 06 18:43:43 UTC 2026","passed","Mon Apr 06 18:43:43 UTC 2026","","exploreGraphQueryFactory","",""
"","18","sets autoDisplayTable to false if query type is relationship","useExploreTableAutoDisplay","Mon Apr 06 18:46:48 UTC 2026","passed","Mon Apr 06 18:46:48 UTC 2026","","","",""
"Test cases for TestTimeIsZero","0","TestTimeIsZero","","Mon Apr 06 18:42:04 UTC 2026","passed","Mon Apr 06 18:42:04 UTC 2026","","Go Test","github.com/specterops/bloodhound/cmd/api/src/database/types/null/TestTimeIsZero","TestTimeIsZero"
"","567","should render an SavedQueryPermissions component","SavedQueryPermissions","Mon Apr 06 18:46:12 UTC 2026","passed","Mon Apr 06 18:46:13 UTC 2026","","","",""
"","19","sets autoDisplayTable to false if query type is pathfinding","useExploreTableAutoDisplay","Mon Apr 06 18:46:48 UTC 2026","passed","Mon Apr 06 18:46:48 UTC 2026","","","",""
"","300","renders an error message without throwing a TypeError","EntityInfoCollapsibleSection","Mon Apr 06 18:47:22 UTC 2026","passed","Mon Apr 06 18:47:22 UTC 2026","","","",""
"","641","calls delete mutation when confirm button is clicked with correct input","ActiveExtensionsCard","Mon Apr 06 18:43:29 UTC 2026","passed","Mon Apr 06 18:43:30 UTC 2026","","","",""
"","14200","checking a category updates all children and grandchildren","Pathfinding","Mon Apr 06 18:44:41 UTC 2026","passed","Mon Apr 06 18:44:55 UTC 2026","","","",""
"Test cases for TestManagementResource_ServeSigningCertificate","10","TestManagementResource_ServeSigningCertificate","","Mon Apr 06 18:42:37 UTC 2026","passed","Mon Apr 06 18:42:37 UTC 2026","","Go Test","github.com/specterops/bloodhound/cmd/api/src/api/v2/auth/TestManagementResource_ServeSigningCertificate","TestManagementResource_ServeSigningCertificate"
"Test cases for TestGetLatestQueryParameter","1","TestGetLatestQueryParameter","","Mon Apr 06 18:42:02 UTC 2026","passed","Mon Apr 06 18:42:02 UTC 2026","","Go Test","github.com/specterops/bloodhound/cmd/api/src/api/v2/TestGetLatestQueryParameter","TestGetLatestQueryParameter"
"","63","passes checks if the user has multiple required permissions","usePermissions","Mon Apr 06 18:44:32 UTC 2026","passed","Mon Apr 06 18:44:32 UTC 2026","","","",""
"Test cases for TestNormalizeToUTF8_LargeInput","0","TestNormalizeToUTF8_LargeInput","","Mon Apr 06 18:42:18 UTC 2026","passed","Mon Apr 06 18:42:18 UTC 2026","","Go Test","github.com/specterops/bloodhound/packages/go/bomenc/TestNormalizeToUTF8_LargeInput","TestNormalizeToUTF8_LargeInput"
"","0","filters by user-provided platform","filterAndSearchEnvironments","Mon Apr 06 18:43:20 UTC 2026","passed","Mon Apr 06 18:43:20 UTC 2026","","platform filters","",""
"Test cases for TestService","0","TestService","","Mon Apr 06 18:42:08 UTC 2026","passed","Mon Apr 06 18:42:08 UTC 2026","","Go Test","github.com/specterops/bloodhound/cmd/api/src/services/dogtags/TestService","TestService"
"Test cases for TestManagementResource_ListPermissions_PredicateMismatchWithColumn","0","TestManagementResource_ListPermissions_PredicateMismatchWithColumn","","Mon Apr 06 18:42:08 UTC 2026","passed","Mon Apr 06 18:42:08 UTC 2026","","Go Test","github.com/specterops/bloodhound/cmd/api/src/api/v2/auth/TestManagementResource_ListPermissions_PredicateMismatchWithColumn","TestManagementResource_ListPermissions_PredicateMismatchWithColumn"
"Test cases for TestCache_GuardedSet","0","TestCache_GuardedSet","","Mon Apr 06 18:42:18 UTC 2026","passed","Mon Apr 06 18:42:18 UTC 2026","","Go Test","github.com/specterops/bloodhound/packages/go/cache/TestCache_GuardedSet","TestCache_GuardedSet"
"Test cases for TestSet","0","TestSet","","Mon Apr 06 18:42:19 UTC 2026","passed","Mon Apr 06 18:42:19 UTC 2026","","Go Test","github.com/specterops/bloodhound/packages/go/lab/internal/TestSet","TestSet"
"Test cases for Test_cacheQueryResult","0","Test_cacheQueryResult","","Mon Apr 06 18:42:07 UTC 2026","passed","Mon Apr 06 18:42:07 UTC 2026","","Go Test","github.com/specterops/bloodhound/cmd/api/src/queries/Test_cacheQueryResult","Test_cacheQueryResult"
"","1","filters by moderate risk level","filterAndSearchEnvironments","Mon Apr 06 18:43:20 UTC 2026","passed","Mon Apr 06 18:43:20 UTC 2026","","risk filters","",""
"","0","returns empty array when environments is undefined","filterAndSearchEnvironments","Mon Apr 06 18:43:20 UTC 2026","passed","Mon Apr 06 18:43:20 UTC 2026","","with empty environments","",""
"","127","requests finished jobs","useFinishedJobs","Mon Apr 06 18:45:14 UTC 2026","passed","Mon Apr 06 18:45:14 UTC 2026","","","",""
"Test cases for Test_filterAndFormatSearchResults","0","Test_filterAndFormatSearchResults","","Mon Apr 06 18:42:02 UTC 2026","passed","Mon Apr 06 18:42:02 UTC 2026","","Go Test","github.com/specterops/bloodhound/cmd/api/src/api/v2/Test_filterAndFormatSearchResults","Test_filterAndFormatSearchResults"
"","8","displays a pulsing indicator","StatusIndicator","Mon Apr 06 18:47:44 UTC 2026","passed","Mon Apr 06 18:47:44 UTC 2026","","","",""
"","0","takes setSearchParams and availableParams returns a function","searchParams","Mon Apr 06 18:46:20 UTC 2026","passed","Mon Apr 06 18:46:20 UTC 2026","","setParamsFactory","",""
"","505","clear validation error on input","ManagedDatePicker - date validation","Mon Apr 06 18:45:36 UTC 2026","passed","Mon Apr 06 18:45:36 UTC 2026","","","",""
"Test cases for TestGetMFAActivationStatus_Failure","0","TestGetMFAActivationStatus_Failure","","Mon Apr 06 18:42:36 UTC 2026","passed","Mon Apr 06 18:42:36 UTC 2026","","Go Test","github.com/specterops/bloodhound/cmd/api/src/api/v2/auth/TestGetMFAActivationStatus_Failure","TestGetMFAActivationStatus_Failure"
"","281","calls onToggleEdgeLabels when click show all edge labels","GraphControls","Mon Apr 06 18:43:48 UTC 2026","passed","Mon Apr 06 18:43:49 UTC 2026","","Toggling labels","",""
"Test cases for TestParseGroupMiscData","2","TestParseGroupMiscData","","Mon Apr 06 18:42:18 UTC 2026","passed","Mon Apr 06 18:42:18 UTC 2026","","Go Test","github.com/specterops/bloodhound/packages/go/ein/TestParseGroupMiscData","TestParseGroupMiscData"
"","572","should display Environmental Targeted Access Control panel when showEnvironmentAccessControls prop is true and user role is selected","CreateUserForm","Mon Apr 06 18:43:50 UTC 2026","passed","Mon Apr 06 18:43:51 UTC 2026","","","",""
"","0","fails for password without lowercase letters","testPassword","Mon Apr 06 18:47:53 UTC 2026","passed","Mon Apr 06 18:47:53 UTC 2026","","","",""
"","677","should not allow the input to exceed the allowed length","CreateUserForm","Mon Apr 06 18:43:48 UTC 2026","passed","Mon Apr 06 18:43:49 UTC 2026","","","",""
"","370","renders no asset group edit options without graph write permissions","ContextMenu","Mon Apr 06 18:44:01 UTC 2026","passed","Mon Apr 06 18:44:02 UTC 2026","","","",""
"","575","when an `inputValue` is provided it eventually displays a list of search results","ExploreSearchCombobox","Mon Apr 06 18:44:24 UTC 2026","passed","Mon Apr 06 18:44:24 UTC 2026","","","",""
"Copyright 2021 The Go Authors. All rights reserved.TestConcat was ripped from go1.22 source and should be replaced with the stdlib implementation when we move to 1.22Original source: https:","0","TestConcat","","Mon Apr 06 18:42:20 UTC 2026","passed","Mon Apr 06 18:42:20 UTC 2026","","Go Test","github.com/specterops/bloodhound/packages/go/slicesext/TestConcat","TestConcat"
"","1","adds email filter if madeBy contains ""@""","createHistoryParams","Mon Apr 06 18:46:54 UTC 2026","passed","Mon Apr 06 18:46:54 UTC 2026","","","",""
"","1","should return the edge parts from the key","getEdgeDataFromKey","Mon Apr 06 18:49:00 UTC 2026","passed","Mon Apr 06 18:49:00 UTC 2026","","","",""
"","129","should display the ""My Profile"" title","UserProfile","Mon Apr 06 18:44:37 UTC 2026","passed","Mon Apr 06 18:44:37 UTC 2026","","","",""
"","754","should render","ExploreTable","Mon Apr 06 18:42:59 UTC 2026","passed","Mon Apr 06 18:43:00 UTC 2026","","","",""
"","2","stores an array value in localStorage","useLocalStorage","Mon Apr 06 18:44:48 UTC 2026","passed","Mon Apr 06 18:44:48 UTC 2026","","setValue","",""
"","844","should hide Environmental Targeted Access Control panel when showEnvironmentAccessControls prop is true and admin role is selected","UpdateUserForm","Mon Apr 06 18:43:17 UTC 2026","passed","Mon Apr 06 18:43:18 UTC 2026","","","",""
"","1412","a cypher search 404 does not render the GraphViewErrorAlert","GraphView","Mon Apr 06 18:48:40 UTC 2026","passed","Mon Apr 06 18:48:41 UTC 2026","","","",""
"","288","prevents a user from proceeding if the file is not valid","ImportQueryDialog","Mon Apr 06 18:47:45 UTC 2026","passed","Mon Apr 06 18:47:46 UTC 2026","","","",""
"Test cases for TestResources_ListADDomainContainedOUs","0","TestResources_ListADDomainContainedOUs","","Mon Apr 06 18:42:02 UTC 2026","passed","Mon Apr 06 18:42:02 UTC 2026","","Go Test","github.com/specterops/bloodhound/cmd/api/src/api/v2/TestResources_ListADDomainContainedOUs","TestResources_ListADDomainContainedOUs"
"","588","renders the form for creating a new rule","Rule Form","Mon Apr 06 18:43:23 UTC 2026","passed","Mon Apr 06 18:43:23 UTC 2026","","","",""
"","1","`undefined` input is provided","Parsing the debounced input for type and keyword values","Mon Apr 06 18:46:15 UTC 2026","passed","Mon Apr 06 18:46:15 UTC 2026","","","",""
"Test cases for TestIntScan","0","TestIntScan","","Mon Apr 06 18:42:04 UTC 2026","passed","Mon Apr 06 18:42:04 UTC 2026","","Go Test","github.com/specterops/bloodhound/cmd/api/src/database/types/null/TestIntScan","TestIntScan"
"Test cases for Test_ParseGraphSortParameters_InvalidSortColumn","0","Test_ParseGraphSortParameters_InvalidSortColumn","","Mon Apr 06 18:41:52 UTC 2026","passed","Mon Apr 06 18:41:52 UTC 2026","","Go Test","github.com/specterops/bloodhound/cmd/api/src/api/Test_ParseGraphSortParameters_InvalidSortColumn","Test_ParseGraphSortParameters_InvalidSortColumn"
"","3530","The password reset dialog is opened when switching a user from SAML based authentication to username/password based authentication","Users","Mon Apr 06 18:44:53 UTC 2026","passed","Mon Apr 06 18:44:57 UTC 2026","","","",""
"","319","renders with applied filters","Privilege Zones History Filter Dialog","Mon Apr 06 18:45:17 UTC 2026","passed","Mon Apr 06 18:45:18 UTC 2026","","","",""
"","174","calls onCancel when cancel button clicked","EarlyAccessFeaturesWarningDialog","Mon Apr 06 18:49:04 UTC 2026","passed","Mon Apr 06 18:49:04 UTC 2026","","","",""
"Test cases for TestResources_UpdateAssetGroupTagSelector","1","TestResources_UpdateAssetGroupTagSelector","","Mon Apr 06 18:42:02 UTC 2026","passed","Mon Apr 06 18:42:02 UTC 2026","","Go Test","github.com/specterops/bloodhound/cmd/api/src/api/v2/TestResources_UpdateAssetGroupTagSelector","TestResources_UpdateAssetGroupTagSelector"
"Test cases for TestManagementResource_ServeMetadata","8","TestManagementResource_ServeMetadata","","Mon Apr 06 18:42:37 UTC 2026","passed","Mon Apr 06 18:42:37 UTC 2026","","Go Test","github.com/specterops/bloodhound/cmd/api/src/api/v2/auth/TestManagementResource_ServeMetadata","TestManagementResource_ServeMetadata"
"","60","excludes API edges that are associated with one of our built-in schema types","useEdgeCategories","Mon Apr 06 18:44:29 UTC 2026","passed","Mon Apr 06 18:44:29 UTC 2026","","","",""
"Test cases for TestRRuleValidator","0","TestRRuleValidator","","Mon Apr 06 18:42:14 UTC 2026","passed","Mon Apr 06 18:42:14 UTC 2026","","Go Test","github.com/specterops/bloodhound/cmd/api/src/utils/validation/TestRRuleValidator","TestRRuleValidator"
"","153","renders enabled Zone and Rule tabs and disabled Object tab","Selected Details Tabs","Mon Apr 06 18:45:10 UTC 2026","passed","Mon Apr 06 18:45:10 UTC 2026","","Selected Details Tabs - Params present","",""
"","192","toggles a child off","SourceKindsCheckboxes","Mon Apr 06 18:45:10 UTC 2026","passed","Mon Apr 06 18:45:10 UTC 2026","","","",""
"","0","The user has yet to type into the search","Getting the text for the disabled item display for a search when there are no results","Mon Apr 06 18:46:15 UTC 2026","passed","Mon Apr 06 18:46:15 UTC 2026","","Empty data states","",""
"Test cases for TestConvertDomainToNode_DomainInvalidProperties","0","TestConvertDomainToNode_DomainInvalidProperties","","Mon Apr 06 18:42:18 UTC 2026","passed","Mon Apr 06 18:42:18 UTC 2026","","Go Test","github.com/specterops/bloodhound/packages/go/ein/TestConvertDomainToNode_DomainInvalidProperties","TestConvertDomainToNode_DomainInvalidProperties"
"Test cases for TestInt64ValueOrZero","0","TestInt64ValueOrZero","","Mon Apr 06 18:42:04 UTC 2026","passed","Mon Apr 06 18:42:04 UTC 2026","","Go Test","github.com/specterops/bloodhound/cmd/api/src/database/types/null/TestInt64ValueOrZero","TestInt64ValueOrZero"
"","4","isLoading returns as expected based on all queries combined","queriesAreLoadingOrErrored","Mon Apr 06 18:47:52 UTC 2026","passed","Mon Apr 06 18:47:52 UTC 2026","","","",""
"Test cases for TestManagementResource_DeleteAuthToken","17","TestManagementResource_DeleteAuthToken","","Mon Apr 06 18:42:37 UTC 2026","passed","Mon Apr 06 18:42:37 UTC 2026","","Go Test","github.com/specterops/bloodhound/cmd/api/src/api/v2/auth/TestManagementResource_DeleteAuthToken","TestManagementResource_DeleteAuthToken"
"","207","sums nested section node counts","EntityInfoDataTableGraphed","Mon Apr 06 18:44:34 UTC 2026","passed","Mon Apr 06 18:44:34 UTC 2026","","Node count for nested table that counts all sections","",""
"","6","dispatches a storage event when a value is set","useLocalStorage","Mon Apr 06 18:44:48 UTC 2026","passed","Mon Apr 06 18:44:48 UTC 2026","","storage event synchronisation","",""
"Test cases for TestResources_ListADComputerPSRemoteUsers","0","TestResources_ListADComputerPSRemoteUsers","","Mon Apr 06 18:42:02 UTC 2026","passed","Mon Apr 06 18:42:02 UTC 2026","","Go Test","github.com/specterops/bloodhound/cmd/api/src/api/v2/TestResources_ListADComputerPSRemoteUsers","TestResources_ListADComputerPSRemoteUsers"
"Test cases for TestGetMFAActivationStatus_Success","0","TestGetMFAActivationStatus_Success","","Mon Apr 06 18:42:36 UTC 2026","passed","Mon Apr 06 18:42:36 UTC 2026","","Go Test","github.com/specterops/bloodhound/cmd/api/src/api/v2/auth/TestGetMFAActivationStatus_Success","TestGetMFAActivationStatus_Success"
"Test cases for TestManagementResource_ListRoles_Filtered","0","TestManagementResource_ListRoles_Filtered","","Mon Apr 06 18:42:08 UTC 2026","passed","Mon Apr 06 18:42:08 UTC 2026","","Go Test","github.com/specterops/bloodhound/cmd/api/src/api/v2/auth/TestManagementResource_ListRoles_Filtered","TestManagementResource_ListRoles_Filtered"
"Test cases for TestResources_UpdateAssetGroup","0","TestResources_UpdateAssetGroup","","Mon Apr 06 18:42:02 UTC 2026","passed","Mon Apr 06 18:42:02 UTC 2026","","Go Test","github.com/specterops/bloodhound/cmd/api/src/api/v2/TestResources_UpdateAssetGroup","TestResources_UpdateAssetGroup"
"Test cases for TestResources_GetAssetGroup","1","TestResources_GetAssetGroup","","Mon Apr 06 18:42:02 UTC 2026","passed","Mon Apr 06 18:42:02 UTC 2026","","Go Test","github.com/specterops/bloodhound/cmd/api/src/api/v2/TestResources_GetAssetGroup","TestResources_GetAssetGroup"
"Test cases for TestResources_ShareSavedQueriesPermissions_NonAdmin","3","TestResources_ShareSavedQueriesPermissions_NonAdmin","","Mon Apr 06 18:42:02 UTC 2026","passed","Mon Apr 06 18:42:02 UTC 2026","","Go Test","github.com/specterops/bloodhound/cmd/api/src/api/v2/TestResources_ShareSavedQueriesPermissions_NonAdmin","TestResources_ShareSavedQueriesPermissions_NonAdmin"
"","409","Should call handler when a member is clicked","AssetGroupMemberList","Mon Apr 06 18:47:06 UTC 2026","passed","Mon Apr 06 18:47:06 UTC 2026","","","",""
"","63","enables correctly returning the tag associated with Tier Zero (position value of 1) from the list of tags","the useAssetGroupTags utilities","Mon Apr 06 18:44:01 UTC 2026","passed","Mon Apr 06 18:44:01 UTC 2026","","","",""
"","1803","does not show the ""Disable MFA"" context menu option for users without MFA enabled","Users","Mon Apr 06 18:44:57 UTC 2026","passed","Mon Apr 06 18:44:59 UTC 2026","","","",""
"","4","does not render when selector is default","Delete Selector Button rendering","Mon Apr 06 18:47:32 UTC 2026","passed","Mon Apr 06 18:47:32 UTC 2026","","","",""
"","2","stores a boolean value in localStorage","useLocalStorage","Mon Apr 06 18:44:48 UTC 2026","passed","Mon Apr 06 18:44:48 UTC 2026","","setValue","",""
"","628","Displays the selectors list if passed in through additional sections","EntityInfoDataTableList","Mon Apr 06 18:45:50 UTC 2026","passed","Mon Apr 06 18:45:50 UTC 2026","","","",""
"Test cases for TestResources_ListADComputerDCOMUsers","0","TestResources_ListADComputerDCOMUsers","","Mon Apr 06 18:42:02 UTC 2026","passed","Mon Apr 06 18:42:02 UTC 2026","","Go Test","github.com/specterops/bloodhound/cmd/api/src/api/v2/TestResources_ListADComputerDCOMUsers","TestResources_ListADComputerDCOMUsers"
"","502","renders correctly with requiresCurrentPassword false","PasswordDialog","Mon Apr 06 18:43:33 UTC 2026","passed","Mon Apr 06 18:43:34 UTC 2026","","","",""
"","153","displays an error message","GraphView","Mon Apr 06 18:48:40 UTC 2026","passed","Mon Apr 06 18:48:40 UTC 2026","","","",""
"","1640","renders","Glyph Select Dialog","Mon Apr 06 18:47:27 UTC 2026","passed","Mon Apr 06 18:47:28 UTC 2026","","","",""
"","188","calls exportToJson util when valid non a empty object is passed as the jsonData prop","GraphControls","Mon Apr 06 18:43:50 UTC 2026","passed","Mon Apr 06 18:43:51 UTC 2026","","Exporting json","",""
"","0","The user has yet to type into the search (for OU and Domain searches that have hard coded types)","Getting the text for the disabled item display for a search when there are no results","Mon Apr 06 18:46:15 UTC 2026","passed","Mon Apr 06 18:46:15 UTC 2026","","Empty data states","",""
"Test cases for TestIntSetValid","0","TestIntSetValid","","Mon Apr 06 18:42:04 UTC 2026","passed","Mon Apr 06 18:42:04 UTC 2026","","Go Test","github.com/specterops/bloodhound/cmd/api/src/database/types/null/TestIntSetValid","TestIntSetValid"
"","1246","sets input text on date click","ManagedDatePicker - date validation","Mon Apr 06 18:45:34 UTC 2026","passed","Mon Apr 06 18:45:35 UTC 2026","","","",""
"Test cases for TestResources_ProcessIngestTask","4","TestResources_ProcessIngestTask","","Mon Apr 06 18:42:02 UTC 2026","passed","Mon Apr 06 18:42:02 UTC 2026","","Go Test","github.com/specterops/bloodhound/cmd/api/src/api/v2/TestResources_ProcessIngestTask","TestResources_ProcessIngestTask"
"Test cases for TestAssetGroupMembers_SortBy","0","TestAssetGroupMembers_SortBy","","Mon Apr 06 18:41:51 UTC 2026","passed","Mon Apr 06 18:41:51 UTC 2026","","Go Test","github.com/specterops/bloodhound/cmd/api/src/api/TestAssetGroupMembers_SortBy","TestAssetGroupMembers_SortBy"
"Test cases for TestCreateUser_Failure","1","TestCreateUser_Failure","","Mon Apr 06 18:42:08 UTC 2026","passed","Mon Apr 06 18:42:08 UTC 2026","","Go Test","github.com/specterops/bloodhound/cmd/api/src/api/v2/auth/TestCreateUser_Failure","TestCreateUser_Failure"
"Test cases for TestResources_ListADEntityControllables","0","TestResources_ListADEntityControllables","","Mon Apr 06 18:42:02 UTC 2026","passed","Mon Apr 06 18:42:02 UTC 2026","","Go Test","github.com/specterops/bloodhound/cmd/api/src/api/v2/TestResources_ListADEntityControllables","TestResources_ListADEntityControllables"
"","232","should display ""Disable Multi-Factor Authentication?"" title","Enable2FADialog","Mon Apr 06 18:46:30 UTC 2026","passed","Mon Apr 06 18:46:30 UTC 2026","","","",""
"Test cases for TestRoleAssignments_NodesWithRole","0","TestRoleAssignments_NodesWithRole","","Mon Apr 06 18:42:18 UTC 2026","passed","Mon Apr 06 18:42:18 UTC 2026","","Go Test","github.com/specterops/bloodhound/packages/go/analysis/azure/TestRoleAssignments_NodesWithRole","TestRoleAssignments_NodesWithRole"
"","97","applies correct dynamic height based on filtered data","ActiveExtensionsCard","Mon Apr 06 18:43:27 UTC 2026","passed","Mon Apr 06 18:43:27 UTC 2026","","","",""
"Test cases for TestParseAGMembersFromNodes_","0","TestParseAGMembersFromNodes_","","Mon Apr 06 18:42:02 UTC 2026","passed","Mon Apr 06 18:42:02 UTC 2026","","Go Test","github.com/specterops/bloodhound/cmd/api/src/api/v2/TestParseAGMembersFromNodes_","TestParseAGMembersFromNodes_"
"","84","disables items via itemDisabled and hides the chevron icon visually","<DetailsAccordion />","Mon Apr 06 18:44:06 UTC 2026","passed","Mon Apr 06 18:44:06 UTC 2026","","","",""
"","0","should ignore case when filtering","OperationsFilterPlugin","Mon Apr 06 18:47:57 UTC 2026","passed","Mon Apr 06 18:47:57 UTC 2026","","","",""
"Test cases for TestHandleDatabaseError","0","TestHandleDatabaseError","","Mon Apr 06 18:41:52 UTC 2026","passed","Mon Apr 06 18:41:52 UTC 2026","","Go Test","github.com/specterops/bloodhound/cmd/api/src/api/TestHandleDatabaseError","TestHandleDatabaseError"
"","171","calls onChange with all columns when ""Select All"" is clicked","ManageColumnsComboBox","Mon Apr 06 18:44:08 UTC 2026","passed","Mon Apr 06 18:44:08 UTC 2026","","","",""
"Test cases for TestManagementResource_DeleteUser_UserBhCtxNotFound","0","TestManagementResource_DeleteUser_UserBhCtxNotFound","","Mon Apr 06 18:42:24 UTC 2026","passed","Mon Apr 06 18:42:24 UTC 2026","","Go Test","github.com/specterops/bloodhound/cmd/api/src/api/v2/auth/TestManagementResource_DeleteUser_UserBhCtxNotFound","TestManagementResource_DeleteUser_UserBhCtxNotFound"
"Test cases for FuzzFoldlLazy","0","FuzzFoldlLazy","","Mon Apr 06 18:42:20 UTC 2026","passed","Mon Apr 06 18:42:20 UTC 2026","","Go Test","github.com/specterops/bloodhound/packages/go/slicesext/FuzzFoldlLazy","FuzzFoldlLazy"
"Test cases for TestIntEqual","0","TestIntEqual","","Mon Apr 06 18:42:04 UTC 2026","passed","Mon Apr 06 18:42:04 UTC 2026","","Go Test","github.com/specterops/bloodhound/cmd/api/src/database/types/null/TestIntEqual","TestIntEqual"
"","384","should render saml info provider","SSOProviderTable","Mon Apr 06 18:46:19 UTC 2026","passed","Mon Apr 06 18:46:19 UTC 2026","","","",""
"","0","returns paramValue as EnvironmentAggregation if paramValue is azure","useEnvironmentParams","Mon Apr 06 18:47:51 UTC 2026","passed","Mon Apr 06 18:47:51 UTC 2026","","parseEnvironmentAggregation","",""
"Test cases for TestFloatIsZero","0","TestFloatIsZero","","Mon Apr 06 18:42:04 UTC 2026","passed","Mon Apr 06 18:42:04 UTC 2026","","Go Test","github.com/specterops/bloodhound/cmd/api/src/database/types/null/TestFloatIsZero","TestFloatIsZero"
"Test cases for TestManagementResource_SAMLCallbackHandler","11","TestManagementResource_SAMLCallbackHandler","","Mon Apr 06 18:42:37 UTC 2026","passed","Mon Apr 06 18:42:37 UTC 2026","","Go Test","github.com/specterops/bloodhound/cmd/api/src/api/v2/auth/TestManagementResource_SAMLCallbackHandler","TestManagementResource_SAMLCallbackHandler"
"","105","takes the param appendQueryKey and will append that value to the existing queryKey","useAvailableEnvironments","Mon Apr 06 18:46:56 UTC 2026","passed","Mon Apr 06 18:46:56 UTC 2026","","useAvailableEnvironments","",""
"","2","returns undefined if graphData is undefined","normalizeGraphDataForSigma","Mon Apr 06 18:48:59 UTC 2026","passed","Mon Apr 06 18:48:59 UTC 2026","","","",""
"Test cases for TestInt64Pointer","0","TestInt64Pointer","","Mon Apr 06 18:42:04 UTC 2026","passed","Mon Apr 06 18:42:04 UTC 2026","","Go Test","github.com/specterops/bloodhound/cmd/api/src/database/types/null/TestInt64Pointer","TestInt64Pointer"
"","299","displays no search results message when search yields no matches","ActiveExtensionsCard","Mon Apr 06 18:43:26 UTC 2026","passed","Mon Apr 06 18:43:27 UTC 2026","","","",""
"","21","displays a status label","StatusIndicator","Mon Apr 06 18:47:44 UTC 2026","passed","Mon Apr 06 18:47:44 UTC 2026","","","",""
"","91","when `selectedItem` is null, the combobox does not display an icon","icon rendering","Mon Apr 06 18:44:25 UTC 2026","passed","Mon Apr 06 18:44:25 UTC 2026","","","",""
"","47","upon selecting just a destination node, updates the URL with a searchType of 'node' and secondarySearch of the node's objectid","usePathfindingSearch","Mon Apr 06 18:45:18 UTC 2026","passed","Mon Apr 06 18:45:18 UTC 2026","","","",""
"Test cases for TestResources_GetAnalysisRequest","0","TestResources_GetAnalysisRequest","","Mon Apr 06 18:42:02 UTC 2026","passed","Mon Apr 06 18:42:02 UTC 2026","","Go Test","github.com/specterops/bloodhound/cmd/api/src/api/v2/TestResources_GetAnalysisRequest","TestResources_GetAnalysisRequest"
"Test cases for TestManagementResource_GetRole","28803","TestManagementResource_GetRole","","Mon Apr 06 18:42:08 UTC 2026","passed","Mon Apr 06 18:42:37 UTC 2026","","Go Test","github.com/specterops/bloodhound/cmd/api/src/api/v2/auth/TestManagementResource_GetRole","TestManagementResource_GetRole"
"","25","renders a preview version by default","PrivilegeZonesCypherEditor Search component for Zone Management","Mon Apr 06 18:46:46 UTC 2026","passed","Mon Apr 06 18:46:46 UTC 2026","","","",""
"","12","should render when search string is in the middle of the text","HighlightedText","Mon Apr 06 18:47:05 UTC 2026","passed","Mon Apr 06 18:47:05 UTC 2026","","","",""
"","104","does not show View in Explore if in object rule type","Seed Selection Results","Mon Apr 06 18:44:02 UTC 2026","passed","Mon Apr 06 18:44:02 UTC 2026","","","",""
"","52","calls openSAMLProviderDialog when create provider button is clicked","CreateMenu","Mon Apr 06 18:44:28 UTC 2026","passed","Mon Apr 06 18:44:28 UTC 2026","","oidc_support feature flag disabled","",""
"","56","applies empty state height when no results","ActiveExtensionsCard","Mon Apr 06 18:43:27 UTC 2026","passed","Mon Apr 06 18:43:27 UTC 2026","","","",""
"","71","should navigate to the correct page on alt + digit keydown","Keyboard shortcuts","Mon Apr 06 18:44:46 UTC 2026","passed","Mon Apr 06 18:44:46 UTC 2026","","","",""
"","126","disables the Columns button when the disabled prop is true","ManageColumnsComboBox","Mon Apr 06 18:44:07 UTC 2026","passed","Mon Apr 06 18:44:07 UTC 2026","","","",""
"Test cases for TestDomainSelectors_GetFilterCriteria_InvalidFilterPredicate","0","TestDomainSelectors_GetFilterCriteria_InvalidFilterPredicate","","Mon Apr 06 18:42:05 UTC 2026","passed","Mon Apr 06 18:42:05 UTC 2026","","Go Test","github.com/specterops/bloodhound/cmd/api/src/model/TestDomainSelectors_GetFilterCriteria_InvalidFilterPredicate","TestDomainSelectors_GetFilterCriteria_InvalidFilterPredicate"
"","64","when there is no ID in the URL the highest position tag ID is returned","usePZQueryParams","Mon Apr 06 18:46:00 UTC 2026","passed","Mon Apr 06 18:46:00 UTC 2026","","","",""
"","45","sets autoDisplayTable to false if query returns nodes only but the enabled prop is false","useExploreTableAutoDisplay","Mon Apr 06 18:46:48 UTC 2026","passed","Mon Apr 06 18:46:48 UTC 2026","","","",""
"","34","renders a button","CreateMenu","Mon Apr 06 18:44:28 UTC 2026","passed","Mon Apr 06 18:44:28 UTC 2026","","oidc_support feature flag disabled","",""
"","269","can render","ExploreSearchCombobox","Mon Apr 06 18:44:23 UTC 2026","passed","Mon Apr 06 18:44:24 UTC 2026","","","",""
"Test cases for TestPermissionsCheckAtLeastOne","0","TestPermissionsCheckAtLeastOne","","Mon Apr 06 18:41:53 UTC 2026","passed","Mon Apr 06 18:41:53 UTC 2026","","Go Test","github.com/specterops/bloodhound/cmd/api/src/api/middleware/TestPermissionsCheckAtLeastOne","TestPermissionsCheckAtLeastOne"
"Test cases for TestWriteBinaryResponse","0","TestWriteBinaryResponse","","Mon Apr 06 18:41:52 UTC 2026","passed","Mon Apr 06 18:41:52 UTC 2026","","Go Test","github.com/specterops/bloodhound/cmd/api/src/api/TestWriteBinaryResponse","TestWriteBinaryResponse"
"Test cases for TestResources_ListADEntityAdminRights","0","TestResources_ListADEntityAdminRights","","Mon Apr 06 18:42:02 UTC 2026","passed","Mon Apr 06 18:42:02 UTC 2026","","Go Test","github.com/specterops/bloodhound/cmd/api/src/api/v2/TestResources_ListADEntityAdminRights","TestResources_ListADEntityAdminRights"
"Test cases for TestGenericClone","0","TestGenericClone","","Mon Apr 06 18:42:13 UTC 2026","passed","Mon Apr 06 18:42:13 UTC 2026","","Go Test","github.com/specterops/bloodhound/cmd/api/src/utils/TestGenericClone","TestGenericClone"
"","2","returns undefined for headers when db config timeout limit setting is enabled and state of is disable query limit is true","useExploreGraph","Mon Apr 06 18:43:43 UTC 2026","passed","Mon Apr 06 18:43:43 UTC 2026","userSettings","exploreGraphQueryFactory","",""
"","0","filters by active-directory platform","filterAndSearchEnvironments","Mon Apr 06 18:43:20 UTC 2026","passed","Mon Apr 06 18:43:20 UTC 2026","","platform filters","",""
"","2993","Kebab menu click causes the callback function to be called with the correct parameters","ExploreTable","Mon Apr 06 18:43:13 UTC 2026","passed","Mon Apr 06 18:43:16 UTC 2026","","","",""
"Test cases for TestManagementResource_DeleteUser_BadUserID","0","TestManagementResource_DeleteUser_BadUserID","","Mon Apr 06 18:42:24 UTC 2026","passed","Mon Apr 06 18:42:24 UTC 2026","","Go Test","github.com/specterops/bloodhound/cmd/api/src/api/v2/auth/TestManagementResource_DeleteUser_BadUserID","TestManagementResource_DeleteUser_BadUserID"
"","1959","should open edge filtering dialog","EdgeFilter","Mon Apr 06 18:45:28 UTC 2026","passed","Mon Apr 06 18:45:30 UTC 2026","","","",""
"TestMigrator_GenerateManifest tests the full integrity of a Manifest generatedfrom 3 different Source's:1) Correct number of total migrations detected.2) Correct number of versions detected.3) The VersionTable has all versions, in order.4) All versions have the correct number of migrations.5) Schema files generate v0.0.0 migrations.6) Migrations are ordered within each version, in the order the Source was defined.","1","TestMigrator_GenerateManifest","","Mon Apr 06 18:42:04 UTC 2026","passed","Mon Apr 06 18:42:04 UTC 2026","","Go Test","github.com/specterops/bloodhound/cmd/api/src/database/migration/TestMigrator_GenerateManifest","TestMigrator_GenerateManifest"
"","92","returns Tag Object counts when there is a Tag selected but no Rule selected (ruleId is undefined from path params)","useObjectCounts","Mon Apr 06 18:47:25 UTC 2026","passed","Mon Apr 06 18:47:25 UTC 2026","","","",""
"Test cases for TestPasswordValidator","0","TestPasswordValidator","","Mon Apr 06 18:42:14 UTC 2026","passed","Mon Apr 06 18:42:14 UTC 2026","","Go Test","github.com/specterops/bloodhound/cmd/api/src/utils/validation/TestPasswordValidator","TestPasswordValidator"
"","235","shows Popper when isCurrentSearchOpen is true","GraphControls","Mon Apr 06 18:43:51 UTC 2026","passed","Mon Apr 06 18:43:51 UTC 2026","","Searching current results","",""
"","54","navigates to the specified route with global params intact","AppNavigate","Mon Apr 06 18:46:37 UTC 2026","passed","Mon Apr 06 18:46:37 UTC 2026","","","",""
"","230","only sends dirty fields in the request when updating","Tag Form","Mon Apr 06 18:43:08 UTC 2026","passed","Mon Apr 06 18:43:08 UTC 2026","","","",""
"Test cases for TestManagementResource_UpdateUser_UserSelfModify","650","TestManagementResource_UpdateUser_UserSelfModify","","Mon Apr 06 18:42:22 UTC 2026","passed","Mon Apr 06 18:42:23 UTC 2026","","Go Test","github.com/specterops/bloodhound/cmd/api/src/api/v2/auth/TestManagementResource_UpdateUser_UserSelfModify","TestManagementResource_UpdateUser_UserSelfModify"
"Test cases for TestAuditLogin_UserNotFound","0","TestAuditLogin_UserNotFound","","Mon Apr 06 18:41:51 UTC 2026","passed","Mon Apr 06 18:41:51 UTC 2026","","Go Test","github.com/specterops/bloodhound/cmd/api/src/api/TestAuditLogin_UserNotFound","TestAuditLogin_UserNotFound"
"","17","returns Rule Object counts when there is a Tag and a Rule selected (tagId and ruleId are in path params)","useObjectCounts","Mon Apr 06 18:47:25 UTC 2026","passed","Mon Apr 06 18:47:25 UTC 2026","","","",""
"Test cases for TestWriteTimeWindowedResponse","0","TestWriteTimeWindowedResponse","","Mon Apr 06 18:41:52 UTC 2026","passed","Mon Apr 06 18:41:52 UTC 2026","","Go Test","github.com/specterops/bloodhound/cmd/api/src/api/TestWriteTimeWindowedResponse","TestWriteTimeWindowedResponse"
"Test cases for TestResources_GetSearchResult","1","TestResources_GetSearchResult","","Mon Apr 06 18:42:02 UTC 2026","passed","Mon Apr 06 18:42:02 UTC 2026","","Go Test","github.com/specterops/bloodhound/cmd/api/src/api/v2/TestResources_GetSearchResult","TestResources_GetSearchResult"
"","62","includes all traversable OpenGraph edges in their own category when they are available via the API","useEdgeCategories","Mon Apr 06 18:44:29 UTC 2026","passed","Mon Apr 06 18:44:29 UTC 2026","","","",""
"","460","should not allow leading or trailing empty spaces","CreateUserForm","Mon Apr 06 18:43:49 UTC 2026","passed","Mon Apr 06 18:43:49 UTC 2026","","","",""
"","562","displays correct content based on platform filter Azure","CommonSearches","Mon Apr 06 18:44:14 UTC 2026","passed","Mon Apr 06 18:44:15 UTC 2026","","","",""
"","1003","renders the form for editing an existing rule","Rule Form","Mon Apr 06 18:43:23 UTC 2026","passed","Mon Apr 06 18:43:24 UTC 2026","","","",""
"","94","should on clicking collapse all remove expandedPanelSections param from url and set isObjectInfoPanelOpen in context to false","EdgeInfoHeader","Mon Apr 06 18:46:30 UTC 2026","passed","Mon Apr 06 18:46:31 UTC 2026","","","",""
"Test cases for TestResources_ShareSavedQueriesPermissions_Admin","1","TestResources_ShareSavedQueriesPermissions_Admin","","Mon Apr 06 18:42:02 UTC 2026","passed","Mon Apr 06 18:42:02 UTC 2026","","Go Test","github.com/specterops/bloodhound/cmd/api/src/api/v2/TestResources_ShareSavedQueriesPermissions_Admin","TestResources_ShareSavedQueriesPermissions_Admin"
"","264","validates that the name input is under the max length","Tag Form","Mon Apr 06 18:43:07 UTC 2026","passed","Mon Apr 06 18:43:07 UTC 2026","","","",""
"","664","filters by the selected status","FileIngestFilterDialog","Mon Apr 06 18:43:53 UTC 2026","passed","Mon Apr 06 18:43:54 UTC 2026","","Status Select","",""
"","326","should display correctly","ConfirmationDialog","Mon Apr 06 18:47:40 UTC 2026","passed","Mon Apr 06 18:47:40 UTC 2026","","","",""
"Test cases for TestResources_ListADComputerRDPUsers","1","TestResources_ListADComputerRDPUsers","","Mon Apr 06 18:42:02 UTC 2026","passed","Mon Apr 06 18:42:02 UTC 2026","","Go Test","github.com/specterops/bloodhound/cmd/api/src/api/v2/TestResources_ListADComputerRDPUsers","TestResources_ListADComputerRDPUsers"
"Test cases for Test_GetAssetGroupMembersByTag","3","Test_GetAssetGroupMembersByTag","","Mon Apr 06 18:42:02 UTC 2026","passed","Mon Apr 06 18:42:02 UTC 2026","","Go Test","github.com/specterops/bloodhound/cmd/api/src/api/v2/Test_GetAssetGroupMembersByTag","Test_GetAssetGroupMembersByTag"
"Test cases for TestStringFromPtr","0","TestStringFromPtr","","Mon Apr 06 18:42:04 UTC 2026","passed","Mon Apr 06 18:42:04 UTC 2026","","Go Test","github.com/specterops/bloodhound/cmd/api/src/database/types/null/TestStringFromPtr","TestStringFromPtr"
"Test cases for TestURLJoinPathNoPrefix","0","TestURLJoinPathNoPrefix","","Mon Apr 06 18:41:52 UTC 2026","passed","Mon Apr 06 18:41:52 UTC 2026","","Go Test","github.com/specterops/bloodhound/cmd/api/src/api/TestURLJoinPathNoPrefix","TestURLJoinPathNoPrefix"
"","2","stores a string value in localStorage","useLocalStorage","Mon Apr 06 18:44:48 UTC 2026","passed","Mon Apr 06 18:44:48 UTC 2026","","setValue","",""
"","22","does not show the dropdown by default","ManageColumnsComboBox","Mon Apr 06 18:44:07 UTC 2026","passed","Mon Apr 06 18:44:07 UTC 2026","","","",""
"Test cases for TestSelectGPOContainerCandidateFilter","0","TestSelectGPOContainerCandidateFilter","","Mon Apr 06 18:42:18 UTC 2026","passed","Mon Apr 06 18:42:18 UTC 2026","","Go Test","github.com/specterops/bloodhound/packages/go/analysis/ad/TestSelectGPOContainerCandidateFilter","TestSelectGPOContainerCandidateFilter"
"","258","renders the form for editing an existing zone","Tag Form","Mon Apr 06 18:43:06 UTC 2026","passed","Mon Apr 06 18:43:06 UTC 2026","","","",""
"Test cases for TestParseLimitQueryParameter","0","TestParseLimitQueryParameter","","Mon Apr 06 18:42:02 UTC 2026","passed","Mon Apr 06 18:42:02 UTC 2026","","Go Test","github.com/specterops/bloodhound/cmd/api/src/api/v2/TestParseLimitQueryParameter","TestParseLimitQueryParameter"
"","121","displays pinned columns and unselected columns in the dropdown","ManageColumnsComboBox","Mon Apr 06 18:44:08 UTC 2026","passed","Mon Apr 06 18:44:09 UTC 2026","","","",""
"","382","renders a snackbar notification in the dom and tests autoHideDuration","AppNotifications","Mon Apr 06 18:46:34 UTC 2026","passed","Mon Apr 06 18:46:35 UTC 2026","","","",""
"Test cases for TestAssetGroupMembers_Filter_NotEquals","1","TestAssetGroupMembers_Filter_NotEquals","","Mon Apr 06 18:41:51 UTC 2026","passed","Mon Apr 06 18:41:51 UTC 2026","","Go Test","github.com/specterops/bloodhound/cmd/api/src/api/TestAssetGroupMembers_Filter_NotEquals","TestAssetGroupMembers_Filter_NotEquals"
"Test cases for TestManagementResource_UpdateUser_DBError","660","TestManagementResource_UpdateUser_DBError","","Mon Apr 06 18:42:24 UTC 2026","passed","Mon Apr 06 18:42:24 UTC 2026","","Go Test","github.com/specterops/bloodhound/cmd/api/src/api/v2/auth/TestManagementResource_UpdateUser_DBError","TestManagementResource_UpdateUser_DBError"
"Test cases for TestBoolFrom","0","TestBoolFrom","","Mon Apr 06 18:42:04 UTC 2026","passed","Mon Apr 06 18:42:04 UTC 2026","","Go Test","github.com/specterops/bloodhound/cmd/api/src/database/types/null/TestBoolFrom","TestBoolFrom"
"Test cases for TestResources_ListAssetGroupMembersCount","0","TestResources_ListAssetGroupMembersCount","","Mon Apr 06 18:42:02 UTC 2026","passed","Mon Apr 06 18:42:02 UTC 2026","","Go Test","github.com/specterops/bloodhound/cmd/api/src/api/v2/TestResources_ListAssetGroupMembersCount","TestResources_ListAssetGroupMembersCount"
"Test cases for TestResources_ListAuditLogs_PredicateMismatchWithColumn","1","TestResources_ListAuditLogs_PredicateMismatchWithColumn","","Mon Apr 06 18:42:02 UTC 2026","passed","Mon Apr 06 18:42:02 UTC 2026","","Go Test","github.com/specterops/bloodhound/cmd/api/src/api/v2/TestResources_ListAuditLogs_PredicateMismatchWithColumn","TestResources_ListAuditLogs_PredicateMismatchWithColumn"
"Test cases for TestModifyCookieAttribute","2","TestModifyCookieAttribute","","Mon Apr 06 18:42:14 UTC 2026","passed","Mon Apr 06 18:42:14 UTC 2026","","Go Test","github.com/specterops/bloodhound/cmd/api/src/utils/test/TestModifyCookieAttribute","TestModifyCookieAttribute"
"","132","renders enabled prop when flag is enabled","FeatureFlag","Mon Apr 06 18:46:44 UTC 2026","passed","Mon Apr 06 18:46:45 UTC 2026","","","",""
"Test cases for TestBHCEStaticHandler","59","TestBHCEStaticHandler","","Mon Apr 06 18:41:55 UTC 2026","passed","Mon Apr 06 18:41:55 UTC 2026","","Go Test","github.com/specterops/bloodhound/cmd/api/src/api/static/TestBHCEStaticHandler","TestBHCEStaticHandler"
"","34","calls getKey for each item (stable keys hook)","<DetailsAccordion />","Mon Apr 06 18:44:06 UTC 2026","passed","Mon Apr 06 18:44:06 UTC 2026","","","",""
"","570","open and closes dialog with confirm button after user inputs required text","Tag Form","Mon Apr 06 18:43:09 UTC 2026","passed","Mon Apr 06 18:43:10 UTC 2026","","","",""
"Test cases for TestResources_GetShortestPath","7","TestResources_GetShortestPath","","Mon Apr 06 18:42:02 UTC 2026","passed","Mon Apr 06 18:42:02 UTC 2026","","Go Test","github.com/specterops/bloodhound/cmd/api/src/api/v2/TestResources_GetShortestPath","TestResources_GetShortestPath"
"","5","dispatches a storage event with null newValue when the key is removed","useLocalStorage","Mon Apr 06 18:44:48 UTC 2026","passed","Mon Apr 06 18:44:48 UTC 2026","","storage event synchronisation","",""
"","642","does not allow confirmation while dates are invalid","FileIngestFilterDialog","Mon Apr 06 18:43:55 UTC 2026","passed","Mon Apr 06 18:43:56 UTC 2026","","Date Range Inputs","",""
"Test cases for TestManagementResource_ListRoles_SortingError","2","TestManagementResource_ListRoles_SortingError","","Mon Apr 06 18:42:08 UTC 2026","passed","Mon Apr 06 18:42:08 UTC 2026","","Go Test","github.com/specterops/bloodhound/cmd/api/src/api/v2/auth/TestManagementResource_ListRoles_SortingError","TestManagementResource_ListRoles_SortingError"
"","466","renders an edit form for the selected asset group when a user has graph write permissions","GroupManagement","Mon Apr 06 18:48:41 UTC 2026","passed","Mon Apr 06 18:48:42 UTC 2026","","","",""
"","27","renders null if network fails to return valid asset group membership list","AssetGroupMenuItem","Mon Apr 06 18:48:22 UTC 2026","passed","Mon Apr 06 18:48:22 UTC 2026","","adding to an asset group","",""
"","1469","shows the ""Disable MFA"" context menu option for users with MFA enabled","Users","Mon Apr 06 18:44:59 UTC 2026","passed","Mon Apr 06 18:45:00 UTC 2026","","","",""
"","0","fails for password shorter than 12 characters","testPassword","Mon Apr 06 18:47:53 UTC 2026","passed","Mon Apr 06 18:47:53 UTC 2026","","","",""
"Test cases for TestGetPlatformAggregateStats_Failure","1","TestGetPlatformAggregateStats_Failure","","Mon Apr 06 18:42:02 UTC 2026","passed","Mon Apr 06 18:42:02 UTC 2026","","Go Test","github.com/specterops/bloodhound/cmd/api/src/api/v2/TestGetPlatformAggregateStats_Failure","TestGetPlatformAggregateStats_Failure"
"","207","should display ""Create Token"" button","UserTokenManagementDialog","Mon Apr 06 18:44:09 UTC 2026","passed","Mon Apr 06 18:44:10 UTC 2026","","","",""
"","180","respects openIndex (default opened panel)","<DetailsAccordion />","Mon Apr 06 18:44:06 UTC 2026","passed","Mon Apr 06 18:44:06 UTC 2026","","","",""
"Test cases for TestWriteResultRawJson","0","TestWriteResultRawJson","","Mon Apr 06 18:42:13 UTC 2026","passed","Mon Apr 06 18:42:13 UTC 2026","","Go Test","github.com/specterops/bloodhound/cmd/api/src/utils/TestWriteResultRawJson","TestWriteResultRawJson"
"Test cases for TestURLJoinPathEscapesSlashes","1","TestURLJoinPathEscapesSlashes","","Mon Apr 06 18:41:52 UTC 2026","passed","Mon Apr 06 18:41:52 UTC 2026","","Go Test","github.com/specterops/bloodhound/cmd/api/src/api/TestURLJoinPathEscapesSlashes","TestURLJoinPathEscapesSlashes"
"Test cases for TestResources_GetIssuancePolicyEntityInfo","153","TestResources_GetIssuancePolicyEntityInfo","","Mon Apr 06 18:42:02 UTC 2026","passed","Mon Apr 06 18:42:02 UTC 2026","","Go Test","github.com/specterops/bloodhound/cmd/api/src/api/v2/TestResources_GetIssuancePolicyEntityInfo","TestResources_GetIssuancePolicyEntityInfo"
"","1","calculates skip correctly for pageParam > 1","createHistoryParams","Mon Apr 06 18:46:54 UTC 2026","passed","Mon Apr 06 18:46:54 UTC 2026","","","",""
"","275","dispatches an action to the delete the associated node","Rule Object Select","Mon Apr 06 18:46:26 UTC 2026","passed","Mon Apr 06 18:46:27 UTC 2026","","","",""
"Test cases for TestRandomDurationBetween","30","TestRandomDurationBetween","","Mon Apr 06 18:42:04 UTC 2026","passed","Mon Apr 06 18:42:04 UTC 2026","","Go Test","github.com/specterops/bloodhound/cmd/api/src/daemons/datapipe/TestRandomDurationBetween","TestRandomDurationBetween"
"","1465","should render","EntityInfoHeader","Mon Apr 06 18:46:12 UTC 2026","passed","Mon Apr 06 18:46:14 UTC 2026","","","",""
"","19","renders the LabelSelector when available and on a Label page","TagSelector","Mon Apr 06 18:46:03 UTC 2026","passed","Mon Apr 06 18:46:03 UTC 2026","","","",""
"Test cases for TestManagementResource_ListUsers_Filtered","0","TestManagementResource_ListUsers_Filtered","","Mon Apr 06 18:42:08 UTC 2026","passed","Mon Apr 06 18:42:08 UTC 2026","","Go Test","github.com/specterops/bloodhound/cmd/api/src/api/v2/auth/TestManagementResource_ListUsers_Filtered","TestManagementResource_ListUsers_Filtered"
"","412","toggles sort order when clicking sortable header","ObjectsAccordion","Mon Apr 06 18:46:51 UTC 2026","passed","Mon Apr 06 18:46:52 UTC 2026","","","",""
"","203","opens and closes the dialog with the cancel button","Tag Form","Mon Apr 06 18:43:09 UTC 2026","passed","Mon Apr 06 18:43:09 UTC 2026","","","",""
"","145","renders Label as first tab and is also the initially selected on first render in Labels View/Tab","Selected Details Tabs","Mon Apr 06 18:45:09 UTC 2026","passed","Mon Apr 06 18:45:10 UTC 2026","","Selected Details Tabs - Params present","",""
"Test cases for TestTypes_Scan_Success","0","TestTypes_Scan_Success","","Mon Apr 06 18:42:04 UTC 2026","passed","Mon Apr 06 18:42:04 UTC 2026","","Go Test","github.com/specterops/bloodhound/cmd/api/src/database/types/TestTypes_Scan_Success","TestTypes_Scan_Success"
"","2","should return null if the edge key does not have enough information","getEdgeDataFromKey","Mon Apr 06 18:49:00 UTC 2026","passed","Mon Apr 06 18:49:00 UTC 2026","","","",""
"Test cases for TestCreateUser_FailureDuplicateEmail","1352","TestCreateUser_FailureDuplicateEmail","","Mon Apr 06 18:42:08 UTC 2026","passed","Mon Apr 06 18:42:10 UTC 2026","","Go Test","github.com/specterops/bloodhound/cmd/api/src/api/v2/auth/TestCreateUser_FailureDuplicateEmail","TestCreateUser_FailureDuplicateEmail"
"Test cases for TestUnmarshalNonIntegerNumber","0","TestUnmarshalNonIntegerNumber","","Mon Apr 06 18:42:04 UTC 2026","passed","Mon Apr 06 18:42:04 UTC 2026","","Go Test","github.com/specterops/bloodhound/cmd/api/src/database/types/null/TestUnmarshalNonIntegerNumber","TestUnmarshalNonIntegerNumber"
"","1543","executes a pathfinding search when both a source and destination node are provided","Pathfinding: interaction","Mon Apr 06 18:45:01 UTC 2026","passed","Mon Apr 06 18:45:03 UTC 2026","","","",""
"","330","filling in the name value allows updating the selector and navigates back to the details page","Tag Form","Mon Apr 06 18:43:07 UTC 2026","passed","Mon Apr 06 18:43:07 UTC 2026","","","",""
"","2","removes the key when undefined is passed to the setter","useLocalStorage","Mon Apr 06 18:44:48 UTC 2026","passed","Mon Apr 06 18:44:48 UTC 2026","","setValue","",""
"","429","should call onSubmit with one time passcode when check code button clicked","OneTimePasscodeForm","Mon Apr 06 18:47:02 UTC 2026","passed","Mon Apr 06 18:47:02 UTC 2026","","","",""
"","284","opens the dropdown when the Columns button is clicked","ManageColumnsComboBox","Mon Apr 06 18:44:07 UTC 2026","passed","Mon Apr 06 18:44:07 UTC 2026","","","",""
"","72","calls setSelected with correct data on click","NoteCell component","Mon Apr 06 18:46:31 UTC 2026","passed","Mon Apr 06 18:46:31 UTC 2026","","","",""
"Test cases for TestResources_GetEnterpriseCAEntityInfo","154","TestResources_GetEnterpriseCAEntityInfo","","Mon Apr 06 18:42:02 UTC 2026","passed","Mon Apr 06 18:42:02 UTC 2026","","Go Test","github.com/specterops/bloodhound/cmd/api/src/api/v2/TestResources_GetEnterpriseCAEntityInfo","TestResources_GetEnterpriseCAEntityInfo"
"","6","should recognize active directory properties","validating a node property against the shared generated schema","Mon Apr 06 18:44:19 UTC 2026","passed","Mon Apr 06 18:44:19 UTC 2026","","","",""
"","8","renders without pulse animation by default","StatusIndicator","Mon Apr 06 18:47:44 UTC 2026","passed","Mon Apr 06 18:47:44 UTC 2026","","","",""
"Test cases for TestOpenGraphSchemaService_GetSchemaFindings","3","TestOpenGraphSchemaService_GetSchemaFindings","","Mon Apr 06 18:42:09 UTC 2026","passed","Mon Apr 06 18:42:09 UTC 2026","","Go Test","github.com/specterops/bloodhound/cmd/api/src/services/opengraphschema/TestOpenGraphSchemaService_GetSchemaFindings","TestOpenGraphSchemaService_GetSchemaFindings"
"","8","displays lastlogontimestamp cell as UNKNOWN when the value is 0","ExploreTableDataCell","Mon Apr 06 18:47:10 UTC 2026","passed","Mon Apr 06 18:47:10 UTC 2026","","","",""
"","1906","should clear out the SSO Provider id from submission data when the authentication method is changed","CreateUserDialog","Mon Apr 06 18:43:42 UTC 2026","passed","Mon Apr 06 18:43:44 UTC 2026","","","",""
"","3529","Sort arrow is visible and direction is correct","ExploreTable","Mon Apr 06 18:43:16 UTC 2026","passed","Mon Apr 06 18:43:20 UTC 2026","","","",""
"Test cases for Test_filterAndFormatSearchResults_default","0","Test_filterAndFormatSearchResults_default","","Mon Apr 06 18:42:02 UTC 2026","passed","Mon Apr 06 18:42:02 UTC 2026","","Go Test","github.com/specterops/bloodhound/cmd/api/src/api/v2/Test_filterAndFormatSearchResults_default","Test_filterAndFormatSearchResults_default"
"","8","uses the discardQueryParams prop to discard all query params on the redirect","AppNavigate","Mon Apr 06 18:46:37 UTC 2026","passed","Mon Apr 06 18:46:37 UTC 2026","","","",""
"","2","determines glyphs with the tier_managent_engine feature flag disabled","getNodeGlyphs","Mon Apr 06 18:48:34 UTC 2026","passed","Mon Apr 06 18:48:34 UTC 2026","","","",""
"","127","renders with a selected icon","Glyph Select Dialog","Mon Apr 06 18:47:28 UTC 2026","passed","Mon Apr 06 18:47:28 UTC 2026","","","",""
"Test cases for TestResources_ListADDomainForeignGroups","0","TestResources_ListADDomainForeignGroups","","Mon Apr 06 18:42:02 UTC 2026","passed","Mon Apr 06 18:42:02 UTC 2026","","Go Test","github.com/specterops/bloodhound/cmd/api/src/api/v2/TestResources_ListADDomainForeignGroups","TestResources_ListADDomainForeignGroups"
"Test cases for TestNewAuditLog_Error","0","TestNewAuditLog_Error","","Mon Apr 06 18:42:04 UTC 2026","passed","Mon Apr 06 18:42:04 UTC 2026","","Go Test","github.com/specterops/bloodhound/cmd/api/src/database/TestNewAuditLog_Error","TestNewAuditLog_Error"
"","65","populates the node search field when the 'primarySearch' query param is set","useNodeSearch","Mon Apr 06 18:46:50 UTC 2026","passed","Mon Apr 06 18:46:50 UTC 2026","","","",""
"","272","opens confirmation dialog when delete button is clicked","ActiveExtensionsCard","Mon Apr 06 18:43:27 UTC 2026","passed","Mon Apr 06 18:43:27 UTC 2026","","","",""
"","100","button is disabled when note is falsy","NoteCell component","Mon Apr 06 18:46:31 UTC 2026","passed","Mon Apr 06 18:46:31 UTC 2026","","","",""
"","9","navigates to the specified route with global params intact when triggered by a splat route","AppNavigate","Mon Apr 06 18:46:37 UTC 2026","passed","Mon Apr 06 18:46:37 UTC 2026","","","",""
"","126","buttons are disabled while loading","LoginForm","Mon Apr 06 18:47:12 UTC 2026","passed","Mon Apr 06 18:47:13 UTC 2026","","","",""
"Test cases for TestLoginResource_Logout","10","TestLoginResource_Logout","","Mon Apr 06 18:42:37 UTC 2026","passed","Mon Apr 06 18:42:37 UTC 2026","","Go Test","github.com/specterops/bloodhound/cmd/api/src/api/v2/auth/TestLoginResource_Logout","TestLoginResource_Logout"
"Test cases for TestGC_NewDataPruningDaemon","0","TestGC_NewDataPruningDaemon","","Mon Apr 06 18:42:04 UTC 2026","passed","Mon Apr 06 18:42:04 UTC 2026","","Go Test","github.com/specterops/bloodhound/cmd/api/src/daemons/gc/TestGC_NewDataPruningDaemon","TestGC_NewDataPruningDaemon"
"","161","calls onSort when clicked","ColumnHeaders","Mon Apr 06 18:45:40 UTC 2026","passed","Mon Apr 06 18:45:40 UTC 2026","","SortableHeader","",""
"","8","can composes search params from the search prop and use them in the redirect","AppNavigate","Mon Apr 06 18:46:37 UTC 2026","passed","Mon Apr 06 18:46:37 UTC 2026","","","",""
"","177","shows ""API Expiration Date"" column header when expiration is enabled","UserTokenManagementDialog - API Expiration Date column","Mon Apr 06 18:44:10 UTC 2026","passed","Mon Apr 06 18:44:10 UTC 2026","","","",""
"","4640","should render","Pathfinding","Mon Apr 06 18:44:36 UTC 2026","passed","Mon Apr 06 18:44:41 UTC 2026","","","",""
"Test cases for TestManagementResource_ListRoles_DBError","0","TestManagementResource_ListRoles_DBError","","Mon Apr 06 18:42:08 UTC 2026","passed","Mon Apr 06 18:42:08 UTC 2026","","Go Test","github.com/specterops/bloodhound/cmd/api/src/api/v2/auth/TestManagementResource_ListRoles_DBError","TestManagementResource_ListRoles_DBError"
"Test cases for TestResources_UpdateSavedQuery_Admin_NonPublicQuery","0","TestResources_UpdateSavedQuery_Admin_NonPublicQuery","","Mon Apr 06 18:42:02 UTC 2026","passed","Mon Apr 06 18:42:02 UTC 2026","","Go Test","github.com/specterops/bloodhound/cmd/api/src/api/v2/TestResources_UpdateSavedQuery_Admin_NonPublicQuery","TestResources_UpdateSavedQuery_Admin_NonPublicQuery"
"Test cases for TestBOMEncoding","1","TestBOMEncoding","","Mon Apr 06 18:42:18 UTC 2026","passed","Mon Apr 06 18:42:18 UTC 2026","","Go Test","github.com/specterops/bloodhound/packages/go/bomenc/TestBOMEncoding","TestBOMEncoding"
"Test cases for TestCreateAssetGroupRequest_AuditData","0","TestCreateAssetGroupRequest_AuditData","","Mon Apr 06 18:42:02 UTC 2026","passed","Mon Apr 06 18:42:02 UTC 2026","","Go Test","github.com/specterops/bloodhound/cmd/api/src/api/v2/TestCreateAssetGroupRequest_AuditData","TestCreateAssetGroupRequest_AuditData"
"","429","should not call onSave when Save button is clicked and form input is invalid","UpdateUserDialog","Mon Apr 06 18:43:40 UTC 2026","passed","Mon Apr 06 18:43:40 UTC 2026","","","",""
"","63","Validate Displays all the Roles","useListDisplayRoles","Mon Apr 06 18:43:56 UTC 2026","passed","Mon Apr 06 18:43:56 UTC 2026","","","",""
"","247","renders correctly with requiresCurrentPassword true","PasswordDialog","Mon Apr 06 18:43:34 UTC 2026","passed","Mon Apr 06 18:43:34 UTC 2026","","","",""
"Test cases for TestManagementResource_ListAuthTokens_DBError","1","TestManagementResource_ListAuthTokens_DBError","","Mon Apr 06 18:42:29 UTC 2026","passed","Mon Apr 06 18:42:29 UTC 2026","","Go Test","github.com/specterops/bloodhound/cmd/api/src/api/v2/auth/TestManagementResource_ListAuthTokens_DBError","TestManagementResource_ListAuthTokens_DBError"
"","238","should display ""Close"" button","UserTokenManagementDialog","Mon Apr 06 18:44:09 UTC 2026","passed","Mon Apr 06 18:44:09 UTC 2026","","","",""
"","84","allows a consumer to swap the values of the two inputs and update the query params accordingly","usePathfindingSearch","Mon Apr 06 18:45:18 UTC 2026","passed","Mon Apr 06 18:45:18 UTC 2026","","","",""
"","1342","should render","EdgeInfoHeader","Mon Apr 06 18:46:29 UTC 2026","passed","Mon Apr 06 18:46:30 UTC 2026","","","",""
"Test cases for TestResources_ListADIssuancePolicyLinkedCertTemplates","116","TestResources_ListADIssuancePolicyLinkedCertTemplates","","Mon Apr 06 18:42:02 UTC 2026","passed","Mon Apr 06 18:42:02 UTC 2026","","Go Test","github.com/specterops/bloodhound/cmd/api/src/api/v2/TestResources_ListADIssuancePolicyLinkedCertTemplates","TestResources_ListADIssuancePolicyLinkedCertTemplates"
"","95","should not display a badge when role based filtering is true and show filter banner is false by default","EntityInfoPanel","Mon Apr 06 18:46:56 UTC 2026","passed","Mon Apr 06 18:46:56 UTC 2026","","","",""
"","525","runs the query and calls dispatch to set the node results","PrivilegeZonesCypherEditor Search component for Zone Management","Mon Apr 06 18:46:46 UTC 2026","passed","Mon Apr 06 18:46:47 UTC 2026","","","",""
"Test cases for TestMarshalInt64","0","TestMarshalInt64","","Mon Apr 06 18:42:04 UTC 2026","passed","Mon Apr 06 18:42:04 UTC 2026","","Go Test","github.com/specterops/bloodhound/cmd/api/src/database/types/null/TestMarshalInt64","TestMarshalInt64"
"Test cases for TestParseClientVersion","1","TestParseClientVersion","","Mon Apr 06 18:42:13 UTC 2026","passed","Mon Apr 06 18:42:13 UTC 2026","","Go Test","github.com/specterops/bloodhound/cmd/api/src/utils/TestParseClientVersion","TestParseClientVersion"
"","42","Error handling for fetching edge information","EdgeObjectInformation","Mon Apr 06 18:45:57 UTC 2026","passed","Mon Apr 06 18:45:57 UTC 2026","","","",""
"","20","renders details for a selected rule and is of type ""Object""","DynamicDetails","Mon Apr 06 18:44:45 UTC 2026","passed","Mon Apr 06 18:44:45 UTC 2026","","","",""
"Test cases for TestResources_ToggleFlag","0","TestResources_ToggleFlag","","Mon Apr 06 18:42:02 UTC 2026","passed","Mon Apr 06 18:42:02 UTC 2026","","Go Test","github.com/specterops/bloodhound/cmd/api/src/api/v2/TestResources_ToggleFlag","TestResources_ToggleFlag"
"Test cases for TestManagementResource_DeleteUser_DeleteUserError","655","TestManagementResource_DeleteUser_DeleteUserError","","Mon Apr 06 18:42:25 UTC 2026","passed","Mon Apr 06 18:42:26 UTC 2026","","Go Test","github.com/specterops/bloodhound/cmd/api/src/api/v2/auth/TestManagementResource_DeleteUser_DeleteUserError","TestManagementResource_DeleteUser_DeleteUserError"
"","1922","should remove the option from the changelog when the corresponding button is clicked","AssetGroupEdit","Mon Apr 06 18:46:06 UTC 2026","passed","Mon Apr 06 18:46:08 UTC 2026","","","",""
"Test cases for Test_AuthMiddleware","0","Test_AuthMiddleware","","Mon Apr 06 18:41:53 UTC 2026","passed","Mon Apr 06 18:41:53 UTC 2026","","Go Test","github.com/specterops/bloodhound/cmd/api/src/api/middleware/Test_AuthMiddleware","Test_AuthMiddleware"
"Test cases for TestParseOptionalLimitQueryParameter","46","TestParseOptionalLimitQueryParameter","","Mon Apr 06 18:42:02 UTC 2026","passed","Mon Apr 06 18:42:02 UTC 2026","","Go Test","github.com/specterops/bloodhound/cmd/api/src/api/v2/TestParseOptionalLimitQueryParameter","TestParseOptionalLimitQueryParameter"
"Test cases for TestResources_GetRootCAEntityInfo","155","TestResources_GetRootCAEntityInfo","","Mon Apr 06 18:42:02 UTC 2026","passed","Mon Apr 06 18:42:02 UTC 2026","","Go Test","github.com/specterops/bloodhound/cmd/api/src/api/v2/TestResources_GetRootCAEntityInfo","TestResources_GetRootCAEntityInfo"
"","407","renders the Object Tab content when Object tab is chosen","Selected Details Tab Content","Mon Apr 06 18:47:03 UTC 2026","passed","Mon Apr 06 18:47:03 UTC 2026","","","",""
"Test cases for TestRequireAllEnvironmentAccessMiddleware","0","TestRequireAllEnvironmentAccessMiddleware","","Mon Apr 06 18:41:53 UTC 2026","passed","Mon Apr 06 18:41:53 UTC 2026","","Go Test","github.com/specterops/bloodhound/cmd/api/src/api/middleware/TestRequireAllEnvironmentAccessMiddleware","TestRequireAllEnvironmentAccessMiddleware"
"","2895","when user performs a pathfinding search, the swap button is disabled until both the start and destination nodes are provided","Pathfinding: interaction","Mon Apr 06 18:44:55 UTC 2026","passed","Mon Apr 06 18:44:58 UTC 2026","","","",""
"Test cases for TestManagementResource_GetSelf","0","TestManagementResource_GetSelf","","Mon Apr 06 18:42:24 UTC 2026","passed","Mon Apr 06 18:42:24 UTC 2026","","Go Test","github.com/specterops/bloodhound/cmd/api/src/api/v2/auth/TestManagementResource_GetSelf","TestManagementResource_GetSelf"
"Test cases for TestParseKind","1","TestParseKind","","Mon Apr 06 18:42:15 UTC 2026","passed","Mon Apr 06 18:42:15 UTC 2026","","Go Test","github.com/specterops/bloodhound/packages/go/analysis/TestParseKind","TestParseKind"
"","52","sets autoDisplayTable to false if query returns no results","useExploreTableAutoDisplay","Mon Apr 06 18:46:48 UTC 2026","passed","Mon Apr 06 18:46:48 UTC 2026","","","",""
"Test cases for TestResources_GetAssetGroupMemberCount_Success","0","TestResources_GetAssetGroupMemberCount_Success","","Mon Apr 06 18:42:02 UTC 2026","passed","Mon Apr 06 18:42:02 UTC 2026","","Go Test","github.com/specterops/bloodhound/cmd/api/src/api/v2/TestResources_GetAssetGroupMemberCount_Success","TestResources_GetAssetGroupMemberCount_Success"
"","0","An unknown error occurred when fetching the data","Getting the text for the disabled item display for a search when there are no results","Mon Apr 06 18:46:15 UTC 2026","passed","Mon Apr 06 18:46:15 UTC 2026","","Error states","",""
"","218","displays validation error messages when Save button is clicked and no form input is provided","PasswordDialog","Mon Apr 06 18:43:34 UTC 2026","passed","Mon Apr 06 18:43:35 UTC 2026","","","",""
"","38","displays lastlogon cell as UNKNOWN when the value is 0","ExploreTableDataCell","Mon Apr 06 18:47:10 UTC 2026","passed","Mon Apr 06 18:47:10 UTC 2026","","","",""
"","106","updates value when a valid date typed","ManagedDatePicker - value","Mon Apr 06 18:45:37 UTC 2026","passed","Mon Apr 06 18:45:37 UTC 2026","","","",""
"Test cases for TestMatches_FailureErrMsg","0","TestMatches_FailureErrMsg","","Mon Apr 06 18:42:05 UTC 2026","passed","Mon Apr 06 18:42:05 UTC 2026","","Go Test","github.com/specterops/bloodhound/cmd/api/src/model/TestMatches_FailureErrMsg","TestMatches_FailureErrMsg"
"Test cases for TestResources_DownloadCollectorChecksumByVersion","1","TestResources_DownloadCollectorChecksumByVersion","","Mon Apr 06 18:42:02 UTC 2026","passed","Mon Apr 06 18:42:02 UTC 2026","","Go Test","github.com/specterops/bloodhound/cmd/api/src/api/v2/TestResources_DownloadCollectorChecksumByVersion","TestResources_DownloadCollectorChecksumByVersion"
"","3","returns null if paramValue is +0","useEnvironmentParams","Mon Apr 06 18:47:51 UTC 2026","passed","Mon Apr 06 18:47:51 UTC 2026","","parseEnvironmentAggregation","",""
"","351","renders the popup content with run, edit/share, and delete when the menu trigger","ListItemActionMenu","Mon Apr 06 18:46:20 UTC 2026","passed","Mon Apr 06 18:46:20 UTC 2026","","","",""
"","135","calls onConfirm when confirm button clicked","EarlyAccessFeaturesWarningDialog","Mon Apr 06 18:49:04 UTC 2026","passed","Mon Apr 06 18:49:04 UTC 2026","","","",""
"Test cases for TestSIDSuffix_PrependPrefix","0","TestSIDSuffix_PrependPrefix","","Mon Apr 06 18:42:18 UTC 2026","passed","Mon Apr 06 18:42:18 UTC 2026","","Go Test","github.com/specterops/bloodhound/packages/go/analysis/ad/wellknown/TestSIDSuffix_PrependPrefix","TestSIDSuffix_PrependPrefix"
"","494","shows error notification when deletion fails","ActiveExtensionsCard","Mon Apr 06 18:43:30 UTC 2026","passed","Mon Apr 06 18:43:31 UTC 2026","","","",""
"","11","should not render a Field when the provided value is []","Field","Mon Apr 06 18:47:21 UTC 2026","passed","Mon Apr 06 18:47:21 UTC 2026","","","",""
"Test cases for TestManagementResource_ListUsers_DBError","0","TestManagementResource_ListUsers_DBError","","Mon Apr 06 18:42:08 UTC 2026","passed","Mon Apr 06 18:42:08 UTC 2026","","Go Test","github.com/specterops/bloodhound/cmd/api/src/api/v2/auth/TestManagementResource_ListUsers_DBError","TestManagementResource_ListUsers_DBError"
"","132","defaults to wrapped and removes .wrapped class when unwrap btn is clicked","CodeController","Mon Apr 06 18:47:36 UTC 2026","passed","Mon Apr 06 18:47:36 UTC 2026","","","",""
"","119","should have a disabled continue button","TagToZoneLabelDialog","Mon Apr 06 18:45:47 UTC 2026","passed","Mon Apr 06 18:45:47 UTC 2026","","","",""
"Test cases for TestFloatScan","0","TestFloatScan","","Mon Apr 06 18:42:04 UTC 2026","passed","Mon Apr 06 18:42:04 UTC 2026","","Go Test","github.com/specterops/bloodhound/cmd/api/src/database/types/null/TestFloatScan","TestFloatScan"
"Test cases for TestMarshalFloat","0","TestMarshalFloat","","Mon Apr 06 18:42:04 UTC 2026","passed","Mon Apr 06 18:42:04 UTC 2026","","Go Test","github.com/specterops/bloodhound/cmd/api/src/database/types/null/TestMarshalFloat","TestMarshalFloat"
"Test cases for Test_ConvertAppFederatedIdentityCredential","0","Test_ConvertAppFederatedIdentityCredential","","Mon Apr 06 18:42:18 UTC 2026","passed","Mon Apr 06 18:42:18 UTC 2026","","Go Test","github.com/specterops/bloodhound/packages/go/ein/Test_ConvertAppFederatedIdentityCredential","Test_ConvertAppFederatedIdentityCredential"
"Test cases for TestManagementResource_OIDCLoginHandler","13","TestManagementResource_OIDCLoginHandler","","Mon Apr 06 18:42:37 UTC 2026","passed","Mon Apr 06 18:42:37 UTC 2026","","Go Test","github.com/specterops/bloodhound/cmd/api/src/api/v2/auth/TestManagementResource_OIDCLoginHandler","TestManagementResource_OIDCLoginHandler"
"","57","should render a Field when the provided value is false","Field","Mon Apr 06 18:47:21 UTC 2026","passed","Mon Apr 06 18:47:21 UTC 2026","","","",""
"","234","fires delete when edit is clicked","ListItemActionMenu","Mon Apr 06 18:46:20 UTC 2026","passed","Mon Apr 06 18:46:21 UTC 2026","","","",""
"Test cases for TestGetLatestQueryParameter_LatestMalformed","0","TestGetLatestQueryParameter_LatestMalformed","","Mon Apr 06 18:42:02 UTC 2026","passed","Mon Apr 06 18:42:02 UTC 2026","","Go Test","github.com/specterops/bloodhound/cmd/api/src/api/v2/TestGetLatestQueryParameter_LatestMalformed","TestGetLatestQueryParameter_LatestMalformed"
"Test cases for TestResources_ListADEntityConstrainedDelegationRights","0","TestResources_ListADEntityConstrainedDelegationRights","","Mon Apr 06 18:42:02 UTC 2026","passed","Mon Apr 06 18:42:02 UTC 2026","","Go Test","github.com/specterops/bloodhound/cmd/api/src/api/v2/TestResources_ListADEntityConstrainedDelegationRights","TestResources_ListADEntityConstrainedDelegationRights"
"Test cases for TestManagementResource_ListUsers_InvalidFilterPredicate","0","TestManagementResource_ListUsers_InvalidFilterPredicate","","Mon Apr 06 18:42:08 UTC 2026","passed","Mon Apr 06 18:42:08 UTC 2026","","Go Test","github.com/specterops/bloodhound/cmd/api/src/api/v2/auth/TestManagementResource_ListUsers_InvalidFilterPredicate","TestManagementResource_ListUsers_InvalidFilterPredicate"
"","1","lastlogon, lastlogontimestamp","Handling value formatting for Active Directory entity properties lastlogon, lastlogontimestamp, whencreated, and pwdlastset","Mon Apr 06 18:44:19 UTC 2026","passed","Mon Apr 06 18:44:19 UTC 2026","","","",""
"Test cases for TestManagementResource_ListAuthTokens_Admin","0","TestManagementResource_ListAuthTokens_Admin","","Mon Apr 06 18:42:29 UTC 2026","passed","Mon Apr 06 18:42:29 UTC 2026","","Go Test","github.com/specterops/bloodhound/cmd/api/src/api/v2/auth/TestManagementResource_ListAuthTokens_Admin","TestManagementResource_ListAuthTokens_Admin"
"","0","Fetching the data timed out","Getting the text for the disabled item display for a search when there are no results","Mon Apr 06 18:46:15 UTC 2026","passed","Mon Apr 06 18:46:15 UTC 2026","","Error states","",""
"","73","renders a dash when actor is BloodHoundString","NoteCell component","Mon Apr 06 18:46:31 UTC 2026","passed","Mon Apr 06 18:46:31 UTC 2026","","","",""
"Test cases for TestManagementResource_GetSAMLProvider","13","TestManagementResource_GetSAMLProvider","","Mon Apr 06 18:42:37 UTC 2026","passed","Mon Apr 06 18:42:37 UTC 2026","","Go Test","github.com/specterops/bloodhound/cmd/api/src/api/v2/auth/TestManagementResource_GetSAMLProvider","TestManagementResource_GetSAMLProvider"
"","1013","open and closes dialog","DatabaseManagement","Mon Apr 06 18:48:32 UTC 2026","passed","Mon Apr 06 18:48:33 UTC 2026","","","",""
"Test cases for TestResources_BuildDeleteRequest","0","TestResources_BuildDeleteRequest","","Mon Apr 06 18:42:02 UTC 2026","passed","Mon Apr 06 18:42:02 UTC 2026","","Go Test","github.com/specterops/bloodhound/cmd/api/src/api/v2/TestResources_BuildDeleteRequest","TestResources_BuildDeleteRequest"
"","255","should handle close event","TagToZoneLabelDialog","Mon Apr 06 18:45:47 UTC 2026","passed","Mon Apr 06 18:45:47 UTC 2026","","","",""
"","0","reports an Object ID-specific error when editing a rule and ruleType is SeedTypeObjectId and seeds are required","handleError","Mon Apr 06 18:43:47 UTC 2026","passed","Mon Apr 06 18:43:47 UTC 2026","","","",""
"Test cases for TestUrlValidator","0","TestUrlValidator","","Mon Apr 06 18:42:14 UTC 2026","passed","Mon Apr 06 18:42:14 UTC 2026","","Go Test","github.com/specterops/bloodhound/cmd/api/src/utils/validation/TestUrlValidator","TestUrlValidator"
"","904","should not allow the input to exceed the allowed length","UpdateUserForm","Mon Apr 06 18:43:13 UTC 2026","passed","Mon Apr 06 18:43:14 UTC 2026","","","",""
"Test cases for TestFilter","0","TestFilter","","Mon Apr 06 18:42:20 UTC 2026","passed","Mon Apr 06 18:42:20 UTC 2026","","Go Test","github.com/specterops/bloodhound/packages/go/slicesext/TestFilter","TestFilter"
"","9","displays lastlogon cell as NEVER when the value is -1","ExploreTableDataCell","Mon Apr 06 18:47:10 UTC 2026","passed","Mon Apr 06 18:47:10 UTC 2026","","","",""
"Test cases for TestTypes_Value","0","TestTypes_Value","","Mon Apr 06 18:42:04 UTC 2026","passed","Mon Apr 06 18:42:04 UTC 2026","","Go Test","github.com/specterops/bloodhound/cmd/api/src/database/types/TestTypes_Value","TestTypes_Value"
"Test cases for TestResources_DeleteSavedQuery","0","TestResources_DeleteSavedQuery","","Mon Apr 06 18:42:02 UTC 2026","passed","Mon Apr 06 18:42:02 UTC 2026","","Go Test","github.com/specterops/bloodhound/cmd/api/src/api/v2/TestResources_DeleteSavedQuery","TestResources_DeleteSavedQuery"
"","778","should render many sections with many navigation items","SubNav","Mon Apr 06 18:46:41 UTC 2026","passed","Mon Apr 06 18:46:41 UTC 2026","","","",""
"","118","displays Force Password Reset checkbox when showNeedsPasswordReset is true","PasswordDialog","Mon Apr 06 18:43:34 UTC 2026","passed","Mon Apr 06 18:43:34 UTC 2026","","","",""
"","20","disables the upload button and does not populate a table if the user lacks the permission","File Upload","Mon Apr 06 18:45:17 UTC 2026","passed","Mon Apr 06 18:45:17 UTC 2026","","","",""
"","424","renders headers","CommonSearches","Mon Apr 06 18:44:12 UTC 2026","passed","Mon Apr 06 18:44:13 UTC 2026","","","",""
"","780","should not call onSubmit when expired password matches current password when reset password button clicked","PasswordResetForm","Mon Apr 06 18:45:25 UTC 2026","passed","Mon Apr 06 18:45:26 UTC 2026","","","",""
"","248","on clicking switch shows modal and when clicking confirm closes it and switch changes to disabled","CitrixRDPConfiguration","Mon Apr 06 18:44:31 UTC 2026","passed","Mon Apr 06 18:44:31 UTC 2026","","Click on switch to disable","",""
"Test cases for TestDatabase_checkError_OtherError","0","TestDatabase_checkError_OtherError","","Mon Apr 06 18:42:04 UTC 2026","passed","Mon Apr 06 18:42:04 UTC 2026","","Go Test","github.com/specterops/bloodhound/cmd/api/src/database/TestDatabase_checkError_OtherError","TestDatabase_checkError_OtherError"
"","326","displays expected results when searching by label","SearchCurrentNodes","Mon Apr 06 18:45:55 UTC 2026","passed","Mon Apr 06 18:45:56 UTC 2026","","","",""
"","295","navigates to rule details when clicking a rule row","RulesAccordion","Mon Apr 06 18:45:51 UTC 2026","passed","Mon Apr 06 18:45:51 UTC 2026","","","",""
"","11594","checking a subcategory updates all children (edge types) in its group","Pathfinding","Mon Apr 06 18:44:55 UTC 2026","passed","Mon Apr 06 18:45:06 UTC 2026","","","",""
"Test cases for TestRequestWaitDuration","0","TestRequestWaitDuration","","Mon Apr 06 18:41:53 UTC 2026","passed","Mon Apr 06 18:41:53 UTC 2026","","Go Test","github.com/specterops/bloodhound/cmd/api/src/api/middleware/TestRequestWaitDuration","TestRequestWaitDuration"
"","651","displays a warning dialog when mounted","EarlyAccessFeatures","Mon Apr 06 18:48:42 UTC 2026","passed","Mon Apr 06 18:48:43 UTC 2026","","","",""
"Test cases for TestResources_GetUserEntityInfo","1","TestResources_GetUserEntityInfo","","Mon Apr 06 18:42:02 UTC 2026","passed","Mon Apr 06 18:42:02 UTC 2026","","Go Test","github.com/specterops/bloodhound/cmd/api/src/api/v2/TestResources_GetUserEntityInfo","TestResources_GetUserEntityInfo"
"","67","updates value when an invalid date typed","ManagedDatePicker - value","Mon Apr 06 18:45:37 UTC 2026","passed","Mon Apr 06 18:45:37 UTC 2026","","","",""
"","0","returns true if value is ''","searchParams","Mon Apr 06 18:46:20 UTC 2026","passed","Mon Apr 06 18:46:20 UTC 2026","","isEmptyParam","",""
"","977","should not have less characters than the minimum requirement","CreateUserForm","Mon Apr 06 18:43:47 UTC 2026","passed","Mon Apr 06 18:43:48 UTC 2026","","","",""
"","0","Input does not contain a type","Parsing the debounced input for type and keyword values","Mon Apr 06 18:46:15 UTC 2026","passed","Mon Apr 06 18:46:15 UTC 2026","","","",""
"Test cases for TestConvertDomainToNode_InheritanceHashes","0","TestConvertDomainToNode_InheritanceHashes","","Mon Apr 06 18:42:18 UTC 2026","passed","Mon Apr 06 18:42:18 UTC 2026","","Go Test","github.com/specterops/bloodhound/packages/go/ein/TestConvertDomainToNode_InheritanceHashes","TestConvertDomainToNode_InheritanceHashes"
"Test cases for TestResources_ListAuditLogs_Filtered","0","TestResources_ListAuditLogs_Filtered","","Mon Apr 06 18:42:02 UTC 2026","passed","Mon Apr 06 18:42:02 UTC 2026","","Go Test","github.com/specterops/bloodhound/cmd/api/src/api/v2/TestResources_ListAuditLogs_Filtered","TestResources_ListAuditLogs_Filtered"
"Test cases for Test_SetNodeProperties","1","Test_SetNodeProperties","","Mon Apr 06 18:42:02 UTC 2026","passed","Mon Apr 06 18:42:02 UTC 2026","","Go Test","github.com/specterops/bloodhound/cmd/api/src/api/v2/Test_SetNodeProperties","Test_SetNodeProperties"
"","400","Selecting an edge with a Computer target node that haslaps is enabled shows correct Windows Abuse text","EdgeInfoContent","Mon Apr 06 18:43:25 UTC 2026","passed","Mon Apr 06 18:43:25 UTC 2026","","","",""
"","0","should return false when there is no match","OperationsFilterPlugin","Mon Apr 06 18:47:57 UTC 2026","passed","Mon Apr 06 18:47:57 UTC 2026","","","",""
"Test cases for TestResources_ListExtensions","49","TestResources_ListExtensions","","Mon Apr 06 18:42:02 UTC 2026","passed","Mon Apr 06 18:42:02 UTC 2026","","Go Test","github.com/specterops/bloodhound/cmd/api/src/api/v2/TestResources_ListExtensions","TestResources_ListExtensions"
"","94","renders the total count and object counts on success","ObjectCountPanel","Mon Apr 06 18:47:18 UTC 2026","passed","Mon Apr 06 18:47:18 UTC 2026","","","",""
"","131","continue button is disabled when no SSO provider has been selected","LoginViaSSOForm","Mon Apr 06 18:46:18 UTC 2026","passed","Mon Apr 06 18:46:18 UTC 2026","","","",""
"Test cases for TestSignRequestSuccess","0","TestSignRequestSuccess","","Mon Apr 06 18:41:52 UTC 2026","passed","Mon Apr 06 18:41:52 UTC 2026","","Go Test","github.com/specterops/bloodhound/cmd/api/src/api/TestSignRequestSuccess","TestSignRequestSuccess"
"","776","should render the cypher search controls when user clicks on cypher tab","ExploreSearch rendering per tab","Mon Apr 06 18:48:22 UTC 2026","passed","Mon Apr 06 18:48:23 UTC 2026","","","",""
"Test cases for TestDisenrollMFA_Failure","1","TestDisenrollMFA_Failure","","Mon Apr 06 18:42:31 UTC 2026","passed","Mon Apr 06 18:42:31 UTC 2026","","Go Test","github.com/specterops/bloodhound/cmd/api/src/api/v2/auth/TestDisenrollMFA_Failure","TestDisenrollMFA_Failure"
"","16","Calls the cypher search endpoint for a node that is hidden from user with not all environments access","EntityObjectInformation","Mon Apr 06 18:45:36 UTC 2026","passed","Mon Apr 06 18:45:36 UTC 2026","","","",""
"","0","returns null if paramValue is undefined","useEnvironmentParams","Mon Apr 06 18:47:51 UTC 2026","passed","Mon Apr 06 18:47:51 UTC 2026","","parseEnvironmentAggregation","",""
"","0","filters by multiple platforms","filterAndSearchEnvironments","Mon Apr 06 18:43:20 UTC 2026","passed","Mon Apr 06 18:43:20 UTC 2026","","platform filters","",""
"Test cases for TestCache_Get","0","TestCache_Get","","Mon Apr 06 18:42:18 UTC 2026","passed","Mon Apr 06 18:42:18 UTC 2026","","Go Test","github.com/specterops/bloodhound/packages/go/cache/TestCache_Get","TestCache_Get"
"Test cases for TestQueries_BuildEntityQueryParams_InvalidSkip","0","TestQueries_BuildEntityQueryParams_InvalidSkip","","Mon Apr 06 18:42:07 UTC 2026","passed","Mon Apr 06 18:42:07 UTC 2026","","Go Test","github.com/specterops/bloodhound/cmd/api/src/queries/TestQueries_BuildEntityQueryParams_InvalidSkip","TestQueries_BuildEntityQueryParams_InvalidSkip"
"Test cases for TestResources_ListPublishedToCAs","3","TestResources_ListPublishedToCAs","","Mon Apr 06 18:42:02 UTC 2026","passed","Mon Apr 06 18:42:02 UTC 2026","","Go Test","github.com/specterops/bloodhound/cmd/api/src/api/v2/TestResources_ListPublishedToCAs","TestResources_ListPublishedToCAs"
"Test cases for TestAddWhereClauseToNeo4jQuery_NoWhereClause","0","TestAddWhereClauseToNeo4jQuery_NoWhereClause","","Mon Apr 06 18:42:02 UTC 2026","passed","Mon Apr 06 18:42:02 UTC 2026","","Go Test","github.com/specterops/bloodhound/cmd/api/src/api/v2/TestAddWhereClauseToNeo4jQuery_NoWhereClause","TestAddWhereClauseToNeo4jQuery_NoWhereClause"
"","43","does not render the analysis toggle when multi tier analysis enabled is false","Tag Form","Mon Apr 06 18:43:06 UTC 2026","passed","Mon Apr 06 18:43:06 UTC 2026","","","",""
"","1","should hide/expand search widget when user clicks minus/plus button","ExploreSearch rendering per tab","Mon Apr 06 18:49:07 UTC 2026","unknown","Mon Apr 06 18:49:07 UTC 2026","","","",""
"","98","does not trigger search for fewer than 3 characters","SearchBar","Mon Apr 06 18:47:42 UTC 2026","passed","Mon Apr 06 18:47:42 UTC 2026","","","",""
"Test cases for TestManagementResource_DeleteUser_UserCannotSelfDelete","652","TestManagementResource_DeleteUser_UserCannotSelfDelete","","Mon Apr 06 18:42:24 UTC 2026","passed","Mon Apr 06 18:42:25 UTC 2026","","Go Test","github.com/specterops/bloodhound/cmd/api/src/api/v2/auth/TestManagementResource_DeleteUser_UserCannotSelfDelete","TestManagementResource_DeleteUser_UserCannotSelfDelete"
"","48","applies accent styling to headers when accent is true","<DetailsAccordion />","Mon Apr 06 18:44:06 UTC 2026","passed","Mon Apr 06 18:44:06 UTC 2026","","","",""
"Test cases for TestResources_ListCAPKIHierarchy","0","TestResources_ListCAPKIHierarchy","","Mon Apr 06 18:42:02 UTC 2026","passed","Mon Apr 06 18:42:02 UTC 2026","","Go Test","github.com/specterops/bloodhound/cmd/api/src/api/v2/TestResources_ListCAPKIHierarchy","TestResources_ListCAPKIHierarchy"
"","15","does not call onSort when disable=true","ColumnHeaders","Mon Apr 06 18:45:40 UTC 2026","passed","Mon Apr 06 18:45:40 UTC 2026","","SortableHeader","",""
"","290","should display CreateUserTokenDialog","UserTokenManagementDialog","Mon Apr 06 18:44:10 UTC 2026","passed","Mon Apr 06 18:44:10 UTC 2026","","when user clicks ""Create Token"" button","",""
"Test cases for TestResources_DeleteSavedQuery_DeleteError","0","TestResources_DeleteSavedQuery_DeleteError","","Mon Apr 06 18:42:02 UTC 2026","passed","Mon Apr 06 18:42:02 UTC 2026","","Go Test","github.com/specterops/bloodhound/cmd/api/src/api/v2/TestResources_DeleteSavedQuery_DeleteError","TestResources_DeleteSavedQuery_DeleteError"
"Test cases for TestWriteAndValidateJSON_NormalizationError","6","TestWriteAndValidateJSON_NormalizationError","","Mon Apr 06 18:42:10 UTC 2026","passed","Mon Apr 06 18:42:10 UTC 2026","","Go Test","github.com/specterops/bloodhound/cmd/api/src/services/upload/TestWriteAndValidateJSON_NormalizationError","TestWriteAndValidateJSON_NormalizationError"
"","126","shows the empty form message when Object Rule Form is empty","Seed Selection Results","Mon Apr 06 18:44:01 UTC 2026","passed","Mon Apr 06 18:44:02 UTC 2026","","","",""
"Test cases for TestResources_ListADDomainContainedComputers","0","TestResources_ListADDomainContainedComputers","","Mon Apr 06 18:42:02 UTC 2026","passed","Mon Apr 06 18:42:02 UTC 2026","","Go Test","github.com/specterops/bloodhound/cmd/api/src/api/v2/TestResources_ListADDomainContainedComputers","TestResources_ListADDomainContainedComputers"
"Test cases for TestResources_ListAcceptedFileUploadTypes","0","TestResources_ListAcceptedFileUploadTypes","","Mon Apr 06 18:42:02 UTC 2026","passed","Mon Apr 06 18:42:02 UTC 2026","","Go Test","github.com/specterops/bloodhound/cmd/api/src/api/v2/TestResources_ListAcceptedFileUploadTypes","TestResources_ListAcceptedFileUploadTypes"
"","206","opens when keyboard shortcut is pressed","GraphControls","Mon Apr 06 18:43:51 UTC 2026","passed","Mon Apr 06 18:43:51 UTC 2026","","Searching current results","",""
"Test cases for TestResources_ListRootCAPKIHierarchy","3","TestResources_ListRootCAPKIHierarchy","","Mon Apr 06 18:42:02 UTC 2026","passed","Mon Apr 06 18:42:02 UTC 2026","","Go Test","github.com/specterops/bloodhound/cmd/api/src/api/v2/TestResources_ListRootCAPKIHierarchy","TestResources_ListRootCAPKIHierarchy"
"","55","displays the checkbox as checked if the filter params value is 'true'","AssetGroupEdit","Mon Apr 06 18:44:25 UTC 2026","passed","Mon Apr 06 18:44:25 UTC 2026","","Custom Member checkbox filter","",""
"Test cases for TestResources_EndIngestJob","56","TestResources_EndIngestJob","","Mon Apr 06 18:42:02 UTC 2026","passed","Mon Apr 06 18:42:02 UTC 2026","","Go Test","github.com/specterops/bloodhound/cmd/api/src/api/v2/TestResources_EndIngestJob","TestResources_EndIngestJob"
"Test cases for TestManagementResource_ListAuthTokens_Filtered","0","TestManagementResource_ListAuthTokens_Filtered","","Mon Apr 06 18:42:29 UTC 2026","passed","Mon Apr 06 18:42:29 UTC 2026","","Go Test","github.com/specterops/bloodhound/cmd/api/src/api/v2/auth/TestManagementResource_ListAuthTokens_Filtered","TestManagementResource_ListAuthTokens_Filtered"
"","2","returns all environments when no filters are active","filterAndSearchEnvironments","Mon Apr 06 18:43:20 UTC 2026","passed","Mon Apr 06 18:43:20 UTC 2026","","with no filters applied","",""
"","196","renders with the Export and Delete buttons disabled","QuerySearchFilter","Mon Apr 06 18:45:57 UTC 2026","passed","Mon Apr 06 18:45:57 UTC 2026","","","",""
"Test cases for TestManagementResource_DeleteUser_Success","654","TestManagementResource_DeleteUser_Success","","Mon Apr 06 18:42:26 UTC 2026","passed","Mon Apr 06 18:42:26 UTC 2026","","Go Test","github.com/specterops/bloodhound/cmd/api/src/api/v2/auth/TestManagementResource_DeleteUser_Success","TestManagementResource_DeleteUser_Success"
"","72","skips undefined items gracefully","<DetailsAccordion />","Mon Apr 06 18:44:06 UTC 2026","passed","Mon Apr 06 18:44:06 UTC 2026","","","",""
"","929","sets the selectedItem param and closes popper when a node is selected","GraphControls","Mon Apr 06 18:43:51 UTC 2026","passed","Mon Apr 06 18:43:52 UTC 2026","","Searching current results","",""
"Test cases for Test_setRawValue","0","Test_setRawValue","","Mon Apr 06 18:42:03 UTC 2026","passed","Mon Apr 06 18:42:03 UTC 2026","","Go Test","github.com/specterops/bloodhound/cmd/api/src/config/Test_setRawValue","Test_setRawValue"
"Test cases for TestManagementResource_PutUserAuthSecret","5738","TestManagementResource_PutUserAuthSecret","","Mon Apr 06 18:42:03 UTC 2026","passed","Mon Apr 06 18:42:08 UTC 2026","","Go Test","github.com/specterops/bloodhound/cmd/api/src/api/v2/auth/TestManagementResource_PutUserAuthSecret","TestManagementResource_PutUserAuthSecret"
"","67","sets autoDisplayTable to false if enabled param is false","useExploreTableAutoDisplay","Mon Apr 06 18:46:48 UTC 2026","passed","Mon Apr 06 18:46:48 UTC 2026","","","",""
"","0","combines platform and risk filters","filterAndSearchEnvironments","Mon Apr 06 18:43:20 UTC 2026","passed","Mon Apr 06 18:43:20 UTC 2026","","combined filters","",""
"","1162","when user performs a single node search, the selected node carries over to the `start node` input field on the pathfinding tab","ExploreSearch interaction","Mon Apr 06 18:48:25 UTC 2026","passed","Mon Apr 06 18:48:26 UTC 2026","","","",""
"Test cases for TestTypes_Scan_InvalidInput","0","TestTypes_Scan_InvalidInput","","Mon Apr 06 18:42:04 UTC 2026","passed","Mon Apr 06 18:42:04 UTC 2026","","Go Test","github.com/specterops/bloodhound/cmd/api/src/database/types/TestTypes_Scan_InvalidInput","TestTypes_Scan_InvalidInput"
"","6","updates key in state","useObjectState","Mon Apr 06 18:47:06 UTC 2026","passed","Mon Apr 06 18:47:06 UTC 2026","","","",""
"","21","does not show View in Explore if exploreUrl is not supplied","Seed Selection Results","Mon Apr 06 18:44:02 UTC 2026","passed","Mon Apr 06 18:44:02 UTC 2026","","","",""
"","201","fires runQuery in context provider","ListItemActionMenu","Mon Apr 06 18:46:21 UTC 2026","passed","Mon Apr 06 18:46:21 UTC 2026","","","",""
"Test cases for TestIngestJobs_ValidFilters","0","TestIngestJobs_ValidFilters","","Mon Apr 06 18:42:05 UTC 2026","passed","Mon Apr 06 18:42:05 UTC 2026","","Go Test","github.com/specterops/bloodhound/cmd/api/src/model/TestIngestJobs_ValidFilters","TestIngestJobs_ValidFilters"
"","0","returns disabled if relationshipQueryItemId does not have a matching sourceId, edgeType, targetId","useExploreGraph","Mon Apr 06 18:43:43 UTC 2026","passed","Mon Apr 06 18:43:43 UTC 2026","composition search queries","exploreGraphQueryFactory","",""
"","1","filters by name search (case insensitive)","filterAndSearchEnvironments","Mon Apr 06 18:43:20 UTC 2026","passed","Mon Apr 06 18:43:20 UTC 2026","","search filter","",""
"","7","returns all collected environment ids associated to a given aggregation","getEnvironmentAggregationIds","Mon Apr 06 18:43:20 UTC 2026","passed","Mon Apr 06 18:43:20 UTC 2026","","","",""
"","131","should display a total count of asset group members","AssetGroupEdit","Mon Apr 06 18:46:02 UTC 2026","passed","Mon Apr 06 18:46:02 UTC 2026","","","",""
"Test cases for TestTextUnmarshalFloat","0","TestTextUnmarshalFloat","","Mon Apr 06 18:42:04 UTC 2026","passed","Mon Apr 06 18:42:04 UTC 2026","","Go Test","github.com/specterops/bloodhound/cmd/api/src/database/types/null/TestTextUnmarshalFloat","TestTextUnmarshalFloat"
"","14","returns the remaining amount of zones available for creation","useTagLimits","Mon Apr 06 18:43:34 UTC 2026","passed","Mon Apr 06 18:43:34 UTC 2026","","","",""
"","8","when password is expired and on password reset page, no redirect occurs","AuthenticatedRoute","Mon Apr 06 18:48:51 UTC 2026","passed","Mon Apr 06 18:48:51 UTC 2026","","","",""
"","572","clicking cancel on the form takes the user back to the details page the user was on previously","Rule Form","Mon Apr 06 18:43:26 UTC 2026","passed","Mon Apr 06 18:43:27 UTC 2026","","","",""
"Test cases for TestResources_RequestAnalysis","98","TestResources_RequestAnalysis","","Mon Apr 06 18:42:02 UTC 2026","passed","Mon Apr 06 18:42:02 UTC 2026","","Go Test","github.com/specterops/bloodhound/cmd/api/src/api/v2/TestResources_RequestAnalysis","TestResources_RequestAnalysis"
"","0","does not change the day, month, or year value of the DateTime object","floorToNearestMinute","Mon Apr 06 18:47:08 UTC 2026","passed","Mon Apr 06 18:47:08 UTC 2026","","","",""
"Test cases for TestSignRequestAtInternalError","0","TestSignRequestAtInternalError","","Mon Apr 06 18:41:52 UTC 2026","passed","Mon Apr 06 18:41:52 UTC 2026","","Go Test","github.com/specterops/bloodhound/cmd/api/src/api/TestSignRequestAtInternalError","TestSignRequestAtInternalError"
"","69","fetches new information when a different databaseId is passed","useFetchEntityInfo","Mon Apr 06 18:45:29 UTC 2026","passed","Mon Apr 06 18:45:30 UTC 2026","","","",""
"TestMigrator_GenerateManifestAfterVersion builds upon the GenerateManifest testby starting from different version points and spot checking migration counts.","1","TestMigrator_GenerateManifestAfterVersion","","Mon Apr 06 18:42:04 UTC 2026","passed","Mon Apr 06 18:42:04 UTC 2026","","Go Test","github.com/specterops/bloodhound/cmd/api/src/database/migration/TestMigrator_GenerateManifestAfterVersion","TestMigrator_GenerateManifestAfterVersion"
"","6180","checking a single edge type updates its parent and grandparent","Pathfinding","Mon Apr 06 18:45:06 UTC 2026","passed","Mon Apr 06 18:45:13 UTC 2026","","","",""
"","204","shows ""Select All"" when not all columns are selected","ManageColumnsComboBox","Mon Apr 06 18:44:07 UTC 2026","passed","Mon Apr 06 18:44:07 UTC 2026","","","",""
"","238","Displays a notification when an error happened when requesting analysis","AnalyzeNowConfiguration","Mon Apr 06 18:44:50 UTC 2026","passed","Mon Apr 06 18:44:50 UTC 2026","","","",""
"Test cases for TestResources_DeleteSavedQuery_RecordNotFound_EdgeCase","0","TestResources_DeleteSavedQuery_RecordNotFound_EdgeCase","","Mon Apr 06 18:42:02 UTC 2026","passed","Mon Apr 06 18:42:02 UTC 2026","","Go Test","github.com/specterops/bloodhound/cmd/api/src/api/v2/TestResources_DeleteSavedQuery_RecordNotFound_EdgeCase","TestResources_DeleteSavedQuery_RecordNotFound_EdgeCase"
"","52","tag members refetches on sort change","the useAssetGroupTags utilities","Mon Apr 06 18:44:02 UTC 2026","passed","Mon Apr 06 18:44:02 UTC 2026","","","",""
"","184","does not make feature-flag request if user is not fully authenticated","app","Mon Apr 06 18:48:51 UTC 2026","passed","Mon Apr 06 18:48:51 UTC 2026","","<Inner />","",""
"Test cases for TestFormatDatabaseErrorNotFound","0","TestFormatDatabaseErrorNotFound","","Mon Apr 06 18:41:52 UTC 2026","passed","Mon Apr 06 18:41:52 UTC 2026","","Go Test","github.com/specterops/bloodhound/cmd/api/src/api/TestFormatDatabaseErrorNotFound","TestFormatDatabaseErrorNotFound"
"","2","returns undefined for headers when db config timeout limit setting is disabled and state of is disable query limit is false","useExploreGraph","Mon Apr 06 18:43:43 UTC 2026","passed","Mon Apr 06 18:43:43 UTC 2026","userSettings","exploreGraphQueryFactory","",""
"","494","should display ""Generate/Revoke API Tokens"" title","UserTokenManagementDialog","Mon Apr 06 18:44:08 UTC 2026","passed","Mon Apr 06 18:44:09 UTC 2026","","","",""
"Test cases for TestBoolEqual","0","TestBoolEqual","","Mon Apr 06 18:42:04 UTC 2026","passed","Mon Apr 06 18:42:04 UTC 2026","","Go Test","github.com/specterops/bloodhound/cmd/api/src/database/types/null/TestBoolEqual","TestBoolEqual"
"Test cases for TestNormalizeToUTF8_ReaderError","0","TestNormalizeToUTF8_ReaderError","","Mon Apr 06 18:42:18 UTC 2026","passed","Mon Apr 06 18:42:18 UTC 2026","","Go Test","github.com/specterops/bloodhound/packages/go/bomenc/TestNormalizeToUTF8_ReaderError","TestNormalizeToUTF8_ReaderError"
"Test cases for TestCORSMiddleware","0","TestCORSMiddleware","","Mon Apr 06 18:41:53 UTC 2026","passed","Mon Apr 06 18:41:53 UTC 2026","","Go Test","github.com/specterops/bloodhound/cmd/api/src/api/middleware/TestCORSMiddleware","TestCORSMiddleware"
"Test cases for TestBuildSQLFilter","0","TestBuildSQLFilter","","Mon Apr 06 18:42:05 UTC 2026","passed","Mon Apr 06 18:42:05 UTC 2026","","Go Test","github.com/specterops/bloodhound/cmd/api/src/model/TestBuildSQLFilter","TestBuildSQLFilter"
"","5113","Typing in the search bar filters the results","ExploreTable","Mon Apr 06 18:43:05 UTC 2026","passed","Mon Apr 06 18:43:10 UTC 2026","","","",""
"Test cases for TestResources_UpdateSavedQuery_QueryBelongsToAnotherUser","0","TestResources_UpdateSavedQuery_QueryBelongsToAnotherUser","","Mon Apr 06 18:42:02 UTC 2026","passed","Mon Apr 06 18:42:02 UTC 2026","","Go Test","github.com/specterops/bloodhound/cmd/api/src/api/v2/TestResources_UpdateSavedQuery_QueryBelongsToAnotherUser","TestResources_UpdateSavedQuery_QueryBelongsToAnotherUser"
"","476","calls setFilters when the Confirm button is clicked","Privilege Zones History Filter Dialog","Mon Apr 06 18:45:19 UTC 2026","passed","Mon Apr 06 18:45:19 UTC 2026","","","",""
"","93","if a hint is given, it show date placeholder on focus, restores hint on blur","ManagedDatePicker - placeholders","Mon Apr 06 18:45:36 UTC 2026","passed","Mon Apr 06 18:45:36 UTC 2026","","","",""
"","330","sets a primarySearch=id and searchType=node when secondarySearch is falsey","ContextMenu","Mon Apr 06 18:48:31 UTC 2026","passed","Mon Apr 06 18:48:31 UTC 2026","","","",""
"","1","Origin label and sizing are used when specified","copySigmaNodesToGraphlibGraph","Mon Apr 06 18:48:47 UTC 2026","passed","Mon Apr 06 18:48:47 UTC 2026","","","",""
"Test cases for TestDatabase_NullUUID","0","TestDatabase_NullUUID","","Mon Apr 06 18:42:04 UTC 2026","passed","Mon Apr 06 18:42:04 UTC 2026","","Go Test","github.com/specterops/bloodhound/cmd/api/src/database/TestDatabase_NullUUID","TestDatabase_NullUUID"
"","154","renders enabled Label, Rule and Object tabs","Selected Details Tabs","Mon Apr 06 18:45:10 UTC 2026","passed","Mon Apr 06 18:45:10 UTC 2026","","Selected Details Tabs - Params present","",""
"","0","shows no collection methods","toCollected","Mon Apr 06 18:47:27 UTC 2026","passed","Mon Apr 06 18:47:27 UTC 2026","","","",""
"Test cases for TestAssetGroupSelectorSpec_Validate","0","TestAssetGroupSelectorSpec_Validate","","Mon Apr 06 18:42:05 UTC 2026","passed","Mon Apr 06 18:42:05 UTC 2026","","Go Test","github.com/specterops/bloodhound/cmd/api/src/model/TestAssetGroupSelectorSpec_Validate","TestAssetGroupSelectorSpec_Validate"
"","186","renders","EarlyAccessFeatureToggle","Mon Apr 06 18:48:53 UTC 2026","passed","Mon Apr 06 18:48:53 UTC 2026","","","",""
"","294","displays 0 when a given sections returns empty, and sums the rest of the sections correctly","EntityInfoDataTable","Mon Apr 06 18:43:57 UTC 2026","passed","Mon Apr 06 18:43:58 UTC 2026","","Node count for nested table that counts all sections","",""
"","265","invokes handleFilterChange with eq:false when clicked and custom_member filter is on","AssetGroupEdit","Mon Apr 06 18:44:25 UTC 2026","passed","Mon Apr 06 18:44:25 UTC 2026","","Custom Member checkbox filter","",""
"","162","should call ""onCancel one time""","Enable2FADialog","Mon Apr 06 18:46:31 UTC 2026","passed","Mon Apr 06 18:46:31 UTC 2026","","user clicks ""Cancel"" button","",""
"","76","disables delete button for built-in extensions","ActiveExtensionsCard","Mon Apr 06 18:43:28 UTC 2026","passed","Mon Apr 06 18:43:28 UTC 2026","","","",""
"Test cases for TestParseOptionalBoolMisspelledValue","0","TestParseOptionalBoolMisspelledValue","","Mon Apr 06 18:41:51 UTC 2026","passed","Mon Apr 06 18:41:51 UTC 2026","","Go Test","github.com/specterops/bloodhound/cmd/api/src/api/TestParseOptionalBoolMisspelledValue","TestParseOptionalBoolMisspelledValue"
"","0","returns empty array when combined filters match nothing","filterAndSearchEnvironments","Mon Apr 06 18:43:20 UTC 2026","passed","Mon Apr 06 18:43:20 UTC 2026","","combined filters","",""
"","255","should handle click events on apply and cancel","ConfirmUpdateQueryDialog","Mon Apr 06 18:47:29 UTC 2026","passed","Mon Apr 06 18:47:29 UTC 2026","","","",""
"","11","dismisses a notification","AppNotifications","Mon Apr 06 18:46:34 UTC 2026","passed","Mon Apr 06 18:46:34 UTC 2026","","","",""
"Test cases for TestResources_CreateSavedQuery_NotAUserAuth","1","TestResources_CreateSavedQuery_NotAUserAuth","","Mon Apr 06 18:42:02 UTC 2026","passed","Mon Apr 06 18:42:02 UTC 2026","","Go Test","github.com/specterops/bloodhound/cmd/api/src/api/v2/TestResources_CreateSavedQuery_NotAUserAuth","TestResources_CreateSavedQuery_NotAUserAuth"
"Test cases for TestCache_Reset","0","TestCache_Reset","","Mon Apr 06 18:42:18 UTC 2026","passed","Mon Apr 06 18:42:18 UTC 2026","","Go Test","github.com/specterops/bloodhound/packages/go/cache/TestCache_Reset","TestCache_Reset"
"","120","renders a single item when items is an object","<DetailsAccordion />","Mon Apr 06 18:44:06 UTC 2026","passed","Mon Apr 06 18:44:06 UTC 2026","","","",""
"","48","Gets focus on keyboard shortcut","SearchBar","Mon Apr 06 18:47:42 UTC 2026","passed","Mon Apr 06 18:47:42 UTC 2026","","","",""
"","101","should redirect to nested /file-ingest route if user navigates to /","Administration","Mon Apr 06 18:48:58 UTC 2026","passed","Mon Apr 06 18:48:59 UTC 2026","","","",""
"Test cases for TestResources_DeleteSavedQuery_IsPublicSavedQueryDBError","0","TestResources_DeleteSavedQuery_IsPublicSavedQueryDBError","","Mon Apr 06 18:42:02 UTC 2026","passed","Mon Apr 06 18:42:02 UTC 2026","","Go Test","github.com/specterops/bloodhound/cmd/api/src/api/v2/TestResources_DeleteSavedQuery_IsPublicSavedQueryDBError","TestResources_DeleteSavedQuery_IsPublicSavedQueryDBError"
"Test cases for TestFeatureFlagManager","1","TestFeatureFlagManager","","Mon Apr 06 18:42:04 UTC 2026","passed","Mon Apr 06 18:42:04 UTC 2026","","Go Test","github.com/specterops/bloodhound/cmd/api/src/daemons/changelog/TestFeatureFlagManager","TestFeatureFlagManager"
"Test cases for TestResources_UpdateSavedQuery_InvalidID","0","TestResources_UpdateSavedQuery_InvalidID","","Mon Apr 06 18:42:02 UTC 2026","passed","Mon Apr 06 18:42:02 UTC 2026","","Go Test","github.com/specterops/bloodhound/cmd/api/src/api/v2/TestResources_UpdateSavedQuery_InvalidID","TestResources_UpdateSavedQuery_InvalidID"
"","167","renders error message on error","ObjectCountPanel","Mon Apr 06 18:47:18 UTC 2026","passed","Mon Apr 06 18:47:18 UTC 2026","","","",""
"Test cases for TestTracker_HasEdge_And_DeletedEdges","0","TestTracker_HasEdge_And_DeletedEdges","","Mon Apr 06 18:42:18 UTC 2026","passed","Mon Apr 06 18:42:18 UTC 2026","","Go Test","github.com/specterops/bloodhound/packages/go/analysis/delta/TestTracker_HasEdge_And_DeletedEdges","TestTracker_HasEdge_And_DeletedEdges"
"Test cases for TestParseDomainTrusts_TrustAttributes","1","TestParseDomainTrusts_TrustAttributes","","Mon Apr 06 18:42:18 UTC 2026","passed","Mon Apr 06 18:42:18 UTC 2026","","Go Test","github.com/specterops/bloodhound/packages/go/ein/TestParseDomainTrusts_TrustAttributes","TestParseDomainTrusts_TrustAttributes"
"Test cases for TestResources_DeleteAssetGroupTagSelector","1","TestResources_DeleteAssetGroupTagSelector","","Mon Apr 06 18:42:02 UTC 2026","passed","Mon Apr 06 18:42:02 UTC 2026","","Go Test","github.com/specterops/bloodhound/cmd/api/src/api/v2/TestResources_DeleteAssetGroupTagSelector","TestResources_DeleteAssetGroupTagSelector"
"","313","The reset password and two-factor authentication options should not appear in profile page if the user is configured for SAML login","UserProfile with SSO User","Mon Apr 06 18:44:36 UTC 2026","passed","Mon Apr 06 18:44:37 UTC 2026","","","",""
"","91","Calls the `Base` endpoint for a LocalGroup type node","EntityObjectInformation","Mon Apr 06 18:45:36 UTC 2026","passed","Mon Apr 06 18:45:36 UTC 2026","","","",""
"Test cases for TestSelfDestructingTempFile","0","TestSelfDestructingTempFile","","Mon Apr 06 18:41:52 UTC 2026","passed","Mon Apr 06 18:41:52 UTC 2026","","Go Test","github.com/specterops/bloodhound/cmd/api/src/api/TestSelfDestructingTempFile","TestSelfDestructingTempFile"
"","315","should render a TagToZoneLabelDialog component","TagToZoneLabelDialog","Mon Apr 06 18:45:47 UTC 2026","passed","Mon Apr 06 18:45:47 UTC 2026","","","",""
"","37","should display the checkbox group title","Checkbox group","Mon Apr 06 18:47:37 UTC 2026","passed","Mon Apr 06 18:47:37 UTC 2026","","","",""
"Test cases for TestResources_ListSavedQueries","21","TestResources_ListSavedQueries","","Mon Apr 06 18:42:02 UTC 2026","passed","Mon Apr 06 18:42:02 UTC 2026","","Go Test","github.com/specterops/bloodhound/cmd/api/src/api/v2/TestResources_ListSavedQueries","TestResources_ListSavedQueries"
"","173","links to the specified route with global params intact","AppLink","Mon Apr 06 18:46:06 UTC 2026","passed","Mon Apr 06 18:46:06 UTC 2026","","","",""
"","773","should render a SaveQueryDialog","SaveQueryDialog","Mon Apr 06 18:43:05 UTC 2026","passed","Mon Apr 06 18:43:06 UTC 2026","","","",""
"Test cases for TestManagementResource_ListPermissions_InvalidFilterPredicate","0","TestManagementResource_ListPermissions_InvalidFilterPredicate","","Mon Apr 06 18:42:08 UTC 2026","passed","Mon Apr 06 18:42:08 UTC 2026","","Go Test","github.com/specterops/bloodhound/cmd/api/src/api/v2/auth/TestManagementResource_ListPermissions_InvalidFilterPredicate","TestManagementResource_ListPermissions_InvalidFilterPredicate"
"Test cases for TestResources_GetAssetGroupTagMemberCountsByKind","0","TestResources_GetAssetGroupTagMemberCountsByKind","","Mon Apr 06 18:42:02 UTC 2026","passed","Mon Apr 06 18:42:02 UTC 2026","","Go Test","github.com/specterops/bloodhound/cmd/api/src/api/v2/TestResources_GetAssetGroupTagMemberCountsByKind","TestResources_GetAssetGroupTagMemberCountsByKind"
"","0","combines all filter types","filterAndSearchEnvironments","Mon Apr 06 18:43:20 UTC 2026","passed","Mon Apr 06 18:43:20 UTC 2026","","combined filters","",""
"Test cases for TestRateLimitMiddleware","5","TestRateLimitMiddleware","","Mon Apr 06 18:41:53 UTC 2026","passed","Mon Apr 06 18:41:53 UTC 2026","","Go Test","github.com/specterops/bloodhound/cmd/api/src/api/middleware/TestRateLimitMiddleware","TestRateLimitMiddleware"
"","2","does not overwrite an existing localStorage value with initialValue","useLocalStorage","Mon Apr 06 18:44:48 UTC 2026","passed","Mon Apr 06 18:44:48 UTC 2026","","initial value","",""
"Test cases for TestExpireUserAuthSecret_Success","0","TestExpireUserAuthSecret_Success","","Mon Apr 06 18:42:08 UTC 2026","passed","Mon Apr 06 18:42:08 UTC 2026","","Go Test","github.com/specterops/bloodhound/cmd/api/src/api/v2/auth/TestExpireUserAuthSecret_Success","TestExpireUserAuthSecret_Success"
"","0","should appropriately handle edges that contain underscores","getEdgeDataFromKey","Mon Apr 06 18:49:00 UTC 2026","passed","Mon Apr 06 18:49:00 UTC 2026","","","",""
"","0","calls transformToFlatGraphResponse when graphData matches GraphResponse interface","normalizeGraphDataForSigma","Mon Apr 06 18:48:59 UTC 2026","passed","Mon Apr 06 18:48:59 UTC 2026","","","",""
"","358","Toggles node and edge labels on/off depending on their existing state","GraphControls","Mon Apr 06 18:43:50 UTC 2026","passed","Mon Apr 06 18:43:50 UTC 2026","","Toggling labels","",""
"","54","displays ! icon when one of the Affected Object calls fail","EntityInfoDataTable","Mon Apr 06 18:43:57 UTC 2026","passed","Mon Apr 06 18:43:57 UTC 2026","","Node count for nested table that counts all sections","",""
"Test cases for TestQueries_GetEntityResults","0","TestQueries_GetEntityResults","","Mon Apr 06 18:42:07 UTC 2026","passed","Mon Apr 06 18:42:07 UTC 2026","","Go Test","github.com/specterops/bloodhound/cmd/api/src/queries/TestQueries_GetEntityResults","TestQueries_GetEntityResults"
"","718","renders a button and a menu","CreateMenu","Mon Apr 06 18:44:27 UTC 2026","passed","Mon Apr 06 18:44:27 UTC 2026","","oidc_support feature flag enabled","",""
"Test cases for TestResources_ListADDomainDCSyncers","1","TestResources_ListADDomainDCSyncers","","Mon Apr 06 18:42:02 UTC 2026","passed","Mon Apr 06 18:42:02 UTC 2026","","Go Test","github.com/specterops/bloodhound/cmd/api/src/api/v2/TestResources_ListADDomainDCSyncers","TestResources_ListADDomainDCSyncers"
"Test cases for TestParseLimitQueryParameter_Invalid","0","TestParseLimitQueryParameter_Invalid","","Mon Apr 06 18:42:02 UTC 2026","passed","Mon Apr 06 18:42:02 UTC 2026","","Go Test","github.com/specterops/bloodhound/cmd/api/src/api/v2/TestParseLimitQueryParameter_Invalid","TestParseLimitQueryParameter_Invalid"
"","0","abbreviates numbers larger than 1000 and should not round the tenth place digit","numberFormatting","Mon Apr 06 18:45:43 UTC 2026","passed","Mon Apr 06 18:45:43 UTC 2026","","","",""
"","216","should display error message when error prop is provided","UpdateUserDialog","Mon Apr 06 18:43:43 UTC 2026","passed","Mon Apr 06 18:43:43 UTC 2026","","","",""
"Test cases for TestDefineSID","0","TestDefineSID","","Mon Apr 06 18:42:18 UTC 2026","passed","Mon Apr 06 18:42:18 UTC 2026","","Go Test","github.com/specterops/bloodhound/packages/go/analysis/ad/wellknown/TestDefineSID","TestDefineSID"
"","12","removes a notification","AppNotifications","Mon Apr 06 18:46:34 UTC 2026","passed","Mon Apr 06 18:46:34 UTC 2026","","","",""
"Test cases for TestMinMaxValidator","0","TestMinMaxValidator","","Mon Apr 06 18:42:14 UTC 2026","passed","Mon Apr 06 18:42:14 UTC 2026","","Go Test","github.com/specterops/bloodhound/cmd/api/src/utils/validation/TestMinMaxValidator","TestMinMaxValidator"
"Test cases for TestBoolScan","0","TestBoolScan","","Mon Apr 06 18:42:04 UTC 2026","passed","Mon Apr 06 18:42:04 UTC 2026","","Go Test","github.com/specterops/bloodhound/cmd/api/src/database/types/null/TestBoolScan","TestBoolScan"
"","275","navigates to all rules when clicking ""All Rules""","RulesAccordion","Mon Apr 06 18:45:50 UTC 2026","passed","Mon Apr 06 18:45:50 UTC 2026","","","",""
"Test cases for TestTimeExactEqual","0","TestTimeExactEqual","","Mon Apr 06 18:42:04 UTC 2026","passed","Mon Apr 06 18:42:04 UTC 2026","","Go Test","github.com/specterops/bloodhound/cmd/api/src/database/types/null/TestTimeExactEqual","TestTimeExactEqual"
"Test cases for Test_convertGraphExtensionPayloadToGraphExtension","0","Test_convertGraphExtensionPayloadToGraphExtension","","Mon Apr 06 18:42:02 UTC 2026","passed","Mon Apr 06 18:42:02 UTC 2026","","Go Test","github.com/specterops/bloodhound/cmd/api/src/api/v2/Test_convertGraphExtensionPayloadToGraphExtension","Test_convertGraphExtensionPayloadToGraphExtension"
"Test cases for TestInt64SetValid","0","TestInt64SetValid","","Mon Apr 06 18:42:04 UTC 2026","passed","Mon Apr 06 18:42:04 UTC 2026","","Go Test","github.com/specterops/bloodhound/cmd/api/src/database/types/null/TestInt64SetValid","TestInt64SetValid"
"","181","upon selecting a source node, updates the URL with a searchType of 'node' and primarySearch of the node's objectid","useNodeSearch","Mon Apr 06 18:46:50 UTC 2026","passed","Mon Apr 06 18:46:50 UTC 2026","","","",""
"Test cases for TestManagementResource_ListRoles_InvalidFilterPredicate","0","TestManagementResource_ListRoles_InvalidFilterPredicate","","Mon Apr 06 18:42:08 UTC 2026","passed","Mon Apr 06 18:42:08 UTC 2026","","Go Test","github.com/specterops/bloodhound/cmd/api/src/api/v2/auth/TestManagementResource_ListRoles_InvalidFilterPredicate","TestManagementResource_ListRoles_InvalidFilterPredicate"
"","413","handles removing from a tier zero asset group","AssetGroupMenuItem","Mon Apr 06 18:48:22 UTC 2026","passed","Mon Apr 06 18:48:22 UTC 2026","","removing from an asset group","",""
"","404","filters by the selected user","FileIngestFilterDialog","Mon Apr 06 18:43:56 UTC 2026","passed","Mon Apr 06 18:43:56 UTC 2026","","User Select","",""
"","1549","shows an error message when unable to delete a rule","Rule Form","Mon Apr 06 18:43:25 UTC 2026","passed","Mon Apr 06 18:43:26 UTC 2026","","","",""
"Test cases for TestInvalidValueError","0","TestInvalidValueError","","Mon Apr 06 18:42:18 UTC 2026","passed","Mon Apr 06 18:42:18 UTC 2026","","Go Test","github.com/specterops/bloodhound/packages/go/cache/TestInvalidValueError","TestInvalidValueError"
"","0","returns false when id is not an environment aggregation","isEnvironmentAggregation","Mon Apr 06 18:43:20 UTC 2026","passed","Mon Apr 06 18:43:20 UTC 2026","","","",""
"","0","returns the difference between the node and the position","getNodeOffset","Mon Apr 06 18:49:00 UTC 2026","passed","Mon Apr 06 18:49:00 UTC 2026","","","",""
"","23","selector members refetches on sort change","the useAssetGroupTags utilities","Mon Apr 06 18:44:02 UTC 2026","passed","Mon Apr 06 18:44:02 UTC 2026","","","",""
"","388","clicking a delete button calls deleteHandler","PrebuiltSearchList","Mon Apr 06 18:46:13 UTC 2026","passed","Mon Apr 06 18:46:13 UTC 2026","","","",""
"","62","returns the full environment of the environmentId found in the search params","useAvailableEnvironments","Mon Apr 06 18:46:56 UTC 2026","passed","Mon Apr 06 18:46:56 UTC 2026","","useSelectedEnvironment","",""
"Test cases for TestCreateUser_ETAC","4115","TestCreateUser_ETAC","","Mon Apr 06 18:42:11 UTC 2026","passed","Mon Apr 06 18:42:15 UTC 2026","","Go Test","github.com/specterops/bloodhound/cmd/api/src/api/v2/auth/TestCreateUser_ETAC","TestCreateUser_ETAC"
"Test cases for TestResources_ListAuditLogs_SortingError","1","TestResources_ListAuditLogs_SortingError","","Mon Apr 06 18:42:02 UTC 2026","passed","Mon Apr 06 18:42:02 UTC 2026","","Go Test","github.com/specterops/bloodhound/cmd/api/src/api/v2/TestResources_ListAuditLogs_SortingError","TestResources_ListAuditLogs_SortingError"
"Test cases for TestManagementResource_ListUsers_PredicateMismatchWithColumn","0","TestManagementResource_ListUsers_PredicateMismatchWithColumn","","Mon Apr 06 18:42:08 UTC 2026","passed","Mon Apr 06 18:42:08 UTC 2026","","Go Test","github.com/specterops/bloodhound/cmd/api/src/api/v2/auth/TestManagementResource_ListUsers_PredicateMismatchWithColumn","TestManagementResource_ListUsers_PredicateMismatchWithColumn"
"","2","runs a node search when the query param is set to ""node""","useExploreGraph","Mon Apr 06 18:43:43 UTC 2026","passed","Mon Apr 06 18:43:43 UTC 2026","","exploreGraphQueryFactory","",""
"","47","invalidates the extensions query key when upload succeeds","useSchemaUploadHandlers","Mon Apr 06 18:47:41 UTC 2026","passed","Mon Apr 06 18:47:41 UTC 2026","","","",""
"","255","shows ""Clear All"" when all columns are selected","ManageColumnsComboBox","Mon Apr 06 18:44:07 UTC 2026","passed","Mon Apr 06 18:44:08 UTC 2026","","","",""
"","12","returns the remaining amount of labels available for creation","useTagLimits","Mon Apr 06 18:43:34 UTC 2026","passed","Mon Apr 06 18:43:34 UTC 2026","","","",""
"Test cases for TestIntFromPtr","0","TestIntFromPtr","","Mon Apr 06 18:42:04 UTC 2026","passed","Mon Apr 06 18:42:04 UTC 2026","","Go Test","github.com/specterops/bloodhound/cmd/api/src/database/types/null/TestIntFromPtr","TestIntFromPtr"
"","1","combines collected and risk filters","filterAndSearchEnvironments","Mon Apr 06 18:43:20 UTC 2026","passed","Mon Apr 06 18:43:20 UTC 2026","","combined filters","",""
"Test cases for TestSignRequestValuesUnsupportedHMACMethod","0","TestSignRequestValuesUnsupportedHMACMethod","","Mon Apr 06 18:41:51 UTC 2026","passed","Mon Apr 06 18:41:51 UTC 2026","","Go Test","github.com/specterops/bloodhound/cmd/api/src/api/TestSignRequestValuesUnsupportedHMACMethod","TestSignRequestValuesUnsupportedHMACMethod"
"","131","buttons are disabled while loading","PasswordResetForm","Mon Apr 06 18:45:26 UTC 2026","passed","Mon Apr 06 18:45:26 UTC 2026","","","",""
"","462","should render","LoginForm","Mon Apr 06 18:47:11 UTC 2026","passed","Mon Apr 06 18:47:12 UTC 2026","","","",""
"","123","renders nothing in the expiration cell when a token has no expires_at","UserTokenManagementDialog - API Expiration Date column","Mon Apr 06 18:44:10 UTC 2026","passed","Mon Apr 06 18:44:10 UTC 2026","","","",""
"Test cases for TestResources_ListAuditLogs_InvalidPredicate","0","TestResources_ListAuditLogs_InvalidPredicate","","Mon Apr 06 18:42:02 UTC 2026","passed","Mon Apr 06 18:42:02 UTC 2026","","Go Test","github.com/specterops/bloodhound/cmd/api/src/api/v2/TestResources_ListAuditLogs_InvalidPredicate","TestResources_ListAuditLogs_InvalidPredicate"
"","142","should fire Cancel once with false","ConfirmationDialog","Mon Apr 06 18:47:40 UTC 2026","passed","Mon Apr 06 18:47:40 UTC 2026","","","",""
"","132","shows ""<10 Days to Expire"" warning when token expires within 10 days","UserTokenManagementDialog - API Expiration Date column","Mon Apr 06 18:44:11 UTC 2026","passed","Mon Apr 06 18:44:11 UTC 2026","","","",""
"","2","stores a number value in localStorage","useLocalStorage","Mon Apr 06 18:44:48 UTC 2026","passed","Mon Apr 06 18:44:48 UTC 2026","","setValue","",""
"","2","prevents Sigma defaults events","preventAllDefaults","Mon Apr 06 18:49:05 UTC 2026","passed","Mon Apr 06 18:49:05 UTC 2026","","","",""
"Test cases for TestBuildSQLSort","1","TestBuildSQLSort","","Mon Apr 06 18:41:52 UTC 2026","passed","Mon Apr 06 18:41:52 UTC 2026","","Go Test","github.com/specterops/bloodhound/cmd/api/src/api/TestBuildSQLSort","TestBuildSQLSort"
"Test cases for TestManagementResource_GetPermission","28798","TestManagementResource_GetPermission","","Mon Apr 06 18:42:08 UTC 2026","passed","Mon Apr 06 18:42:37 UTC 2026","","Go Test","github.com/specterops/bloodhound/cmd/api/src/api/v2/auth/TestManagementResource_GetPermission","TestManagementResource_GetPermission"
"Test cases for TestResources_ListAssetGroupMembers","4","TestResources_ListAssetGroupMembers","","Mon Apr 06 18:42:02 UTC 2026","passed","Mon Apr 06 18:42:02 UTC 2026","","Go Test","github.com/specterops/bloodhound/cmd/api/src/api/v2/TestResources_ListAssetGroupMembers","TestResources_ListAssetGroupMembers"
"Test cases for Test_GetAssetGroupMembersBySelector","3","Test_GetAssetGroupMembersBySelector","","Mon Apr 06 18:42:02 UTC 2026","passed","Mon Apr 06 18:42:02 UTC 2026","","Go Test","github.com/specterops/bloodhound/cmd/api/src/api/v2/Test_GetAssetGroupMembersBySelector","Test_GetAssetGroupMembersBySelector"
"","0","maps cypher 504 errors to timeout messaging","useExploreGraph","Mon Apr 06 18:43:43 UTC 2026","passed","Mon Apr 06 18:43:43 UTC 2026","","exploreGraphQueryFactory","",""
"Test cases for Test_TopLevel","0","Test_TopLevel","","Mon Apr 06 18:42:19 UTC 2026","passed","Mon Apr 06 18:42:19 UTC 2026","","Go Test","github.com/specterops/bloodhound/packages/go/schemagen/csgen/Test_TopLevel","Test_TopLevel"
"","444","should call performSearch on keyboard press alt+R","CypherSearch","Mon Apr 06 18:45:29 UTC 2026","passed","Mon Apr 06 18:45:29 UTC 2026","","","",""
"","49","displays a loading message while fetching extensions","ActiveExtensionsCard","Mon Apr 06 18:43:25 UTC 2026","passed","Mon Apr 06 18:43:25 UTC 2026","","","",""
"","397","should call onClose when cancel button is clicked","SaveQueryDialog","Mon Apr 06 18:43:07 UTC 2026","passed","Mon Apr 06 18:43:07 UTC 2026","","","",""
"","0","should compute the midpoint of a line segment","bezier","Mon Apr 06 18:48:46 UTC 2026","passed","Mon Apr 06 18:48:46 UTC 2026","","","",""
"Test cases for TestEncodingInterface","0","TestEncodingInterface","","Mon Apr 06 18:42:18 UTC 2026","passed","Mon Apr 06 18:42:18 UTC 2026","","Go Test","github.com/specterops/bloodhound/packages/go/bomenc/TestEncodingInterface","TestEncodingInterface"
"","315","should display a searchbox with a placeholder when rendered","AssetGroupEdit","Mon Apr 06 18:46:02 UTC 2026","passed","Mon Apr 06 18:46:02 UTC 2026","","","",""
"Test cases for TestResources_ListAuditLogs_OnlySkip","0","TestResources_ListAuditLogs_OnlySkip","","Mon Apr 06 18:42:02 UTC 2026","passed","Mon Apr 06 18:42:02 UTC 2026","","Go Test","github.com/specterops/bloodhound/cmd/api/src/api/v2/TestResources_ListAuditLogs_OnlySkip","TestResources_ListAuditLogs_OnlySkip"
"","132","should display api key management button","Api Keys","Mon Apr 06 18:44:39 UTC 2026","passed","Mon Apr 06 18:44:39 UTC 2026","","","",""
"","844","executes a primary search when only a source node is provided","Pathfinding: interaction","Mon Apr 06 18:45:00 UTC 2026","passed","Mon Apr 06 18:45:01 UTC 2026","","","",""
"Test cases for TestManagementResource_SanitizeAndGetRoles","0","TestManagementResource_SanitizeAndGetRoles","","Mon Apr 06 18:42:37 UTC 2026","passed","Mon Apr 06 18:42:37 UTC 2026","","Go Test","github.com/specterops/bloodhound/cmd/api/src/api/v2/auth/TestManagementResource_SanitizeAndGetRoles","TestManagementResource_SanitizeAndGetRoles"
"","156","should render action list item that handles a function","MainNav","Mon Apr 06 18:44:46 UTC 2026","passed","Mon Apr 06 18:44:46 UTC 2026","","","",""
"","456","renders a list of pre-built searches","PrebuiltSearchList","Mon Apr 06 18:46:12 UTC 2026","passed","Mon Apr 06 18:46:13 UTC 2026","","","",""
"","35","calculates the running time of a job and converts to a human readable format","getSimpleDuration","Mon Apr 06 18:47:08 UTC 2026","passed","Mon Apr 06 18:47:08 UTC 2026","","","",""
"","0","handles empty search string","filterAndSearchEnvironments","Mon Apr 06 18:43:20 UTC 2026","passed","Mon Apr 06 18:43:20 UTC 2026","","search filter","",""
"","2032","hides the password field and removes the requirement when logged in with SSO","Users","Mon Apr 06 18:45:02 UTC 2026","passed","Mon Apr 06 18:45:04 UTC 2026","","","",""
"","10","takes a string and copys to the navigator clipboard","copyToClipboard","Mon Apr 06 18:48:02 UTC 2026","passed","Mon Apr 06 18:48:02 UTC 2026","","","",""
"","61","clears selected if same note is clicked again","NoteCell component","Mon Apr 06 18:46:31 UTC 2026","passed","Mon Apr 06 18:46:31 UTC 2026","","","",""
"","8","populates the cypher search field with the decoded query when the associated query params are set","useCypherSearch","Mon Apr 06 18:47:25 UTC 2026","passed","Mon Apr 06 18:47:25 UTC 2026","","","",""
"","60","renders a link to the documentation","BloodHoundConfiguration","Mon Apr 06 18:49:06 UTC 2026","passed","Mon Apr 06 18:49:06 UTC 2026","","","",""
"Test cases for TestAddWhereClauseToNeo4jQuery_WithWhereClause","0","TestAddWhereClauseToNeo4jQuery_WithWhereClause","","Mon Apr 06 18:42:02 UTC 2026","passed","Mon Apr 06 18:42:02 UTC 2026","","Go Test","github.com/specterops/bloodhound/cmd/api/src/api/v2/TestAddWhereClauseToNeo4jQuery_WithWhereClause","TestAddWhereClauseToNeo4jQuery_WithWhereClause"
"","0","should compute the length of a line segment","bezier","Mon Apr 06 18:48:46 UTC 2026","passed","Mon Apr 06 18:48:46 UTC 2026","","","",""
"","80","hides loading state when data is available","SourceKindsCheckboxes","Mon Apr 06 18:45:08 UTC 2026","passed","Mon Apr 06 18:45:08 UTC 2026","","","",""
"","659","displays a Upload Files button","FileIngest","Mon Apr 06 18:47:00 UTC 2026","passed","Mon Apr 06 18:47:01 UTC 2026","","","",""
"","707","disables the confirm button until user types required text","Tag Form","Mon Apr 06 18:43:08 UTC 2026","passed","Mon Apr 06 18:43:09 UTC 2026","","","",""
"","186","toggles parent from some to all","SourceKindsCheckboxes","Mon Apr 06 18:45:10 UTC 2026","passed","Mon Apr 06 18:45:10 UTC 2026","","","",""
"","23","should display a message to select an object","EntityInfoPanel","Mon Apr 06 18:46:56 UTC 2026","passed","Mon Apr 06 18:46:56 UTC 2026","","","",""
"Test cases for TestResources_GetOUEntityInfo","0","TestResources_GetOUEntityInfo","","Mon Apr 06 18:42:02 UTC 2026","passed","Mon Apr 06 18:42:02 UTC 2026","","Go Test","github.com/specterops/bloodhound/cmd/api/src/api/v2/TestResources_GetOUEntityInfo","TestResources_GetOUEntityInfo"
"","13","renders highlight only for active selector when ruleId is present","SelectedHighlight","Mon Apr 06 18:46:58 UTC 2026","passed","Mon Apr 06 18:46:58 UTC 2026","","","",""
"Test cases for TestDisenrollMFA_Success","666","TestDisenrollMFA_Success","","Mon Apr 06 18:42:31 UTC 2026","passed","Mon Apr 06 18:42:31 UTC 2026","","Go Test","github.com/specterops/bloodhound/cmd/api/src/api/v2/auth/TestDisenrollMFA_Success","TestDisenrollMFA_Success"
"Test cases for TestNormalizeEinNodeProperties","1","TestNormalizeEinNodeProperties","","Mon Apr 06 18:42:08 UTC 2026","passed","Mon Apr 06 18:42:08 UTC 2026","","Go Test","github.com/specterops/bloodhound/cmd/api/src/services/graphify/TestNormalizeEinNodeProperties","TestNormalizeEinNodeProperties"
"","16","makes no count request when neither a Tag or Rule is selected (tagId and ruleId are undefined from path params","useObjectCounts","Mon Apr 06 18:47:25 UTC 2026","passed","Mon Apr 06 18:47:25 UTC 2026","","","",""
"","0","should handle an entity that has no name property","Evaluating the entity display name from a given entity","Mon Apr 06 18:44:19 UTC 2026","passed","Mon Apr 06 18:44:19 UTC 2026","","","",""
"","113","should display the ""Authentication"" header","UserProfile","Mon Apr 06 18:44:38 UTC 2026","passed","Mon Apr 06 18:44:38 UTC 2026","","","",""
"Test cases for TestMarshalIntText","0","TestMarshalIntText","","Mon Apr 06 18:42:04 UTC 2026","passed","Mon Apr 06 18:42:04 UTC 2026","","Go Test","github.com/specterops/bloodhound/cmd/api/src/database/types/null/TestMarshalIntText","TestMarshalIntText"
"Test cases for TestNewSIDSuffix","0","TestNewSIDSuffix","","Mon Apr 06 18:42:18 UTC 2026","passed","Mon Apr 06 18:42:18 UTC 2026","","Go Test","github.com/specterops/bloodhound/packages/go/analysis/ad/wellknown/TestNewSIDSuffix","TestNewSIDSuffix"
"Test cases for TestSIDSuffix_String","0","TestSIDSuffix_String","","Mon Apr 06 18:42:18 UTC 2026","passed","Mon Apr 06 18:42:18 UTC 2026","","Go Test","github.com/specterops/bloodhound/packages/go/analysis/ad/wellknown/TestSIDSuffix_String","TestSIDSuffix_String"
"","425","sets exploreSearchTab param to pathfinding when the user clicks the `pathfinding` tab","ExploreSearch sets searchType on tab changing","Mon Apr 06 18:48:23 UTC 2026","passed","Mon Apr 06 18:48:24 UTC 2026","","","",""
"","197","renders the Zone/Labels Tab content when first tab is chosen","Selected Details Tab Content","Mon Apr 06 18:47:02 UTC 2026","passed","Mon Apr 06 18:47:02 UTC 2026","","","",""
"","775","disables confirm button until extension name is typed correctly","ActiveExtensionsCard","Mon Apr 06 18:43:28 UTC 2026","passed","Mon Apr 06 18:43:28 UTC 2026","","","",""
"Test cases for TestManagementResource_CreateAuthToken","8421","TestManagementResource_CreateAuthToken","","Mon Apr 06 18:42:29 UTC 2026","passed","Mon Apr 06 18:42:37 UTC 2026","","Go Test","github.com/specterops/bloodhound/cmd/api/src/api/v2/auth/TestManagementResource_CreateAuthToken","TestManagementResource_CreateAuthToken"
"","8","dismisses the ""no permission"" notification on unmount","useFinishedJobs","Mon Apr 06 18:45:14 UTC 2026","passed","Mon Apr 06 18:45:14 UTC 2026","","","",""
"Test cases for TestResources_GetContainerEntityInfo","157","TestResources_GetContainerEntityInfo","","Mon Apr 06 18:42:02 UTC 2026","passed","Mon Apr 06 18:42:02 UTC 2026","","Go Test","github.com/specterops/bloodhound/cmd/api/src/api/v2/TestResources_GetContainerEntityInfo","TestResources_GetContainerEntityInfo"
"","207","handles creating a new label","Tag Form","Mon Apr 06 18:43:08 UTC 2026","passed","Mon Apr 06 18:43:08 UTC 2026","","","",""
"Test cases for TestRequiredValidator","0","TestRequiredValidator","","Mon Apr 06 18:42:14 UTC 2026","passed","Mon Apr 06 18:42:14 UTC 2026","","Go Test","github.com/specterops/bloodhound/cmd/api/src/utils/validation/TestRequiredValidator","TestRequiredValidator"
"","63","enables filtering out for tags that are treated as Labels (including Owned)","the useAssetGroupTags utilities","Mon Apr 06 18:44:01 UTC 2026","passed","Mon Apr 06 18:44:02 UTC 2026","","","",""
"","3","A warning is printed when node positions are not available to apply from","applyNodePositionsFromGraphlibGraph","Mon Apr 06 18:48:47 UTC 2026","passed","Mon Apr 06 18:48:47 UTC 2026","","","",""
"","298","should disable Cancel and Save buttons while isLoading is true","UpdateUserDialog","Mon Apr 06 18:43:43 UTC 2026","passed","Mon Apr 06 18:43:43 UTC 2026","","","",""
"","234","Selecting an edge with a Computer target node that does not have haslaps enabled shows correct Windows Abuse text","EdgeInfoContent","Mon Apr 06 18:43:25 UTC 2026","passed","Mon Apr 06 18:43:26 UTC 2026","","","",""
"Test cases for TestQueries_BuildEntityQueryParams_MissingObjectID","0","TestQueries_BuildEntityQueryParams_MissingObjectID","","Mon Apr 06 18:42:07 UTC 2026","passed","Mon Apr 06 18:42:07 UTC 2026","","Go Test","github.com/specterops/bloodhound/cmd/api/src/queries/TestQueries_BuildEntityQueryParams_MissingObjectID","TestQueries_BuildEntityQueryParams_MissingObjectID"
"","335","should render an SavedQueryPermissions component","SaveQueryDialog","Mon Apr 06 18:43:09 UTC 2026","passed","Mon Apr 06 18:43:09 UTC 2026","","","",""
"Test cases for Test_getSearchableNodeKinds","1","Test_getSearchableNodeKinds","","Mon Apr 06 18:42:02 UTC 2026","passed","Mon Apr 06 18:42:02 UTC 2026","","Go Test","github.com/specterops/bloodhound/cmd/api/src/api/v2/Test_getSearchableNodeKinds","Test_getSearchableNodeKinds"
"Test cases for TestResources_ListADGroupSessions","1","TestResources_ListADGroupSessions","","Mon Apr 06 18:42:02 UTC 2026","passed","Mon Apr 06 18:42:02 UTC 2026","","Go Test","github.com/specterops/bloodhound/cmd/api/src/api/v2/TestResources_ListADGroupSessions","TestResources_ListADGroupSessions"
"","289","displays a Filters button","FileIngest","Mon Apr 06 18:47:01 UTC 2026","passed","Mon Apr 06 18:47:01 UTC 2026","","","",""
"","0","isError returns as expected based on all queries combined","queriesAreLoadingOrErrored","Mon Apr 06 18:47:52 UTC 2026","passed","Mon Apr 06 18:47:52 UTC 2026","","","",""
"","7","does not render note content when selected is null","HistoryNotes Component","Mon Apr 06 18:47:36 UTC 2026","passed","Mon Apr 06 18:47:36 UTC 2026","","","",""
"","180","renders a confirm dialg","ConfirmDeleteQueryDialog","Mon Apr 06 18:47:46 UTC 2026","passed","Mon Apr 06 18:47:46 UTC 2026","","","",""
"","183","calls handleInitialEnvironment with the highest impactValue as the initial environment","useInitialEnvironment","Mon Apr 06 18:46:41 UTC 2026","passed","Mon Apr 06 18:46:41 UTC 2026","","","",""
"","8","should not render when data is present","NoDataDialog","Mon Apr 06 18:47:50 UTC 2026","passed","Mon Apr 06 18:47:50 UTC 2026","","","",""
"Test cases for TestFloatEqual","0","TestFloatEqual","","Mon Apr 06 18:42:04 UTC 2026","passed","Mon Apr 06 18:42:04 UTC 2026","","Go Test","github.com/specterops/bloodhound/cmd/api/src/database/types/null/TestFloatEqual","TestFloatEqual"
"","299","does fires TagToLabelDialog when the Label option is clicked","TagToZoneLabel","Mon Apr 06 18:43:16 UTC 2026","passed","Mon Apr 06 18:43:17 UTC 2026","","","",""
"","1429","handles copying the name","CopyMenuItem","Mon Apr 06 18:47:49 UTC 2026","passed","Mon Apr 06 18:47:50 UTC 2026","","","",""
"Test cases for TestNewDefaultConfig","0","TestNewDefaultConfig","","Mon Apr 06 18:42:03 UTC 2026","passed","Mon Apr 06 18:42:03 UTC 2026","","Go Test","github.com/specterops/bloodhound/cmd/api/src/config/TestNewDefaultConfig","TestNewDefaultConfig"
"","9","when password is not expired no redirect occurs","AuthenticatedRoute","Mon Apr 06 18:48:51 UTC 2026","passed","Mon Apr 06 18:48:51 UTC 2026","","","",""
"","0","falls back to the default Cypher message when ruleType is undefined and seeds are required","handleError","Mon Apr 06 18:43:47 UTC 2026","passed","Mon Apr 06 18:43:47 UTC 2026","","","",""
"","82","disables the JSON button if the JSON is empty","GraphControls","Mon Apr 06 18:43:50 UTC 2026","passed","Mon Apr 06 18:43:50 UTC 2026","","Exporting json","",""
"Test cases for TestUnifiedGraph_AddPathSet","0","TestUnifiedGraph_AddPathSet","","Mon Apr 06 18:42:05 UTC 2026","passed","Mon Apr 06 18:42:05 UTC 2026","","Go Test","github.com/specterops/bloodhound/cmd/api/src/model/TestUnifiedGraph_AddPathSet","TestUnifiedGraph_AddPathSet"
"","635","renders the form for creating a new zone","Tag Form","Mon Apr 06 18:43:05 UTC 2026","passed","Mon Apr 06 18:43:06 UTC 2026","","","",""
"","13","does not include OpenGraph edges when the associated feature flag is disabled","useEdgeCategories","Mon Apr 06 18:44:29 UTC 2026","passed","Mon Apr 06 18:44:29 UTC 2026","","","",""
"","234","renders the form for editing an existing label","Tag Form","Mon Apr 06 18:43:06 UTC 2026","passed","Mon Apr 06 18:43:06 UTC 2026","","","",""
"Test cases for TestUnmarshalInt64","0","TestUnmarshalInt64","","Mon Apr 06 18:42:04 UTC 2026","passed","Mon Apr 06 18:42:04 UTC 2026","","Go Test","github.com/specterops/bloodhound/cmd/api/src/database/types/null/TestUnmarshalInt64","TestUnmarshalInt64"
"","1","returns graphData as is if it doesnt match the GraphResponse interface","normalizeGraphDataForSigma","Mon Apr 06 18:48:59 UTC 2026","passed","Mon Apr 06 18:48:59 UTC 2026","","","",""
"Test cases for TestResources_DeleteSavedQuery_NotPublicQueryAndUserIsAdmin","0","TestResources_DeleteSavedQuery_NotPublicQueryAndUserIsAdmin","","Mon Apr 06 18:42:02 UTC 2026","passed","Mon Apr 06 18:42:02 UTC 2026","","Go Test","github.com/specterops/bloodhound/cmd/api/src/api/v2/TestResources_DeleteSavedQuery_NotPublicQueryAndUserIsAdmin","TestResources_DeleteSavedQuery_NotPublicQueryAndUserIsAdmin"
"Test cases for TestUpdateAssetGroupRequest_AuditData","0","TestUpdateAssetGroupRequest_AuditData","","Mon Apr 06 18:42:02 UTC 2026","passed","Mon Apr 06 18:42:02 UTC 2026","","Go Test","github.com/specterops/bloodhound/cmd/api/src/api/v2/TestUpdateAssetGroupRequest_AuditData","TestUpdateAssetGroupRequest_AuditData"
"","0","returns false if value is 'array'","searchParams","Mon Apr 06 18:46:20 UTC 2026","passed","Mon Apr 06 18:46:20 UTC 2026","","isEmptyParam","",""
"","208","a null response from the server is handled","ExploreSearchCombobox with null response","Mon Apr 06 18:44:25 UTC 2026","passed","Mon Apr 06 18:44:25 UTC 2026","","","",""
"","517","clears applied filters when clicking the Clear button","Privilege Zones History Filter Dialog","Mon Apr 06 18:45:18 UTC 2026","passed","Mon Apr 06 18:45:18 UTC 2026","","","",""
"Test cases for TestManagementResource_ListAuthProviders","1","TestManagementResource_ListAuthProviders","","Mon Apr 06 18:42:37 UTC 2026","passed","Mon Apr 06 18:42:37 UTC 2026","","Go Test","github.com/specterops/bloodhound/cmd/api/src/api/v2/auth/TestManagementResource_ListAuthProviders","TestManagementResource_ListAuthProviders"
"Test cases for TestJSONFloat_UnmarshalJSON","0","TestJSONFloat_UnmarshalJSON","","Mon Apr 06 18:42:04 UTC 2026","passed","Mon Apr 06 18:42:04 UTC 2026","","Go Test","github.com/specterops/bloodhound/cmd/api/src/database/types/nan/TestJSONFloat_UnmarshalJSON","TestJSONFloat_UnmarshalJSON"
"Test cases for TestParseSkipQueryParameter_BadFormat","0","TestParseSkipQueryParameter_BadFormat","","Mon Apr 06 18:42:02 UTC 2026","passed","Mon Apr 06 18:42:02 UTC 2026","","Go Test","github.com/specterops/bloodhound/cmd/api/src/api/v2/TestParseSkipQueryParameter_BadFormat","TestParseSkipQueryParameter_BadFormat"
"Test cases for TestResources_ListADGPOAffectedTierZero","2","TestResources_ListADGPOAffectedTierZero","","Mon Apr 06 18:42:02 UTC 2026","passed","Mon Apr 06 18:42:02 UTC 2026","","Go Test","github.com/specterops/bloodhound/cmd/api/src/api/v2/TestResources_ListADGPOAffectedTierZero","TestResources_ListADGPOAffectedTierZero"
"Test cases for TestDatabaseWipe","3","TestDatabaseWipe","","Mon Apr 06 18:42:02 UTC 2026","passed","Mon Apr 06 18:42:02 UTC 2026","","Go Test","github.com/specterops/bloodhound/cmd/api/src/api/v2/TestDatabaseWipe","TestDatabaseWipe"
"Test cases for TestResources_UpdateSavedQuery_NoQueryMatch","2","TestResources_UpdateSavedQuery_NoQueryMatch","","Mon Apr 06 18:42:02 UTC 2026","passed","Mon Apr 06 18:42:02 UTC 2026","","Go Test","github.com/specterops/bloodhound/cmd/api/src/api/v2/TestResources_UpdateSavedQuery_NoQueryMatch","TestResources_UpdateSavedQuery_NoQueryMatch"
"","110","renders the analysis toggle when multi tier analysis enabled is true and when editing an existing zone","Tag Form","Mon Apr 06 18:43:06 UTC 2026","passed","Mon Apr 06 18:43:07 UTC 2026","","","",""
"","1","determines glyphs with the tier_managent_engine feature flag enabled","getNodeGlyphs","Mon Apr 06 18:48:34 UTC 2026","passed","Mon Apr 06 18:48:34 UTC 2026","","","",""
"","19","returns a prefer wait in the header when db config timeout limit setting is disabled and state of is disable query limit is true","useExploreGraph","Mon Apr 06 18:43:43 UTC 2026","passed","Mon Apr 06 18:43:43 UTC 2026","userSettings","exploreGraphQueryFactory","",""
"","74","clicking a disabled header does not toggle content","<DetailsAccordion />","Mon Apr 06 18:44:06 UTC 2026","passed","Mon Apr 06 18:44:06 UTC 2026","","","",""
"","282","toggles sort order when clicking sortable header","ObjectsAccordion","Mon Apr 06 18:45:52 UTC 2026","passed","Mon Apr 06 18:45:53 UTC 2026","","","",""
"","1056","renders","Privilege Zones History Filter Dialog","Mon Apr 06 18:45:16 UTC 2026","passed","Mon Apr 06 18:45:17 UTC 2026","","","",""
"","62","adds a notification - checks values","AppNotifications","Mon Apr 06 18:46:34 UTC 2026","passed","Mon Apr 06 18:46:34 UTC 2026","","","",""
"Test cases for TestResources_UpdateAssetGroupSelectors_PayloadError","0","TestResources_UpdateAssetGroupSelectors_PayloadError","","Mon Apr 06 18:42:02 UTC 2026","passed","Mon Apr 06 18:42:02 UTC 2026","","Go Test","github.com/specterops/bloodhound/cmd/api/src/api/v2/TestResources_UpdateAssetGroupSelectors_PayloadError","TestResources_UpdateAssetGroupSelectors_PayloadError"
"Test cases for TestResources_CreateSavedQuery_InvalidBody","0","TestResources_CreateSavedQuery_InvalidBody","","Mon Apr 06 18:42:02 UTC 2026","passed","Mon Apr 06 18:42:02 UTC 2026","","Go Test","github.com/specterops/bloodhound/cmd/api/src/api/v2/TestResources_CreateSavedQuery_InvalidBody","TestResources_CreateSavedQuery_InvalidBody"
"Test cases for TestOverwriteQueryParamIfHeaderAndParamExist","2","TestOverwriteQueryParamIfHeaderAndParamExist","","Mon Apr 06 18:42:14 UTC 2026","passed","Mon Apr 06 18:42:14 UTC 2026","","Go Test","github.com/specterops/bloodhound/cmd/api/src/utils/test/TestOverwriteQueryParamIfHeaderAndParamExist","TestOverwriteQueryParamIfHeaderAndParamExist"
"Test cases for TestStringScan","0","TestStringScan","","Mon Apr 06 18:42:04 UTC 2026","passed","Mon Apr 06 18:42:04 UTC 2026","","Go Test","github.com/specterops/bloodhound/cmd/api/src/database/types/null/TestStringScan","TestStringScan"
"","0","returns undefined if graphData is %s or not a GraphResponse","getExploreTableData","Mon Apr 06 18:45:45 UTC 2026","passed","Mon Apr 06 18:45:45 UTC 2026","","","",""
"Test cases for TestResources_GetEdgeComposition","59","TestResources_GetEdgeComposition","","Mon Apr 06 18:42:02 UTC 2026","passed","Mon Apr 06 18:42:02 UTC 2026","","Go Test","github.com/specterops/bloodhound/cmd/api/src/api/v2/TestResources_GetEdgeComposition","TestResources_GetEdgeComposition"
"","317","renders analyze now section","AnalyzeNowConfiguration","Mon Apr 06 18:44:49 UTC 2026","passed","Mon Apr 06 18:44:50 UTC 2026","","","",""
"","151","renders enabled Zone and Object tabs and disabled Rule tab","Selected Details Tabs","Mon Apr 06 18:45:10 UTC 2026","passed","Mon Apr 06 18:45:10 UTC 2026","","Selected Details Tabs - Params present","",""
"","332","adds a ""Close"" button that closes the dialog after a failed upload","SchemaUploadDialog","Mon Apr 06 18:44:22 UTC 2026","passed","Mon Apr 06 18:44:22 UTC 2026","","","",""
"Test cases for TestQueryParameterFilterParser_ParseQueryParameterFilter","0","TestQueryParameterFilterParser_ParseQueryParameterFilter","","Mon Apr 06 18:42:05 UTC 2026","passed","Mon Apr 06 18:42:05 UTC 2026","","Go Test","github.com/specterops/bloodhound/cmd/api/src/model/TestQueryParameterFilterParser_ParseQueryParameterFilter","TestQueryParameterFilterParser_ParseQueryParameterFilter"
"","142","renders correctly","NodeIcon","Mon Apr 06 18:47:14 UTC 2026","passed","Mon Apr 06 18:47:14 UTC 2026","","","",""
"","100","initializes search tab to node search if the exploreSearchTab is not a supported tab name on first render","ExploreSearch sets searchType on tab changing","Mon Apr 06 18:48:24 UTC 2026","passed","Mon Apr 06 18:48:24 UTC 2026","","","",""
"Test cases for TestBuildErrorResponseBadRequest","0","TestBuildErrorResponseBadRequest","","Mon Apr 06 18:41:52 UTC 2026","passed","Mon Apr 06 18:41:52 UTC 2026","","Go Test","github.com/specterops/bloodhound/cmd/api/src/api/TestBuildErrorResponseBadRequest","TestBuildErrorResponseBadRequest"
"Test cases for TestGetScheme","0","TestGetScheme","","Mon Apr 06 18:41:53 UTC 2026","passed","Mon Apr 06 18:41:53 UTC 2026","","Go Test","github.com/specterops/bloodhound/cmd/api/src/api/middleware/TestGetScheme","TestGetScheme"
"","181","displays appropriate text when there are no matches for search term","SearchCurrentNodes","Mon Apr 06 18:45:55 UTC 2026","passed","Mon Apr 06 18:45:55 UTC 2026","","","",""
"","54","should on clicking remove call clearSelectedItem","EntityInfoHeader","Mon Apr 06 18:46:14 UTC 2026","passed","Mon Apr 06 18:46:14 UTC 2026","","","",""
"","300","Trying to view the edge info does not crash the app when selecting an unrecognized edge","EdgeInfoContent","Mon Apr 06 18:43:25 UTC 2026","passed","Mon Apr 06 18:43:25 UTC 2026","","","",""
"","65","renders highlight for the active tag","SelectedHighlight","Mon Apr 06 18:46:58 UTC 2026","passed","Mon Apr 06 18:46:58 UTC 2026","","","",""
"","64","passes the check for at least one permission if the user is missing one of many required permissions","usePermissions","Mon Apr 06 18:44:32 UTC 2026","passed","Mon Apr 06 18:44:32 UTC 2026","","","",""
"","274","fires click handlers","ConfirmDeleteQueryDialog","Mon Apr 06 18:47:46 UTC 2026","passed","Mon Apr 06 18:47:46 UTC 2026","","","",""
"","342","has date range input filters","FileIngestFilterDialog","Mon Apr 06 18:43:54 UTC 2026","passed","Mon Apr 06 18:43:55 UTC 2026","","Date Range Inputs","",""
"Test cases for TestResources_CreateSavedQuery_DuplicateName","0","TestResources_CreateSavedQuery_DuplicateName","","Mon Apr 06 18:42:02 UTC 2026","passed","Mon Apr 06 18:42:02 UTC 2026","","Go Test","github.com/specterops/bloodhound/cmd/api/src/api/v2/TestResources_CreateSavedQuery_DuplicateName","TestResources_CreateSavedQuery_DuplicateName"
"Test cases for TestDomainSelectors_GetFilterableColumns","0","TestDomainSelectors_GetFilterableColumns","","Mon Apr 06 18:42:05 UTC 2026","passed","Mon Apr 06 18:42:05 UTC 2026","","Go Test","github.com/specterops/bloodhound/cmd/api/src/model/TestDomainSelectors_GetFilterableColumns","TestDomainSelectors_GetFilterableColumns"
"Test cases for TestResources_CreateAssetGroupTagSelector","2","TestResources_CreateAssetGroupTagSelector","","Mon Apr 06 18:42:02 UTC 2026","passed","Mon Apr 06 18:42:02 UTC 2026","","Go Test","github.com/specterops/bloodhound/cmd/api/src/api/v2/TestResources_CreateAssetGroupTagSelector","TestResources_CreateAssetGroupTagSelector"
"","9","keeps callbacks stable across renders","useObjectState","Mon Apr 06 18:47:06 UTC 2026","passed","Mon Apr 06 18:47:06 UTC 2026","","","",""
"","324","disables GraphButton when isCurrentSearchOpen is true","GraphControls","Mon Apr 06 18:43:51 UTC 2026","passed","Mon Apr 06 18:43:51 UTC 2026","","Searching current results","",""
"","36","generates a human-friendly default filename for graph exports","exportGraphData","Mon Apr 06 18:47:15 UTC 2026","passed","Mon Apr 06 18:47:15 UTC 2026","","","",""
"","179","disables checkboxes while loading","SourceKindsCheckboxes","Mon Apr 06 18:45:08 UTC 2026","passed","Mon Apr 06 18:45:09 UTC 2026","","","",""
"","145","renders enabled Zone tab and disabled Rule and Object tabs","Selected Details Tabs","Mon Apr 06 18:45:10 UTC 2026","passed","Mon Apr 06 18:45:10 UTC 2026","","Selected Details Tabs - Params present","",""
"","14","shows hint by default","ManagedDatePicker - placeholders","Mon Apr 06 18:45:36 UTC 2026","passed","Mon Apr 06 18:45:36 UTC 2026","","","",""
"","9","should render a Field when the provided value is -0","Field","Mon Apr 06 18:47:21 UTC 2026","passed","Mon Apr 06 18:47:21 UTC 2026","","","",""
"","130","enables returning a list of tags","the useAssetGroupTags utilities","Mon Apr 06 18:44:01 UTC 2026","passed","Mon Apr 06 18:44:01 UTC 2026","","","",""
"Test cases for TestHasSequence","0","TestHasSequence","","Mon Apr 06 18:42:18 UTC 2026","passed","Mon Apr 06 18:42:18 UTC 2026","","Go Test","github.com/specterops/bloodhound/packages/go/bomenc/TestHasSequence","TestHasSequence"
"","137","disables the create user button and does not populate a table if the user lacks the permission","Users","Mon Apr 06 18:44:57 UTC 2026","passed","Mon Apr 06 18:44:57 UTC 2026","","","",""
"","59","Searching for custom node type with databaseId returns node properties","useFetchEntityInfo","Mon Apr 06 18:45:29 UTC 2026","passed","Mon Apr 06 18:45:29 UTC 2026","","","",""
"Test cases for TestResources_ShareSavedQueriesPermissions_SavingPermissionsErrors","0","TestResources_ShareSavedQueriesPermissions_SavingPermissionsErrors","","Mon Apr 06 18:42:02 UTC 2026","passed","Mon Apr 06 18:42:02 UTC 2026","","Go Test","github.com/specterops/bloodhound/cmd/api/src/api/v2/TestResources_ShareSavedQueriesPermissions_SavingPermissionsErrors","TestResources_ShareSavedQueriesPermissions_SavingPermissionsErrors"
"Test cases for TestBoolSetValid","0","TestBoolSetValid","","Mon Apr 06 18:42:04 UTC 2026","passed","Mon Apr 06 18:42:04 UTC 2026","","Go Test","github.com/specterops/bloodhound/cmd/api/src/database/types/null/TestBoolSetValid","TestBoolSetValid"
"Test cases for TestArgon2_Digest","0","TestArgon2_Digest","","Mon Apr 06 18:42:18 UTC 2026","passed","Mon Apr 06 18:42:18 UTC 2026","","Go Test","github.com/specterops/bloodhound/packages/go/crypto/TestArgon2_Digest","TestArgon2_Digest"
"Test cases for TestResources_ShareSavedQueriesPermissions_CanUpdateSavedQueriesPermission","2","TestResources_ShareSavedQueriesPermissions_CanUpdateSavedQueriesPermission","","Mon Apr 06 18:42:02 UTC 2026","passed","Mon Apr 06 18:42:02 UTC 2026","","Go Test","github.com/specterops/bloodhound/cmd/api/src/api/v2/TestResources_ShareSavedQueriesPermissions_CanUpdateSavedQueriesPermission","TestResources_ShareSavedQueriesPermissions_CanUpdateSavedQueriesPermission"
"","15","should filter properties that we do not want to display in the entity panel","ObjectInfoFields","Mon Apr 06 18:47:21 UTC 2026","passed","Mon Apr 06 18:47:21 UTC 2026","","","",""
"","8","does not return when label limit is not reached","useTagLimits","Mon Apr 06 18:43:34 UTC 2026","passed","Mon Apr 06 18:43:34 UTC 2026","","","",""
"Test cases for TestResources_ExportSavedQueries","9","TestResources_ExportSavedQueries","","Mon Apr 06 18:42:02 UTC 2026","passed","Mon Apr 06 18:42:02 UTC 2026","","Go Test","github.com/specterops/bloodhound/cmd/api/src/api/v2/TestResources_ExportSavedQueries","TestResources_ExportSavedQueries"
"","162","should display the logged in user's role","UserProfile","Mon Apr 06 18:44:37 UTC 2026","passed","Mon Apr 06 18:44:38 UTC 2026","","","",""
"","17","function should return 1 when first param is larger, no matter the data type","Compare function for explore table sort","Mon Apr 06 18:45:45 UTC 2026","passed","Mon Apr 06 18:45:45 UTC 2026","","","",""
"Test cases for TestResources_GetSavedQuery","19","TestResources_GetSavedQuery","","Mon Apr 06 18:42:02 UTC 2026","passed","Mon Apr 06 18:42:02 UTC 2026","","Go Test","github.com/specterops/bloodhound/cmd/api/src/api/v2/TestResources_GetSavedQuery","TestResources_GetSavedQuery"
"Test cases for TestTrackerBuilder_Build_SortsKeysAndIDs","0","TestTrackerBuilder_Build_SortsKeysAndIDs","","Mon Apr 06 18:42:18 UTC 2026","passed","Mon Apr 06 18:42:18 UTC 2026","","Go Test","github.com/specterops/bloodhound/packages/go/analysis/delta/TestTrackerBuilder_Build_SortsKeysAndIDs","TestTrackerBuilder_Build_SortsKeysAndIDs"
"Test cases for TestPredefinedNodeNamePrefixes","0","TestPredefinedNodeNamePrefixes","","Mon Apr 06 18:42:18 UTC 2026","passed","Mon Apr 06 18:42:18 UTC 2026","","Go Test","github.com/specterops/bloodhound/packages/go/analysis/ad/wellknown/TestPredefinedNodeNamePrefixes","TestPredefinedNodeNamePrefixes"
"Test cases for TestIsValidContentTypeForUpload","0","TestIsValidContentTypeForUpload","","Mon Apr 06 18:42:02 UTC 2026","passed","Mon Apr 06 18:42:02 UTC 2026","","Go Test","github.com/specterops/bloodhound/cmd/api/src/api/v2/TestIsValidContentTypeForUpload","TestIsValidContentTypeForUpload"
"Test cases for TestFeatureFlag_HA","304","TestFeatureFlag_HA","","Mon Apr 06 18:42:04 UTC 2026","passed","Mon Apr 06 18:42:04 UTC 2026","","Go Test","github.com/specterops/bloodhound/cmd/api/src/daemons/changelog/TestFeatureFlag_HA","TestFeatureFlag_HA"
"Test cases for TestGenericAssign","0","TestGenericAssign","","Mon Apr 06 18:42:13 UTC 2026","passed","Mon Apr 06 18:42:13 UTC 2026","","Go Test","github.com/specterops/bloodhound/cmd/api/src/utils/TestGenericAssign","TestGenericAssign"
"Test cases for Test_parseRelationshipKindsParam","0","Test_parseRelationshipKindsParam","","Mon Apr 06 18:42:02 UTC 2026","passed","Mon Apr 06 18:42:02 UTC 2026","","Go Test","github.com/specterops/bloodhound/cmd/api/src/api/v2/Test_parseRelationshipKindsParam","Test_parseRelationshipKindsParam"
"","1","filters by high risk level","filterAndSearchEnvironments","Mon Apr 06 18:43:20 UTC 2026","passed","Mon Apr 06 18:43:20 UTC 2026","","risk filters","",""
"","659","renders a primary button as expected","DropdownSelector","Mon Apr 06 18:46:35 UTC 2026","passed","Mon Apr 06 18:46:36 UTC 2026","","","",""
"Test cases for TestWriteBasicResponse","0","TestWriteBasicResponse","","Mon Apr 06 18:41:52 UTC 2026","passed","Mon Apr 06 18:41:52 UTC 2026","","Go Test","github.com/specterops/bloodhound/cmd/api/src/api/TestWriteBasicResponse","TestWriteBasicResponse"
"","113","displays an error message while fetching fails","ActiveExtensionsCard","Mon Apr 06 18:43:25 UTC 2026","passed","Mon Apr 06 18:43:26 UTC 2026","","","",""
"","111","should display an error when error prop is truthy","SaveQueryDialog","Mon Apr 06 18:43:08 UTC 2026","passed","Mon Apr 06 18:43:09 UTC 2026","","","",""
"","165","renders a button for opening the dialog","SchemaUploadDialog","Mon Apr 06 18:44:20 UTC 2026","passed","Mon Apr 06 18:44:20 UTC 2026","","","",""
"Test cases for TestInt64IsZero","0","TestInt64IsZero","","Mon Apr 06 18:42:04 UTC 2026","passed","Mon Apr 06 18:42:04 UTC 2026","","Go Test","github.com/specterops/bloodhound/cmd/api/src/database/types/null/TestInt64IsZero","TestInt64IsZero"
"Test cases for Test_HarnessSetup","0","Test_HarnessSetup","","Mon Apr 06 18:42:19 UTC 2026","passed","Mon Apr 06 18:42:19 UTC 2026","","Go Test","github.com/specterops/bloodhound/packages/go/lab/Test_HarnessSetup","Test_HarnessSetup"
"Test cases for Test_NewRequestSignature","0","Test_NewRequestSignature","","Mon Apr 06 18:41:51 UTC 2026","passed","Mon Apr 06 18:41:51 UTC 2026","","Go Test","github.com/specterops/bloodhound/cmd/api/src/api/Test_NewRequestSignature","Test_NewRequestSignature"
"","266","Close button click causes the callback function to be called","ExploreTable","Mon Apr 06 18:43:05 UTC 2026","passed","Mon Apr 06 18:43:05 UTC 2026","","","",""
"","1058","should display all available SSO providers","UpdateUserDialog","Mon Apr 06 18:43:42 UTC 2026","passed","Mon Apr 06 18:43:43 UTC 2026","","","",""
"","44","links to the specified route with global params intact when triggered by a splat route","AppLink","Mon Apr 06 18:46:06 UTC 2026","passed","Mon Apr 06 18:46:06 UTC 2026","","","",""
"","0","reports a Cypher-specific error when ruleType is SeedTypeCypher and seeds are required","handleError","Mon Apr 06 18:43:47 UTC 2026","passed","Mon Apr 06 18:43:47 UTC 2026","","","",""
"","1","should recognize a common properties","validating a node property against the shared generated schema","Mon Apr 06 18:44:19 UTC 2026","passed","Mon Apr 06 18:44:19 UTC 2026","","","",""
"","1111","should display a dropdown when a user types a partial query that can be autocompleted","CypherSearch","Mon Apr 06 18:45:28 UTC 2026","passed","Mon Apr 06 18:45:29 UTC 2026","","","",""
"","115","temporarily displays the checkmark icon after clicking copy","ExploreTableDataCell","Mon Apr 06 18:47:09 UTC 2026","passed","Mon Apr 06 18:47:10 UTC 2026","","","",""
"Test cases for TestRequestWaitDuration_Negative","0","TestRequestWaitDuration_Negative","","Mon Apr 06 18:41:53 UTC 2026","passed","Mon Apr 06 18:41:53 UTC 2026","","Go Test","github.com/specterops/bloodhound/cmd/api/src/api/middleware/TestRequestWaitDuration_Negative","TestRequestWaitDuration_Negative"
"","783","dark mode should persist between logging in and out","redux store","Mon Apr 06 18:48:57 UTC 2026","passed","Mon Apr 06 18:48:57 UTC 2026","","","",""
"","995","should call onSave when Save button is clicked and form input is valid","CreateUserDialog","Mon Apr 06 18:43:39 UTC 2026","passed","Mon Apr 06 18:43:40 UTC 2026","","","",""
"","30","does not render count for a selected zone if prop is not set","DynamicDetails","Mon Apr 06 18:44:45 UTC 2026","passed","Mon Apr 06 18:44:45 UTC 2026","","","",""
"","69","applies the given filters","useFinishedJobs","Mon Apr 06 18:45:14 UTC 2026","passed","Mon Apr 06 18:45:14 UTC 2026","","","",""
"","6","calls the provided notification method","handleError","Mon Apr 06 18:43:47 UTC 2026","passed","Mon Apr 06 18:43:47 UTC 2026","","","",""
"Test cases for TestInt64FromPtr","0","TestInt64FromPtr","","Mon Apr 06 18:42:04 UTC 2026","passed","Mon Apr 06 18:42:04 UTC 2026","","Go Test","github.com/specterops/bloodhound/cmd/api/src/database/types/null/TestInt64FromPtr","TestInt64FromPtr"
"Test cases for TestResources_ListAvailableEnvironments","21","TestResources_ListAvailableEnvironments","","Mon Apr 06 18:42:02 UTC 2026","passed","Mon Apr 06 18:42:02 UTC 2026","","Go Test","github.com/specterops/bloodhound/cmd/api/src/api/v2/TestResources_ListAvailableEnvironments","TestResources_ListAvailableEnvironments"
"","20","renders Owned text by default when no Label Selector is available and on a Label page","TagSelector","Mon Apr 06 18:46:03 UTC 2026","passed","Mon Apr 06 18:46:03 UTC 2026","","","",""
"","724","renders a button that expands the filter section","AssetGroupEdit","Mon Apr 06 18:44:23 UTC 2026","passed","Mon Apr 06 18:44:24 UTC 2026","","","",""
"Test cases for TestMarshalInt","0","TestMarshalInt","","Mon Apr 06 18:42:04 UTC 2026","passed","Mon Apr 06 18:42:04 UTC 2026","","Go Test","github.com/specterops/bloodhound/cmd/api/src/database/types/null/TestMarshalInt","TestMarshalInt"
"","528","should sort by type","SSOProviderTable","Mon Apr 06 18:46:26 UTC 2026","passed","Mon Apr 06 18:46:26 UTC 2026","","","",""
"Test cases for TestManagementResource_ListAuthTokens_PredicateMismatchWithColumn","0","TestManagementResource_ListAuthTokens_PredicateMismatchWithColumn","","Mon Apr 06 18:42:29 UTC 2026","passed","Mon Apr 06 18:42:29 UTC 2026","","Go Test","github.com/specterops/bloodhound/cmd/api/src/api/v2/auth/TestManagementResource_ListAuthTokens_PredicateMismatchWithColumn","TestManagementResource_ListAuthTokens_PredicateMismatchWithColumn"
"","1906","should clear out the sso provider id from submission data when the authentication method is changed","UpdateUserDialog","Mon Apr 06 18:43:43 UTC 2026","passed","Mon Apr 06 18:43:45 UTC 2026","","","",""
"","66","renders Tier Zero text by default when no Zone Selector is available and on a Zone page","TagSelector","Mon Apr 06 18:46:03 UTC 2026","passed","Mon Apr 06 18:46:03 UTC 2026","","","",""
"","219","calls onChangePinnedColumns with DEFAULT_PINNED_COLUMN_KEYS when ""Reset Default"" is clicked","ManageColumnsComboBox","Mon Apr 06 18:44:08 UTC 2026","passed","Mon Apr 06 18:44:08 UTC 2026","","","",""
"Test cases for TestContextMiddleware_InvalidWait","0","TestContextMiddleware_InvalidWait","","Mon Apr 06 18:41:53 UTC 2026","passed","Mon Apr 06 18:41:53 UTC 2026","","Go Test","github.com/specterops/bloodhound/cmd/api/src/api/middleware/TestContextMiddleware_InvalidWait","TestContextMiddleware_InvalidWait"
"","336","displays 0 when a given sections returns empty, and sums the rest of the sections correctly","EntityInfoDataTableGraphed","Mon Apr 06 18:44:34 UTC 2026","passed","Mon Apr 06 18:44:34 UTC 2026","","Node count for nested table that counts all sections","",""
"Test cases for Test_PrimaryNodeKind","0","Test_PrimaryNodeKind","","Mon Apr 06 18:42:19 UTC 2026","passed","Mon Apr 06 18:42:19 UTC 2026","","Go Test","github.com/specterops/bloodhound/packages/go/graphschema/Test_PrimaryNodeKind","Test_PrimaryNodeKind"
"","1","handles unix time values by converting them to our standard date display format","Formatting number properties","Mon Apr 06 18:44:19 UTC 2026","passed","Mon Apr 06 18:44:19 UTC 2026","","","",""
"","149","should render tag to Label content","TagToZoneLabelDialog","Mon Apr 06 18:45:47 UTC 2026","passed","Mon Apr 06 18:45:47 UTC 2026","","","",""
"","1","pwdlastset","Handling value formatting for Active Directory entity properties lastlogon, lastlogontimestamp, whencreated, and pwdlastset","Mon Apr 06 18:44:19 UTC 2026","passed","Mon Apr 06 18:44:19 UTC 2026","","","",""
"Test cases for TestAuthExtensions","5","TestAuthExtensions","","Mon Apr 06 18:41:52 UTC 2026","passed","Mon Apr 06 18:41:52 UTC 2026","","Go Test","github.com/specterops/bloodhound/cmd/api/src/api/TestAuthExtensions","TestAuthExtensions"
"","1","EXTENDED ROUNDING when thresholds are set: does not abbreviate numbers < 10000","numberFormatting","Mon Apr 06 18:45:43 UTC 2026","passed","Mon Apr 06 18:45:43 UTC 2026","","","",""
"","155","upon selecting just a source node, updates the URL with a searchType of 'node' and primarySearch of the node's objectid","usePathfindingSearch","Mon Apr 06 18:45:18 UTC 2026","passed","Mon Apr 06 18:45:18 UTC 2026","","","",""
"Test cases for TestGormLogAdapter_Info","0","TestGormLogAdapter_Info","","Mon Apr 06 18:42:04 UTC 2026","passed","Mon Apr 06 18:42:04 UTC 2026","","Go Test","github.com/specterops/bloodhound/cmd/api/src/database/TestGormLogAdapter_Info","TestGormLogAdapter_Info"
"Test cases for TestTimePointer","1","TestTimePointer","","Mon Apr 06 18:42:04 UTC 2026","passed","Mon Apr 06 18:42:04 UTC 2026","","Go Test","github.com/specterops/bloodhound/cmd/api/src/database/types/null/TestTimePointer","TestTimePointer"
"Test cases for TestNewManifest","0","TestNewManifest","","Mon Apr 06 18:42:04 UTC 2026","passed","Mon Apr 06 18:42:04 UTC 2026","","Go Test","github.com/specterops/bloodhound/cmd/api/src/database/migration/TestNewManifest","TestNewManifest"
"","0","reports an API error when Cypher is not run first","handleError","Mon Apr 06 18:43:47 UTC 2026","passed","Mon Apr 06 18:43:47 UTC 2026","","","",""
"","592","handles creating a new rule","Rule Form","Mon Apr 06 18:43:29 UTC 2026","passed","Mon Apr 06 18:43:29 UTC 2026","","","",""
"Test cases for TestUnmarshalInt64Overflow","0","TestUnmarshalInt64Overflow","","Mon Apr 06 18:42:04 UTC 2026","passed","Mon Apr 06 18:42:04 UTC 2026","","Go Test","github.com/specterops/bloodhound/cmd/api/src/database/types/null/TestUnmarshalInt64Overflow","TestUnmarshalInt64Overflow"
"","191","should display a toggle switch to enable multi-factor authentication","UserProfile","Mon Apr 06 18:44:38 UTC 2026","passed","Mon Apr 06 18:44:38 UTC 2026","","","",""
"","1","floors DateTime objects to the nearest minute","floorToNearestMinute","Mon Apr 06 18:47:08 UTC 2026","passed","Mon Apr 06 18:47:08 UTC 2026","","","",""
"","193","displays expected results when searching by objectid","SearchCurrentNodes","Mon Apr 06 18:45:56 UTC 2026","passed","Mon Apr 06 18:45:56 UTC 2026","","","",""
"","525","triggers a file download when a download button is clicked","DownloadCollectors","Mon Apr 06 18:48:23 UTC 2026","passed","Mon Apr 06 18:48:23 UTC 2026","","","",""
"Test cases for TestIngestJobs_IsSortable","0","TestIngestJobs_IsSortable","","Mon Apr 06 18:42:05 UTC 2026","passed","Mon Apr 06 18:42:05 UTC 2026","","Go Test","github.com/specterops/bloodhound/cmd/api/src/model/TestIngestJobs_IsSortable","TestIngestJobs_IsSortable"
"Test cases for TestError","0","TestError","","Mon Apr 06 18:41:52 UTC 2026","passed","Mon Apr 06 18:41:52 UTC 2026","","Go Test","github.com/specterops/bloodhound/cmd/api/src/api/TestError","TestError"
"Test cases for TestFloatPointer","0","TestFloatPointer","","Mon Apr 06 18:42:04 UTC 2026","passed","Mon Apr 06 18:42:04 UTC 2026","","Go Test","github.com/specterops/bloodhound/cmd/api/src/database/types/null/TestFloatPointer","TestFloatPointer"
"","118","should call onCancel when cancel button clicked","LoginViaSSOForm","Mon Apr 06 18:46:19 UTC 2026","passed","Mon Apr 06 18:46:19 UTC 2026","","","",""
"Test cases for TestNormalizeToUTF8","0","TestNormalizeToUTF8","","Mon Apr 06 18:42:18 UTC 2026","passed","Mon Apr 06 18:42:18 UTC 2026","","Go Test","github.com/specterops/bloodhound/packages/go/bomenc/TestNormalizeToUTF8","TestNormalizeToUTF8"
"Test cases for TestCacheEntryDigester_DigestEndpoint_JSONMarshalError","0","TestCacheEntryDigester_DigestEndpoint_JSONMarshalError","","Mon Apr 06 18:42:08 UTC 2026","passed","Mon Apr 06 18:42:08 UTC 2026","","Go Test","github.com/specterops/bloodhound/cmd/api/src/services/graphify/endpoint/TestCacheEntryDigester_DigestEndpoint_JSONMarshalError","TestCacheEntryDigester_DigestEndpoint_JSONMarshalError"
"Test cases for TestBoolFromPtr","0","TestBoolFromPtr","","Mon Apr 06 18:42:04 UTC 2026","passed","Mon Apr 06 18:42:04 UTC 2026","","Go Test","github.com/specterops/bloodhound/cmd/api/src/database/types/null/TestBoolFromPtr","TestBoolFromPtr"
"Test cases for TestResources_ListAuditLogs","0","TestResources_ListAuditLogs","","Mon Apr 06 18:42:02 UTC 2026","passed","Mon Apr 06 18:42:02 UTC 2026","","Go Test","github.com/specterops/bloodhound/cmd/api/src/api/v2/TestResources_ListAuditLogs","TestResources_ListAuditLogs"
"Test cases for TestMarshalString","0","TestMarshalString","","Mon Apr 06 18:42:04 UTC 2026","passed","Mon Apr 06 18:42:04 UTC 2026","","Go Test","github.com/specterops/bloodhound/cmd/api/src/database/types/null/TestMarshalString","TestMarshalString"
"Test cases for TestManagementResource_SSOLoginHandler","6","TestManagementResource_SSOLoginHandler","","Mon Apr 06 18:42:37 UTC 2026","passed","Mon Apr 06 18:42:37 UTC 2026","","Go Test","github.com/specterops/bloodhound/cmd/api/src/api/v2/auth/TestManagementResource_SSOLoginHandler","TestManagementResource_SSOLoginHandler"
"","1","runs a cypher search when the query param is set to ""cypher""","useExploreGraph","Mon Apr 06 18:43:43 UTC 2026","passed","Mon Apr 06 18:43:43 UTC 2026","","exploreGraphQueryFactory","",""
"Test cases for TestDatabase_GetAssetGroupTagSelector","1","TestDatabase_GetAssetGroupTagSelector","","Mon Apr 06 18:42:02 UTC 2026","passed","Mon Apr 06 18:42:02 UTC 2026","","Go Test","github.com/specterops/bloodhound/cmd/api/src/api/v2/TestDatabase_GetAssetGroupTagSelector","TestDatabase_GetAssetGroupTagSelector"
"","12","allows you to cancel filter updates before applying them to the url and reset to the default filter state","usePathfindingFilters","Mon Apr 06 18:47:17 UTC 2026","passed","Mon Apr 06 18:47:17 UTC 2026","","","",""
"","5","receives the current stored value as the previous state","useLocalStorage","Mon Apr 06 18:44:48 UTC 2026","passed","Mon Apr 06 18:44:48 UTC 2026","","functional updater","",""
"","14","returns early if there are no 'collected' environments","useInitialEnvironment","Mon Apr 06 18:46:41 UTC 2026","passed","Mon Apr 06 18:46:41 UTC 2026","","","",""
"","114","should display locally formatted numbers if they are larger than 999","LoadContainer","Mon Apr 06 18:48:00 UTC 2026","passed","Mon Apr 06 18:48:00 UTC 2026","","","",""
"Test cases for TestParseAGMembersFromNodes_MissingNodeProperties","0","TestParseAGMembersFromNodes_MissingNodeProperties","","Mon Apr 06 18:42:02 UTC 2026","passed","Mon Apr 06 18:42:02 UTC 2026","","Go Test","github.com/specterops/bloodhound/cmd/api/src/api/v2/TestParseAGMembersFromNodes_MissingNodeProperties","TestParseAGMembersFromNodes_MissingNodeProperties"
"","0","returns paramValue as EnvironmentAggregation if paramValue is active-directory","useEnvironmentParams","Mon Apr 06 18:47:51 UTC 2026","passed","Mon Apr 06 18:47:51 UTC 2026","","parseEnvironmentAggregation","",""
"","382","displays a “Disable query timeout” checkbox when timeout limit param config is enabled false","ExploreSearch interaction","Mon Apr 06 18:48:27 UTC 2026","passed","Mon Apr 06 18:48:28 UTC 2026","","","",""
"","906","opens a submenu when user hovers over `Copy`","ContextMenu","Mon Apr 06 18:48:32 UTC 2026","passed","Mon Apr 06 18:48:33 UTC 2026","","","",""
"Test cases for TestDomainSelectors_GetFilterCriteria_Success_Empty","0","TestDomainSelectors_GetFilterCriteria_Success_Empty","","Mon Apr 06 18:42:05 UTC 2026","passed","Mon Apr 06 18:42:05 UTC 2026","","Go Test","github.com/specterops/bloodhound/cmd/api/src/model/TestDomainSelectors_GetFilterCriteria_Success_Empty","TestDomainSelectors_GetFilterCriteria_Success_Empty"
"Test cases for TestHeaderMatches","0","TestHeaderMatches","","Mon Apr 06 18:42:13 UTC 2026","passed","Mon Apr 06 18:42:13 UTC 2026","","Go Test","github.com/specterops/bloodhound/cmd/api/src/utils/TestHeaderMatches","TestHeaderMatches"
"","2","rounds down fractional minutes/days","getSimpleDuration","Mon Apr 06 18:47:08 UTC 2026","passed","Mon Apr 06 18:47:08 UTC 2026","","","",""
"Test cases for TestSignRequestTeeFailure","1","TestSignRequestTeeFailure","","Mon Apr 06 18:41:51 UTC 2026","passed","Mon Apr 06 18:41:51 UTC 2026","","Go Test","github.com/specterops/bloodhound/cmd/api/src/api/TestSignRequestTeeFailure","TestSignRequestTeeFailure"
"","63","returns false on 404","useGraphHasData","Mon Apr 06 18:47:19 UTC 2026","passed","Mon Apr 06 18:47:19 UTC 2026","","","",""
"","0","returns true when id is a environment aggregation type","isEnvironmentAggregation","Mon Apr 06 18:43:20 UTC 2026","passed","Mon Apr 06 18:43:20 UTC 2026","","","",""
"Test cases for TestManagementResource_GetUser","12730","TestManagementResource_GetUser","","Mon Apr 06 18:42:24 UTC 2026","passed","Mon Apr 06 18:42:37 UTC 2026","","Go Test","github.com/specterops/bloodhound/cmd/api/src/api/v2/auth/TestManagementResource_GetUser","TestManagementResource_GetUser"
"Test cases for TestUnmarshalTimeText","0","TestUnmarshalTimeText","","Mon Apr 06 18:42:04 UTC 2026","passed","Mon Apr 06 18:42:04 UTC 2026","","Go Test","github.com/specterops/bloodhound/cmd/api/src/database/types/null/TestUnmarshalTimeText","TestUnmarshalTimeText"
"","9","should not render a Field when the provided value is """"","Field","Mon Apr 06 18:47:21 UTC 2026","passed","Mon Apr 06 18:47:21 UTC 2026","","","",""
"","62","correctly handles the hygiene ID with value 0 by not omitting it in the params value even though 0 is falsey","usePZQueryParams","Mon Apr 06 18:46:00 UTC 2026","passed","Mon Apr 06 18:46:00 UTC 2026","","","",""
"","243","shows an error state","AssetGroupMenuItem","Mon Apr 06 18:44:16 UTC 2026","passed","Mon Apr 06 18:44:16 UTC 2026","","","",""
"","63","does not render when ruleId is empty","Delete Selector Button rendering","Mon Apr 06 18:47:32 UTC 2026","passed","Mon Apr 06 18:47:32 UTC 2026","","","",""
"","199","shows all checked boxes","SourceKindsCheckboxes","Mon Apr 06 18:45:09 UTC 2026","passed","Mon Apr 06 18:45:09 UTC 2026","","","",""
"","10","renders note content when currentNote is present","HistoryNotes Component","Mon Apr 06 18:47:36 UTC 2026","passed","Mon Apr 06 18:47:36 UTC 2026","","","",""
"Test cases for TestWriteAndValidateZip","0","TestWriteAndValidateZip","","Mon Apr 06 18:42:10 UTC 2026","passed","Mon Apr 06 18:42:10 UTC 2026","","Go Test","github.com/specterops/bloodhound/cmd/api/src/services/upload/TestWriteAndValidateZip","TestWriteAndValidateZip"
"","181","a timeout response from the server is handled","ExploreSearchCombobox with search timeout","Mon Apr 06 18:44:25 UTC 2026","passed","Mon Apr 06 18:44:25 UTC 2026","","","",""
"","267","should not display generate/revoke api tokens button","Api Keys","Mon Apr 06 18:46:24 UTC 2026","passed","Mon Apr 06 18:46:25 UTC 2026","","","",""
"","0","combines platform and collected filters","filterAndSearchEnvironments","Mon Apr 06 18:43:20 UTC 2026","passed","Mon Apr 06 18:43:20 UTC 2026","","combined filters","",""
"Test cases for TestEncodingValues","0","TestEncodingValues","","Mon Apr 06 18:42:18 UTC 2026","passed","Mon Apr 06 18:42:18 UTC 2026","","Go Test","github.com/specterops/bloodhound/packages/go/bomenc/TestEncodingValues","TestEncodingValues"
"","147","should call onCancel when return to login button clicked","PasswordResetForm","Mon Apr 06 18:45:26 UTC 2026","passed","Mon Apr 06 18:45:26 UTC 2026","","","",""
"","367","has user filters","FileIngestFilterDialog","Mon Apr 06 18:43:56 UTC 2026","passed","Mon Apr 06 18:43:56 UTC 2026","","User Select","",""
"","964","shows a warning for using labels associated with tags in zone forms","Rule Form","Mon Apr 06 18:43:29 UTC 2026","passed","Mon Apr 06 18:43:30 UTC 2026","","","",""
"Test cases for TestFillAndPopulateDefaultAdminInfo","0","TestFillAndPopulateDefaultAdminInfo","","Mon Apr 06 18:42:03 UTC 2026","passed","Mon Apr 06 18:42:03 UTC 2026","","Go Test","github.com/specterops/bloodhound/cmd/api/src/bootstrap/TestFillAndPopulateDefaultAdminInfo","TestFillAndPopulateDefaultAdminInfo"
"","1053","allows switching between the Zones and Labels tabs","Zone Management","Mon Apr 06 18:47:12 UTC 2026","passed","Mon Apr 06 18:47:13 UTC 2026","","","",""
"Test cases for TestTimeEqual","0","TestTimeEqual","","Mon Apr 06 18:42:04 UTC 2026","passed","Mon Apr 06 18:42:04 UTC 2026","","Go Test","github.com/specterops/bloodhound/cmd/api/src/database/types/null/TestTimeEqual","TestTimeEqual"
"","0","handles environment with impactValue of 0","filterAndSearchEnvironments","Mon Apr 06 18:43:20 UTC 2026","passed","Mon Apr 06 18:43:20 UTC 2026","","edge cases","",""
"Test cases for TestCache_NewCache","0","TestCache_NewCache","","Mon Apr 06 18:42:18 UTC 2026","passed","Mon Apr 06 18:42:18 UTC 2026","","Go Test","github.com/specterops/bloodhound/packages/go/cache/TestCache_NewCache","TestCache_NewCache"
"","213","should render a nav element with logo, two lists, a version number and a powered by","MainNav","Mon Apr 06 18:44:45 UTC 2026","passed","Mon Apr 06 18:44:45 UTC 2026","","","",""
"","532","navigates to object details when clicking an object row","ObjectsAccordion","Mon Apr 06 18:46:52 UTC 2026","passed","Mon Apr 06 18:46:52 UTC 2026","","","",""
"","291","sets the calendar date to match the valid","ManagedDatePicker - value","Mon Apr 06 18:45:37 UTC 2026","passed","Mon Apr 06 18:45:37 UTC 2026","","","",""
"","322","should disable Cancel and Save buttons while isLoading is true","CreateUserDialog","Mon Apr 06 18:43:41 UTC 2026","passed","Mon Apr 06 18:43:42 UTC 2026","","","",""
"","11","does not return when zone limit is not reached","useTagLimits","Mon Apr 06 18:43:34 UTC 2026","passed","Mon Apr 06 18:43:34 UTC 2026","","","",""
"","234","returns false when no nodes are available","useGraphHasData","Mon Apr 06 18:47:18 UTC 2026","passed","Mon Apr 06 18:47:19 UTC 2026","","","",""
"Test cases for TestInt64From","0","TestInt64From","","Mon Apr 06 18:42:04 UTC 2026","passed","Mon Apr 06 18:42:04 UTC 2026","","Go Test","github.com/specterops/bloodhound/cmd/api/src/database/types/null/TestInt64From","TestInt64From"
"","0","returns false for arrays with different object references","areArraysSimilar","Mon Apr 06 18:47:31 UTC 2026","passed","Mon Apr 06 18:47:31 UTC 2026","","","",""
"Test cases for TestArgon2Digest_String","0","TestArgon2Digest_String","","Mon Apr 06 18:42:18 UTC 2026","passed","Mon Apr 06 18:42:18 UTC 2026","","Go Test","github.com/specterops/bloodhound/packages/go/crypto/TestArgon2Digest_String","TestArgon2Digest_String"
"","1","will return a list of values","Formatting list properties","Mon Apr 06 18:44:19 UTC 2026","passed","Mon Apr 06 18:44:19 UTC 2026","","","",""
"Test cases for TestJSONFloat_UnmarshalJSON_NaN","0","TestJSONFloat_UnmarshalJSON_NaN","","Mon Apr 06 18:42:04 UTC 2026","passed","Mon Apr 06 18:42:04 UTC 2026","","Go Test","github.com/specterops/bloodhound/cmd/api/src/database/types/nan/TestJSONFloat_UnmarshalJSON_NaN","TestJSONFloat_UnmarshalJSON_NaN"
"","0","A type was provided but no keyword follows the typed filter","Getting the text for the disabled item display for a search when there are no results","Mon Apr 06 18:46:15 UTC 2026","passed","Mon Apr 06 18:46:15 UTC 2026","","Empty data states","",""
"Test cases for TestManagementResource_DeleteUser_UserNotFound","0","TestManagementResource_DeleteUser_UserNotFound","","Mon Apr 06 18:42:24 UTC 2026","passed","Mon Apr 06 18:42:24 UTC 2026","","Go Test","github.com/specterops/bloodhound/cmd/api/src/api/v2/auth/TestManagementResource_DeleteUser_UserNotFound","TestManagementResource_DeleteUser_UserNotFound"
"","0","The node radius is adjusted to take into account the current camera zoom ratio","getNodeRadius","Mon Apr 06 18:48:53 UTC 2026","passed","Mon Apr 06 18:48:53 UTC 2026","","","",""
"","1580","renders","DatabaseManagement","Mon Apr 06 18:48:29 UTC 2026","passed","Mon Apr 06 18:48:30 UTC 2026","","","",""
"Test cases for TestResources_GetAssetGroupMemberCount_IDMalformed","0","TestResources_GetAssetGroupMemberCount_IDMalformed","","Mon Apr 06 18:42:02 UTC 2026","passed","Mon Apr 06 18:42:02 UTC 2026","","Go Test","github.com/specterops/bloodhound/cmd/api/src/api/v2/TestResources_GetAssetGroupMemberCount_IDMalformed","TestResources_GetAssetGroupMemberCount_IDMalformed"
"Test cases for TestOpenGraphSchemaService_GetEnvironmentKindsAndEnvironmentExtensionDisplayNames","2","TestOpenGraphSchemaService_GetEnvironmentKindsAndEnvironmentExtensionDisplayNames","","Mon Apr 06 18:42:09 UTC 2026","passed","Mon Apr 06 18:42:09 UTC 2026","","Go Test","github.com/specterops/bloodhound/cmd/api/src/services/opengraphschema/TestOpenGraphSchemaService_GetEnvironmentKindsAndEnvironmentExtensionDisplayNames","TestOpenGraphSchemaService_GetEnvironmentKindsAndEnvironmentExtensionDisplayNames"
"","71","calls onSort when clicked with a tooltip","ColumnHeaders","Mon Apr 06 18:45:42 UTC 2026","passed","Mon Apr 06 18:45:42 UTC 2026","","SortableHeader with Tooltip","",""
"","290","renders the Columns trigger button","ManageColumnsComboBox","Mon Apr 06 18:44:06 UTC 2026","passed","Mon Apr 06 18:44:07 UTC 2026","","","",""
"Test cases for TestResources_ListADDomainOutboundTrusts","0","TestResources_ListADDomainOutboundTrusts","","Mon Apr 06 18:42:02 UTC 2026","passed","Mon Apr 06 18:42:02 UTC 2026","","Go Test","github.com/specterops/bloodhound/cmd/api/src/api/v2/TestResources_ListADDomainOutboundTrusts","TestResources_ListADDomainOutboundTrusts"
"","74","renders citrix config controls","BloodHoundConfiguration","Mon Apr 06 18:49:06 UTC 2026","passed","Mon Apr 06 18:49:06 UTC 2026","","","",""
"","190","calls onClose when user clicks cancel","PasswordDialog","Mon Apr 06 18:43:34 UTC 2026","passed","Mon Apr 06 18:43:34 UTC 2026","","","",""
"","599","has status filters","FileIngestFilterDialog","Mon Apr 06 18:43:52 UTC 2026","passed","Mon Apr 06 18:43:53 UTC 2026","","Status Select","",""
"","0","succeeds for valid password with unicode characters","testPassword","Mon Apr 06 18:47:53 UTC 2026","passed","Mon Apr 06 18:47:53 UTC 2026","","","",""
"","217","adds node to asset group tag without confirmation","AssetGroupMenuItem","Mon Apr 06 18:44:17 UTC 2026","passed","Mon Apr 06 18:44:17 UTC 2026","","","",""
"Test cases for TestResources_SearchAssetGroupTags","2","TestResources_SearchAssetGroupTags","","Mon Apr 06 18:42:02 UTC 2026","passed","Mon Apr 06 18:42:02 UTC 2026","","Go Test","github.com/specterops/bloodhound/cmd/api/src/api/v2/TestResources_SearchAssetGroupTags","TestResources_SearchAssetGroupTags"
"Test cases for TestResources_UpdateSavedQuery_OwnPublicQuery_Success","1","TestResources_UpdateSavedQuery_OwnPublicQuery_Success","","Mon Apr 06 18:42:02 UTC 2026","passed","Mon Apr 06 18:42:02 UTC 2026","","Go Test","github.com/specterops/bloodhound/cmd/api/src/api/v2/TestResources_UpdateSavedQuery_OwnPublicQuery_Success","TestResources_UpdateSavedQuery_OwnPublicQuery_Success"
"","35","tag members refetches on environment change","the useAssetGroupTags utilities","Mon Apr 06 18:44:02 UTC 2026","passed","Mon Apr 06 18:44:02 UTC 2026","","","",""
"","28","whencreated","Handling value formatting for Active Directory entity properties lastlogon, lastlogontimestamp, whencreated, and pwdlastset","Mon Apr 06 18:44:19 UTC 2026","passed","Mon Apr 06 18:44:19 UTC 2026","","","",""
"","1917","displays a list of available sharphound and azurehound files to download","DownloadCollectors","Mon Apr 06 18:48:21 UTC 2026","passed","Mon Apr 06 18:48:23 UTC 2026","","","",""
"","403","should not have less characters than the minimum requirement","UpdateUserForm","Mon Apr 06 18:43:14 UTC 2026","passed","Mon Apr 06 18:43:15 UTC 2026","","","",""
"","713","lists all available node kinds as options to filter by","AssetGroupEdit","Mon Apr 06 18:44:24 UTC 2026","passed","Mon Apr 06 18:44:24 UTC 2026","","Node Type dropdown filter","",""
"Test cases for TestUnique","0","TestUnique","","Mon Apr 06 18:42:20 UTC 2026","passed","Mon Apr 06 18:42:20 UTC 2026","","Go Test","github.com/specterops/bloodhound/packages/go/slicesext/TestUnique","TestUnique"
"","145","displays extensions in a table when data is available","ActiveExtensionsCard","Mon Apr 06 18:43:26 UTC 2026","passed","Mon Apr 06 18:43:26 UTC 2026","","","",""
"Test cases for Test_ParseGraphSortParameters_Success","0","Test_ParseGraphSortParameters_Success","","Mon Apr 06 18:41:52 UTC 2026","passed","Mon Apr 06 18:41:52 UTC 2026","","Go Test","github.com/specterops/bloodhound/cmd/api/src/api/Test_ParseGraphSortParameters_Success","Test_ParseGraphSortParameters_Success"
"Test cases for TestResources_DeleteSavedQueryPermissions","2","TestResources_DeleteSavedQueryPermissions","","Mon Apr 06 18:42:02 UTC 2026","passed","Mon Apr 06 18:42:02 UTC 2026","","Go Test","github.com/specterops/bloodhound/cmd/api/src/api/v2/TestResources_DeleteSavedQueryPermissions","TestResources_DeleteSavedQueryPermissions"
"","7","safely handles removing nonexistent key","useObjectState","Mon Apr 06 18:47:06 UTC 2026","passed","Mon Apr 06 18:47:06 UTC 2026","","","",""
"","13","upon performing a search, updates the url params with the base64-encoded current query and sets searchType to 'cypher'","useCypherSearch","Mon Apr 06 18:47:25 UTC 2026","passed","Mon Apr 06 18:47:25 UTC 2026","","","",""
"Test cases for TestResources_ListADDomainForeignAdmins","0","TestResources_ListADDomainForeignAdmins","","Mon Apr 06 18:42:02 UTC 2026","passed","Mon Apr 06 18:42:02 UTC 2026","","Go Test","github.com/specterops/bloodhound/cmd/api/src/api/v2/TestResources_ListADDomainForeignAdmins","TestResources_ListADDomainForeignAdmins"
"Test cases for TestResources_ListADGPOAffectedComputers","2","TestResources_ListADGPOAffectedComputers","","Mon Apr 06 18:42:02 UTC 2026","passed","Mon Apr 06 18:42:02 UTC 2026","","Go Test","github.com/specterops/bloodhound/cmd/api/src/api/v2/TestResources_ListADGPOAffectedComputers","TestResources_ListADGPOAffectedComputers"
"","11","renders highlight only for active member when memberId is present","SelectedHighlight","Mon Apr 06 18:46:58 UTC 2026","passed","Mon Apr 06 18:46:58 UTC 2026","","","",""
"Test cases for TestGC_Name","1","TestGC_Name","","Mon Apr 06 18:42:04 UTC 2026","passed","Mon Apr 06 18:42:04 UTC 2026","","Go Test","github.com/specterops/bloodhound/cmd/api/src/daemons/gc/TestGC_Name","TestGC_Name"
"","1","reports when API error response has errors array","handleError","Mon Apr 06 18:43:47 UTC 2026","passed","Mon Apr 06 18:43:47 UTC 2026","","","",""
"","1","returns query config when searchType is composition and all required params are passed","useExploreGraph","Mon Apr 06 18:43:43 UTC 2026","passed","Mon Apr 06 18:43:43 UTC 2026","composition search queries","exploreGraphQueryFactory","",""
"Test cases for TestParseLimitQueryParameter_BadFormat","0","TestParseLimitQueryParameter_BadFormat","","Mon Apr 06 18:42:02 UTC 2026","passed","Mon Apr 06 18:42:02 UTC 2026","","Go Test","github.com/specterops/bloodhound/cmd/api/src/api/v2/TestParseLimitQueryParameter_BadFormat","TestParseLimitQueryParameter_BadFormat"
"","191","clears value if input is empty","ManagedDatePicker - input","Mon Apr 06 18:45:37 UTC 2026","passed","Mon Apr 06 18:45:37 UTC 2026","","","",""
"","74","renders the title passed via title prop","ColumnHeaders","Mon Apr 06 18:45:40 UTC 2026","passed","Mon Apr 06 18:45:40 UTC 2026","","BaseColumnHeader","",""
"Test cases for TestManagementResource_ListAuthTokens_NonAdmin","0","TestManagementResource_ListAuthTokens_NonAdmin","","Mon Apr 06 18:42:29 UTC 2026","passed","Mon Apr 06 18:42:29 UTC 2026","","Go Test","github.com/specterops/bloodhound/cmd/api/src/api/v2/auth/TestManagementResource_ListAuthTokens_NonAdmin","TestManagementResource_ListAuthTokens_NonAdmin"
"","399","renders no asset group edit options without graph write permissions","ContextMenu","Mon Apr 06 18:48:31 UTC 2026","passed","Mon Apr 06 18:48:31 UTC 2026","","","",""
"Test cases for Test_ConvertAzureRoleManagementPolicyAssignment","0","Test_ConvertAzureRoleManagementPolicyAssignment","","Mon Apr 06 18:42:18 UTC 2026","passed","Mon Apr 06 18:42:18 UTC 2026","","Go Test","github.com/specterops/bloodhound/packages/go/ein/Test_ConvertAzureRoleManagementPolicyAssignment","Test_ConvertAzureRoleManagementPolicyAssignment"
"","200","handles removing from a non-tier-zero asset group","AssetGroupMenuItem","Mon Apr 06 18:48:22 UTC 2026","passed","Mon Apr 06 18:48:22 UTC 2026","","removing from an asset group","",""
"Test cases for TestQueries_GetRequestedType","0","TestQueries_GetRequestedType","","Mon Apr 06 18:42:07 UTC 2026","passed","Mon Apr 06 18:42:07 UTC 2026","","Go Test","github.com/specterops/bloodhound/cmd/api/src/queries/TestQueries_GetRequestedType","TestQueries_GetRequestedType"
"Test cases for TestUnmarshalBool","0","TestUnmarshalBool","","Mon Apr 06 18:42:04 UTC 2026","passed","Mon Apr 06 18:42:04 UTC 2026","","Go Test","github.com/specterops/bloodhound/cmd/api/src/database/types/null/TestUnmarshalBool","TestUnmarshalBool"
"","250","a name value is required to submit the form","Rule Form","Mon Apr 06 18:43:27 UTC 2026","passed","Mon Apr 06 18:43:27 UTC 2026","","","",""
"","1","returns name uniqueness message for ""name must be unique""","getErrorMessage","Mon Apr 06 18:43:47 UTC 2026","passed","Mon Apr 06 18:43:47 UTC 2026","","","",""
"","732","should allow user to configure 2fa","Enable2FADialog","Mon Apr 06 18:45:42 UTC 2026","passed","Mon Apr 06 18:45:42 UTC 2026","","","",""
"","93","copys children value to clipboard after clicking the copy btn","CodeController","Mon Apr 06 18:47:36 UTC 2026","passed","Mon Apr 06 18:47:36 UTC 2026","","","",""
"","20","does not set input text if no value is given","ManagedDatePicker - value","Mon Apr 06 18:45:36 UTC 2026","passed","Mon Apr 06 18:45:37 UTC 2026","","","",""
"","409","renders a non-primary button as expected","DropdownSelector","Mon Apr 06 18:46:36 UTC 2026","passed","Mon Apr 06 18:46:36 UTC 2026","","","",""
"Test cases for TestResources_ListADEntityDCOMRights","0","TestResources_ListADEntityDCOMRights","","Mon Apr 06 18:42:02 UTC 2026","passed","Mon Apr 06 18:42:02 UTC 2026","","Go Test","github.com/specterops/bloodhound/cmd/api/src/api/v2/TestResources_ListADEntityDCOMRights","TestResources_ListADEntityDCOMRights"
"","228","sums nested section node counts","EntityInfoDataTable","Mon Apr 06 18:43:56 UTC 2026","passed","Mon Apr 06 18:43:57 UTC 2026","","Node count for nested table that counts all sections","",""
"","480","displays default text for domain selector when globalDomain is null","GroupManagement","Mon Apr 06 18:48:41 UTC 2026","passed","Mon Apr 06 18:48:41 UTC 2026","","","",""
"","1935","Clicking header allows user to sort by column","ExploreTable","Mon Apr 06 18:43:02 UTC 2026","passed","Mon Apr 06 18:43:04 UTC 2026","","","",""
"","576","should initiate data loading when an item is selected","Simple Environment Selector","Mon Apr 06 18:44:40 UTC 2026","passed","Mon Apr 06 18:44:40 UTC 2026","","","",""
"Test cases for TestServeHTTP_Success","0","TestServeHTTP_Success","","Mon Apr 06 18:41:53 UTC 2026","passed","Mon Apr 06 18:41:53 UTC 2026","","Go Test","github.com/specterops/bloodhound/cmd/api/src/api/middleware/TestServeHTTP_Success","TestServeHTTP_Success"
"","752","should call onSubmit with email address and password when login button clicked","LoginForm","Mon Apr 06 18:47:12 UTC 2026","passed","Mon Apr 06 18:47:12 UTC 2026","","","",""
"","4","returns true if arrays are referentially equal","areArraysSimilar","Mon Apr 06 18:47:31 UTC 2026","passed","Mon Apr 06 18:47:31 UTC 2026","","","",""
"","5","returns bounds for text rendered to canvas","getLabelBoundsFromContext","Mon Apr 06 18:48:53 UTC 2026","passed","Mon Apr 06 18:48:53 UTC 2026","","","",""
"Test cases for TestJSONFloat_MarshalJSON","0","TestJSONFloat_MarshalJSON","","Mon Apr 06 18:42:04 UTC 2026","passed","Mon Apr 06 18:42:04 UTC 2026","","Go Test","github.com/specterops/bloodhound/cmd/api/src/database/types/nan/TestJSONFloat_MarshalJSON","TestJSONFloat_MarshalJSON"
"","1168","should render","ExploreSearch rendering per tab","Mon Apr 06 18:48:21 UTC 2026","passed","Mon Apr 06 18:48:22 UTC 2026","","","",""
"Test cases for TestResources_GetPathfindingResult","0","TestResources_GetPathfindingResult","","Mon Apr 06 18:42:02 UTC 2026","passed","Mon Apr 06 18:42:02 UTC 2026","","Go Test","github.com/specterops/bloodhound/cmd/api/src/api/v2/TestResources_GetPathfindingResult","TestResources_GetPathfindingResult"
"","82","renders when all data is available and rule is not default","Delete Selector Button rendering","Mon Apr 06 18:47:32 UTC 2026","passed","Mon Apr 06 18:47:32 UTC 2026","","","",""
"","299","shows a loading state","FileIngestTable","Mon Apr 06 18:45:22 UTC 2026","passed","Mon Apr 06 18:45:22 UTC 2026","","","",""
"","90","calls getAssetGroupTags for topTagId","DetailsRoot","Mon Apr 06 18:47:57 UTC 2026","passed","Mon Apr 06 18:47:57 UTC 2026","","","",""
"","0","handles percent values by multiplying by 100, truncating to an integer, and adding a ""%"" to the end","Formatting number properties","Mon Apr 06 18:44:19 UTC 2026","passed","Mon Apr 06 18:44:19 UTC 2026","","","",""
"Test cases for TestBoolValueOrZero","0","TestBoolValueOrZero","","Mon Apr 06 18:42:04 UTC 2026","passed","Mon Apr 06 18:42:04 UTC 2026","","Go Test","github.com/specterops/bloodhound/cmd/api/src/database/types/null/TestBoolValueOrZero","TestBoolValueOrZero"
"","14","disables useAvailableEnvironment and does not attempt calling handleInitialEnvironment if queryOptions.enabled","useInitialEnvironment","Mon Apr 06 18:46:41 UTC 2026","passed","Mon Apr 06 18:46:41 UTC 2026","","","",""
"Test cases for TestGetOrderForNeo4jQuery","0","TestGetOrderForNeo4jQuery","","Mon Apr 06 18:42:13 UTC 2026","passed","Mon Apr 06 18:42:13 UTC 2026","","Go Test","github.com/specterops/bloodhound/cmd/api/src/utils/TestGetOrderForNeo4jQuery","TestGetOrderForNeo4jQuery"
"Test cases for Test_signedRequestDate","0","Test_signedRequestDate","","Mon Apr 06 18:41:53 UTC 2026","passed","Mon Apr 06 18:41:53 UTC 2026","","Go Test","github.com/specterops/bloodhound/cmd/api/src/api/middleware/Test_signedRequestDate","Test_signedRequestDate"
"","34","should display an error message if data does not return from the API","Context Selector Error","Mon Apr 06 18:44:41 UTC 2026","passed","Mon Apr 06 18:44:41 UTC 2026","","","",""
"Test cases for TestManagementResource_ListUsers_InvalidColumn","0","TestManagementResource_ListUsers_InvalidColumn","","Mon Apr 06 18:42:08 UTC 2026","passed","Mon Apr 06 18:42:08 UTC 2026","","Go Test","github.com/specterops/bloodhound/cmd/api/src/api/v2/auth/TestManagementResource_ListUsers_InvalidColumn","TestManagementResource_ListUsers_InvalidColumn"
"","305","does not display a “Disable query timeout” checkbox when timeout limit param config is enabled true","ExploreSearch interaction","Mon Apr 06 18:48:28 UTC 2026","passed","Mon Apr 06 18:48:28 UTC 2026","","","",""
"Test cases for TestResources_GetAssetGroupTagHistory","1","TestResources_GetAssetGroupTagHistory","","Mon Apr 06 18:42:02 UTC 2026","passed","Mon Apr 06 18:42:02 UTC 2026","","Go Test","github.com/specterops/bloodhound/cmd/api/src/api/v2/TestResources_GetAssetGroupTagHistory","TestResources_GetAssetGroupTagHistory"
"","50","displays no data message when there are no extensions","ActiveExtensionsCard","Mon Apr 06 18:43:26 UTC 2026","passed","Mon Apr 06 18:43:26 UTC 2026","","","",""
"Test cases for Test_FixtureSetup","0","Test_FixtureSetup","","Mon Apr 06 18:42:19 UTC 2026","passed","Mon Apr 06 18:42:19 UTC 2026","","Go Test","github.com/specterops/bloodhound/packages/go/lab/Test_FixtureSetup","Test_FixtureSetup"
"Test cases for Test_NewSpecWithHooks","0","Test_NewSpecWithHooks","","Mon Apr 06 18:42:19 UTC 2026","passed","Mon Apr 06 18:42:19 UTC 2026","","Go Test","github.com/specterops/bloodhound/packages/go/lab/Test_NewSpecWithHooks","Test_NewSpecWithHooks"
"Test cases for TestTracker_ConcurrentHasEdge","0","TestTracker_ConcurrentHasEdge","","Mon Apr 06 18:42:18 UTC 2026","passed","Mon Apr 06 18:42:18 UTC 2026","","Go Test","github.com/specterops/bloodhound/packages/go/analysis/delta/TestTracker_ConcurrentHasEdge","TestTracker_ConcurrentHasEdge"
"","250","calls openOIDCProviderDialog when OIDC Provider menu item is clicked","CreateMenu","Mon Apr 06 18:44:28 UTC 2026","passed","Mon Apr 06 18:44:28 UTC 2026","","oidc_support feature flag enabled","",""
"Test cases for TestManagementResource_CreateOIDCProvider","1","TestManagementResource_CreateOIDCProvider","","Mon Apr 06 18:42:37 UTC 2026","passed","Mon Apr 06 18:42:37 UTC 2026","","Go Test","github.com/specterops/bloodhound/cmd/api/src/api/v2/auth/TestManagementResource_CreateOIDCProvider","TestManagementResource_CreateOIDCProvider"
"","492","should render list of available SSO providers","LoginViaSSOForm","Mon Apr 06 18:46:18 UTC 2026","passed","Mon Apr 06 18:46:18 UTC 2026","","","",""
"","14","dedupes edges before adding them to the graph","Explore utils","Mon Apr 06 18:48:34 UTC 2026","passed","Mon Apr 06 18:48:34 UTC 2026","","initGraph","",""
"Test cases for TestValidateRequestSignature","234","TestValidateRequestSignature","","Mon Apr 06 18:41:51 UTC 2026","passed","Mon Apr 06 18:41:52 UTC 2026","","Go Test","github.com/specterops/bloodhound/cmd/api/src/api/TestValidateRequestSignature","TestValidateRequestSignature"
"","483","calls onToggleNodeLabels when click show all node labels","GraphControls","Mon Apr 06 18:43:48 UTC 2026","passed","Mon Apr 06 18:43:48 UTC 2026","","Toggling labels","",""
"","14","renders nothing if flag is disabled and disabled prop is not provided","FeatureFlag","Mon Apr 06 18:46:45 UTC 2026","passed","Mon Apr 06 18:46:45 UTC 2026","","","",""
"Test cases for TestGetAzureDataQualityStats_Success","0","TestGetAzureDataQualityStats_Success","","Mon Apr 06 18:42:02 UTC 2026","passed","Mon Apr 06 18:42:02 UTC 2026","","Go Test","github.com/specterops/bloodhound/cmd/api/src/api/v2/TestGetAzureDataQualityStats_Success","TestGetAzureDataQualityStats_Success"
"","73","shows the direct object empty and expanded object list empty, when no results in both","Seed Selection Results","Mon Apr 06 18:44:02 UTC 2026","passed","Mon Apr 06 18:44:02 UTC 2026","","","",""
"","20","displays CaretDownOutline icon when the sortOrder is undefined","ColumnHeaders","Mon Apr 06 18:45:40 UTC 2026","passed","Mon Apr 06 18:45:40 UTC 2026","","SortableHeader","",""
"Test cases for TestResources_CreateCustomNodeKindsTest","63","TestResources_CreateCustomNodeKindsTest","","Mon Apr 06 18:42:02 UTC 2026","passed","Mon Apr 06 18:42:02 UTC 2026","","Go Test","github.com/specterops/bloodhound/cmd/api/src/api/v2/TestResources_CreateCustomNodeKindsTest","TestResources_CreateCustomNodeKindsTest"
"Test cases for Test_UseFixture","0","Test_UseFixture","","Mon Apr 06 18:42:19 UTC 2026","passed","Mon Apr 06 18:42:19 UTC 2026","","Go Test","github.com/specterops/bloodhound/packages/go/lab/Test_UseFixture","Test_UseFixture"
"Test cases for TestFloatValueOrZero","0","TestFloatValueOrZero","","Mon Apr 06 18:42:04 UTC 2026","passed","Mon Apr 06 18:42:04 UTC 2026","","Go Test","github.com/specterops/bloodhound/cmd/api/src/database/types/null/TestFloatValueOrZero","TestFloatValueOrZero"
"","11","should render a Field when the provided value is 0","Field","Mon Apr 06 18:47:21 UTC 2026","passed","Mon Apr 06 18:47:21 UTC 2026","","","",""
"Test cases for TestResources_UpdateSavedQuery_GetSavedQueryError","0","TestResources_UpdateSavedQuery_GetSavedQueryError","","Mon Apr 06 18:42:02 UTC 2026","passed","Mon Apr 06 18:42:02 UTC 2026","","Go Test","github.com/specterops/bloodhound/cmd/api/src/api/v2/TestResources_UpdateSavedQuery_GetSavedQueryError","TestResources_UpdateSavedQuery_GetSavedQueryError"
"","30","sets input text to value","ManagedDatePicker - value","Mon Apr 06 18:45:37 UTC 2026","passed","Mon Apr 06 18:45:37 UTC 2026","","","",""
"Test cases for TestResources_UpdateCustomNodeKindsTest","63","TestResources_UpdateCustomNodeKindsTest","","Mon Apr 06 18:42:02 UTC 2026","passed","Mon Apr 06 18:42:02 UTC 2026","","Go Test","github.com/specterops/bloodhound/cmd/api/src/api/v2/TestResources_UpdateCustomNodeKindsTest","TestResources_UpdateCustomNodeKindsTest"
"Test cases for TestPermissionsCheckAll","0","TestPermissionsCheckAll","","Mon Apr 06 18:41:53 UTC 2026","passed","Mon Apr 06 18:41:53 UTC 2026","","Go Test","github.com/specterops/bloodhound/cmd/api/src/api/middleware/TestPermissionsCheckAll","TestPermissionsCheckAll"
"","24","sets autoDisplayTable to false if query type is node","useExploreTableAutoDisplay","Mon Apr 06 18:46:48 UTC 2026","passed","Mon Apr 06 18:46:48 UTC 2026","","","",""
"","8","displays lastlogontimestamp cell as NEVER when the value is -1","ExploreTableDataCell","Mon Apr 06 18:47:10 UTC 2026","passed","Mon Apr 06 18:47:10 UTC 2026","","","",""
"","432","does fires TagToZoneDialog when the Zone option is clicked","TagToZoneLabel","Mon Apr 06 18:43:16 UTC 2026","passed","Mon Apr 06 18:43:16 UTC 2026","","","",""
"","0","should handle an undefined or null entity","Evaluating the entity display name from a given entity","Mon Apr 06 18:44:19 UTC 2026","passed","Mon Apr 06 18:44:19 UTC 2026","","","",""
"Test cases for TestResources_DeleteAssetGroupSelector","0","TestResources_DeleteAssetGroupSelector","","Mon Apr 06 18:42:02 UTC 2026","passed","Mon Apr 06 18:42:02 UTC 2026","","Go Test","github.com/specterops/bloodhound/cmd/api/src/api/v2/TestResources_DeleteAssetGroupSelector","TestResources_DeleteAssetGroupSelector"
"","286","should render","SSOProviderTable","Mon Apr 06 18:46:25 UTC 2026","passed","Mon Apr 06 18:46:26 UTC 2026","","","",""
"Test cases for TestIntValueOrZero","0","TestIntValueOrZero","","Mon Apr 06 18:42:04 UTC 2026","passed","Mon Apr 06 18:42:04 UTC 2026","","Go Test","github.com/specterops/bloodhound/cmd/api/src/database/types/null/TestIntValueOrZero","TestIntValueOrZero"
"","17","will update the selected filters based on the values stored in query params when the initialize function is called","usePathfindingFilters","Mon Apr 06 18:47:17 UTC 2026","passed","Mon Apr 06 18:47:17 UTC 2026","","","",""
"Test cases for TestQueries_BuildEntityQueryParams","0","TestQueries_BuildEntityQueryParams","","Mon Apr 06 18:42:07 UTC 2026","passed","Mon Apr 06 18:42:07 UTC 2026","","Go Test","github.com/specterops/bloodhound/cmd/api/src/queries/TestQueries_BuildEntityQueryParams","TestQueries_BuildEntityQueryParams"
"","0","reports an API error when the name for the rule is not unique","handleError","Mon Apr 06 18:43:47 UTC 2026","passed","Mon Apr 06 18:43:47 UTC 2026","","","",""
"","248","should render with the correct content","ConfirmUpdateQueryDialog","Mon Apr 06 18:47:29 UTC 2026","passed","Mon Apr 06 18:47:29 UTC 2026","","","",""
"Test cases for TestMatches_FailureStatus","0","TestMatches_FailureStatus","","Mon Apr 06 18:42:05 UTC 2026","passed","Mon Apr 06 18:42:05 UTC 2026","","Go Test","github.com/specterops/bloodhound/cmd/api/src/model/TestMatches_FailureStatus","TestMatches_FailureStatus"
"Test cases for TestResolver_StartDone","12","TestResolver_StartDone","","Mon Apr 06 18:42:08 UTC 2026","passed","Mon Apr 06 18:42:08 UTC 2026","","Go Test","github.com/specterops/bloodhound/cmd/api/src/services/graphify/endpoint/TestResolver_StartDone","TestResolver_StartDone"
"","17","renders nothing if flag is enabled and enabled prop is not provided","FeatureFlag","Mon Apr 06 18:46:45 UTC 2026","passed","Mon Apr 06 18:46:45 UTC 2026","","","",""
"Test cases for TestResources_DeleteSavedQuery_NotAUserAuth","0","TestResources_DeleteSavedQuery_NotAUserAuth","","Mon Apr 06 18:42:02 UTC 2026","passed","Mon Apr 06 18:42:02 UTC 2026","","Go Test","github.com/specterops/bloodhound/cmd/api/src/api/v2/TestResources_DeleteSavedQuery_NotAUserAuth","TestResources_DeleteSavedQuery_NotAUserAuth"
"","0","returns all environments when both ""yes"" and ""no"" filters are active","filterAndSearchEnvironments","Mon Apr 06 18:43:20 UTC 2026","passed","Mon Apr 06 18:43:20 UTC 2026","","collected filters","",""
"","108","should display the logged in user's email address","UserProfile","Mon Apr 06 18:44:37 UTC 2026","passed","Mon Apr 06 18:44:37 UTC 2026","","","",""
"Test cases for TestGetSkipParamForGraphQuery","0","TestGetSkipParamForGraphQuery","","Mon Apr 06 18:42:13 UTC 2026","passed","Mon Apr 06 18:42:13 UTC 2026","","Go Test","github.com/specterops/bloodhound/cmd/api/src/utils/TestGetSkipParamForGraphQuery","TestGetSkipParamForGraphQuery"
"","863","should call onSave when Save button is clicked and form input is valid","UpdateUserDialog","Mon Apr 06 18:43:40 UTC 2026","passed","Mon Apr 06 18:43:41 UTC 2026","","","",""
"Test cases for TestManagementResource_UpdateUser_GetUserError","1540","TestManagementResource_UpdateUser_GetUserError","","Mon Apr 06 18:42:18 UTC 2026","passed","Mon Apr 06 18:42:20 UTC 2026","","Go Test","github.com/specterops/bloodhound/cmd/api/src/api/v2/auth/TestManagementResource_UpdateUser_GetUserError","TestManagementResource_UpdateUser_GetUserError"
"","65","returns true when nodes are available","useGraphHasData","Mon Apr 06 18:47:19 UTC 2026","passed","Mon Apr 06 18:47:19 UTC 2026","","","",""
"Test cases for TestAddOrderByToNeo4jQuery_NoOrderByClause","0","TestAddOrderByToNeo4jQuery_NoOrderByClause","","Mon Apr 06 18:42:02 UTC 2026","passed","Mon Apr 06 18:42:02 UTC 2026","","Go Test","github.com/specterops/bloodhound/cmd/api/src/api/v2/TestAddOrderByToNeo4jQuery_NoOrderByClause","TestAddOrderByToNeo4jQuery_NoOrderByClause"
"","633","dispatches an action to add the associated node","Rule Object Select","Mon Apr 06 18:46:27 UTC 2026","passed","Mon Apr 06 18:46:27 UTC 2026","","","",""
"","370","renders total rules and accordion sections","RulesAccordion","Mon Apr 06 18:45:50 UTC 2026","passed","Mon Apr 06 18:45:50 UTC 2026","","","",""
"","0","returns false if arrays have different elements","areArraysSimilar","Mon Apr 06 18:47:31 UTC 2026","passed","Mon Apr 06 18:47:31 UTC 2026","","","",""
"Test cases for TestManagementResource_DeleteOIDCProvider","1","TestManagementResource_DeleteOIDCProvider","","Mon Apr 06 18:42:37 UTC 2026","passed","Mon Apr 06 18:42:37 UTC 2026","","Go Test","github.com/specterops/bloodhound/cmd/api/src/api/v2/auth/TestManagementResource_DeleteOIDCProvider","TestManagementResource_DeleteOIDCProvider"
"Test cases for TestParseVersion","0","TestParseVersion","","Mon Apr 06 18:42:15 UTC 2026","passed","Mon Apr 06 18:42:15 UTC 2026","","Go Test","github.com/specterops/bloodhound/cmd/api/src/version/TestParseVersion","TestParseVersion"
"","29","returns undefined if environmentId searched for is not found","useAvailableEnvironments","Mon Apr 06 18:46:56 UTC 2026","passed","Mon Apr 06 18:46:56 UTC 2026","","useSelectedEnvironment","",""
"","10","shows ""no permission"" notification if lacking permission","useFinishedJobs","Mon Apr 06 18:45:14 UTC 2026","passed","Mon Apr 06 18:45:14 UTC 2026","","","",""
"","128","should display the ""User Information"" header","UserProfile","Mon Apr 06 18:44:37 UTC 2026","passed","Mon Apr 06 18:44:37 UTC 2026","","","",""
"","385","does not render an edit form for the selected asset group when a user does not have graph write permissions","GroupManagement","Mon Apr 06 18:48:42 UTC 2026","passed","Mon Apr 06 18:48:42 UTC 2026","","","",""
"Test cases for TestResources_ListADComputerAdmins","0","TestResources_ListADComputerAdmins","","Mon Apr 06 18:42:02 UTC 2026","passed","Mon Apr 06 18:42:02 UTC 2026","","Go Test","github.com/specterops/bloodhound/cmd/api/src/api/v2/TestResources_ListADComputerAdmins","TestResources_ListADComputerAdmins"
"Test cases for TestGenerateTOTPSecret","1","TestGenerateTOTPSecret","","Mon Apr 06 18:42:03 UTC 2026","passed","Mon Apr 06 18:42:03 UTC 2026","","Go Test","github.com/specterops/bloodhound/cmd/api/src/auth/TestGenerateTOTPSecret","TestGenerateTOTPSecret"
"Test cases for TestTimeSetValid","0","TestTimeSetValid","","Mon Apr 06 18:42:04 UTC 2026","passed","Mon Apr 06 18:42:04 UTC 2026","","Go Test","github.com/specterops/bloodhound/cmd/api/src/database/types/null/TestTimeSetValid","TestTimeSetValid"
"Test cases for TestResources_ListAuditLogs_DBError","0","TestResources_ListAuditLogs_DBError","","Mon Apr 06 18:42:02 UTC 2026","passed","Mon Apr 06 18:42:02 UTC 2026","","Go Test","github.com/specterops/bloodhound/cmd/api/src/api/v2/TestResources_ListAuditLogs_DBError","TestResources_ListAuditLogs_DBError"
"","222","toggles a child on","SourceKindsCheckboxes","Mon Apr 06 18:45:10 UTC 2026","passed","Mon Apr 06 18:45:10 UTC 2026","","","",""
"Test cases for TestResources_GetBaseEntityInfo","138","TestResources_GetBaseEntityInfo","","Mon Apr 06 18:42:02 UTC 2026","passed","Mon Apr 06 18:42:02 UTC 2026","","Go Test","github.com/specterops/bloodhound/cmd/api/src/api/v2/TestResources_GetBaseEntityInfo","TestResources_GetBaseEntityInfo"
"","1319","filling in the name value allows updating the rule and navigates back to the details page","Rule Form","Mon Apr 06 18:43:27 UTC 2026","passed","Mon Apr 06 18:43:29 UTC 2026","","","",""
"Test cases for TestWriteResultJson","0","TestWriteResultJson","","Mon Apr 06 18:42:13 UTC 2026","passed","Mon Apr 06 18:42:13 UTC 2026","","Go Test","github.com/specterops/bloodhound/cmd/api/src/utils/TestWriteResultJson","TestWriteResultJson"
"","0","returns null if paramValue is ''","useEnvironmentParams","Mon Apr 06 18:47:51 UTC 2026","passed","Mon Apr 06 18:47:51 UTC 2026","","parseEnvironmentAggregation","",""
"Test cases for TestInt64Scan","0","TestInt64Scan","","Mon Apr 06 18:42:04 UTC 2026","passed","Mon Apr 06 18:42:04 UTC 2026","","Go Test","github.com/specterops/bloodhound/cmd/api/src/database/types/null/TestInt64Scan","TestInt64Scan"
"","451","clears the applied filter","FileIngestFilterDialog","Mon Apr 06 18:43:56 UTC 2026","passed","Mon Apr 06 18:43:57 UTC 2026","","User Select","",""
"Test cases for TestManagementResource_EnableUserSAML","1","TestManagementResource_EnableUserSAML","","Mon Apr 06 18:42:08 UTC 2026","passed","Mon Apr 06 18:42:08 UTC 2026","","Go Test","github.com/specterops/bloodhound/cmd/api/src/api/v2/auth/TestManagementResource_EnableUserSAML","TestManagementResource_EnableUserSAML"
"","930","should eventually render previously configured SSO providers","SSOConfiguration","Mon Apr 06 18:44:15 UTC 2026","passed","Mon Apr 06 18:44:16 UTC 2026","","","",""
"Test cases for TestManagementResource_SAMLCallbackRedirect","12","TestManagementResource_SAMLCallbackRedirect","","Mon Apr 06 18:42:37 UTC 2026","passed","Mon Apr 06 18:42:37 UTC 2026","","Go Test","github.com/specterops/bloodhound/cmd/api/src/api/v2/auth/TestManagementResource_SAMLCallbackRedirect","TestManagementResource_SAMLCallbackRedirect"
"","71","sets primarySearch, searchType, exploreSearchTab in URL params when the click handler is executed","useEdgeInfoItems","Mon Apr 06 18:46:06 UTC 2026","passed","Mon Apr 06 18:46:06 UTC 2026","","","",""
"TestCacheEntryDigester_DigestEndpoint_MatchByProperty tests the sorting and hashinglogic when MatchBy is set to MatchByProperty.","1","TestCacheEntryDigester_DigestEndpoint_MatchByProperty","","Mon Apr 06 18:42:08 UTC 2026","passed","Mon Apr 06 18:42:08 UTC 2026","","Go Test","github.com/specterops/bloodhound/cmd/api/src/services/graphify/endpoint/TestCacheEntryDigester_DigestEndpoint_MatchByProperty","TestCacheEntryDigester_DigestEndpoint_MatchByProperty"
"Test cases for TestBuildErrorResponseConflict","0","TestBuildErrorResponseConflict","","Mon Apr 06 18:41:52 UTC 2026","passed","Mon Apr 06 18:41:52 UTC 2026","","Go Test","github.com/specterops/bloodhound/cmd/api/src/api/TestBuildErrorResponseConflict","TestBuildErrorResponseConflict"
"","120","should call onCancel when return to login button clicked","OneTimePasscodeForm","Mon Apr 06 18:47:02 UTC 2026","passed","Mon Apr 06 18:47:02 UTC 2026","","","",""
"","344","closes confirmation dialog when cancel is clicked","ActiveExtensionsCard","Mon Apr 06 18:43:27 UTC 2026","passed","Mon Apr 06 18:43:28 UTC 2026","","","",""
"Test cases for TestManagementResource_ListSAMLProviders","12","TestManagementResource_ListSAMLProviders","","Mon Apr 06 18:42:37 UTC 2026","passed","Mon Apr 06 18:42:37 UTC 2026","","Go Test","github.com/specterops/bloodhound/cmd/api/src/api/v2/auth/TestManagementResource_ListSAMLProviders","TestManagementResource_ListSAMLProviders"
"Test cases for TestMap","0","TestMap","","Mon Apr 06 18:42:19 UTC 2026","passed","Mon Apr 06 18:42:19 UTC 2026","","Go Test","github.com/specterops/bloodhound/packages/go/lab/internal/TestMap","TestMap"
"","2","should recognize azure properties","validating a node property against the shared generated schema","Mon Apr 06 18:44:19 UTC 2026","passed","Mon Apr 06 18:44:19 UTC 2026","","","",""
"Test cases for TestIntIsZero","0","TestIntIsZero","","Mon Apr 06 18:42:04 UTC 2026","passed","Mon Apr 06 18:42:04 UTC 2026","","Go Test","github.com/specterops/bloodhound/cmd/api/src/database/types/null/TestIntIsZero","TestIntIsZero"
"Test cases for TestResources_ListADDomainContainedUsers","0","TestResources_ListADDomainContainedUsers","","Mon Apr 06 18:42:02 UTC 2026","passed","Mon Apr 06 18:42:02 UTC 2026","","Go Test","github.com/specterops/bloodhound/cmd/api/src/api/v2/TestResources_ListADDomainContainedUsers","TestResources_ListADDomainContainedUsers"
"","169","displays the label for each result","SearchCurrentNodes","Mon Apr 06 18:45:56 UTC 2026","passed","Mon Apr 06 18:45:56 UTC 2026","","","",""
"","1757","should display search results when the user enters text","AssetGroupEdit","Mon Apr 06 18:46:02 UTC 2026","passed","Mon Apr 06 18:46:04 UTC 2026","","","",""
"Test cases for TestResources_GetAssetGroupSelectorMemberCountsByKind","2","TestResources_GetAssetGroupSelectorMemberCountsByKind","","Mon Apr 06 18:42:02 UTC 2026","passed","Mon Apr 06 18:42:02 UTC 2026","","Go Test","github.com/specterops/bloodhound/cmd/api/src/api/v2/TestResources_GetAssetGroupSelectorMemberCountsByKind","TestResources_GetAssetGroupSelectorMemberCountsByKind"
"","1034","handles adding to tier zero asset group","AssetGroupMenuItem","Mon Apr 06 18:48:21 UTC 2026","passed","Mon Apr 06 18:48:22 UTC 2026","","adding to an asset group","",""
"Test cases for TestManagementResource_UpdateUser_SelfDisable","1131","TestManagementResource_UpdateUser_SelfDisable","","Mon Apr 06 18:42:21 UTC 2026","passed","Mon Apr 06 18:42:22 UTC 2026","","Go Test","github.com/specterops/bloodhound/cmd/api/src/api/v2/auth/TestManagementResource_UpdateUser_SelfDisable","TestManagementResource_UpdateUser_SelfDisable"
"","147","Disable Analyze Now and change to Analyzing if datapipe status is different from ""idle""","AnalyzeNowConfiguration","Mon Apr 06 18:44:50 UTC 2026","passed","Mon Apr 06 18:44:50 UTC 2026","","","",""
"","1","returns Object ID message when ruleType is SeedTypeObjectId and seeds are required","getErrorMessage","Mon Apr 06 18:43:47 UTC 2026","passed","Mon Apr 06 18:43:47 UTC 2026","","","",""
"Test cases for TestAssetGroupMembers_BuildFilteringConditional_Error","0","TestAssetGroupMembers_BuildFilteringConditional_Error","","Mon Apr 06 18:41:51 UTC 2026","passed","Mon Apr 06 18:41:51 UTC 2026","","Go Test","github.com/specterops/bloodhound/cmd/api/src/api/TestAssetGroupMembers_BuildFilteringConditional_Error","TestAssetGroupMembers_BuildFilteringConditional_Error"
"","668","should render inputs, labels, and action buttons","UpsertSAMLProviderForm","Mon Apr 06 18:46:38 UTC 2026","passed","Mon Apr 06 18:46:39 UTC 2026","","","",""
"","564","when a search result is clicked it calls `handleNodeSelected`","ExploreSearchCombobox","Mon Apr 06 18:44:24 UTC 2026","passed","Mon Apr 06 18:44:25 UTC 2026","","","",""
"","74","sets autoDisplayTable to false if query returns edges","useExploreTableAutoDisplay","Mon Apr 06 18:46:48 UTC 2026","passed","Mon Apr 06 18:46:48 UTC 2026","","","",""
"","11","should render when search string matches text entirely","HighlightedText","Mon Apr 06 18:47:05 UTC 2026","passed","Mon Apr 06 18:47:05 UTC 2026","","","",""
"","0","handles specific Active Directory properties differently than Azure derived properties","Formatting number properties","Mon Apr 06 18:44:19 UTC 2026","passed","Mon Apr 06 18:44:19 UTC 2026","","","",""
"","91","shows View in Explore if exploreUrl is supplied","Seed Selection Results","Mon Apr 06 18:44:02 UTC 2026","passed","Mon Apr 06 18:44:02 UTC 2026","","","",""
"","1","returns query config when searchType is relationship and all required params are passed","useExploreGraph","Mon Apr 06 18:43:43 UTC 2026","passed","Mon Apr 06 18:43:43 UTC 2026","relationship search queries","exploreGraphQueryFactory","",""
"","73","List Display Roles Hook is Loading","useListDisplayRoles","Mon Apr 06 18:43:56 UTC 2026","passed","Mon Apr 06 18:43:56 UTC 2026","","","",""
"","0","returns the distance between two coordinates","getDistanceBetween","Mon Apr 06 18:49:00 UTC 2026","passed","Mon Apr 06 18:49:00 UTC 2026","","","",""
"","881","calls the passed in select handler when clicking the Confirm button","Glyph Select Dialog","Mon Apr 06 18:47:29 UTC 2026","passed","Mon Apr 06 18:47:30 UTC 2026","","","",""
"","39","uses the discardQueryParams prop to discard all query params on the link","AppLink","Mon Apr 06 18:46:06 UTC 2026","passed","Mon Apr 06 18:46:07 UTC 2026","","","",""
"","1","EXTENDED ROUNDING when thresholds are set: returns a comma separated number when provided with a number > 999","numberFormatting","Mon Apr 06 18:45:43 UTC 2026","passed","Mon Apr 06 18:45:43 UTC 2026","","","",""
"","0","fails for password without uppercase letters","testPassword","Mon Apr 06 18:47:53 UTC 2026","passed","Mon Apr 06 18:47:53 UTC 2026","","","",""
"Test cases for TestLoginSuccess","0","TestLoginSuccess","","Mon Apr 06 18:42:03 UTC 2026","passed","Mon Apr 06 18:42:03 UTC 2026","","Go Test","github.com/specterops/bloodhound/cmd/api/src/api/v2/auth/TestLoginSuccess","TestLoginSuccess"
"","316","should eventually display list of tokens","UserTokenManagementDialog","Mon Apr 06 18:44:09 UTC 2026","passed","Mon Apr 06 18:44:09 UTC 2026","","","",""
"","46","does not add a query param if the search term is empty","useNodeSearch","Mon Apr 06 18:46:50 UTC 2026","passed","Mon Apr 06 18:46:50 UTC 2026","","","",""
"","681","should open save dialog on keyboard press alt+S","CypherSearch","Mon Apr 06 18:45:29 UTC 2026","passed","Mon Apr 06 18:45:30 UTC 2026","","","",""
"","0","reports an Object ID-specific error when creating a rule and ruleType is SeedTypeObjectId and seeds are required","handleError","Mon Apr 06 18:43:47 UTC 2026","passed","Mon Apr 06 18:43:47 UTC 2026","","","",""
"","3","writes initialValue to localStorage when the key is absent","useLocalStorage","Mon Apr 06 18:44:48 UTC 2026","passed","Mon Apr 06 18:44:48 UTC 2026","","initial value","",""
"","0","returns fallback Cypher message when ruleType is undefined and seeds are required","getErrorMessage","Mon Apr 06 18:43:47 UTC 2026","passed","Mon Apr 06 18:43:47 UTC 2026","","","",""
"Test cases for TestSavedQueries_GetValidFilterPredicatesAsStrings","0","TestSavedQueries_GetValidFilterPredicatesAsStrings","","Mon Apr 06 18:42:05 UTC 2026","passed","Mon Apr 06 18:42:05 UTC 2026","","Go Test","github.com/specterops/bloodhound/cmd/api/src/model/TestSavedQueries_GetValidFilterPredicatesAsStrings","TestSavedQueries_GetValidFilterPredicatesAsStrings"
"","365","sets a primarySearch=id and searchType=node when secondarySearch is falsey","ContextMenu","Mon Apr 06 18:44:02 UTC 2026","passed","Mon Apr 06 18:44:02 UTC 2026","","","",""
"","0","EXTENDED ROUNDING when thresholds are set: abbreviates numbers larger than 1000 and should not round the tenth place digit","numberFormatting","Mon Apr 06 18:45:43 UTC 2026","passed","Mon Apr 06 18:45:43 UTC 2026","","","",""
"Test cases for TestResources_GetGPOEntityInfo","2","TestResources_GetGPOEntityInfo","","Mon Apr 06 18:42:02 UTC 2026","passed","Mon Apr 06 18:42:02 UTC 2026","","Go Test","github.com/specterops/bloodhound/cmd/api/src/api/v2/TestResources_GetGPOEntityInfo","TestResources_GetGPOEntityInfo"
"Test cases for TestContextMiddlewareBypassEnabled","0","TestContextMiddlewareBypassEnabled","","Mon Apr 06 18:41:53 UTC 2026","passed","Mon Apr 06 18:41:53 UTC 2026","","Go Test","github.com/specterops/bloodhound/cmd/api/src/api/middleware/TestContextMiddlewareBypassEnabled","TestContextMiddlewareBypassEnabled"
"","136","should display the logged in user's full name","UserProfile","Mon Apr 06 18:44:37 UTC 2026","passed","Mon Apr 06 18:44:37 UTC 2026","","","",""
"","159","should disable the create provider button and not display providers if the user lacks permission","SSOConfiguration","Mon Apr 06 18:44:18 UTC 2026","passed","Mon Apr 06 18:44:18 UTC 2026","","","",""
"","244","sets secondarySearch=id and searchType=node when primarySearch is falsey","ContextMenu","Mon Apr 06 18:48:32 UTC 2026","passed","Mon Apr 06 18:48:32 UTC 2026","","","",""
"","201","Verify Vault Reader count is the count returned by All Readers","EntityInfoDataTable","Mon Apr 06 18:43:58 UTC 2026","passed","Mon Apr 06 18:43:58 UTC 2026","","Node count for Vault Readers nested table","",""
"","370","shows a loading state","AssetGroupMenuItem","Mon Apr 06 18:44:16 UTC 2026","passed","Mon Apr 06 18:44:16 UTC 2026","","","",""
"Test cases for TestCreateUser_ResetPassword","1513","TestCreateUser_ResetPassword","","Mon Apr 06 18:42:15 UTC 2026","passed","Mon Apr 06 18:42:17 UTC 2026","","Go Test","github.com/specterops/bloodhound/cmd/api/src/api/v2/auth/TestCreateUser_ResetPassword","TestCreateUser_ResetPassword"
"","251","eventually displays a list of early access features when warning dialog is accepted","EarlyAccessFeatures","Mon Apr 06 18:48:43 UTC 2026","passed","Mon Apr 06 18:48:43 UTC 2026","","","",""
"Test cases for TestResources_ListADCSEscalations","2","TestResources_ListADCSEscalations","","Mon Apr 06 18:42:02 UTC 2026","passed","Mon Apr 06 18:42:02 UTC 2026","","Go Test","github.com/specterops/bloodhound/cmd/api/src/api/v2/TestResources_ListADCSEscalations","TestResources_ListADCSEscalations"
"Test cases for TestManagementResource_UpdateUser_ETAC","1690","TestManagementResource_UpdateUser_ETAC","","Mon Apr 06 18:42:27 UTC 2026","passed","Mon Apr 06 18:42:29 UTC 2026","","Go Test","github.com/specterops/bloodhound/cmd/api/src/api/v2/auth/TestManagementResource_UpdateUser_ETAC","TestManagementResource_UpdateUser_ETAC"
"Test cases for TestSavedQueries_IsSortable","0","TestSavedQueries_IsSortable","","Mon Apr 06 18:42:05 UTC 2026","passed","Mon Apr 06 18:42:05 UTC 2026","","Go Test","github.com/specterops/bloodhound/cmd/api/src/model/TestSavedQueries_IsSortable","TestSavedQueries_IsSortable"
"Test cases for Test_ApplyTimeoutReduction","1","Test_ApplyTimeoutReduction","","Mon Apr 06 18:42:07 UTC 2026","passed","Mon Apr 06 18:42:07 UTC 2026","","Go Test","github.com/specterops/bloodhound/cmd/api/src/queries/Test_ApplyTimeoutReduction","Test_ApplyTimeoutReduction"
"","147","shows ""Expired"" in red when the expiration date has already passed","UserTokenManagementDialog - API Expiration Date column","Mon Apr 06 18:44:10 UTC 2026","passed","Mon Apr 06 18:44:10 UTC 2026","","","",""
"Test cases for TestManagementResource_UpdateUser_GetRolesError","1596","TestManagementResource_UpdateUser_GetRolesError","","Mon Apr 06 18:42:20 UTC 2026","passed","Mon Apr 06 18:42:21 UTC 2026","","Go Test","github.com/specterops/bloodhound/cmd/api/src/api/v2/auth/TestManagementResource_UpdateUser_GetRolesError","TestManagementResource_UpdateUser_GetRolesError"
"","374","renders a graph if the query has any node edges","GraphView","Mon Apr 06 18:48:43 UTC 2026","passed","Mon Apr 06 18:48:43 UTC 2026","","","",""
"Test cases for TestIsValidEmail","0","TestIsValidEmail","","Mon Apr 06 18:42:13 UTC 2026","passed","Mon Apr 06 18:42:13 UTC 2026","","Go Test","github.com/specterops/bloodhound/cmd/api/src/utils/TestIsValidEmail","TestIsValidEmail"
"Test cases for TestResources_UpdateSavedQuery_OwnPrivateQuery_Success","0","TestResources_UpdateSavedQuery_OwnPrivateQuery_Success","","Mon Apr 06 18:42:02 UTC 2026","passed","Mon Apr 06 18:42:02 UTC 2026","","Go Test","github.com/specterops/bloodhound/cmd/api/src/api/v2/TestResources_UpdateSavedQuery_OwnPrivateQuery_Success","TestResources_UpdateSavedQuery_OwnPrivateQuery_Success"
"","437","handles a selection as expected","DropdownSelector","Mon Apr 06 18:46:36 UTC 2026","passed","Mon Apr 06 18:46:37 UTC 2026","","","",""
"","216","The edge properties are fetched through a cypher search which includes lastseen","EdgeObjectInformation","Mon Apr 06 18:45:57 UTC 2026","passed","Mon Apr 06 18:45:57 UTC 2026","","","",""
"Test cases for TestResources_ListAssetGroups","0","TestResources_ListAssetGroups","","Mon Apr 06 18:42:02 UTC 2026","passed","Mon Apr 06 18:42:02 UTC 2026","","Go Test","github.com/specterops/bloodhound/cmd/api/src/api/v2/TestResources_ListAssetGroups","TestResources_ListAssetGroups"
"Test cases for TestSupportsETACMiddleware","0","TestSupportsETACMiddleware","","Mon Apr 06 18:41:53 UTC 2026","passed","Mon Apr 06 18:41:53 UTC 2026","","Go Test","github.com/specterops/bloodhound/cmd/api/src/api/middleware/TestSupportsETACMiddleware","TestSupportsETACMiddleware"
"Test cases for TestParseIntQueryParameter","47","TestParseIntQueryParameter","","Mon Apr 06 18:42:02 UTC 2026","passed","Mon Apr 06 18:42:02 UTC 2026","","Go Test","github.com/specterops/bloodhound/cmd/api/src/api/v2/TestParseIntQueryParameter","TestParseIntQueryParameter"
"","0","returns undefined if graphData is null or not a GraphResponse","getExploreTableData","Mon Apr 06 18:45:45 UTC 2026","passed","Mon Apr 06 18:45:45 UTC 2026","","","",""
"Test cases for Test_filterAndFormatSearchResults_filterEnvironments","0","Test_filterAndFormatSearchResults_filterEnvironments","","Mon Apr 06 18:42:02 UTC 2026","passed","Mon Apr 06 18:42:02 UTC 2026","","Go Test","github.com/specterops/bloodhound/cmd/api/src/api/v2/Test_filterAndFormatSearchResults_filterEnvironments","Test_filterAndFormatSearchResults_filterEnvironments"
"Test cases for TestResources_ListAuditLogs_InvalidColumn","0","TestResources_ListAuditLogs_InvalidColumn","","Mon Apr 06 18:42:02 UTC 2026","passed","Mon Apr 06 18:42:02 UTC 2026","","Go Test","github.com/specterops/bloodhound/cmd/api/src/api/v2/TestResources_ListAuditLogs_InvalidColumn","TestResources_ListAuditLogs_InvalidColumn"
"Test cases for TestGraphQuery_RawCypherQuery","8","TestGraphQuery_RawCypherQuery","","Mon Apr 06 18:42:07 UTC 2026","passed","Mon Apr 06 18:42:07 UTC 2026","","Go Test","github.com/specterops/bloodhound/cmd/api/src/queries/TestGraphQuery_RawCypherQuery","TestGraphQuery_RawCypherQuery"
"Test cases for TestParsePreferHeaderWait","0","TestParsePreferHeaderWait","","Mon Apr 06 18:41:53 UTC 2026","passed","Mon Apr 06 18:41:53 UTC 2026","","Go Test","github.com/specterops/bloodhound/cmd/api/src/api/middleware/TestParsePreferHeaderWait","TestParsePreferHeaderWait"
"","1762","renders a table if the query has NO node edges","GraphView","Mon Apr 06 18:48:41 UTC 2026","passed","Mon Apr 06 18:48:43 UTC 2026","","","",""
"Test cases for TestResources_CreateSavedQuery_CreateFailure","1","TestResources_CreateSavedQuery_CreateFailure","","Mon Apr 06 18:42:02 UTC 2026","passed","Mon Apr 06 18:42:02 UTC 2026","","Go Test","github.com/specterops/bloodhound/cmd/api/src/api/v2/TestResources_CreateSavedQuery_CreateFailure","TestResources_CreateSavedQuery_CreateFailure"
"","1025","shows tooltip text on hover","ColumnHeaders","Mon Apr 06 18:45:40 UTC 2026","passed","Mon Apr 06 18:45:42 UTC 2026","","SortableHeader with Tooltip","",""
"","0","returns all collected environments when aggegation type is all","getEnvironmentAggregationIds","Mon Apr 06 18:43:20 UTC 2026","passed","Mon Apr 06 18:43:20 UTC 2026","","","",""
"","0","properly displays bitwise integers","Formatting number properties","Mon Apr 06 18:44:19 UTC 2026","passed","Mon Apr 06 18:44:19 UTC 2026","","","",""
"Test cases for TestResources_ListADGroupMembers","14","TestResources_ListADGroupMembers","","Mon Apr 06 18:42:02 UTC 2026","passed","Mon Apr 06 18:42:02 UTC 2026","","Go Test","github.com/specterops/bloodhound/cmd/api/src/api/v2/TestResources_ListADGroupMembers","TestResources_ListADGroupMembers"
"Test cases for TestFloatFromPtr","1","TestFloatFromPtr","","Mon Apr 06 18:42:04 UTC 2026","passed","Mon Apr 06 18:42:04 UTC 2026","","Go Test","github.com/specterops/bloodhound/cmd/api/src/database/types/null/TestFloatFromPtr","TestFloatFromPtr"
"Test cases for TestLoginExpiry","0","TestLoginExpiry","","Mon Apr 06 18:42:37 UTC 2026","passed","Mon Apr 06 18:42:37 UTC 2026","","Go Test","github.com/specterops/bloodhound/cmd/api/src/api/v2/auth/TestLoginExpiry","TestLoginExpiry"
"","14","when there is no ID in the URL and no tags available, no ID is returned (it is undefined)","usePZQueryParams","Mon Apr 06 18:46:00 UTC 2026","passed","Mon Apr 06 18:46:00 UTC 2026","","","",""
"Test cases for TestResources_DownloadCollectorByVersion","0","TestResources_DownloadCollectorByVersion","","Mon Apr 06 18:42:02 UTC 2026","passed","Mon Apr 06 18:42:02 UTC 2026","","Go Test","github.com/specterops/bloodhound/cmd/api/src/api/v2/TestResources_DownloadCollectorByVersion","TestResources_DownloadCollectorByVersion"
"","338","sets a primarySearch=id and searchType=pathfinding when secondarySearch is truethy","ContextMenu","Mon Apr 06 18:44:02 UTC 2026","passed","Mon Apr 06 18:44:02 UTC 2026","","","",""
"Test cases for TestGetADDataQualityStats_Success","0","TestGetADDataQualityStats_Success","","Mon Apr 06 18:42:02 UTC 2026","passed","Mon Apr 06 18:42:02 UTC 2026","","Go Test","github.com/specterops/bloodhound/cmd/api/src/api/v2/TestGetADDataQualityStats_Success","TestGetADDataQualityStats_Success"
"","148","does not show ""<10 Days to Expire"" warning when token expires in more than 10 days","UserTokenManagementDialog - API Expiration Date column","Mon Apr 06 18:44:11 UTC 2026","passed","Mon Apr 06 18:44:11 UTC 2026","","","",""
"Test cases for Test_filterAndFormatSearchResults_filterEnvironments_tenantIDFail","0","Test_filterAndFormatSearchResults_filterEnvironments_tenantIDFail","","Mon Apr 06 18:42:02 UTC 2026","passed","Mon Apr 06 18:42:02 UTC 2026","","Go Test","github.com/specterops/bloodhound/cmd/api/src/api/v2/Test_filterAndFormatSearchResults_filterEnvironments_tenantIDFail","Test_filterAndFormatSearchResults_filterEnvironments_tenantIDFail"
"","294","filters unselected columns when typing in the filter input","ManageColumnsComboBox","Mon Apr 06 18:44:09 UTC 2026","passed","Mon Apr 06 18:44:09 UTC 2026","","","",""
"Test cases for TestNodeNamePrefix_AppendSuffix","0","TestNodeNamePrefix_AppendSuffix","","Mon Apr 06 18:42:18 UTC 2026","passed","Mon Apr 06 18:42:18 UTC 2026","","Go Test","github.com/specterops/bloodhound/packages/go/analysis/ad/wellknown/TestNodeNamePrefix_AppendSuffix","TestNodeNamePrefix_AppendSuffix"
"Test cases for TestBoolIsZero","0","TestBoolIsZero","","Mon Apr 06 18:42:04 UTC 2026","passed","Mon Apr 06 18:42:04 UTC 2026","","Go Test","github.com/specterops/bloodhound/cmd/api/src/database/types/null/TestBoolIsZero","TestBoolIsZero"
"","344","should display ""Configure Multi-Factor Authentication"" title","Enable2FADialog","Mon Apr 06 18:45:41 UTC 2026","passed","Mon Apr 06 18:45:41 UTC 2026","","","",""
"","76","shows the direct object list and expanded object list empty, when only direct objects in results","Seed Selection Results","Mon Apr 06 18:44:02 UTC 2026","passed","Mon Apr 06 18:44:02 UTC 2026","","","",""
"Test cases for TestManagementResource_UpdateUser_LookupActiveSessionsError","652","TestManagementResource_UpdateUser_LookupActiveSessionsError","","Mon Apr 06 18:42:23 UTC 2026","passed","Mon Apr 06 18:42:24 UTC 2026","","Go Test","github.com/specterops/bloodhound/cmd/api/src/api/v2/auth/TestManagementResource_UpdateUser_LookupActiveSessionsError","TestManagementResource_UpdateUser_LookupActiveSessionsError"
"","1","EXTENDED ROUNDING with different thresholds","numberFormatting","Mon Apr 06 18:45:43 UTC 2026","passed","Mon Apr 06 18:45:43 UTC 2026","","","",""
"Test cases for TestResources_GetSearchResult_ETAC","20","TestResources_GetSearchResult_ETAC","","Mon Apr 06 18:42:02 UTC 2026","passed","Mon Apr 06 18:42:02 UTC 2026","","Go Test","github.com/specterops/bloodhound/cmd/api/src/api/v2/TestResources_GetSearchResult_ETAC","TestResources_GetSearchResult_ETAC"
"Test cases for TestGetAzureDataQualityStats_Failure","0","TestGetAzureDataQualityStats_Failure","","Mon Apr 06 18:42:02 UTC 2026","passed","Mon Apr 06 18:42:02 UTC 2026","","Go Test","github.com/specterops/bloodhound/cmd/api/src/api/v2/TestGetAzureDataQualityStats_Failure","TestGetAzureDataQualityStats_Failure"
"","130","shows formatted expiration date (yyyy-MM-dd) when expires_at is set","UserTokenManagementDialog - API Expiration Date column","Mon Apr 06 18:44:10 UTC 2026","passed","Mon Apr 06 18:44:11 UTC 2026","","","",""
"","4","returns a function that can set arrays query params removes previous values set to that array query param","searchParams","Mon Apr 06 18:46:20 UTC 2026","passed","Mon Apr 06 18:46:20 UTC 2026","","setSingleParamFactory","",""
"","200","calls setExploreParams with only the expandedSection label when selecting any accordion that is not composition","EdgeInfoContent","Mon Apr 06 18:43:26 UTC 2026","passed","Mon Apr 06 18:43:26 UTC 2026","","EdgeInfoContent support for Deep Linking","",""
"","136","displays a table of completed ingest logs","FileIngest","Mon Apr 06 18:47:01 UTC 2026","passed","Mon Apr 06 18:47:01 UTC 2026","","","",""
"Test cases for TestManagementResource_UpdateOIDCProvider","1","TestManagementResource_UpdateOIDCProvider","","Mon Apr 06 18:42:37 UTC 2026","passed","Mon Apr 06 18:42:37 UTC 2026","","Go Test","github.com/specterops/bloodhound/cmd/api/src/api/v2/auth/TestManagementResource_UpdateOIDCProvider","TestManagementResource_UpdateOIDCProvider"
"","536","displays correct content based on platform filter AD","CommonSearches","Mon Apr 06 18:44:15 UTC 2026","passed","Mon Apr 06 18:44:15 UTC 2026","","","",""
"","30","the queries in the list only include nodes and edges that are defined in our schema","common search list","Mon Apr 06 18:47:28 UTC 2026","passed","Mon Apr 06 18:47:28 UTC 2026","","","",""
"","9","does not render highlight for non-active tag","SelectedHighlight","Mon Apr 06 18:46:58 UTC 2026","passed","Mon Apr 06 18:46:58 UTC 2026","","","",""
"Test cases for TestParseOptionalBoolEmptyValue","0","TestParseOptionalBoolEmptyValue","","Mon Apr 06 18:41:51 UTC 2026","passed","Mon Apr 06 18:41:51 UTC 2026","","Go Test","github.com/specterops/bloodhound/cmd/api/src/api/TestParseOptionalBoolEmptyValue","TestParseOptionalBoolEmptyValue"
"","410","calls handleFilterChange when a node type is selected","AssetGroupEdit","Mon Apr 06 18:44:24 UTC 2026","passed","Mon Apr 06 18:44:25 UTC 2026","","Node Type dropdown filter","",""
"","771","should hide Environmental Targeted Access Control panel when showEnvironmentAccessControls prop is true and power user role is selected","UpdateUserForm","Mon Apr 06 18:43:16 UTC 2026","passed","Mon Apr 06 18:43:17 UTC 2026","","","",""
"","234","invalidates the extensions query after a successful upload","SchemaUploadDialog","Mon Apr 06 18:44:22 UTC 2026","passed","Mon Apr 06 18:44:22 UTC 2026","","","",""
"Test cases for TestHandleDatabaseErrorNotFound","2","TestHandleDatabaseErrorNotFound","","Mon Apr 06 18:41:52 UTC 2026","passed","Mon Apr 06 18:41:52 UTC 2026","","Go Test","github.com/specterops/bloodhound/cmd/api/src/api/TestHandleDatabaseErrorNotFound","TestHandleDatabaseErrorNotFound"
"Test cases for TestResources_ListAuditLogs_InvalidSkip","1","TestResources_ListAuditLogs_InvalidSkip","","Mon Apr 06 18:42:02 UTC 2026","passed","Mon Apr 06 18:42:02 UTC 2026","","Go Test","github.com/specterops/bloodhound/cmd/api/src/api/v2/TestResources_ListAuditLogs_InvalidSkip","TestResources_ListAuditLogs_InvalidSkip"
"Test cases for TestResources_ListAssetGroupCollections","2","TestResources_ListAssetGroupCollections","","Mon Apr 06 18:42:02 UTC 2026","passed","Mon Apr 06 18:42:02 UTC 2026","","Go Test","github.com/specterops/bloodhound/cmd/api/src/api/v2/TestResources_ListAssetGroupCollections","TestResources_ListAssetGroupCollections"
"Test cases for TestUnmarshalString","0","TestUnmarshalString","","Mon Apr 06 18:42:04 UTC 2026","passed","Mon Apr 06 18:42:04 UTC 2026","","Go Test","github.com/specterops/bloodhound/cmd/api/src/database/types/null/TestUnmarshalString","TestUnmarshalString"
"","918","calls the passed in cancel handler when clicking the Cancel button","Glyph Select Dialog","Mon Apr 06 18:47:28 UTC 2026","passed","Mon Apr 06 18:47:29 UTC 2026","","","",""
"Test cases for TestMatches_FailureModel","0","TestMatches_FailureModel","","Mon Apr 06 18:42:05 UTC 2026","passed","Mon Apr 06 18:42:05 UTC 2026","","Go Test","github.com/specterops/bloodhound/cmd/api/src/model/TestMatches_FailureModel","TestMatches_FailureModel"
"","132","should fire Confirm once with true","ConfirmationDialog","Mon Apr 06 18:47:40 UTC 2026","passed","Mon Apr 06 18:47:41 UTC 2026","","","",""
"Test cases for TestCopyMatchExpressionsSorted","1","TestCopyMatchExpressionsSorted","","Mon Apr 06 18:42:08 UTC 2026","passed","Mon Apr 06 18:42:08 UTC 2026","","Go Test","github.com/specterops/bloodhound/cmd/api/src/services/graphify/endpoint/TestCopyMatchExpressionsSorted","TestCopyMatchExpressionsSorted"
"","3","returns true if value is undefined","searchParams","Mon Apr 06 18:46:20 UTC 2026","passed","Mon Apr 06 18:46:20 UTC 2026","","isEmptyParam","",""
"","0","matches all AZ edges","Make sure pathfinding filterable edges match schemagen","Mon Apr 06 18:47:52 UTC 2026","passed","Mon Apr 06 18:47:52 UTC 2026","","","",""
"Test cases for TestParseSkipQueryParameter","0","TestParseSkipQueryParameter","","Mon Apr 06 18:42:02 UTC 2026","passed","Mon Apr 06 18:42:02 UTC 2026","","Go Test","github.com/specterops/bloodhound/cmd/api/src/api/v2/TestParseSkipQueryParameter","TestParseSkipQueryParameter"
"Test cases for TestUnmarshalTimeJSON","0","TestUnmarshalTimeJSON","","Mon Apr 06 18:42:04 UTC 2026","passed","Mon Apr 06 18:42:04 UTC 2026","","Go Test","github.com/specterops/bloodhound/cmd/api/src/database/types/null/TestUnmarshalTimeJSON","TestUnmarshalTimeJSON"
"","3","returns empty array when environments is empty","filterAndSearchEnvironments","Mon Apr 06 18:43:20 UTC 2026","passed","Mon Apr 06 18:43:20 UTC 2026","","with empty environments","",""
"Test cases for TestSavedQueries_ValidFilters","0","TestSavedQueries_ValidFilters","","Mon Apr 06 18:42:05 UTC 2026","passed","Mon Apr 06 18:42:05 UTC 2026","","Go Test","github.com/specterops/bloodhound/cmd/api/src/model/TestSavedQueries_ValidFilters","TestSavedQueries_ValidFilters"
"","976","displays validation error messages when password does not meet requirements","PasswordDialog","Mon Apr 06 18:43:35 UTC 2026","passed","Mon Apr 06 18:43:36 UTC 2026","","","",""
"Test cases for TestGetPageParamsForGraphQuery","1","TestGetPageParamsForGraphQuery","","Mon Apr 06 18:42:13 UTC 2026","passed","Mon Apr 06 18:42:13 UTC 2026","","Go Test","github.com/specterops/bloodhound/cmd/api/src/utils/TestGetPageParamsForGraphQuery","TestGetPageParamsForGraphQuery"
"","320","renders","EarlyAccessFeaturesWarningDialog","Mon Apr 06 18:49:04 UTC 2026","passed","Mon Apr 06 18:49:04 UTC 2026","","","",""
"","1417","handles delete by source kind","DatabaseManagement","Mon Apr 06 18:48:34 UTC 2026","passed","Mon Apr 06 18:48:36 UTC 2026","","","",""
"Test cases for TestDatabase_checkError_NotFound","0","TestDatabase_checkError_NotFound","","Mon Apr 06 18:42:04 UTC 2026","passed","Mon Apr 06 18:42:04 UTC 2026","","Go Test","github.com/specterops/bloodhound/cmd/api/src/database/TestDatabase_checkError_NotFound","TestDatabase_checkError_NotFound"
"Test cases for TestFetchTenants","0","TestFetchTenants","","Mon Apr 06 18:42:18 UTC 2026","passed","Mon Apr 06 18:42:18 UTC 2026","","Go Test","github.com/specterops/bloodhound/packages/go/analysis/azure/TestFetchTenants","TestFetchTenants"
"","111","renders Empty when items is undefined and Empty is provided","<DetailsAccordion />","Mon Apr 06 18:44:05 UTC 2026","passed","Mon Apr 06 18:44:06 UTC 2026","","","",""
"Test cases for TestUnmarshalFloat","0","TestUnmarshalFloat","","Mon Apr 06 18:42:04 UTC 2026","passed","Mon Apr 06 18:42:04 UTC 2026","","Go Test","github.com/specterops/bloodhound/cmd/api/src/database/types/null/TestUnmarshalFloat","TestUnmarshalFloat"
"","23","displays CaretDown icon when the sortOrder is desc","ColumnHeaders","Mon Apr 06 18:45:40 UTC 2026","passed","Mon Apr 06 18:45:40 UTC 2026","","SortableHeader","",""
"Test cases for TestManagementResource_UpdateUser_DuplicateEmailError","0","TestManagementResource_UpdateUser_DuplicateEmailError","","Mon Apr 06 18:42:21 UTC 2026","passed","Mon Apr 06 18:42:21 UTC 2026","","Go Test","github.com/specterops/bloodhound/cmd/api/src/api/v2/auth/TestManagementResource_UpdateUser_DuplicateEmailError","TestManagementResource_UpdateUser_DuplicateEmailError"
"Test cases for TestManagementResource_UpdateSAMLProviderRequest","12","TestManagementResource_UpdateSAMLProviderRequest","","Mon Apr 06 18:42:37 UTC 2026","passed","Mon Apr 06 18:42:37 UTC 2026","","Go Test","github.com/specterops/bloodhound/cmd/api/src/api/v2/auth/TestManagementResource_UpdateSAMLProviderRequest","TestManagementResource_UpdateSAMLProviderRequest"
"","9","does not request finished jobs if lacking permission","useFinishedJobs","Mon Apr 06 18:45:14 UTC 2026","passed","Mon Apr 06 18:45:14 UTC 2026","","","",""
"","998","renders group and tenant dropdown selectors","GroupManagement","Mon Apr 06 18:48:40 UTC 2026","passed","Mon Apr 06 18:48:41 UTC 2026","","","",""
"Test cases for TestAuditLogin","0","TestAuditLogin","","Mon Apr 06 18:41:51 UTC 2026","passed","Mon Apr 06 18:41:51 UTC 2026","","Go Test","github.com/specterops/bloodhound/cmd/api/src/api/TestAuditLogin","TestAuditLogin"
"","554","adds node to asset group tag with confirmation","AssetGroupMenuItem","Mon Apr 06 18:44:16 UTC 2026","passed","Mon Apr 06 18:44:17 UTC 2026","","","",""
"Test cases for TestResources_ListADDomainContainedGroups","0","TestResources_ListADDomainContainedGroups","","Mon Apr 06 18:42:02 UTC 2026","passed","Mon Apr 06 18:42:02 UTC 2026","","Go Test","github.com/specterops/bloodhound/cmd/api/src/api/v2/TestResources_ListADDomainContainedGroups","TestResources_ListADDomainContainedGroups"
"Test cases for TestEndNodes","0","TestEndNodes","","Mon Apr 06 18:42:18 UTC 2026","passed","Mon Apr 06 18:42:18 UTC 2026","","Go Test","github.com/specterops/bloodhound/packages/go/analysis/azure/TestEndNodes","TestEndNodes"
"Test cases for TestVersion_GreaterThan","0","TestVersion_GreaterThan","","Mon Apr 06 18:42:15 UTC 2026","passed","Mon Apr 06 18:42:15 UTC 2026","","Go Test","github.com/specterops/bloodhound/cmd/api/src/version/TestVersion_GreaterThan","TestVersion_GreaterThan"
"Test cases for TestUnmarshalInt64OverflowToInt64","0","TestUnmarshalInt64OverflowToInt64","","Mon Apr 06 18:42:04 UTC 2026","passed","Mon Apr 06 18:42:04 UTC 2026","","Go Test","github.com/specterops/bloodhound/cmd/api/src/database/types/null/TestUnmarshalInt64OverflowToInt64","TestUnmarshalInt64OverflowToInt64"
"","0","returns undefined if graphData is {} or not a GraphResponse","getExploreTableData","Mon Apr 06 18:45:45 UTC 2026","passed","Mon Apr 06 18:45:45 UTC 2026","","","",""
"Test cases for TestParseHeaderValues","0","TestParseHeaderValues","","Mon Apr 06 18:41:53 UTC 2026","passed","Mon Apr 06 18:41:53 UTC 2026","","Go Test","github.com/specterops/bloodhound/cmd/api/src/api/middleware/TestParseHeaderValues","TestParseHeaderValues"
"","205","has the correct value for the links in the breadcrumbs","Create Update pages","Mon Apr 06 18:46:46 UTC 2026","passed","Mon Apr 06 18:46:46 UTC 2026","","","",""
"","235","The API key management option should appear in profile page if the user is configured for SAML login","UserProfile with SSO User","Mon Apr 06 18:44:37 UTC 2026","passed","Mon Apr 06 18:44:37 UTC 2026","","","",""
"","0","returns true if value is null","searchParams","Mon Apr 06 18:46:20 UTC 2026","passed","Mon Apr 06 18:46:20 UTC 2026","","isEmptyParam","",""
"","0","No type was provided and no results were available","Getting the text for the disabled item display for a search when there are no results","Mon Apr 06 18:46:15 UTC 2026","passed","Mon Apr 06 18:46:15 UTC 2026","","Empty data states","",""
"Test cases for TestParseUUID","1","TestParseUUID","","Mon Apr 06 18:42:13 UTC 2026","passed","Mon Apr 06 18:42:13 UTC 2026","","Go Test","github.com/specterops/bloodhound/cmd/api/src/utils/TestParseUUID","TestParseUUID"
"","280","shows some checked boxes","SourceKindsCheckboxes","Mon Apr 06 18:45:09 UTC 2026","passed","Mon Apr 06 18:45:09 UTC 2026","","","",""
"","434","On successful upload, displays a completion of 100% and adds a ""Complete"" button that closes the dialog","SchemaUploadDialog","Mon Apr 06 18:44:21 UTC 2026","passed","Mon Apr 06 18:44:21 UTC 2026","","","",""
"","320","On unsuccessful upload, notifies with an error and displays a retry button","SchemaUploadDialog","Mon Apr 06 18:44:22 UTC 2026","passed","Mon Apr 06 18:44:23 UTC 2026","","","",""
"Test cases for TestContextMiddlewareBypassDisabled","0","TestContextMiddlewareBypassDisabled","","Mon Apr 06 18:41:53 UTC 2026","passed","Mon Apr 06 18:41:53 UTC 2026","","Go Test","github.com/specterops/bloodhound/cmd/api/src/api/middleware/TestContextMiddlewareBypassDisabled","TestContextMiddlewareBypassDisabled"
"Test cases for TestIntPointer","0","TestIntPointer","","Mon Apr 06 18:42:04 UTC 2026","passed","Mon Apr 06 18:42:04 UTC 2026","","Go Test","github.com/specterops/bloodhound/cmd/api/src/database/types/null/TestIntPointer","TestIntPointer"
"","542","opens nested sections and updates URL params correctly","EntityInfoDataTable","Mon Apr 06 18:43:57 UTC 2026","passed","Mon Apr 06 18:43:57 UTC 2026","","Node count for nested table that counts all sections","",""
"","629","should fire Confirm once with true after typing challenge text","DeleteConfirmationDialog","Mon Apr 06 18:47:22 UTC 2026","passed","Mon Apr 06 18:47:22 UTC 2026","","","",""
"Test cases for TestManagementResource_ListAuthTokens_InvalidColumn","0","TestManagementResource_ListAuthTokens_InvalidColumn","","Mon Apr 06 18:42:29 UTC 2026","passed","Mon Apr 06 18:42:29 UTC 2026","","Go Test","github.com/specterops/bloodhound/cmd/api/src/api/v2/auth/TestManagementResource_ListAuthTokens_InvalidColumn","TestManagementResource_ListAuthTokens_InvalidColumn"
"Test cases for TestResources_GetEdgeACLInheritancePath","58","TestResources_GetEdgeACLInheritancePath","","Mon Apr 06 18:42:02 UTC 2026","passed","Mon Apr 06 18:42:02 UTC 2026","","Go Test","github.com/specterops/bloodhound/cmd/api/src/api/v2/TestResources_GetEdgeACLInheritancePath","TestResources_GetEdgeACLInheritancePath"
"","166","renders a preview version","PrivilegeZonesCypherEditor Search component for Zone Management","Mon Apr 06 18:46:46 UTC 2026","passed","Mon Apr 06 18:46:46 UTC 2026","","","",""
"","158","renders the glyph form input when the editing a zone that is not the highest privileged","Tag Form","Mon Apr 06 18:43:06 UTC 2026","passed","Mon Apr 06 18:43:06 UTC 2026","","","",""
"","3","returns the node_keys from the graphData with duplicate keys removed and known keys added","getExploreTableData","Mon Apr 06 18:45:45 UTC 2026","passed","Mon Apr 06 18:45:45 UTC 2026","","","",""
"","137","calls handleFilterChange with all filter types and empty strings when clicked while filters are active","AssetGroupEdit","Mon Apr 06 18:44:25 UTC 2026","passed","Mon Apr 06 18:44:25 UTC 2026","","Clear Filters button","",""
"Test cases for TestResources_DeleteSavedQuery_PublicQueryAndUserIsAdmin","0","TestResources_DeleteSavedQuery_PublicQueryAndUserIsAdmin","","Mon Apr 06 18:42:02 UTC 2026","passed","Mon Apr 06 18:42:02 UTC 2026","","Go Test","github.com/specterops/bloodhound/cmd/api/src/api/v2/TestResources_DeleteSavedQuery_PublicQueryAndUserIsAdmin","TestResources_DeleteSavedQuery_PublicQueryAndUserIsAdmin"
"","67","returns the full environment for the environmentid passed","useAvailableEnvironments","Mon Apr 06 18:46:56 UTC 2026","passed","Mon Apr 06 18:46:56 UTC 2026","","useSelectedEnvironment","",""
"","192","navigates to previous history entry when warning dialog is cancelled","EarlyAccessFeatures","Mon Apr 06 18:48:43 UTC 2026","passed","Mon Apr 06 18:48:43 UTC 2026","","","",""
"","1","should compute coordinates along a quadratic bezier curve for a given t value","bezier","Mon Apr 06 18:48:46 UTC 2026","passed","Mon Apr 06 18:48:46 UTC 2026","","","",""
"","1","returns false when WebGL is not available in the current browser context","WebGL compatibility check","Mon Apr 06 18:48:00 UTC 2026","passed","Mon Apr 06 18:48:00 UTC 2026","","","",""
"Test cases for TestOpenGraphSchemaService_ListExtensions","3","TestOpenGraphSchemaService_ListExtensions","","Mon Apr 06 18:42:09 UTC 2026","passed","Mon Apr 06 18:42:09 UTC 2026","","Go Test","github.com/specterops/bloodhound/cmd/api/src/services/opengraphschema/TestOpenGraphSchemaService_ListExtensions","TestOpenGraphSchemaService_ListExtensions"
"","4","returns paramValue if it is one of the expected values","useExploreParams","Mon Apr 06 18:47:58 UTC 2026","passed","Mon Apr 06 18:47:58 UTC 2026","","parseSearchType","",""
"","63","should hide Environmental Targeted Access Control panel when showEnvironmentAccessControls prop is false","UpdateUserForm","Mon Apr 06 18:43:18 UTC 2026","passed","Mon Apr 06 18:43:18 UTC 2026","","","",""
"","145","should show a copy button if the cells text if the cell is not a boolean","ExploreTableDataCell","Mon Apr 06 18:47:09 UTC 2026","passed","Mon Apr 06 18:47:09 UTC 2026","","","",""
"Test cases for Test_filterAndFormatSearchResults_includeOpenGraphNodes","0","Test_filterAndFormatSearchResults_includeOpenGraphNodes","","Mon Apr 06 18:42:02 UTC 2026","passed","Mon Apr 06 18:42:02 UTC 2026","","Go Test","github.com/specterops/bloodhound/cmd/api/src/api/v2/Test_filterAndFormatSearchResults_includeOpenGraphNodes","Test_filterAndFormatSearchResults_includeOpenGraphNodes"
"","3","matches all AD edges","Make sure pathfinding filterable edges match schemagen","Mon Apr 06 18:47:52 UTC 2026","passed","Mon Apr 06 18:47:52 UTC 2026","","","",""
"Test cases for TestManagementResource_OIDCCallbackHandler","13","TestManagementResource_OIDCCallbackHandler","","Mon Apr 06 18:42:37 UTC 2026","passed","Mon Apr 06 18:42:37 UTC 2026","","Go Test","github.com/specterops/bloodhound/cmd/api/src/api/v2/auth/TestManagementResource_OIDCCallbackHandler","TestManagementResource_OIDCCallbackHandler"
"","614","clears input when dialog is closed and reopened","ActiveExtensionsCard","Mon Apr 06 18:43:28 UTC 2026","passed","Mon Apr 06 18:43:29 UTC 2026","","","",""
"","30","displays contact admin message when hidden edge is true","EdgeInfoContent","Mon Apr 06 18:43:26 UTC 2026","passed","Mon Apr 06 18:43:26 UTC 2026","","EdgeInfoContent support for hidden edges","",""
"Test cases for Test_filterAndFormatSearchResults_filterEnvironmentsOG","0","Test_filterAndFormatSearchResults_filterEnvironmentsOG","","Mon Apr 06 18:42:02 UTC 2026","passed","Mon Apr 06 18:42:02 UTC 2026","","Go Test","github.com/specterops/bloodhound/cmd/api/src/api/v2/Test_filterAndFormatSearchResults_filterEnvironmentsOG","Test_filterAndFormatSearchResults_filterEnvironmentsOG"
"","18","renders an error fallback when flag is not found","FeatureFlag","Mon Apr 06 18:46:45 UTC 2026","passed","Mon Apr 06 18:46:45 UTC 2026","","","",""
"Test cases for TestArgon2_ParseDigest","0","TestArgon2_ParseDigest","","Mon Apr 06 18:42:18 UTC 2026","passed","Mon Apr 06 18:42:18 UTC 2026","","Go Test","github.com/specterops/bloodhound/packages/go/crypto/TestArgon2_ParseDigest","TestArgon2_ParseDigest"
"","0","fails for empty password","testPassword","Mon Apr 06 18:47:53 UTC 2026","passed","Mon Apr 06 18:47:53 UTC 2026","","","",""
"","60","composes search params from the search prop and use them in the link","AppLink","Mon Apr 06 18:46:07 UTC 2026","passed","Mon Apr 06 18:46:07 UTC 2026","","","",""
"Test cases for TestCache_Set","0","TestCache_Set","","Mon Apr 06 18:42:18 UTC 2026","passed","Mon Apr 06 18:42:18 UTC 2026","","Go Test","github.com/specterops/bloodhound/packages/go/cache/TestCache_Set","TestCache_Set"
"Test cases for TestResources_ListAuditLogs_OnlyOffset","1","TestResources_ListAuditLogs_OnlyOffset","","Mon Apr 06 18:42:02 UTC 2026","passed","Mon Apr 06 18:42:02 UTC 2026","","Go Test","github.com/specterops/bloodhound/cmd/api/src/api/v2/TestResources_ListAuditLogs_OnlyOffset","TestResources_ListAuditLogs_OnlyOffset"
"Test cases for TestUnmarshalNonIntegerNumberToInt64","0","TestUnmarshalNonIntegerNumberToInt64","","Mon Apr 06 18:42:04 UTC 2026","passed","Mon Apr 06 18:42:04 UTC 2026","","Go Test","github.com/specterops/bloodhound/cmd/api/src/database/types/null/TestUnmarshalNonIntegerNumberToInt64","TestUnmarshalNonIntegerNumberToInt64"
"Test cases for TestActivateMFA_Failure","646","TestActivateMFA_Failure","","Mon Apr 06 18:42:36 UTC 2026","passed","Mon Apr 06 18:42:36 UTC 2026","","Go Test","github.com/specterops/bloodhound/cmd/api/src/api/v2/auth/TestActivateMFA_Failure","TestActivateMFA_Failure"
"","984","should call onSave when save button is clicked","SaveQueryDialog","Mon Apr 06 18:43:07 UTC 2026","passed","Mon Apr 06 18:43:08 UTC 2026","","","",""
"Test cases for TestResources_DeleteAssetGroup","0","TestResources_DeleteAssetGroup","","Mon Apr 06 18:42:02 UTC 2026","passed","Mon Apr 06 18:42:02 UTC 2026","","Go Test","github.com/specterops/bloodhound/cmd/api/src/api/v2/TestResources_DeleteAssetGroup","TestResources_DeleteAssetGroup"
"Test cases for TestResources_SearchHandler","0","TestResources_SearchHandler","","Mon Apr 06 18:42:02 UTC 2026","passed","Mon Apr 06 18:42:02 UTC 2026","","Go Test","github.com/specterops/bloodhound/cmd/api/src/api/v2/TestResources_SearchHandler","TestResources_SearchHandler"
"","256","opens the dialog when the button is clicked","SchemaUploadDialog","Mon Apr 06 18:44:20 UTC 2026","passed","Mon Apr 06 18:44:20 UTC 2026","","","",""
"","0","returns true if arrays have same content in different order","areArraysSimilar","Mon Apr 06 18:47:31 UTC 2026","passed","Mon Apr 06 18:47:31 UTC 2026","","","",""
"Test cases for TestResources_UpdateSavedQuery_AdminPrivateQuery_Success","0","TestResources_UpdateSavedQuery_AdminPrivateQuery_Success","","Mon Apr 06 18:42:02 UTC 2026","passed","Mon Apr 06 18:42:02 UTC 2026","","Go Test","github.com/specterops/bloodhound/cmd/api/src/api/v2/TestResources_UpdateSavedQuery_AdminPrivateQuery_Success","TestResources_UpdateSavedQuery_AdminPrivateQuery_Success"
"","964","renders asset group edit options with graph write permissions","ContextMenu","Mon Apr 06 18:44:00 UTC 2026","passed","Mon Apr 06 18:44:01 UTC 2026","","","",""
"","2","returns true when WebGL is available in the current browser context","WebGL compatibility check","Mon Apr 06 18:48:00 UTC 2026","passed","Mon Apr 06 18:48:00 UTC 2026","","","",""
"","434","sets exploreSearchTab param to node when the user clicks the `Search` tab","ExploreSearch sets searchType on tab changing","Mon Apr 06 18:48:23 UTC 2026","passed","Mon Apr 06 18:48:23 UTC 2026","","","",""
"Test cases for TestMap","0","TestMap","","Mon Apr 06 18:42:20 UTC 2026","passed","Mon Apr 06 18:42:20 UTC 2026","","Go Test","github.com/specterops/bloodhound/packages/go/slicesext/TestMap","TestMap"
"","766","should not call onSubmit when password does not match confirmation password when reset password button clicked","PasswordResetForm","Mon Apr 06 18:45:23 UTC 2026","passed","Mon Apr 06 18:45:24 UTC 2026","","","",""
"","262","should render","NoDataDialog","Mon Apr 06 18:47:50 UTC 2026","passed","Mon Apr 06 18:47:50 UTC 2026","","","",""
"","219","closes the dropdown when clicking outside","ManageColumnsComboBox","Mon Apr 06 18:44:09 UTC 2026","passed","Mon Apr 06 18:44:09 UTC 2026","","","",""
"Test cases for TestManagementResource_CreateSAMLProviderMultipart","6","TestManagementResource_CreateSAMLProviderMultipart","","Mon Apr 06 18:42:37 UTC 2026","passed","Mon Apr 06 18:42:37 UTC 2026","","Go Test","github.com/specterops/bloodhound/cmd/api/src/api/v2/auth/TestManagementResource_CreateSAMLProviderMultipart","TestManagementResource_CreateSAMLProviderMultipart"
"","219","should not render list items for domains that are not collected","Context Selector","Mon Apr 06 18:44:40 UTC 2026","passed","Mon Apr 06 18:44:41 UTC 2026","","","",""
"","660","should display Environmental Targeted Access Control panel when showEnvironmentAccessControls prop is true and read-only role is selected","CreateUserForm","Mon Apr 06 18:43:49 UTC 2026","passed","Mon Apr 06 18:43:50 UTC 2026","","","",""
"Test cases for TestResources_ListADGPOAffectedUsers","1","TestResources_ListADGPOAffectedUsers","","Mon Apr 06 18:42:02 UTC 2026","passed","Mon Apr 06 18:42:02 UTC 2026","","Go Test","github.com/specterops/bloodhound/cmd/api/src/api/v2/TestResources_ListADGPOAffectedUsers","TestResources_ListADGPOAffectedUsers"
"","312","toggles parent from all to none","SourceKindsCheckboxes","Mon Apr 06 18:45:09 UTC 2026","passed","Mon Apr 06 18:45:10 UTC 2026","","","",""
"Test cases for Test_UseHarness","0","Test_UseHarness","","Mon Apr 06 18:42:19 UTC 2026","passed","Mon Apr 06 18:42:19 UTC 2026","","Go Test","github.com/specterops/bloodhound/packages/go/lab/Test_UseHarness","Test_UseHarness"
"","40","renders the title passed via title prop","ColumnHeaders","Mon Apr 06 18:45:40 UTC 2026","passed","Mon Apr 06 18:45:40 UTC 2026","","SortableHeader","",""
"","790","renders a filter search and platform dropdown menu","CommonSearches","Mon Apr 06 18:44:13 UTC 2026","passed","Mon Apr 06 18:44:14 UTC 2026","","","",""
"","407","should render","LoginViaSSOForm","Mon Apr 06 18:46:17 UTC 2026","passed","Mon Apr 06 18:46:18 UTC 2026","","","",""
"","39","displays security warning","Enable2FADialog","Mon Apr 06 18:46:31 UTC 2026","passed","Mon Apr 06 18:46:31 UTC 2026","","","",""
"","893","renders a link to the explore page when member is clicked","GroupManagement","Mon Apr 06 18:48:44 UTC 2026","passed","Mon Apr 06 18:48:45 UTC 2026","","","",""
"","1","filters by critical risk level","filterAndSearchEnvironments","Mon Apr 06 18:43:20 UTC 2026","passed","Mon Apr 06 18:43:20 UTC 2026","","risk filters","",""
"Test cases for TestTextUnmarshalInt","0","TestTextUnmarshalInt","","Mon Apr 06 18:42:04 UTC 2026","passed","Mon Apr 06 18:42:04 UTC 2026","","Go Test","github.com/specterops/bloodhound/cmd/api/src/database/types/null/TestTextUnmarshalInt","TestTextUnmarshalInt"
"","2186","when user performs a pathfinding search, and then clicks the swap button, the start and destination inputs are swapped","Pathfinding: interaction","Mon Apr 06 18:44:58 UTC 2026","passed","Mon Apr 06 18:45:00 UTC 2026","","","",""
"Test cases for TestParseUserIP_XForwardedFor_RemoteAddr","0","TestParseUserIP_XForwardedFor_RemoteAddr","","Mon Apr 06 18:41:53 UTC 2026","passed","Mon Apr 06 18:41:53 UTC 2026","","Go Test","github.com/specterops/bloodhound/cmd/api/src/api/middleware/TestParseUserIP_XForwardedFor_RemoteAddr","TestParseUserIP_XForwardedFor_RemoteAddr"
"","60","stores the state of a search term without modifying the query params","useCypherSearch","Mon Apr 06 18:47:25 UTC 2026","passed","Mon Apr 06 18:47:25 UTC 2026","","","",""
"","63","should render a navigation list item","MainNav","Mon Apr 06 18:44:45 UTC 2026","passed","Mon Apr 06 18:44:46 UTC 2026","","","",""
"Test cases for TestManagementResource_ListRoles","0","TestManagementResource_ListRoles","","Mon Apr 06 18:42:08 UTC 2026","passed","Mon Apr 06 18:42:08 UTC 2026","","Go Test","github.com/specterops/bloodhound/cmd/api/src/api/v2/auth/TestManagementResource_ListRoles","TestManagementResource_ListRoles"
"Test cases for TestTextUnmarshalBool","0","TestTextUnmarshalBool","","Mon Apr 06 18:42:04 UTC 2026","passed","Mon Apr 06 18:42:04 UTC 2026","","Go Test","github.com/specterops/bloodhound/cmd/api/src/database/types/null/TestTextUnmarshalBool","TestTextUnmarshalBool"
"Test cases for TestDomainSelectors_TestIsSortable","0","TestDomainSelectors_TestIsSortable","","Mon Apr 06 18:42:05 UTC 2026","passed","Mon Apr 06 18:42:05 UTC 2026","","Go Test","github.com/specterops/bloodhound/cmd/api/src/model/TestDomainSelectors_TestIsSortable","TestDomainSelectors_TestIsSortable"
"Test cases for TestAssetGroupMembers_Filter_Equals","0","TestAssetGroupMembers_Filter_Equals","","Mon Apr 06 18:41:51 UTC 2026","passed","Mon Apr 06 18:41:51 UTC 2026","","Go Test","github.com/specterops/bloodhound/cmd/api/src/api/TestAssetGroupMembers_Filter_Equals","TestAssetGroupMembers_Filter_Equals"
"","209","renders a snackbar notification in the dom and tests the long autoHideDuration","AppNotifications","Mon Apr 06 18:46:35 UTC 2026","passed","Mon Apr 06 18:46:35 UTC 2026","","","",""
"Test cases for TestManagementResource_UpdateUser_IDMalformed","1405","TestManagementResource_UpdateUser_IDMalformed","","Mon Apr 06 18:42:17 UTC 2026","passed","Mon Apr 06 18:42:18 UTC 2026","","Go Test","github.com/specterops/bloodhound/cmd/api/src/api/v2/auth/TestManagementResource_UpdateUser_IDMalformed","TestManagementResource_UpdateUser_IDMalformed"
"","155","fires editQuery in context provider","ListItemActionMenu","Mon Apr 06 18:46:21 UTC 2026","passed","Mon Apr 06 18:46:21 UTC 2026","","","",""
"","594","displays must be new password error messages when current password is the same as new password","PasswordDialog","Mon Apr 06 18:43:37 UTC 2026","passed","Mon Apr 06 18:43:38 UTC 2026","","","",""
"Test cases for TestGenerateQRCodeBase64","14","TestGenerateQRCodeBase64","","Mon Apr 06 18:42:03 UTC 2026","passed","Mon Apr 06 18:42:03 UTC 2026","","Go Test","github.com/specterops/bloodhound/cmd/api/src/auth/TestGenerateQRCodeBase64","TestGenerateQRCodeBase64"
"","0","returns paramValue as EnvironmentAggregation for unknown values (custom types)","useEnvironmentParams","Mon Apr 06 18:47:51 UTC 2026","passed","Mon Apr 06 18:47:51 UTC 2026","","parseEnvironmentAggregation","",""
"","52","shows the empty form message when Cypher Rule Form is empty","Seed Selection Results","Mon Apr 06 18:44:02 UTC 2026","passed","Mon Apr 06 18:44:02 UTC 2026","","","",""
"","130","Should display headers for member name and count","AssetGroupMemberList","Mon Apr 06 18:47:05 UTC 2026","passed","Mon Apr 06 18:47:06 UTC 2026","","","",""
"Test cases for TestFloatSetValid","0","TestFloatSetValid","","Mon Apr 06 18:42:04 UTC 2026","passed","Mon Apr 06 18:42:04 UTC 2026","","Go Test","github.com/specterops/bloodhound/cmd/api/src/database/types/null/TestFloatSetValid","TestFloatSetValid"
"Test cases for TestManagementResource_ListAuthTokens_InvalidFilterPredicate","0","TestManagementResource_ListAuthTokens_InvalidFilterPredicate","","Mon Apr 06 18:42:29 UTC 2026","passed","Mon Apr 06 18:42:29 UTC 2026","","Go Test","github.com/specterops/bloodhound/cmd/api/src/api/v2/auth/TestManagementResource_ListAuthTokens_InvalidFilterPredicate","TestManagementResource_ListAuthTokens_InvalidFilterPredicate"
"","1182","should call onSubmit with password when reset password button clicked","PasswordResetForm","Mon Apr 06 18:45:22 UTC 2026","passed","Mon Apr 06 18:45:23 UTC 2026","","","",""
"","3","Default label and sizing are used when graph of origin does not specify","copySigmaNodesToGraphlibGraph","Mon Apr 06 18:48:47 UTC 2026","passed","Mon Apr 06 18:48:47 UTC 2026","","","",""
"Test cases for TestResources_ListADEntityRDPRights","0","TestResources_ListADEntityRDPRights","","Mon Apr 06 18:42:02 UTC 2026","passed","Mon Apr 06 18:42:02 UTC 2026","","Go Test","github.com/specterops/bloodhound/cmd/api/src/api/v2/TestResources_ListADEntityRDPRights","TestResources_ListADEntityRDPRights"
"Test cases for TestResources_GetComputerEntityInfo","0","TestResources_GetComputerEntityInfo","","Mon Apr 06 18:42:02 UTC 2026","passed","Mon Apr 06 18:42:02 UTC 2026","","Go Test","github.com/specterops/bloodhound/cmd/api/src/api/v2/TestResources_GetComputerEntityInfo","TestResources_GetComputerEntityInfo"
"","269","should call onClose when the Close button is clicked","UpsertSAMLProviderForm","Mon Apr 06 18:46:39 UTC 2026","passed","Mon Apr 06 18:46:39 UTC 2026","","","",""
"Test cases for TestResources_ListAuditLogs_SkipAndOffset","0","TestResources_ListAuditLogs_SkipAndOffset","","Mon Apr 06 18:42:02 UTC 2026","passed","Mon Apr 06 18:42:02 UTC 2026","","Go Test","github.com/specterops/bloodhound/cmd/api/src/api/v2/TestResources_ListAuditLogs_SkipAndOffset","TestResources_ListAuditLogs_SkipAndOffset"
"Test cases for TestManagementResource_ListPermissions_DBError","0","TestManagementResource_ListPermissions_DBError","","Mon Apr 06 18:42:08 UTC 2026","passed","Mon Apr 06 18:42:08 UTC 2026","","Go Test","github.com/specterops/bloodhound/cmd/api/src/api/v2/auth/TestManagementResource_ListPermissions_DBError","TestManagementResource_ListPermissions_DBError"
"","5","treats a missing key as null when computing the next value","useLocalStorage","Mon Apr 06 18:44:48 UTC 2026","passed","Mon Apr 06 18:44:48 UTC 2026","","functional updater","",""
"","270","renders the card with title and search input","ActiveExtensionsCard","Mon Apr 06 18:43:25 UTC 2026","passed","Mon Apr 06 18:43:25 UTC 2026","","","",""
"","237","calls onLayoutChange with the selected layout","GraphControls","Mon Apr 06 18:43:50 UTC 2026","passed","Mon Apr 06 18:43:50 UTC 2026","","Selecting a layout","",""
"","244","on clicking switch shows modal and when clicking cancel closes it and switch stays enabled","CitrixRDPConfiguration","Mon Apr 06 18:44:31 UTC 2026","passed","Mon Apr 06 18:44:31 UTC 2026","","Click on switch to disable","",""
"","209","will request feature-flags when the user is fully authenticated","app","Mon Apr 06 18:48:51 UTC 2026","passed","Mon Apr 06 18:48:51 UTC 2026","","<Inner />","",""
"Test cases for TestSortJSONArrays","3","TestSortJSONArrays","","Mon Apr 06 18:42:14 UTC 2026","passed","Mon Apr 06 18:42:14 UTC 2026","","Go Test","github.com/specterops/bloodhound/cmd/api/src/utils/test/TestSortJSONArrays","TestSortJSONArrays"
"","364","renders icons as expected","DropdownSelector","Mon Apr 06 18:46:36 UTC 2026","passed","Mon Apr 06 18:46:36 UTC 2026","","","",""
"Test cases for TestStringPointer","0","TestStringPointer","","Mon Apr 06 18:42:04 UTC 2026","passed","Mon Apr 06 18:42:04 UTC 2026","","Go Test","github.com/specterops/bloodhound/cmd/api/src/database/types/null/TestStringPointer","TestStringPointer"
"Test cases for TestManagementResource_ListUsers_SortingError","0","TestManagementResource_ListUsers_SortingError","","Mon Apr 06 18:42:08 UTC 2026","passed","Mon Apr 06 18:42:08 UTC 2026","","Go Test","github.com/specterops/bloodhound/cmd/api/src/api/v2/auth/TestManagementResource_ListUsers_SortingError","TestManagementResource_ListUsers_SortingError"
"","218","on clicking switch shows modal and when clicking confirm closes it and switch changes to enabled","CitrixRDPConfiguration","Mon Apr 06 18:44:30 UTC 2026","passed","Mon Apr 06 18:44:31 UTC 2026","","Click on switch to enable","",""
"Test cases for TestResources_GetGroupEntityInfo","0","TestResources_GetGroupEntityInfo","","Mon Apr 06 18:42:02 UTC 2026","passed","Mon Apr 06 18:42:02 UTC 2026","","Go Test","github.com/specterops/bloodhound/cmd/api/src/api/v2/TestResources_GetGroupEntityInfo","TestResources_GetGroupEntityInfo"
"Test cases for TestResources_ListADGroupMembership","0","TestResources_ListADGroupMembership","","Mon Apr 06 18:42:02 UTC 2026","passed","Mon Apr 06 18:42:02 UTC 2026","","Go Test","github.com/specterops/bloodhound/cmd/api/src/api/v2/TestResources_ListADGroupMembership","TestResources_ListADGroupMembership"
"","104","calls clickHandler when a line item is clicked","PrebuiltSearchList","Mon Apr 06 18:46:13 UTC 2026","passed","Mon Apr 06 18:46:13 UTC 2026","","","",""
"","0","excludes non-collected environments when risk filter is active","filterAndSearchEnvironments","Mon Apr 06 18:43:20 UTC 2026","passed","Mon Apr 06 18:43:20 UTC 2026","","risk filters","",""
"","91","renders a ListItemActionMenu component","ListItemActionMenu","Mon Apr 06 18:46:20 UTC 2026","passed","Mon Apr 06 18:46:20 UTC 2026","","","",""
"Test cases for TestResources_UpdateSavedQuery_ErrorFetchingPublicStatus","0","TestResources_UpdateSavedQuery_ErrorFetchingPublicStatus","","Mon Apr 06 18:42:02 UTC 2026","passed","Mon Apr 06 18:42:02 UTC 2026","","Go Test","github.com/specterops/bloodhound/cmd/api/src/api/v2/TestResources_UpdateSavedQuery_ErrorFetchingPublicStatus","TestResources_UpdateSavedQuery_ErrorFetchingPublicStatus"
"Test cases for TestValidateTOTPSecret","0","TestValidateTOTPSecret","","Mon Apr 06 18:42:03 UTC 2026","passed","Mon Apr 06 18:42:03 UTC 2026","","Go Test","github.com/specterops/bloodhound/cmd/api/src/auth/TestValidateTOTPSecret","TestValidateTOTPSecret"
"Test cases for Test_parseAuthorizationHeader","0","Test_parseAuthorizationHeader","","Mon Apr 06 18:41:53 UTC 2026","passed","Mon Apr 06 18:41:53 UTC 2026","","Go Test","github.com/specterops/bloodhound/cmd/api/src/api/middleware/Test_parseAuthorizationHeader","Test_parseAuthorizationHeader"
"Test cases for TestSeekToKey","0","TestSeekToKey","","Mon Apr 06 18:42:08 UTC 2026","passed","Mon Apr 06 18:42:08 UTC 2026","","Go Test","github.com/specterops/bloodhound/cmd/api/src/services/graphify/TestSeekToKey","TestSeekToKey"
"Test cases for TestResources_GetEdgeRelayTargets","63","TestResources_GetEdgeRelayTargets","","Mon Apr 06 18:42:02 UTC 2026","passed","Mon Apr 06 18:42:02 UTC 2026","","Go Test","github.com/specterops/bloodhound/cmd/api/src/api/v2/TestResources_GetEdgeRelayTargets","TestResources_GetEdgeRelayTargets"
"Test cases for TestManagementResource_ListPermissions_SortingError","0","TestManagementResource_ListPermissions_SortingError","","Mon Apr 06 18:42:08 UTC 2026","passed","Mon Apr 06 18:42:08 UTC 2026","","Go Test","github.com/specterops/bloodhound/cmd/api/src/api/v2/auth/TestManagementResource_ListPermissions_SortingError","TestManagementResource_ListPermissions_SortingError"
"","101","prevents a user from proceeding if the file is not valid","File Upload","Mon Apr 06 18:45:17 UTC 2026","passed","Mon Apr 06 18:45:17 UTC 2026","","","",""
"","1160","shows a table with partially completed jobs","FileIngestTable","Mon Apr 06 18:45:22 UTC 2026","passed","Mon Apr 06 18:45:24 UTC 2026","","","",""
"Test cases for TestTracker_HasEdge_DuplicateCalls","0","TestTracker_HasEdge_DuplicateCalls","","Mon Apr 06 18:42:18 UTC 2026","passed","Mon Apr 06 18:42:18 UTC 2026","","Go Test","github.com/specterops/bloodhound/packages/go/analysis/delta/TestTracker_HasEdge_DuplicateCalls","TestTracker_HasEdge_DuplicateCalls"
"","138","shows the direct object and expanded object list when results are present for both","Seed Selection Results","Mon Apr 06 18:44:02 UTC 2026","passed","Mon Apr 06 18:44:02 UTC 2026","","","",""
"Test cases for TestManagementResource_ListPermissions","0","TestManagementResource_ListPermissions","","Mon Apr 06 18:42:08 UTC 2026","passed","Mon Apr 06 18:42:08 UTC 2026","","Go Test","github.com/specterops/bloodhound/cmd/api/src/api/v2/auth/TestManagementResource_ListPermissions","TestManagementResource_ListPermissions"
"","210","calls onResetColumnSize when ""Reset Size"" is clicked","ManageColumnsComboBox","Mon Apr 06 18:44:08 UTC 2026","passed","Mon Apr 06 18:44:08 UTC 2026","","","",""
"","755","calls onSave when valid form inputs are provided","PasswordDialog","Mon Apr 06 18:43:38 UTC 2026","passed","Mon Apr 06 18:43:39 UTC 2026","","","",""
"Test cases for TestConvertComputerToNode","0","TestConvertComputerToNode","","Mon Apr 06 18:42:18 UTC 2026","passed","Mon Apr 06 18:42:18 UTC 2026","","Go Test","github.com/specterops/bloodhound/packages/go/ein/TestConvertComputerToNode","TestConvertComputerToNode"
"Test cases for TestResources_ListADDomainContainedGPOs","0","TestResources_ListADDomainContainedGPOs","","Mon Apr 06 18:42:02 UTC 2026","passed","Mon Apr 06 18:42:02 UTC 2026","","Go Test","github.com/specterops/bloodhound/cmd/api/src/api/v2/TestResources_ListADDomainContainedGPOs","TestResources_ListADDomainContainedGPOs"
"","7","removes key from state","useObjectState","Mon Apr 06 18:47:06 UTC 2026","passed","Mon Apr 06 18:47:06 UTC 2026","","","",""
"Test cases for TestCacheEntryDigester_PoolStateReuse","0","TestCacheEntryDigester_PoolStateReuse","","Mon Apr 06 18:42:08 UTC 2026","passed","Mon Apr 06 18:42:08 UTC 2026","","Go Test","github.com/specterops/bloodhound/cmd/api/src/services/graphify/endpoint/TestCacheEntryDigester_PoolStateReuse","TestCacheEntryDigester_PoolStateReuse"
"","0","The data is fetching","Getting the text for the disabled item display for a search when there are no results","Mon Apr 06 18:46:15 UTC 2026","passed","Mon Apr 06 18:46:15 UTC 2026","","Loading states","",""
"","24","renders the ZoneSelector when available and on a Zone page","TagSelector","Mon Apr 06 18:46:03 UTC 2026","passed","Mon Apr 06 18:46:03 UTC 2026","","","",""
"Test cases for TestFeatureFlagManagerPoller","86","TestFeatureFlagManagerPoller","","Mon Apr 06 18:42:04 UTC 2026","passed","Mon Apr 06 18:42:04 UTC 2026","","Go Test","github.com/specterops/bloodhound/cmd/api/src/daemons/changelog/TestFeatureFlagManagerPoller","TestFeatureFlagManagerPoller"
"","64","should hide Environmental Targeted Access Control panel when showEnvironmentAccessControls prop is false","CreateUserForm","Mon Apr 06 18:43:52 UTC 2026","passed","Mon Apr 06 18:43:52 UTC 2026","","","",""
"Test cases for TestIsErrorResponse","0","TestIsErrorResponse","","Mon Apr 06 18:41:52 UTC 2026","passed","Mon Apr 06 18:41:52 UTC 2026","","Go Test","github.com/specterops/bloodhound/cmd/api/src/api/TestIsErrorResponse","TestIsErrorResponse"
"","247","closes","ListItemActionMenu","Mon Apr 06 18:46:21 UTC 2026","passed","Mon Apr 06 18:46:21 UTC 2026","","","",""
"Test cases for TestManagementResource_GetAZEntity","66","TestManagementResource_GetAZEntity","","Mon Apr 06 18:42:02 UTC 2026","passed","Mon Apr 06 18:42:02 UTC 2026","","Go Test","github.com/specterops/bloodhound/cmd/api/src/api/v2/TestManagementResource_GetAZEntity","TestManagementResource_GetAZEntity"
"","277","should display ""Cancel"" button","Enable2FADialog","Mon Apr 06 18:46:30 UTC 2026","passed","Mon Apr 06 18:46:31 UTC 2026","","","",""
"","229","toggles sort order when clicking sortable header","RulesAccordion","Mon Apr 06 18:45:50 UTC 2026","passed","Mon Apr 06 18:45:51 UTC 2026","","","",""
"","162","should display","GenericErrorBoundaryFallback","Mon Apr 06 18:47:57 UTC 2026","passed","Mon Apr 06 18:47:57 UTC 2026","","","",""
"","14","constructs correct URLSearchParams with all filters","createHistoryParams","Mon Apr 06 18:46:54 UTC 2026","passed","Mon Apr 06 18:46:54 UTC 2026","","","",""
"","42","Calls the cypher search endpoint for a node with a type that is not in our schema","EntityObjectInformation","Mon Apr 06 18:45:36 UTC 2026","passed","Mon Apr 06 18:45:36 UTC 2026","","","",""
"","797","should display generate/revoke api tokens button","Api Keys","Mon Apr 06 18:46:24 UTC 2026","passed","Mon Apr 06 18:46:24 UTC 2026","","","",""
"","0","returns false if arrays have different length","areArraysSimilar","Mon Apr 06 18:47:31 UTC 2026","passed","Mon Apr 06 18:47:31 UTC 2026","","","",""
"","360","renders the Rule Tab content when Rule tab is chosen","Selected Details Tab Content","Mon Apr 06 18:47:02 UTC 2026","passed","Mon Apr 06 18:47:02 UTC 2026","","","",""
"","87","should on clicking collapse all remove expandedPanelSections param from url and set isObjectInfoPanelOpen in context to false","EntityInfoHeader","Mon Apr 06 18:46:14 UTC 2026","passed","Mon Apr 06 18:46:14 UTC 2026","","","",""
"","0","shows some collection methods for the given job","toCollected","Mon Apr 06 18:47:27 UTC 2026","passed","Mon Apr 06 18:47:27 UTC 2026","","","",""
"","132","renders an input box","SearchBar","Mon Apr 06 18:47:42 UTC 2026","passed","Mon Apr 06 18:47:42 UTC 2026","","","",""
"","253","toggles parent from none to all","SourceKindsCheckboxes","Mon Apr 06 18:45:10 UTC 2026","passed","Mon Apr 06 18:45:10 UTC 2026","","","",""
"","54","Should display a list of the asset group members","AssetGroupMemberList","Mon Apr 06 18:47:06 UTC 2026","passed","Mon Apr 06 18:47:06 UTC 2026","","","",""
"Test cases for TestResources_OpenGraphSchemaIngest","1","TestResources_OpenGraphSchemaIngest","","Mon Apr 06 18:42:02 UTC 2026","passed","Mon Apr 06 18:42:02 UTC 2026","","Go Test","github.com/specterops/bloodhound/cmd/api/src/api/v2/TestResources_OpenGraphSchemaIngest","TestResources_OpenGraphSchemaIngest"
"Test cases for TestGraphQuery_PrepareCypherQuery","55","TestGraphQuery_PrepareCypherQuery","","Mon Apr 06 18:42:07 UTC 2026","passed","Mon Apr 06 18:42:07 UTC 2026","","Go Test","github.com/specterops/bloodhound/cmd/api/src/queries/TestGraphQuery_PrepareCypherQuery","TestGraphQuery_PrepareCypherQuery"
"Test cases for TestNewNodeNamePrefix","0","TestNewNodeNamePrefix","","Mon Apr 06 18:42:18 UTC 2026","passed","Mon Apr 06 18:42:18 UTC 2026","","Go Test","github.com/specterops/bloodhound/packages/go/analysis/ad/wellknown/TestNewNodeNamePrefix","TestNewNodeNamePrefix"
"","71","indicates the code container is scrollable when the code is unwrapped","CodeController","Mon Apr 06 18:47:36 UTC 2026","passed","Mon Apr 06 18:47:36 UTC 2026","","","",""
"","365","should display filter dropwdowns","CommonSearches","Mon Apr 06 18:44:13 UTC 2026","passed","Mon Apr 06 18:44:13 UTC 2026","","","",""
"","14","shows date placeholder if no hint is given","ManagedDatePicker - placeholders","Mon Apr 06 18:45:36 UTC 2026","passed","Mon Apr 06 18:45:36 UTC 2026","","","",""
"Test cases for TestDummyHA","0","TestDummyHA","","Mon Apr 06 18:42:04 UTC 2026","passed","Mon Apr 06 18:42:04 UTC 2026","","Go Test","github.com/specterops/bloodhound/cmd/api/src/daemons/changelog/TestDummyHA","TestDummyHA"
"","556","disables the delete button and all checkboxes if the user lacks permission","DatabaseManagement","Mon Apr 06 18:48:30 UTC 2026","passed","Mon Apr 06 18:48:31 UTC 2026","","","",""
"Test cases for TestResources_GetAZEntityInformation","73","TestResources_GetAZEntityInformation","","Mon Apr 06 18:42:02 UTC 2026","passed","Mon Apr 06 18:42:02 UTC 2026","","Go Test","github.com/specterops/bloodhound/cmd/api/src/api/v2/TestResources_GetAZEntityInformation","TestResources_GetAZEntityInformation"
"Test cases for TestResources_ListADOUContainedComputers","0","TestResources_ListADOUContainedComputers","","Mon Apr 06 18:42:02 UTC 2026","passed","Mon Apr 06 18:42:02 UTC 2026","","Go Test","github.com/specterops/bloodhound/cmd/api/src/api/v2/TestResources_ListADOUContainedComputers","TestResources_ListADOUContainedComputers"
"Test cases for TestErrorReadDomainSIDandNameAsString","0","TestErrorReadDomainSIDandNameAsString","","Mon Apr 06 18:42:18 UTC 2026","passed","Mon Apr 06 18:42:18 UTC 2026","","Go Test","github.com/specterops/bloodhound/packages/go/analysis/ad/internal/nodeprops/TestErrorReadDomainSIDandNameAsString","TestErrorReadDomainSIDandNameAsString"
"","460","filters by the selected date range","FileIngestFilterDialog","Mon Apr 06 18:43:55 UTC 2026","passed","Mon Apr 06 18:43:55 UTC 2026","","Date Range Inputs","",""
"","519","should not call onSubmit when expired password is not supplied when reset password button clicked","PasswordResetForm","Mon Apr 06 18:45:24 UTC 2026","passed","Mon Apr 06 18:45:25 UTC 2026","","","",""
"Test cases for TestParseUserIP_RemoteAddrOnly","0","TestParseUserIP_RemoteAddrOnly","","Mon Apr 06 18:41:53 UTC 2026","passed","Mon Apr 06 18:41:53 UTC 2026","","Go Test","github.com/specterops/bloodhound/cmd/api/src/api/middleware/TestParseUserIP_RemoteAddrOnly","TestParseUserIP_RemoteAddrOnly"
"","72","Calls the `Base` endpoint for a LocalUser type node","EntityObjectInformation","Mon Apr 06 18:45:36 UTC 2026","passed","Mon Apr 06 18:45:36 UTC 2026","","","",""
"Test cases for TestResources_ExportSavedQuery","6","TestResources_ExportSavedQuery","","Mon Apr 06 18:42:02 UTC 2026","passed","Mon Apr 06 18:42:02 UTC 2026","","Go Test","github.com/specterops/bloodhound/cmd/api/src/api/v2/TestResources_ExportSavedQuery","TestResources_ExportSavedQuery"
"","773","opens and closes the filter","FileIngestFilterDialog","Mon Apr 06 18:43:52 UTC 2026","passed","Mon Apr 06 18:43:52 UTC 2026","","","",""
"Test cases for TestFoldr","0","TestFoldr","","Mon Apr 06 18:42:20 UTC 2026","passed","Mon Apr 06 18:42:20 UTC 2026","","Go Test","github.com/specterops/bloodhound/packages/go/slicesext/TestFoldr","TestFoldr"
"","0","filters by azure platform","filterAndSearchEnvironments","Mon Apr 06 18:43:20 UTC 2026","passed","Mon Apr 06 18:43:20 UTC 2026","","platform filters","",""
"","0","returns empty array when search does not match any environment","filterAndSearchEnvironments","Mon Apr 06 18:43:20 UTC 2026","passed","Mon Apr 06 18:43:20 UTC 2026","","search filter","",""
"","270","Download button causes the json2csv function to be called","ExploreTable","Mon Apr 06 18:43:04 UTC 2026","passed","Mon Apr 06 18:43:05 UTC 2026","","","",""
"","82","should render oidc info provider","SSOProviderTable","Mon Apr 06 18:46:19 UTC 2026","passed","Mon Apr 06 18:46:19 UTC 2026","","","",""
"Test cases for TestRoleAssignments_NodeHasRole","1","TestRoleAssignments_NodeHasRole","","Mon Apr 06 18:42:18 UTC 2026","passed","Mon Apr 06 18:42:18 UTC 2026","","Go Test","github.com/specterops/bloodhound/packages/go/analysis/azure/TestRoleAssignments_NodeHasRole","TestRoleAssignments_NodeHasRole"
"Test cases for Test_filterAndFormatSearchResults_filterEnvironments_domainSIDFail","0","Test_filterAndFormatSearchResults_filterEnvironments_domainSIDFail","","Mon Apr 06 18:42:02 UTC 2026","passed","Mon Apr 06 18:42:02 UTC 2026","","Go Test","github.com/specterops/bloodhound/cmd/api/src/api/v2/Test_filterAndFormatSearchResults_filterEnvironments_domainSIDFail","Test_filterAndFormatSearchResults_filterEnvironments_domainSIDFail"
"","388","should not call onSave when Save button is clicked and form input is invalid","CreateUserDialog","Mon Apr 06 18:43:38 UTC 2026","passed","Mon Apr 06 18:43:39 UTC 2026","","","",""
"","79","displays active styles for the selected layout when explore table is enabled","GraphControls","Mon Apr 06 18:43:50 UTC 2026","passed","Mon Apr 06 18:43:50 UTC 2026","","Selecting a layout","",""
"","74","renders the title","ProcessingIndicator","Mon Apr 06 18:47:54 UTC 2026","passed","Mon Apr 06 18:47:54 UTC 2026","","","",""
"","316","should display a ""Configure Multi-Factor Authentication"" modal","UserProfile","Mon Apr 06 18:44:38 UTC 2026","passed","Mon Apr 06 18:44:39 UTC 2026","","""Multi-Factor Authentication"" switch","",""
"","51","when session token or user are null, redirects to /login","AuthenticatedRoute","Mon Apr 06 18:48:51 UTC 2026","passed","Mon Apr 06 18:48:51 UTC 2026","","","",""
"","67","enables pulling an ordered list of tags by position ascending","the useAssetGroupTags utilities","Mon Apr 06 18:44:01 UTC 2026","passed","Mon Apr 06 18:44:01 UTC 2026","","","",""
"","0","returns disabled config when any required param is falsey","useExploreGraph","Mon Apr 06 18:43:43 UTC 2026","passed","Mon Apr 06 18:43:43 UTC 2026","composition search queries","exploreGraphQueryFactory","",""
"","9","renders without label when label is empty string","StatusIndicator","Mon Apr 06 18:47:44 UTC 2026","passed","Mon Apr 06 18:47:44 UTC 2026","","","",""
"Test cases for Test_runMaybeCachedEntityQuery","0","Test_runMaybeCachedEntityQuery","","Mon Apr 06 18:42:07 UTC 2026","passed","Mon Apr 06 18:42:07 UTC 2026","","Go Test","github.com/specterops/bloodhound/cmd/api/src/queries/Test_runMaybeCachedEntityQuery","Test_runMaybeCachedEntityQuery"
"Test cases for TestReadDomainIDandNameAsString","0","TestReadDomainIDandNameAsString","","Mon Apr 06 18:42:18 UTC 2026","passed","Mon Apr 06 18:42:18 UTC 2026","","Go Test","github.com/specterops/bloodhound/packages/go/analysis/ad/internal/nodeprops/TestReadDomainIDandNameAsString","TestReadDomainIDandNameAsString"
"TestManifest_AddMigration tests that migrations are added to the correct locationwithin the migration map and in the correct order.","0","TestManifest_AddMigration","","Mon Apr 06 18:42:04 UTC 2026","passed","Mon Apr 06 18:42:04 UTC 2026","","Go Test","github.com/specterops/bloodhound/cmd/api/src/database/migration/TestManifest_AddMigration","TestManifest_AddMigration"
"Test cases for TestResources_CypherQuery","63","TestResources_CypherQuery","","Mon Apr 06 18:42:02 UTC 2026","passed","Mon Apr 06 18:42:02 UTC 2026","","Go Test","github.com/specterops/bloodhound/cmd/api/src/api/v2/TestResources_CypherQuery","TestResources_CypherQuery"
"","392","disables checkboxes by default","SourceKindsCheckboxes","Mon Apr 06 18:45:08 UTC 2026","passed","Mon Apr 06 18:45:08 UTC 2026","","","",""
"Test cases for TestResources_DeleteExtension","45","TestResources_DeleteExtension","","Mon Apr 06 18:42:02 UTC 2026","passed","Mon Apr 06 18:42:02 UTC 2026","","Go Test","github.com/specterops/bloodhound/cmd/api/src/api/v2/TestResources_DeleteExtension","TestResources_DeleteExtension"
"","483","displays a validation error","ManagedDatePicker - date validation","Mon Apr 06 18:45:35 UTC 2026","passed","Mon Apr 06 18:45:36 UTC 2026","","","",""
"Test cases for Test_GetApplicationConfigurations","0","Test_GetApplicationConfigurations","","Mon Apr 06 18:42:02 UTC 2026","passed","Mon Apr 06 18:42:02 UTC 2026","","Go Test","github.com/specterops/bloodhound/cmd/api/src/api/v2/Test_GetApplicationConfigurations","Test_GetApplicationConfigurations"
"","2","filters by collected=true when ""yes"" filter is active","filterAndSearchEnvironments","Mon Apr 06 18:43:20 UTC 2026","passed","Mon Apr 06 18:43:20 UTC 2026","","collected filters","",""
"","1360","when user performs a pathfinding search, the selection for the start node is carried over to the `search` tab","ExploreSearch interaction","Mon Apr 06 18:48:26 UTC 2026","passed","Mon Apr 06 18:48:27 UTC 2026","","","",""
"","267","sets a secondary=id and searchType=pathfinding when primary is truethy","ContextMenu","Mon Apr 06 18:44:03 UTC 2026","passed","Mon Apr 06 18:44:03 UTC 2026","","","",""
"","19","renders the tooltip icon when tooltipText prop is passed","ColumnHeaders","Mon Apr 06 18:45:40 UTC 2026","passed","Mon Apr 06 18:45:40 UTC 2026","","SortableHeader with Tooltip","",""
"Test cases for TestEncodingEquality","0","TestEncodingEquality","","Mon Apr 06 18:42:18 UTC 2026","passed","Mon Apr 06 18:42:18 UTC 2026","","Go Test","github.com/specterops/bloodhound/packages/go/bomenc/TestEncodingEquality","TestEncodingEquality"
"Test cases for TestResources_GetNTAuthStoreEntityInfo","154","TestResources_GetNTAuthStoreEntityInfo","","Mon Apr 06 18:42:02 UTC 2026","passed","Mon Apr 06 18:42:02 UTC 2026","","Go Test","github.com/specterops/bloodhound/cmd/api/src/api/v2/TestResources_GetNTAuthStoreEntityInfo","TestResources_GetNTAuthStoreEntityInfo"
"Test cases for TestNodeNamePrefix_String","0","TestNodeNamePrefix_String","","Mon Apr 06 18:42:18 UTC 2026","passed","Mon Apr 06 18:42:18 UTC 2026","","Go Test","github.com/specterops/bloodhound/packages/go/analysis/ad/wellknown/TestNodeNamePrefix_String","TestNodeNamePrefix_String"
"Test cases for TestResources_GetAssetGroupMemberCount_DBError","0","TestResources_GetAssetGroupMemberCount_DBError","","Mon Apr 06 18:42:02 UTC 2026","passed","Mon Apr 06 18:42:02 UTC 2026","","Go Test","github.com/specterops/bloodhound/cmd/api/src/api/v2/TestResources_GetAssetGroupMemberCount_DBError","TestResources_GetAssetGroupMemberCount_DBError"
"","0","returns Cypher message when ruleType is SeedTypeCypher and seeds are required","getErrorMessage","Mon Apr 06 18:43:47 UTC 2026","passed","Mon Apr 06 18:43:47 UTC 2026","","","",""
"Test cases for TestOrphanFileSweeper_Clear","5","TestOrphanFileSweeper_Clear","","Mon Apr 06 18:42:04 UTC 2026","passed","Mon Apr 06 18:42:04 UTC 2026","","Go Test","github.com/specterops/bloodhound/cmd/api/src/daemons/datapipe/TestOrphanFileSweeper_Clear","TestOrphanFileSweeper_Clear"
"Test cases for TestRoleMembers","4","TestRoleMembers","","Mon Apr 06 18:42:18 UTC 2026","passed","Mon Apr 06 18:42:18 UTC 2026","","Go Test","github.com/specterops/bloodhound/packages/go/analysis/azure/TestRoleMembers","TestRoleMembers"
"","1","returns a comma separated number when provided with a number > 999","numberFormatting","Mon Apr 06 18:45:43 UTC 2026","passed","Mon Apr 06 18:45:43 UTC 2026","","","",""
"","82","collapses an open item when its header is clicked again","<DetailsAccordion />","Mon Apr 06 18:44:07 UTC 2026","passed","Mon Apr 06 18:44:07 UTC 2026","","","",""
"","3","formats the date string","toFormatted","Mon Apr 06 18:47:08 UTC 2026","passed","Mon Apr 06 18:47:08 UTC 2026","","","",""
"","76","is disabled if no filters are active","AssetGroupEdit","Mon Apr 06 18:44:25 UTC 2026","passed","Mon Apr 06 18:44:26 UTC 2026","","Clear Filters button","",""
"Test cases for TestResources_UpdateAssetGroupSelectors_SuccessT0","0","TestResources_UpdateAssetGroupSelectors_SuccessT0","","Mon Apr 06 18:42:02 UTC 2026","passed","Mon Apr 06 18:42:02 UTC 2026","","Go Test","github.com/specterops/bloodhound/cmd/api/src/api/v2/TestResources_UpdateAssetGroupSelectors_SuccessT0","TestResources_UpdateAssetGroupSelectors_SuccessT0"
"Test cases for TestQueries_BuildEntityQueryParams_InvalidLimit","0","TestQueries_BuildEntityQueryParams_InvalidLimit","","Mon Apr 06 18:42:07 UTC 2026","passed","Mon Apr 06 18:42:07 UTC 2026","","Go Test","github.com/specterops/bloodhound/cmd/api/src/queries/TestQueries_BuildEntityQueryParams_InvalidLimit","TestQueries_BuildEntityQueryParams_InvalidLimit"
"Test cases for TestResources_GetDomainEntityInfo","1","TestResources_GetDomainEntityInfo","","Mon Apr 06 18:42:02 UTC 2026","passed","Mon Apr 06 18:42:02 UTC 2026","","Go Test","github.com/specterops/bloodhound/cmd/api/src/api/v2/TestResources_GetDomainEntityInfo","TestResources_GetDomainEntityInfo"
"","1946","should add an option and display the changelog when it is clicked","AssetGroupEdit","Mon Apr 06 18:46:04 UTC 2026","passed","Mon Apr 06 18:46:06 UTC 2026","","","",""
"","229","displays a polite message when there are no user updatable features available","EarlyAccessFeatures","Mon Apr 06 18:48:43 UTC 2026","passed","Mon Apr 06 18:48:43 UTC 2026","","","",""
"Test cases for TestResources_CreateSavedQuery_EmptyBody","0","TestResources_CreateSavedQuery_EmptyBody","","Mon Apr 06 18:42:02 UTC 2026","passed","Mon Apr 06 18:42:02 UTC 2026","","Go Test","github.com/specterops/bloodhound/cmd/api/src/api/v2/TestResources_CreateSavedQuery_EmptyBody","TestResources_CreateSavedQuery_EmptyBody"
"Test cases for TestResources_ListADEntityPSRemoteRights","5","TestResources_ListADEntityPSRemoteRights","","Mon Apr 06 18:42:02 UTC 2026","passed","Mon Apr 06 18:42:02 UTC 2026","","Go Test","github.com/specterops/bloodhound/cmd/api/src/api/v2/TestResources_ListADEntityPSRemoteRights","TestResources_ListADEntityPSRemoteRights"
"","0","abbreviates thousands, millions, billions, trillions as expected","numberFormatting","Mon Apr 06 18:45:43 UTC 2026","passed","Mon Apr 06 18:45:43 UTC 2026","","","",""
"Test cases for TestResources_GetAssetGroupTagSelectors","1","TestResources_GetAssetGroupTagSelectors","","Mon Apr 06 18:42:02 UTC 2026","passed","Mon Apr 06 18:42:02 UTC 2026","","Go Test","github.com/specterops/bloodhound/cmd/api/src/api/v2/TestResources_GetAssetGroupTagSelectors","TestResources_GetAssetGroupTagSelectors"
"","11","should render when search string at the end of the text","HighlightedText","Mon Apr 06 18:47:05 UTC 2026","passed","Mon Apr 06 18:47:05 UTC 2026","","","",""
"Test cases for TestFormatDatabaseError","0","TestFormatDatabaseError","","Mon Apr 06 18:41:52 UTC 2026","passed","Mon Apr 06 18:41:52 UTC 2026","","Go Test","github.com/specterops/bloodhound/cmd/api/src/api/TestFormatDatabaseError","TestFormatDatabaseError"
"","85","renders a button when actor is not BloodHoundString and note exists","NoteCell component","Mon Apr 06 18:46:31 UTC 2026","passed","Mon Apr 06 18:46:31 UTC 2026","","","",""
"","270","Selecting an edge that meets ACL inheritance criteria shows the ""ACE Inherited From"" dropdown","EdgeInfoContent","Mon Apr 06 18:43:26 UTC 2026","passed","Mon Apr 06 18:43:26 UTC 2026","","","",""
"Test cases for TestResources_CancelAnalysisRequest","98","TestResources_CancelAnalysisRequest","","Mon Apr 06 18:42:02 UTC 2026","passed","Mon Apr 06 18:42:02 UTC 2026","","Go Test","github.com/specterops/bloodhound/cmd/api/src/api/v2/TestResources_CancelAnalysisRequest","TestResources_CancelAnalysisRequest"
"","142","clicking cancel on the form takes the user back to the page the user was on previously","Tag Form","Mon Apr 06 18:43:07 UTC 2026","passed","Mon Apr 06 18:43:07 UTC 2026","","","",""
"Test cases for TestManagementResource_ListAuthTokens_SortingError","0","TestManagementResource_ListAuthTokens_SortingError","","Mon Apr 06 18:42:29 UTC 2026","passed","Mon Apr 06 18:42:29 UTC 2026","","Go Test","github.com/specterops/bloodhound/cmd/api/src/api/v2/auth/TestManagementResource_ListAuthTokens_SortingError","TestManagementResource_ListAuthTokens_SortingError"
"Test cases for TestWriteErrorResponse_V2","0","TestWriteErrorResponse_V2","","Mon Apr 06 18:41:52 UTC 2026","passed","Mon Apr 06 18:41:52 UTC 2026","","Go Test","github.com/specterops/bloodhound/cmd/api/src/api/TestWriteErrorResponse_V2","TestWriteErrorResponse_V2"
"","0","accepts a sort and compare function","areArraysSimilar","Mon Apr 06 18:47:31 UTC 2026","passed","Mon Apr 06 18:47:31 UTC 2026","","","",""
"","2378","should close the edge filtering dialog when user clicks apply button","EdgeFilter","Mon Apr 06 18:45:33 UTC 2026","passed","Mon Apr 06 18:45:35 UTC 2026","","","",""
"","493","accepts a valid file and allows the user to continue through the upload process","File Upload","Mon Apr 06 18:45:17 UTC 2026","passed","Mon Apr 06 18:45:17 UTC 2026","","","",""
"","59","initializes with the given state","useObjectState","Mon Apr 06 18:47:06 UTC 2026","passed","Mon Apr 06 18:47:06 UTC 2026","","","",""
"","202","Verify Vault Reader count is the count returned by All Readers","EntityInfoDataTableGraphed","Mon Apr 06 18:44:34 UTC 2026","passed","Mon Apr 06 18:44:34 UTC 2026","","Node count for Vault Readers nested table","",""
"","83","should on clicking remove call clearSelectedItem","EdgeInfoHeader","Mon Apr 06 18:46:31 UTC 2026","passed","Mon Apr 06 18:46:31 UTC 2026","","","",""
"Test cases for TestSetValue","0","TestSetValue","","Mon Apr 06 18:42:03 UTC 2026","passed","Mon Apr 06 18:42:03 UTC 2026","","Go Test","github.com/specterops/bloodhound/cmd/api/src/config/TestSetValue","TestSetValue"
"","361","renders the Import Query Dialog","ImportQueryDialog","Mon Apr 06 18:47:45 UTC 2026","passed","Mon Apr 06 18:47:45 UTC 2026","","","",""
"","62","fails checks if the user does not have a matching permission","usePermissions","Mon Apr 06 18:44:32 UTC 2026","passed","Mon Apr 06 18:44:32 UTC 2026","","","",""
"Test cases for TestSortJSONArrayElements","2","TestSortJSONArrayElements","","Mon Apr 06 18:42:14 UTC 2026","passed","Mon Apr 06 18:42:14 UTC 2026","","Go Test","github.com/specterops/bloodhound/cmd/api/src/utils/test/TestSortJSONArrayElements","TestSortJSONArrayElements"
"","61","should should reflect the NOT checked state for public query","SavedQueryPermissions","Mon Apr 06 18:46:13 UTC 2026","passed","Mon Apr 06 18:46:13 UTC 2026","","","",""
"Test cases for TestExpireUserAuthSecret_Failure","0","TestExpireUserAuthSecret_Failure","","Mon Apr 06 18:42:08 UTC 2026","passed","Mon Apr 06 18:42:08 UTC 2026","","Go Test","github.com/specterops/bloodhound/cmd/api/src/api/v2/auth/TestExpireUserAuthSecret_Failure","TestExpireUserAuthSecret_Failure"
"","1606","handles posting a mutation","DatabaseManagement","Mon Apr 06 18:48:33 UTC 2026","passed","Mon Apr 06 18:48:34 UTC 2026","","","",""
"","494","renders trigger button and dropdown items","TagToZoneLabel","Mon Apr 06 18:43:15 UTC 2026","passed","Mon Apr 06 18:43:16 UTC 2026","","","",""
"Test cases for TestManagementResource_ListRoles_PredicateMismatchWithColumn","0","TestManagementResource_ListRoles_PredicateMismatchWithColumn","","Mon Apr 06 18:42:08 UTC 2026","passed","Mon Apr 06 18:42:08 UTC 2026","","Go Test","github.com/specterops/bloodhound/cmd/api/src/api/v2/auth/TestManagementResource_ListRoles_PredicateMismatchWithColumn","TestManagementResource_ListRoles_PredicateMismatchWithColumn"
"Test cases for TestResources_PreviewSelectors","0","TestResources_PreviewSelectors","","Mon Apr 06 18:42:02 UTC 2026","passed","Mon Apr 06 18:42:02 UTC 2026","","Go Test","github.com/specterops/bloodhound/cmd/api/src/api/v2/TestResources_PreviewSelectors","TestResources_PreviewSelectors"
"","205","should render a single section with a single navigation item","SubNav","Mon Apr 06 18:46:40 UTC 2026","passed","Mon Apr 06 18:46:41 UTC 2026","","","",""
"","1","returns a function that takes a key found in updatedParams and updates the searchParams with that matching value from updatedParams","searchParams","Mon Apr 06 18:46:20 UTC 2026","passed","Mon Apr 06 18:46:20 UTC 2026","","setSingleParamFactory","",""
"Test cases for TestResources_DeleteSavedQuery_DBError","0","TestResources_DeleteSavedQuery_DBError","","Mon Apr 06 18:42:02 UTC 2026","passed","Mon Apr 06 18:42:02 UTC 2026","","Go Test","github.com/specterops/bloodhound/cmd/api/src/api/v2/TestResources_DeleteSavedQuery_DBError","TestResources_DeleteSavedQuery_DBError"
"","0","A type and keyword were provided but there were no results available","Getting the text for the disabled item display for a search when there are no results","Mon Apr 06 18:46:15 UTC 2026","passed","Mon Apr 06 18:46:15 UTC 2026","","Empty data states","",""
"","265","should call the checkbox filter function when clicking on a checkbox input","Checkbox group","Mon Apr 06 18:47:36 UTC 2026","passed","Mon Apr 06 18:47:37 UTC 2026","","","",""
"Test cases for Test_ParseAndValidatePayload","5","Test_ParseAndValidatePayload","","Mon Apr 06 18:42:10 UTC 2026","passed","Mon Apr 06 18:42:10 UTC 2026","","Go Test","github.com/specterops/bloodhound/cmd/api/src/services/upload/Test_ParseAndValidatePayload","Test_ParseAndValidatePayload"
"Test cases for Test_sortAndSliceResults_sorting","0","Test_sortAndSliceResults_sorting","","Mon Apr 06 18:42:07 UTC 2026","passed","Mon Apr 06 18:42:07 UTC 2026","","Go Test","github.com/specterops/bloodhound/cmd/api/src/queries/Test_sortAndSliceResults_sorting","Test_sortAndSliceResults_sorting"
"","0","returns undefined if paramValue is not an expected value","useExploreParams","Mon Apr 06 18:47:58 UTC 2026","passed","Mon Apr 06 18:47:58 UTC 2026","","parseSearchType","",""
"Test cases for TestChangeCache","2","TestChangeCache","","Mon Apr 06 18:42:04 UTC 2026","passed","Mon Apr 06 18:42:04 UTC 2026","","Go Test","github.com/specterops/bloodhound/cmd/api/src/daemons/changelog/TestChangeCache","TestChangeCache"
"","78","should render when search string is at the beginning of the text","HighlightedText","Mon Apr 06 18:47:05 UTC 2026","passed","Mon Apr 06 18:47:05 UTC 2026","","","",""
"Test cases for TestMarshalInt64Text","0","TestMarshalInt64Text","","Mon Apr 06 18:42:04 UTC 2026","passed","Mon Apr 06 18:42:04 UTC 2026","","Go Test","github.com/specterops/bloodhound/cmd/api/src/database/types/null/TestMarshalInt64Text","TestMarshalInt64Text"
"","232","renders a graph view","GraphView","Mon Apr 06 18:48:39 UTC 2026","passed","Mon Apr 06 18:48:40 UTC 2026","","","",""
"","251","passes item props to Header and Content","<DetailsAccordion />","Mon Apr 06 18:44:06 UTC 2026","passed","Mon Apr 06 18:44:06 UTC 2026","","","",""
"Test cases for TestResources_ListADDomainInboundTrusts","0","TestResources_ListADDomainInboundTrusts","","Mon Apr 06 18:42:02 UTC 2026","passed","Mon Apr 06 18:42:02 UTC 2026","","Go Test","github.com/specterops/bloodhound/cmd/api/src/api/v2/TestResources_ListADDomainInboundTrusts","TestResources_ListADDomainInboundTrusts"
"","17","when password is expired and not on password reset page, redirects to password reset page","AuthenticatedRoute","Mon Apr 06 18:48:51 UTC 2026","passed","Mon Apr 06 18:48:51 UTC 2026","","","",""
"","3","succeeds for valid password","testPassword","Mon Apr 06 18:47:53 UTC 2026","passed","Mon Apr 06 18:47:53 UTC 2026","","","",""
"","2","updates state when an external storage event is fired for the same key","useLocalStorage","Mon Apr 06 18:44:48 UTC 2026","passed","Mon Apr 06 18:44:48 UTC 2026","","storage event synchronisation","",""
"Test cases for TestResources_ListADOUContainedUsers","0","TestResources_ListADOUContainedUsers","","Mon Apr 06 18:42:02 UTC 2026","passed","Mon Apr 06 18:42:02 UTC 2026","","Go Test","github.com/specterops/bloodhound/cmd/api/src/api/v2/TestResources_ListADOUContainedUsers","TestResources_ListADOUContainedUsers"
"Test cases for TestFilterStructSlice","0","TestFilterStructSlice","","Mon Apr 06 18:41:51 UTC 2026","passed","Mon Apr 06 18:41:51 UTC 2026","","Go Test","github.com/specterops/bloodhound/cmd/api/src/api/TestFilterStructSlice","TestFilterStructSlice"
"","34","should highlight selected route","Main Nav Route Highlighting","Mon Apr 06 18:44:46 UTC 2026","passed","Mon Apr 06 18:44:46 UTC 2026","","","",""
"","16","does not show tooltip text by default","ColumnHeaders","Mon Apr 06 18:45:40 UTC 2026","passed","Mon Apr 06 18:45:40 UTC 2026","","SortableHeader with Tooltip","",""
"","62","has no checked boxes by default","SourceKindsCheckboxes","Mon Apr 06 18:45:09 UTC 2026","passed","Mon Apr 06 18:45:09 UTC 2026","","","",""
"Test cases for TestResources_ListADEntityLinkedGPOs","1","TestResources_ListADEntityLinkedGPOs","","Mon Apr 06 18:42:02 UTC 2026","passed","Mon Apr 06 18:42:02 UTC 2026","","Go Test","github.com/specterops/bloodhound/cmd/api/src/api/v2/TestResources_ListADEntityLinkedGPOs","TestResources_ListADEntityLinkedGPOs"
"","169","a name value is required to submit the form","Tag Form","Mon Apr 06 18:43:07 UTC 2026","passed","Mon Apr 06 18:43:07 UTC 2026","","","",""
"","112","initializes search tab to the exploreSearchTab on initial render","ExploreSearch sets searchType on tab changing","Mon Apr 06 18:48:24 UTC 2026","passed","Mon Apr 06 18:48:25 UTC 2026","","","",""
"","996","opens a submenu when user hovers over `Copy`","ContextMenu","Mon Apr 06 18:44:03 UTC 2026","passed","Mon Apr 06 18:44:04 UTC 2026","","","",""
"Test cases for TestResources_ListTrustedCAs","0","TestResources_ListTrustedCAs","","Mon Apr 06 18:42:02 UTC 2026","passed","Mon Apr 06 18:42:02 UTC 2026","","Go Test","github.com/specterops/bloodhound/cmd/api/src/api/v2/TestResources_ListTrustedCAs","TestResources_ListTrustedCAs"
"Test cases for TestResources_UpdateAssetGroupSelectors_GetAssetGroupError","0","TestResources_UpdateAssetGroupSelectors_GetAssetGroupError","","Mon Apr 06 18:42:02 UTC 2026","passed","Mon Apr 06 18:42:02 UTC 2026","","Go Test","github.com/specterops/bloodhound/cmd/api/src/api/v2/TestResources_UpdateAssetGroupSelectors_GetAssetGroupError","TestResources_UpdateAssetGroupSelectors_GetAssetGroupError"
"Test cases for TestGetVersion","0","TestGetVersion","","Mon Apr 06 18:42:02 UTC 2026","passed","Mon Apr 06 18:42:02 UTC 2026","","Go Test","github.com/specterops/bloodhound/cmd/api/src/api/v2/TestGetVersion","TestGetVersion"
"","450","should render","PasswordResetForm","Mon Apr 06 18:45:22 UTC 2026","passed","Mon Apr 06 18:45:22 UTC 2026","","","",""
"","4","returns {enabled: false} if there is not a match on the switch statement","useExploreGraph","Mon Apr 06 18:43:43 UTC 2026","passed","Mon Apr 06 18:43:43 UTC 2026","","exploreGraphQueryFactory","",""
"","108","renders a filter button","FileIngestFilterDialog","Mon Apr 06 18:43:52 UTC 2026","passed","Mon Apr 06 18:43:52 UTC 2026","","","",""
"","153","should fire Cancel once with false","DeleteConfirmationDialog","Mon Apr 06 18:47:21 UTC 2026","passed","Mon Apr 06 18:47:22 UTC 2026","","","",""
"Test cases for TestMarshalTime","0","TestMarshalTime","","Mon Apr 06 18:42:04 UTC 2026","passed","Mon Apr 06 18:42:04 UTC 2026","","Go Test","github.com/specterops/bloodhound/cmd/api/src/database/types/null/TestMarshalTime","TestMarshalTime"
"Test cases for TestRequestWaitDuration_Failure","0","TestRequestWaitDuration_Failure","","Mon Apr 06 18:41:53 UTC 2026","passed","Mon Apr 06 18:41:53 UTC 2026","","Go Test","github.com/specterops/bloodhound/cmd/api/src/api/middleware/TestRequestWaitDuration_Failure","TestRequestWaitDuration_Failure"
"Test cases for TestFlatMap","1","TestFlatMap","","Mon Apr 06 18:42:20 UTC 2026","passed","Mon Apr 06 18:42:20 UTC 2026","","Go Test","github.com/specterops/bloodhound/packages/go/slicesext/TestFlatMap","TestFlatMap"
"Test cases for TestStringIsZero","0","TestStringIsZero","","Mon Apr 06 18:42:04 UTC 2026","passed","Mon Apr 06 18:42:04 UTC 2026","","Go Test","github.com/specterops/bloodhound/cmd/api/src/database/types/null/TestStringIsZero","TestStringIsZero"
"","88","renders three animated dots","ProcessingIndicator","Mon Apr 06 18:47:54 UTC 2026","passed","Mon Apr 06 18:47:54 UTC 2026","","","",""
"","213","displays an error when unable to fetch data","EarlyAccessFeatures","Mon Apr 06 18:48:43 UTC 2026","passed","Mon Apr 06 18:48:44 UTC 2026","","","",""
"","61","displays the value from filterParams.node_type","AssetGroupEdit","Mon Apr 06 18:44:24 UTC 2026","passed","Mon Apr 06 18:44:24 UTC 2026","","Node Type dropdown filter","",""
"","1","returns the same nodes from the graphData","getExploreTableData","Mon Apr 06 18:45:45 UTC 2026","passed","Mon Apr 06 18:45:45 UTC 2026","","","",""
"Test cases for TestResources_ListADComputerConstrainedDelegationUsers","0","TestResources_ListADComputerConstrainedDelegationUsers","","Mon Apr 06 18:42:02 UTC 2026","passed","Mon Apr 06 18:42:02 UTC 2026","","Go Test","github.com/specterops/bloodhound/cmd/api/src/api/v2/TestResources_ListADComputerConstrainedDelegationUsers","TestResources_ListADComputerConstrainedDelegationUsers"
"Test cases for TestBuildErrorResponseInternalServerError","1","TestBuildErrorResponseInternalServerError","","Mon Apr 06 18:41:52 UTC 2026","passed","Mon Apr 06 18:41:52 UTC 2026","","Go Test","github.com/specterops/bloodhound/cmd/api/src/api/TestBuildErrorResponseInternalServerError","TestBuildErrorResponseInternalServerError"
"","327","displays a completion of 100% and adds a ""Close"" button that closes the dialog after a successful upload","SchemaUploadDialog","Mon Apr 06 18:44:21 UTC 2026","passed","Mon Apr 06 18:44:22 UTC 2026","","","",""
"","250","AZRole information panel will not display a section for PIM Assignments","EntityInfoContent","Mon Apr 06 18:45:36 UTC 2026","passed","Mon Apr 06 18:45:36 UTC 2026","","","",""
"Test cases for TestDisenrollMFA_Admin_Success","1994","TestDisenrollMFA_Admin_Success","","Mon Apr 06 18:42:31 UTC 2026","passed","Mon Apr 06 18:42:33 UTC 2026","","Go Test","github.com/specterops/bloodhound/cmd/api/src/api/v2/auth/TestDisenrollMFA_Admin_Success","TestDisenrollMFA_Admin_Success"
"","1173","should display all available SSO providers","CreateUserDialog","Mon Apr 06 18:43:40 UTC 2026","passed","Mon Apr 06 18:43:41 UTC 2026","","","",""
"","2940","Clicking on a row causes row to be selected","ExploreTable","Mon Apr 06 18:43:10 UTC 2026","passed","Mon Apr 06 18:43:13 UTC 2026","","","",""
"","2030","""Columns"" button allows user to edit column settings","ExploreTable","Mon Apr 06 18:43:00 UTC 2026","passed","Mon Apr 06 18:43:02 UTC 2026","","","",""
"","19","renders custom icon overlap correctly","NodeIcon","Mon Apr 06 18:47:14 UTC 2026","passed","Mon Apr 06 18:47:14 UTC 2026","","","",""
"Test cases for TestGenericMap","0","TestGenericMap","","Mon Apr 06 18:42:13 UTC 2026","passed","Mon Apr 06 18:42:13 UTC 2026","","Go Test","github.com/specterops/bloodhound/cmd/api/src/utils/TestGenericMap","TestGenericMap"
"","105","displays the value thats passed via children","CodeController","Mon Apr 06 18:47:36 UTC 2026","passed","Mon Apr 06 18:47:36 UTC 2026","","","",""
"Test cases for TestConvertContainerToNode_InheritanceHashes","0","TestConvertContainerToNode_InheritanceHashes","","Mon Apr 06 18:42:18 UTC 2026","passed","Mon Apr 06 18:42:18 UTC 2026","","Go Test","github.com/specterops/bloodhound/packages/go/ein/TestConvertContainerToNode_InheritanceHashes","TestConvertContainerToNode_InheritanceHashes"
"","76","displays a warning when there is a problem fetching the list of collectors","DownloadCollectors","Mon Apr 06 18:48:23 UTC 2026","passed","Mon Apr 06 18:48:23 UTC 2026","","","",""
"","0","returns false if value is {}","searchParams","Mon Apr 06 18:46:20 UTC 2026","passed","Mon Apr 06 18:46:20 UTC 2026","","isEmptyParam","",""
"Test cases for TestQueries_GetEntityObjectIDFromRequestPath","0","TestQueries_GetEntityObjectIDFromRequestPath","","Mon Apr 06 18:42:07 UTC 2026","passed","Mon Apr 06 18:42:07 UTC 2026","","Go Test","github.com/specterops/bloodhound/cmd/api/src/queries/TestQueries_GetEntityObjectIDFromRequestPath","TestQueries_GetEntityObjectIDFromRequestPath"
"","27","returns initialValue when the key is absent from localStorage","useLocalStorage","Mon Apr 06 18:44:48 UTC 2026","passed","Mon Apr 06 18:44:48 UTC 2026","","initial value","",""
"","0","filters by multiple risk levels","filterAndSearchEnvironments","Mon Apr 06 18:43:20 UTC 2026","passed","Mon Apr 06 18:43:20 UTC 2026","","risk filters","",""
"Test cases for TestResources_ListADComputerSessions","0","TestResources_ListADComputerSessions","","Mon Apr 06 18:42:02 UTC 2026","passed","Mon Apr 06 18:42:02 UTC 2026","","Go Test","github.com/specterops/bloodhound/cmd/api/src/api/v2/TestResources_ListADComputerSessions","TestResources_ListADComputerSessions"
"Test cases for TestResources_PatchDomain","1","TestResources_PatchDomain","","Mon Apr 06 18:42:02 UTC 2026","passed","Mon Apr 06 18:42:02 UTC 2026","","Go Test","github.com/specterops/bloodhound/cmd/api/src/api/v2/TestResources_PatchDomain","TestResources_PatchDomain"
"Test cases for TestMergeNodeKinds","0","TestMergeNodeKinds","","Mon Apr 06 18:42:08 UTC 2026","passed","Mon Apr 06 18:42:08 UTC 2026","","Go Test","github.com/specterops/bloodhound/cmd/api/src/services/graphify/TestMergeNodeKinds","TestMergeNodeKinds"
"Test cases for TestTimeValueOrZero","0","TestTimeValueOrZero","","Mon Apr 06 18:42:04 UTC 2026","passed","Mon Apr 06 18:42:04 UTC 2026","","Go Test","github.com/specterops/bloodhound/cmd/api/src/database/types/null/TestTimeValueOrZero","TestTimeValueOrZero"
"","4","should return true when tag matches term","OperationsFilterPlugin","Mon Apr 06 18:47:57 UTC 2026","passed","Mon Apr 06 18:47:57 UTC 2026","","","",""
"","3974","should clear state when logout action is dispatched","redux store","Mon Apr 06 18:48:53 UTC 2026","passed","Mon Apr 06 18:48:57 UTC 2026","","","",""
"","410","should not allow leading or trailing empty spaces","UpdateUserForm","Mon Apr 06 18:43:15 UTC 2026","passed","Mon Apr 06 18:43:15 UTC 2026","","","",""
"Test cases for TestResources_UpdateAssetGroupSelectors_SuccessOwned","0","TestResources_UpdateAssetGroupSelectors_SuccessOwned","","Mon Apr 06 18:42:02 UTC 2026","passed","Mon Apr 06 18:42:02 UTC 2026","","Go Test","github.com/specterops/bloodhound/cmd/api/src/api/v2/TestResources_UpdateAssetGroupSelectors_SuccessOwned","TestResources_UpdateAssetGroupSelectors_SuccessOwned"
"Test cases for TestStringSetValid","0","TestStringSetValid","","Mon Apr 06 18:42:04 UTC 2026","passed","Mon Apr 06 18:42:04 UTC 2026","","Go Test","github.com/specterops/bloodhound/cmd/api/src/database/types/null/TestStringSetValid","TestStringSetValid"
"Test cases for TestReadRFC3339","1","TestReadRFC3339","","Mon Apr 06 18:42:13 UTC 2026","passed","Mon Apr 06 18:42:13 UTC 2026","","Go Test","github.com/specterops/bloodhound/cmd/api/src/utils/TestReadRFC3339","TestReadRFC3339"
"","221","renders the QuerySearchFilter component","QuerySearchFilter","Mon Apr 06 18:45:56 UTC 2026","passed","Mon Apr 06 18:45:56 UTC 2026","","","",""
"","12","should be aligned to right of screen","GenericErrorBoundaryFallback","Mon Apr 06 18:47:57 UTC 2026","passed","Mon Apr 06 18:47:57 UTC 2026","","","",""
"Test cases for TestBuildErrorResponseUnauthorized","0","TestBuildErrorResponseUnauthorized","","Mon Apr 06 18:41:52 UTC 2026","passed","Mon Apr 06 18:41:52 UTC 2026","","Go Test","github.com/specterops/bloodhound/cmd/api/src/api/TestBuildErrorResponseUnauthorized","TestBuildErrorResponseUnauthorized"
"Test cases for Test_hasCycle","0","Test_hasCycle","","Mon Apr 06 18:42:19 UTC 2026","passed","Mon Apr 06 18:42:19 UTC 2026","","Go Test","github.com/specterops/bloodhound/packages/go/lab/Test_hasCycle","Test_hasCycle"
"Test cases for TestKeyEncoder_Key_VaryingInputs","0","TestKeyEncoder_Key_VaryingInputs","","Mon Apr 06 18:42:18 UTC 2026","passed","Mon Apr 06 18:42:18 UTC 2026","","Go Test","github.com/specterops/bloodhound/packages/go/analysis/delta/TestKeyEncoder_Key_VaryingInputs","TestKeyEncoder_Key_VaryingInputs"
"Test cases for TestResources_ListADComputerSQLAdmins","1","TestResources_ListADComputerSQLAdmins","","Mon Apr 06 18:42:02 UTC 2026","passed","Mon Apr 06 18:42:02 UTC 2026","","Go Test","github.com/specterops/bloodhound/cmd/api/src/api/v2/TestResources_ListADComputerSQLAdmins","TestResources_ListADComputerSQLAdmins"
"","1","If for some reason the node size is not defined return 1 as a default","getNodeRadius","Mon Apr 06 18:48:53 UTC 2026","passed","Mon Apr 06 18:48:53 UTC 2026","","","",""
"","2236","should allow user to create new SAML provder and then display it in the table","SSOConfiguration","Mon Apr 06 18:44:16 UTC 2026","passed","Mon Apr 06 18:44:18 UTC 2026","","","",""
"Test cases for TestMatches_Success","0","TestMatches_Success","","Mon Apr 06 18:42:05 UTC 2026","passed","Mon Apr 06 18:42:05 UTC 2026","","Go Test","github.com/specterops/bloodhound/cmd/api/src/model/TestMatches_Success","TestMatches_Success"
"Test cases for TestResources_ListUsersMinimal","4","TestResources_ListUsersMinimal","","Mon Apr 06 18:42:37 UTC 2026","passed","Mon Apr 06 18:42:37 UTC 2026","","Go Test","github.com/specterops/bloodhound/cmd/api/src/api/v2/auth/TestResources_ListUsersMinimal","TestResources_ListUsersMinimal"
"","1541","should call the setCypherQuery handler when the value in the editor changes","CypherSearch","Mon Apr 06 18:45:26 UTC 2026","passed","Mon Apr 06 18:45:28 UTC 2026","","","",""
"Test cases for TestManagementResource_DeleteSAMLProvider","1","TestManagementResource_DeleteSAMLProvider","","Mon Apr 06 18:42:08 UTC 2026","passed","Mon Apr 06 18:42:08 UTC 2026","","Go Test","github.com/specterops/bloodhound/cmd/api/src/api/v2/auth/TestManagementResource_DeleteSAMLProvider","TestManagementResource_DeleteSAMLProvider"
"Test cases for TestMarshalFloatText","0","TestMarshalFloatText","","Mon Apr 06 18:42:04 UTC 2026","passed","Mon Apr 06 18:42:04 UTC 2026","","Go Test","github.com/specterops/bloodhound/cmd/api/src/database/types/null/TestMarshalFloatText","TestMarshalFloatText"
"Test cases for TestResources_GetCertTemplateEntityInfo","157","TestResources_GetCertTemplateEntityInfo","","Mon Apr 06 18:42:02 UTC 2026","passed","Mon Apr 06 18:42:02 UTC 2026","","Go Test","github.com/specterops/bloodhound/cmd/api/src/api/v2/TestResources_GetCertTemplateEntityInfo","TestResources_GetCertTemplateEntityInfo"
"Test cases for TestResources_ListFileUploadJobs","1","TestResources_ListFileUploadJobs","","Mon Apr 06 18:42:02 UTC 2026","passed","Mon Apr 06 18:42:02 UTC 2026","","Go Test","github.com/specterops/bloodhound/cmd/api/src/api/v2/TestResources_ListFileUploadJobs","TestResources_ListFileUploadJobs"
"Test cases for TestResources_DeleteSavedQuery_UserNotAdmin","0","TestResources_DeleteSavedQuery_UserNotAdmin","","Mon Apr 06 18:42:02 UTC 2026","passed","Mon Apr 06 18:42:02 UTC 2026","","Go Test","github.com/specterops/bloodhound/cmd/api/src/api/v2/TestResources_DeleteSavedQuery_UserNotAdmin","TestResources_DeleteSavedQuery_UserNotAdmin"
"Test cases for TestCacheEntryDigester_DigestEndpoint_DefaultObjectID","0","TestCacheEntryDigester_DigestEndpoint_DefaultObjectID","","Mon Apr 06 18:42:08 UTC 2026","passed","Mon Apr 06 18:42:08 UTC 2026","","Go Test","github.com/specterops/bloodhound/cmd/api/src/services/graphify/endpoint/TestCacheEntryDigester_DigestEndpoint_DefaultObjectID","TestCacheEntryDigester_DigestEndpoint_DefaultObjectID"
"","11","adds expected text alignment class depending on the textAlign prop","ColumnHeaders","Mon Apr 06 18:45:40 UTC 2026","passed","Mon Apr 06 18:45:40 UTC 2026","","BaseColumnHeader","",""
"","0","returns true if arrays are equal","areArraysSimilar","Mon Apr 06 18:47:31 UTC 2026","passed","Mon Apr 06 18:47:31 UTC 2026","","","",""
"","6","optionally allows the consumer to pass a query to performSearch() and adds that query to the url","useCypherSearch","Mon Apr 06 18:47:25 UTC 2026","passed","Mon Apr 06 18:47:25 UTC 2026","","","",""
"Test cases for Test_FixtureTeardown","0","Test_FixtureTeardown","","Mon Apr 06 18:42:19 UTC 2026","passed","Mon Apr 06 18:42:19 UTC 2026","","Go Test","github.com/specterops/bloodhound/packages/go/lab/Test_FixtureTeardown","Test_FixtureTeardown"
"","135","renders details for a selected rule and is of type ""Cypher""","DynamicDetails","Mon Apr 06 18:44:45 UTC 2026","passed","Mon Apr 06 18:44:45 UTC 2026","","","",""
"","21","renders disabled prop when flag is not enabled","FeatureFlag","Mon Apr 06 18:46:45 UTC 2026","passed","Mon Apr 06 18:46:45 UTC 2026","","","",""
"","98","should call onLoginViaSAML when login via sso button clicked","LoginForm","Mon Apr 06 18:47:12 UTC 2026","passed","Mon Apr 06 18:47:12 UTC 2026","","","",""
"","2","EXTENDED ROUNDING when thresholds are set: abbreviates hundred-thousands, millions, billions, trillions as expected","numberFormatting","Mon Apr 06 18:45:43 UTC 2026","passed","Mon Apr 06 18:45:43 UTC 2026","","","",""
"","1725","requires a password to disable MFA for a user when logged in without SSO","Users","Mon Apr 06 18:45:00 UTC 2026","passed","Mon Apr 06 18:45:02 UTC 2026","","","",""
"","273","shows all extensions when search is cleared","ActiveExtensionsCard","Mon Apr 06 18:43:27 UTC 2026","passed","Mon Apr 06 18:43:27 UTC 2026","","","",""
"","495","displays current password error messages when current password is empty","PasswordDialog","Mon Apr 06 18:43:36 UTC 2026","passed","Mon Apr 06 18:43:37 UTC 2026","","","",""
"","372","should display correctly","DeleteConfirmationDialog","Mon Apr 06 18:47:21 UTC 2026","passed","Mon Apr 06 18:47:21 UTC 2026","","","",""
"","23","sets autoDisplayTable to false if query type is composition","useExploreTableAutoDisplay","Mon Apr 06 18:46:48 UTC 2026","passed","Mon Apr 06 18:46:48 UTC 2026","","","",""
"","551","renders a list of asset group members","GroupManagement","Mon Apr 06 18:48:42 UTC 2026","passed","Mon Apr 06 18:48:43 UTC 2026","","","",""
"Test cases for Test_HarnessTeardown","0","Test_HarnessTeardown","","Mon Apr 06 18:42:19 UTC 2026","passed","Mon Apr 06 18:42:19 UTC 2026","","Go Test","github.com/specterops/bloodhound/packages/go/lab/Test_HarnessTeardown","Test_HarnessTeardown"
"Test cases for TestMarshalBoolText","0","TestMarshalBoolText","","Mon Apr 06 18:42:04 UTC 2026","passed","Mon Apr 06 18:42:04 UTC 2026","","Go Test","github.com/specterops/bloodhound/cmd/api/src/database/types/null/TestMarshalBoolText","TestMarshalBoolText"
"","572","clears the applied filter","FileIngestFilterDialog","Mon Apr 06 18:43:54 UTC 2026","passed","Mon Apr 06 18:43:54 UTC 2026","","Status Select","",""
"","3","stores an object value in localStorage","useLocalStorage","Mon Apr 06 18:44:48 UTC 2026","passed","Mon Apr 06 18:44:48 UTC 2026","","setValue","",""
"Test cases for TestConvertAzureRoleEligibilityScheduleInstanceToRel","0","TestConvertAzureRoleEligibilityScheduleInstanceToRel","","Mon Apr 06 18:42:18 UTC 2026","passed","Mon Apr 06 18:42:18 UTC 2026","","Go Test","github.com/specterops/bloodhound/packages/go/ein/TestConvertAzureRoleEligibilityScheduleInstanceToRel","TestConvertAzureRoleEligibilityScheduleInstanceToRel"
"","70","returns an object with values for assetGroupTagId, params, and setPZQueryParams","usePZQueryParams","Mon Apr 06 18:46:00 UTC 2026","passed","Mon Apr 06 18:46:00 UTC 2026","","","",""
"Test cases for TestCache_FillFifo","0","TestCache_FillFifo","","Mon Apr 06 18:42:18 UTC 2026","passed","Mon Apr 06 18:42:18 UTC 2026","","Go Test","github.com/specterops/bloodhound/packages/go/cache/TestCache_FillFifo","TestCache_FillFifo"
"","205","removes a node from an asset group tag","AssetGroupMenuItem","Mon Apr 06 18:44:17 UTC 2026","passed","Mon Apr 06 18:44:17 UTC 2026","","","",""
"Test cases for TestResources_ImportSavedQuery","8","TestResources_ImportSavedQuery","","Mon Apr 06 18:42:02 UTC 2026","passed","Mon Apr 06 18:42:02 UTC 2026","","Go Test","github.com/specterops/bloodhound/cmd/api/src/api/v2/TestResources_ImportSavedQuery","TestResources_ImportSavedQuery"
"","361","Expand button causes table to expand to full height","ExploreTable","Mon Apr 06 18:43:04 UTC 2026","passed","Mon Apr 06 18:43:04 UTC 2026","","","",""
"Test cases for TestManagementResource_ListAuthTokens_UserIDFilter","2","TestManagementResource_ListAuthTokens_UserIDFilter","","Mon Apr 06 18:42:29 UTC 2026","passed","Mon Apr 06 18:42:29 UTC 2026","","Go Test","github.com/specterops/bloodhound/cmd/api/src/api/v2/auth/TestManagementResource_ListAuthTokens_UserIDFilter","TestManagementResource_ListAuthTokens_UserIDFilter"
"","2","Edge is created with correct structure including points array","copySigmaEdgesToGraphlibGraph","Mon Apr 06 18:48:47 UTC 2026","passed","Mon Apr 06 18:48:47 UTC 2026","","","",""
"","16","displays CaretUp icon when the sortOrder is asc","ColumnHeaders","Mon Apr 06 18:45:40 UTC 2026","passed","Mon Apr 06 18:45:40 UTC 2026","","SortableHeader","",""
"Test cases for TestFoldl","0","TestFoldl","","Mon Apr 06 18:42:20 UTC 2026","passed","Mon Apr 06 18:42:20 UTC 2026","","Go Test","github.com/specterops/bloodhound/packages/go/slicesext/TestFoldl","TestFoldl"
"","767","should render a create user form","CreateUserDialog","Mon Apr 06 18:43:37 UTC 2026","passed","Mon Apr 06 18:43:38 UTC 2026","","","",""
"","3","uses sequentialLayout by default","Explore utils","Mon Apr 06 18:48:34 UTC 2026","passed","Mon Apr 06 18:48:34 UTC 2026","","initGraph","",""
"","66","should display ""Password"" input","Enable2FADialog","Mon Apr 06 18:46:30 UTC 2026","passed","Mon Apr 06 18:46:30 UTC 2026","","","",""
"","74","populates the source and destination node fields when query params are passed","usePathfindingSearch","Mon Apr 06 18:45:18 UTC 2026","passed","Mon Apr 06 18:45:18 UTC 2026","","","",""
"","88","initializes the list with all filters checked by default","usePathfindingFilters","Mon Apr 06 18:47:17 UTC 2026","passed","Mon Apr 06 18:47:17 UTC 2026","","","",""
"","28","renders correctly when an unexpected nodeType is passed","NodeIcon","Mon Apr 06 18:47:14 UTC 2026","passed","Mon Apr 06 18:47:14 UTC 2026","","","",""
"Test cases for FuzzFoldl","0","FuzzFoldl","","Mon Apr 06 18:42:20 UTC 2026","passed","Mon Apr 06 18:42:20 UTC 2026","","Go Test","github.com/specterops/bloodhound/packages/go/slicesext/FuzzFoldl","FuzzFoldl"
"","343","Displays a modal after clicking Analyze Now button and run analysis after clicking confirm","AnalyzeNowConfiguration","Mon Apr 06 18:44:50 UTC 2026","passed","Mon Apr 06 18:44:50 UTC 2026","","","",""
"","237","closes the dialog when the ""Cancel"" button is clicked","SchemaUploadDialog","Mon Apr 06 18:44:20 UTC 2026","passed","Mon Apr 06 18:44:21 UTC 2026","","","",""
"","0","does not abbreviate numbers < 1000","numberFormatting","Mon Apr 06 18:45:43 UTC 2026","passed","Mon Apr 06 18:45:43 UTC 2026","","","",""
"Test cases for Test_validateGraphExtension","5","Test_validateGraphExtension","","Mon Apr 06 18:42:09 UTC 2026","passed","Mon Apr 06 18:42:09 UTC 2026","","Go Test","github.com/specterops/bloodhound/cmd/api/src/services/opengraphschema/Test_validateGraphExtension","Test_validateGraphExtension"
"Test cases for TestTimeScanValue","0","TestTimeScanValue","","Mon Apr 06 18:42:04 UTC 2026","passed","Mon Apr 06 18:42:04 UTC 2026","","Go Test","github.com/specterops/bloodhound/cmd/api/src/database/types/null/TestTimeScanValue","TestTimeScanValue"
"","0","returns default error message for unknown API messages","getErrorMessage","Mon Apr 06 18:43:47 UTC 2026","passed","Mon Apr 06 18:43:47 UTC 2026","","","",""
"Test cases for TestResources_GetAIACAEntityInfo","157","TestResources_GetAIACAEntityInfo","","Mon Apr 06 18:42:02 UTC 2026","passed","Mon Apr 06 18:42:02 UTC 2026","","Go Test","github.com/specterops/bloodhound/cmd/api/src/api/v2/TestResources_GetAIACAEntityInfo","TestResources_GetAIACAEntityInfo"
"","0","reports an API error when there is only statusText","handleError","Mon Apr 06 18:43:47 UTC 2026","passed","Mon Apr 06 18:43:47 UTC 2026","","","",""
"","8","should render when search string is not found in the text","HighlightedText","Mon Apr 06 18:47:05 UTC 2026","passed","Mon Apr 06 18:47:05 UTC 2026","","","",""
"","201","handles close event","ImportQueryDialog","Mon Apr 06 18:47:45 UTC 2026","passed","Mon Apr 06 18:47:45 UTC 2026","","","",""
"Test cases for TestWriteAndValidateJSON","1","TestWriteAndValidateJSON","","Mon Apr 06 18:42:10 UTC 2026","passed","Mon Apr 06 18:42:10 UTC 2026","","Go Test","github.com/specterops/bloodhound/cmd/api/src/services/upload/TestWriteAndValidateJSON","TestWriteAndValidateJSON"
"","5","returns a date string only if passed a string with a matching key","Formatting strings via formatPrimive","Mon Apr 06 18:44:19 UTC 2026","passed","Mon Apr 06 18:44:19 UTC 2026","","","",""
"","1","prevents MouseCoords events","preventAllDefaults","Mon Apr 06 18:49:05 UTC 2026","passed","Mon Apr 06 18:49:05 UTC 2026","","","",""
"Test cases for TestResources_ListADDomainForeignGPOControllers","0","TestResources_ListADDomainForeignGPOControllers","","Mon Apr 06 18:42:02 UTC 2026","passed","Mon Apr 06 18:42:02 UTC 2026","","Go Test","github.com/specterops/bloodhound/cmd/api/src/api/v2/TestResources_ListADDomainForeignGPOControllers","TestResources_ListADDomainForeignGPOControllers"
"","0","should compute offset vertices for bezier curves at a given intersection","bezier","Mon Apr 06 18:48:45 UTC 2026","passed","Mon Apr 06 18:48:45 UTC 2026","","","",""
"","590","should call onSubmit when input is valid and Submit button is clicked","UpsertSAMLProviderForm","Mon Apr 06 18:46:40 UTC 2026","passed","Mon Apr 06 18:46:40 UTC 2026","","","",""
"","8","removes multiple keys from state","useObjectState","Mon Apr 06 18:47:06 UTC 2026","passed","Mon Apr 06 18:47:06 UTC 2026","","","",""
"Test cases for TestResources_UpdateSavedQuery_NotAUserAuth","0","TestResources_UpdateSavedQuery_NotAUserAuth","","Mon Apr 06 18:42:02 UTC 2026","passed","Mon Apr 06 18:42:02 UTC 2026","","Go Test","github.com/specterops/bloodhound/cmd/api/src/api/v2/TestResources_UpdateSavedQuery_NotAUserAuth","TestResources_UpdateSavedQuery_NotAUserAuth"
"Test cases for FuzzFoldr","0","FuzzFoldr","","Mon Apr 06 18:42:20 UTC 2026","passed","Mon Apr 06 18:42:20 UTC 2026","","Go Test","github.com/specterops/bloodhound/packages/go/slicesext/FuzzFoldr","FuzzFoldr"
"Test cases for TestTenantRoles","0","TestTenantRoles","","Mon Apr 06 18:42:18 UTC 2026","passed","Mon Apr 06 18:42:18 UTC 2026","","Go Test","github.com/specterops/bloodhound/packages/go/analysis/azure/TestTenantRoles","TestTenantRoles"
"Test cases for TestPredefinedSIDSuffixes","0","TestPredefinedSIDSuffixes","","Mon Apr 06 18:42:18 UTC 2026","passed","Mon Apr 06 18:42:18 UTC 2026","","Go Test","github.com/specterops/bloodhound/packages/go/analysis/ad/wellknown/TestPredefinedSIDSuffixes","TestPredefinedSIDSuffixes"
"Test cases for TestGetLimitParamForGraphQuery","0","TestGetLimitParamForGraphQuery","","Mon Apr 06 18:42:13 UTC 2026","passed","Mon Apr 06 18:42:13 UTC 2026","","Go Test","github.com/specterops/bloodhound/cmd/api/src/utils/TestGetLimitParamForGraphQuery","TestGetLimitParamForGraphQuery"
"","62","upon selecting a source and destination node, updates the URL with a searchType of 'pathfinding' and the object ids for the source and destination nodes","usePathfindingSearch","Mon Apr 06 18:45:18 UTC 2026","passed","Mon Apr 06 18:45:18 UTC 2026","","","",""
"Test cases for TestResources_GetDatabaseCompleteness","56","TestResources_GetDatabaseCompleteness","","Mon Apr 06 18:42:02 UTC 2026","passed","Mon Apr 06 18:42:02 UTC 2026","","Go Test","github.com/specterops/bloodhound/cmd/api/src/api/v2/TestResources_GetDatabaseCompleteness","TestResources_GetDatabaseCompleteness"
"","64","sets autoDisplayTable to true if query returns nodes only, searchType = cypher, and and enabled is true","useExploreTableAutoDisplay","Mon Apr 06 18:46:48 UTC 2026","passed","Mon Apr 06 18:46:49 UTC 2026","","","",""
"","140","does not show ""API Expiration Date"" column header when expiration is disabled","UserTokenManagementDialog - API Expiration Date column","Mon Apr 06 18:44:10 UTC 2026","passed","Mon Apr 06 18:44:10 UTC 2026","","","",""
"Helper to verify that encodeAnyValue handles standard types correctly","0","TestEncodeAnyValue","","Mon Apr 06 18:42:08 UTC 2026","passed","Mon Apr 06 18:42:08 UTC 2026","","Go Test","github.com/specterops/bloodhound/cmd/api/src/services/graphify/endpoint/TestEncodeAnyValue","TestEncodeAnyValue"
"Test cases for TestDisenrollMFA_Admin_FailureIncorrectPassword","1949","TestDisenrollMFA_Admin_FailureIncorrectPassword","","Mon Apr 06 18:42:34 UTC 2026","passed","Mon Apr 06 18:42:36 UTC 2026","","Go Test","github.com/specterops/bloodhound/cmd/api/src/api/v2/auth/TestDisenrollMFA_Admin_FailureIncorrectPassword","TestDisenrollMFA_Admin_FailureIncorrectPassword"
"","72","displays a status indicator","StatusIndicator","Mon Apr 06 18:47:44 UTC 2026","passed","Mon Apr 06 18:47:44 UTC 2026","","","",""
"","0","Empty input is provided","Parsing the debounced input for type and keyword values","Mon Apr 06 18:46:15 UTC 2026","passed","Mon Apr 06 18:46:15 UTC 2026","","","",""
"Test cases for TestToolContainer_GetScheduledAnalysisConfiguration_Errors","7","TestToolContainer_GetScheduledAnalysisConfiguration_Errors","","Mon Apr 06 18:41:55 UTC 2026","passed","Mon Apr 06 18:41:55 UTC 2026","","Go Test","github.com/specterops/bloodhound/cmd/api/src/api/tools/TestToolContainer_GetScheduledAnalysisConfiguration_Errors","TestToolContainer_GetScheduledAnalysisConfiguration_Errors"
"","0","Will ignore colons after the first and use them as part of the keyword search","Parsing the debounced input for type and keyword values","Mon Apr 06 18:46:15 UTC 2026","passed","Mon Apr 06 18:46:15 UTC 2026","","","",""
"","225","renders an interactive version when preview is set to false","PrivilegeZonesCypherEditor Search component for Zone Management","Mon Apr 06 18:46:46 UTC 2026","passed","Mon Apr 06 18:46:46 UTC 2026","","","",""
"","304","calls handleError with ruleType when creating a rule fails","Rule Form","Mon Apr 06 18:43:32 UTC 2026","passed","Mon Apr 06 18:43:33 UTC 2026","","","",""
"","225","displays error if delete button is clicked when no checkbox is selected","DatabaseManagement","Mon Apr 06 18:48:31 UTC 2026","passed","Mon Apr 06 18:48:31 UTC 2026","","","",""
"Test cases for Test_parseLatestVersion","1","Test_parseLatestVersion","","Mon Apr 06 18:42:22 UTC 2026","passed","Mon Apr 06 18:42:22 UTC 2026","","Go Test","github.com/specterops/bloodhound/packages/go/stbernard/git/Test_parseLatestVersion","Test_parseLatestVersion"
"","1888","renders correct search elements after keypresses","GraphView","Mon Apr 06 18:48:43 UTC 2026","passed","Mon Apr 06 18:48:45 UTC 2026","","","",""
"Test cases for TestLoginFailure","0","TestLoginFailure","","Mon Apr 06 18:42:03 UTC 2026","passed","Mon Apr 06 18:42:03 UTC 2026","","Go Test","github.com/specterops/bloodhound/cmd/api/src/api/v2/auth/TestLoginFailure","TestLoginFailure"
"Test cases for TestResources_GetShortestPath_ETAC","23","TestResources_GetShortestPath_ETAC","","Mon Apr 06 18:42:02 UTC 2026","passed","Mon Apr 06 18:42:02 UTC 2026","","Go Test","github.com/specterops/bloodhound/cmd/api/src/api/v2/TestResources_GetShortestPath_ETAC","TestResources_GetShortestPath_ETAC"
"","363","renders","ObjectsAccordion","Mon Apr 06 18:45:52 UTC 2026","passed","Mon Apr 06 18:45:52 UTC 2026","","","",""
"Test cases for TestParseSkipQueryParameter_Invalid","0","TestParseSkipQueryParameter_Invalid","","Mon Apr 06 18:42:02 UTC 2026","passed","Mon Apr 06 18:42:02 UTC 2026","","Go Test","github.com/specterops/bloodhound/cmd/api/src/api/v2/TestParseSkipQueryParameter_Invalid","TestParseSkipQueryParameter_Invalid"
"Test cases for TestDomainSelectors_GetFilterCriteria_InvalidFilterColumn","0","TestDomainSelectors_GetFilterCriteria_InvalidFilterColumn","","Mon Apr 06 18:42:05 UTC 2026","passed","Mon Apr 06 18:42:05 UTC 2026","","Go Test","github.com/specterops/bloodhound/cmd/api/src/model/TestDomainSelectors_GetFilterCriteria_InvalidFilterColumn","TestDomainSelectors_GetFilterCriteria_InvalidFilterColumn"
"","0","should handle an entity that has an empty name property","Evaluating the entity display name from a given entity","Mon Apr 06 18:44:19 UTC 2026","passed","Mon Apr 06 18:44:19 UTC 2026","","","",""
"","0","returns false if value is 'string'","searchParams","Mon Apr 06 18:46:20 UTC 2026","passed","Mon Apr 06 18:46:20 UTC 2026","","isEmptyParam","",""
"","27","should display hidden node label for hidden node","EntityInfoHeader","Mon Apr 06 18:46:14 UTC 2026","passed","Mon Apr 06 18:46:14 UTC 2026","","","",""
"Test cases for TestMatches_FailureAction","0","TestMatches_FailureAction","","Mon Apr 06 18:42:05 UTC 2026","passed","Mon Apr 06 18:42:05 UTC 2026","","Go Test","github.com/specterops/bloodhound/cmd/api/src/model/TestMatches_FailureAction","TestMatches_FailureAction"
"","0","returns false if value is +0","searchParams","Mon Apr 06 18:46:20 UTC 2026","passed","Mon Apr 06 18:46:20 UTC 2026","","isEmptyParam","",""
"Test cases for TestManagementResource_SAMLLoginRedirect","13","TestManagementResource_SAMLLoginRedirect","","Mon Apr 06 18:42:37 UTC 2026","passed","Mon Apr 06 18:42:37 UTC 2026","","Go Test","github.com/specterops/bloodhound/cmd/api/src/api/v2/auth/TestManagementResource_SAMLLoginRedirect","TestManagementResource_SAMLLoginRedirect"
"","0","returns paramValue as EnvironmentAggregation if paramValue is all","useEnvironmentParams","Mon Apr 06 18:47:51 UTC 2026","passed","Mon Apr 06 18:47:51 UTC 2026","","parseEnvironmentAggregation","",""
"Test cases for TestActivateMFA_Success","659","TestActivateMFA_Success","","Mon Apr 06 18:42:36 UTC 2026","passed","Mon Apr 06 18:42:37 UTC 2026","","Go Test","github.com/specterops/bloodhound/cmd/api/src/api/v2/auth/TestActivateMFA_Success","TestActivateMFA_Success"
"","10","fully replaces state","useObjectState","Mon Apr 06 18:47:06 UTC 2026","passed","Mon Apr 06 18:47:06 UTC 2026","","","",""
"","66","initializes the categories with just the built-in defaults when edge endpoint returns nothing","useEdgeCategories","Mon Apr 06 18:44:29 UTC 2026","passed","Mon Apr 06 18:44:29 UTC 2026","","","",""
"","45","should highlight main nav route when navigating to child route","Main Nav Route Highlighting","Mon Apr 06 18:44:46 UTC 2026","passed","Mon Apr 06 18:44:46 UTC 2026","","","",""
