"DESCRIPTION","DURATION IN MS","NAME","PARENT SUITE","START TIME","STATUS","STOP TIME","SUB SUITE","SUITE","TEST CLASS","TEST METHOD"
"","1983","should add an option and display the changelog when it is clicked","AssetGroupEdit","Fri May 29 00:46:58 UTC 2026","passed","Fri May 29 00:47:00 UTC 2026","","","",""
"Test cases for TestManagementResource_DeleteAuthToken","9","TestManagementResource_DeleteAuthToken","","Fri May 29 00:43:36 UTC 2026","passed","Fri May 29 00:43:36 UTC 2026","","Go Test","github.com/specterops/bloodhound/cmd/api/src/api/v2/auth/TestManagementResource_DeleteAuthToken","TestManagementResource_DeleteAuthToken"
"Test cases for TestIntFromPtr","0","TestIntFromPtr","","Fri May 29 00:42:52 UTC 2026","passed","Fri May 29 00:42:52 UTC 2026","","Go Test","github.com/specterops/bloodhound/cmd/api/src/database/types/null/TestIntFromPtr","TestIntFromPtr"
"","1052","should hide Environmental Targeted Access Control panel when showEnvironmentAccessControls prop is true and power user role is selected","UpdateUserForm","Fri May 29 00:43:31 UTC 2026","passed","Fri May 29 00:43:32 UTC 2026","","","",""
"","307","The API key management option should appear in profile page if the user is configured for SAML login","UserProfile with SSO User","Fri May 29 00:45:39 UTC 2026","passed","Fri May 29 00:45:40 UTC 2026","","","",""
"","0","returns undefined if paramValue is not an expected value","useExploreParams","Fri May 29 00:48:44 UTC 2026","passed","Fri May 29 00:48:44 UTC 2026","","parseSearchType","",""
"","7","optionally allows the consumer to pass a query to performSearch() and adds that query to the url","useCypherSearch","Fri May 29 00:48:13 UTC 2026","passed","Fri May 29 00:48:13 UTC 2026","","","",""
"","561","adds node to asset group tag with confirmation","AssetGroupMenuItem","Fri May 29 00:45:24 UTC 2026","passed","Fri May 29 00:45:24 UTC 2026","","","",""
"","0","should handle an entity that has no name property","Evaluating the entity display name from a given entity","Fri May 29 00:45:21 UTC 2026","passed","Fri May 29 00:45:21 UTC 2026","","","",""
"","110","does not highlight any layout option on first load when no layout has been manually selected","GraphControls","Fri May 29 00:43:40 UTC 2026","passed","Fri May 29 00:43:40 UTC 2026","","Selecting a layout","",""
"Test cases for TestConvertContainerToNode_InheritanceHashes","0","TestConvertContainerToNode_InheritanceHashes","","Fri May 29 00:43:15 UTC 2026","passed","Fri May 29 00:43:15 UTC 2026","","Go Test","github.com/specterops/bloodhound/packages/go/ein/TestConvertContainerToNode_InheritanceHashes","TestConvertContainerToNode_InheritanceHashes"
"","89","renders three animated dots","ProcessingIndicator","Fri May 29 00:48:42 UTC 2026","passed","Fri May 29 00:48:42 UTC 2026","","","",""
"","1","handles percent values by multiplying by 100, truncating to an integer, and adding a ""%"" to the end","Formatting number properties","Fri May 29 00:45:21 UTC 2026","passed","Fri May 29 00:45:21 UTC 2026","","","",""
"Test cases for TestTracker_HasEdge_NilVsEmptyProperties","0","TestTracker_HasEdge_NilVsEmptyProperties","","Fri May 29 00:43:14 UTC 2026","passed","Fri May 29 00:43:14 UTC 2026","","Go Test","github.com/specterops/bloodhound/packages/go/analysis/post/TestTracker_HasEdge_NilVsEmptyProperties","TestTracker_HasEdge_NilVsEmptyProperties"
"","160","does not show ""<10 Days to Expire"" warning when token expires in more than 10 days","UserTokenManagementDialog - API Expiration Date column","Fri May 29 00:45:06 UTC 2026","passed","Fri May 29 00:45:07 UTC 2026","","","",""
"Test cases for TestManagementResource_ListUsers","0","TestManagementResource_ListUsers","","Fri May 29 00:42:57 UTC 2026","passed","Fri May 29 00:42:57 UTC 2026","","Go Test","github.com/specterops/bloodhound/cmd/api/src/api/v2/auth/TestManagementResource_ListUsers","TestManagementResource_ListUsers"
"","909","shows tooltip text on hover","ColumnHeaders","Fri May 29 00:46:26 UTC 2026","passed","Fri May 29 00:46:27 UTC 2026","","SortableHeader with Tooltip","",""
"","241","on clicking switch shows modal and when clicking confirm closes it and switch changes to enabled","CitrixRDPConfiguration","Fri May 29 00:45:34 UTC 2026","passed","Fri May 29 00:45:34 UTC 2026","","Click on switch to enable","",""
"","19","the ID value reflects the URL when it is available","usePZQueryParams","Fri May 29 00:46:48 UTC 2026","passed","Fri May 29 00:46:48 UTC 2026","","","",""
"","682","displays must be new password error messages when current password is the same as new password","PasswordDialog","Fri May 29 00:44:04 UTC 2026","passed","Fri May 29 00:44:05 UTC 2026","","","",""
"Test cases for TestRewriter_Enter_AllAttackPathsShortcut_TakesPrecedenceOverOtherShortcuts","0","TestRewriter_Enter_AllAttackPathsShortcut_TakesPrecedenceOverOtherShortcuts","","Fri May 29 00:42:54 UTC 2026","passed","Fri May 29 00:42:54 UTC 2026","","Go Test","github.com/specterops/bloodhound/cmd/api/src/queries/TestRewriter_Enter_AllAttackPathsShortcut_TakesPrecedenceOverOtherShortcuts","TestRewriter_Enter_AllAttackPathsShortcut_TakesPrecedenceOverOtherShortcuts"
"","1205","a cypher search 404 does not render the GraphViewErrorAlert","GraphView","Fri May 29 00:49:08 UTC 2026","passed","Fri May 29 00:49:09 UTC 2026","","","",""
"","866","Download button opens a menu and selecting ""All Columns"" calls json2csv with all columns","ExploreTable","Fri May 29 00:43:21 UTC 2026","passed","Fri May 29 00:43:22 UTC 2026","","","",""
"Test cases for TestResources_ShareSavedQueriesPermissions_Admin","1","TestResources_ShareSavedQueriesPermissions_Admin","","Fri May 29 00:42:51 UTC 2026","passed","Fri May 29 00:42:51 UTC 2026","","Go Test","github.com/specterops/bloodhound/cmd/api/src/api/v2/TestResources_ShareSavedQueriesPermissions_Admin","TestResources_ShareSavedQueriesPermissions_Admin"
"","277","filters extensions based on search input","ActiveExtensionsCard","Fri May 29 00:43:48 UTC 2026","passed","Fri May 29 00:43:49 UTC 2026","","","",""
"Test cases for Test_UseFixture","0","Test_UseFixture","","Fri May 29 00:43:15 UTC 2026","passed","Fri May 29 00:43:15 UTC 2026","","Go Test","github.com/specterops/bloodhound/packages/go/lab/Test_UseFixture","Test_UseFixture"
"Test cases for TestResources_GetAssetGroup","1","TestResources_GetAssetGroup","","Fri May 29 00:42:51 UTC 2026","passed","Fri May 29 00:42:51 UTC 2026","","Go Test","github.com/specterops/bloodhound/cmd/api/src/api/v2/TestResources_GetAssetGroup","TestResources_GetAssetGroup"
"Test cases for TestCache_NewCache","1","TestCache_NewCache","","Fri May 29 00:43:15 UTC 2026","passed","Fri May 29 00:43:15 UTC 2026","","Go Test","github.com/specterops/bloodhound/packages/go/cache/TestCache_NewCache","TestCache_NewCache"
"Test cases for TestNormalizeEinNodeProperties","0","TestNormalizeEinNodeProperties","","Fri May 29 00:42:57 UTC 2026","passed","Fri May 29 00:42:57 UTC 2026","","Go Test","github.com/specterops/bloodhound/cmd/api/src/services/graphify/TestNormalizeEinNodeProperties","TestNormalizeEinNodeProperties"
"","30","should display a none selected header and a message to select an object","EntityInfoPanel","Fri May 29 00:47:40 UTC 2026","passed","Fri May 29 00:47:40 UTC 2026","","","",""
"Test cases for TestResources_GetFlags","2","TestResources_GetFlags","","Fri May 29 00:42:51 UTC 2026","passed","Fri May 29 00:42:51 UTC 2026","","Go Test","github.com/specterops/bloodhound/cmd/api/src/api/v2/TestResources_GetFlags","TestResources_GetFlags"
"Test cases for TestManagementResource_DeleteUser_Success","1315","TestManagementResource_DeleteUser_Success","","Fri May 29 00:43:15 UTC 2026","passed","Fri May 29 00:43:16 UTC 2026","","Go Test","github.com/specterops/bloodhound/cmd/api/src/api/v2/auth/TestManagementResource_DeleteUser_Success","TestManagementResource_DeleteUser_Success"
"","4","calls the provided notification method","handleError","Fri May 29 00:44:50 UTC 2026","passed","Fri May 29 00:44:50 UTC 2026","","","",""
"Test cases for TestOverwriteQueryParamIfHeaderAndParamExist","1","TestOverwriteQueryParamIfHeaderAndParamExist","","Fri May 29 00:43:13 UTC 2026","passed","Fri May 29 00:43:13 UTC 2026","","Go Test","github.com/specterops/bloodhound/cmd/api/src/utils/test/TestOverwriteQueryParamIfHeaderAndParamExist","TestOverwriteQueryParamIfHeaderAndParamExist"
"","294","does fires TagToLabelDialog when the Label option is clicked","TagToZoneLabel","Fri May 29 00:43:32 UTC 2026","passed","Fri May 29 00:43:32 UTC 2026","","","",""
"","944","should call onSave when Save button is clicked and form input is valid","UpdateUserDialog","Fri May 29 00:44:36 UTC 2026","passed","Fri May 29 00:44:36 UTC 2026","","","",""
"","0","escapes a single quote","escapeCypherString","Fri May 29 00:48:33 UTC 2026","passed","Fri May 29 00:48:33 UTC 2026","","","",""
"","345","sets a primarySearch=id and searchType=pathfinding when secondarySearch is truethy","ContextMenu","Fri May 29 00:45:08 UTC 2026","passed","Fri May 29 00:45:08 UTC 2026","","","",""
"Test cases for TestResources_ListADEntityPSRemoteRights","0","TestResources_ListADEntityPSRemoteRights","","Fri May 29 00:42:51 UTC 2026","passed","Fri May 29 00:42:51 UTC 2026","","Go Test","github.com/specterops/bloodhound/cmd/api/src/api/v2/TestResources_ListADEntityPSRemoteRights","TestResources_ListADEntityPSRemoteRights"
"","1","does not add optional filters if not present","createHistoryParams","Fri May 29 00:47:43 UTC 2026","passed","Fri May 29 00:47:43 UTC 2026","","","",""
"","692","should allow user to configure 2fa","Enable2FADialog","Fri May 29 00:46:28 UTC 2026","passed","Fri May 29 00:46:29 UTC 2026","","","",""
"","0","combines collected and risk filters","filterAndSearchEnvironments","Fri May 29 00:43:44 UTC 2026","passed","Fri May 29 00:43:44 UTC 2026","","combined filters","",""
"","181","renders with a title","BloodHoundConfiguration","Fri May 29 00:49:55 UTC 2026","passed","Fri May 29 00:49:55 UTC 2026","","","",""
"Test cases for TestResources_GetUserEntityInfo","1","TestResources_GetUserEntityInfo","","Fri May 29 00:42:51 UTC 2026","passed","Fri May 29 00:42:51 UTC 2026","","Go Test","github.com/specterops/bloodhound/cmd/api/src/api/v2/TestResources_GetUserEntityInfo","TestResources_GetUserEntityInfo"
"","10","applies animation class to the title","ProcessingIndicator","Fri May 29 00:48:42 UTC 2026","passed","Fri May 29 00:48:42 UTC 2026","","","",""
"","5","uses the default filename generator when exporting JSON","exportGraphData","Fri May 29 00:48:01 UTC 2026","passed","Fri May 29 00:48:01 UTC 2026","","","",""
"Test cases for TestCreateUser_FailureDuplicateEmail","1391","TestCreateUser_FailureDuplicateEmail","","Fri May 29 00:42:57 UTC 2026","passed","Fri May 29 00:42:58 UTC 2026","","Go Test","github.com/specterops/bloodhound/cmd/api/src/api/v2/auth/TestCreateUser_FailureDuplicateEmail","TestCreateUser_FailureDuplicateEmail"
"","510","should not call onSubmit when expired password is not supplied when reset password button clicked","PasswordResetForm","Fri May 29 00:46:15 UTC 2026","passed","Fri May 29 00:46:15 UTC 2026","","","",""
"Test cases for TestManagementResource_UpdateUser_IDMalformed","1452","TestManagementResource_UpdateUser_IDMalformed","","Fri May 29 00:43:04 UTC 2026","passed","Fri May 29 00:43:06 UTC 2026","","Go Test","github.com/specterops/bloodhound/cmd/api/src/api/v2/auth/TestManagementResource_UpdateUser_IDMalformed","TestManagementResource_UpdateUser_IDMalformed"
"","331","opens the dropdown when the Columns button is clicked","ManageColumnsComboBox","Fri May 29 00:45:15 UTC 2026","passed","Fri May 29 00:45:16 UTC 2026","","","",""
"","3837","categories default to expanded","Pathfinding","Fri May 29 00:44:03 UTC 2026","passed","Fri May 29 00:44:07 UTC 2026","","","",""
"Test cases for TestHasValidRolesForETAC","0","TestHasValidRolesForETAC","","Fri May 29 00:42:51 UTC 2026","passed","Fri May 29 00:42:51 UTC 2026","","Go Test","github.com/specterops/bloodhound/cmd/api/src/api/v2/auth/TestHasValidRolesForETAC","TestHasValidRolesForETAC"
"Test cases for TestParseHeaderValues","0","TestParseHeaderValues","","Fri May 29 00:42:43 UTC 2026","passed","Fri May 29 00:42:43 UTC 2026","","Go Test","github.com/specterops/bloodhound/cmd/api/src/api/middleware/TestParseHeaderValues","TestParseHeaderValues"
"","237","toggles sort order when clicking sortable header","ObjectsAccordion","Fri May 29 00:46:40 UTC 2026","passed","Fri May 29 00:46:40 UTC 2026","","","",""
"Test cases for TestManagementResource_OIDCCallbackHandler","10","TestManagementResource_OIDCCallbackHandler","","Fri May 29 00:43:36 UTC 2026","passed","Fri May 29 00:43:36 UTC 2026","","Go Test","github.com/specterops/bloodhound/cmd/api/src/api/v2/auth/TestManagementResource_OIDCCallbackHandler","TestManagementResource_OIDCCallbackHandler"
"","486","should render an SavedQueryPermissions component","SavedQueryPermissions","Fri May 29 00:46:57 UTC 2026","passed","Fri May 29 00:46:57 UTC 2026","","","",""
"Test cases for TestMatches_Success","0","TestMatches_Success","","Fri May 29 00:42:53 UTC 2026","passed","Fri May 29 00:42:53 UTC 2026","","Go Test","github.com/specterops/bloodhound/cmd/api/src/model/TestMatches_Success","TestMatches_Success"
"","2","should include all operations when the tag matches the term","opsFilter","Fri May 29 00:47:37 UTC 2026","passed","Fri May 29 00:47:37 UTC 2026","","","",""
"","0","escapes multiple single quotes","escapeCypherString","Fri May 29 00:48:33 UTC 2026","passed","Fri May 29 00:48:33 UTC 2026","","","",""
"","7","should render when search string is not found in the text","HighlightedText","Fri May 29 00:47:54 UTC 2026","passed","Fri May 29 00:47:55 UTC 2026","","","",""
"Test cases for TestReconcile","1","TestReconcile","","Fri May 29 00:42:52 UTC 2026","passed","Fri May 29 00:42:52 UTC 2026","","Go Test","github.com/specterops/bloodhound/cmd/api/src/database/TestReconcile","TestReconcile"
"Test cases for TestPermissionsCheckAtLeastOne","0","TestPermissionsCheckAtLeastOne","","Fri May 29 00:42:43 UTC 2026","passed","Fri May 29 00:42:43 UTC 2026","","Go Test","github.com/specterops/bloodhound/cmd/api/src/api/middleware/TestPermissionsCheckAtLeastOne","TestPermissionsCheckAtLeastOne"
"Test cases for TestIntScan","0","TestIntScan","","Fri May 29 00:42:52 UTC 2026","passed","Fri May 29 00:42:52 UTC 2026","","Go Test","github.com/specterops/bloodhound/cmd/api/src/database/types/null/TestIntScan","TestIntScan"
"","251","can render","ExploreSearchCombobox","Fri May 29 00:45:28 UTC 2026","passed","Fri May 29 00:45:28 UTC 2026","","","",""
"","255","renders the Columns trigger button","ManageColumnsComboBox","Fri May 29 00:45:15 UTC 2026","passed","Fri May 29 00:45:15 UTC 2026","","","",""
"","0","fails for password without uppercase letters","testPassword","Fri May 29 00:48:38 UTC 2026","passed","Fri May 29 00:48:38 UTC 2026","","","",""
"Test cases for TestManagementResource_UpdateUser_UserSelfModify","1181","TestManagementResource_UpdateUser_UserSelfModify","","Fri May 29 00:43:09 UTC 2026","passed","Fri May 29 00:43:10 UTC 2026","","Go Test","github.com/specterops/bloodhound/cmd/api/src/api/v2/auth/TestManagementResource_UpdateUser_UserSelfModify","TestManagementResource_UpdateUser_UserSelfModify"
"Test cases for TestGetPlatformAggregateStats_Success","4","TestGetPlatformAggregateStats_Success","","Fri May 29 00:42:51 UTC 2026","passed","Fri May 29 00:42:51 UTC 2026","","Go Test","github.com/specterops/bloodhound/cmd/api/src/api/v2/TestGetPlatformAggregateStats_Success","TestGetPlatformAggregateStats_Success"
"Test cases for TestParseKind","3","TestParseKind","","Fri May 29 00:43:15 UTC 2026","passed","Fri May 29 00:43:15 UTC 2026","","Go Test","github.com/specterops/bloodhound/packages/go/ein/TestParseKind","TestParseKind"
"","423","should call onSubmit with one time passcode when check code button clicked","OneTimePasscodeForm","Fri May 29 00:47:50 UTC 2026","passed","Fri May 29 00:47:50 UTC 2026","","","",""
"","1","should include a tag with only the matching operations when the path matches","opsFilter","Fri May 29 00:47:37 UTC 2026","passed","Fri May 29 00:47:37 UTC 2026","","","",""
"","974","should display all available roles","CreateUserDialog","Fri May 29 00:44:13 UTC 2026","passed","Fri May 29 00:44:14 UTC 2026","","","",""
"","2263","hides the password field and removes the requirement when logged in with SSO","Users","Fri May 29 00:46:01 UTC 2026","passed","Fri May 29 00:46:03 UTC 2026","","","",""
"","127","requests finished jobs","useFinishedJobs","Fri May 29 00:46:04 UTC 2026","passed","Fri May 29 00:46:04 UTC 2026","","","",""
"","126","renders the card with title and search input","ActiveExtensionsCard","Fri May 29 00:43:46 UTC 2026","passed","Fri May 29 00:43:46 UTC 2026","","","",""
"","598","should sort by type","SSOProviderTable","Fri May 29 00:47:12 UTC 2026","passed","Fri May 29 00:47:12 UTC 2026","","","",""
"","414","should render an SavedQueryPermissions component","SaveQueryDialog","Fri May 29 00:43:23 UTC 2026","passed","Fri May 29 00:43:24 UTC 2026","","","",""
"","382","renders icons as expected","DropdownSelector","Fri May 29 00:47:21 UTC 2026","passed","Fri May 29 00:47:21 UTC 2026","","","",""
"","544","renders the form for creating a new rule","Rule Form","Fri May 29 00:43:38 UTC 2026","passed","Fri May 29 00:43:38 UTC 2026","","","",""
"","88","should display the logged in user's full name","UserProfile","Fri May 29 00:45:40 UTC 2026","passed","Fri May 29 00:45:40 UTC 2026","","","",""
"","11","keeps callbacks stable across renders","useObjectState","Fri May 29 00:47:54 UTC 2026","passed","Fri May 29 00:47:54 UTC 2026","","","",""
"Test cases for TestFloatInfNaN","0","TestFloatInfNaN","","Fri May 29 00:42:52 UTC 2026","passed","Fri May 29 00:42:52 UTC 2026","","Go Test","github.com/specterops/bloodhound/cmd/api/src/database/types/null/TestFloatInfNaN","TestFloatInfNaN"
"","66","displays security warning","Enable2FADialog","Fri May 29 00:47:15 UTC 2026","passed","Fri May 29 00:47:15 UTC 2026","","","",""
"Test cases for TestError","0","TestError","","Fri May 29 00:42:27 UTC 2026","passed","Fri May 29 00:42:27 UTC 2026","","Go Test","github.com/specterops/bloodhound/cmd/api/src/api/TestError","TestError"
"","21","sets autoDisplayTable to false if query type is composition","useExploreTableAutoDisplay","Fri May 29 00:47:32 UTC 2026","passed","Fri May 29 00:47:32 UTC 2026","","","",""
"Test cases for TestResources_ShareSavedQueriesPermissions_CanUpdateSavedQueriesPermission","5","TestResources_ShareSavedQueriesPermissions_CanUpdateSavedQueriesPermission","","Fri May 29 00:42:51 UTC 2026","passed","Fri May 29 00:42:51 UTC 2026","","Go Test","github.com/specterops/bloodhound/cmd/api/src/api/v2/TestResources_ShareSavedQueriesPermissions_CanUpdateSavedQueriesPermission","TestResources_ShareSavedQueriesPermissions_CanUpdateSavedQueriesPermission"
"Test cases for TestParseSkipQueryParameter","0","TestParseSkipQueryParameter","","Fri May 29 00:42:51 UTC 2026","passed","Fri May 29 00:42:51 UTC 2026","","Go Test","github.com/specterops/bloodhound/cmd/api/src/api/v2/TestParseSkipQueryParameter","TestParseSkipQueryParameter"
"Test cases for TestStringScan","0","TestStringScan","","Fri May 29 00:42:52 UTC 2026","passed","Fri May 29 00:42:52 UTC 2026","","Go Test","github.com/specterops/bloodhound/cmd/api/src/database/types/null/TestStringScan","TestStringScan"
"","7","does not render when selector data is not defined","Delete Selector Button rendering","Fri May 29 00:48:19 UTC 2026","passed","Fri May 29 00:48:19 UTC 2026","","","",""
"","0","handles only escapable characters","escapeCypherString","Fri May 29 00:48:33 UTC 2026","passed","Fri May 29 00:48:33 UTC 2026","","","",""
"Test cases for TestManagementResource_ListPermissions_SortingError","2","TestManagementResource_ListPermissions_SortingError","","Fri May 29 00:42:57 UTC 2026","passed","Fri May 29 00:42:57 UTC 2026","","Go Test","github.com/specterops/bloodhound/cmd/api/src/api/v2/auth/TestManagementResource_ListPermissions_SortingError","TestManagementResource_ListPermissions_SortingError"
"","250","should display ""Disable Multi-Factor Authentication?"" title","Enable2FADialog","Fri May 29 00:47:15 UTC 2026","passed","Fri May 29 00:47:15 UTC 2026","","","",""
"Test cases for TestResources_CancelAnalysisRequest","139","TestResources_CancelAnalysisRequest","","Fri May 29 00:42:51 UTC 2026","passed","Fri May 29 00:42:51 UTC 2026","","Go Test","github.com/specterops/bloodhound/cmd/api/src/api/v2/TestResources_CancelAnalysisRequest","TestResources_CancelAnalysisRequest"
"","13","should be aligned to right of screen","GenericErrorBoundaryFallback","Fri May 29 00:48:46 UTC 2026","passed","Fri May 29 00:48:46 UTC 2026","","","",""
"Test cases for TestManagementResource_ListAuthTokens_SortingError","0","TestManagementResource_ListAuthTokens_SortingError","","Fri May 29 00:43:21 UTC 2026","passed","Fri May 29 00:43:21 UTC 2026","","Go Test","github.com/specterops/bloodhound/cmd/api/src/api/v2/auth/TestManagementResource_ListAuthTokens_SortingError","TestManagementResource_ListAuthTokens_SortingError"
"","344","renders","EarlyAccessFeaturesWarningDialog","Fri May 29 00:49:51 UTC 2026","passed","Fri May 29 00:49:51 UTC 2026","","","",""
"","2","treats a missing key as null when computing the next value","useLocalStorage","Fri May 29 00:45:46 UTC 2026","passed","Fri May 29 00:45:46 UTC 2026","","functional updater","",""
"TestManifest_AddMigration tests that migrations are added to the correct locationwithin the migration map and in the correct order.","1","TestManifest_AddMigration","","Fri May 29 00:42:52 UTC 2026","passed","Fri May 29 00:42:52 UTC 2026","","Go Test","github.com/specterops/bloodhound/cmd/api/src/database/migration/TestManifest_AddMigration","TestManifest_AddMigration"
"","2","stores a string value in localStorage","useLocalStorage","Fri May 29 00:45:46 UTC 2026","passed","Fri May 29 00:45:46 UTC 2026","","setValue","",""
"","15","renders nothing if flag is disabled and disabled prop is not provided","FeatureFlag","Fri May 29 00:47:36 UTC 2026","passed","Fri May 29 00:47:36 UTC 2026","","","",""
"Test cases for TestBuildSQLSort","1","TestBuildSQLSort","","Fri May 29 00:42:27 UTC 2026","passed","Fri May 29 00:42:27 UTC 2026","","Go Test","github.com/specterops/bloodhound/cmd/api/src/api/TestBuildSQLSort","TestBuildSQLSort"
"","243","renders the form for creating a new label","Tag Form","Fri May 29 00:43:20 UTC 2026","passed","Fri May 29 00:43:21 UTC 2026","","","",""
"Test cases for TestLoginResource_Logout","8","TestLoginResource_Logout","","Fri May 29 00:43:36 UTC 2026","passed","Fri May 29 00:43:36 UTC 2026","","Go Test","github.com/specterops/bloodhound/cmd/api/src/api/v2/auth/TestLoginResource_Logout","TestLoginResource_Logout"
"Test cases for TestResources_ListADEntityAdminRights","0","TestResources_ListADEntityAdminRights","","Fri May 29 00:42:51 UTC 2026","passed","Fri May 29 00:42:51 UTC 2026","","Go Test","github.com/specterops/bloodhound/cmd/api/src/api/v2/TestResources_ListADEntityAdminRights","TestResources_ListADEntityAdminRights"
"Test cases for TestMaybeSubmitRelationshipUpdate","1","TestMaybeSubmitRelationshipUpdate","","Fri May 29 00:42:57 UTC 2026","passed","Fri May 29 00:42:57 UTC 2026","","Go Test","github.com/specterops/bloodhound/cmd/api/src/services/graphify/TestMaybeSubmitRelationshipUpdate","TestMaybeSubmitRelationshipUpdate"
"Test cases for TestInvalidValueError","0","TestInvalidValueError","","Fri May 29 00:43:15 UTC 2026","passed","Fri May 29 00:43:15 UTC 2026","","Go Test","github.com/specterops/bloodhound/packages/go/cache/TestInvalidValueError","TestInvalidValueError"
"Test cases for TestSIDSuffix_String","0","TestSIDSuffix_String","","Fri May 29 00:43:14 UTC 2026","passed","Fri May 29 00:43:14 UTC 2026","","Go Test","github.com/specterops/bloodhound/packages/go/analysis/ad/wellknown/TestSIDSuffix_String","TestSIDSuffix_String"
"","28","tag members refetches on sort change","the useAssetGroupTags utilities","Fri May 29 00:45:11 UTC 2026","passed","Fri May 29 00:45:11 UTC 2026","","","",""
"Test cases for TestResources_ListAuditLogs_SkipAndOffset","2","TestResources_ListAuditLogs_SkipAndOffset","","Fri May 29 00:42:51 UTC 2026","passed","Fri May 29 00:42:51 UTC 2026","","Go Test","github.com/specterops/bloodhound/cmd/api/src/api/v2/TestResources_ListAuditLogs_SkipAndOffset","TestResources_ListAuditLogs_SkipAndOffset"
"Test cases for TestResources_ListAuditLogs_InvalidSkip","0","TestResources_ListAuditLogs_InvalidSkip","","Fri May 29 00:42:51 UTC 2026","passed","Fri May 29 00:42:51 UTC 2026","","Go Test","github.com/specterops/bloodhound/cmd/api/src/api/v2/TestResources_ListAuditLogs_InvalidSkip","TestResources_ListAuditLogs_InvalidSkip"
"","273","displays a Filters button","FileIngest","Fri May 29 00:47:48 UTC 2026","passed","Fri May 29 00:47:49 UTC 2026","","","",""
"","873","should not call onSubmit when password does not match confirmation password when reset password button clicked","PasswordResetForm","Fri May 29 00:46:14 UTC 2026","passed","Fri May 29 00:46:15 UTC 2026","","","",""
"","162","invokes handleFilterChange with eq:false when clicked and custom_member filter is on","AssetGroupEdit","Fri May 29 00:45:28 UTC 2026","passed","Fri May 29 00:45:28 UTC 2026","","Custom Member checkbox filter","",""
"","675","should render","ExploreTable","Fri May 29 00:43:15 UTC 2026","passed","Fri May 29 00:43:16 UTC 2026","","","",""
"","1923","should display search results when the user enters text","AssetGroupEdit","Fri May 29 00:46:56 UTC 2026","passed","Fri May 29 00:46:58 UTC 2026","","","",""
"Test cases for TestResources_DeleteAssetGroupSelector","0","TestResources_DeleteAssetGroupSelector","","Fri May 29 00:42:51 UTC 2026","passed","Fri May 29 00:42:51 UTC 2026","","Go Test","github.com/specterops/bloodhound/cmd/api/src/api/v2/TestResources_DeleteAssetGroupSelector","TestResources_DeleteAssetGroupSelector"
"","238","should display ""Create Token"" button","UserTokenManagementDialog","Fri May 29 00:45:05 UTC 2026","passed","Fri May 29 00:45:05 UTC 2026","","","",""
"Test cases for TestAuditLogin","0","TestAuditLogin","","Fri May 29 00:42:27 UTC 2026","passed","Fri May 29 00:42:27 UTC 2026","","Go Test","github.com/specterops/bloodhound/cmd/api/src/api/TestAuditLogin","TestAuditLogin"
"","175","renders","EarlyAccessFeatureToggle","Fri May 29 00:49:43 UTC 2026","passed","Fri May 29 00:49:43 UTC 2026","","","",""
"Test cases for TestAssetGroupSelectorSpec_Validate","0","TestAssetGroupSelectorSpec_Validate","","Fri May 29 00:42:53 UTC 2026","passed","Fri May 29 00:42:53 UTC 2026","","Go Test","github.com/specterops/bloodhound/cmd/api/src/model/TestAssetGroupSelectorSpec_Validate","TestAssetGroupSelectorSpec_Validate"
"","9","should handle special characters","HighlightedText","Fri May 29 00:47:55 UTC 2026","passed","Fri May 29 00:47:55 UTC 2026","","","",""
"Test cases for Test_NewSpec","0","Test_NewSpec","","Fri May 29 00:43:15 UTC 2026","passed","Fri May 29 00:43:15 UTC 2026","","Go Test","github.com/specterops/bloodhound/packages/go/lab/Test_NewSpec","Test_NewSpec"
"Test cases for TestResources_ToggleFlag","0","TestResources_ToggleFlag","","Fri May 29 00:42:51 UTC 2026","passed","Fri May 29 00:42:51 UTC 2026","","Go Test","github.com/specterops/bloodhound/cmd/api/src/api/v2/TestResources_ToggleFlag","TestResources_ToggleFlag"
"Test cases for TestFetchTenants","0","TestFetchTenants","","Fri May 29 00:43:14 UTC 2026","passed","Fri May 29 00:43:14 UTC 2026","","Go Test","github.com/specterops/bloodhound/packages/go/analysis/azure/TestFetchTenants","TestFetchTenants"
"","23","should display a badge when role based filtering is true and show filter banner is true","EntityInfoPanel","Fri May 29 00:47:40 UTC 2026","passed","Fri May 29 00:47:40 UTC 2026","","","",""
"","248","closes the dropdown when clicking outside","ManageColumnsComboBox","Fri May 29 00:45:18 UTC 2026","passed","Fri May 29 00:45:18 UTC 2026","","","",""
"Test cases for TestFlatMap","0","TestFlatMap","","Fri May 29 00:43:31 UTC 2026","passed","Fri May 29 00:43:31 UTC 2026","","Go Test","github.com/specterops/bloodhound/packages/go/slicesext/TestFlatMap","TestFlatMap"
"","13","upon performing a search, updates the url params with the base64-encoded current query and sets searchType to 'cypher'","useCypherSearch","Fri May 29 00:48:13 UTC 2026","passed","Fri May 29 00:48:13 UTC 2026","","","",""
"","566","should accept passwords with unicode punctuation characters","CreateUserForm","Fri May 29 00:44:00 UTC 2026","passed","Fri May 29 00:44:01 UTC 2026","","","",""
"","564","should accept passwords with standard special characters","CreateUserForm","Fri May 29 00:44:00 UTC 2026","passed","Fri May 29 00:44:00 UTC 2026","","","",""
"","244","shows ""Select All"" when not all columns are selected","ManageColumnsComboBox","Fri May 29 00:45:16 UTC 2026","passed","Fri May 29 00:45:16 UTC 2026","","","",""
"Test cases for TestLoginSuccess","0","TestLoginSuccess","","Fri May 29 00:42:51 UTC 2026","passed","Fri May 29 00:42:51 UTC 2026","","Go Test","github.com/specterops/bloodhound/cmd/api/src/api/v2/auth/TestLoginSuccess","TestLoginSuccess"
"Test cases for TestResources_ShareSavedQueriesPermissions_SavingPermissionsErrors","0","TestResources_ShareSavedQueriesPermissions_SavingPermissionsErrors","","Fri May 29 00:42:51 UTC 2026","passed","Fri May 29 00:42:51 UTC 2026","","Go Test","github.com/specterops/bloodhound/cmd/api/src/api/v2/TestResources_ShareSavedQueriesPermissions_SavingPermissionsErrors","TestResources_ShareSavedQueriesPermissions_SavingPermissionsErrors"
"","196","should call the onClick function when clicked","GraphButton","Fri May 29 00:48:43 UTC 2026","passed","Fri May 29 00:48:43 UTC 2026","","","",""
"Test cases for TestManagementResource_SAMLLoginHandler","12","TestManagementResource_SAMLLoginHandler","","Fri May 29 00:43:36 UTC 2026","passed","Fri May 29 00:43:36 UTC 2026","","Go Test","github.com/specterops/bloodhound/cmd/api/src/api/v2/auth/TestManagementResource_SAMLLoginHandler","TestManagementResource_SAMLLoginHandler"
"Test cases for TestBoolValueOrZero","0","TestBoolValueOrZero","","Fri May 29 00:42:52 UTC 2026","passed","Fri May 29 00:42:52 UTC 2026","","Go Test","github.com/specterops/bloodhound/cmd/api/src/database/types/null/TestBoolValueOrZero","TestBoolValueOrZero"
"","19","when password is expired and on password reset page, no redirect occurs","AuthenticatedRoute","Fri May 29 00:49:36 UTC 2026","passed","Fri May 29 00:49:36 UTC 2026","","","",""
"","1","lastlogon, lastlogontimestamp","Handling value formatting for Active Directory entity properties lastlogon, lastlogontimestamp, whencreated, and pwdlastset","Fri May 29 00:45:21 UTC 2026","passed","Fri May 29 00:45:21 UTC 2026","","","",""
"Test cases for TestResources_ListAvailableEnvironments","38","TestResources_ListAvailableEnvironments","","Fri May 29 00:42:51 UTC 2026","passed","Fri May 29 00:42:51 UTC 2026","","Go Test","github.com/specterops/bloodhound/cmd/api/src/api/v2/TestResources_ListAvailableEnvironments","TestResources_ListAvailableEnvironments"
"","9","returns the remaining amount of zones available for creation","useTagLimits","Fri May 29 00:44:06 UTC 2026","passed","Fri May 29 00:44:06 UTC 2026","","","",""
"","6","does not render when selector is default","Delete Selector Button rendering","Fri May 29 00:48:19 UTC 2026","passed","Fri May 29 00:48:19 UTC 2026","","","",""
"","167","should display an error when error prop is truthy","SaveQueryDialog","Fri May 29 00:43:23 UTC 2026","passed","Fri May 29 00:43:23 UTC 2026","","","",""
"Test cases for TestUnmarshalInt64OverflowToInt64","0","TestUnmarshalInt64OverflowToInt64","","Fri May 29 00:42:52 UTC 2026","passed","Fri May 29 00:42:52 UTC 2026","","Go Test","github.com/specterops/bloodhound/cmd/api/src/database/types/null/TestUnmarshalInt64OverflowToInt64","TestUnmarshalInt64OverflowToInt64"
"","129","calls handleInitialEnvironment with the highest impactValue as the initial environment","useInitialEnvironment","Fri May 29 00:47:31 UTC 2026","passed","Fri May 29 00:47:31 UTC 2026","","","",""
"","184","renders a snackbar notification in the dom and tests the long autoHideDuration","AppNotifications","Fri May 29 00:47:22 UTC 2026","passed","Fri May 29 00:47:22 UTC 2026","","","",""
"","37","should highlight selected route","Main Nav Route Highlighting","Fri May 29 00:45:46 UTC 2026","passed","Fri May 29 00:45:46 UTC 2026","","","",""
"","94","if a hint is given, it show date placeholder on focus, restores hint on blur","ManagedDatePicker - placeholders","Fri May 29 00:46:23 UTC 2026","passed","Fri May 29 00:46:23 UTC 2026","","","",""
"","540","runs the query and calls dispatch to set the node results","PrivilegeZonesCypherEditor Search component for Zone Management","Fri May 29 00:47:33 UTC 2026","passed","Fri May 29 00:47:34 UTC 2026","","","",""
"","0","returns undefined if graphData is {} or not a GraphResponse","getExploreTableData","Fri May 29 00:46:33 UTC 2026","passed","Fri May 29 00:46:33 UTC 2026","","","",""
"","126","does not highlight the table option when isExploreTableSelected is true but isExploreLayoutSelected is false","GraphControls","Fri May 29 00:43:41 UTC 2026","passed","Fri May 29 00:43:41 UTC 2026","","Table view selection state","",""
"","0","returns false if value is +0","searchParams","Fri May 29 00:47:06 UTC 2026","passed","Fri May 29 00:47:06 UTC 2026","","isEmptyParam","",""
"","45","Should display a list of the asset group members","AssetGroupMemberList","Fri May 29 00:47:54 UTC 2026","passed","Fri May 29 00:47:54 UTC 2026","","","",""
"","400","renders the Import Query Dialog","ImportQueryDialog","Fri May 29 00:48:32 UTC 2026","passed","Fri May 29 00:48:32 UTC 2026","","","",""
"","463","disables a nested graph data option while its source kind is selected","GraphDataCheckboxes","Fri May 29 00:44:47 UTC 2026","passed","Fri May 29 00:44:48 UTC 2026","","","",""
"","522","renders correctly with requiresCurrentPassword false","PasswordDialog","Fri May 29 00:44:00 UTC 2026","passed","Fri May 29 00:44:01 UTC 2026","","","",""
"Test cases for TestConvertOUToNode_InheritanceHashes","0","TestConvertOUToNode_InheritanceHashes","","Fri May 29 00:43:15 UTC 2026","passed","Fri May 29 00:43:15 UTC 2026","","Go Test","github.com/specterops/bloodhound/packages/go/ein/TestConvertOUToNode_InheritanceHashes","TestConvertOUToNode_InheritanceHashes"
"Test cases for Test_filterAndFormatSearchResults_filterEnvironments","0","Test_filterAndFormatSearchResults_filterEnvironments","","Fri May 29 00:42:51 UTC 2026","passed","Fri May 29 00:42:51 UTC 2026","","Go Test","github.com/specterops/bloodhound/cmd/api/src/api/v2/Test_filterAndFormatSearchResults_filterEnvironments","Test_filterAndFormatSearchResults_filterEnvironments"
"Test cases for TestResources_GetAssetGroupMemberCount_DBError","0","TestResources_GetAssetGroupMemberCount_DBError","","Fri May 29 00:42:51 UTC 2026","passed","Fri May 29 00:42:51 UTC 2026","","Go Test","github.com/specterops/bloodhound/cmd/api/src/api/v2/TestResources_GetAssetGroupMemberCount_DBError","TestResources_GetAssetGroupMemberCount_DBError"
"","111","upon selecting a source node, updates the URL with a searchType of 'node' and primarySearch of the node's objectid","useNodeSearch","Fri May 29 00:47:44 UTC 2026","passed","Fri May 29 00:47:44 UTC 2026","","","",""
"","39","composes search params from the search prop and use them in the link","AppLink","Fri May 29 00:46:51 UTC 2026","passed","Fri May 29 00:46:51 UTC 2026","","","",""
"Test cases for TestResources_ListRootCAPKIHierarchy","1","TestResources_ListRootCAPKIHierarchy","","Fri May 29 00:42:51 UTC 2026","passed","Fri May 29 00:42:51 UTC 2026","","Go Test","github.com/specterops/bloodhound/cmd/api/src/api/v2/TestResources_ListRootCAPKIHierarchy","TestResources_ListRootCAPKIHierarchy"
"","0","combines platform and risk filters","filterAndSearchEnvironments","Fri May 29 00:43:44 UTC 2026","passed","Fri May 29 00:43:44 UTC 2026","","combined filters","",""
"Test cases for TestManagementResource_ListUsers_PredicateMismatchWithColumn","0","TestManagementResource_ListUsers_PredicateMismatchWithColumn","","Fri May 29 00:42:57 UTC 2026","passed","Fri May 29 00:42:57 UTC 2026","","Go Test","github.com/specterops/bloodhound/cmd/api/src/api/v2/auth/TestManagementResource_ListUsers_PredicateMismatchWithColumn","TestManagementResource_ListUsers_PredicateMismatchWithColumn"
"","535","does not display must be new password error messages when current password is not required","PasswordDialog","Fri May 29 00:44:05 UTC 2026","passed","Fri May 29 00:44:05 UTC 2026","","","",""
"Test cases for TestDatabase_checkError_NotFound","0","TestDatabase_checkError_NotFound","","Fri May 29 00:42:52 UTC 2026","passed","Fri May 29 00:42:52 UTC 2026","","Go Test","github.com/specterops/bloodhound/cmd/api/src/database/TestDatabase_checkError_NotFound","TestDatabase_checkError_NotFound"
"Test cases for TestMarshalFloat","0","TestMarshalFloat","","Fri May 29 00:42:52 UTC 2026","passed","Fri May 29 00:42:52 UTC 2026","","Go Test","github.com/specterops/bloodhound/cmd/api/src/database/types/null/TestMarshalFloat","TestMarshalFloat"
"","0","reports an API error when Cypher is not run first","handleError","Fri May 29 00:44:50 UTC 2026","passed","Fri May 29 00:44:50 UTC 2026","","","",""
"","696","app does not crash if ""token"" cookie exists and ""persistedState"" localstorage key does not exist","redux store","Fri May 29 00:49:44 UTC 2026","passed","Fri May 29 00:49:45 UTC 2026","","","",""
"","0","No type was provided and no results were available","Getting the text for the disabled item display for a search when there are no results","Fri May 29 00:46:59 UTC 2026","passed","Fri May 29 00:46:59 UTC 2026","","Empty data states","",""
"Test cases for TestResources_GetSearchResult_ETAC","30","TestResources_GetSearchResult_ETAC","","Fri May 29 00:42:51 UTC 2026","passed","Fri May 29 00:42:51 UTC 2026","","Go Test","github.com/specterops/bloodhound/cmd/api/src/api/v2/TestResources_GetSearchResult_ETAC","TestResources_GetSearchResult_ETAC"
"","47","initializes with the given state","useObjectState","Fri May 29 00:47:54 UTC 2026","passed","Fri May 29 00:47:54 UTC 2026","","","",""
"Test cases for TestResources_ListADDomainContainedComputers","1","TestResources_ListADDomainContainedComputers","","Fri May 29 00:42:51 UTC 2026","passed","Fri May 29 00:42:51 UTC 2026","","Go Test","github.com/specterops/bloodhound/cmd/api/src/api/v2/TestResources_ListADDomainContainedComputers","TestResources_ListADDomainContainedComputers"
"","13","sets autoDisplayTable to false if query type is pathfinding","useExploreTableAutoDisplay","Fri May 29 00:47:32 UTC 2026","passed","Fri May 29 00:47:32 UTC 2026","","","",""
"","1459","should render","EdgeInfoHeader","Fri May 29 00:47:11 UTC 2026","passed","Fri May 29 00:47:12 UTC 2026","","","",""
"","5029","edges are displayed in alphabetical order","Pathfinding","Fri May 29 00:44:57 UTC 2026","passed","Fri May 29 00:45:02 UTC 2026","","","",""
"","213","should display ""Cancel"" button","Enable2FADialog","Fri May 29 00:47:15 UTC 2026","passed","Fri May 29 00:47:15 UTC 2026","","","",""
"Test cases for TestResources_CreateSavedQuery","0","TestResources_CreateSavedQuery","","Fri May 29 00:42:51 UTC 2026","passed","Fri May 29 00:42:51 UTC 2026","","Go Test","github.com/specterops/bloodhound/cmd/api/src/api/v2/TestResources_CreateSavedQuery","TestResources_CreateSavedQuery"
"Test cases for TestResources_ListAuditLogs_InvalidColumn","1","TestResources_ListAuditLogs_InvalidColumn","","Fri May 29 00:42:51 UTC 2026","passed","Fri May 29 00:42:51 UTC 2026","","Go Test","github.com/specterops/bloodhound/cmd/api/src/api/v2/TestResources_ListAuditLogs_InvalidColumn","TestResources_ListAuditLogs_InvalidColumn"
"","15","when there is no ID in the URL and no tags available, no ID is returned (it is undefined)","usePZQueryParams","Fri May 29 00:46:48 UTC 2026","passed","Fri May 29 00:46:48 UTC 2026","","","",""
"","1","will return a list of values","Formatting list properties","Fri May 29 00:45:21 UTC 2026","passed","Fri May 29 00:45:21 UTC 2026","","","",""
"","682","shows error notification when deletion fails","ActiveExtensionsCard","Fri May 29 00:43:53 UTC 2026","passed","Fri May 29 00:43:54 UTC 2026","","","",""
"","18","displays contact admin message when hidden edge is true","EdgeInfoContent","Fri May 29 00:43:51 UTC 2026","passed","Fri May 29 00:43:51 UTC 2026","","EdgeInfoContent support for hidden edges","",""
"","17","renders the tooltip icon when tooltipText prop is passed","ColumnHeaders","Fri May 29 00:46:26 UTC 2026","passed","Fri May 29 00:46:26 UTC 2026","","SortableHeader with Tooltip","",""
"","227","calls onChangePinnedColumns to unpin a column when its pin icon is clicked","ManageColumnsComboBox","Fri May 29 00:45:18 UTC 2026","passed","Fri May 29 00:45:18 UTC 2026","","","",""
"","128","buttons are disabled while loading","PasswordResetForm","Fri May 29 00:46:16 UTC 2026","passed","Fri May 29 00:46:16 UTC 2026","","","",""
"","18","sets autoDisplayTable to false if query type is node","useExploreTableAutoDisplay","Fri May 29 00:47:32 UTC 2026","passed","Fri May 29 00:47:32 UTC 2026","","","",""
"Test cases for TestMergeNodeKinds","0","TestMergeNodeKinds","","Fri May 29 00:42:57 UTC 2026","passed","Fri May 29 00:42:57 UTC 2026","","Go Test","github.com/specterops/bloodhound/cmd/api/src/services/graphify/TestMergeNodeKinds","TestMergeNodeKinds"
"Test cases for TestFoldr","0","TestFoldr","","Fri May 29 00:43:31 UTC 2026","passed","Fri May 29 00:43:31 UTC 2026","","Go Test","github.com/specterops/bloodhound/packages/go/slicesext/TestFoldr","TestFoldr"
"","176","renders nothing in the expiration cell when a token has no expires_at","UserTokenManagementDialog - API Expiration Date column","Fri May 29 00:45:06 UTC 2026","passed","Fri May 29 00:45:06 UTC 2026","","","",""
"","68","should render a label and version number when expanded","MainNav","Fri May 29 00:45:46 UTC 2026","passed","Fri May 29 00:45:46 UTC 2026","","","",""
"","3818","The password reset dialog is opened when switching a user from SAML based authentication to username/password based authentication","Users","Fri May 29 00:45:51 UTC 2026","passed","Fri May 29 00:45:55 UTC 2026","","","",""
"","386","renders headers","CommonSearches","Fri May 29 00:45:16 UTC 2026","passed","Fri May 29 00:45:17 UTC 2026","","","",""
"Test cases for TestTimeExactEqual","0","TestTimeExactEqual","","Fri May 29 00:42:52 UTC 2026","passed","Fri May 29 00:42:52 UTC 2026","","Go Test","github.com/specterops/bloodhound/cmd/api/src/database/types/null/TestTimeExactEqual","TestTimeExactEqual"
"","32","whencreated","Handling value formatting for Active Directory entity properties lastlogon, lastlogontimestamp, whencreated, and pwdlastset","Fri May 29 00:45:21 UTC 2026","passed","Fri May 29 00:45:21 UTC 2026","","","",""
"","515","Displays the selectors list if passed in through additional sections","EntityInfoDataTableList","Fri May 29 00:46:37 UTC 2026","passed","Fri May 29 00:46:38 UTC 2026","","","",""
"","318","sets secondarySearch=id and searchType=node when primarySearch is falsey","ContextMenu","Fri May 29 00:49:27 UTC 2026","passed","Fri May 29 00:49:28 UTC 2026","","","",""
"","265","The reset password and two-factor authentication options should not appear in profile page if the user is configured for SAML login","UserProfile with SSO User","Fri May 29 00:45:39 UTC 2026","passed","Fri May 29 00:45:39 UTC 2026","","","",""
"Test cases for TestResources_DeleteSavedQuery_IDMalformed","0","TestResources_DeleteSavedQuery_IDMalformed","","Fri May 29 00:42:51 UTC 2026","passed","Fri May 29 00:42:51 UTC 2026","","Go Test","github.com/specterops/bloodhound/cmd/api/src/api/v2/TestResources_DeleteSavedQuery_IDMalformed","TestResources_DeleteSavedQuery_IDMalformed"
"","341","does fires TagToZoneDialog when the Zone option is clicked","TagToZoneLabel","Fri May 29 00:43:31 UTC 2026","passed","Fri May 29 00:43:32 UTC 2026","","","",""
"","64","navigates to the specified route with global params intact","AppNavigate","Fri May 29 00:47:23 UTC 2026","passed","Fri May 29 00:47:23 UTC 2026","","","",""
"","4142","Clicking on a row causes row to be selected","ExploreTable","Fri May 29 00:43:29 UTC 2026","passed","Fri May 29 00:43:33 UTC 2026","","","",""
"","2","removes the key when undefined is passed to the setter","useLocalStorage","Fri May 29 00:45:46 UTC 2026","passed","Fri May 29 00:45:46 UTC 2026","","setValue","",""
"","6","displays a pulsing indicator","StatusIndicator","Fri May 29 00:48:32 UTC 2026","passed","Fri May 29 00:48:32 UTC 2026","","","",""
"","696","should render a SaveQueryDialog","SaveQueryDialog","Fri May 29 00:43:20 UTC 2026","passed","Fri May 29 00:43:20 UTC 2026","","","",""
"","81","shows the Automatic Certification label and the zone-level disabled message","BasicInfo","Fri May 29 00:46:08 UTC 2026","passed","Fri May 29 00:46:08 UTC 2026","","when isCertificationDisabledOnZoneLevel is false","",""
"Test cases for TestResources_PreviewSelectors","0","TestResources_PreviewSelectors","","Fri May 29 00:42:51 UTC 2026","passed","Fri May 29 00:42:51 UTC 2026","","Go Test","github.com/specterops/bloodhound/cmd/api/src/api/v2/TestResources_PreviewSelectors","TestResources_PreviewSelectors"
"","1484","renders a table if the query has NO node edges","GraphView","Fri May 29 00:49:09 UTC 2026","passed","Fri May 29 00:49:11 UTC 2026","","","",""
"","2","Edge is created with correct structure including points array","copySigmaEdgesToGraphlibGraph","Fri May 29 00:49:38 UTC 2026","passed","Fri May 29 00:49:38 UTC 2026","","","",""
"","242","sums nested section node counts","EntityInfoDataTable","Fri May 29 00:44:56 UTC 2026","passed","Fri May 29 00:44:57 UTC 2026","","Node count for nested table that counts all sections","",""
"","1182","should call onSave when Save button is clicked and form input is valid","CreateUserDialog","Fri May 29 00:44:12 UTC 2026","passed","Fri May 29 00:44:13 UTC 2026","","","",""
"Test cases for TestTimePointer","0","TestTimePointer","","Fri May 29 00:42:52 UTC 2026","passed","Fri May 29 00:42:52 UTC 2026","","Go Test","github.com/specterops/bloodhound/cmd/api/src/database/types/null/TestTimePointer","TestTimePointer"
"","408","renders no asset group edit options without graph write permissions","ContextMenu","Fri May 29 00:49:26 UTC 2026","passed","Fri May 29 00:49:27 UTC 2026","","","",""
"","774","handles adding to tier zero asset group","AssetGroupMenuItem","Fri May 29 00:49:07 UTC 2026","passed","Fri May 29 00:49:08 UTC 2026","","adding to an asset group","",""
"Test cases for TestAddOrderByToNeo4jQuery_WithOrderByClause","0","TestAddOrderByToNeo4jQuery_WithOrderByClause","","Fri May 29 00:42:51 UTC 2026","passed","Fri May 29 00:42:51 UTC 2026","","Go Test","github.com/specterops/bloodhound/cmd/api/src/api/v2/TestAddOrderByToNeo4jQuery_WithOrderByClause","TestAddOrderByToNeo4jQuery_WithOrderByClause"
"","2125","search filters edges by name","Pathfinding","Fri May 29 00:44:44 UTC 2026","passed","Fri May 29 00:44:46 UTC 2026","","","",""
"","656","clears applied filters when clicking the Clear button","Privilege Zones History Filter Dialog","Fri May 29 00:46:01 UTC 2026","passed","Fri May 29 00:46:02 UTC 2026","","","",""
"","1209","renders asset group edit options with graph write permissions","ContextMenu","Fri May 29 00:49:25 UTC 2026","passed","Fri May 29 00:49:26 UTC 2026","","","",""
"Test cases for TestResources_ListADUserSQLAdminRights","1","TestResources_ListADUserSQLAdminRights","","Fri May 29 00:42:51 UTC 2026","passed","Fri May 29 00:42:51 UTC 2026","","Go Test","github.com/specterops/bloodhound/cmd/api/src/api/v2/TestResources_ListADUserSQLAdminRights","TestResources_ListADUserSQLAdminRights"
"Test cases for TestResolver_StartDone","37","TestResolver_StartDone","","Fri May 29 00:42:57 UTC 2026","passed","Fri May 29 00:42:57 UTC 2026","","Go Test","github.com/specterops/bloodhound/cmd/api/src/services/graphify/endpoint/TestResolver_StartDone","TestResolver_StartDone"
"","314","does not render an edit form for the selected asset group when a user does not have graph write permissions","GroupManagement","Fri May 29 00:49:35 UTC 2026","passed","Fri May 29 00:49:35 UTC 2026","","","",""
"","2","returns the node_keys from the graphData with duplicate keys removed and known keys added","getExploreTableData","Fri May 29 00:46:33 UTC 2026","passed","Fri May 29 00:46:33 UTC 2026","","","",""
"","359","Toggles node and edge labels on/off depending on their existing state","GraphControls","Fri May 29 00:43:39 UTC 2026","passed","Fri May 29 00:43:40 UTC 2026","","Toggling labels","",""
"","395","On successful upload, displays a completion of 100% and adds a ""Complete"" button that closes the dialog","SchemaUploadDialog","Fri May 29 00:44:50 UTC 2026","passed","Fri May 29 00:44:50 UTC 2026","","","",""
"","999","should call onSave when save button is clicked","SaveQueryDialog","Fri May 29 00:43:22 UTC 2026","passed","Fri May 29 00:43:23 UTC 2026","","","",""
"","227","sums nested section node counts","EntityInfoDataTableGraphed","Fri May 29 00:45:37 UTC 2026","passed","Fri May 29 00:45:38 UTC 2026","","Node count for nested table that counts all sections","",""
"Test cases for Test_cacheQueryResult","1","Test_cacheQueryResult","","Fri May 29 00:42:54 UTC 2026","passed","Fri May 29 00:42:54 UTC 2026","","Go Test","github.com/specterops/bloodhound/cmd/api/src/queries/Test_cacheQueryResult","Test_cacheQueryResult"
"","0","should compute offset vertices for bezier curves at a given intersection","bezier","Fri May 29 00:49:31 UTC 2026","passed","Fri May 29 00:49:31 UTC 2026","","","",""
"","1","prevents MouseCoords events","preventAllDefaults","Fri May 29 00:49:54 UTC 2026","passed","Fri May 29 00:49:54 UTC 2026","","","",""
"","9","renders the ZoneSelector when available and on a Zone page","TagSelector","Fri May 29 00:46:51 UTC 2026","passed","Fri May 29 00:46:51 UTC 2026","","","",""
"","47","clears selected if same note is clicked again","NoteCell component","Fri May 29 00:47:17 UTC 2026","passed","Fri May 29 00:47:17 UTC 2026","","","",""
"Test cases for TestResources_ListADDomainContainedOUs","0","TestResources_ListADDomainContainedOUs","","Fri May 29 00:42:51 UTC 2026","passed","Fri May 29 00:42:51 UTC 2026","","Go Test","github.com/specterops/bloodhound/cmd/api/src/api/v2/TestResources_ListADDomainContainedOUs","TestResources_ListADDomainContainedOUs"
"Test cases for Test_parseLatestVersion","1","Test_parseLatestVersion","","Fri May 29 00:43:34 UTC 2026","passed","Fri May 29 00:43:34 UTC 2026","","Go Test","github.com/specterops/bloodhound/packages/go/stbernard/git/Test_parseLatestVersion","Test_parseLatestVersion"
"","288","should render a TagToZoneLabelDialog component","TagToZoneLabelDialog","Fri May 29 00:46:34 UTC 2026","passed","Fri May 29 00:46:34 UTC 2026","","","",""
"Test cases for TestResources_UpdateAssetGroupSelectors_PayloadError","0","TestResources_UpdateAssetGroupSelectors_PayloadError","","Fri May 29 00:42:51 UTC 2026","passed","Fri May 29 00:42:51 UTC 2026","","Go Test","github.com/specterops/bloodhound/cmd/api/src/api/v2/TestResources_UpdateAssetGroupSelectors_PayloadError","TestResources_UpdateAssetGroupSelectors_PayloadError"
"Test cases for TestResources_DeleteSavedQuery_RecordNotFound","0","TestResources_DeleteSavedQuery_RecordNotFound","","Fri May 29 00:42:51 UTC 2026","passed","Fri May 29 00:42:51 UTC 2026","","Go Test","github.com/specterops/bloodhound/cmd/api/src/api/v2/TestResources_DeleteSavedQuery_RecordNotFound","TestResources_DeleteSavedQuery_RecordNotFound"
"Test cases for TestResources_GetPathfindingResult","0","TestResources_GetPathfindingResult","","Fri May 29 00:42:51 UTC 2026","passed","Fri May 29 00:42:51 UTC 2026","","Go Test","github.com/specterops/bloodhound/cmd/api/src/api/v2/TestResources_GetPathfindingResult","TestResources_GetPathfindingResult"
"Test cases for TestQueries_BuildEntityQueryParams_MissingObjectID","0","TestQueries_BuildEntityQueryParams_MissingObjectID","","Fri May 29 00:42:54 UTC 2026","passed","Fri May 29 00:42:54 UTC 2026","","Go Test","github.com/specterops/bloodhound/cmd/api/src/queries/TestQueries_BuildEntityQueryParams_MissingObjectID","TestQueries_BuildEntityQueryParams_MissingObjectID"
"Test cases for TestResources_GetSearchResult","1","TestResources_GetSearchResult","","Fri May 29 00:42:51 UTC 2026","passed","Fri May 29 00:42:51 UTC 2026","","Go Test","github.com/specterops/bloodhound/cmd/api/src/api/v2/TestResources_GetSearchResult","TestResources_GetSearchResult"
"","214","only sends dirty fields in the request when updating","Tag Form","Fri May 29 00:43:23 UTC 2026","passed","Fri May 29 00:43:23 UTC 2026","","","",""
"","688","displays correct content based on platform filter Azure","CommonSearches","Fri May 29 00:45:18 UTC 2026","passed","Fri May 29 00:45:18 UTC 2026","","","",""
"Test cases for TestCreateUser_ResetPassword","1023","TestCreateUser_ResetPassword","","Fri May 29 00:43:03 UTC 2026","passed","Fri May 29 00:43:04 UTC 2026","","Go Test","github.com/specterops/bloodhound/cmd/api/src/api/v2/auth/TestCreateUser_ResetPassword","TestCreateUser_ResetPassword"
"Test cases for TestManagementResource_UpdateSAMLProviderRequest","12","TestManagementResource_UpdateSAMLProviderRequest","","Fri May 29 00:43:36 UTC 2026","passed","Fri May 29 00:43:36 UTC 2026","","Go Test","github.com/specterops/bloodhound/cmd/api/src/api/v2/auth/TestManagementResource_UpdateSAMLProviderRequest","TestManagementResource_UpdateSAMLProviderRequest"
"","4165","should clear state when logout action is dispatched","redux store","Fri May 29 00:49:39 UTC 2026","passed","Fri May 29 00:49:44 UTC 2026","","","",""
"Test cases for TestQueries_GetRequestedType","0","TestQueries_GetRequestedType","","Fri May 29 00:42:54 UTC 2026","passed","Fri May 29 00:42:54 UTC 2026","","Go Test","github.com/specterops/bloodhound/cmd/api/src/queries/TestQueries_GetRequestedType","TestQueries_GetRequestedType"
"","14","function should return 1 when first param is larger, no matter the data type","Compare function for explore table sort","Fri May 29 00:46:33 UTC 2026","passed","Fri May 29 00:46:33 UTC 2026","","","",""
"","311","calls onToggleEdgeLabels when click show all edge labels","GraphControls","Fri May 29 00:43:38 UTC 2026","passed","Fri May 29 00:43:38 UTC 2026","","Toggling labels","",""
"","521","renders trigger button and dropdown items","TagToZoneLabel","Fri May 29 00:43:31 UTC 2026","passed","Fri May 29 00:43:31 UTC 2026","","","",""
"","780","should render an update user form","UpdateUserDialog","Fri May 29 00:44:34 UTC 2026","passed","Fri May 29 00:44:35 UTC 2026","","","",""
"Test cases for TestExtractIngestFilesReturnsJSONFile","1","TestExtractIngestFilesReturnsJSONFile","","Fri May 29 00:42:57 UTC 2026","passed","Fri May 29 00:42:57 UTC 2026","","Go Test","github.com/specterops/bloodhound/cmd/api/src/services/graphify/TestExtractIngestFilesReturnsJSONFile","TestExtractIngestFilesReturnsJSONFile"
"","101","Searching for existing node type returns node properties","useFetchEntityInfo","Fri May 29 00:46:15 UTC 2026","passed","Fri May 29 00:46:15 UTC 2026","","","",""
"","467","Close button click causes the callback function to be called","ExploreTable","Fri May 29 00:43:23 UTC 2026","passed","Fri May 29 00:43:23 UTC 2026","","","",""
"","771","opens and closes the filter","FileIngestFilterDialog","Fri May 29 00:44:54 UTC 2026","passed","Fri May 29 00:44:55 UTC 2026","","","",""
"","0","returns undefined if graphData is %s or not a GraphResponse","getExploreTableData","Fri May 29 00:46:33 UTC 2026","passed","Fri May 29 00:46:33 UTC 2026","","","",""
"Test cases for TestCache_Get","6","TestCache_Get","","Fri May 29 00:43:15 UTC 2026","passed","Fri May 29 00:43:15 UTC 2026","","Go Test","github.com/specterops/bloodhound/packages/go/cache/TestCache_Get","TestCache_Get"
"","120","defaults to wrapped and removes .wrapped class when unwrap btn is clicked","CodeController","Fri May 29 00:48:23 UTC 2026","passed","Fri May 29 00:48:23 UTC 2026","","","",""
"","0","returns false for arrays with different object references","areArraysSimilar","Fri May 29 00:48:18 UTC 2026","passed","Fri May 29 00:48:18 UTC 2026","","","",""
"Test cases for TestManagementResource_EnrollMFA","4361","TestManagementResource_EnrollMFA","","Fri May 29 00:43:21 UTC 2026","passed","Fri May 29 00:43:26 UTC 2026","","Go Test","github.com/specterops/bloodhound/cmd/api/src/api/v2/auth/TestManagementResource_EnrollMFA","TestManagementResource_EnrollMFA"
"Test cases for TestInt64SetValid","0","TestInt64SetValid","","Fri May 29 00:42:52 UTC 2026","passed","Fri May 29 00:42:52 UTC 2026","","Go Test","github.com/specterops/bloodhound/cmd/api/src/database/types/null/TestInt64SetValid","TestInt64SetValid"
"","24","renders GraphButton with correct text","GraphControls","Fri May 29 00:43:41 UTC 2026","passed","Fri May 29 00:43:41 UTC 2026","","Searching current results","",""
"Test cases for TestResources_SearchAssetGroupTags","4","TestResources_SearchAssetGroupTags","","Fri May 29 00:42:51 UTC 2026","passed","Fri May 29 00:42:51 UTC 2026","","Go Test","github.com/specterops/bloodhound/cmd/api/src/api/v2/TestResources_SearchAssetGroupTags","TestResources_SearchAssetGroupTags"
"","280","should display filter dropwdowns","CommonSearches","Fri May 29 00:45:17 UTC 2026","passed","Fri May 29 00:45:17 UTC 2026","","","",""
"","51","applies empty state height when no results","ActiveExtensionsCard","Fri May 29 00:43:49 UTC 2026","passed","Fri May 29 00:43:49 UTC 2026","","","",""
"Test cases for TestCreateAssetGroupRequest_AuditData","0","TestCreateAssetGroupRequest_AuditData","","Fri May 29 00:42:51 UTC 2026","passed","Fri May 29 00:42:51 UTC 2026","","Go Test","github.com/specterops/bloodhound/cmd/api/src/api/v2/TestCreateAssetGroupRequest_AuditData","TestCreateAssetGroupRequest_AuditData"
"Test cases for TestResources_ListTrustedCAs","3","TestResources_ListTrustedCAs","","Fri May 29 00:42:51 UTC 2026","passed","Fri May 29 00:42:51 UTC 2026","","Go Test","github.com/specterops/bloodhound/cmd/api/src/api/v2/TestResources_ListTrustedCAs","TestResources_ListTrustedCAs"
"Test cases for TestParseOptionalBoolMisspelledValue","0","TestParseOptionalBoolMisspelledValue","","Fri May 29 00:42:27 UTC 2026","passed","Fri May 29 00:42:27 UTC 2026","","Go Test","github.com/specterops/bloodhound/cmd/api/src/api/TestParseOptionalBoolMisspelledValue","TestParseOptionalBoolMisspelledValue"
"","2439","when user performs a pathfinding search, and then clicks the swap button, the start and destination inputs are swapped","Pathfinding: interaction","Fri May 29 00:45:55 UTC 2026","passed","Fri May 29 00:45:57 UTC 2026","","","",""
"Test cases for TestReadRFC3339","0","TestReadRFC3339","","Fri May 29 00:43:13 UTC 2026","passed","Fri May 29 00:43:13 UTC 2026","","Go Test","github.com/specterops/bloodhound/cmd/api/src/utils/TestReadRFC3339","TestReadRFC3339"
"","0","returns undefined if graphData is undefined or not a GraphResponse","getExploreTableData","Fri May 29 00:46:33 UTC 2026","passed","Fri May 29 00:46:33 UTC 2026","","","",""
"Test cases for TestGenerateQRCodeBase64","10","TestGenerateQRCodeBase64","","Fri May 29 00:42:51 UTC 2026","passed","Fri May 29 00:42:51 UTC 2026","","Go Test","github.com/specterops/bloodhound/cmd/api/src/auth/TestGenerateQRCodeBase64","TestGenerateQRCodeBase64"
"","62","passes checks if the user has multiple required permissions","usePermissions","Fri May 29 00:45:33 UTC 2026","passed","Fri May 29 00:45:33 UTC 2026","","","",""
"","1488","reverts to the default graph view when the user de-selects the currently selected table layout","GraphView","Fri May 29 00:49:17 UTC 2026","passed","Fri May 29 00:49:19 UTC 2026","","Layout selection and de-selection","",""
"Test cases for TestParseLimitQueryParameter_Invalid","0","TestParseLimitQueryParameter_Invalid","","Fri May 29 00:42:51 UTC 2026","passed","Fri May 29 00:42:51 UTC 2026","","Go Test","github.com/specterops/bloodhound/cmd/api/src/api/v2/TestParseLimitQueryParameter_Invalid","TestParseLimitQueryParameter_Invalid"
"","69","renders a dash when actor is BloodHoundString","NoteCell component","Fri May 29 00:47:16 UTC 2026","passed","Fri May 29 00:47:17 UTC 2026","","","",""
"Test cases for TestResources_ListADUserSessions","0","TestResources_ListADUserSessions","","Fri May 29 00:42:51 UTC 2026","passed","Fri May 29 00:42:51 UTC 2026","","Go Test","github.com/specterops/bloodhound/cmd/api/src/api/v2/TestResources_ListADUserSessions","TestResources_ListADUserSessions"
"","137","Calls the `Base` endpoint for a LocalGroup type node","EntityObjectInformation","Fri May 29 00:46:21 UTC 2026","passed","Fri May 29 00:46:21 UTC 2026","","","",""
"","12","returns early if there are no 'collected' environments","useInitialEnvironment","Fri May 29 00:47:31 UTC 2026","passed","Fri May 29 00:47:31 UTC 2026","","","",""
"","209","fires runQuery in context provider","ListItemActionMenu","Fri May 29 00:47:06 UTC 2026","passed","Fri May 29 00:47:06 UTC 2026","","","",""
"","93","shows the Automatic Certification label and the certification dropdown with its full description","BasicInfo","Fri May 29 00:46:08 UTC 2026","passed","Fri May 29 00:46:08 UTC 2026","","when isCertificationDisabledOnZoneLevel is true","",""
"Test cases for TestArgon2_Digest","1","TestArgon2_Digest","","Fri May 29 00:43:15 UTC 2026","passed","Fri May 29 00:43:15 UTC 2026","","Go Test","github.com/specterops/bloodhound/packages/go/crypto/TestArgon2_Digest","TestArgon2_Digest"
"Test cases for TestMergedFS_Open","0","TestMergedFS_Open","","Fri May 29 00:42:52 UTC 2026","passed","Fri May 29 00:42:52 UTC 2026","","Go Test","github.com/specterops/bloodhound/cmd/api/src/database/migration/TestMergedFS_Open","TestMergedFS_Open"
"Test cases for Test_validateGraphExtension","4","Test_validateGraphExtension","","Fri May 29 00:42:57 UTC 2026","passed","Fri May 29 00:42:57 UTC 2026","","Go Test","github.com/specterops/bloodhound/cmd/api/src/services/opengraphschema/Test_validateGraphExtension","Test_validateGraphExtension"
"Test cases for TestTextUnmarshalFloat","0","TestTextUnmarshalFloat","","Fri May 29 00:42:52 UTC 2026","passed","Fri May 29 00:42:52 UTC 2026","","Go Test","github.com/specterops/bloodhound/cmd/api/src/database/types/null/TestTextUnmarshalFloat","TestTextUnmarshalFloat"
"","607","opens nested sections and updates URL params correctly","EntityInfoDataTable","Fri May 29 00:44:57 UTC 2026","passed","Fri May 29 00:44:57 UTC 2026","","Node count for nested table that counts all sections","",""
"","1","handles environment with impactValue at exact threshold boundaries","filterAndSearchEnvironments","Fri May 29 00:43:44 UTC 2026","passed","Fri May 29 00:43:45 UTC 2026","","edge cases","",""
"Test cases for TestDatabase_GetAssetGroupTagSelector","3","TestDatabase_GetAssetGroupTagSelector","","Fri May 29 00:42:51 UTC 2026","passed","Fri May 29 00:42:51 UTC 2026","","Go Test","github.com/specterops/bloodhound/cmd/api/src/api/v2/TestDatabase_GetAssetGroupTagSelector","TestDatabase_GetAssetGroupTagSelector"
"","207","a null response from the server is handled","ExploreSearchCombobox with null response","Fri May 29 00:45:29 UTC 2026","passed","Fri May 29 00:45:30 UTC 2026","","","",""
"Test cases for TestDisenrollMFA_Admin_FailureIncorrectPassword","3036","TestDisenrollMFA_Admin_FailureIncorrectPassword","","Fri May 29 00:43:32 UTC 2026","passed","Fri May 29 00:43:35 UTC 2026","","Go Test","github.com/specterops/bloodhound/cmd/api/src/api/v2/auth/TestDisenrollMFA_Admin_FailureIncorrectPassword","TestDisenrollMFA_Admin_FailureIncorrectPassword"
"","718","does not allow confirmation while dates are invalid","FileIngestFilterDialog","Fri May 29 00:44:57 UTC 2026","passed","Fri May 29 00:44:58 UTC 2026","","Date Range Inputs","",""
"Test cases for TestTracker_HasEdge_And_DeletedEdges","0","TestTracker_HasEdge_And_DeletedEdges","","Fri May 29 00:43:14 UTC 2026","passed","Fri May 29 00:43:14 UTC 2026","","Go Test","github.com/specterops/bloodhound/packages/go/analysis/post/TestTracker_HasEdge_And_DeletedEdges","TestTracker_HasEdge_And_DeletedEdges"
"","19","will update the selected filters based on the values stored in query params when the initialize function is called","usePathfindingFilters","Fri May 29 00:48:03 UTC 2026","passed","Fri May 29 00:48:03 UTC 2026","","","",""
"","91","should on clicking collapse all remove expandedPanelSections param from url and set isObjectInfoPanelOpen in context to false","EntityInfoHeader","Fri May 29 00:46:59 UTC 2026","passed","Fri May 29 00:46:59 UTC 2026","","","",""
"","183","should display error message when error prop is provided","UpdateUserDialog","Fri May 29 00:44:39 UTC 2026","passed","Fri May 29 00:44:39 UTC 2026","","","",""
"Test cases for TestGetOrderForNeo4jQuery","0","TestGetOrderForNeo4jQuery","","Fri May 29 00:43:13 UTC 2026","passed","Fri May 29 00:43:13 UTC 2026","","Go Test","github.com/specterops/bloodhound/cmd/api/src/utils/TestGetOrderForNeo4jQuery","TestGetOrderForNeo4jQuery"
"","8","returns the remaining amount of labels available for creation","useTagLimits","Fri May 29 00:44:06 UTC 2026","passed","Fri May 29 00:44:06 UTC 2026","","","",""
"","0","returns name uniqueness message for ""name must be unique""","getErrorMessage","Fri May 29 00:44:50 UTC 2026","passed","Fri May 29 00:44:50 UTC 2026","","","",""
"Test cases for TestManagementResource_UpdateUser_SelfDisable","1043","TestManagementResource_UpdateUser_SelfDisable","","Fri May 29 00:43:08 UTC 2026","passed","Fri May 29 00:43:09 UTC 2026","","Go Test","github.com/specterops/bloodhound/cmd/api/src/api/v2/auth/TestManagementResource_UpdateUser_SelfDisable","TestManagementResource_UpdateUser_SelfDisable"
"Test cases for TestDatabase_GetAssetGroupTag","1","TestDatabase_GetAssetGroupTag","","Fri May 29 00:42:51 UTC 2026","passed","Fri May 29 00:42:51 UTC 2026","","Go Test","github.com/specterops/bloodhound/cmd/api/src/api/v2/TestDatabase_GetAssetGroupTag","TestDatabase_GetAssetGroupTag"
"","2","receives the current stored value as the previous state","useLocalStorage","Fri May 29 00:45:46 UTC 2026","passed","Fri May 29 00:45:46 UTC 2026","","functional updater","",""
"","4","stores an object value in localStorage","useLocalStorage","Fri May 29 00:45:46 UTC 2026","passed","Fri May 29 00:45:46 UTC 2026","","setValue","",""
"","269","should render with the correct content","ConfirmUpdateQueryDialog","Fri May 29 00:48:16 UTC 2026","passed","Fri May 29 00:48:16 UTC 2026","","","",""
"Test cases for TestResources_ListADDomainContainedUsers","1","TestResources_ListADDomainContainedUsers","","Fri May 29 00:42:51 UTC 2026","passed","Fri May 29 00:42:51 UTC 2026","","Go Test","github.com/specterops/bloodhound/cmd/api/src/api/v2/TestResources_ListADDomainContainedUsers","TestResources_ListADDomainContainedUsers"
"","92","should display the ETAC role-based filtering badge when filtering is enabled","Zone Management","Fri May 29 00:47:29 UTC 2026","passed","Fri May 29 00:47:29 UTC 2026","","","",""
"","89","should redirect to nested /file-ingest route if user navigates to /","Administration","Fri May 29 00:49:49 UTC 2026","passed","Fri May 29 00:49:49 UTC 2026","","","",""
"Test cases for TestMarshalString","0","TestMarshalString","","Fri May 29 00:42:52 UTC 2026","passed","Fri May 29 00:42:52 UTC 2026","","Go Test","github.com/specterops/bloodhound/cmd/api/src/database/types/null/TestMarshalString","TestMarshalString"
"Test cases for TestRegisterBHCEMetrics","0","TestRegisterBHCEMetrics","","Fri May 29 00:43:16 UTC 2026","passed","Fri May 29 00:43:16 UTC 2026","","Go Test","github.com/specterops/bloodhound/packages/go/metricsregistration/TestRegisterBHCEMetrics","TestRegisterBHCEMetrics"
"TestMigrator_GenerateManifestAfterVersion builds upon the GenerateManifest testby starting from different version points and spot checking migration counts.","1","TestMigrator_GenerateManifestAfterVersion","","Fri May 29 00:42:52 UTC 2026","passed","Fri May 29 00:42:52 UTC 2026","","Go Test","github.com/specterops/bloodhound/cmd/api/src/database/migration/TestMigrator_GenerateManifestAfterVersion","TestMigrator_GenerateManifestAfterVersion"
"","0","excludes non-collected environments when risk filter is active","filterAndSearchEnvironments","Fri May 29 00:43:44 UTC 2026","passed","Fri May 29 00:43:44 UTC 2026","","risk filters","",""
"","61","renders a link to the documentation","BloodHoundConfiguration","Fri May 29 00:49:55 UTC 2026","passed","Fri May 29 00:49:55 UTC 2026","","","",""
"Test cases for TestCreateUser_Success","1443","TestCreateUser_Success","","Fri May 29 00:42:58 UTC 2026","passed","Fri May 29 00:42:59 UTC 2026","","Go Test","github.com/specterops/bloodhound/cmd/api/src/api/v2/auth/TestCreateUser_Success","TestCreateUser_Success"
"Test cases for TestResources_UpdateSavedQuery_GetSavedQueryError","0","TestResources_UpdateSavedQuery_GetSavedQueryError","","Fri May 29 00:42:51 UTC 2026","passed","Fri May 29 00:42:51 UTC 2026","","Go Test","github.com/specterops/bloodhound/cmd/api/src/api/v2/TestResources_UpdateSavedQuery_GetSavedQueryError","TestResources_UpdateSavedQuery_GetSavedQueryError"
"","0","handles environment with impactValue of 0","filterAndSearchEnvironments","Fri May 29 00:43:44 UTC 2026","passed","Fri May 29 00:43:44 UTC 2026","","edge cases","",""
"","308","renders the form for editing an existing label","Tag Form","Fri May 29 00:43:21 UTC 2026","passed","Fri May 29 00:43:21 UTC 2026","","","",""
"","42","should render oidc info provider","SSOProviderTable","Fri May 29 00:47:06 UTC 2026","passed","Fri May 29 00:47:06 UTC 2026","","","",""
"Test cases for TestStringFrom","0","TestStringFrom","","Fri May 29 00:42:52 UTC 2026","passed","Fri May 29 00:42:52 UTC 2026","","Go Test","github.com/specterops/bloodhound/cmd/api/src/database/types/null/TestStringFrom","TestStringFrom"
"Test cases for TestResources_GetAssetGroupTagSelectors","2","TestResources_GetAssetGroupTagSelectors","","Fri May 29 00:42:51 UTC 2026","passed","Fri May 29 00:42:51 UTC 2026","","Go Test","github.com/specterops/bloodhound/cmd/api/src/api/v2/TestResources_GetAssetGroupTagSelectors","TestResources_GetAssetGroupTagSelectors"
"","124","shows ""API Expiration Date"" column header when expiration is enabled","UserTokenManagementDialog - API Expiration Date column","Fri May 29 00:45:06 UTC 2026","passed","Fri May 29 00:45:06 UTC 2026","","","",""
"","1","returns propertyKeys from all three kind property enums","graphSchema","Fri May 29 00:48:09 UTC 2026","passed","Fri May 29 00:48:09 UTC 2026","","","",""
"","107","should display the ""User Information"" header","UserProfile","Fri May 29 00:45:40 UTC 2026","passed","Fri May 29 00:45:40 UTC 2026","","","",""
"","8","should render when search string matches text entirely","HighlightedText","Fri May 29 00:47:55 UTC 2026","passed","Fri May 29 00:47:55 UTC 2026","","","",""
"Test cases for TestResources_ListADGPOAffectedTierZero","1","TestResources_ListADGPOAffectedTierZero","","Fri May 29 00:42:51 UTC 2026","passed","Fri May 29 00:42:51 UTC 2026","","Go Test","github.com/specterops/bloodhound/cmd/api/src/api/v2/TestResources_ListADGPOAffectedTierZero","TestResources_ListADGPOAffectedTierZero"
"","373","has user filters","FileIngestFilterDialog","Fri May 29 00:44:58 UTC 2026","passed","Fri May 29 00:44:58 UTC 2026","","User Select","",""
"Test cases for Test_filterAndFormatSearchResults_includeOpenGraphNodes","0","Test_filterAndFormatSearchResults_includeOpenGraphNodes","","Fri May 29 00:42:51 UTC 2026","passed","Fri May 29 00:42:51 UTC 2026","","Go Test","github.com/specterops/bloodhound/cmd/api/src/api/v2/Test_filterAndFormatSearchResults_includeOpenGraphNodes","Test_filterAndFormatSearchResults_includeOpenGraphNodes"
"Test cases for TestManagementResource_SAMLCallbackRedirect","6","TestManagementResource_SAMLCallbackRedirect","","Fri May 29 00:43:36 UTC 2026","passed","Fri May 29 00:43:36 UTC 2026","","Go Test","github.com/specterops/bloodhound/cmd/api/src/api/v2/auth/TestManagementResource_SAMLCallbackRedirect","TestManagementResource_SAMLCallbackRedirect"
"","1","returns query config when searchType is composition and all required params are passed","useExploreGraph","Fri May 29 00:44:44 UTC 2026","passed","Fri May 29 00:44:44 UTC 2026","composition search queries","exploreGraphQueryFactory","",""
"","2","filters by collected=true when ""yes"" filter is active","filterAndSearchEnvironments","Fri May 29 00:43:44 UTC 2026","passed","Fri May 29 00:43:44 UTC 2026","","collected filters","",""
"Test cases for TestActivateMFA_Failure","665","TestActivateMFA_Failure","","Fri May 29 00:43:35 UTC 2026","passed","Fri May 29 00:43:36 UTC 2026","","Go Test","github.com/specterops/bloodhound/cmd/api/src/api/v2/auth/TestActivateMFA_Failure","TestActivateMFA_Failure"
"Test cases for TestResources_CreateCustomNodeKindsTest","92","TestResources_CreateCustomNodeKindsTest","","Fri May 29 00:42:51 UTC 2026","passed","Fri May 29 00:42:51 UTC 2026","","Go Test","github.com/specterops/bloodhound/cmd/api/src/api/v2/TestResources_CreateCustomNodeKindsTest","TestResources_CreateCustomNodeKindsTest"
"","23","renders nothing if flag is enabled and enabled prop is not provided","FeatureFlag","Fri May 29 00:47:36 UTC 2026","passed","Fri May 29 00:47:36 UTC 2026","","","",""
"","983","should hide Environmental Targeted Access Control panel when showEnvironmentAccessControls prop is true and power user role is selected","CreateUserForm","Fri May 29 00:43:59 UTC 2026","passed","Fri May 29 00:44:00 UTC 2026","","","",""
"","71","renders a preview version by default","PrivilegeZonesCypherEditor Search component for Zone Management","Fri May 29 00:47:33 UTC 2026","passed","Fri May 29 00:47:33 UTC 2026","","","",""
"","388","should render saml info provider","SSOProviderTable","Fri May 29 00:47:06 UTC 2026","passed","Fri May 29 00:47:06 UTC 2026","","","",""
"","465","should not call onSave when Save button is clicked and form input is invalid","CreateUserDialog","Fri May 29 00:44:12 UTC 2026","passed","Fri May 29 00:44:12 UTC 2026","","","",""
"","0","matches all AZ edges","Make sure pathfinding filterable edges match schemagen","Fri May 29 00:48:40 UTC 2026","passed","Fri May 29 00:48:40 UTC 2026","","","",""
"","2","should compute normal vectors for line segments","bezier","Fri May 29 00:49:31 UTC 2026","passed","Fri May 29 00:49:31 UTC 2026","","","",""
"Test cases for TestInt64IsZero","0","TestInt64IsZero","","Fri May 29 00:42:52 UTC 2026","passed","Fri May 29 00:42:52 UTC 2026","","Go Test","github.com/specterops/bloodhound/cmd/api/src/database/types/null/TestInt64IsZero","TestInt64IsZero"
"","861","calls the passed in cancel handler when clicking the Cancel button","Glyph Select Dialog","Fri May 29 00:48:15 UTC 2026","passed","Fri May 29 00:48:16 UTC 2026","","","",""
"","314","should disable Cancel and Save buttons while isLoading is true","UpdateUserDialog","Fri May 29 00:44:39 UTC 2026","passed","Fri May 29 00:44:39 UTC 2026","","","",""
"","1480","should display all available SSO providers","CreateUserDialog","Fri May 29 00:44:14 UTC 2026","passed","Fri May 29 00:44:16 UTC 2026","","","",""
"Test cases for TestBOMEncoding","0","TestBOMEncoding","","Fri May 29 00:43:15 UTC 2026","passed","Fri May 29 00:43:15 UTC 2026","","Go Test","github.com/specterops/bloodhound/packages/go/bomenc/TestBOMEncoding","TestBOMEncoding"
"","75","calls onSort when clicked with a tooltip","ColumnHeaders","Fri May 29 00:46:27 UTC 2026","passed","Fri May 29 00:46:27 UTC 2026","","SortableHeader with Tooltip","",""
"","257","fires onSelect prop when a result is clicked","SearchCurrentNodes","Fri May 29 00:46:44 UTC 2026","passed","Fri May 29 00:46:44 UTC 2026","","","",""
"","590","navigates to object details when clicking an object row","ObjectsAccordion","Fri May 29 00:47:42 UTC 2026","passed","Fri May 29 00:47:43 UTC 2026","","","",""
"","158","should display","GenericErrorBoundaryFallback","Fri May 29 00:48:45 UTC 2026","passed","Fri May 29 00:48:46 UTC 2026","","","",""
"","8577","filter selections are rolled back if user closes modal with the cancel button","EdgeFilter","Fri May 29 00:46:22 UTC 2026","passed","Fri May 29 00:46:31 UTC 2026","","","",""
"","309","Selecting an edge that meets ACL inheritance criteria shows the ""ACE Inherited From"" dropdown","EdgeInfoContent","Fri May 29 00:43:50 UTC 2026","passed","Fri May 29 00:43:50 UTC 2026","","","",""
"Test cases for TestResources_OpenGraphSchemaIngest","1","TestResources_OpenGraphSchemaIngest","","Fri May 29 00:42:51 UTC 2026","passed","Fri May 29 00:42:51 UTC 2026","","Go Test","github.com/specterops/bloodhound/cmd/api/src/api/v2/TestResources_OpenGraphSchemaIngest","TestResources_OpenGraphSchemaIngest"
"","422","toggles sort order when clicking sortable header","ObjectsAccordion","Fri May 29 00:47:42 UTC 2026","passed","Fri May 29 00:47:42 UTC 2026","","","",""
"","0","returns true if both arrays are empty","areArraysSimilar","Fri May 29 00:48:18 UTC 2026","passed","Fri May 29 00:48:18 UTC 2026","","","",""
"","291","disables GraphButton when isCurrentSearchOpen is true","GraphControls","Fri May 29 00:43:41 UTC 2026","passed","Fri May 29 00:43:42 UTC 2026","","Searching current results","",""
"","167","displays extensions in a table when data is available","ActiveExtensionsCard","Fri May 29 00:43:47 UTC 2026","passed","Fri May 29 00:43:47 UTC 2026","","","",""
"","11","displays CaretDown icon when the sortOrder is desc","ColumnHeaders","Fri May 29 00:46:26 UTC 2026","passed","Fri May 29 00:46:26 UTC 2026","","SortableHeader","",""
"","494","calls setFilters when the Confirm button is clicked","Privilege Zones History Filter Dialog","Fri May 29 00:46:03 UTC 2026","passed","Fri May 29 00:46:03 UTC 2026","","","",""
"","213","should render a nav element with logo, two lists, a version number and a powered by","MainNav","Fri May 29 00:45:45 UTC 2026","passed","Fri May 29 00:45:46 UTC 2026","","","",""
"","2367","""Columns"" button allows user to edit column settings","ExploreTable","Fri May 29 00:43:16 UTC 2026","passed","Fri May 29 00:43:18 UTC 2026","","","",""
"","3","returns true when WebGL is available in the current browser context","WebGL compatibility check","Fri May 29 00:48:48 UTC 2026","passed","Fri May 29 00:48:48 UTC 2026","","","",""
"","0","returns null if paramValue is undefined","useEnvironmentParams","Fri May 29 00:48:39 UTC 2026","passed","Fri May 29 00:48:39 UTC 2026","","parseEnvironmentAggregation","",""
"","163","renders a confirm dialg","ConfirmDeleteQueryDialog","Fri May 29 00:48:33 UTC 2026","passed","Fri May 29 00:48:33 UTC 2026","","","",""
"Test cases for TestIngestGenericData_RegisterNodeKind","2","TestIngestGenericData_RegisterNodeKind","","Fri May 29 00:42:57 UTC 2026","passed","Fri May 29 00:42:57 UTC 2026","","Go Test","github.com/specterops/bloodhound/cmd/api/src/services/graphify/TestIngestGenericData_RegisterNodeKind","TestIngestGenericData_RegisterNodeKind"
"Test cases for TestIsDeadlockError","0","TestIsDeadlockError","","Fri May 29 00:42:52 UTC 2026","passed","Fri May 29 00:42:52 UTC 2026","","Go Test","github.com/specterops/bloodhound/cmd/api/src/daemons/changelog/TestIsDeadlockError","TestIsDeadlockError"
"Test cases for TestResources_ListADOUContainedComputers","4","TestResources_ListADOUContainedComputers","","Fri May 29 00:42:51 UTC 2026","passed","Fri May 29 00:42:51 UTC 2026","","Go Test","github.com/specterops/bloodhound/cmd/api/src/api/v2/TestResources_ListADOUContainedComputers","TestResources_ListADOUContainedComputers"
"","0","An unknown error occurred when fetching the data","Getting the text for the disabled item display for a search when there are no results","Fri May 29 00:46:59 UTC 2026","passed","Fri May 29 00:46:59 UTC 2026","","Error states","",""
"","125","Should display headers for member name and count","AssetGroupMemberList","Fri May 29 00:47:53 UTC 2026","passed","Fri May 29 00:47:54 UTC 2026","","","",""
"Test cases for TestSavedQueries_IsSortable","0","TestSavedQueries_IsSortable","","Fri May 29 00:42:53 UTC 2026","passed","Fri May 29 00:42:53 UTC 2026","","Go Test","github.com/specterops/bloodhound/cmd/api/src/model/TestSavedQueries_IsSortable","TestSavedQueries_IsSortable"
"Test cases for TestManagementResource_ListAuthTokens_DBError","0","TestManagementResource_ListAuthTokens_DBError","","Fri May 29 00:43:21 UTC 2026","passed","Fri May 29 00:43:21 UTC 2026","","Go Test","github.com/specterops/bloodhound/cmd/api/src/api/v2/auth/TestManagementResource_ListAuthTokens_DBError","TestManagementResource_ListAuthTokens_DBError"
"Test cases for TestResources_ListEdgeTypes","67","TestResources_ListEdgeTypes","","Fri May 29 00:42:51 UTC 2026","passed","Fri May 29 00:42:51 UTC 2026","","Go Test","github.com/specterops/bloodhound/cmd/api/src/api/v2/TestResources_ListEdgeTypes","TestResources_ListEdgeTypes"
"","24","should redirect to nested /file-ingest route if user navigates to an invalid route","Administration","Fri May 29 00:49:49 UTC 2026","passed","Fri May 29 00:49:49 UTC 2026","","","",""
"","1034","should not have less characters than the minimum requirement","CreateUserForm","Fri May 29 00:43:55 UTC 2026","passed","Fri May 29 00:43:56 UTC 2026","","","",""
"","64","calls openSAMLProviderDialog when create provider button is clicked","CreateMenu","Fri May 29 00:45:30 UTC 2026","passed","Fri May 29 00:45:30 UTC 2026","","oidc_support feature flag disabled","",""
"","1438","should disable save button while input is empty","SaveQueryDialog","Fri May 29 00:43:20 UTC 2026","passed","Fri May 29 00:43:22 UTC 2026","","","",""
"","23","should display the checkbox group title","Checkbox group","Fri May 29 00:48:24 UTC 2026","passed","Fri May 29 00:48:24 UTC 2026","","","",""
"Test cases for TestResources_ListAuditLogs_OnlyOffset","0","TestResources_ListAuditLogs_OnlyOffset","","Fri May 29 00:42:51 UTC 2026","passed","Fri May 29 00:42:51 UTC 2026","","Go Test","github.com/specterops/bloodhound/cmd/api/src/api/v2/TestResources_ListAuditLogs_OnlyOffset","TestResources_ListAuditLogs_OnlyOffset"
"","218","opens the dialog when the button is clicked","SchemaUploadDialog","Fri May 29 00:44:49 UTC 2026","passed","Fri May 29 00:44:50 UTC 2026","","","",""
"","128","displays Force Password Reset checkbox when showNeedsPasswordReset is true","PasswordDialog","Fri May 29 00:44:01 UTC 2026","passed","Fri May 29 00:44:01 UTC 2026","","","",""
"","288","displays an error when unable to fetch data","EarlyAccessFeatures","Fri May 29 00:49:35 UTC 2026","passed","Fri May 29 00:49:35 UTC 2026","","","",""
"","196","renders details for a selected zone","DynamicDetails","Fri May 29 00:45:44 UTC 2026","passed","Fri May 29 00:45:44 UTC 2026","","","",""
"Test cases for TestResources_ListAssetGroups","0","TestResources_ListAssetGroups","","Fri May 29 00:42:51 UTC 2026","passed","Fri May 29 00:42:51 UTC 2026","","Go Test","github.com/specterops/bloodhound/cmd/api/src/api/v2/TestResources_ListAssetGroups","TestResources_ListAssetGroups"
"","0","returns paramValue as EnvironmentAggregation if paramValue is active-directory","useEnvironmentParams","Fri May 29 00:48:39 UTC 2026","passed","Fri May 29 00:48:39 UTC 2026","","parseEnvironmentAggregation","",""
"Test cases for Test_convertGraphExtensionPayloadToGraphExtension","0","Test_convertGraphExtensionPayloadToGraphExtension","","Fri May 29 00:42:51 UTC 2026","passed","Fri May 29 00:42:51 UTC 2026","","Go Test","github.com/specterops/bloodhound/cmd/api/src/api/v2/Test_convertGraphExtensionPayloadToGraphExtension","Test_convertGraphExtensionPayloadToGraphExtension"
"Test cases for TestManagementResource_DeleteUser_BadUserID","0","TestManagementResource_DeleteUser_BadUserID","","Fri May 29 00:43:12 UTC 2026","passed","Fri May 29 00:43:12 UTC 2026","","Go Test","github.com/specterops/bloodhound/cmd/api/src/api/v2/auth/TestManagementResource_DeleteUser_BadUserID","TestManagementResource_DeleteUser_BadUserID"
"Test cases for TestChangeCache","2","TestChangeCache","","Fri May 29 00:42:51 UTC 2026","passed","Fri May 29 00:42:52 UTC 2026","","Go Test","github.com/specterops/bloodhound/cmd/api/src/daemons/changelog/TestChangeCache","TestChangeCache"
"Test cases for TestGraphQuery_PrepareCypherQuery","61","TestGraphQuery_PrepareCypherQuery","","Fri May 29 00:42:54 UTC 2026","passed","Fri May 29 00:42:54 UTC 2026","","Go Test","github.com/specterops/bloodhound/cmd/api/src/queries/TestGraphQuery_PrepareCypherQuery","TestGraphQuery_PrepareCypherQuery"
"","457","clicking cancel on the form takes the user back to the details page the user was on previously","Rule Form","Fri May 29 00:43:41 UTC 2026","passed","Fri May 29 00:43:42 UTC 2026","","","",""
"Test cases for TestParseOptionalBoolEmptyValue","0","TestParseOptionalBoolEmptyValue","","Fri May 29 00:42:27 UTC 2026","passed","Fri May 29 00:42:27 UTC 2026","","Go Test","github.com/specterops/bloodhound/cmd/api/src/api/TestParseOptionalBoolEmptyValue","TestParseOptionalBoolEmptyValue"
"Test cases for TestDisenrollMFA_Success","1278","TestDisenrollMFA_Success","","Fri May 29 00:43:26 UTC 2026","passed","Fri May 29 00:43:27 UTC 2026","","Go Test","github.com/specterops/bloodhound/cmd/api/src/api/v2/auth/TestDisenrollMFA_Success","TestDisenrollMFA_Success"
"","333","should display correctly","DeleteConfirmationDialog","Fri May 29 00:48:07 UTC 2026","passed","Fri May 29 00:48:07 UTC 2026","","","",""
"Test cases for TestResources_ListSavedQueries","34","TestResources_ListSavedQueries","","Fri May 29 00:42:51 UTC 2026","passed","Fri May 29 00:42:51 UTC 2026","","Go Test","github.com/specterops/bloodhound/cmd/api/src/api/v2/TestResources_ListSavedQueries","TestResources_ListSavedQueries"
"TestOpenGraphSchemaService_UpsertGraphSchemaExtension -","4","TestOpenGraphSchemaService_UpsertGraphSchemaExtension","","Fri May 29 00:42:57 UTC 2026","passed","Fri May 29 00:42:57 UTC 2026","","Go Test","github.com/specterops/bloodhound/cmd/api/src/services/opengraphschema/TestOpenGraphSchemaService_UpsertGraphSchemaExtension","TestOpenGraphSchemaService_UpsertGraphSchemaExtension"
"","967","disables confirm button until extension name is typed correctly","ActiveExtensionsCard","Fri May 29 00:43:50 UTC 2026","passed","Fri May 29 00:43:51 UTC 2026","","","",""
"","177","renders with the Export and Delete buttons disabled","QuerySearchFilter","Fri May 29 00:46:45 UTC 2026","passed","Fri May 29 00:46:45 UTC 2026","","","",""
"","880","renders the node in the entity panel when member is clicked","GroupManagement","Fri May 29 00:49:36 UTC 2026","passed","Fri May 29 00:49:37 UTC 2026","","","",""
"","35","renders section when no errors occur","EntityInfoCollapsibleSection","Fri May 29 00:48:09 UTC 2026","passed","Fri May 29 00:48:09 UTC 2026","","","",""
"Test cases for TestManagementResource_ListRoles_SortingError","0","TestManagementResource_ListRoles_SortingError","","Fri May 29 00:42:57 UTC 2026","passed","Fri May 29 00:42:57 UTC 2026","","Go Test","github.com/specterops/bloodhound/cmd/api/src/api/v2/auth/TestManagementResource_ListRoles_SortingError","TestManagementResource_ListRoles_SortingError"
"","42","sets autoDisplayTable to false if query returns no results","useExploreTableAutoDisplay","Fri May 29 00:47:32 UTC 2026","passed","Fri May 29 00:47:32 UTC 2026","","","",""
"","80","indicates that filters are inactive","AssetGroupEdit","Fri May 29 00:45:26 UTC 2026","passed","Fri May 29 00:45:26 UTC 2026","","","",""
"Test cases for TestManagementResource_DeleteUser_DeleteUserError","1319","TestManagementResource_DeleteUser_DeleteUserError","","Fri May 29 00:43:14 UTC 2026","passed","Fri May 29 00:43:15 UTC 2026","","Go Test","github.com/specterops/bloodhound/cmd/api/src/api/v2/auth/TestManagementResource_DeleteUser_DeleteUserError","TestManagementResource_DeleteUser_DeleteUserError"
"","41","renders the title passed via title prop","ColumnHeaders","Fri May 29 00:46:26 UTC 2026","passed","Fri May 29 00:46:26 UTC 2026","","SortableHeader","",""
"","738","should not allow the input to exceed the allowed length","UpdateUserForm","Fri May 29 00:43:28 UTC 2026","passed","Fri May 29 00:43:29 UTC 2026","","","",""
"Test cases for Test_filterAndFormatSearchResults_filterEnvironmentsOG","0","Test_filterAndFormatSearchResults_filterEnvironmentsOG","","Fri May 29 00:42:51 UTC 2026","passed","Fri May 29 00:42:51 UTC 2026","","Go Test","github.com/specterops/bloodhound/cmd/api/src/api/v2/Test_filterAndFormatSearchResults_filterEnvironmentsOG","Test_filterAndFormatSearchResults_filterEnvironmentsOG"
"Test cases for TestResources_ListADDomainForeignAdmins","0","TestResources_ListADDomainForeignAdmins","","Fri May 29 00:42:51 UTC 2026","passed","Fri May 29 00:42:51 UTC 2026","","Go Test","github.com/specterops/bloodhound/cmd/api/src/api/v2/TestResources_ListADDomainForeignAdmins","TestResources_ListADDomainForeignAdmins"
"","65","should on clicking remove call clearSelectedItem","EntityInfoHeader","Fri May 29 00:46:59 UTC 2026","passed","Fri May 29 00:46:59 UTC 2026","","","",""
"","300","prevents a user from proceeding if the file is not valid","ImportQueryDialog","Fri May 29 00:48:33 UTC 2026","passed","Fri May 29 00:48:33 UTC 2026","","","",""
"Test cases for TestMarshalFloatText","0","TestMarshalFloatText","","Fri May 29 00:42:52 UTC 2026","passed","Fri May 29 00:42:52 UTC 2026","","Go Test","github.com/specterops/bloodhound/cmd/api/src/database/types/null/TestMarshalFloatText","TestMarshalFloatText"
"","185","should render a single section with a single navigation item","SubNav","Fri May 29 00:47:26 UTC 2026","passed","Fri May 29 00:47:27 UTC 2026","","","",""
"","1900","displays a list of available sharphound and azurehound files to download","DownloadCollectors","Fri May 29 00:49:25 UTC 2026","passed","Fri May 29 00:49:27 UTC 2026","","","",""
"","459","when an `inputValue` is provided it eventually displays a list of search results","ExploreSearchCombobox","Fri May 29 00:45:28 UTC 2026","passed","Fri May 29 00:45:29 UTC 2026","","","",""
"","727","calls onSave when valid form inputs are provided","PasswordDialog","Fri May 29 00:44:05 UTC 2026","passed","Fri May 29 00:44:06 UTC 2026","","","",""
"","2","returns all environments when no filters are active","filterAndSearchEnvironments","Fri May 29 00:43:44 UTC 2026","passed","Fri May 29 00:43:44 UTC 2026","","with no filters applied","",""
"Test cases for TestManagementResource_DeleteOIDCProvider","1","TestManagementResource_DeleteOIDCProvider","","Fri May 29 00:43:36 UTC 2026","passed","Fri May 29 00:43:36 UTC 2026","","Go Test","github.com/specterops/bloodhound/cmd/api/src/api/v2/auth/TestManagementResource_DeleteOIDCProvider","TestManagementResource_DeleteOIDCProvider"
"","122","indicates that filters are active","AssetGroupEdit","Fri May 29 00:45:26 UTC 2026","passed","Fri May 29 00:45:26 UTC 2026","","","",""
"","15","displays lastlogontimestamp cell as UNKNOWN when the value is 0","ExploreTableDataCell","Fri May 29 00:47:58 UTC 2026","passed","Fri May 29 00:47:58 UTC 2026","","","",""
"","12","populates the cypher search field with the decoded query when the associated query params are set","useCypherSearch","Fri May 29 00:48:13 UTC 2026","passed","Fri May 29 00:48:13 UTC 2026","","","",""
"","66","enables pulling an ordered list of tags by position ascending","the useAssetGroupTags utilities","Fri May 29 00:45:10 UTC 2026","passed","Fri May 29 00:45:10 UTC 2026","","","",""
"Test cases for TestGetADDataQualityStats_Success","2","TestGetADDataQualityStats_Success","","Fri May 29 00:42:51 UTC 2026","passed","Fri May 29 00:42:51 UTC 2026","","Go Test","github.com/specterops/bloodhound/cmd/api/src/api/v2/TestGetADDataQualityStats_Success","TestGetADDataQualityStats_Success"
"","136","initializes search tab to node search if the exploreSearchTab is not a supported tab name on first render","ExploreSearch sets searchType on tab changing","Fri May 29 00:49:18 UTC 2026","passed","Fri May 29 00:49:19 UTC 2026","","","",""
"","984","Explore URL Accounts for irregular characters in cypher query","Rule Form","Fri May 29 00:43:47 UTC 2026","passed","Fri May 29 00:43:48 UTC 2026","","","",""
"","723","renders the Platforms dropdown and handles click event","QuerySearchFilter","Fri May 29 00:46:44 UTC 2026","passed","Fri May 29 00:46:45 UTC 2026","","","",""
"Test cases for TestBoolSetValid","0","TestBoolSetValid","","Fri May 29 00:42:52 UTC 2026","passed","Fri May 29 00:42:52 UTC 2026","","Go Test","github.com/specterops/bloodhound/cmd/api/src/database/types/null/TestBoolSetValid","TestBoolSetValid"
"","51","Gets focus on keyboard shortcut","SearchBar","Fri May 29 00:48:28 UTC 2026","passed","Fri May 29 00:48:28 UTC 2026","","","",""
"","83","List Display Roles Hook is Loading","useListDisplayRoles","Fri May 29 00:45:01 UTC 2026","passed","Fri May 29 00:45:01 UTC 2026","","","",""
"Test cases for TestNormalizeToUTF8","0","TestNormalizeToUTF8","","Fri May 29 00:43:15 UTC 2026","passed","Fri May 29 00:43:15 UTC 2026","","Go Test","github.com/specterops/bloodhound/packages/go/bomenc/TestNormalizeToUTF8","TestNormalizeToUTF8"
"","60","should render when search string is at the beginning of the text","HighlightedText","Fri May 29 00:47:54 UTC 2026","passed","Fri May 29 00:47:54 UTC 2026","","","",""
"Test cases for TestResources_ListPublishedTemplates","1","TestResources_ListPublishedTemplates","","Fri May 29 00:42:51 UTC 2026","passed","Fri May 29 00:42:51 UTC 2026","","Go Test","github.com/specterops/bloodhound/cmd/api/src/api/v2/TestResources_ListPublishedTemplates","TestResources_ListPublishedTemplates"
"","96","does not render the analysis toggle when multi tier analysis enabled is false","Tag Form","Fri May 29 00:43:21 UTC 2026","passed","Fri May 29 00:43:21 UTC 2026","","","",""
"","59","should render a navigation list item","MainNav","Fri May 29 00:45:46 UTC 2026","passed","Fri May 29 00:45:46 UTC 2026","","","",""
"","79","hides loading state when data is available","GraphDataCheckboxes","Fri May 29 00:44:43 UTC 2026","passed","Fri May 29 00:44:43 UTC 2026","","","",""
"","214","shows an error state","AssetGroupMenuItem","Fri May 29 00:45:23 UTC 2026","passed","Fri May 29 00:45:24 UTC 2026","","","",""
"Test cases for TestResources_DownloadCollectorByVersion","0","TestResources_DownloadCollectorByVersion","","Fri May 29 00:42:51 UTC 2026","passed","Fri May 29 00:42:51 UTC 2026","","Go Test","github.com/specterops/bloodhound/cmd/api/src/api/v2/TestResources_DownloadCollectorByVersion","TestResources_DownloadCollectorByVersion"
"Test cases for TestHeaderMatches","0","TestHeaderMatches","","Fri May 29 00:43:13 UTC 2026","passed","Fri May 29 00:43:13 UTC 2026","","Go Test","github.com/specterops/bloodhound/cmd/api/src/utils/TestHeaderMatches","TestHeaderMatches"
"Test cases for Test_ConvertAzureRoleManagementPolicyAssignment","0","Test_ConvertAzureRoleManagementPolicyAssignment","","Fri May 29 00:43:15 UTC 2026","passed","Fri May 29 00:43:15 UTC 2026","","Go Test","github.com/specterops/bloodhound/packages/go/ein/Test_ConvertAzureRoleManagementPolicyAssignment","Test_ConvertAzureRoleManagementPolicyAssignment"
"Test cases for Test_ParseSortParameters","0","Test_ParseSortParameters","","Fri May 29 00:42:27 UTC 2026","passed","Fri May 29 00:42:27 UTC 2026","","Go Test","github.com/specterops/bloodhound/cmd/api/src/api/Test_ParseSortParameters","Test_ParseSortParameters"
"","312","should display a searchbox with a placeholder when rendered","AssetGroupEdit","Fri May 29 00:46:55 UTC 2026","passed","Fri May 29 00:46:56 UTC 2026","","","",""
"Test cases for Test_sortAndSliceResults_limit","0","Test_sortAndSliceResults_limit","","Fri May 29 00:42:54 UTC 2026","passed","Fri May 29 00:42:54 UTC 2026","","Go Test","github.com/specterops/bloodhound/cmd/api/src/queries/Test_sortAndSliceResults_limit","Test_sortAndSliceResults_limit"
"","1","returns a function that can set arrays query params removes previous values set to that array query param","searchParams","Fri May 29 00:47:06 UTC 2026","passed","Fri May 29 00:47:06 UTC 2026","","setSingleParamFactory","",""
"","869","should render","CypherSearch","Fri May 29 00:44:12 UTC 2026","passed","Fri May 29 00:44:13 UTC 2026","","","",""
"","3","stores a boolean value in localStorage","useLocalStorage","Fri May 29 00:45:46 UTC 2026","passed","Fri May 29 00:45:46 UTC 2026","","setValue","",""
"Test cases for TestService","0","TestService","","Fri May 29 00:42:55 UTC 2026","passed","Fri May 29 00:42:55 UTC 2026","","Go Test","github.com/specterops/bloodhound/cmd/api/src/services/dogtags/TestService","TestService"
"","381","Displays a modal after clicking Analyze Now button and run analysis after clicking confirm","AnalyzeNowConfiguration","Fri May 29 00:45:46 UTC 2026","passed","Fri May 29 00:45:47 UTC 2026","","","",""
"Test cases for TestSet","0","TestSet","","Fri May 29 00:43:16 UTC 2026","passed","Fri May 29 00:43:16 UTC 2026","","Go Test","github.com/specterops/bloodhound/packages/go/lab/internal/TestSet","TestSet"
"","200","Hides selector information if additionalSections is false","EntityInfoDataTableList","Fri May 29 00:46:38 UTC 2026","passed","Fri May 29 00:46:38 UTC 2026","","","",""
"","103","returns Tag Object counts when there is a Tag selected but no Rule selected (ruleId is undefined from path params)","useObjectCounts","Fri May 29 00:48:12 UTC 2026","passed","Fri May 29 00:48:12 UTC 2026","","","",""
"","550","sets exploreSearchTab param to cypher when the user clicks the `cypher` tab","ExploreSearch sets searchType on tab changing","Fri May 29 00:49:18 UTC 2026","passed","Fri May 29 00:49:18 UTC 2026","","","",""
"Test cases for TestWriteBasicResponse","0","TestWriteBasicResponse","","Fri May 29 00:42:27 UTC 2026","passed","Fri May 29 00:42:27 UTC 2026","","Go Test","github.com/specterops/bloodhound/cmd/api/src/api/TestWriteBasicResponse","TestWriteBasicResponse"
"Test cases for TestParseOptionalBool","0","TestParseOptionalBool","","Fri May 29 00:42:27 UTC 2026","passed","Fri May 29 00:42:27 UTC 2026","","Go Test","github.com/specterops/bloodhound/cmd/api/src/api/TestParseOptionalBool","TestParseOptionalBool"
"Test cases for TestManagementResource_UpdateUser_GetRolesError","1004","TestManagementResource_UpdateUser_GetRolesError","","Fri May 29 00:43:07 UTC 2026","passed","Fri May 29 00:43:08 UTC 2026","","Go Test","github.com/specterops/bloodhound/cmd/api/src/api/v2/auth/TestManagementResource_UpdateUser_GetRolesError","TestManagementResource_UpdateUser_GetRolesError"
"Test cases for TestResources_CreateSavedQuery_NotAUserAuth","0","TestResources_CreateSavedQuery_NotAUserAuth","","Fri May 29 00:42:51 UTC 2026","passed","Fri May 29 00:42:51 UTC 2026","","Go Test","github.com/specterops/bloodhound/cmd/api/src/api/v2/TestResources_CreateSavedQuery_NotAUserAuth","TestResources_CreateSavedQuery_NotAUserAuth"
"","1","returns all environments when both ""yes"" and ""no"" filters are active","filterAndSearchEnvironments","Fri May 29 00:43:44 UTC 2026","passed","Fri May 29 00:43:44 UTC 2026","","collected filters","",""
"Test cases for TestUnmarshalInt64Overflow","0","TestUnmarshalInt64Overflow","","Fri May 29 00:42:52 UTC 2026","passed","Fri May 29 00:42:52 UTC 2026","","Go Test","github.com/specterops/bloodhound/cmd/api/src/database/types/null/TestUnmarshalInt64Overflow","TestUnmarshalInt64Overflow"
"","265","Trying to view the edge info does not crash the app when selecting an unrecognized edge","EdgeInfoContent","Fri May 29 00:43:49 UTC 2026","passed","Fri May 29 00:43:50 UTC 2026","","","",""
"","79","renders a ListItemActionMenu component","ListItemActionMenu","Fri May 29 00:47:05 UTC 2026","passed","Fri May 29 00:47:05 UTC 2026","","","",""
"","23","does not include OpenGraph edges when the associated feature flag is disabled","useEdgeCategories","Fri May 29 00:45:33 UTC 2026","passed","Fri May 29 00:45:33 UTC 2026","","","",""
"","73","displays ! icon when one of the Affected Object calls fail","EntityInfoDataTableGraphed","Fri May 29 00:45:38 UTC 2026","passed","Fri May 29 00:45:38 UTC 2026","","Node count for nested table that counts all sections","",""
"","348","renders","ObjectsAccordion","Fri May 29 00:46:39 UTC 2026","passed","Fri May 29 00:46:40 UTC 2026","","","",""
"Test cases for TestSIDSuffix_PrependPrefix","0","TestSIDSuffix_PrependPrefix","","Fri May 29 00:43:14 UTC 2026","passed","Fri May 29 00:43:14 UTC 2026","","Go Test","github.com/specterops/bloodhound/packages/go/analysis/ad/wellknown/TestSIDSuffix_PrependPrefix","TestSIDSuffix_PrependPrefix"
"Test cases for TestResources_ListADComputerAdmins","0","TestResources_ListADComputerAdmins","","Fri May 29 00:42:51 UTC 2026","passed","Fri May 29 00:42:51 UTC 2026","","Go Test","github.com/specterops/bloodhound/cmd/api/src/api/v2/TestResources_ListADComputerAdmins","TestResources_ListADComputerAdmins"
"Test cases for TestDomainSelectors_GetFilterCriteria_InvalidFilterPredicate","0","TestDomainSelectors_GetFilterCriteria_InvalidFilterPredicate","","Fri May 29 00:42:53 UTC 2026","passed","Fri May 29 00:42:53 UTC 2026","","Go Test","github.com/specterops/bloodhound/cmd/api/src/model/TestDomainSelectors_GetFilterCriteria_InvalidFilterPredicate","TestDomainSelectors_GetFilterCriteria_InvalidFilterPredicate"
"Test cases for TestBuildErrorResponseInternalServerError","0","TestBuildErrorResponseInternalServerError","","Fri May 29 00:42:27 UTC 2026","passed","Fri May 29 00:42:27 UTC 2026","","Go Test","github.com/specterops/bloodhound/cmd/api/src/api/TestBuildErrorResponseInternalServerError","TestBuildErrorResponseInternalServerError"
"","220","closes the dialog when the ""Cancel"" button is clicked","SchemaUploadDialog","Fri May 29 00:44:50 UTC 2026","passed","Fri May 29 00:44:50 UTC 2026","","","",""
"","503","toggles parent from none to all","GraphDataCheckboxes","Fri May 29 00:44:45 UTC 2026","passed","Fri May 29 00:44:45 UTC 2026","","","",""
"","28","displays lastlogon cell as UNKNOWN when the value is 0","ExploreTableDataCell","Fri May 29 00:47:58 UTC 2026","passed","Fri May 29 00:47:58 UTC 2026","","","",""
"Test cases for TestDatabase_checkError_OtherError","0","TestDatabase_checkError_OtherError","","Fri May 29 00:42:52 UTC 2026","passed","Fri May 29 00:42:52 UTC 2026","","Go Test","github.com/specterops/bloodhound/cmd/api/src/database/TestDatabase_checkError_OtherError","TestDatabase_checkError_OtherError"
"Test cases for TestBoolPointer","0","TestBoolPointer","","Fri May 29 00:42:52 UTC 2026","passed","Fri May 29 00:42:52 UTC 2026","","Go Test","github.com/specterops/bloodhound/cmd/api/src/database/types/null/TestBoolPointer","TestBoolPointer"
"","0","accepts a sort and compare function","areArraysSimilar","Fri May 29 00:48:18 UTC 2026","passed","Fri May 29 00:48:18 UTC 2026","","","",""
"","21","renders note content when currentNote is present","HistoryNotes Component","Fri May 29 00:48:23 UTC 2026","passed","Fri May 29 00:48:23 UTC 2026","","","",""
"Test cases for TestContextMiddleware","0","TestContextMiddleware","","Fri May 29 00:42:43 UTC 2026","passed","Fri May 29 00:42:43 UTC 2026","","Go Test","github.com/specterops/bloodhound/cmd/api/src/api/middleware/TestContextMiddleware","TestContextMiddleware"
"Test cases for TestManagementResource_UpdateUser_ETAC","3360","TestManagementResource_UpdateUser_ETAC","","Fri May 29 00:43:18 UTC 2026","passed","Fri May 29 00:43:21 UTC 2026","","Go Test","github.com/specterops/bloodhound/cmd/api/src/api/v2/auth/TestManagementResource_UpdateUser_ETAC","TestManagementResource_UpdateUser_ETAC"
"","0","returns null if paramValue is ''","useEnvironmentParams","Fri May 29 00:48:39 UTC 2026","passed","Fri May 29 00:48:39 UTC 2026","","parseEnvironmentAggregation","",""
"Test cases for TestResources_SearchHandler","1","TestResources_SearchHandler","","Fri May 29 00:42:51 UTC 2026","passed","Fri May 29 00:42:51 UTC 2026","","Go Test","github.com/specterops/bloodhound/cmd/api/src/api/v2/TestResources_SearchHandler","TestResources_SearchHandler"
"Test cases for TestParseVersion","0","TestParseVersion","","Fri May 29 00:43:14 UTC 2026","passed","Fri May 29 00:43:14 UTC 2026","","Go Test","github.com/specterops/bloodhound/cmd/api/src/version/TestParseVersion","TestParseVersion"
"Test cases for TestContextMiddleware_InvalidWait","1","TestContextMiddleware_InvalidWait","","Fri May 29 00:42:43 UTC 2026","passed","Fri May 29 00:42:43 UTC 2026","","Go Test","github.com/specterops/bloodhound/cmd/api/src/api/middleware/TestContextMiddleware_InvalidWait","TestContextMiddleware_InvalidWait"
"","76","applies the given filters","useFinishedJobs","Fri May 29 00:46:04 UTC 2026","passed","Fri May 29 00:46:04 UTC 2026","","","",""
"","4","returns true if arrays are referentially equal","areArraysSimilar","Fri May 29 00:48:18 UTC 2026","passed","Fri May 29 00:48:18 UTC 2026","","","",""
"Test cases for TestRoleAssignments_NodesWithRole","0","TestRoleAssignments_NodesWithRole","","Fri May 29 00:43:14 UTC 2026","passed","Fri May 29 00:43:14 UTC 2026","","Go Test","github.com/specterops/bloodhound/packages/go/analysis/azure/TestRoleAssignments_NodesWithRole","TestRoleAssignments_NodesWithRole"
"Test cases for TestResources_ListADEntityControllables","0","TestResources_ListADEntityControllables","","Fri May 29 00:42:51 UTC 2026","passed","Fri May 29 00:42:51 UTC 2026","","Go Test","github.com/specterops/bloodhound/cmd/api/src/api/v2/TestResources_ListADEntityControllables","TestResources_ListADEntityControllables"
"Test cases for TestPredefinedNodeNamePrefixes","1","TestPredefinedNodeNamePrefixes","","Fri May 29 00:43:14 UTC 2026","passed","Fri May 29 00:43:14 UTC 2026","","Go Test","github.com/specterops/bloodhound/packages/go/analysis/ad/wellknown/TestPredefinedNodeNamePrefixes","TestPredefinedNodeNamePrefixes"
"","22","does not show tooltip text by default","ColumnHeaders","Fri May 29 00:46:26 UTC 2026","passed","Fri May 29 00:46:26 UTC 2026","","SortableHeader with Tooltip","",""
"","192","renders enabled Label, Rule and Object tabs","Selected Details Tabs","Fri May 29 00:45:53 UTC 2026","passed","Fri May 29 00:45:54 UTC 2026","","Selected Details Tabs - Params present","",""
"Test cases for TestMap","0","TestMap","","Fri May 29 00:43:31 UTC 2026","passed","Fri May 29 00:43:31 UTC 2026","","Go Test","github.com/specterops/bloodhound/packages/go/slicesext/TestMap","TestMap"
"","9","does not request finished jobs if lacking permission","useFinishedJobs","Fri May 29 00:46:04 UTC 2026","passed","Fri May 29 00:46:04 UTC 2026","","","",""
"","388","sets a primarySearch=id and searchType=node when secondarySearch is falsey","ContextMenu","Fri May 29 00:45:07 UTC 2026","passed","Fri May 29 00:45:08 UTC 2026","","","",""
"Test cases for TestResources_ListADGPOAffectedUsers","1","TestResources_ListADGPOAffectedUsers","","Fri May 29 00:42:51 UTC 2026","passed","Fri May 29 00:42:51 UTC 2026","","Go Test","github.com/specterops/bloodhound/cmd/api/src/api/v2/TestResources_ListADGPOAffectedUsers","TestResources_ListADGPOAffectedUsers"
"","1","runs a pathfinding search when the query param is set to ""pathfinding""","useExploreGraph","Fri May 29 00:44:44 UTC 2026","passed","Fri May 29 00:44:44 UTC 2026","","exploreGraphQueryFactory","",""
"Test cases for TestManagementResource_CreateOIDCProvider","1","TestManagementResource_CreateOIDCProvider","","Fri May 29 00:43:36 UTC 2026","passed","Fri May 29 00:43:36 UTC 2026","","Go Test","github.com/specterops/bloodhound/cmd/api/src/api/v2/auth/TestManagementResource_CreateOIDCProvider","TestManagementResource_CreateOIDCProvider"
"Test cases for TestResources_SearchAssetGroupTagHistory","93","TestResources_SearchAssetGroupTagHistory","","Fri May 29 00:42:51 UTC 2026","passed","Fri May 29 00:42:51 UTC 2026","","Go Test","github.com/specterops/bloodhound/cmd/api/src/api/v2/TestResources_SearchAssetGroupTagHistory","TestResources_SearchAssetGroupTagHistory"
"Test cases for TestManagementResource_ListAuthTokens_Filtered","0","TestManagementResource_ListAuthTokens_Filtered","","Fri May 29 00:43:21 UTC 2026","passed","Fri May 29 00:43:21 UTC 2026","","Go Test","github.com/specterops/bloodhound/cmd/api/src/api/v2/auth/TestManagementResource_ListAuthTokens_Filtered","TestManagementResource_ListAuthTokens_Filtered"
"","0","should return an object denoting that the property is not in the schema when it is unrecognized","validating a node property against the shared generated schema","Fri May 29 00:45:21 UTC 2026","passed","Fri May 29 00:45:21 UTC 2026","","","",""
"","94","renders enabled prop when flag is enabled","FeatureFlag","Fri May 29 00:47:36 UTC 2026","passed","Fri May 29 00:47:36 UTC 2026","","","",""
"","18","dedupes edges before adding them to the graph","Explore utils","Fri May 29 00:49:28 UTC 2026","passed","Fri May 29 00:49:28 UTC 2026","","initGraph","",""
"Test cases for TestResources_UpdateSavedQuery_AdminPrivateQuery_Success","0","TestResources_UpdateSavedQuery_AdminPrivateQuery_Success","","Fri May 29 00:42:51 UTC 2026","passed","Fri May 29 00:42:51 UTC 2026","","Go Test","github.com/specterops/bloodhound/cmd/api/src/api/v2/TestResources_UpdateSavedQuery_AdminPrivateQuery_Success","TestResources_UpdateSavedQuery_AdminPrivateQuery_Success"
"Test cases for TestAuditLogin_UserNotFound","0","TestAuditLogin_UserNotFound","","Fri May 29 00:42:27 UTC 2026","passed","Fri May 29 00:42:27 UTC 2026","","Go Test","github.com/specterops/bloodhound/cmd/api/src/api/TestAuditLogin_UserNotFound","TestAuditLogin_UserNotFound"
"Test cases for TestJSONFloat_UnmarshalJSON_NaN","0","TestJSONFloat_UnmarshalJSON_NaN","","Fri May 29 00:42:52 UTC 2026","passed","Fri May 29 00:42:52 UTC 2026","","Go Test","github.com/specterops/bloodhound/cmd/api/src/database/types/nan/TestJSONFloat_UnmarshalJSON_NaN","TestJSONFloat_UnmarshalJSON_NaN"
"","790","should not call onSubmit when expired password matches current password when reset password button clicked","PasswordResetForm","Fri May 29 00:46:15 UTC 2026","passed","Fri May 29 00:46:16 UTC 2026","","","",""
"","80","should navigate to the correct page on alt + digit keydown","Keyboard shortcuts","Fri May 29 00:45:46 UTC 2026","passed","Fri May 29 00:45:46 UTC 2026","","","",""
"Test cases for TestDisenrollMFA_Failure","0","TestDisenrollMFA_Failure","","Fri May 29 00:43:26 UTC 2026","passed","Fri May 29 00:43:26 UTC 2026","","Go Test","github.com/specterops/bloodhound/cmd/api/src/api/v2/auth/TestDisenrollMFA_Failure","TestDisenrollMFA_Failure"
"Test cases for TestTimeFromPtr","0","TestTimeFromPtr","","Fri May 29 00:42:52 UTC 2026","passed","Fri May 29 00:42:52 UTC 2026","","Go Test","github.com/specterops/bloodhound/cmd/api/src/database/types/null/TestTimeFromPtr","TestTimeFromPtr"
"Test cases for TestTagScanner_NextTopLevelTag","0","TestTagScanner_NextTopLevelTag","","Fri May 29 00:42:58 UTC 2026","passed","Fri May 29 00:42:58 UTC 2026","","Go Test","github.com/specterops/bloodhound/cmd/api/src/services/upload/TestTagScanner_NextTopLevelTag","TestTagScanner_NextTopLevelTag"
"Test cases for TestGetSkipParamForGraphQuery","0","TestGetSkipParamForGraphQuery","","Fri May 29 00:43:13 UTC 2026","passed","Fri May 29 00:43:13 UTC 2026","","Go Test","github.com/specterops/bloodhound/cmd/api/src/utils/TestGetSkipParamForGraphQuery","TestGetSkipParamForGraphQuery"
"Test cases for TestManagementResource_DeleteUser_UserNotFound","0","TestManagementResource_DeleteUser_UserNotFound","","Fri May 29 00:43:12 UTC 2026","passed","Fri May 29 00:43:12 UTC 2026","","Go Test","github.com/specterops/bloodhound/cmd/api/src/api/v2/auth/TestManagementResource_DeleteUser_UserNotFound","TestManagementResource_DeleteUser_UserNotFound"
"","365","renders a graph if the query has any node edges","GraphView","Fri May 29 00:49:11 UTC 2026","passed","Fri May 29 00:49:11 UTC 2026","","","",""
"","3129","handles delete by source kind","DatabaseManagement","Fri May 29 00:49:14 UTC 2026","passed","Fri May 29 00:49:17 UTC 2026","","","",""
"","537","renders a non-primary button as expected","DropdownSelector","Fri May 29 00:47:21 UTC 2026","passed","Fri May 29 00:47:22 UTC 2026","","","",""
"Test cases for TestManagementResource_ServeSigningCertificate","11","TestManagementResource_ServeSigningCertificate","","Fri May 29 00:43:36 UTC 2026","passed","Fri May 29 00:43:36 UTC 2026","","Go Test","github.com/specterops/bloodhound/cmd/api/src/api/v2/auth/TestManagementResource_ServeSigningCertificate","TestManagementResource_ServeSigningCertificate"
"Test cases for TestValidateRequestSignature","292","TestValidateRequestSignature","","Fri May 29 00:42:27 UTC 2026","passed","Fri May 29 00:42:27 UTC 2026","","Go Test","github.com/specterops/bloodhound/cmd/api/src/api/TestValidateRequestSignature","TestValidateRequestSignature"
"","395","renders an edit form for the selected asset group when a user has graph write permissions","GroupManagement","Fri May 29 00:49:34 UTC 2026","passed","Fri May 29 00:49:35 UTC 2026","","","",""
"","0","returns disabled config when any required param is falsey","useExploreGraph","Fri May 29 00:44:44 UTC 2026","passed","Fri May 29 00:44:44 UTC 2026","relationship search queries","exploreGraphQueryFactory","",""
"","244","should call the checkbox filter function when clicking on a checkbox input","Checkbox group","Fri May 29 00:48:24 UTC 2026","passed","Fri May 29 00:48:24 UTC 2026","","","",""
"Test cases for TestDatabase_NullUUID","0","TestDatabase_NullUUID","","Fri May 29 00:42:52 UTC 2026","passed","Fri May 29 00:42:52 UTC 2026","","Go Test","github.com/specterops/bloodhound/cmd/api/src/database/TestDatabase_NullUUID","TestDatabase_NullUUID"
"","366","filling in the name value allows updating the selector and navigates back to the details page","Tag Form","Fri May 29 00:43:22 UTC 2026","passed","Fri May 29 00:43:22 UTC 2026","","","",""
"","79","renders when all data is available and rule is not default","Delete Selector Button rendering","Fri May 29 00:48:19 UTC 2026","passed","Fri May 29 00:48:20 UTC 2026","","","",""
"","0","returns true if arrays are equal","areArraysSimilar","Fri May 29 00:48:18 UTC 2026","passed","Fri May 29 00:48:18 UTC 2026","","","",""
"","2","should recognize azure properties","validating a node property against the shared generated schema","Fri May 29 00:45:21 UTC 2026","passed","Fri May 29 00:45:21 UTC 2026","","","",""
"Test cases for TestPasswordValidator","0","TestPasswordValidator","","Fri May 29 00:43:13 UTC 2026","passed","Fri May 29 00:43:13 UTC 2026","","Go Test","github.com/specterops/bloodhound/cmd/api/src/utils/validation/TestPasswordValidator","TestPasswordValidator"
"","198","calls exportToJson util when valid non a empty object is passed as the jsonData prop","GraphControls","Fri May 29 00:43:41 UTC 2026","passed","Fri May 29 00:43:41 UTC 2026","","Exporting json","",""
"Test cases for TestManagementResource_ListSAMLProviders","6","TestManagementResource_ListSAMLProviders","","Fri May 29 00:43:36 UTC 2026","passed","Fri May 29 00:43:36 UTC 2026","","Go Test","github.com/specterops/bloodhound/cmd/api/src/api/v2/auth/TestManagementResource_ListSAMLProviders","TestManagementResource_ListSAMLProviders"
"","0","should return an empty map when no tags or paths match","opsFilter","Fri May 29 00:47:37 UTC 2026","passed","Fri May 29 00:47:37 UTC 2026","","","",""
"","316","filters unselected columns when typing in the filter input","ManageColumnsComboBox","Fri May 29 00:45:18 UTC 2026","passed","Fri May 29 00:45:18 UTC 2026","","","",""
"","0","The data is fetching","Getting the text for the disabled item display for a search when there are no results","Fri May 29 00:46:59 UTC 2026","passed","Fri May 29 00:46:59 UTC 2026","","Loading states","",""
"Test cases for TestConvertDomainToNode_DomainInvalidProperties","0","TestConvertDomainToNode_DomainInvalidProperties","","Fri May 29 00:43:15 UTC 2026","passed","Fri May 29 00:43:15 UTC 2026","","Go Test","github.com/specterops/bloodhound/packages/go/ein/TestConvertDomainToNode_DomainInvalidProperties","TestConvertDomainToNode_DomainInvalidProperties"
"","52","when session token or user are null, redirects to /login","AuthenticatedRoute","Fri May 29 00:49:36 UTC 2026","passed","Fri May 29 00:49:36 UTC 2026","","","",""
"","0","returns empty arrays when kinds data has empty arrays","graphSchema","Fri May 29 00:48:09 UTC 2026","passed","Fri May 29 00:48:09 UTC 2026","","","",""
"","1917","should remove the option from the changelog when the corresponding button is clicked","AssetGroupEdit","Fri May 29 00:47:00 UTC 2026","passed","Fri May 29 00:47:02 UTC 2026","","","",""
"","299","disables any available button toggles if the user lacks the permission","EarlyAccessFeatures","Fri May 29 00:49:35 UTC 2026","passed","Fri May 29 00:49:36 UTC 2026","","","",""
"","123","should render tag to Label content","TagToZoneLabelDialog","Fri May 29 00:46:34 UTC 2026","passed","Fri May 29 00:46:35 UTC 2026","","","",""
"","20","renders null if network fails to return valid asset group membership list","AssetGroupMenuItem","Fri May 29 00:49:08 UTC 2026","passed","Fri May 29 00:49:08 UTC 2026","","adding to an asset group","",""
"","256","on clicking switch shows modal and when clicking confirm closes it and switch changes to disabled","CitrixRDPConfiguration","Fri May 29 00:45:34 UTC 2026","passed","Fri May 29 00:45:34 UTC 2026","","Click on switch to disable","",""
"","1","reads and parses an existing value from localStorage","useLocalStorage","Fri May 29 00:45:46 UTC 2026","passed","Fri May 29 00:45:46 UTC 2026","","initial value","",""
"Test cases for Test_parseRelationshipKindsParam","1","Test_parseRelationshipKindsParam","","Fri May 29 00:42:51 UTC 2026","passed","Fri May 29 00:42:51 UTC 2026","","Go Test","github.com/specterops/bloodhound/cmd/api/src/api/v2/Test_parseRelationshipKindsParam","Test_parseRelationshipKindsParam"
"Test cases for TestResources_GetCollectorManifest","0","TestResources_GetCollectorManifest","","Fri May 29 00:42:51 UTC 2026","passed","Fri May 29 00:42:51 UTC 2026","","Go Test","github.com/specterops/bloodhound/cmd/api/src/api/v2/TestResources_GetCollectorManifest","TestResources_GetCollectorManifest"
"","19","renders highlight only for active selector when ruleId is present","SelectedHighlight","Fri May 29 00:47:46 UTC 2026","passed","Fri May 29 00:47:46 UTC 2026","","","",""
"","316","sets secondarySearch=id and searchType=node when primarySearch is falsey","ContextMenu","Fri May 29 00:45:08 UTC 2026","passed","Fri May 29 00:45:08 UTC 2026","","","",""
"","0","filters by user-provided platform","filterAndSearchEnvironments","Fri May 29 00:43:44 UTC 2026","passed","Fri May 29 00:43:44 UTC 2026","","platform filters","",""
"Test cases for TestFeatureFlagManagerPoller","80","TestFeatureFlagManagerPoller","","Fri May 29 00:42:52 UTC 2026","passed","Fri May 29 00:42:52 UTC 2026","","Go Test","github.com/specterops/bloodhound/cmd/api/src/daemons/changelog/TestFeatureFlagManagerPoller","TestFeatureFlagManagerPoller"
"","81","takes the param appendQueryKey and will append that value to the existing queryKey","useAvailableEnvironments","Fri May 29 00:46:08 UTC 2026","passed","Fri May 29 00:46:08 UTC 2026","","useAvailableEnvironments","",""
"","340","renders the Object Tab content when Object tab is chosen","Selected Details Tab Content","Fri May 29 00:47:50 UTC 2026","passed","Fri May 29 00:47:50 UTC 2026","","","",""
"","123","disables the Columns button when the disabled prop is true","ManageColumnsComboBox","Fri May 29 00:45:15 UTC 2026","passed","Fri May 29 00:45:15 UTC 2026","","","",""
"Test cases for TestGetAzureDataQualityStats_Success","0","TestGetAzureDataQualityStats_Success","","Fri May 29 00:42:51 UTC 2026","passed","Fri May 29 00:42:51 UTC 2026","","Go Test","github.com/specterops/bloodhound/cmd/api/src/api/v2/TestGetAzureDataQualityStats_Success","TestGetAzureDataQualityStats_Success"
"","4","returns paramValue if it is one of the expected values","useExploreParams","Fri May 29 00:48:44 UTC 2026","passed","Fri May 29 00:48:44 UTC 2026","","parseSearchType","",""
"Test cases for TestResources_ListADGroupSessions","2","TestResources_ListADGroupSessions","","Fri May 29 00:42:51 UTC 2026","passed","Fri May 29 00:42:51 UTC 2026","","Go Test","github.com/specterops/bloodhound/cmd/api/src/api/v2/TestResources_ListADGroupSessions","TestResources_ListADGroupSessions"
"Test cases for Test_filterAndFormatSearchResults_filterEnvironments_tenantIDFail","0","Test_filterAndFormatSearchResults_filterEnvironments_tenantIDFail","","Fri May 29 00:42:51 UTC 2026","passed","Fri May 29 00:42:51 UTC 2026","","Go Test","github.com/specterops/bloodhound/cmd/api/src/api/v2/Test_filterAndFormatSearchResults_filterEnvironments_tenantIDFail","Test_filterAndFormatSearchResults_filterEnvironments_tenantIDFail"
"","1","returns query config when searchType is relationship and all required params are passed","useExploreGraph","Fri May 29 00:44:44 UTC 2026","passed","Fri May 29 00:44:44 UTC 2026","relationship search queries","exploreGraphQueryFactory","",""
"Test cases for TestInt64ValueOrZero","0","TestInt64ValueOrZero","","Fri May 29 00:42:52 UTC 2026","passed","Fri May 29 00:42:52 UTC 2026","","Go Test","github.com/specterops/bloodhound/cmd/api/src/database/types/null/TestInt64ValueOrZero","TestInt64ValueOrZero"
"Test cases for TestManagementResource_ListRoles","0","TestManagementResource_ListRoles","","Fri May 29 00:42:57 UTC 2026","passed","Fri May 29 00:42:57 UTC 2026","","Go Test","github.com/specterops/bloodhound/cmd/api/src/api/v2/auth/TestManagementResource_ListRoles","TestManagementResource_ListRoles"
"Test cases for TestResources_UpdateAssetGroupSelectors_SuccessT0","0","TestResources_UpdateAssetGroupSelectors_SuccessT0","","Fri May 29 00:42:51 UTC 2026","passed","Fri May 29 00:42:51 UTC 2026","","Go Test","github.com/specterops/bloodhound/cmd/api/src/api/v2/TestResources_UpdateAssetGroupSelectors_SuccessT0","TestResources_UpdateAssetGroupSelectors_SuccessT0"
"","660","renders a primary button as expected","DropdownSelector","Fri May 29 00:47:20 UTC 2026","passed","Fri May 29 00:47:21 UTC 2026","","","",""
"Test cases for TestResources_ListADEntityControllers","0","TestResources_ListADEntityControllers","","Fri May 29 00:42:51 UTC 2026","passed","Fri May 29 00:42:51 UTC 2026","","Go Test","github.com/specterops/bloodhound/cmd/api/src/api/v2/TestResources_ListADEntityControllers","TestResources_ListADEntityControllers"
"","3","returns {enabled: false} if there is not a match on the switch statement","useExploreGraph","Fri May 29 00:44:44 UTC 2026","passed","Fri May 29 00:44:44 UTC 2026","","exploreGraphQueryFactory","",""
"Test cases for TestNewAuditLog_BadAuthContext","0","TestNewAuditLog_BadAuthContext","","Fri May 29 00:42:52 UTC 2026","passed","Fri May 29 00:42:52 UTC 2026","","Go Test","github.com/specterops/bloodhound/cmd/api/src/database/TestNewAuditLog_BadAuthContext","TestNewAuditLog_BadAuthContext"
"Test cases for TestAddOrderByToNeo4jQuery_NoOrderByClause","0","TestAddOrderByToNeo4jQuery_NoOrderByClause","","Fri May 29 00:42:51 UTC 2026","passed","Fri May 29 00:42:51 UTC 2026","","Go Test","github.com/specterops/bloodhound/cmd/api/src/api/v2/TestAddOrderByToNeo4jQuery_NoOrderByClause","TestAddOrderByToNeo4jQuery_NoOrderByClause"
"Test cases for TestIntIsZero","0","TestIntIsZero","","Fri May 29 00:42:52 UTC 2026","passed","Fri May 29 00:42:52 UTC 2026","","Go Test","github.com/specterops/bloodhound/cmd/api/src/database/types/null/TestIntIsZero","TestIntIsZero"
"","581","should call performSearch on keyboard press alt+R","CypherSearch","Fri May 29 00:44:16 UTC 2026","passed","Fri May 29 00:44:16 UTC 2026","","","",""
"Test cases for TestDisenrollMFA_Admin_Success","3787","TestDisenrollMFA_Admin_Success","","Fri May 29 00:43:27 UTC 2026","passed","Fri May 29 00:43:31 UTC 2026","","Go Test","github.com/specterops/bloodhound/cmd/api/src/api/v2/auth/TestDisenrollMFA_Admin_Success","TestDisenrollMFA_Admin_Success"
"","474","toggles parent from all to none","GraphDataCheckboxes","Fri May 29 00:44:44 UTC 2026","passed","Fri May 29 00:44:45 UTC 2026","","","",""
"","685","renders a filter search and platform dropdown menu","CommonSearches","Fri May 29 00:45:17 UTC 2026","passed","Fri May 29 00:45:18 UTC 2026","","","",""
"","62","passes the check for at least one permission if the user is missing one of many required permissions","usePermissions","Fri May 29 00:45:34 UTC 2026","passed","Fri May 29 00:45:34 UTC 2026","","","",""
"","22","returns initialValue when the key is absent from localStorage","useLocalStorage","Fri May 29 00:45:46 UTC 2026","passed","Fri May 29 00:45:46 UTC 2026","","initial value","",""
"Test cases for TestRequestWaitDuration","0","TestRequestWaitDuration","","Fri May 29 00:42:43 UTC 2026","passed","Fri May 29 00:42:43 UTC 2026","","Go Test","github.com/specterops/bloodhound/cmd/api/src/api/middleware/TestRequestWaitDuration","TestRequestWaitDuration"
"","80","shows the direct object list and expanded object list empty, when only direct objects in results","Seed Selection Results","Fri May 29 00:45:11 UTC 2026","passed","Fri May 29 00:45:11 UTC 2026","","","",""
"","1055","renders asset group edit options with graph write permissions","ContextMenu","Fri May 29 00:45:06 UTC 2026","passed","Fri May 29 00:45:07 UTC 2026","","","",""
"","176","a name value is required to submit the form","Tag Form","Fri May 29 00:43:22 UTC 2026","passed","Fri May 29 00:43:22 UTC 2026","","","",""
"","108","button displays ""Enabled"" when flag is enabled","EarlyAccessFeatureToggle","Fri May 29 00:49:43 UTC 2026","passed","Fri May 29 00:49:43 UTC 2026","","","",""
"","1915","renders","Glyph Select Dialog","Fri May 29 00:48:13 UTC 2026","passed","Fri May 29 00:48:15 UTC 2026","","","",""
"","132","highlights the selectedLayout when isExploreLayoutSelected is true","GraphControls","Fri May 29 00:43:40 UTC 2026","passed","Fri May 29 00:43:40 UTC 2026","","Selecting a layout","",""
"","147","should call ""onCancel one time""","Enable2FADialog","Fri May 29 00:47:15 UTC 2026","passed","Fri May 29 00:47:16 UTC 2026","","user clicks ""Cancel"" button","",""
"Test cases for TestAddOwnerRoleIDs","0","TestAddOwnerRoleIDs","","Fri May 29 00:43:14 UTC 2026","passed","Fri May 29 00:43:14 UTC 2026","","Go Test","github.com/specterops/bloodhound/packages/go/analysis/azure/TestAddOwnerRoleIDs","TestAddOwnerRoleIDs"
"","265","dispatches an action to the delete the associated node","Rule Object Select","Fri May 29 00:47:17 UTC 2026","passed","Fri May 29 00:47:17 UTC 2026","","","",""
"","83","displays a warning when there is a problem fetching the list of collectors","DownloadCollectors","Fri May 29 00:49:27 UTC 2026","passed","Fri May 29 00:49:27 UTC 2026","","","",""
"Test cases for TestResources_DeleteSavedQuery_DBError","0","TestResources_DeleteSavedQuery_DBError","","Fri May 29 00:42:51 UTC 2026","passed","Fri May 29 00:42:51 UTC 2026","","Go Test","github.com/specterops/bloodhound/cmd/api/src/api/v2/TestResources_DeleteSavedQuery_DBError","TestResources_DeleteSavedQuery_DBError"
"","62","enables correctly returning the tag associated with Tier Zero (position value of 1) from the list of tags","the useAssetGroupTags utilities","Fri May 29 00:45:10 UTC 2026","passed","Fri May 29 00:45:11 UTC 2026","","","",""
"Test cases for TestFeatureFlagManager","0","TestFeatureFlagManager","","Fri May 29 00:42:52 UTC 2026","passed","Fri May 29 00:42:52 UTC 2026","","Go Test","github.com/specterops/bloodhound/cmd/api/src/daemons/changelog/TestFeatureFlagManager","TestFeatureFlagManager"
"Test cases for TestRandomDurationBetween","16","TestRandomDurationBetween","","Fri May 29 00:42:52 UTC 2026","passed","Fri May 29 00:42:52 UTC 2026","","Go Test","github.com/specterops/bloodhound/cmd/api/src/daemons/datapipe/TestRandomDurationBetween","TestRandomDurationBetween"
"","0","reports an API error when there is only statusText","handleError","Fri May 29 00:44:50 UTC 2026","passed","Fri May 29 00:44:50 UTC 2026","","","",""
"Test cases for TestDefineNodeName","0","TestDefineNodeName","","Fri May 29 00:43:14 UTC 2026","passed","Fri May 29 00:43:14 UTC 2026","","Go Test","github.com/specterops/bloodhound/packages/go/analysis/ad/wellknown/TestDefineNodeName","TestDefineNodeName"
"Test cases for TestTypes_Scan_Success","0","TestTypes_Scan_Success","","Fri May 29 00:42:52 UTC 2026","passed","Fri May 29 00:42:52 UTC 2026","","Go Test","github.com/specterops/bloodhound/cmd/api/src/database/types/TestTypes_Scan_Success","TestTypes_Scan_Success"
"","210","handles close event","ImportQueryDialog","Fri May 29 00:48:32 UTC 2026","passed","Fri May 29 00:48:33 UTC 2026","","","",""
"","324","does not display a “Disable query timeout” checkbox when timeout limit param config is enabled true","ExploreSearch interaction","Fri May 29 00:49:22 UTC 2026","passed","Fri May 29 00:49:22 UTC 2026","","","",""
"","43","does not set input text if no value is given","ManagedDatePicker - value","Fri May 29 00:46:23 UTC 2026","passed","Fri May 29 00:46:23 UTC 2026","","","",""
"","10","does not render the tooltip icon when tooltipText prop is not passed","ColumnHeaders","Fri May 29 00:46:26 UTC 2026","passed","Fri May 29 00:46:26 UTC 2026","","SortableHeader with Tooltip","",""
"","394","should display a ""Change Password"" modal","UserProfile","Fri May 29 00:45:40 UTC 2026","passed","Fri May 29 00:45:41 UTC 2026","","""Reset Password"" button is clicked","",""
"Test cases for TestResources_GetDatabaseCompleteness","80","TestResources_GetDatabaseCompleteness","","Fri May 29 00:42:51 UTC 2026","passed","Fri May 29 00:42:51 UTC 2026","","Go Test","github.com/specterops/bloodhound/cmd/api/src/api/v2/TestResources_GetDatabaseCompleteness","TestResources_GetDatabaseCompleteness"
"","0","escapes a backslash","escapeCypherString","Fri May 29 00:48:33 UTC 2026","passed","Fri May 29 00:48:33 UTC 2026","","","",""
"","1","returns a function that takes a key found in updatedParams and updates the searchParams with that matching value from updatedParams","searchParams","Fri May 29 00:47:06 UTC 2026","passed","Fri May 29 00:47:06 UTC 2026","","setSingleParamFactory","",""
"","42","sets input text to value","ManagedDatePicker - value","Fri May 29 00:46:23 UTC 2026","passed","Fri May 29 00:46:23 UTC 2026","","","",""
"Test cases for TestGenerateTOTPSecret","0","TestGenerateTOTPSecret","","Fri May 29 00:42:51 UTC 2026","passed","Fri May 29 00:42:51 UTC 2026","","Go Test","github.com/specterops/bloodhound/cmd/api/src/auth/TestGenerateTOTPSecret","TestGenerateTOTPSecret"
"Test cases for TestRequestWaitDuration_Negative","0","TestRequestWaitDuration_Negative","","Fri May 29 00:42:43 UTC 2026","passed","Fri May 29 00:42:43 UTC 2026","","Go Test","github.com/specterops/bloodhound/cmd/api/src/api/middleware/TestRequestWaitDuration_Negative","TestRequestWaitDuration_Negative"
"Test cases for TestModifyCookieAttribute","1","TestModifyCookieAttribute","","Fri May 29 00:43:13 UTC 2026","passed","Fri May 29 00:43:13 UTC 2026","","Go Test","github.com/specterops/bloodhound/cmd/api/src/utils/test/TestModifyCookieAttribute","TestModifyCookieAttribute"
"","250","on clicking switch shows modal and when clicking cancel closes it and switch stays enabled","CitrixRDPConfiguration","Fri May 29 00:45:34 UTC 2026","passed","Fri May 29 00:45:34 UTC 2026","","Click on switch to disable","",""
"","1343","shows tooltip content when hovering the info icon in the Namespace column header","ActiveExtensionsCard","Fri May 29 00:43:47 UTC 2026","passed","Fri May 29 00:43:48 UTC 2026","","","",""
"","133","returns false when no nodes are available","useGraphHasData","Fri May 29 00:48:04 UTC 2026","passed","Fri May 29 00:48:04 UTC 2026","","","",""
"","86","displays the value from filterParams.node_type","AssetGroupEdit","Fri May 29 00:45:26 UTC 2026","passed","Fri May 29 00:45:27 UTC 2026","","Node Type dropdown filter","",""
"","2","removes the key when null is passed to the setter","useLocalStorage","Fri May 29 00:45:46 UTC 2026","passed","Fri May 29 00:45:46 UTC 2026","","setValue","",""
"","66","calls setSelected with correct data on click","NoteCell component","Fri May 29 00:47:17 UTC 2026","passed","Fri May 29 00:47:17 UTC 2026","","","",""
"","265","calls onChange with all columns when ""Select All"" is clicked","ManageColumnsComboBox","Fri May 29 00:45:16 UTC 2026","passed","Fri May 29 00:45:16 UTC 2026","","","",""
"","57","shows the direct object empty and expanded object list empty, when no results in both","Seed Selection Results","Fri May 29 00:45:11 UTC 2026","passed","Fri May 29 00:45:11 UTC 2026","","","",""
"Test cases for TestResources_UpdateSavedQuery_InvalidBody","0","TestResources_UpdateSavedQuery_InvalidBody","","Fri May 29 00:42:51 UTC 2026","passed","Fri May 29 00:42:51 UTC 2026","","Go Test","github.com/specterops/bloodhound/cmd/api/src/api/v2/TestResources_UpdateSavedQuery_InvalidBody","TestResources_UpdateSavedQuery_InvalidBody"
"Test cases for TestManagementResource_UpdateUser_DBError","1144","TestManagementResource_UpdateUser_DBError","","Fri May 29 00:43:11 UTC 2026","passed","Fri May 29 00:43:12 UTC 2026","","Go Test","github.com/specterops/bloodhound/cmd/api/src/api/v2/auth/TestManagementResource_UpdateUser_DBError","TestManagementResource_UpdateUser_DBError"
"Test cases for TestLoginFailure","0","TestLoginFailure","","Fri May 29 00:42:51 UTC 2026","passed","Fri May 29 00:42:51 UTC 2026","","Go Test","github.com/specterops/bloodhound/cmd/api/src/api/v2/auth/TestLoginFailure","TestLoginFailure"
"","0","shows no collection methods","toCollected","Fri May 29 00:48:14 UTC 2026","passed","Fri May 29 00:48:14 UTC 2026","","","",""
"Test cases for TestParseGPOData","1","TestParseGPOData","","Fri May 29 00:43:15 UTC 2026","passed","Fri May 29 00:43:15 UTC 2026","","Go Test","github.com/specterops/bloodhound/packages/go/ein/TestParseGPOData","TestParseGPOData"
"","0","The user has yet to type into the search (for OU and Domain searches that have hard coded types)","Getting the text for the disabled item display for a search when there are no results","Fri May 29 00:46:59 UTC 2026","passed","Fri May 29 00:46:59 UTC 2026","","Empty data states","",""
"","0","fails for password without digits","testPassword","Fri May 29 00:48:38 UTC 2026","passed","Fri May 29 00:48:38 UTC 2026","","","",""
"Test cases for Test_UseHarness","0","Test_UseHarness","","Fri May 29 00:43:15 UTC 2026","passed","Fri May 29 00:43:15 UTC 2026","","Go Test","github.com/specterops/bloodhound/packages/go/lab/Test_UseHarness","Test_UseHarness"
"","322","closes confirmation dialog when cancel is clicked","ActiveExtensionsCard","Fri May 29 00:43:49 UTC 2026","passed","Fri May 29 00:43:50 UTC 2026","","","",""
"Test cases for TestRewriter_Enter_CombinedADAndAzureShortcut_PreservesOrder","0","TestRewriter_Enter_CombinedADAndAzureShortcut_PreservesOrder","","Fri May 29 00:42:54 UTC 2026","passed","Fri May 29 00:42:54 UTC 2026","","Go Test","github.com/specterops/bloodhound/cmd/api/src/queries/TestRewriter_Enter_CombinedADAndAzureShortcut_PreservesOrder","TestRewriter_Enter_CombinedADAndAzureShortcut_PreservesOrder"
"","6","renders without label when label is empty string","StatusIndicator","Fri May 29 00:48:32 UTC 2026","passed","Fri May 29 00:48:32 UTC 2026","","","",""
"Test cases for TestUnmarshalTimeText","0","TestUnmarshalTimeText","","Fri May 29 00:42:52 UTC 2026","passed","Fri May 29 00:42:52 UTC 2026","","Go Test","github.com/specterops/bloodhound/cmd/api/src/database/types/null/TestUnmarshalTimeText","TestUnmarshalTimeText"
"","367","should disable Cancel and Save buttons while isLoading is true","CreateUserDialog","Fri May 29 00:44:16 UTC 2026","passed","Fri May 29 00:44:16 UTC 2026","","","",""
"","132","upon selecting just a source node, updates the URL with a searchType of 'node' and primarySearch of the node's objectid","usePathfindingSearch","Fri May 29 00:46:11 UTC 2026","passed","Fri May 29 00:46:11 UTC 2026","","","",""
"Test cases for TestIntPointer","0","TestIntPointer","","Fri May 29 00:42:52 UTC 2026","passed","Fri May 29 00:42:52 UTC 2026","","Go Test","github.com/specterops/bloodhound/cmd/api/src/database/types/null/TestIntPointer","TestIntPointer"
"","0","EXTENDED ROUNDING when thresholds are set: abbreviates numbers larger than 1000 and should not round the tenth place digit","numberFormatting","Fri May 29 00:46:30 UTC 2026","passed","Fri May 29 00:46:30 UTC 2026","","","",""
"","74","returns the full environment for the environmentid passed","useAvailableEnvironments","Fri May 29 00:46:08 UTC 2026","passed","Fri May 29 00:46:08 UTC 2026","","useSelectedEnvironment","",""
"","750","dark mode should persist between logging in and out","redux store","Fri May 29 00:49:44 UTC 2026","passed","Fri May 29 00:49:44 UTC 2026","","","",""
"","0","returns the distance between two coordinates","getDistanceBetween","Fri May 29 00:49:50 UTC 2026","passed","Fri May 29 00:49:50 UTC 2026","","","",""
"Test cases for TestResources_UpdateAssetGroupSelectors_SuccessOwned","0","TestResources_UpdateAssetGroupSelectors_SuccessOwned","","Fri May 29 00:42:51 UTC 2026","passed","Fri May 29 00:42:51 UTC 2026","","Go Test","github.com/specterops/bloodhound/cmd/api/src/api/v2/TestResources_UpdateAssetGroupSelectors_SuccessOwned","TestResources_UpdateAssetGroupSelectors_SuccessOwned"
"","262","shows Popper when isCurrentSearchOpen is true","GraphControls","Fri May 29 00:43:42 UTC 2026","passed","Fri May 29 00:43:42 UTC 2026","","Searching current results","",""
"Test cases for TestResources_ListAuditLogs_Filtered","0","TestResources_ListAuditLogs_Filtered","","Fri May 29 00:42:51 UTC 2026","passed","Fri May 29 00:42:51 UTC 2026","","Go Test","github.com/specterops/bloodhound/cmd/api/src/api/v2/TestResources_ListAuditLogs_Filtered","TestResources_ListAuditLogs_Filtered"
"Test cases for Test_SetApplicationConfiguration","1","Test_SetApplicationConfiguration","","Fri May 29 00:42:51 UTC 2026","passed","Fri May 29 00:42:51 UTC 2026","","Go Test","github.com/specterops/bloodhound/cmd/api/src/api/v2/Test_SetApplicationConfiguration","Test_SetApplicationConfiguration"
"Test cases for Test_NewRequestSignature","0","Test_NewRequestSignature","","Fri May 29 00:42:27 UTC 2026","passed","Fri May 29 00:42:27 UTC 2026","","Go Test","github.com/specterops/bloodhound/cmd/api/src/api/Test_NewRequestSignature","Test_NewRequestSignature"
"","0","returns null if paramValue is null","useEnvironmentParams","Fri May 29 00:48:39 UTC 2026","passed","Fri May 29 00:48:39 UTC 2026","","parseEnvironmentAggregation","",""
"Test cases for TestMarshalInt64","0","TestMarshalInt64","","Fri May 29 00:42:52 UTC 2026","passed","Fri May 29 00:42:52 UTC 2026","","Go Test","github.com/specterops/bloodhound/cmd/api/src/database/types/null/TestMarshalInt64","TestMarshalInt64"
"","0","handles specific Active Directory properties differently than Azure derived properties","Formatting number properties","Fri May 29 00:45:21 UTC 2026","passed","Fri May 29 00:45:21 UTC 2026","","","",""
"","442","adds a ""Close"" button that closes the dialog after a failed upload","SchemaUploadDialog","Fri May 29 00:44:51 UTC 2026","passed","Fri May 29 00:44:51 UTC 2026","","","",""
"","103","Calls the `Base` endpoint for a LocalUser type node","EntityObjectInformation","Fri May 29 00:46:21 UTC 2026","passed","Fri May 29 00:46:21 UTC 2026","","","",""
"","558","should accept passwords with unicode symbol characters","CreateUserForm","Fri May 29 00:44:01 UTC 2026","passed","Fri May 29 00:44:01 UTC 2026","","","",""
"","175","renders Label as first tab and is also the initially selected on first render in Labels View/Tab","Selected Details Tabs","Fri May 29 00:45:53 UTC 2026","passed","Fri May 29 00:45:53 UTC 2026","","Selected Details Tabs - Params present","",""
"","167","shows ""<10 Days to Expire"" warning when token expires within 10 days","UserTokenManagementDialog - API Expiration Date column","Fri May 29 00:45:06 UTC 2026","passed","Fri May 29 00:45:06 UTC 2026","","","",""
"Test cases for Test_filterAndFormatSearchResults","0","Test_filterAndFormatSearchResults","","Fri May 29 00:42:51 UTC 2026","passed","Fri May 29 00:42:51 UTC 2026","","Go Test","github.com/specterops/bloodhound/cmd/api/src/api/v2/Test_filterAndFormatSearchResults","Test_filterAndFormatSearchResults"
"","3128","should open edge filtering dialog","EdgeFilter","Fri May 29 00:46:12 UTC 2026","passed","Fri May 29 00:46:16 UTC 2026","","","",""
"Test cases for TestMergedFS_ReadDir","0","TestMergedFS_ReadDir","","Fri May 29 00:42:52 UTC 2026","passed","Fri May 29 00:42:52 UTC 2026","","Go Test","github.com/specterops/bloodhound/cmd/api/src/database/migration/TestMergedFS_ReadDir","TestMergedFS_ReadDir"
"","71","renders the title","ProcessingIndicator","Fri May 29 00:48:42 UTC 2026","passed","Fri May 29 00:48:42 UTC 2026","","","",""
"Test cases for TestResources_ListAuditLogs_OnlySkip","0","TestResources_ListAuditLogs_OnlySkip","","Fri May 29 00:42:51 UTC 2026","passed","Fri May 29 00:42:51 UTC 2026","","Go Test","github.com/specterops/bloodhound/cmd/api/src/api/v2/TestResources_ListAuditLogs_OnlySkip","TestResources_ListAuditLogs_OnlySkip"
"Test cases for TestIngestionCoordinator_FlushBuffer","0","TestIngestionCoordinator_FlushBuffer","","Fri May 29 00:42:52 UTC 2026","passed","Fri May 29 00:42:52 UTC 2026","","Go Test","github.com/specterops/bloodhound/cmd/api/src/daemons/changelog/TestIngestionCoordinator_FlushBuffer","TestIngestionCoordinator_FlushBuffer"
"","0","should exclude tags and operations that do not match the term","opsFilter","Fri May 29 00:47:37 UTC 2026","passed","Fri May 29 00:47:37 UTC 2026","","","",""
"Test cases for TestResources_ListADGroupMembership","1","TestResources_ListADGroupMembership","","Fri May 29 00:42:51 UTC 2026","passed","Fri May 29 00:42:51 UTC 2026","","Go Test","github.com/specterops/bloodhound/cmd/api/src/api/v2/TestResources_ListADGroupMembership","TestResources_ListADGroupMembership"
"","272","should render","Rule Object Select","Fri May 29 00:47:17 UTC 2026","passed","Fri May 29 00:47:17 UTC 2026","","","",""
"","22","should display hidden label for hidden edge","EdgeInfoHeader","Fri May 29 00:47:12 UTC 2026","passed","Fri May 29 00:47:12 UTC 2026","","","",""
"","458","sets exploreSearchTab param to pathfinding when the user clicks the `pathfinding` tab","ExploreSearch sets searchType on tab changing","Fri May 29 00:49:17 UTC 2026","passed","Fri May 29 00:49:18 UTC 2026","","","",""
"","0","combines platform and collected filters","filterAndSearchEnvironments","Fri May 29 00:43:44 UTC 2026","passed","Fri May 29 00:43:44 UTC 2026","","combined filters","",""
"","0","reports an Object ID-specific error when editing a rule and ruleType is SeedTypeObjectId and seeds are required","handleError","Fri May 29 00:44:50 UTC 2026","passed","Fri May 29 00:44:50 UTC 2026","","","",""
"","704","triggers a file download when a download button is clicked","DownloadCollectors","Fri May 29 00:49:27 UTC 2026","passed","Fri May 29 00:49:27 UTC 2026","","","",""
"","312","calls the onReset prop when the crop button is clicked","GraphControls","Fri May 29 00:43:37 UTC 2026","passed","Fri May 29 00:43:38 UTC 2026","","Resetting graph","",""
"","94","has a button with text Clear Filters","AssetGroupEdit","Fri May 29 00:45:28 UTC 2026","passed","Fri May 29 00:45:28 UTC 2026","","Clear Filters button","",""
"","0","returns false if value is 'string'","searchParams","Fri May 29 00:47:06 UTC 2026","passed","Fri May 29 00:47:06 UTC 2026","","isEmptyParam","",""
"","229","handles chevron click event","CommonSearches","Fri May 29 00:45:19 UTC 2026","passed","Fri May 29 00:45:19 UTC 2026","","","",""
"","59","returns when zone limit is reached","useTagLimits","Fri May 29 00:44:06 UTC 2026","passed","Fri May 29 00:44:06 UTC 2026","","","",""
"Test cases for TestResources_ListADDomainContainedGPOs","1","TestResources_ListADDomainContainedGPOs","","Fri May 29 00:42:51 UTC 2026","passed","Fri May 29 00:42:51 UTC 2026","","Go Test","github.com/specterops/bloodhound/cmd/api/src/api/v2/TestResources_ListADDomainContainedGPOs","TestResources_ListADDomainContainedGPOs"
"","208","renders a graph view","GraphView","Fri May 29 00:49:08 UTC 2026","passed","Fri May 29 00:49:08 UTC 2026","","","",""
"","5156","calls onExploreMenuCollapse again when user reopens widget and runs another multi-node query","CypherSearch","Fri May 29 00:44:33 UTC 2026","passed","Fri May 29 00:44:38 UTC 2026","","Minimize explorer page elements when multiple nodes are returned","",""
"","0","takes setSearchParams and availableParams returns a function","searchParams","Fri May 29 00:47:06 UTC 2026","passed","Fri May 29 00:47:06 UTC 2026","","setParamsFactory","",""
"","35","calculates the running time of a job and converts to a human readable format","getSimpleDuration","Fri May 29 00:47:55 UTC 2026","passed","Fri May 29 00:47:55 UTC 2026","","","",""
"","0","combines all filter types","filterAndSearchEnvironments","Fri May 29 00:43:44 UTC 2026","passed","Fri May 29 00:43:44 UTC 2026","","combined filters","",""
"","719","should display Environmental Targeted Access Control panel when showEnvironmentAccessControls prop is true and read-only role is selected","CreateUserForm","Fri May 29 00:43:57 UTC 2026","passed","Fri May 29 00:43:58 UTC 2026","","","",""
"","948","should hide Environmental Targeted Access Control panel when showEnvironmentAccessControls prop is true and admin role is selected","UpdateUserForm","Fri May 29 00:43:32 UTC 2026","passed","Fri May 29 00:43:33 UTC 2026","","","",""
"","32","does not show View in Explore if exploreUrl is not supplied","Seed Selection Results","Fri May 29 00:45:10 UTC 2026","passed","Fri May 29 00:45:10 UTC 2026","","","",""
"","14","returns the OpenGraph environmentInfo when environmentAggregation param is not a known type","useAvailableEnvironments","Fri May 29 00:46:08 UTC 2026","passed","Fri May 29 00:46:08 UTC 2026","","useSelectedEnvironment","",""
"","443","should not allow leading or trailing empty spaces","CreateUserForm","Fri May 29 00:43:57 UTC 2026","passed","Fri May 29 00:43:57 UTC 2026","","","",""
"","619","should render inputs, labels, and action buttons","UpsertSAMLProviderForm","Fri May 29 00:47:26 UTC 2026","passed","Fri May 29 00:47:27 UTC 2026","","","",""
"","93","temporarily displays the checkmark icon after clicking copy","ExploreTableDataCell","Fri May 29 00:47:58 UTC 2026","passed","Fri May 29 00:47:58 UTC 2026","","","",""
"Test cases for TestDomainSelectors_GetFilterableColumns","0","TestDomainSelectors_GetFilterableColumns","","Fri May 29 00:42:53 UTC 2026","passed","Fri May 29 00:42:53 UTC 2026","","Go Test","github.com/specterops/bloodhound/cmd/api/src/model/TestDomainSelectors_GetFilterableColumns","TestDomainSelectors_GetFilterableColumns"
"Test cases for TestResources_StartIngestJob","80","TestResources_StartIngestJob","","Fri May 29 00:42:51 UTC 2026","passed","Fri May 29 00:42:51 UTC 2026","","Go Test","github.com/specterops/bloodhound/cmd/api/src/api/v2/TestResources_StartIngestJob","TestResources_StartIngestJob"
"Test cases for TestManagementResource_ListAuthTokens_Admin","0","TestManagementResource_ListAuthTokens_Admin","","Fri May 29 00:43:21 UTC 2026","passed","Fri May 29 00:43:21 UTC 2026","","Go Test","github.com/specterops/bloodhound/cmd/api/src/api/v2/auth/TestManagementResource_ListAuthTokens_Admin","TestManagementResource_ListAuthTokens_Admin"
"","764","open and closes dialog with confirm button after user inputs required text","Tag Form","Fri May 29 00:43:25 UTC 2026","passed","Fri May 29 00:43:25 UTC 2026","","","",""
"Test cases for TestFloatFromPtr","0","TestFloatFromPtr","","Fri May 29 00:42:52 UTC 2026","passed","Fri May 29 00:42:52 UTC 2026","","Go Test","github.com/specterops/bloodhound/cmd/api/src/database/types/null/TestFloatFromPtr","TestFloatFromPtr"
"","242","renders correctly with requiresCurrentPassword true","PasswordDialog","Fri May 29 00:44:01 UTC 2026","passed","Fri May 29 00:44:01 UTC 2026","","","",""
"","2011","should allow user to create new SAML provder and then display it in the table","SSOConfiguration","Fri May 29 00:45:21 UTC 2026","passed","Fri May 29 00:45:23 UTC 2026","","","",""
"Test cases for TestValidateTOTPSecret","0","TestValidateTOTPSecret","","Fri May 29 00:42:51 UTC 2026","passed","Fri May 29 00:42:51 UTC 2026","","Go Test","github.com/specterops/bloodhound/cmd/api/src/auth/TestValidateTOTPSecret","TestValidateTOTPSecret"
"","2","dispatches a storage event with null newValue when the key is removed","useLocalStorage","Fri May 29 00:45:46 UTC 2026","passed","Fri May 29 00:45:46 UTC 2026","","storage event synchronisation","",""
"","171","should render action list item that handles a function","MainNav","Fri May 29 00:45:46 UTC 2026","passed","Fri May 29 00:45:46 UTC 2026","","","",""
"","111","enables returning a list of tags","the useAssetGroupTags utilities","Fri May 29 00:45:10 UTC 2026","passed","Fri May 29 00:45:10 UTC 2026","","","",""
"","11","navigates to the specified route with global params intact when triggered by a splat route","AppNavigate","Fri May 29 00:47:23 UTC 2026","passed","Fri May 29 00:47:23 UTC 2026","","","",""
"","259","shows all extensions when search is cleared","ActiveExtensionsCard","Fri May 29 00:43:49 UTC 2026","passed","Fri May 29 00:43:49 UTC 2026","","","",""
"","534","clear validation error on input","ManagedDatePicker - date validation","Fri May 29 00:46:22 UTC 2026","passed","Fri May 29 00:46:23 UTC 2026","","","",""
"","430","should call ""onSave"" one time","Enable2FADialog","Fri May 29 00:47:16 UTC 2026","passed","Fri May 29 00:47:16 UTC 2026","user clicks ""Disable Multi-Factor Authentication"" button","user enters valid password","",""
"","196","should display a toggle switch to enable multi-factor authentication","UserProfile","Fri May 29 00:45:41 UTC 2026","passed","Fri May 29 00:45:41 UTC 2026","","","",""
"Test cases for TestResources_ListADEntityRDPRights","6","TestResources_ListADEntityRDPRights","","Fri May 29 00:42:51 UTC 2026","passed","Fri May 29 00:42:51 UTC 2026","","Go Test","github.com/specterops/bloodhound/cmd/api/src/api/v2/TestResources_ListADEntityRDPRights","TestResources_ListADEntityRDPRights"
"Test cases for Test_PrimaryNodeKind","3","Test_PrimaryNodeKind","","Fri May 29 00:43:15 UTC 2026","passed","Fri May 29 00:43:15 UTC 2026","","Go Test","github.com/specterops/bloodhound/packages/go/graphschema/Test_PrimaryNodeKind","Test_PrimaryNodeKind"
"Test cases for TestSetFontIcon","1","TestSetFontIcon","","Fri May 29 00:42:27 UTC 2026","passed","Fri May 29 00:42:27 UTC 2026","","Go Test","github.com/specterops/bloodhound/cmd/api/src/api/bloodhoundgraph/TestSetFontIcon","TestSetFontIcon"
"","657","should accept passwords with emojis","CreateUserForm","Fri May 29 00:44:01 UTC 2026","passed","Fri May 29 00:44:02 UTC 2026","","","",""
"","707","renders a button and a menu","CreateMenu","Fri May 29 00:45:28 UTC 2026","passed","Fri May 29 00:45:29 UTC 2026","","oidc_support feature flag enabled","",""
"Test cases for TestResources_CreateAssetGroup","0","TestResources_CreateAssetGroup","","Fri May 29 00:42:51 UTC 2026","passed","Fri May 29 00:42:51 UTC 2026","","Go Test","github.com/specterops/bloodhound/cmd/api/src/api/v2/TestResources_CreateAssetGroup","TestResources_CreateAssetGroup"
"","1023","displays validation error messages when password does not meet requirements","PasswordDialog","Fri May 29 00:44:02 UTC 2026","passed","Fri May 29 00:44:03 UTC 2026","","","",""
"","180","shows ""Expired"" in red when the expiration date has already passed","UserTokenManagementDialog - API Expiration Date column","Fri May 29 00:45:06 UTC 2026","passed","Fri May 29 00:45:06 UTC 2026","","","",""
"","1570","shows an error message when unable to delete a rule","Rule Form","Fri May 29 00:43:40 UTC 2026","passed","Fri May 29 00:43:41 UTC 2026","","","",""
"Test cases for TestManagementResource_SAMLCallbackHandler","14","TestManagementResource_SAMLCallbackHandler","","Fri May 29 00:43:36 UTC 2026","passed","Fri May 29 00:43:36 UTC 2026","","Go Test","github.com/specterops/bloodhound/cmd/api/src/api/v2/auth/TestManagementResource_SAMLCallbackHandler","TestManagementResource_SAMLCallbackHandler"
"","1","EXTENDED ROUNDING with different thresholds","numberFormatting","Fri May 29 00:46:30 UTC 2026","passed","Fri May 29 00:46:30 UTC 2026","","","",""
"Test cases for TestResources_ListADDomainInboundTrusts","1","TestResources_ListADDomainInboundTrusts","","Fri May 29 00:42:51 UTC 2026","passed","Fri May 29 00:42:51 UTC 2026","","Go Test","github.com/specterops/bloodhound/cmd/api/src/api/v2/TestResources_ListADDomainInboundTrusts","TestResources_ListADDomainInboundTrusts"
"","319","should call onClose when the Close button is clicked","UpsertSAMLProviderForm","Fri May 29 00:47:27 UTC 2026","passed","Fri May 29 00:47:27 UTC 2026","","","",""
"Test cases for TestResources_GetRootCAEntityInfo","205","TestResources_GetRootCAEntityInfo","","Fri May 29 00:42:51 UTC 2026","passed","Fri May 29 00:42:51 UTC 2026","","Go Test","github.com/specterops/bloodhound/cmd/api/src/api/v2/TestResources_GetRootCAEntityInfo","TestResources_GetRootCAEntityInfo"
"","0","abbreviates thousands, millions, billions, trillions as expected","numberFormatting","Fri May 29 00:46:30 UTC 2026","passed","Fri May 29 00:46:30 UTC 2026","","","",""
"","694","renders a button that expands the filter section","AssetGroupEdit","Fri May 29 00:45:26 UTC 2026","passed","Fri May 29 00:45:26 UTC 2026","","","",""
"Test cases for TestManagementResource_ListAuthTokens_NonAdmin","0","TestManagementResource_ListAuthTokens_NonAdmin","","Fri May 29 00:43:21 UTC 2026","passed","Fri May 29 00:43:21 UTC 2026","","Go Test","github.com/specterops/bloodhound/cmd/api/src/api/v2/auth/TestManagementResource_ListAuthTokens_NonAdmin","TestManagementResource_ListAuthTokens_NonAdmin"
"Test cases for TestResources_ListADDomainContainedGroups","2","TestResources_ListADDomainContainedGroups","","Fri May 29 00:42:51 UTC 2026","passed","Fri May 29 00:42:51 UTC 2026","","Go Test","github.com/specterops/bloodhound/cmd/api/src/api/v2/TestResources_ListADDomainContainedGroups","TestResources_ListADDomainContainedGroups"
"","201","opens when keyboard shortcut is pressed","GraphControls","Fri May 29 00:43:42 UTC 2026","passed","Fri May 29 00:43:42 UTC 2026","","Searching current results","",""
"","10","fully replaces state","useObjectState","Fri May 29 00:47:54 UTC 2026","passed","Fri May 29 00:47:54 UTC 2026","","","",""
"","1","pwdlastset","Handling value formatting for Active Directory entity properties lastlogon, lastlogontimestamp, whencreated, and pwdlastset","Fri May 29 00:45:21 UTC 2026","passed","Fri May 29 00:45:21 UTC 2026","","","",""
"Test cases for TestNormalizeToUTF8_LargeInput","0","TestNormalizeToUTF8_LargeInput","","Fri May 29 00:43:15 UTC 2026","passed","Fri May 29 00:43:15 UTC 2026","","Go Test","github.com/specterops/bloodhound/packages/go/bomenc/TestNormalizeToUTF8_LargeInput","TestNormalizeToUTF8_LargeInput"
"","914","opens the entity information panel for the auto-selected node","GraphView","Fri May 29 00:49:12 UTC 2026","passed","Fri May 29 00:49:12 UTC 2026","","","",""
"","107","displays a table of completed ingest logs","FileIngest","Fri May 29 00:47:49 UTC 2026","passed","Fri May 29 00:47:49 UTC 2026","","","",""
"Test cases for TestResources_ListAuditLogs","0","TestResources_ListAuditLogs","","Fri May 29 00:42:51 UTC 2026","passed","Fri May 29 00:42:51 UTC 2026","","Go Test","github.com/specterops/bloodhound/cmd/api/src/api/v2/TestResources_ListAuditLogs","TestResources_ListAuditLogs"
"","0","returns Object ID message when ruleType is SeedTypeObjectId and seeds are required","getErrorMessage","Fri May 29 00:44:50 UTC 2026","passed","Fri May 29 00:44:50 UTC 2026","","","",""
"","400","should render","OneTimePasscodeForm","Fri May 29 00:47:49 UTC 2026","passed","Fri May 29 00:47:50 UTC 2026","","","",""
"","412","should render","LoginViaSSOForm","Fri May 29 00:47:03 UTC 2026","passed","Fri May 29 00:47:03 UTC 2026","","","",""
"","75","disables the upload file button when the user does not have the opengraph write permission","SchemaUploadDialog","Fri May 29 00:44:49 UTC 2026","passed","Fri May 29 00:44:49 UTC 2026","","","",""
"Test cases for TestTimeValueOrZero","0","TestTimeValueOrZero","","Fri May 29 00:42:52 UTC 2026","passed","Fri May 29 00:42:52 UTC 2026","","Go Test","github.com/specterops/bloodhound/cmd/api/src/database/types/null/TestTimeValueOrZero","TestTimeValueOrZero"
"Test cases for TestManagementResource_GetUser","24017","TestManagementResource_GetUser","","Fri May 29 00:43:12 UTC 2026","passed","Fri May 29 00:43:36 UTC 2026","","Go Test","github.com/specterops/bloodhound/cmd/api/src/api/v2/auth/TestManagementResource_GetUser","TestManagementResource_GetUser"
"Test cases for TestInt64Equal","0","TestInt64Equal","","Fri May 29 00:42:52 UTC 2026","passed","Fri May 29 00:42:52 UTC 2026","","Go Test","github.com/specterops/bloodhound/cmd/api/src/database/types/null/TestInt64Equal","TestInt64Equal"
"Test cases for TestResources_ListSourceKinds","64","TestResources_ListSourceKinds","","Fri May 29 00:42:51 UTC 2026","passed","Fri May 29 00:42:51 UTC 2026","","Go Test","github.com/specterops/bloodhound/cmd/api/src/api/v2/TestResources_ListSourceKinds","TestResources_ListSourceKinds"
"Test cases for TestManagementResource_CreateSAMLProviderMultipart","14","TestManagementResource_CreateSAMLProviderMultipart","","Fri May 29 00:43:36 UTC 2026","passed","Fri May 29 00:43:36 UTC 2026","","Go Test","github.com/specterops/bloodhound/cmd/api/src/api/v2/auth/TestManagementResource_CreateSAMLProviderMultipart","TestManagementResource_CreateSAMLProviderMultipart"
"Test cases for TestBuildErrorResponseUnauthorized","0","TestBuildErrorResponseUnauthorized","","Fri May 29 00:42:27 UTC 2026","passed","Fri May 29 00:42:27 UTC 2026","","Go Test","github.com/specterops/bloodhound/cmd/api/src/api/TestBuildErrorResponseUnauthorized","TestBuildErrorResponseUnauthorized"
"","63","correctly handles the hygiene ID with value 0 by not omitting it in the params value even though 0 is falsey","usePZQueryParams","Fri May 29 00:46:48 UTC 2026","passed","Fri May 29 00:46:48 UTC 2026","","","",""
"Test cases for Test_runMaybeCachedEntityQuery","1","Test_runMaybeCachedEntityQuery","","Fri May 29 00:42:54 UTC 2026","passed","Fri May 29 00:42:54 UTC 2026","","Go Test","github.com/specterops/bloodhound/cmd/api/src/queries/Test_runMaybeCachedEntityQuery","Test_runMaybeCachedEntityQuery"
"Test cases for TestBuildErrorResponseConflict","1","TestBuildErrorResponseConflict","","Fri May 29 00:42:27 UTC 2026","passed","Fri May 29 00:42:27 UTC 2026","","Go Test","github.com/specterops/bloodhound/cmd/api/src/api/TestBuildErrorResponseConflict","TestBuildErrorResponseConflict"
"Test cases for TestSignRequestValuesSuccess","0","TestSignRequestValuesSuccess","","Fri May 29 00:42:27 UTC 2026","passed","Fri May 29 00:42:27 UTC 2026","","Go Test","github.com/specterops/bloodhound/cmd/api/src/api/TestSignRequestValuesSuccess","TestSignRequestValuesSuccess"
"Test cases for TestResources_ListADIssuancePolicyLinkedCertTemplates","153","TestResources_ListADIssuancePolicyLinkedCertTemplates","","Fri May 29 00:42:51 UTC 2026","passed","Fri May 29 00:42:51 UTC 2026","","Go Test","github.com/specterops/bloodhound/cmd/api/src/api/v2/TestResources_ListADIssuancePolicyLinkedCertTemplates","TestResources_ListADIssuancePolicyLinkedCertTemplates"
"","298","sets a primarySearch=id and searchType=pathfinding when secondarySearch is truthy","ContextMenu","Fri May 29 00:49:27 UTC 2026","passed","Fri May 29 00:49:27 UTC 2026","","","",""
"Test cases for TestTextUnmarshalString","0","TestTextUnmarshalString","","Fri May 29 00:42:52 UTC 2026","passed","Fri May 29 00:42:52 UTC 2026","","Go Test","github.com/specterops/bloodhound/cmd/api/src/database/types/null/TestTextUnmarshalString","TestTextUnmarshalString"
"","5534","Typing in the search bar filters the results","ExploreTable","Fri May 29 00:43:23 UTC 2026","passed","Fri May 29 00:43:29 UTC 2026","","","",""
"","78","links to the specified route with global params intact when triggered by a splat route","AppLink","Fri May 29 00:46:51 UTC 2026","passed","Fri May 29 00:46:51 UTC 2026","","","",""
"Test cases for TestTextUnmarshalInt","0","TestTextUnmarshalInt","","Fri May 29 00:42:52 UTC 2026","passed","Fri May 29 00:42:52 UTC 2026","","Go Test","github.com/specterops/bloodhound/cmd/api/src/database/types/null/TestTextUnmarshalInt","TestTextUnmarshalInt"
"Test cases for TestActivateMFA_Success","661","TestActivateMFA_Success","","Fri May 29 00:43:36 UTC 2026","passed","Fri May 29 00:43:36 UTC 2026","","Go Test","github.com/specterops/bloodhound/cmd/api/src/api/v2/auth/TestActivateMFA_Success","TestActivateMFA_Success"
"","52","does not render count for a selected zone if prop is not set","DynamicDetails","Fri May 29 00:45:44 UTC 2026","passed","Fri May 29 00:45:44 UTC 2026","","","",""
"Test cases for TestResources_GetShortestPath","7","TestResources_GetShortestPath","","Fri May 29 00:42:51 UTC 2026","passed","Fri May 29 00:42:51 UTC 2026","","Go Test","github.com/specterops/bloodhound/cmd/api/src/api/v2/TestResources_GetShortestPath","TestResources_GetShortestPath"
"","2","rounds down fractional minutes/days","getSimpleDuration","Fri May 29 00:47:55 UTC 2026","passed","Fri May 29 00:47:55 UTC 2026","","","",""
"","119","calls onClick when toggle button clicked","EarlyAccessFeatureToggle","Fri May 29 00:49:43 UTC 2026","passed","Fri May 29 00:49:43 UTC 2026","","","",""
"","62","when there is no ID in the URL the highest position tag ID is returned","usePZQueryParams","Fri May 29 00:46:48 UTC 2026","passed","Fri May 29 00:46:48 UTC 2026","","","",""
"","10","shows hint by default","ManagedDatePicker - placeholders","Fri May 29 00:46:23 UTC 2026","passed","Fri May 29 00:46:23 UTC 2026","","","",""
"","0","returns empty array when environments is undefined","filterAndSearchEnvironments","Fri May 29 00:43:44 UTC 2026","passed","Fri May 29 00:43:44 UTC 2026","","with empty environments","",""
"","198","renders an interactive version when preview is set to false","PrivilegeZonesCypherEditor Search component for Zone Management","Fri May 29 00:47:33 UTC 2026","passed","Fri May 29 00:47:33 UTC 2026","","","",""
"","248","should fire ""onClose"" once","UserTokenManagementDialog","Fri May 29 00:45:05 UTC 2026","passed","Fri May 29 00:45:05 UTC 2026","","when user clicks ""Close"" button","",""
"","93","calls getAssetGroupTags for topTagId","DetailsRoot","Fri May 29 00:48:45 UTC 2026","passed","Fri May 29 00:48:45 UTC 2026","","","",""
"Test cases for TestSortJSONArrayElements","1","TestSortJSONArrayElements","","Fri May 29 00:43:13 UTC 2026","passed","Fri May 29 00:43:13 UTC 2026","","Go Test","github.com/specterops/bloodhound/cmd/api/src/utils/test/TestSortJSONArrayElements","TestSortJSONArrayElements"
"","311","renders a snackbar notification in the dom and tests autoHideDuration","AppNotifications","Fri May 29 00:47:21 UTC 2026","passed","Fri May 29 00:47:22 UTC 2026","","","",""
"Test cases for Test_TopLevel","2","Test_TopLevel","","Fri May 29 00:43:30 UTC 2026","passed","Fri May 29 00:43:30 UTC 2026","","Go Test","github.com/specterops/bloodhound/packages/go/schemagen/csgen/Test_TopLevel","Test_TopLevel"
"Test cases for TestResources_DeleteSavedQuery_RecordNotFound_EdgeCase","1","TestResources_DeleteSavedQuery_RecordNotFound_EdgeCase","","Fri May 29 00:42:51 UTC 2026","passed","Fri May 29 00:42:51 UTC 2026","","Go Test","github.com/specterops/bloodhound/cmd/api/src/api/v2/TestResources_DeleteSavedQuery_RecordNotFound_EdgeCase","TestResources_DeleteSavedQuery_RecordNotFound_EdgeCase"
"Test cases for TestNormalizeToUTF8_ReaderError","0","TestNormalizeToUTF8_ReaderError","","Fri May 29 00:43:15 UTC 2026","passed","Fri May 29 00:43:15 UTC 2026","","Go Test","github.com/specterops/bloodhound/packages/go/bomenc/TestNormalizeToUTF8_ReaderError","TestNormalizeToUTF8_ReaderError"
"Test cases for Test_UseHooks","2","Test_UseHooks","","Fri May 29 00:43:15 UTC 2026","passed","Fri May 29 00:43:15 UTC 2026","","Go Test","github.com/specterops/bloodhound/packages/go/lab/Test_UseHooks","Test_UseHooks"
"","296","shows ""Clear All"" when all columns are selected","ManageColumnsComboBox","Fri May 29 00:45:16 UTC 2026","passed","Fri May 29 00:45:16 UTC 2026","","","",""
"Test cases for TestResources_UpdateAssetGroupTagSelector","3","TestResources_UpdateAssetGroupTagSelector","","Fri May 29 00:42:51 UTC 2026","passed","Fri May 29 00:42:51 UTC 2026","","Go Test","github.com/specterops/bloodhound/cmd/api/src/api/v2/TestResources_UpdateAssetGroupTagSelector","TestResources_UpdateAssetGroupTagSelector"
"","100","disables items via itemDisabled and hides the chevron icon visually","<DetailsAccordion />","Fri May 29 00:45:14 UTC 2026","passed","Fri May 29 00:45:14 UTC 2026","","","",""
"Test cases for TestManagementResource_ListSAMLSignOnEndpoints","6","TestManagementResource_ListSAMLSignOnEndpoints","","Fri May 29 00:43:36 UTC 2026","passed","Fri May 29 00:43:36 UTC 2026","","Go Test","github.com/specterops/bloodhound/cmd/api/src/api/v2/auth/TestManagementResource_ListSAMLSignOnEndpoints","TestManagementResource_ListSAMLSignOnEndpoints"
"","537","clears the applied filter","FileIngestFilterDialog","Fri May 29 00:44:56 UTC 2026","passed","Fri May 29 00:44:56 UTC 2026","","Status Select","",""
"","56","sets autoDisplayTable to false if query returns edges","useExploreTableAutoDisplay","Fri May 29 00:47:32 UTC 2026","passed","Fri May 29 00:47:32 UTC 2026","","","",""
"Test cases for TestCache_GuardedSet","1","TestCache_GuardedSet","","Fri May 29 00:43:15 UTC 2026","passed","Fri May 29 00:43:15 UTC 2026","","Go Test","github.com/specterops/bloodhound/packages/go/cache/TestCache_GuardedSet","TestCache_GuardedSet"
"Test cases for TestMarshalIntText","0","TestMarshalIntText","","Fri May 29 00:42:52 UTC 2026","passed","Fri May 29 00:42:52 UTC 2026","","Go Test","github.com/specterops/bloodhound/cmd/api/src/database/types/null/TestMarshalIntText","TestMarshalIntText"
"","501","toggles a nested graph data option off","GraphDataCheckboxes","Fri May 29 00:44:47 UTC 2026","passed","Fri May 29 00:44:47 UTC 2026","","","",""
"","90","when `selectedItem` is provided, the combobox displays the icon","icon rendering","Fri May 29 00:45:29 UTC 2026","passed","Fri May 29 00:45:29 UTC 2026","","","",""
"","425","should reject passwords where only a space is used as the special character","CreateUserForm","Fri May 29 00:44:02 UTC 2026","passed","Fri May 29 00:44:03 UTC 2026","","","",""
"Test cases for TestManagementResource_UpdateOIDCProvider","1","TestManagementResource_UpdateOIDCProvider","","Fri May 29 00:43:36 UTC 2026","passed","Fri May 29 00:43:36 UTC 2026","","Go Test","github.com/specterops/bloodhound/cmd/api/src/api/v2/auth/TestManagementResource_UpdateOIDCProvider","TestManagementResource_UpdateOIDCProvider"
"Test cases for TestManagementResource_ListUsers_InvalidColumn","0","TestManagementResource_ListUsers_InvalidColumn","","Fri May 29 00:42:57 UTC 2026","passed","Fri May 29 00:42:57 UTC 2026","","Go Test","github.com/specterops/bloodhound/cmd/api/src/api/v2/auth/TestManagementResource_ListUsers_InvalidColumn","TestManagementResource_ListUsers_InvalidColumn"
"","1","returns graphData as is if it doesnt match the GraphResponse interface","normalizeGraphDataForSigma","Fri May 29 00:49:49 UTC 2026","passed","Fri May 29 00:49:49 UTC 2026","","","",""
"Test cases for TestReadDomainIDandNameAsString","1","TestReadDomainIDandNameAsString","","Fri May 29 00:43:14 UTC 2026","passed","Fri May 29 00:43:14 UTC 2026","","Go Test","github.com/specterops/bloodhound/packages/go/analysis/ad/internal/nodeprops/TestReadDomainIDandNameAsString","TestReadDomainIDandNameAsString"
"Test cases for TestResources_GetAssetGroupTagMemberCountsByKind","0","TestResources_GetAssetGroupTagMemberCountsByKind","","Fri May 29 00:42:51 UTC 2026","passed","Fri May 29 00:42:51 UTC 2026","","Go Test","github.com/specterops/bloodhound/cmd/api/src/api/v2/TestResources_GetAssetGroupTagMemberCountsByKind","TestResources_GetAssetGroupTagMemberCountsByKind"
"","12","returns active-directory environmentInfo when environmentAggregation param is active-directory","useAvailableEnvironments","Fri May 29 00:46:08 UTC 2026","passed","Fri May 29 00:46:08 UTC 2026","","useSelectedEnvironment","",""
"Test cases for TestGetMFAActivationStatus_Failure","0","TestGetMFAActivationStatus_Failure","","Fri May 29 00:43:35 UTC 2026","passed","Fri May 29 00:43:35 UTC 2026","","Go Test","github.com/specterops/bloodhound/cmd/api/src/api/v2/auth/TestGetMFAActivationStatus_Failure","TestGetMFAActivationStatus_Failure"
"Test cases for TestResources_UpdateCustomNodeKindsTest","91","TestResources_UpdateCustomNodeKindsTest","","Fri May 29 00:42:51 UTC 2026","passed","Fri May 29 00:42:51 UTC 2026","","Go Test","github.com/specterops/bloodhound/cmd/api/src/api/v2/TestResources_UpdateCustomNodeKindsTest","TestResources_UpdateCustomNodeKindsTest"
"Test cases for FuzzFoldlLazy","0","FuzzFoldlLazy","","Fri May 29 00:43:31 UTC 2026","passed","Fri May 29 00:43:31 UTC 2026","","Go Test","github.com/specterops/bloodhound/packages/go/slicesext/FuzzFoldlLazy","FuzzFoldlLazy"
"Test cases for TestResources_GetCertTemplateEntityInfo","205","TestResources_GetCertTemplateEntityInfo","","Fri May 29 00:42:51 UTC 2026","passed","Fri May 29 00:42:51 UTC 2026","","Go Test","github.com/specterops/bloodhound/cmd/api/src/api/v2/TestResources_GetCertTemplateEntityInfo","TestResources_GetCertTemplateEntityInfo"
"Test cases for TestHandleDatabaseError","2","TestHandleDatabaseError","","Fri May 29 00:42:27 UTC 2026","passed","Fri May 29 00:42:27 UTC 2026","","Go Test","github.com/specterops/bloodhound/cmd/api/src/api/TestHandleDatabaseError","TestHandleDatabaseError"
"","241","handles creating a new label","Tag Form","Fri May 29 00:43:23 UTC 2026","passed","Fri May 29 00:43:23 UTC 2026","","","",""
"Test cases for TestParseUserIP_RemoteAddrOnly","0","TestParseUserIP_RemoteAddrOnly","","Fri May 29 00:42:43 UTC 2026","passed","Fri May 29 00:42:43 UTC 2026","","Go Test","github.com/specterops/bloodhound/cmd/api/src/api/middleware/TestParseUserIP_RemoteAddrOnly","TestParseUserIP_RemoteAddrOnly"
"","200","renders enabled Zone tab and disabled Rule and Object tabs","Selected Details Tabs","Fri May 29 00:45:53 UTC 2026","passed","Fri May 29 00:45:53 UTC 2026","","Selected Details Tabs - Params present","",""
"Test cases for TestManagementResource_SAMLLoginRedirect","6","TestManagementResource_SAMLLoginRedirect","","Fri May 29 00:43:36 UTC 2026","passed","Fri May 29 00:43:36 UTC 2026","","Go Test","github.com/specterops/bloodhound/cmd/api/src/api/v2/auth/TestManagementResource_SAMLLoginRedirect","TestManagementResource_SAMLLoginRedirect"
"","225","should handle close event","TagToZoneLabelDialog","Fri May 29 00:46:35 UTC 2026","passed","Fri May 29 00:46:35 UTC 2026","","","",""
"Test cases for TestSupportsETACMiddleware","0","TestSupportsETACMiddleware","","Fri May 29 00:42:43 UTC 2026","passed","Fri May 29 00:42:43 UTC 2026","","Go Test","github.com/specterops/bloodhound/cmd/api/src/api/middleware/TestSupportsETACMiddleware","TestSupportsETACMiddleware"
"Test cases for TestFloatScan","1","TestFloatScan","","Fri May 29 00:42:52 UTC 2026","passed","Fri May 29 00:42:52 UTC 2026","","Go Test","github.com/specterops/bloodhound/cmd/api/src/database/types/null/TestFloatScan","TestFloatScan"
"Test cases for TestResources_ListADDomainOutboundTrusts","1","TestResources_ListADDomainOutboundTrusts","","Fri May 29 00:42:51 UTC 2026","passed","Fri May 29 00:42:51 UTC 2026","","Go Test","github.com/specterops/bloodhound/cmd/api/src/api/v2/TestResources_ListADDomainOutboundTrusts","TestResources_ListADDomainOutboundTrusts"
"","39","renders a button","CreateMenu","Fri May 29 00:45:30 UTC 2026","passed","Fri May 29 00:45:30 UTC 2026","","oidc_support feature flag disabled","",""
"","0","does not abbreviate numbers < 1000","numberFormatting","Fri May 29 00:46:30 UTC 2026","passed","Fri May 29 00:46:30 UTC 2026","","","",""
"Test cases for TestResources_PatchDomain","0","TestResources_PatchDomain","","Fri May 29 00:42:51 UTC 2026","passed","Fri May 29 00:42:51 UTC 2026","","Go Test","github.com/specterops/bloodhound/cmd/api/src/api/v2/TestResources_PatchDomain","TestResources_PatchDomain"
"Test cases for TestResources_ListKinds","64","TestResources_ListKinds","","Fri May 29 00:42:51 UTC 2026","passed","Fri May 29 00:42:51 UTC 2026","","Go Test","github.com/specterops/bloodhound/cmd/api/src/api/v2/TestResources_ListKinds","TestResources_ListKinds"
"Test cases for TestIsValidEmail","0","TestIsValidEmail","","Fri May 29 00:43:13 UTC 2026","passed","Fri May 29 00:43:13 UTC 2026","","Go Test","github.com/specterops/bloodhound/cmd/api/src/utils/TestIsValidEmail","TestIsValidEmail"
"","48","should display a message","CypherSearchMessage","Fri May 29 00:48:47 UTC 2026","passed","Fri May 29 00:48:47 UTC 2026","","","",""
"","66","sets autoDisplayTable to true if query returns nodes only, searchType = cypher, and and enabled is true","useExploreTableAutoDisplay","Fri May 29 00:47:32 UTC 2026","passed","Fri May 29 00:47:33 UTC 2026","","","",""
"","197","renders enabled Zone and Object tabs and disabled Rule tab","Selected Details Tabs","Fri May 29 00:45:53 UTC 2026","passed","Fri May 29 00:45:53 UTC 2026","","Selected Details Tabs - Params present","",""
"Test cases for TestResources_SearchHandler_ETAC","4","TestResources_SearchHandler_ETAC","","Fri May 29 00:42:51 UTC 2026","passed","Fri May 29 00:42:51 UTC 2026","","Go Test","github.com/specterops/bloodhound/cmd/api/src/api/v2/TestResources_SearchHandler_ETAC","TestResources_SearchHandler_ETAC"
"Test cases for TestHasSequence","0","TestHasSequence","","Fri May 29 00:43:15 UTC 2026","passed","Fri May 29 00:43:15 UTC 2026","","Go Test","github.com/specterops/bloodhound/packages/go/bomenc/TestHasSequence","TestHasSequence"
"","880","should render with a full list of multiple tenants and domains","Simple Environment Selector","Fri May 29 00:45:39 UTC 2026","passed","Fri May 29 00:45:40 UTC 2026","","","",""
"","469","should call onClose when cancel button is clicked","SaveQueryDialog","Fri May 29 00:43:22 UTC 2026","passed","Fri May 29 00:43:22 UTC 2026","","","",""
"","1162","renders","Privilege Zones History Filter Dialog","Fri May 29 00:46:00 UTC 2026","passed","Fri May 29 00:46:01 UTC 2026","","","",""
"Test cases for TestSetValuesFromEnv","2","TestSetValuesFromEnv","","Fri May 29 00:42:51 UTC 2026","passed","Fri May 29 00:42:51 UTC 2026","","Go Test","github.com/specterops/bloodhound/cmd/api/src/config/TestSetValuesFromEnv","TestSetValuesFromEnv"
"","201","navigates to previous history entry when warning dialog is cancelled","EarlyAccessFeatures","Fri May 29 00:49:35 UTC 2026","passed","Fri May 29 00:49:35 UTC 2026","","","",""
"","982","displays validation error messages when password does not match confirmation","PasswordDialog","Fri May 29 00:44:03 UTC 2026","passed","Fri May 29 00:44:04 UTC 2026","","","",""
"","173","should display ""Disable Multi-Factor Authentication"" button","Enable2FADialog","Fri May 29 00:47:15 UTC 2026","passed","Fri May 29 00:47:15 UTC 2026","","","",""
"Test cases for TestSelectGPOContainerCandidateFilter","0","TestSelectGPOContainerCandidateFilter","","Fri May 29 00:43:14 UTC 2026","passed","Fri May 29 00:43:14 UTC 2026","","Go Test","github.com/specterops/bloodhound/packages/go/analysis/ad/TestSelectGPOContainerCandidateFilter","TestSelectGPOContainerCandidateFilter"
"Test cases for TestResources_UpdateAssetGroup","1","TestResources_UpdateAssetGroup","","Fri May 29 00:42:51 UTC 2026","passed","Fri May 29 00:42:51 UTC 2026","","Go Test","github.com/specterops/bloodhound/cmd/api/src/api/v2/TestResources_UpdateAssetGroup","TestResources_UpdateAssetGroup"
"","926","renders a link to the explore page when member is clicked","GroupManagement","Fri May 29 00:49:37 UTC 2026","passed","Fri May 29 00:49:38 UTC 2026","","","",""
"","1","filters by critical risk level","filterAndSearchEnvironments","Fri May 29 00:43:44 UTC 2026","passed","Fri May 29 00:43:44 UTC 2026","","risk filters","",""
"","89","clicking a disabled header does not toggle content","<DetailsAccordion />","Fri May 29 00:45:14 UTC 2026","passed","Fri May 29 00:45:14 UTC 2026","","","",""
"","0","returns default error message for unknown API messages","getErrorMessage","Fri May 29 00:44:50 UTC 2026","passed","Fri May 29 00:44:50 UTC 2026","","","",""
"","0","abbreviates numbers larger than 1000 and should not round the tenth place digit","numberFormatting","Fri May 29 00:46:30 UTC 2026","passed","Fri May 29 00:46:30 UTC 2026","","","",""
"","14","returns azure environmentInfo when environmentAggregation param is azure","useAvailableEnvironments","Fri May 29 00:46:08 UTC 2026","passed","Fri May 29 00:46:08 UTC 2026","","useSelectedEnvironment","",""
"Test cases for TestResources_ListADComputerSQLAdmins","2","TestResources_ListADComputerSQLAdmins","","Fri May 29 00:42:51 UTC 2026","passed","Fri May 29 00:42:51 UTC 2026","","Go Test","github.com/specterops/bloodhound/cmd/api/src/api/v2/TestResources_ListADComputerSQLAdmins","TestResources_ListADComputerSQLAdmins"
"","518","clears the applied filter","FileIngestFilterDialog","Fri May 29 00:44:59 UTC 2026","passed","Fri May 29 00:44:59 UTC 2026","","User Select","",""
"Test cases for TestExpireUserAuthSecret_Failure","0","TestExpireUserAuthSecret_Failure","","Fri May 29 00:42:57 UTC 2026","passed","Fri May 29 00:42:57 UTC 2026","","Go Test","github.com/specterops/bloodhound/cmd/api/src/api/v2/auth/TestExpireUserAuthSecret_Failure","TestExpireUserAuthSecret_Failure"
"Test cases for TestIsValidClientVersion","0","TestIsValidClientVersion","","Fri May 29 00:43:13 UTC 2026","passed","Fri May 29 00:43:13 UTC 2026","","Go Test","github.com/specterops/bloodhound/cmd/api/src/utils/TestIsValidClientVersion","TestIsValidClientVersion"
"","108","should display the logged in user's email address","UserProfile","Fri May 29 00:45:40 UTC 2026","passed","Fri May 29 00:45:40 UTC 2026","","","",""
"","76","should display the logged in user's role","UserProfile","Fri May 29 00:45:40 UTC 2026","passed","Fri May 29 00:45:40 UTC 2026","","","",""
"Test cases for TestStringSetValid","0","TestStringSetValid","","Fri May 29 00:42:52 UTC 2026","passed","Fri May 29 00:42:52 UTC 2026","","Go Test","github.com/specterops/bloodhound/cmd/api/src/database/types/null/TestStringSetValid","TestStringSetValid"
"","200","handles removing from a non-tier-zero asset group","AssetGroupMenuItem","Fri May 29 00:49:09 UTC 2026","passed","Fri May 29 00:49:09 UTC 2026","","removing from an asset group","",""
"","3","returns true if arrays have same content in different order","areArraysSimilar","Fri May 29 00:48:18 UTC 2026","passed","Fri May 29 00:48:18 UTC 2026","","","",""
"","188","a timeout response from the server is handled","ExploreSearchCombobox with search timeout","Fri May 29 00:45:30 UTC 2026","passed","Fri May 29 00:45:30 UTC 2026","","","",""
"","4","writes initialValue to localStorage when the key is absent","useLocalStorage","Fri May 29 00:45:46 UTC 2026","passed","Fri May 29 00:45:46 UTC 2026","","initial value","",""
"Test cases for TestGraphQuery_RawCypherQuery","11","TestGraphQuery_RawCypherQuery","","Fri May 29 00:42:54 UTC 2026","passed","Fri May 29 00:42:54 UTC 2026","","Go Test","github.com/specterops/bloodhound/cmd/api/src/queries/TestGraphQuery_RawCypherQuery","TestGraphQuery_RawCypherQuery"
"Test cases for TestAssetGroupMembers_SortBy","0","TestAssetGroupMembers_SortBy","","Fri May 29 00:42:27 UTC 2026","passed","Fri May 29 00:42:27 UTC 2026","","Go Test","github.com/specterops/bloodhound/cmd/api/src/api/TestAssetGroupMembers_SortBy","TestAssetGroupMembers_SortBy"
"","35","the queries in the list only include nodes and edges that are defined in our schema","common search list","Fri May 29 00:48:15 UTC 2026","passed","Fri May 29 00:48:15 UTC 2026","","","",""
"Test that the digester handles empty property lists gracefully","0","TestCacheEntryDigester_EmptyMatchers","","Fri May 29 00:42:57 UTC 2026","passed","Fri May 29 00:42:57 UTC 2026","","Go Test","github.com/specterops/bloodhound/cmd/api/src/services/graphify/endpoint/TestCacheEntryDigester_EmptyMatchers","TestCacheEntryDigester_EmptyMatchers"
"Test cases for TestInt64FromPtr","0","TestInt64FromPtr","","Fri May 29 00:42:52 UTC 2026","passed","Fri May 29 00:42:52 UTC 2026","","Go Test","github.com/specterops/bloodhound/cmd/api/src/database/types/null/TestInt64FromPtr","TestInt64FromPtr"
"","292","should not render list items for domains that are not collected","Context Selector","Fri May 29 00:45:40 UTC 2026","passed","Fri May 29 00:45:41 UTC 2026","","","",""
"","326","renders the Rule Tab content when Rule tab is chosen","Selected Details Tab Content","Fri May 29 00:47:50 UTC 2026","passed","Fri May 29 00:47:50 UTC 2026","","","",""
"Test cases for TestWriteTimeWindowedResponse","0","TestWriteTimeWindowedResponse","","Fri May 29 00:42:27 UTC 2026","passed","Fri May 29 00:42:27 UTC 2026","","Go Test","github.com/specterops/bloodhound/cmd/api/src/api/TestWriteTimeWindowedResponse","TestWriteTimeWindowedResponse"
"","1","should recognize a common properties","validating a node property against the shared generated schema","Fri May 29 00:45:21 UTC 2026","passed","Fri May 29 00:45:21 UTC 2026","","","",""
"","383","clears selected item when pathfinding search returns results","GraphView","Fri May 29 00:49:12 UTC 2026","passed","Fri May 29 00:49:13 UTC 2026","","","",""
"","308","clicking a delete button calls deleteHandler","PrebuiltSearchList","Fri May 29 00:46:31 UTC 2026","passed","Fri May 29 00:46:32 UTC 2026","","","",""
"Test cases for TestResources_ListADEntityLinkedGPOs","0","TestResources_ListADEntityLinkedGPOs","","Fri May 29 00:42:51 UTC 2026","passed","Fri May 29 00:42:51 UTC 2026","","Go Test","github.com/specterops/bloodhound/cmd/api/src/api/v2/TestResources_ListADEntityLinkedGPOs","TestResources_ListADEntityLinkedGPOs"
"","66","displays no data message when there are no extensions","ActiveExtensionsCard","Fri May 29 00:43:47 UTC 2026","passed","Fri May 29 00:43:47 UTC 2026","","","",""
"Test cases for TestTimeFrom","0","TestTimeFrom","","Fri May 29 00:42:52 UTC 2026","passed","Fri May 29 00:42:52 UTC 2026","","Go Test","github.com/specterops/bloodhound/cmd/api/src/database/types/null/TestTimeFrom","TestTimeFrom"
"","105","disables the JSON button if the JSON is empty","GraphControls","Fri May 29 00:43:41 UTC 2026","passed","Fri May 29 00:43:41 UTC 2026","","Exporting json","",""
"","0","fails for password without lowercase letters","testPassword","Fri May 29 00:48:38 UTC 2026","passed","Fri May 29 00:48:38 UTC 2026","","","",""
"","122","calls onConfirm when confirm button clicked","EarlyAccessFeaturesWarningDialog","Fri May 29 00:49:51 UTC 2026","passed","Fri May 29 00:49:51 UTC 2026","","","",""
"Test cases for TestBHCEStaticHandler","40","TestBHCEStaticHandler","","Fri May 29 00:42:43 UTC 2026","passed","Fri May 29 00:42:43 UTC 2026","","Go Test","github.com/specterops/bloodhound/cmd/api/src/api/static/TestBHCEStaticHandler","TestBHCEStaticHandler"
"Test cases for TestMatches_FailureAction","0","TestMatches_FailureAction","","Fri May 29 00:42:53 UTC 2026","passed","Fri May 29 00:42:53 UTC 2026","","Go Test","github.com/specterops/bloodhound/cmd/api/src/model/TestMatches_FailureAction","TestMatches_FailureAction"
"Test cases for TestManagementResource_UpdateUser_DuplicateEmailError","2","TestManagementResource_UpdateUser_DuplicateEmailError","","Fri May 29 00:43:08 UTC 2026","passed","Fri May 29 00:43:08 UTC 2026","","Go Test","github.com/specterops/bloodhound/cmd/api/src/api/v2/auth/TestManagementResource_UpdateUser_DuplicateEmailError","TestManagementResource_UpdateUser_DuplicateEmailError"
"","0","should compute the length of a line segment","bezier","Fri May 29 00:49:31 UTC 2026","passed","Fri May 29 00:49:31 UTC 2026","","","",""
"Test cases for TestResources_ListADEntityDCOMRights","1","TestResources_ListADEntityDCOMRights","","Fri May 29 00:42:51 UTC 2026","passed","Fri May 29 00:42:51 UTC 2026","","Go Test","github.com/specterops/bloodhound/cmd/api/src/api/v2/TestResources_ListADEntityDCOMRights","TestResources_ListADEntityDCOMRights"
"","7","displays lastlogontimestamp cell as NEVER when the value is -1","ExploreTableDataCell","Fri May 29 00:47:58 UTC 2026","passed","Fri May 29 00:47:58 UTC 2026","","","",""
"","262","opens and closes the dialog with the cancel button","Tag Form","Fri May 29 00:43:24 UTC 2026","passed","Fri May 29 00:43:25 UTC 2026","","","",""
"Test cases for TestDomainSelectors_TestIsSortable","0","TestDomainSelectors_TestIsSortable","","Fri May 29 00:42:53 UTC 2026","passed","Fri May 29 00:42:53 UTC 2026","","Go Test","github.com/specterops/bloodhound/cmd/api/src/model/TestDomainSelectors_TestIsSortable","TestDomainSelectors_TestIsSortable"
"Test cases for TestServeHTTP_Success","0","TestServeHTTP_Success","","Fri May 29 00:42:43 UTC 2026","passed","Fri May 29 00:42:43 UTC 2026","","Go Test","github.com/specterops/bloodhound/cmd/api/src/api/middleware/TestServeHTTP_Success","TestServeHTTP_Success"
"","100","does not open the dialog when the user does not have the opengraph write permission","SchemaUploadDialog","Fri May 29 00:44:49 UTC 2026","passed","Fri May 29 00:44:49 UTC 2026","","","",""
"","3471","Kebab menu click causes the callback function to be called with the correct parameters","ExploreTable","Fri May 29 00:43:33 UTC 2026","passed","Fri May 29 00:43:36 UTC 2026","","","",""
"","2","prevents Sigma defaults events","preventAllDefaults","Fri May 29 00:49:54 UTC 2026","passed","Fri May 29 00:49:54 UTC 2026","","","",""
"","729","should not allow the input to exceed the allowed length","CreateUserForm","Fri May 29 00:43:56 UTC 2026","passed","Fri May 29 00:43:57 UTC 2026","","","",""
"","71","should not display the ETAC role-based filtering badge when filtering is disabled","Zone Management","Fri May 29 00:47:29 UTC 2026","passed","Fri May 29 00:47:29 UTC 2026","","","",""
"","151","links to the specified route with global params intact","AppLink","Fri May 29 00:46:51 UTC 2026","passed","Fri May 29 00:46:51 UTC 2026","","","",""
"Test cases for Test_GetAssetGroupMembersBySelector","5","Test_GetAssetGroupMembersBySelector","","Fri May 29 00:42:51 UTC 2026","passed","Fri May 29 00:42:51 UTC 2026","","Go Test","github.com/specterops/bloodhound/cmd/api/src/api/v2/Test_GetAssetGroupMembersBySelector","Test_GetAssetGroupMembersBySelector"
"","230","Selecting an edge with a Computer target node that does not have haslaps enabled shows correct Windows Abuse text","EdgeInfoContent","Fri May 29 00:43:50 UTC 2026","passed","Fri May 29 00:43:50 UTC 2026","","","",""
"","0","returns the difference between the node and the position","getNodeOffset","Fri May 29 00:49:50 UTC 2026","passed","Fri May 29 00:49:50 UTC 2026","","","",""
"Test cases for TestManagementResource_DeleteSAMLProvider","1","TestManagementResource_DeleteSAMLProvider","","Fri May 29 00:42:57 UTC 2026","passed","Fri May 29 00:42:57 UTC 2026","","Go Test","github.com/specterops/bloodhound/cmd/api/src/api/v2/auth/TestManagementResource_DeleteSAMLProvider","TestManagementResource_DeleteSAMLProvider"
"","685","reflects the persisted selected layout in the controls menu","GraphView","Fri May 29 00:49:15 UTC 2026","passed","Fri May 29 00:49:16 UTC 2026","","Layout selection and de-selection","",""
"","60","sets autoDisplayTable to false if enabled param is false","useExploreTableAutoDisplay","Fri May 29 00:47:32 UTC 2026","passed","Fri May 29 00:47:32 UTC 2026","","","",""
"Test cases for TestResources_CreateSavedQuery_EmptyBody","0","TestResources_CreateSavedQuery_EmptyBody","","Fri May 29 00:42:51 UTC 2026","passed","Fri May 29 00:42:51 UTC 2026","","Go Test","github.com/specterops/bloodhound/cmd/api/src/api/v2/TestResources_CreateSavedQuery_EmptyBody","TestResources_CreateSavedQuery_EmptyBody"
"Test cases for Test_parseAuthorizationHeader","0","Test_parseAuthorizationHeader","","Fri May 29 00:42:43 UTC 2026","passed","Fri May 29 00:42:43 UTC 2026","","Go Test","github.com/specterops/bloodhound/cmd/api/src/api/middleware/Test_parseAuthorizationHeader","Test_parseAuthorizationHeader"
"","274","should display a ""Configure Multi-Factor Authentication"" modal","UserProfile","Fri May 29 00:45:41 UTC 2026","passed","Fri May 29 00:45:41 UTC 2026","","""Multi-Factor Authentication"" switch","",""
"","160","calls handleFilterChange with all filter types and empty strings when clicked while filters are active","AssetGroupEdit","Fri May 29 00:45:28 UTC 2026","passed","Fri May 29 00:45:28 UTC 2026","","Clear Filters button","",""
"","412","renders the popup content with run, edit/share, and delete when the menu trigger","ListItemActionMenu","Fri May 29 00:47:05 UTC 2026","passed","Fri May 29 00:47:05 UTC 2026","","","",""
"Test cases for TestStringFromPtr","0","TestStringFromPtr","","Fri May 29 00:42:52 UTC 2026","passed","Fri May 29 00:42:52 UTC 2026","","Go Test","github.com/specterops/bloodhound/cmd/api/src/database/types/null/TestStringFromPtr","TestStringFromPtr"
"","185","shows the empty form message when Object Rule Form is empty","Seed Selection Results","Fri May 29 00:45:10 UTC 2026","passed","Fri May 29 00:45:10 UTC 2026","","","",""
"","8","removes a notification","AppNotifications","Fri May 29 00:47:21 UTC 2026","passed","Fri May 29 00:47:21 UTC 2026","","","",""
"","187","calls onClose when user clicks cancel","PasswordDialog","Fri May 29 00:44:01 UTC 2026","passed","Fri May 29 00:44:01 UTC 2026","","","",""
"","82","Error handling for fetching edge information","EdgeObjectInformation","Fri May 29 00:46:45 UTC 2026","passed","Fri May 29 00:46:45 UTC 2026","","","",""
"Test cases for Test_hasCycle","2","Test_hasCycle","","Fri May 29 00:43:15 UTC 2026","passed","Fri May 29 00:43:15 UTC 2026","","Go Test","github.com/specterops/bloodhound/packages/go/lab/Test_hasCycle","Test_hasCycle"
"","3","isLoading returns as expected based on all queries combined","queriesAreLoadingOrErrored","Fri May 29 00:48:40 UTC 2026","passed","Fri May 29 00:48:40 UTC 2026","","","",""
"","314","sets a secondary=id and searchType=pathfinding when primary is truethy","ContextMenu","Fri May 29 00:45:08 UTC 2026","passed","Fri May 29 00:45:09 UTC 2026","","","",""
"","90","prevents a user from proceeding if the file is not valid","File Upload","Fri May 29 00:46:08 UTC 2026","passed","Fri May 29 00:46:08 UTC 2026","","","",""
"Test cases for Test_HarnessTeardown","0","Test_HarnessTeardown","","Fri May 29 00:43:15 UTC 2026","passed","Fri May 29 00:43:15 UTC 2026","","Go Test","github.com/specterops/bloodhound/packages/go/lab/Test_HarnessTeardown","Test_HarnessTeardown"
"","2289","Clicking header allows user to sort by column","ExploreTable","Fri May 29 00:43:18 UTC 2026","passed","Fri May 29 00:43:20 UTC 2026","","","",""
"","1","filters by low risk level","filterAndSearchEnvironments","Fri May 29 00:43:44 UTC 2026","passed","Fri May 29 00:43:44 UTC 2026","","risk filters","",""
"Test cases for TestAssetGroupMembers_Filter_NotEquals","0","TestAssetGroupMembers_Filter_NotEquals","","Fri May 29 00:42:27 UTC 2026","passed","Fri May 29 00:42:27 UTC 2026","","Go Test","github.com/specterops/bloodhound/cmd/api/src/api/TestAssetGroupMembers_Filter_NotEquals","TestAssetGroupMembers_Filter_NotEquals"
"TestCacheEntryDigester_DigestEndpoint_MatchByProperty tests the sorting and hashinglogic when MatchBy is set to MatchByProperty.","2","TestCacheEntryDigester_DigestEndpoint_MatchByProperty","","Fri May 29 00:42:57 UTC 2026","passed","Fri May 29 00:42:57 UTC 2026","","Go Test","github.com/specterops/bloodhound/cmd/api/src/services/graphify/endpoint/TestCacheEntryDigester_DigestEndpoint_MatchByProperty","TestCacheEntryDigester_DigestEndpoint_MatchByProperty"
"","2","runs a node search when the query param is set to ""node""","useExploreGraph","Fri May 29 00:44:44 UTC 2026","passed","Fri May 29 00:44:44 UTC 2026","","exploreGraphQueryFactory","",""
"Helper to verify that encodeAnyValue handles standard types correctly","2","TestEncodeAnyValue","","Fri May 29 00:42:57 UTC 2026","passed","Fri May 29 00:42:57 UTC 2026","","Go Test","github.com/specterops/bloodhound/cmd/api/src/services/graphify/endpoint/TestEncodeAnyValue","TestEncodeAnyValue"
"Test cases for TestContextMiddleware_InvalidWaitLessThanZero","0","TestContextMiddleware_InvalidWaitLessThanZero","","Fri May 29 00:42:43 UTC 2026","passed","Fri May 29 00:42:43 UTC 2026","","Go Test","github.com/specterops/bloodhound/cmd/api/src/api/middleware/TestContextMiddleware_InvalidWaitLessThanZero","TestContextMiddleware_InvalidWaitLessThanZero"
"","284","shows all checked boxes","GraphDataCheckboxes","Fri May 29 00:44:44 UTC 2026","passed","Fri May 29 00:44:44 UTC 2026","","","",""
"Test cases for Test_AuthMiddleware","0","Test_AuthMiddleware","","Fri May 29 00:42:43 UTC 2026","passed","Fri May 29 00:42:43 UTC 2026","","Go Test","github.com/specterops/bloodhound/cmd/api/src/api/middleware/Test_AuthMiddleware","Test_AuthMiddleware"
"Test cases for TestDummyHA","0","TestDummyHA","","Fri May 29 00:42:52 UTC 2026","passed","Fri May 29 00:42:52 UTC 2026","","Go Test","github.com/specterops/bloodhound/cmd/api/src/daemons/changelog/TestDummyHA","TestDummyHA"
"Test cases for TestExtractIngestFilesExpandsZIPIntoTempDirectory","2","TestExtractIngestFilesExpandsZIPIntoTempDirectory","","Fri May 29 00:42:57 UTC 2026","passed","Fri May 29 00:42:57 UTC 2026","","Go Test","github.com/specterops/bloodhound/cmd/api/src/services/graphify/TestExtractIngestFilesExpandsZIPIntoTempDirectory","TestExtractIngestFilesExpandsZIPIntoTempDirectory"
"Test cases for TestFeatureFlag_HA","305","TestFeatureFlag_HA","","Fri May 29 00:42:52 UTC 2026","passed","Fri May 29 00:42:52 UTC 2026","","Go Test","github.com/specterops/bloodhound/cmd/api/src/daemons/changelog/TestFeatureFlag_HA","TestFeatureFlag_HA"
"","21","sets autoDisplayTable to false if query returns nodes only but the enabled prop is false","useExploreTableAutoDisplay","Fri May 29 00:47:32 UTC 2026","passed","Fri May 29 00:47:32 UTC 2026","","","",""
"Test cases for TestSavedQueries_ValidFilters","0","TestSavedQueries_ValidFilters","","Fri May 29 00:42:53 UTC 2026","passed","Fri May 29 00:42:53 UTC 2026","","Go Test","github.com/specterops/bloodhound/cmd/api/src/model/TestSavedQueries_ValidFilters","TestSavedQueries_ValidFilters"
"","64","includes all traversable OpenGraph edges in their own category when they are available via the API","useEdgeCategories","Fri May 29 00:45:33 UTC 2026","passed","Fri May 29 00:45:33 UTC 2026","","","",""
"Test cases for TestIngestJobs_IsSortable","0","TestIngestJobs_IsSortable","","Fri May 29 00:42:53 UTC 2026","passed","Fri May 29 00:42:53 UTC 2026","","Go Test","github.com/specterops/bloodhound/cmd/api/src/model/TestIngestJobs_IsSortable","TestIngestJobs_IsSortable"
"Test cases for TestResources_ListADComputerRDPUsers","0","TestResources_ListADComputerRDPUsers","","Fri May 29 00:42:51 UTC 2026","passed","Fri May 29 00:42:51 UTC 2026","","Go Test","github.com/specterops/bloodhound/cmd/api/src/api/v2/TestResources_ListADComputerRDPUsers","TestResources_ListADComputerRDPUsers"
"Test cases for TestManagementResource_ListRoles_InvalidFilterPredicate","0","TestManagementResource_ListRoles_InvalidFilterPredicate","","Fri May 29 00:42:57 UTC 2026","passed","Fri May 29 00:42:57 UTC 2026","","Go Test","github.com/specterops/bloodhound/cmd/api/src/api/v2/auth/TestManagementResource_ListRoles_InvalidFilterPredicate","TestManagementResource_ListRoles_InvalidFilterPredicate"
"Test cases for TestParseOptionalLimitQueryParameter","63","TestParseOptionalLimitQueryParameter","","Fri May 29 00:42:51 UTC 2026","passed","Fri May 29 00:42:51 UTC 2026","","Go Test","github.com/specterops/bloodhound/cmd/api/src/api/v2/TestParseOptionalLimitQueryParameter","TestParseOptionalLimitQueryParameter"
"Test cases for TestGetPlatformAggregateStats_Failure","0","TestGetPlatformAggregateStats_Failure","","Fri May 29 00:42:51 UTC 2026","passed","Fri May 29 00:42:51 UTC 2026","","Go Test","github.com/specterops/bloodhound/cmd/api/src/api/v2/TestGetPlatformAggregateStats_Failure","TestGetPlatformAggregateStats_Failure"
"","54","when `selectedItem` is null, the combobox does not display an icon","icon rendering","Fri May 29 00:45:29 UTC 2026","passed","Fri May 29 00:45:29 UTC 2026","","","",""
"Test cases for TestDurationValidator","1","TestDurationValidator","","Fri May 29 00:43:13 UTC 2026","passed","Fri May 29 00:43:13 UTC 2026","","Go Test","github.com/specterops/bloodhound/cmd/api/src/utils/validation/TestDurationValidator","TestDurationValidator"
"","478","should render list of available SSO providers","LoginViaSSOForm","Fri May 29 00:47:03 UTC 2026","passed","Fri May 29 00:47:04 UTC 2026","","","",""
"","461","accepts a valid file and allows the user to continue through the upload process","File Upload","Fri May 29 00:46:07 UTC 2026","passed","Fri May 29 00:46:08 UTC 2026","","","",""
"","1629","shows the ""Disable MFA"" context menu option for users with MFA enabled","Users","Fri May 29 00:45:57 UTC 2026","passed","Fri May 29 00:45:59 UTC 2026","","","",""
"","1676","should display a dropdown when a user types a partial query that can be autocompleted","CypherSearch","Fri May 29 00:44:14 UTC 2026","passed","Fri May 29 00:44:16 UTC 2026","","","",""
"","63","shows an error notification if there is an error fetching","useFinishedJobs","Fri May 29 00:46:04 UTC 2026","passed","Fri May 29 00:46:04 UTC 2026","","","",""
"","1","filters by name search (case insensitive)","filterAndSearchEnvironments","Fri May 29 00:43:44 UTC 2026","passed","Fri May 29 00:43:44 UTC 2026","","search filter","",""
"","202","handles adding to non-tier-zero asset group","AssetGroupMenuItem","Fri May 29 00:49:08 UTC 2026","passed","Fri May 29 00:49:08 UTC 2026","","adding to an asset group","",""
"Test cases for TestResources_GetPermissionsForSavedQuery","43","TestResources_GetPermissionsForSavedQuery","","Fri May 29 00:42:51 UTC 2026","passed","Fri May 29 00:42:51 UTC 2026","","Go Test","github.com/specterops/bloodhound/cmd/api/src/api/v2/TestResources_GetPermissionsForSavedQuery","TestResources_GetPermissionsForSavedQuery"
"Test cases for TestFloatFrom","0","TestFloatFrom","","Fri May 29 00:42:52 UTC 2026","passed","Fri May 29 00:42:52 UTC 2026","","Go Test","github.com/specterops/bloodhound/cmd/api/src/database/types/null/TestFloatFrom","TestFloatFrom"
"Test cases for Test_ConvertAppFederatedIdentityCredential","0","Test_ConvertAppFederatedIdentityCredential","","Fri May 29 00:43:15 UTC 2026","passed","Fri May 29 00:43:15 UTC 2026","","Go Test","github.com/specterops/bloodhound/packages/go/ein/Test_ConvertAppFederatedIdentityCredential","Test_ConvertAppFederatedIdentityCredential"
"","1162","open and closes dialog","DatabaseManagement","Fri May 29 00:49:11 UTC 2026","passed","Fri May 29 00:49:12 UTC 2026","","","",""
"","8","should not render a Field when the provided value is []","Field","Fri May 29 00:48:08 UTC 2026","passed","Fri May 29 00:48:08 UTC 2026","","","",""
"","129","reverts all menu options to an unselected state when isExploreLayoutSelected becomes false","GraphControls","Fri May 29 00:43:40 UTC 2026","passed","Fri May 29 00:43:41 UTC 2026","","Selecting a layout","",""
"","0","returns false if value is 'array'","searchParams","Fri May 29 00:47:06 UTC 2026","passed","Fri May 29 00:47:06 UTC 2026","","isEmptyParam","",""
"","3","succeeds for valid password","testPassword","Fri May 29 00:48:38 UTC 2026","passed","Fri May 29 00:48:38 UTC 2026","","","",""
"Test cases for TestMatches_FailureModel","0","TestMatches_FailureModel","","Fri May 29 00:42:53 UTC 2026","passed","Fri May 29 00:42:53 UTC 2026","","Go Test","github.com/specterops/bloodhound/cmd/api/src/model/TestMatches_FailureModel","TestMatches_FailureModel"
"","1","handles null or empty madeBy","createHistoryParams","Fri May 29 00:47:43 UTC 2026","passed","Fri May 29 00:47:43 UTC 2026","","","",""
"Test cases for TestNewSIDSuffix","0","TestNewSIDSuffix","","Fri May 29 00:43:14 UTC 2026","passed","Fri May 29 00:43:14 UTC 2026","","Go Test","github.com/specterops/bloodhound/packages/go/analysis/ad/wellknown/TestNewSIDSuffix","TestNewSIDSuffix"
"Test cases for TestFillAndPopulateDefaultAdminInfo","1","TestFillAndPopulateDefaultAdminInfo","","Fri May 29 00:42:51 UTC 2026","passed","Fri May 29 00:42:51 UTC 2026","","Go Test","github.com/specterops/bloodhound/cmd/api/src/bootstrap/TestFillAndPopulateDefaultAdminInfo","TestFillAndPopulateDefaultAdminInfo"
"","0","leaves double quotes untouched","escapeCypherString","Fri May 29 00:48:33 UTC 2026","passed","Fri May 29 00:48:33 UTC 2026","","","",""
"","0","reports a Cypher-specific error when ruleType is SeedTypeCypher and seeds are required","handleError","Fri May 29 00:44:50 UTC 2026","passed","Fri May 29 00:44:50 UTC 2026","","","",""
"Test cases for TestMarshalBoolText","0","TestMarshalBoolText","","Fri May 29 00:42:52 UTC 2026","passed","Fri May 29 00:42:52 UTC 2026","","Go Test","github.com/specterops/bloodhound/cmd/api/src/database/types/null/TestMarshalBoolText","TestMarshalBoolText"
"","105","renders a button for opening the dialog","SchemaUploadDialog","Fri May 29 00:44:49 UTC 2026","passed","Fri May 29 00:44:49 UTC 2026","","","",""
"Test cases for TestBuildSQLFilter","1","TestBuildSQLFilter","","Fri May 29 00:42:53 UTC 2026","passed","Fri May 29 00:42:53 UTC 2026","","Go Test","github.com/specterops/bloodhound/cmd/api/src/model/TestBuildSQLFilter","TestBuildSQLFilter"
"Test cases for TestConvertAzureSubscriptionContributorToRels","0","TestConvertAzureSubscriptionContributorToRels","","Fri May 29 00:43:15 UTC 2026","passed","Fri May 29 00:43:15 UTC 2026","","Go Test","github.com/specterops/bloodhound/packages/go/ein/TestConvertAzureSubscriptionContributorToRels","TestConvertAzureSubscriptionContributorToRels"
"","142","does not trigger search for fewer than 3 characters","SearchBar","Fri May 29 00:48:28 UTC 2026","passed","Fri May 29 00:48:29 UTC 2026","","","",""
"","630","should display Environmental Targeted Access Control panel when showEnvironmentAccessControls prop is true and user role is selected","CreateUserForm","Fri May 29 00:43:58 UTC 2026","passed","Fri May 29 00:43:59 UTC 2026","","","",""
"Test cases for TestFoldl","2","TestFoldl","","Fri May 29 00:43:31 UTC 2026","passed","Fri May 29 00:43:31 UTC 2026","","Go Test","github.com/specterops/bloodhound/packages/go/slicesext/TestFoldl","TestFoldl"
"","248","renders an error message without throwing a TypeError","EntityInfoCollapsibleSection","Fri May 29 00:48:08 UTC 2026","passed","Fri May 29 00:48:09 UTC 2026","","","",""
"Test cases for TestConvertAzureManagementGroupContributorToRels","0","TestConvertAzureManagementGroupContributorToRels","","Fri May 29 00:43:15 UTC 2026","passed","Fri May 29 00:43:15 UTC 2026","","Go Test","github.com/specterops/bloodhound/packages/go/ein/TestConvertAzureManagementGroupContributorToRels","TestConvertAzureManagementGroupContributorToRels"
"Test cases for TestResources_GetAssetGroupTagHistory","0","TestResources_GetAssetGroupTagHistory","","Fri May 29 00:42:51 UTC 2026","passed","Fri May 29 00:42:51 UTC 2026","","Go Test","github.com/specterops/bloodhound/cmd/api/src/api/v2/TestResources_GetAssetGroupTagHistory","TestResources_GetAssetGroupTagHistory"
"","247","should display ""Close"" button","UserTokenManagementDialog","Fri May 29 00:45:04 UTC 2026","passed","Fri May 29 00:45:05 UTC 2026","","","",""
"Test cases for TestResources_ListADComputerConstrainedDelegationUsers","0","TestResources_ListADComputerConstrainedDelegationUsers","","Fri May 29 00:42:51 UTC 2026","passed","Fri May 29 00:42:51 UTC 2026","","Go Test","github.com/specterops/bloodhound/cmd/api/src/api/v2/TestResources_ListADComputerConstrainedDelegationUsers","TestResources_ListADComputerConstrainedDelegationUsers"
"","213","renders the component with all info and switch off","CitrixRDPConfiguration","Fri May 29 00:45:33 UTC 2026","passed","Fri May 29 00:45:33 UTC 2026","","Initial render","",""
"","3131","when user performs a pathfinding search, the swap button is disabled until both the start and destination nodes are provided","Pathfinding: interaction","Fri May 29 00:45:52 UTC 2026","passed","Fri May 29 00:45:55 UTC 2026","","","",""
"Test cases for TestResources_DownloadCollectorChecksumByVersion","5","TestResources_DownloadCollectorChecksumByVersion","","Fri May 29 00:42:51 UTC 2026","passed","Fri May 29 00:42:51 UTC 2026","","Go Test","github.com/specterops/bloodhound/cmd/api/src/api/v2/TestResources_DownloadCollectorChecksumByVersion","TestResources_DownloadCollectorChecksumByVersion"
"","0","filters by multiple platforms","filterAndSearchEnvironments","Fri May 29 00:43:44 UTC 2026","passed","Fri May 29 00:43:44 UTC 2026","","platform filters","",""
"","3064","should render expand all and collapse all buttons","Pathfinding","Fri May 29 00:44:00 UTC 2026","passed","Fri May 29 00:44:03 UTC 2026","","","",""
"","68","should render a Field when the provided value is false","Field","Fri May 29 00:48:08 UTC 2026","passed","Fri May 29 00:48:08 UTC 2026","","","",""
"Test cases for TestNewNodeNamePrefix","0","TestNewNodeNamePrefix","","Fri May 29 00:43:14 UTC 2026","passed","Fri May 29 00:43:14 UTC 2026","","Go Test","github.com/specterops/bloodhound/packages/go/analysis/ad/wellknown/TestNewNodeNamePrefix","TestNewNodeNamePrefix"
"Test cases for TestQueries_BuildEntityQueryParams_InvalidSkip","0","TestQueries_BuildEntityQueryParams_InvalidSkip","","Fri May 29 00:42:54 UTC 2026","passed","Fri May 29 00:42:54 UTC 2026","","Go Test","github.com/specterops/bloodhound/cmd/api/src/queries/TestQueries_BuildEntityQueryParams_InvalidSkip","TestQueries_BuildEntityQueryParams_InvalidSkip"
"Test cases for TestResources_ListADGPOAffectedComputers","1","TestResources_ListADGPOAffectedComputers","","Fri May 29 00:42:51 UTC 2026","passed","Fri May 29 00:42:51 UTC 2026","","Go Test","github.com/specterops/bloodhound/cmd/api/src/api/v2/TestResources_ListADGPOAffectedComputers","TestResources_ListADGPOAffectedComputers"
"Test cases for TestFloatPointer","0","TestFloatPointer","","Fri May 29 00:42:52 UTC 2026","passed","Fri May 29 00:42:52 UTC 2026","","Go Test","github.com/specterops/bloodhound/cmd/api/src/database/types/null/TestFloatPointer","TestFloatPointer"
"Test cases for TestTenantRoles","0","TestTenantRoles","","Fri May 29 00:43:14 UTC 2026","passed","Fri May 29 00:43:14 UTC 2026","","Go Test","github.com/specterops/bloodhound/packages/go/analysis/azure/TestTenantRoles","TestTenantRoles"
"Test cases for TestResources_ExportSavedQueries","3","TestResources_ExportSavedQueries","","Fri May 29 00:42:51 UTC 2026","passed","Fri May 29 00:42:51 UTC 2026","","Go Test","github.com/specterops/bloodhound/cmd/api/src/api/v2/TestResources_ExportSavedQueries","TestResources_ExportSavedQueries"
"Test cases for Test_getSearchableNodeKinds","1","Test_getSearchableNodeKinds","","Fri May 29 00:42:51 UTC 2026","passed","Fri May 29 00:42:51 UTC 2026","","Go Test","github.com/specterops/bloodhound/cmd/api/src/api/v2/Test_getSearchableNodeKinds","Test_getSearchableNodeKinds"
"","200","will request feature-flags when the user is fully authenticated","app","Fri May 29 00:49:42 UTC 2026","passed","Fri May 29 00:49:42 UTC 2026","","<Inner />","",""
"","546","sets exploreSearchTab param to node when the user clicks the `Search` tab","ExploreSearch sets searchType on tab changing","Fri May 29 00:49:17 UTC 2026","passed","Fri May 29 00:49:17 UTC 2026","","","",""
"Test cases for TestManagementResource_ListRoles_PredicateMismatchWithColumn","0","TestManagementResource_ListRoles_PredicateMismatchWithColumn","","Fri May 29 00:42:57 UTC 2026","passed","Fri May 29 00:42:57 UTC 2026","","Go Test","github.com/specterops/bloodhound/cmd/api/src/api/v2/auth/TestManagementResource_ListRoles_PredicateMismatchWithColumn","TestManagementResource_ListRoles_PredicateMismatchWithColumn"
"Test cases for TestAddWhereClauseToNeo4jQuery_NoWhereClause","0","TestAddWhereClauseToNeo4jQuery_NoWhereClause","","Fri May 29 00:42:51 UTC 2026","passed","Fri May 29 00:42:51 UTC 2026","","Go Test","github.com/specterops/bloodhound/cmd/api/src/api/v2/TestAddWhereClauseToNeo4jQuery_NoWhereClause","TestAddWhereClauseToNeo4jQuery_NoWhereClause"
"","66","returns true when nodes are available","useGraphHasData","Fri May 29 00:48:04 UTC 2026","passed","Fri May 29 00:48:04 UTC 2026","","","",""
"Test cases for TestMarshalBool","0","TestMarshalBool","","Fri May 29 00:42:52 UTC 2026","passed","Fri May 29 00:42:52 UTC 2026","","Go Test","github.com/specterops/bloodhound/cmd/api/src/database/types/null/TestMarshalBool","TestMarshalBool"
"","0","should return false when there is no match","compareTerm","Fri May 29 00:47:37 UTC 2026","passed","Fri May 29 00:47:37 UTC 2026","","","",""
"Test cases for TestUnmarshalTimeJSON","0","TestUnmarshalTimeJSON","","Fri May 29 00:42:52 UTC 2026","passed","Fri May 29 00:42:52 UTC 2026","","Go Test","github.com/specterops/bloodhound/cmd/api/src/database/types/null/TestUnmarshalTimeJSON","TestUnmarshalTimeJSON"
"","69","clicking cancel on the form takes the user back to the page the user was on previously","Tag Form","Fri May 29 00:43:21 UTC 2026","passed","Fri May 29 00:43:22 UTC 2026","","","",""
"Test cases for TestAssetGroupMembers_Filter_Equals","0","TestAssetGroupMembers_Filter_Equals","","Fri May 29 00:42:27 UTC 2026","passed","Fri May 29 00:42:27 UTC 2026","","Go Test","github.com/specterops/bloodhound/cmd/api/src/api/TestAssetGroupMembers_Filter_Equals","TestAssetGroupMembers_Filter_Equals"
"Test cases for TestIntFrom","0","TestIntFrom","","Fri May 29 00:42:52 UTC 2026","passed","Fri May 29 00:42:52 UTC 2026","","Go Test","github.com/specterops/bloodhound/cmd/api/src/database/types/null/TestIntFrom","TestIntFrom"
"Test cases for TestRewriter_Enter_AllAttackPathsShortcut_ReplacesKinds","0","TestRewriter_Enter_AllAttackPathsShortcut_ReplacesKinds","","Fri May 29 00:42:54 UTC 2026","passed","Fri May 29 00:42:54 UTC 2026","","Go Test","github.com/specterops/bloodhound/cmd/api/src/queries/TestRewriter_Enter_AllAttackPathsShortcut_ReplacesKinds","TestRewriter_Enter_AllAttackPathsShortcut_ReplacesKinds"
"","70","displays the value thats passed via children","CodeController","Fri May 29 00:48:23 UTC 2026","passed","Fri May 29 00:48:23 UTC 2026","","","",""
"","0","preserves unicode characters","escapeCypherString","Fri May 29 00:48:33 UTC 2026","passed","Fri May 29 00:48:33 UTC 2026","","","",""
"","624","should display Environmental Targeted Access Control panel when showEnvironmentAccessControls prop is true and read-only role is selected","UpdateUserForm","Fri May 29 00:43:30 UTC 2026","passed","Fri May 29 00:43:30 UTC 2026","","","",""
"Test cases for TestMap","0","TestMap","","Fri May 29 00:43:16 UTC 2026","passed","Fri May 29 00:43:16 UTC 2026","","Go Test","github.com/specterops/bloodhound/packages/go/lab/internal/TestMap","TestMap"
"Test cases for TestSignRequestAtInternalError","0","TestSignRequestAtInternalError","","Fri May 29 00:42:27 UTC 2026","passed","Fri May 29 00:42:27 UTC 2026","","Go Test","github.com/specterops/bloodhound/cmd/api/src/api/TestSignRequestAtInternalError","TestSignRequestAtInternalError"
"Test cases for TestQueries_GetEntityObjectIDFromRequestPath","0","TestQueries_GetEntityObjectIDFromRequestPath","","Fri May 29 00:42:54 UTC 2026","passed","Fri May 29 00:42:54 UTC 2026","","Go Test","github.com/specterops/bloodhound/cmd/api/src/queries/TestQueries_GetEntityObjectIDFromRequestPath","TestQueries_GetEntityObjectIDFromRequestPath"
"","288","renders the form for editing an existing zone","Tag Form","Fri May 29 00:43:21 UTC 2026","passed","Fri May 29 00:43:21 UTC 2026","","","",""
"","0","The node radius is adjusted to take into account the current camera zoom ratio","getNodeRadius","Fri May 29 00:49:44 UTC 2026","passed","Fri May 29 00:49:44 UTC 2026","","","",""
"","0","filters by active-directory platform","filterAndSearchEnvironments","Fri May 29 00:43:44 UTC 2026","passed","Fri May 29 00:43:44 UTC 2026","","platform filters","",""
"Test cases for TestManagementResource_ListPermissions_InvalidFilterPredicate","0","TestManagementResource_ListPermissions_InvalidFilterPredicate","","Fri May 29 00:42:57 UTC 2026","passed","Fri May 29 00:42:57 UTC 2026","","Go Test","github.com/specterops/bloodhound/cmd/api/src/api/v2/auth/TestManagementResource_ListPermissions_InvalidFilterPredicate","TestManagementResource_ListPermissions_InvalidFilterPredicate"
"","331","Should call handler when a member is clicked","AssetGroupMemberList","Fri May 29 00:47:54 UTC 2026","passed","Fri May 29 00:47:54 UTC 2026","","","",""
"Test cases for TestRewriter_Enter_NoShortcut_PreservesKinds","0","TestRewriter_Enter_NoShortcut_PreservesKinds","","Fri May 29 00:42:54 UTC 2026","passed","Fri May 29 00:42:54 UTC 2026","","Go Test","github.com/specterops/bloodhound/cmd/api/src/queries/TestRewriter_Enter_NoShortcut_PreservesKinds","TestRewriter_Enter_NoShortcut_PreservesKinds"
"","584","when a search result is clicked it calls `handleNodeSelected`","ExploreSearchCombobox","Fri May 29 00:45:29 UTC 2026","passed","Fri May 29 00:45:29 UTC 2026","","","",""
"","1","succeeds for valid password with unicode characters","testPassword","Fri May 29 00:48:38 UTC 2026","passed","Fri May 29 00:48:38 UTC 2026","","","",""
"","0","returns empty array when combined filters match nothing","filterAndSearchEnvironments","Fri May 29 00:43:44 UTC 2026","passed","Fri May 29 00:43:44 UTC 2026","","combined filters","",""
"","742","should render the cypher search controls when user clicks on cypher tab","ExploreSearch rendering per tab","Fri May 29 00:49:16 UTC 2026","passed","Fri May 29 00:49:17 UTC 2026","","","",""
"Test cases for TestResources_ExportSavedQuery","10","TestResources_ExportSavedQuery","","Fri May 29 00:42:51 UTC 2026","passed","Fri May 29 00:42:51 UTC 2026","","Go Test","github.com/specterops/bloodhound/cmd/api/src/api/v2/TestResources_ExportSavedQuery","TestResources_ExportSavedQuery"
"Test cases for TestOpenGraphSchemaService_GetSchemaFindings","1","TestOpenGraphSchemaService_GetSchemaFindings","","Fri May 29 00:42:57 UTC 2026","passed","Fri May 29 00:42:57 UTC 2026","","Go Test","github.com/specterops/bloodhound/cmd/api/src/services/opengraphschema/TestOpenGraphSchemaService_GetSchemaFindings","TestOpenGraphSchemaService_GetSchemaFindings"
"","1","calculates skip correctly for pageParam > 1","createHistoryParams","Fri May 29 00:47:43 UTC 2026","passed","Fri May 29 00:47:43 UTC 2026","","","",""
"","851","switches Rule tab to active/selected when clicked","Selected Details Tabs","Fri May 29 00:45:52 UTC 2026","passed","Fri May 29 00:45:53 UTC 2026","","Selected Details Tabs - Click Interactions","",""
"","30","generates a human-friendly default filename for graph exports","exportGraphData","Fri May 29 00:48:01 UTC 2026","passed","Fri May 29 00:48:01 UTC 2026","","","",""
"","70","renders a filter button","FileIngestFilterDialog","Fri May 29 00:44:54 UTC 2026","passed","Fri May 29 00:44:54 UTC 2026","","","",""
"Test cases for TestTimeSetValid","0","TestTimeSetValid","","Fri May 29 00:42:52 UTC 2026","passed","Fri May 29 00:42:52 UTC 2026","","Go Test","github.com/specterops/bloodhound/cmd/api/src/database/types/null/TestTimeSetValid","TestTimeSetValid"
"","155","respects openIndex (default opened panel)","<DetailsAccordion />","Fri May 29 00:45:14 UTC 2026","passed","Fri May 29 00:45:14 UTC 2026","","","",""
"","872","should eventually render previously configured SSO providers","SSOConfiguration","Fri May 29 00:45:20 UTC 2026","passed","Fri May 29 00:45:21 UTC 2026","","","",""
"Test cases for TestResources_GetOUEntityInfo","0","TestResources_GetOUEntityInfo","","Fri May 29 00:42:51 UTC 2026","passed","Fri May 29 00:42:51 UTC 2026","","Go Test","github.com/specterops/bloodhound/cmd/api/src/api/v2/TestResources_GetOUEntityInfo","TestResources_GetOUEntityInfo"
"","48","displays a loading message while fetching extensions","ActiveExtensionsCard","Fri May 29 00:43:46 UTC 2026","passed","Fri May 29 00:43:46 UTC 2026","","","",""
"Test cases for TestManagementResource_UpdateUser_LookupActiveSessionsError","1066","TestManagementResource_UpdateUser_LookupActiveSessionsError","","Fri May 29 00:43:10 UTC 2026","passed","Fri May 29 00:43:11 UTC 2026","","Go Test","github.com/specterops/bloodhound/cmd/api/src/api/v2/auth/TestManagementResource_UpdateUser_LookupActiveSessionsError","TestManagementResource_UpdateUser_LookupActiveSessionsError"
"","1431","should display all available SSO providers","UpdateUserDialog","Fri May 29 00:44:37 UTC 2026","passed","Fri May 29 00:44:39 UTC 2026","","","",""
"Test cases for TestNodeNamePrefix_AppendSuffix","1","TestNodeNamePrefix_AppendSuffix","","Fri May 29 00:43:14 UTC 2026","passed","Fri May 29 00:43:14 UTC 2026","","Go Test","github.com/specterops/bloodhound/packages/go/analysis/ad/wellknown/TestNodeNamePrefix_AppendSuffix","TestNodeNamePrefix_AppendSuffix"
"","8","should not render when data is present","NoDataDialog","Fri May 29 00:48:37 UTC 2026","passed","Fri May 29 00:48:37 UTC 2026","","","",""
"","108","should render all of the options as checkboxes","Checkbox group","Fri May 29 00:48:24 UTC 2026","passed","Fri May 29 00:48:24 UTC 2026","","","",""
"","62","returns the full environment of the environmentId found in the search params","useAvailableEnvironments","Fri May 29 00:46:08 UTC 2026","passed","Fri May 29 00:46:08 UTC 2026","","useSelectedEnvironment","",""
"Test cases for Test_CheckAccessToEnvironments","73","Test_CheckAccessToEnvironments","","Fri May 29 00:42:51 UTC 2026","passed","Fri May 29 00:42:51 UTC 2026","","Go Test","github.com/specterops/bloodhound/cmd/api/src/api/v2/Test_CheckAccessToEnvironments","Test_CheckAccessToEnvironments"
"","141","should not display a badge when role based filtering is true and show filter banner is false by default","EntityInfoPanel","Fri May 29 00:47:40 UTC 2026","passed","Fri May 29 00:47:40 UTC 2026","","","",""
"","410","should render the pathfinding search controls when searchType is pathfinding","ExploreSearch rendering per tab","Fri May 29 00:49:16 UTC 2026","passed","Fri May 29 00:49:16 UTC 2026","","","",""
"Test cases for TestResources_GetAIACAEntityInfo","204","TestResources_GetAIACAEntityInfo","","Fri May 29 00:42:51 UTC 2026","passed","Fri May 29 00:42:51 UTC 2026","","Go Test","github.com/specterops/bloodhound/cmd/api/src/api/v2/TestResources_GetAIACAEntityInfo","TestResources_GetAIACAEntityInfo"
"","322","sets the calendar date to match the valid","ManagedDatePicker - value","Fri May 29 00:46:23 UTC 2026","passed","Fri May 29 00:46:23 UTC 2026","","","",""
"Test cases for TestQueries_BuildEntityQueryParams","0","TestQueries_BuildEntityQueryParams","","Fri May 29 00:42:54 UTC 2026","passed","Fri May 29 00:42:54 UTC 2026","","Go Test","github.com/specterops/bloodhound/cmd/api/src/queries/TestQueries_BuildEntityQueryParams","TestQueries_BuildEntityQueryParams"
"","585","toggles a source kind on with all nested graph data options","GraphDataCheckboxes","Fri May 29 00:44:46 UTC 2026","passed","Fri May 29 00:44:47 UTC 2026","","","",""
"","72","should display ""Password"" input","Enable2FADialog","Fri May 29 00:47:15 UTC 2026","passed","Fri May 29 00:47:15 UTC 2026","","","",""
"Test cases for TestWriteBinaryResponse","0","TestWriteBinaryResponse","","Fri May 29 00:42:27 UTC 2026","passed","Fri May 29 00:42:27 UTC 2026","","Go Test","github.com/specterops/bloodhound/cmd/api/src/api/TestWriteBinaryResponse","TestWriteBinaryResponse"
"Test cases for TestResources_UpdateSavedQuery_OwnPrivateQuery_Success","0","TestResources_UpdateSavedQuery_OwnPrivateQuery_Success","","Fri May 29 00:42:51 UTC 2026","passed","Fri May 29 00:42:51 UTC 2026","","Go Test","github.com/specterops/bloodhound/cmd/api/src/api/v2/TestResources_UpdateSavedQuery_OwnPrivateQuery_Success","TestResources_UpdateSavedQuery_OwnPrivateQuery_Success"
"Test cases for TestAddWhereClauseToNeo4jQuery_WithWhereClause","0","TestAddWhereClauseToNeo4jQuery_WithWhereClause","","Fri May 29 00:42:51 UTC 2026","passed","Fri May 29 00:42:51 UTC 2026","","Go Test","github.com/specterops/bloodhound/cmd/api/src/api/v2/TestAddWhereClauseToNeo4jQuery_WithWhereClause","TestAddWhereClauseToNeo4jQuery_WithWhereClause"
"","7","updates key in state","useObjectState","Fri May 29 00:47:54 UTC 2026","passed","Fri May 29 00:47:54 UTC 2026","","","",""
"Test cases for TestArgon2Digest_String","0","TestArgon2Digest_String","","Fri May 29 00:43:15 UTC 2026","passed","Fri May 29 00:43:15 UTC 2026","","Go Test","github.com/specterops/bloodhound/packages/go/crypto/TestArgon2Digest_String","TestArgon2Digest_String"
"","0","returns fallback Cypher message when ruleType is undefined and seeds are required","getErrorMessage","Fri May 29 00:44:50 UTC 2026","passed","Fri May 29 00:44:50 UTC 2026","","","",""
"","0","returns disabled config when any required param is falsey","useExploreGraph","Fri May 29 00:44:44 UTC 2026","passed","Fri May 29 00:44:44 UTC 2026","composition search queries","exploreGraphQueryFactory","",""
"","1773","when user performs a pathfinding search, the selection for the start node is carried over to the `search` tab","ExploreSearch interaction","Fri May 29 00:49:20 UTC 2026","passed","Fri May 29 00:49:22 UTC 2026","","","",""
"","411","displays a validation error","ManagedDatePicker - date validation","Fri May 29 00:46:22 UTC 2026","passed","Fri May 29 00:46:22 UTC 2026","","","",""
"","237","shows a loading state","FileIngestTable","Fri May 29 00:44:23 UTC 2026","passed","Fri May 29 00:44:23 UTC 2026","","","",""
"","563","renders the form for creating a new zone","Tag Form","Fri May 29 00:43:20 UTC 2026","passed","Fri May 29 00:43:20 UTC 2026","","","",""
"Test cases for TestMarshalTime","0","TestMarshalTime","","Fri May 29 00:42:52 UTC 2026","passed","Fri May 29 00:42:52 UTC 2026","","Go Test","github.com/specterops/bloodhound/cmd/api/src/database/types/null/TestMarshalTime","TestMarshalTime"
"Test cases for TestTextUnmarshalBool","0","TestTextUnmarshalBool","","Fri May 29 00:42:52 UTC 2026","passed","Fri May 29 00:42:52 UTC 2026","","Go Test","github.com/specterops/bloodhound/cmd/api/src/database/types/null/TestTextUnmarshalBool","TestTextUnmarshalBool"
"Test cases for TestTracker_HasEdge_DuplicateCalls","0","TestTracker_HasEdge_DuplicateCalls","","Fri May 29 00:43:14 UTC 2026","passed","Fri May 29 00:43:14 UTC 2026","","Go Test","github.com/specterops/bloodhound/packages/go/analysis/post/TestTracker_HasEdge_DuplicateCalls","TestTracker_HasEdge_DuplicateCalls"
"","133","continue button is disabled when no SSO provider has been selected","LoginViaSSOForm","Fri May 29 00:47:04 UTC 2026","passed","Fri May 29 00:47:04 UTC 2026","","","",""
"Test cases for TestManagementResource_CreateAuthToken","15092","TestManagementResource_CreateAuthToken","","Fri May 29 00:43:21 UTC 2026","passed","Fri May 29 00:43:36 UTC 2026","","Go Test","github.com/specterops/bloodhound/cmd/api/src/api/v2/auth/TestManagementResource_CreateAuthToken","TestManagementResource_CreateAuthToken"
"","708","handles creating a new rule","Rule Form","Fri May 29 00:43:44 UTC 2026","passed","Fri May 29 00:43:44 UTC 2026","","","",""
"","533","toggles parent from some to all","GraphDataCheckboxes","Fri May 29 00:44:45 UTC 2026","passed","Fri May 29 00:44:46 UTC 2026","","","",""
"","0","handles both node_kinds and edge_kinds together","graphSchema","Fri May 29 00:48:09 UTC 2026","passed","Fri May 29 00:48:09 UTC 2026","","","",""
"Test cases for TestRateLimitMiddleware","0","TestRateLimitMiddleware","","Fri May 29 00:42:43 UTC 2026","passed","Fri May 29 00:42:43 UTC 2026","","Go Test","github.com/specterops/bloodhound/cmd/api/src/api/middleware/TestRateLimitMiddleware","TestRateLimitMiddleware"
"","298","displays loading state","GraphDataCheckboxes","Fri May 29 00:44:42 UTC 2026","passed","Fri May 29 00:44:43 UTC 2026","","","",""
"","1673","reverts to the default unselected state when the user de-selects the currently selected graph layout","GraphView","Fri May 29 00:49:16 UTC 2026","passed","Fri May 29 00:49:17 UTC 2026","","Layout selection and de-selection","",""
"","1","EXTENDED ROUNDING when thresholds are set: abbreviates hundred-thousands, millions, billions, trillions as expected","numberFormatting","Fri May 29 00:46:30 UTC 2026","passed","Fri May 29 00:46:30 UTC 2026","","","",""
"","0","A type was provided but no keyword follows the typed filter","Getting the text for the disabled item display for a search when there are no results","Fri May 29 00:46:59 UTC 2026","passed","Fri May 29 00:46:59 UTC 2026","","Empty data states","",""
"Test cases for TestTimeIsZero","0","TestTimeIsZero","","Fri May 29 00:42:52 UTC 2026","passed","Fri May 29 00:42:52 UTC 2026","","Go Test","github.com/specterops/bloodhound/cmd/api/src/database/types/null/TestTimeIsZero","TestTimeIsZero"
"","0","maps cypher 504 errors to timeout messaging","useExploreGraph","Fri May 29 00:44:44 UTC 2026","passed","Fri May 29 00:44:44 UTC 2026","","exploreGraphQueryFactory","",""
"Test cases for TestFilter","0","TestFilter","","Fri May 29 00:43:31 UTC 2026","passed","Fri May 29 00:43:31 UTC 2026","","Go Test","github.com/specterops/bloodhound/packages/go/slicesext/TestFilter","TestFilter"
"Test cases for Test_GetAssetGroupMembersByTag","3","Test_GetAssetGroupMembersByTag","","Fri May 29 00:42:51 UTC 2026","passed","Fri May 29 00:42:51 UTC 2026","","Go Test","github.com/specterops/bloodhound/cmd/api/src/api/v2/Test_GetAssetGroupMembersByTag","Test_GetAssetGroupMembersByTag"
"","225","displays error if delete button is clicked when no checkbox is selected","DatabaseManagement","Fri May 29 00:49:09 UTC 2026","passed","Fri May 29 00:49:10 UTC 2026","","","",""
"Test cases for TestResources_GetComputerEntityInfo","0","TestResources_GetComputerEntityInfo","","Fri May 29 00:42:51 UTC 2026","passed","Fri May 29 00:42:51 UTC 2026","","Go Test","github.com/specterops/bloodhound/cmd/api/src/api/v2/TestResources_GetComputerEntityInfo","TestResources_GetComputerEntityInfo"
"","39","should should reflect the NOT checked state for public query","SavedQueryPermissions","Fri May 29 00:46:57 UTC 2026","passed","Fri May 29 00:46:57 UTC 2026","","","",""
"Test cases for TestKeyEncoder_Key_VaryingInputs","0","TestKeyEncoder_Key_VaryingInputs","","Fri May 29 00:43:14 UTC 2026","passed","Fri May 29 00:43:14 UTC 2026","","Go Test","github.com/specterops/bloodhound/packages/go/analysis/post/TestKeyEncoder_Key_VaryingInputs","TestKeyEncoder_Key_VaryingInputs"
"Test cases for TestRequiredValidator","0","TestRequiredValidator","","Fri May 29 00:43:13 UTC 2026","passed","Fri May 29 00:43:13 UTC 2026","","Go Test","github.com/specterops/bloodhound/cmd/api/src/utils/validation/TestRequiredValidator","TestRequiredValidator"
"","0","returns Cypher message when ruleType is SeedTypeCypher and seeds are required","getErrorMessage","Fri May 29 00:44:50 UTC 2026","passed","Fri May 29 00:44:50 UTC 2026","","","",""
"","98","renders a button when actor is not BloodHoundString and note exists","NoteCell component","Fri May 29 00:47:17 UTC 2026","passed","Fri May 29 00:47:17 UTC 2026","","","",""
"Test cases for TestErrorReadDomainSIDandNameAsString","1","TestErrorReadDomainSIDandNameAsString","","Fri May 29 00:43:14 UTC 2026","passed","Fri May 29 00:43:14 UTC 2026","","Go Test","github.com/specterops/bloodhound/packages/go/analysis/ad/internal/nodeprops/TestErrorReadDomainSIDandNameAsString","TestErrorReadDomainSIDandNameAsString"
"","524","disables the delete button and all checkboxes if the user lacks permission","DatabaseManagement","Fri May 29 00:49:09 UTC 2026","passed","Fri May 29 00:49:09 UTC 2026","","","",""
"","6339","does not close explore search tab menu or entity info panel when search returns zero nodes","CypherSearch","Fri May 29 00:44:21 UTC 2026","passed","Fri May 29 00:44:27 UTC 2026","","Minimize explorer page elements when multiple nodes are returned","",""
"","0","returns true if value is null","searchParams","Fri May 29 00:47:06 UTC 2026","passed","Fri May 29 00:47:06 UTC 2026","","isEmptyParam","",""
"","976","clicking checkbox will remove error if present","DatabaseManagement","Fri May 29 00:49:10 UTC 2026","passed","Fri May 29 00:49:11 UTC 2026","","","",""
"Test cases for TestParseLimitQueryParameter_BadFormat","0","TestParseLimitQueryParameter_BadFormat","","Fri May 29 00:42:51 UTC 2026","passed","Fri May 29 00:42:51 UTC 2026","","Go Test","github.com/specterops/bloodhound/cmd/api/src/api/v2/TestParseLimitQueryParameter_BadFormat","TestParseLimitQueryParameter_BadFormat"
"Test cases for TestSortJSONArrays","1","TestSortJSONArrays","","Fri May 29 00:43:13 UTC 2026","passed","Fri May 29 00:43:13 UTC 2026","","Go Test","github.com/specterops/bloodhound/cmd/api/src/utils/test/TestSortJSONArrays","TestSortJSONArrays"
"","387","toggles a source kind off from all selected nested graph data options","GraphDataCheckboxes","Fri May 29 00:44:47 UTC 2026","passed","Fri May 29 00:44:47 UTC 2026","","","",""
"Test cases for TestJSONFloat_MarshalJSON_NaN","1","TestJSONFloat_MarshalJSON_NaN","","Fri May 29 00:42:52 UTC 2026","passed","Fri May 29 00:42:52 UTC 2026","","Go Test","github.com/specterops/bloodhound/cmd/api/src/database/types/nan/TestJSONFloat_MarshalJSON_NaN","TestJSONFloat_MarshalJSON_NaN"
"","765","should render a create user form","CreateUserDialog","Fri May 29 00:44:11 UTC 2026","passed","Fri May 29 00:44:12 UTC 2026","","","",""
"","79","should not display api key management button","Api Keys","Fri May 29 00:45:41 UTC 2026","passed","Fri May 29 00:45:41 UTC 2026","","","",""
"","2760","resets skip to 0 when rows per page changes so rows are visible on the new page size","FileIngestTable","Fri May 29 00:44:27 UTC 2026","passed","Fri May 29 00:44:30 UTC 2026","","pagination reset","",""
"","0","The node radius is adjusted for nodes that have their ""highlighted"" property set to true since the highlight adds some padding","getNodeRadius","Fri May 29 00:49:44 UTC 2026","passed","Fri May 29 00:49:44 UTC 2026","","","",""
"","1874","renders","DatabaseManagement","Fri May 29 00:49:07 UTC 2026","passed","Fri May 29 00:49:09 UTC 2026","","","",""
"Test cases for TestResources_GetGPOEntityInfo","3","TestResources_GetGPOEntityInfo","","Fri May 29 00:42:51 UTC 2026","passed","Fri May 29 00:42:51 UTC 2026","","Go Test","github.com/specterops/bloodhound/cmd/api/src/api/v2/TestResources_GetGPOEntityInfo","TestResources_GetGPOEntityInfo"
"Test cases for TestClearCache_HA","0","TestClearCache_HA","","Fri May 29 00:42:52 UTC 2026","passed","Fri May 29 00:42:52 UTC 2026","","Go Test","github.com/specterops/bloodhound/cmd/api/src/daemons/changelog/TestClearCache_HA","TestClearCache_HA"
"Test cases for TestManagementResource_ListAuthProviders","1","TestManagementResource_ListAuthProviders","","Fri May 29 00:43:36 UTC 2026","passed","Fri May 29 00:43:36 UTC 2026","","Go Test","github.com/specterops/bloodhound/cmd/api/src/api/v2/auth/TestManagementResource_ListAuthProviders","TestManagementResource_ListAuthProviders"
"Test cases for TestOpenGraphSchemaService_DeleteExtension","2","TestOpenGraphSchemaService_DeleteExtension","","Fri May 29 00:42:57 UTC 2026","passed","Fri May 29 00:42:57 UTC 2026","","Go Test","github.com/specterops/bloodhound/cmd/api/src/services/opengraphschema/TestOpenGraphSchemaService_DeleteExtension","TestOpenGraphSchemaService_DeleteExtension"
"Test cases for TestWriteResultJson","0","TestWriteResultJson","","Fri May 29 00:43:13 UTC 2026","passed","Fri May 29 00:43:13 UTC 2026","","Go Test","github.com/specterops/bloodhound/cmd/api/src/utils/TestWriteResultJson","TestWriteResultJson"
"Test cases for TestManagementResource_DeleteUser_UserBhCtxNotFound","0","TestManagementResource_DeleteUser_UserBhCtxNotFound","","Fri May 29 00:43:12 UTC 2026","passed","Fri May 29 00:43:12 UTC 2026","","Go Test","github.com/specterops/bloodhound/cmd/api/src/api/v2/auth/TestManagementResource_DeleteUser_UserBhCtxNotFound","TestManagementResource_DeleteUser_UserBhCtxNotFound"
"Test cases for TestNewAuditLog","1","TestNewAuditLog","","Fri May 29 00:42:52 UTC 2026","passed","Fri May 29 00:42:52 UTC 2026","","Go Test","github.com/specterops/bloodhound/cmd/api/src/database/TestNewAuditLog","TestNewAuditLog"
"Test cases for TestManagementResource_ServeMetadata","12","TestManagementResource_ServeMetadata","","Fri May 29 00:43:36 UTC 2026","passed","Fri May 29 00:43:36 UTC 2026","","Go Test","github.com/specterops/bloodhound/cmd/api/src/api/v2/auth/TestManagementResource_ServeMetadata","TestManagementResource_ServeMetadata"
"","5","returns bounds for text rendered to canvas","getLabelBoundsFromContext","Fri May 29 00:49:44 UTC 2026","passed","Fri May 29 00:49:44 UTC 2026","","","",""
"Test cases for TestManagementResource_GetRole","39660","TestManagementResource_GetRole","","Fri May 29 00:42:57 UTC 2026","passed","Fri May 29 00:43:36 UTC 2026","","Go Test","github.com/specterops/bloodhound/cmd/api/src/api/v2/auth/TestManagementResource_GetRole","TestManagementResource_GetRole"
"","88","disables delete button for user without correct permissions","ActiveExtensionsCard","Fri May 29 00:43:50 UTC 2026","passed","Fri May 29 00:43:50 UTC 2026","","","",""
"Test cases for TestURLJoinPathEscapesSlashes","0","TestURLJoinPathEscapesSlashes","","Fri May 29 00:42:27 UTC 2026","passed","Fri May 29 00:42:27 UTC 2026","","Go Test","github.com/specterops/bloodhound/cmd/api/src/api/TestURLJoinPathEscapesSlashes","TestURLJoinPathEscapesSlashes"
"Test cases for TestWriteAndValidateZip","0","TestWriteAndValidateZip","","Fri May 29 00:42:58 UTC 2026","passed","Fri May 29 00:42:58 UTC 2026","","Go Test","github.com/specterops/bloodhound/cmd/api/src/services/upload/TestWriteAndValidateZip","TestWriteAndValidateZip"
"Test cases for TestResources_ListADCSEscalations","0","TestResources_ListADCSEscalations","","Fri May 29 00:42:51 UTC 2026","passed","Fri May 29 00:42:51 UTC 2026","","Go Test","github.com/specterops/bloodhound/cmd/api/src/api/v2/TestResources_ListADCSEscalations","TestResources_ListADCSEscalations"
"Test cases for TestManagementResource_ListUsers_Filtered","1","TestManagementResource_ListUsers_Filtered","","Fri May 29 00:42:57 UTC 2026","passed","Fri May 29 00:42:57 UTC 2026","","Go Test","github.com/specterops/bloodhound/cmd/api/src/api/v2/auth/TestManagementResource_ListUsers_Filtered","TestManagementResource_ListUsers_Filtered"
"","21","returns undefined if environmentId searched for is not found","useAvailableEnvironments","Fri May 29 00:46:08 UTC 2026","passed","Fri May 29 00:46:08 UTC 2026","","useSelectedEnvironment","",""
"Test cases for TestRoleMembers","0","TestRoleMembers","","Fri May 29 00:43:14 UTC 2026","passed","Fri May 29 00:43:14 UTC 2026","","Go Test","github.com/specterops/bloodhound/packages/go/analysis/azure/TestRoleMembers","TestRoleMembers"
"Test cases for TestManagementResource_ListAuthTokens_PredicateMismatchWithColumn","0","TestManagementResource_ListAuthTokens_PredicateMismatchWithColumn","","Fri May 29 00:43:21 UTC 2026","passed","Fri May 29 00:43:21 UTC 2026","","Go Test","github.com/specterops/bloodhound/cmd/api/src/api/v2/auth/TestManagementResource_ListAuthTokens_PredicateMismatchWithColumn","TestManagementResource_ListAuthTokens_PredicateMismatchWithColumn"
"","637","filters by the selected date range","FileIngestFilterDialog","Fri May 29 00:44:57 UTC 2026","passed","Fri May 29 00:44:57 UTC 2026","","Date Range Inputs","",""
"","84","shows View in Explore if exploreUrl is supplied","Seed Selection Results","Fri May 29 00:45:10 UTC 2026","passed","Fri May 29 00:45:11 UTC 2026","","","",""
"Test cases for TestSetValue","0","TestSetValue","","Fri May 29 00:42:51 UTC 2026","passed","Fri May 29 00:42:51 UTC 2026","","Go Test","github.com/specterops/bloodhound/cmd/api/src/config/TestSetValue","TestSetValue"
"Test cases for TestDomainSelectors_GetFilterCriteria_Success_Empty","0","TestDomainSelectors_GetFilterCriteria_Success_Empty","","Fri May 29 00:42:53 UTC 2026","passed","Fri May 29 00:42:53 UTC 2026","","Go Test","github.com/specterops/bloodhound/cmd/api/src/model/TestDomainSelectors_GetFilterCriteria_Success_Empty","TestDomainSelectors_GetFilterCriteria_Success_Empty"
"","349","renders analyze now section","AnalyzeNowConfiguration","Fri May 29 00:45:46 UTC 2026","passed","Fri May 29 00:45:46 UTC 2026","","","",""
"Test cases for TestQueries_BuildEntityQueryParams_DataTypeCount","0","TestQueries_BuildEntityQueryParams_DataTypeCount","","Fri May 29 00:42:54 UTC 2026","passed","Fri May 29 00:42:54 UTC 2026","","Go Test","github.com/specterops/bloodhound/cmd/api/src/queries/TestQueries_BuildEntityQueryParams_DataTypeCount","TestQueries_BuildEntityQueryParams_DataTypeCount"
"Test cases for TestRewriter_Enter_AzureAttackPathsShortcut_ReplacesKinds","0","TestRewriter_Enter_AzureAttackPathsShortcut_ReplacesKinds","","Fri May 29 00:42:54 UTC 2026","passed","Fri May 29 00:42:54 UTC 2026","","Go Test","github.com/specterops/bloodhound/cmd/api/src/queries/TestRewriter_Enter_AzureAttackPathsShortcut_ReplacesKinds","TestRewriter_Enter_AzureAttackPathsShortcut_ReplacesKinds"
"Test cases for TestResources_UpdateSavedQuery_NotAUserAuth","0","TestResources_UpdateSavedQuery_NotAUserAuth","","Fri May 29 00:42:51 UTC 2026","passed","Fri May 29 00:42:51 UTC 2026","","Go Test","github.com/specterops/bloodhound/cmd/api/src/api/v2/TestResources_UpdateSavedQuery_NotAUserAuth","TestResources_UpdateSavedQuery_NotAUserAuth"
"","174","Verify Vault Reader count is the count returned by All Readers","EntityInfoDataTable","Fri May 29 00:44:58 UTC 2026","passed","Fri May 29 00:44:58 UTC 2026","","Node count for Vault Readers nested table","",""
"","3","returns default empty labels and relationshipTypes when called with no arguments","graphSchema","Fri May 29 00:48:09 UTC 2026","passed","Fri May 29 00:48:09 UTC 2026","","","",""
"","124","calls onSort when clicked","ColumnHeaders","Fri May 29 00:46:26 UTC 2026","passed","Fri May 29 00:46:26 UTC 2026","","SortableHeader","",""
"Test cases for TestQueryParameterFilterParser_ParseQueryParameterFilter","1","TestQueryParameterFilterParser_ParseQueryParameterFilter","","Fri May 29 00:42:53 UTC 2026","passed","Fri May 29 00:42:53 UTC 2026","","Go Test","github.com/specterops/bloodhound/cmd/api/src/model/TestQueryParameterFilterParser_ParseQueryParameterFilter","TestQueryParameterFilterParser_ParseQueryParameterFilter"
"Test cases for TestParseClientVersion","0","TestParseClientVersion","","Fri May 29 00:43:13 UTC 2026","passed","Fri May 29 00:43:13 UTC 2026","","Go Test","github.com/specterops/bloodhound/cmd/api/src/utils/TestParseClientVersion","TestParseClientVersion"
"","424","calls openSAMLProviderDialog when SAML Provider menu item is clicked","CreateMenu","Fri May 29 00:45:29 UTC 2026","passed","Fri May 29 00:45:29 UTC 2026","","oidc_support feature flag enabled","",""
"Test cases for TestParseUserIP_XForwardedFor_RemoteAddr","0","TestParseUserIP_XForwardedFor_RemoteAddr","","Fri May 29 00:42:43 UTC 2026","passed","Fri May 29 00:42:43 UTC 2026","","Go Test","github.com/specterops/bloodhound/cmd/api/src/api/middleware/TestParseUserIP_XForwardedFor_RemoteAddr","TestParseUserIP_XForwardedFor_RemoteAddr"
"","69","sets primarySearch, searchType, exploreSearchTab in URL params when the click handler is executed","useEdgeInfoItems","Fri May 29 00:46:52 UTC 2026","passed","Fri May 29 00:46:52 UTC 2026","","","",""
"","2","should return null if the edge key does not have enough information","getEdgeDataFromKey","Fri May 29 00:49:50 UTC 2026","passed","Fri May 29 00:49:50 UTC 2026","","","",""
"","76","fetches new information when a different databaseId is passed","useFetchEntityInfo","Fri May 29 00:46:15 UTC 2026","passed","Fri May 29 00:46:15 UTC 2026","","","",""
"Test cases for TestResources_ListExtensions","62","TestResources_ListExtensions","","Fri May 29 00:42:51 UTC 2026","passed","Fri May 29 00:42:51 UTC 2026","","Go Test","github.com/specterops/bloodhound/cmd/api/src/api/v2/TestResources_ListExtensions","TestResources_ListExtensions"
"","284","should display correctly","ConfirmationDialog","Fri May 29 00:48:27 UTC 2026","passed","Fri May 29 00:48:28 UTC 2026","","","",""
"Test cases for TestContextMiddlewareBypassEnabled","0","TestContextMiddlewareBypassEnabled","","Fri May 29 00:42:43 UTC 2026","passed","Fri May 29 00:42:43 UTC 2026","","Go Test","github.com/specterops/bloodhound/cmd/api/src/api/middleware/TestContextMiddlewareBypassEnabled","TestContextMiddlewareBypassEnabled"
"","49","shows the empty form message when Cypher Rule Form is empty","Seed Selection Results","Fri May 29 00:45:10 UTC 2026","passed","Fri May 29 00:45:10 UTC 2026","","","",""
"Test cases for TestMarshalInt64Text","0","TestMarshalInt64Text","","Fri May 29 00:42:52 UTC 2026","passed","Fri May 29 00:42:52 UTC 2026","","Go Test","github.com/specterops/bloodhound/cmd/api/src/database/types/null/TestMarshalInt64Text","TestMarshalInt64Text"
"Test cases for TestResources_GetEnterpriseCAEntityInfo","204","TestResources_GetEnterpriseCAEntityInfo","","Fri May 29 00:42:51 UTC 2026","passed","Fri May 29 00:42:51 UTC 2026","","Go Test","github.com/specterops/bloodhound/cmd/api/src/api/v2/TestResources_GetEnterpriseCAEntityInfo","TestResources_GetEnterpriseCAEntityInfo"
"","1070","renders the form for editing an existing rule","Rule Form","Fri May 29 00:43:38 UTC 2026","passed","Fri May 29 00:43:39 UTC 2026","","","",""
"","76","should hide Environmental Targeted Access Control panel when showEnvironmentAccessControls prop is false","CreateUserForm","Fri May 29 00:44:00 UTC 2026","passed","Fri May 29 00:44:00 UTC 2026","","","",""
"","18","returns a date string only if passed a string with a matching key","Formatting strings via formatPrimive","Fri May 29 00:45:21 UTC 2026","passed","Fri May 29 00:45:21 UTC 2026","","","",""
"Test cases for TestGetLatestQueryParameter","0","TestGetLatestQueryParameter","","Fri May 29 00:42:51 UTC 2026","passed","Fri May 29 00:42:51 UTC 2026","","Go Test","github.com/specterops/bloodhound/cmd/api/src/api/v2/TestGetLatestQueryParameter","TestGetLatestQueryParameter"
"","0","returns a function that does not update searchParams if a key is not found in the updatedParams","searchParams","Fri May 29 00:47:06 UTC 2026","passed","Fri May 29 00:47:06 UTC 2026","","setSingleParamFactory","",""
"","8","should not render a Field when the provided value is """"","Field","Fri May 29 00:48:08 UTC 2026","passed","Fri May 29 00:48:08 UTC 2026","","","",""
"Test cases for TestWriteResponseWrapperWithTimeWindowAndPagination","0","TestWriteResponseWrapperWithTimeWindowAndPagination","","Fri May 29 00:42:27 UTC 2026","passed","Fri May 29 00:42:27 UTC 2026","","Go Test","github.com/specterops/bloodhound/cmd/api/src/api/TestWriteResponseWrapperWithTimeWindowAndPagination","TestWriteResponseWrapperWithTimeWindowAndPagination"
"Test cases for TestWriteAndValidateJSON_NormalizationError","8","TestWriteAndValidateJSON_NormalizationError","","Fri May 29 00:42:58 UTC 2026","passed","Fri May 29 00:42:58 UTC 2026","","Go Test","github.com/specterops/bloodhound/cmd/api/src/services/upload/TestWriteAndValidateJSON_NormalizationError","TestWriteAndValidateJSON_NormalizationError"
"Test cases for FuzzFoldr","0","FuzzFoldr","","Fri May 29 00:43:31 UTC 2026","passed","Fri May 29 00:43:31 UTC 2026","","Go Test","github.com/specterops/bloodhound/packages/go/slicesext/FuzzFoldr","FuzzFoldr"
"","5405","closes explore search tab menu when search returns one node, entity info panel remains open","CypherSearch","Fri May 29 00:44:27 UTC 2026","passed","Fri May 29 00:44:33 UTC 2026","","Minimize explorer page elements when multiple nodes are returned","",""
"","173","disables checkboxes while loading","GraphDataCheckboxes","Fri May 29 00:44:43 UTC 2026","passed","Fri May 29 00:44:43 UTC 2026","","","",""
"","232","has the correct value for the links in the breadcrumbs","Create Update pages","Fri May 29 00:47:37 UTC 2026","passed","Fri May 29 00:47:37 UTC 2026","","","",""
"Test cases for Test_filterAndFormatSearchResults_filterEnvironmentsEmpty","0","Test_filterAndFormatSearchResults_filterEnvironmentsEmpty","","Fri May 29 00:42:51 UTC 2026","passed","Fri May 29 00:42:51 UTC 2026","","Go Test","github.com/specterops/bloodhound/cmd/api/src/api/v2/Test_filterAndFormatSearchResults_filterEnvironmentsEmpty","Test_filterAndFormatSearchResults_filterEnvironmentsEmpty"
"","389","does not auto-display the table for a node-only cypher response when the user has already selected a graph layout","GraphView","Fri May 29 00:49:15 UTC 2026","passed","Fri May 29 00:49:15 UTC 2026","","Layout selection and de-selection","",""
"Test cases for TestResources_GetContainerEntityInfo","206","TestResources_GetContainerEntityInfo","","Fri May 29 00:42:51 UTC 2026","passed","Fri May 29 00:42:51 UTC 2026","","Go Test","github.com/specterops/bloodhound/cmd/api/src/api/v2/TestResources_GetContainerEntityInfo","TestResources_GetContainerEntityInfo"
"","0","prefixes each edge_kind with a colon for relationshipTypes","graphSchema","Fri May 29 00:48:09 UTC 2026","passed","Fri May 29 00:48:09 UTC 2026","","","",""
"","156","does not make feature-flag request if user is not fully authenticated","app","Fri May 29 00:49:42 UTC 2026","passed","Fri May 29 00:49:42 UTC 2026","","<Inner />","",""
"","868","sets the selectedItem param and closes popper when a node is selected","GraphControls","Fri May 29 00:43:42 UTC 2026","passed","Fri May 29 00:43:43 UTC 2026","","Searching current results","",""
"","0","should handle the well formed entities","Evaluating the entity display name from a given entity","Fri May 29 00:45:21 UTC 2026","passed","Fri May 29 00:45:21 UTC 2026","","","",""
"","4109","subcategory with duplicate name does not show indeterminate when all its children are unchecked","Pathfinding","Fri May 29 00:45:02 UTC 2026","passed","Fri May 29 00:45:06 UTC 2026","","","",""
"","99","initializes the list with all filters checked by default","usePathfindingFilters","Fri May 29 00:48:03 UTC 2026","passed","Fri May 29 00:48:03 UTC 2026","","","",""
"Test cases for TestUnmarshalBool","0","TestUnmarshalBool","","Fri May 29 00:42:52 UTC 2026","passed","Fri May 29 00:42:52 UTC 2026","","Go Test","github.com/specterops/bloodhound/cmd/api/src/database/types/null/TestUnmarshalBool","TestUnmarshalBool"
"","260","displays 0 when a given sections returns empty, and sums the rest of the sections correctly","EntityInfoDataTable","Fri May 29 00:44:57 UTC 2026","passed","Fri May 29 00:44:58 UTC 2026","","Node count for nested table that counts all sections","",""
"Test cases for TestResources_EndIngestJob","83","TestResources_EndIngestJob","","Fri May 29 00:42:51 UTC 2026","passed","Fri May 29 00:42:51 UTC 2026","","Go Test","github.com/specterops/bloodhound/cmd/api/src/api/v2/TestResources_EndIngestJob","TestResources_EndIngestJob"
"","9","displays lastlogon cell as NEVER when the value is -1","ExploreTableDataCell","Fri May 29 00:47:58 UTC 2026","passed","Fri May 29 00:47:58 UTC 2026","","","",""
"Test cases for TestRewriter_Enter_UpdatingClauseSetsHasMutation","0","TestRewriter_Enter_UpdatingClauseSetsHasMutation","","Fri May 29 00:42:54 UTC 2026","passed","Fri May 29 00:42:54 UTC 2026","","Go Test","github.com/specterops/bloodhound/cmd/api/src/queries/TestRewriter_Enter_UpdatingClauseSetsHasMutation","TestRewriter_Enter_UpdatingClauseSetsHasMutation"
"Test cases for TestParseGroupMiscData","0","TestParseGroupMiscData","","Fri May 29 00:43:15 UTC 2026","passed","Fri May 29 00:43:15 UTC 2026","","Go Test","github.com/specterops/bloodhound/packages/go/ein/TestParseGroupMiscData","TestParseGroupMiscData"
"Test cases for TestBoolScan","0","TestBoolScan","","Fri May 29 00:42:52 UTC 2026","passed","Fri May 29 00:42:52 UTC 2026","","Go Test","github.com/specterops/bloodhound/cmd/api/src/database/types/null/TestBoolScan","TestBoolScan"
"Test cases for TestManagementResource_ListUsers_SortingError","0","TestManagementResource_ListUsers_SortingError","","Fri May 29 00:42:57 UTC 2026","passed","Fri May 29 00:42:57 UTC 2026","","Go Test","github.com/specterops/bloodhound/cmd/api/src/api/v2/auth/TestManagementResource_ListUsers_SortingError","TestManagementResource_ListUsers_SortingError"
"","194","displays appropriate text when there are no matches for search term","SearchCurrentNodes","Fri May 29 00:46:43 UTC 2026","passed","Fri May 29 00:46:43 UTC 2026","","","",""
"","128","should call onCancel when cancel button clicked","LoginViaSSOForm","Fri May 29 00:47:04 UTC 2026","passed","Fri May 29 00:47:04 UTC 2026","","","",""
"Test cases for TestFormatDatabaseErrorNotFound","0","TestFormatDatabaseErrorNotFound","","Fri May 29 00:42:27 UTC 2026","passed","Fri May 29 00:42:27 UTC 2026","","Go Test","github.com/specterops/bloodhound/cmd/api/src/api/TestFormatDatabaseErrorNotFound","TestFormatDatabaseErrorNotFound"
"","434","should render","PasswordResetForm","Fri May 29 00:46:12 UTC 2026","passed","Fri May 29 00:46:13 UTC 2026","","","",""
"Test cases for TestStringIsZero","0","TestStringIsZero","","Fri May 29 00:42:52 UTC 2026","passed","Fri May 29 00:42:52 UTC 2026","","Go Test","github.com/specterops/bloodhound/cmd/api/src/database/types/null/TestStringIsZero","TestStringIsZero"
"","22","does not show the dropdown by default","ManageColumnsComboBox","Fri May 29 00:45:15 UTC 2026","passed","Fri May 29 00:45:15 UTC 2026","","","",""
"","11","should render a Field when the provided value is 0","Field","Fri May 29 00:48:08 UTC 2026","passed","Fri May 29 00:48:08 UTC 2026","","","",""
"Test cases for TestTracker_ConcurrentHasEdge","0","TestTracker_ConcurrentHasEdge","","Fri May 29 00:43:14 UTC 2026","passed","Fri May 29 00:43:14 UTC 2026","","Go Test","github.com/specterops/bloodhound/packages/go/analysis/post/TestTracker_ConcurrentHasEdge","TestTracker_ConcurrentHasEdge"
"","62","fails checks if the user does not have a matching permission","usePermissions","Fri May 29 00:45:33 UTC 2026","passed","Fri May 29 00:45:34 UTC 2026","","","",""
"","5","renders without pulse animation by default","StatusIndicator","Fri May 29 00:48:32 UTC 2026","passed","Fri May 29 00:48:32 UTC 2026","","","",""
"Test cases for TestTracker_HasEdge_PropertyMismatchTriggersInsert","0","TestTracker_HasEdge_PropertyMismatchTriggersInsert","","Fri May 29 00:43:14 UTC 2026","passed","Fri May 29 00:43:14 UTC 2026","","Go Test","github.com/specterops/bloodhound/packages/go/analysis/post/TestTracker_HasEdge_PropertyMismatchTriggersInsert","TestTracker_HasEdge_PropertyMismatchTriggersInsert"
"","114","should show a copy button if the cells text if the cell is not a boolean","ExploreTableDataCell","Fri May 29 00:47:58 UTC 2026","passed","Fri May 29 00:47:58 UTC 2026","","","",""
"","250","validates that the name input is under the max length","Tag Form","Fri May 29 00:43:22 UTC 2026","passed","Fri May 29 00:43:22 UTC 2026","","","",""
"Test cases for TestManagementResource_SSOCallbackHandler","8","TestManagementResource_SSOCallbackHandler","","Fri May 29 00:43:36 UTC 2026","passed","Fri May 29 00:43:36 UTC 2026","","Go Test","github.com/specterops/bloodhound/cmd/api/src/api/v2/auth/TestManagementResource_SSOCallbackHandler","TestManagementResource_SSOCallbackHandler"
"","3544","should close the edge filtering dialog when user clicks cancel button","EdgeFilter","Fri May 29 00:46:16 UTC 2026","passed","Fri May 29 00:46:19 UTC 2026","","","",""
"","0","fails for empty password","testPassword","Fri May 29 00:48:38 UTC 2026","passed","Fri May 29 00:48:38 UTC 2026","","","",""
"","38","upon selecting just a destination node, updates the URL with a searchType of 'node' and secondarySearch of the node's objectid","usePathfindingSearch","Fri May 29 00:46:11 UTC 2026","passed","Fri May 29 00:46:11 UTC 2026","","","",""
"","318","displays a “Disable query timeout” checkbox when timeout limit param config is enabled false","ExploreSearch interaction","Fri May 29 00:49:22 UTC 2026","passed","Fri May 29 00:49:22 UTC 2026","","","",""
"","795","dispatches an action to add the associated node","Rule Object Select","Fri May 29 00:47:17 UTC 2026","passed","Fri May 29 00:47:18 UTC 2026","","","",""
"","1498","should render","EntityInfoHeader","Fri May 29 00:46:57 UTC 2026","passed","Fri May 29 00:46:59 UTC 2026","","","",""
"Test cases for TestSavedQueries_IsString","0","TestSavedQueries_IsString","","Fri May 29 00:42:53 UTC 2026","passed","Fri May 29 00:42:53 UTC 2026","","Go Test","github.com/specterops/bloodhound/cmd/api/src/model/TestSavedQueries_IsString","TestSavedQueries_IsString"
"Test cases for TestUpdateAssetGroupRequest_AuditData","0","TestUpdateAssetGroupRequest_AuditData","","Fri May 29 00:42:51 UTC 2026","passed","Fri May 29 00:42:51 UTC 2026","","Go Test","github.com/specterops/bloodhound/cmd/api/src/api/v2/TestUpdateAssetGroupRequest_AuditData","TestUpdateAssetGroupRequest_AuditData"
"","2183","executes a pathfinding search when both a source and destination node are provided","Pathfinding: interaction","Fri May 29 00:45:58 UTC 2026","passed","Fri May 29 00:46:01 UTC 2026","","","",""
"","1","runs a cypher search when the query param is set to ""cypher""","useExploreGraph","Fri May 29 00:44:44 UTC 2026","passed","Fri May 29 00:44:44 UTC 2026","","exploreGraphQueryFactory","",""
"Test cases for TestResources_ListAssetGroupMembers","0","TestResources_ListAssetGroupMembers","","Fri May 29 00:42:51 UTC 2026","passed","Fri May 29 00:42:51 UTC 2026","","Go Test","github.com/specterops/bloodhound/cmd/api/src/api/v2/TestResources_ListAssetGroupMembers","TestResources_ListAssetGroupMembers"
"Test cases for TestResources_GetNTAuthStoreEntityInfo","204","TestResources_GetNTAuthStoreEntityInfo","","Fri May 29 00:42:51 UTC 2026","passed","Fri May 29 00:42:51 UTC 2026","","Go Test","github.com/specterops/bloodhound/cmd/api/src/api/v2/TestResources_GetNTAuthStoreEntityInfo","TestResources_GetNTAuthStoreEntityInfo"
"Test cases for TestResources_ListFileUploadJobs","0","TestResources_ListFileUploadJobs","","Fri May 29 00:42:51 UTC 2026","passed","Fri May 29 00:42:51 UTC 2026","","Go Test","github.com/specterops/bloodhound/cmd/api/src/api/v2/TestResources_ListFileUploadJobs","TestResources_ListFileUploadJobs"
"Test cases for TestResources_DeleteSavedQuery_DeleteError","1","TestResources_DeleteSavedQuery_DeleteError","","Fri May 29 00:42:51 UTC 2026","passed","Fri May 29 00:42:51 UTC 2026","","Go Test","github.com/specterops/bloodhound/cmd/api/src/api/v2/TestResources_DeleteSavedQuery_DeleteError","TestResources_DeleteSavedQuery_DeleteError"
"Test cases for TestTracker_HasEdge_PropertyChangeDetectedAsDeletion","0","TestTracker_HasEdge_PropertyChangeDetectedAsDeletion","","Fri May 29 00:43:14 UTC 2026","passed","Fri May 29 00:43:14 UTC 2026","","Go Test","github.com/specterops/bloodhound/packages/go/analysis/post/TestTracker_HasEdge_PropertyChangeDetectedAsDeletion","TestTracker_HasEdge_PropertyChangeDetectedAsDeletion"
"","3","should return true when value matches term","compareTerm","Fri May 29 00:47:37 UTC 2026","passed","Fri May 29 00:47:37 UTC 2026","","","",""
"","8","dismisses the ""no permission"" notification on unmount","useFinishedJobs","Fri May 29 00:46:04 UTC 2026","passed","Fri May 29 00:46:04 UTC 2026","","","",""
"Test cases for Test_FixtureTeardown","0","Test_FixtureTeardown","","Fri May 29 00:43:15 UTC 2026","passed","Fri May 29 00:43:15 UTC 2026","","Go Test","github.com/specterops/bloodhound/packages/go/lab/Test_FixtureTeardown","Test_FixtureTeardown"
"","157","should call onCancel when return to login button clicked","OneTimePasscodeForm","Fri May 29 00:47:50 UTC 2026","passed","Fri May 29 00:47:50 UTC 2026","","","",""
"","0","should hide/expand search widget when user clicks minus/plus button","ExploreSearch rendering per tab","Fri May 29 00:49:56 UTC 2026","unknown","Fri May 29 00:49:56 UTC 2026","","","",""
"Test cases for Test_GetApplicationConfigurations","1","Test_GetApplicationConfigurations","","Fri May 29 00:42:51 UTC 2026","passed","Fri May 29 00:42:51 UTC 2026","","Go Test","github.com/specterops/bloodhound/cmd/api/src/api/v2/Test_GetApplicationConfigurations","Test_GetApplicationConfigurations"
"","91","should should reflect the checked state for public query","SavedQueryPermissions","Fri May 29 00:46:57 UTC 2026","passed","Fri May 29 00:46:57 UTC 2026","","","",""
"","75","should display locally formatted numbers if they are larger than 999","LoadContainer","Fri May 29 00:48:48 UTC 2026","passed","Fri May 29 00:48:48 UTC 2026","","","",""
"","1391","does not show a warning for using labels associated with tags in label forms (also shows correct View in Explore link)","Rule Form","Fri May 29 00:43:46 UTC 2026","passed","Fri May 29 00:43:47 UTC 2026","","","",""
"","202","shows a table with finished jobs","FileIngestTable","Fri May 29 00:44:23 UTC 2026","passed","Fri May 29 00:44:23 UTC 2026","","","",""
"Test cases for Test_NewSpecWithHooks","0","Test_NewSpecWithHooks","","Fri May 29 00:43:15 UTC 2026","passed","Fri May 29 00:43:15 UTC 2026","","Go Test","github.com/specterops/bloodhound/packages/go/lab/Test_NewSpecWithHooks","Test_NewSpecWithHooks"
"","48","applies accent styling to headers when accent is true","<DetailsAccordion />","Fri May 29 00:45:14 UTC 2026","passed","Fri May 29 00:45:14 UTC 2026","","","",""
"","1494","handles copying the name","CopyMenuItem","Fri May 29 00:48:36 UTC 2026","passed","Fri May 29 00:48:38 UTC 2026","","","",""
"","9","should not render if open === false","ConfirmUpdateQueryDialog","Fri May 29 00:48:16 UTC 2026","passed","Fri May 29 00:48:16 UTC 2026","","","",""
"Test cases for TestResources_UpdateSavedQuery_AdminPublicQuery_Success","0","TestResources_UpdateSavedQuery_AdminPublicQuery_Success","","Fri May 29 00:42:51 UTC 2026","passed","Fri May 29 00:42:51 UTC 2026","","Go Test","github.com/specterops/bloodhound/cmd/api/src/api/v2/TestResources_UpdateSavedQuery_AdminPublicQuery_Success","TestResources_UpdateSavedQuery_AdminPublicQuery_Success"
"Test cases for TestIngestJobs_ValidFilters","0","TestIngestJobs_ValidFilters","","Fri May 29 00:42:53 UTC 2026","passed","Fri May 29 00:42:53 UTC 2026","","Go Test","github.com/specterops/bloodhound/cmd/api/src/model/TestIngestJobs_ValidFilters","TestIngestJobs_ValidFilters"
"Test cases for TestResources_ListADDomainForeignUsers","1","TestResources_ListADDomainForeignUsers","","Fri May 29 00:42:51 UTC 2026","passed","Fri May 29 00:42:51 UTC 2026","","Go Test","github.com/specterops/bloodhound/cmd/api/src/api/v2/TestResources_ListADDomainForeignUsers","TestResources_ListADDomainForeignUsers"
"Test cases for TestBoolIsZero","0","TestBoolIsZero","","Fri May 29 00:42:52 UTC 2026","passed","Fri May 29 00:42:52 UTC 2026","","Go Test","github.com/specterops/bloodhound/cmd/api/src/database/types/null/TestBoolIsZero","TestBoolIsZero"
"Test cases for TestRewriter_Enter_CombinedAzureAndADShortcut_ConcatenatesKinds","0","TestRewriter_Enter_CombinedAzureAndADShortcut_ConcatenatesKinds","","Fri May 29 00:42:54 UTC 2026","passed","Fri May 29 00:42:54 UTC 2026","","Go Test","github.com/specterops/bloodhound/cmd/api/src/queries/TestRewriter_Enter_CombinedAzureAndADShortcut_ConcatenatesKinds","TestRewriter_Enter_CombinedAzureAndADShortcut_ConcatenatesKinds"
"","508","handles a selection as expected","DropdownSelector","Fri May 29 00:47:22 UTC 2026","passed","Fri May 29 00:47:22 UTC 2026","","","",""
"Test cases for Test_SetDependency","0","Test_SetDependency","","Fri May 29 00:43:15 UTC 2026","passed","Fri May 29 00:43:15 UTC 2026","","Go Test","github.com/specterops/bloodhound/packages/go/lab/Test_SetDependency","Test_SetDependency"
"Test cases for TestPermissionsCheckAll","6","TestPermissionsCheckAll","","Fri May 29 00:42:43 UTC 2026","passed","Fri May 29 00:42:43 UTC 2026","","Go Test","github.com/specterops/bloodhound/cmd/api/src/api/middleware/TestPermissionsCheckAll","TestPermissionsCheckAll"
"","428","navigates to rule details when clicking a rule row","RulesAccordion","Fri May 29 00:46:38 UTC 2026","passed","Fri May 29 00:46:39 UTC 2026","","","",""
"","4461","should render","Pathfinding","Fri May 29 00:43:53 UTC 2026","passed","Fri May 29 00:43:58 UTC 2026","","","",""
"Test cases for TestResources_ListADComputerDCOMUsers","0","TestResources_ListADComputerDCOMUsers","","Fri May 29 00:42:51 UTC 2026","passed","Fri May 29 00:42:51 UTC 2026","","Go Test","github.com/specterops/bloodhound/cmd/api/src/api/v2/TestResources_ListADComputerDCOMUsers","TestResources_ListADComputerDCOMUsers"
"","15","safely handles removing nonexistent key","useObjectState","Fri May 29 00:47:54 UTC 2026","passed","Fri May 29 00:47:54 UTC 2026","","","",""
"Test cases for TestManagementResource_EnableUserSAML","0","TestManagementResource_EnableUserSAML","","Fri May 29 00:42:57 UTC 2026","passed","Fri May 29 00:42:57 UTC 2026","","Go Test","github.com/specterops/bloodhound/cmd/api/src/api/v2/auth/TestManagementResource_EnableUserSAML","TestManagementResource_EnableUserSAML"
"","132","disables the create user button and does not populate a table if the user lacks the permission","Users","Fri May 29 00:45:55 UTC 2026","passed","Fri May 29 00:45:55 UTC 2026","","","",""
"","0","Origin label and sizing are used when specified","copySigmaNodesToGraphlibGraph","Fri May 29 00:49:38 UTC 2026","passed","Fri May 29 00:49:38 UTC 2026","","","",""
"","1809","handles delete by nested graph data selection","DatabaseManagement","Fri May 29 00:49:17 UTC 2026","passed","Fri May 29 00:49:19 UTC 2026","","","",""
"","87","displays ! icon when one of the Affected Object calls fail","EntityInfoDataTable","Fri May 29 00:44:57 UTC 2026","passed","Fri May 29 00:44:57 UTC 2026","","Node count for nested table that counts all sections","",""
"Test cases for TestResources_UpdateSavedQuery_Admin_NonPublicQuery","0","TestResources_UpdateSavedQuery_Admin_NonPublicQuery","","Fri May 29 00:42:51 UTC 2026","passed","Fri May 29 00:42:51 UTC 2026","","Go Test","github.com/specterops/bloodhound/cmd/api/src/api/v2/TestResources_UpdateSavedQuery_Admin_NonPublicQuery","TestResources_UpdateSavedQuery_Admin_NonPublicQuery"
"Test cases for TestSignRequestSuccess","0","TestSignRequestSuccess","","Fri May 29 00:42:27 UTC 2026","passed","Fri May 29 00:42:27 UTC 2026","","Go Test","github.com/specterops/bloodhound/cmd/api/src/api/TestSignRequestSuccess","TestSignRequestSuccess"
"Test cases for TestWriteErrorResponse_V2","0","TestWriteErrorResponse_V2","","Fri May 29 00:42:27 UTC 2026","passed","Fri May 29 00:42:27 UTC 2026","","Go Test","github.com/specterops/bloodhound/cmd/api/src/api/TestWriteErrorResponse_V2","TestWriteErrorResponse_V2"
"","64","returns false on 404","useGraphHasData","Fri May 29 00:48:04 UTC 2026","passed","Fri May 29 00:48:04 UTC 2026","","","",""
"","329","on clicking switch shows modal and when clicking cancel closes it and switch stays disabled","CitrixRDPConfiguration","Fri May 29 00:45:33 UTC 2026","passed","Fri May 29 00:45:34 UTC 2026","","Click on switch to enable","",""
"","1","filters by multiple risk levels","filterAndSearchEnvironments","Fri May 29 00:43:44 UTC 2026","passed","Fri May 29 00:43:44 UTC 2026","","risk filters","",""
"Test cases for Test_FixtureSetup","0","Test_FixtureSetup","","Fri May 29 00:43:15 UTC 2026","passed","Fri May 29 00:43:15 UTC 2026","","Go Test","github.com/specterops/bloodhound/packages/go/lab/Test_FixtureSetup","Test_FixtureSetup"
"","183","displays an error message","GraphView","Fri May 29 00:49:08 UTC 2026","passed","Fri May 29 00:49:08 UTC 2026","","","",""
"Test cases for TestResources_ProcessIngestTask","7","TestResources_ProcessIngestTask","","Fri May 29 00:42:51 UTC 2026","passed","Fri May 29 00:42:51 UTC 2026","","Go Test","github.com/specterops/bloodhound/cmd/api/src/api/v2/TestResources_ProcessIngestTask","TestResources_ProcessIngestTask"
"Test cases for TestGetLatestQueryParameter_LatestMalformed","0","TestGetLatestQueryParameter_LatestMalformed","","Fri May 29 00:42:51 UTC 2026","passed","Fri May 29 00:42:51 UTC 2026","","Go Test","github.com/specterops/bloodhound/cmd/api/src/api/v2/TestGetLatestQueryParameter_LatestMalformed","TestGetLatestQueryParameter_LatestMalformed"
"Test cases for TestOpenGraphSchemaService_ListExtensions","3","TestOpenGraphSchemaService_ListExtensions","","Fri May 29 00:42:57 UTC 2026","passed","Fri May 29 00:42:57 UTC 2026","","Go Test","github.com/specterops/bloodhound/cmd/api/src/services/opengraphschema/TestOpenGraphSchemaService_ListExtensions","TestOpenGraphSchemaService_ListExtensions"
"Test cases for TestResources_DeleteSavedQuery","0","TestResources_DeleteSavedQuery","","Fri May 29 00:42:51 UTC 2026","passed","Fri May 29 00:42:51 UTC 2026","","Go Test","github.com/specterops/bloodhound/cmd/api/src/api/v2/TestResources_DeleteSavedQuery","TestResources_DeleteSavedQuery"
"","546","handles removing from a tier zero asset group","AssetGroupMenuItem","Fri May 29 00:49:08 UTC 2026","passed","Fri May 29 00:49:09 UTC 2026","","removing from an asset group","",""
"","1","EXTENDED ROUNDING when thresholds are set: returns a comma separated number when provided with a number > 999","numberFormatting","Fri May 29 00:46:30 UTC 2026","passed","Fri May 29 00:46:30 UTC 2026","","","",""
"","50","uses the discardQueryParams prop to discard all query params on the link","AppLink","Fri May 29 00:46:51 UTC 2026","passed","Fri May 29 00:46:51 UTC 2026","","","",""
"Test cases for TestMarshalInt","0","TestMarshalInt","","Fri May 29 00:42:52 UTC 2026","passed","Fri May 29 00:42:52 UTC 2026","","Go Test","github.com/specterops/bloodhound/cmd/api/src/database/types/null/TestMarshalInt","TestMarshalInt"
"","702","shows success notification after successful deletion","ActiveExtensionsCard","Fri May 29 00:43:52 UTC 2026","passed","Fri May 29 00:43:53 UTC 2026","","","",""
"","681","should fire Confirm once with true after typing challenge text","DeleteConfirmationDialog","Fri May 29 00:48:08 UTC 2026","passed","Fri May 29 00:48:08 UTC 2026","","","",""
"","60","Calls the cypher search endpoint for a node with a type that is not in our schema","EntityObjectInformation","Fri May 29 00:46:21 UTC 2026","passed","Fri May 29 00:46:21 UTC 2026","","","",""
"","1","should return the edge parts from the key","getEdgeDataFromKey","Fri May 29 00:49:50 UTC 2026","passed","Fri May 29 00:49:50 UTC 2026","","","",""
"","77","button is disabled when note is falsy","NoteCell component","Fri May 29 00:47:17 UTC 2026","passed","Fri May 29 00:47:17 UTC 2026","","","",""
"Test cases for TestFloatEqual","0","TestFloatEqual","","Fri May 29 00:42:52 UTC 2026","passed","Fri May 29 00:42:52 UTC 2026","","Go Test","github.com/specterops/bloodhound/cmd/api/src/database/types/null/TestFloatEqual","TestFloatEqual"
"","51","displays the checkbox as checked if the filter params value is 'true'","AssetGroupEdit","Fri May 29 00:45:28 UTC 2026","passed","Fri May 29 00:45:28 UTC 2026","","Custom Member checkbox filter","",""
"","101","collapses an open item when its header is clicked again","<DetailsAccordion />","Fri May 29 00:45:15 UTC 2026","passed","Fri May 29 00:45:15 UTC 2026","","","",""
"","0","should handle an undefined or null entity","Evaluating the entity display name from a given entity","Fri May 29 00:45:21 UTC 2026","passed","Fri May 29 00:45:21 UTC 2026","","","",""
"","971","opens a submenu when user hovers over `Copy`","ContextMenu","Fri May 29 00:45:09 UTC 2026","passed","Fri May 29 00:45:10 UTC 2026","","","",""
"","15","displays a status label","StatusIndicator","Fri May 29 00:48:32 UTC 2026","passed","Fri May 29 00:48:32 UTC 2026","","","",""
"Test cases for TestResources_GetEdgeComposition","84","TestResources_GetEdgeComposition","","Fri May 29 00:42:51 UTC 2026","passed","Fri May 29 00:42:51 UTC 2026","","Go Test","github.com/specterops/bloodhound/cmd/api/src/api/v2/TestResources_GetEdgeComposition","TestResources_GetEdgeComposition"
"","671","has status filters","FileIngestFilterDialog","Fri May 29 00:44:55 UTC 2026","passed","Fri May 29 00:44:55 UTC 2026","","Status Select","",""
"","4","matches all AD edges","Make sure pathfinding filterable edges match schemagen","Fri May 29 00:48:39 UTC 2026","passed","Fri May 29 00:48:40 UTC 2026","","","",""
"","323","calls onChangePinnedColumns with DEFAULT_PINNED_COLUMN_KEYS when ""Reset Default"" is clicked","ManageColumnsComboBox","Fri May 29 00:45:17 UTC 2026","passed","Fri May 29 00:45:17 UTC 2026","","","",""
"","140","updates value when a valid date typed","ManagedDatePicker - value","Fri May 29 00:46:23 UTC 2026","passed","Fri May 29 00:46:23 UTC 2026","","","",""
"","0","Fetching the data timed out","Getting the text for the disabled item display for a search when there are no results","Fri May 29 00:46:59 UTC 2026","passed","Fri May 29 00:46:59 UTC 2026","","Error states","",""
"","1476","should call the setCypherQuery handler when the value in the editor changes","CypherSearch","Fri May 29 00:44:13 UTC 2026","passed","Fri May 29 00:44:14 UTC 2026","","","",""
"Test cases for TestResources_UpdateSavedQuery_QueryBelongsToAnotherUser","0","TestResources_UpdateSavedQuery_QueryBelongsToAnotherUser","","Fri May 29 00:42:51 UTC 2026","passed","Fri May 29 00:42:51 UTC 2026","","Go Test","github.com/specterops/bloodhound/cmd/api/src/api/v2/TestResources_UpdateSavedQuery_QueryBelongsToAnotherUser","TestResources_UpdateSavedQuery_QueryBelongsToAnotherUser"
"","391","invalidates the extensions query after a successful upload","SchemaUploadDialog","Fri May 29 00:44:51 UTC 2026","passed","Fri May 29 00:44:52 UTC 2026","","","",""
"","610","displays a Upload Files button","FileIngest","Fri May 29 00:47:48 UTC 2026","passed","Fri May 29 00:47:48 UTC 2026","","","",""
"","622","should display generate/revoke api tokens button","Api Keys","Fri May 29 00:47:10 UTC 2026","passed","Fri May 29 00:47:11 UTC 2026","","","",""
"Test cases for TestGetVersion","1","TestGetVersion","","Fri May 29 00:42:51 UTC 2026","passed","Fri May 29 00:42:51 UTC 2026","","Go Test","github.com/specterops/bloodhound/cmd/api/src/api/v2/TestGetVersion","TestGetVersion"
"","1","takes updatedParams and current URLSearchParams and returns a function","searchParams","Fri May 29 00:47:06 UTC 2026","passed","Fri May 29 00:47:06 UTC 2026","","setSingleParamFactory","",""
"","0","returns disabled if relationshipQueryItemId does not have a matching sourceId, edgeType, targetId","useExploreGraph","Fri May 29 00:44:44 UTC 2026","passed","Fri May 29 00:44:44 UTC 2026","composition search queries","exploreGraphQueryFactory","",""
"Test cases for TestResources_ListADOUContainedUsers","3","TestResources_ListADOUContainedUsers","","Fri May 29 00:42:51 UTC 2026","passed","Fri May 29 00:42:51 UTC 2026","","Go Test","github.com/specterops/bloodhound/cmd/api/src/api/v2/TestResources_ListADOUContainedUsers","TestResources_ListADOUContainedUsers"
"","0","returns false if arrays have different elements","areArraysSimilar","Fri May 29 00:48:18 UTC 2026","passed","Fri May 29 00:48:18 UTC 2026","","","",""
"Test cases for Test_setRawValue","0","Test_setRawValue","","Fri May 29 00:42:51 UTC 2026","passed","Fri May 29 00:42:51 UTC 2026","","Go Test","github.com/specterops/bloodhound/cmd/api/src/config/Test_setRawValue","Test_setRawValue"
"","10","should render when search string is in the middle of the text","HighlightedText","Fri May 29 00:47:54 UTC 2026","passed","Fri May 29 00:47:54 UTC 2026","","","",""
"Test cases for TestSelfDestructingTempFile","0","TestSelfDestructingTempFile","","Fri May 29 00:42:27 UTC 2026","passed","Fri May 29 00:42:27 UTC 2026","","Go Test","github.com/specterops/bloodhound/cmd/api/src/api/TestSelfDestructingTempFile","TestSelfDestructingTempFile"
"Test cases for TestResources_ListADDomainDCSyncers","1","TestResources_ListADDomainDCSyncers","","Fri May 29 00:42:51 UTC 2026","passed","Fri May 29 00:42:51 UTC 2026","","Go Test","github.com/specterops/bloodhound/cmd/api/src/api/v2/TestResources_ListADDomainDCSyncers","TestResources_ListADDomainDCSyncers"
"Test cases for TestGenericClone","0","TestGenericClone","","Fri May 29 00:43:13 UTC 2026","passed","Fri May 29 00:43:13 UTC 2026","","Go Test","github.com/specterops/bloodhound/cmd/api/src/utils/TestGenericClone","TestGenericClone"
"Test cases for TestResources_ListAssetGroupMembersCount","1","TestResources_ListAssetGroupMembersCount","","Fri May 29 00:42:51 UTC 2026","passed","Fri May 29 00:42:51 UTC 2026","","Go Test","github.com/specterops/bloodhound/cmd/api/src/api/v2/TestResources_ListAssetGroupMembersCount","TestResources_ListAssetGroupMembersCount"
"","2","returns true if value is undefined","searchParams","Fri May 29 00:47:06 UTC 2026","passed","Fri May 29 00:47:06 UTC 2026","","isEmptyParam","",""
"","49","renders highlight for the active tag","SelectedHighlight","Fri May 29 00:47:46 UTC 2026","passed","Fri May 29 00:47:46 UTC 2026","","","",""
"Test cases for TestResources_ImportSavedQuery","13","TestResources_ImportSavedQuery","","Fri May 29 00:42:51 UTC 2026","passed","Fri May 29 00:42:51 UTC 2026","","Go Test","github.com/specterops/bloodhound/cmd/api/src/api/v2/TestResources_ImportSavedQuery","TestResources_ImportSavedQuery"
"Test cases for TestManagementResource_ListRoles_DBError","0","TestManagementResource_ListRoles_DBError","","Fri May 29 00:42:57 UTC 2026","passed","Fri May 29 00:42:57 UTC 2026","","Go Test","github.com/specterops/bloodhound/cmd/api/src/api/v2/auth/TestManagementResource_ListRoles_DBError","TestManagementResource_ListRoles_DBError"
"","10","does not return when zone limit is not reached","useTagLimits","Fri May 29 00:44:06 UTC 2026","passed","Fri May 29 00:44:06 UTC 2026","","","",""
"","212","clears value if input is empty","ManagedDatePicker - input","Fri May 29 00:46:23 UTC 2026","passed","Fri May 29 00:46:23 UTC 2026","","","",""
"","16","allows you to update the list of selected filters, only updating the url after calling the apply function","usePathfindingFilters","Fri May 29 00:48:03 UTC 2026","passed","Fri May 29 00:48:03 UTC 2026","","","",""
"Test cases for TestEncodingValues","0","TestEncodingValues","","Fri May 29 00:43:15 UTC 2026","passed","Fri May 29 00:43:15 UTC 2026","","Go Test","github.com/specterops/bloodhound/packages/go/bomenc/TestEncodingValues","TestEncodingValues"
"Test cases for TestFloatValueOrZero","0","TestFloatValueOrZero","","Fri May 29 00:42:52 UTC 2026","passed","Fri May 29 00:42:52 UTC 2026","","Go Test","github.com/specterops/bloodhound/cmd/api/src/database/types/null/TestFloatValueOrZero","TestFloatValueOrZero"
"Test cases for TestLoginExpiry","0","TestLoginExpiry","","Fri May 29 00:43:36 UTC 2026","passed","Fri May 29 00:43:36 UTC 2026","","Go Test","github.com/specterops/bloodhound/cmd/api/src/api/v2/auth/TestLoginExpiry","TestLoginExpiry"
"","2","returns null if paramValue is +0","useEnvironmentParams","Fri May 29 00:48:39 UTC 2026","passed","Fri May 29 00:48:39 UTC 2026","","parseEnvironmentAggregation","",""
"","0","should be case-insensitive when matching by path","opsFilter","Fri May 29 00:47:37 UTC 2026","passed","Fri May 29 00:47:37 UTC 2026","","","",""
"Test cases for TestInt64Pointer","0","TestInt64Pointer","","Fri May 29 00:42:52 UTC 2026","passed","Fri May 29 00:42:52 UTC 2026","","Go Test","github.com/specterops/bloodhound/cmd/api/src/database/types/null/TestInt64Pointer","TestInt64Pointer"
"Test cases for TestJSONFloat_UnmarshalJSON","0","TestJSONFloat_UnmarshalJSON","","Fri May 29 00:42:52 UTC 2026","passed","Fri May 29 00:42:52 UTC 2026","","Go Test","github.com/specterops/bloodhound/cmd/api/src/database/types/nan/TestJSONFloat_UnmarshalJSON","TestJSONFloat_UnmarshalJSON"
"Test cases for TestWriteErrorResponse_InvalidFormat","0","TestWriteErrorResponse_InvalidFormat","","Fri May 29 00:42:27 UTC 2026","passed","Fri May 29 00:42:27 UTC 2026","","Go Test","github.com/specterops/bloodhound/cmd/api/src/api/TestWriteErrorResponse_InvalidFormat","TestWriteErrorResponse_InvalidFormat"
"","0","Will ignore colons after the first and use them as part of the keyword search","Parsing the debounced input for type and keyword values","Fri May 29 00:46:59 UTC 2026","passed","Fri May 29 00:46:59 UTC 2026","","","",""
"","401","should display CreateUserTokenDialog","UserTokenManagementDialog","Fri May 29 00:45:05 UTC 2026","passed","Fri May 29 00:45:05 UTC 2026","","when user clicks ""Create Token"" button","",""
"","11","uses the discardQueryParams prop to discard all query params on the redirect","AppNavigate","Fri May 29 00:47:23 UTC 2026","passed","Fri May 29 00:47:23 UTC 2026","","","",""
"Test cases for TestInt64From","0","TestInt64From","","Fri May 29 00:42:52 UTC 2026","passed","Fri May 29 00:42:52 UTC 2026","","Go Test","github.com/specterops/bloodhound/cmd/api/src/database/types/null/TestInt64From","TestInt64From"
"","617","displays current password error messages when current password is empty","PasswordDialog","Fri May 29 00:44:04 UTC 2026","passed","Fri May 29 00:44:04 UTC 2026","","","",""
"","553","displays correct content based on platform filter AD","CommonSearches","Fri May 29 00:45:18 UTC 2026","passed","Fri May 29 00:45:19 UTC 2026","","","",""
"","248","fires click handlers","ConfirmDeleteQueryDialog","Fri May 29 00:48:33 UTC 2026","passed","Fri May 29 00:48:33 UTC 2026","","","",""
"","466","disables checkboxes by default","GraphDataCheckboxes","Fri May 29 00:44:43 UTC 2026","passed","Fri May 29 00:44:43 UTC 2026","","","",""
"","100","applies correct dynamic height based on filtered data","ActiveExtensionsCard","Fri May 29 00:43:49 UTC 2026","passed","Fri May 29 00:43:49 UTC 2026","","","",""
"","0","fails for password shorter than 12 characters","testPassword","Fri May 29 00:48:38 UTC 2026","passed","Fri May 29 00:48:38 UTC 2026","","","",""
"","65","Validate Displays all the Roles","useListDisplayRoles","Fri May 29 00:45:01 UTC 2026","passed","Fri May 29 00:45:01 UTC 2026","","","",""
"","7","removes multiple keys from state","useObjectState","Fri May 29 00:47:54 UTC 2026","passed","Fri May 29 00:47:54 UTC 2026","","","",""
"Test cases for TestTextUnmarshalInt64","0","TestTextUnmarshalInt64","","Fri May 29 00:42:52 UTC 2026","passed","Fri May 29 00:42:52 UTC 2026","","Go Test","github.com/specterops/bloodhound/cmd/api/src/database/types/null/TestTextUnmarshalInt64","TestTextUnmarshalInt64"
"","9","should render when search string at the end of the text","HighlightedText","Fri May 29 00:47:54 UTC 2026","passed","Fri May 29 00:47:54 UTC 2026","","","",""
"","1","returns false when WebGL is not available in the current browser context","WebGL compatibility check","Fri May 29 00:48:48 UTC 2026","passed","Fri May 29 00:48:48 UTC 2026","","","",""
"","1","handles unix time values by converting them to our standard date display format","Formatting number properties","Fri May 29 00:45:21 UTC 2026","passed","Fri May 29 00:45:21 UTC 2026","","","",""
"","132","displays pinned columns and unselected columns in the dropdown","ManageColumnsComboBox","Fri May 29 00:45:17 UTC 2026","passed","Fri May 29 00:45:18 UTC 2026","","","",""
"Test cases for TestResources_CreateSavedQuery_CreateFailure","0","TestResources_CreateSavedQuery_CreateFailure","","Fri May 29 00:42:51 UTC 2026","passed","Fri May 29 00:42:51 UTC 2026","","Go Test","github.com/specterops/bloodhound/cmd/api/src/api/v2/TestResources_CreateSavedQuery_CreateFailure","TestResources_CreateSavedQuery_CreateFailure"
"","94","renders correctly","NodeIcon","Fri May 29 00:47:59 UTC 2026","passed","Fri May 29 00:47:59 UTC 2026","","","",""
"","272","eventually displays a list of early access features when warning dialog is accepted","EarlyAccessFeatures","Fri May 29 00:49:35 UTC 2026","passed","Fri May 29 00:49:35 UTC 2026","","","",""
"","118","highlights the table option instead of selectedLayout when table is selected on a cypher query","GraphControls","Fri May 29 00:43:41 UTC 2026","passed","Fri May 29 00:43:41 UTC 2026","","Table view selection state","",""
"Test cases for TestManagementResource_SanitizeAndGetRoles","0","TestManagementResource_SanitizeAndGetRoles","","Fri May 29 00:43:36 UTC 2026","passed","Fri May 29 00:43:36 UTC 2026","","Go Test","github.com/specterops/bloodhound/cmd/api/src/api/v2/auth/TestManagementResource_SanitizeAndGetRoles","TestManagementResource_SanitizeAndGetRoles"
"Test cases for TestDomainSelectors_GetFilterCriteria_Domain","0","TestDomainSelectors_GetFilterCriteria_Domain","","Fri May 29 00:42:53 UTC 2026","passed","Fri May 29 00:42:53 UTC 2026","","Go Test","github.com/specterops/bloodhound/cmd/api/src/model/TestDomainSelectors_GetFilterCriteria_Domain","TestDomainSelectors_GetFilterCriteria_Domain"
"","106","shows the direct object and expanded object list when results are present for both","Seed Selection Results","Fri May 29 00:45:11 UTC 2026","passed","Fri May 29 00:45:11 UTC 2026","","","",""
"Test cases for TestBuildErrorResponseBadRequest","0","TestBuildErrorResponseBadRequest","","Fri May 29 00:42:27 UTC 2026","passed","Fri May 29 00:42:27 UTC 2026","","Go Test","github.com/specterops/bloodhound/cmd/api/src/api/TestBuildErrorResponseBadRequest","TestBuildErrorResponseBadRequest"
"Test cases for TestURLJoinPathNoPrefix","0","TestURLJoinPathNoPrefix","","Fri May 29 00:42:27 UTC 2026","passed","Fri May 29 00:42:27 UTC 2026","","Go Test","github.com/specterops/bloodhound/cmd/api/src/api/TestURLJoinPathNoPrefix","TestURLJoinPathNoPrefix"
"","371","should display ""Generate/Revoke API Tokens"" title","UserTokenManagementDialog","Fri May 29 00:45:04 UTC 2026","passed","Fri May 29 00:45:04 UTC 2026","","","",""
"","1","filters by collected=false when ""no"" filter is active","filterAndSearchEnvironments","Fri May 29 00:43:44 UTC 2026","passed","Fri May 29 00:43:44 UTC 2026","","collected filters","",""
"","0","falls back to the default Cypher message when ruleType is undefined and seeds are required","handleError","Fri May 29 00:44:50 UTC 2026","passed","Fri May 29 00:44:50 UTC 2026","","","",""
"Test cases for TestParseDomainTrusts_TrustAttributes","0","TestParseDomainTrusts_TrustAttributes","","Fri May 29 00:43:15 UTC 2026","passed","Fri May 29 00:43:15 UTC 2026","","Go Test","github.com/specterops/bloodhound/packages/go/ein/TestParseDomainTrusts_TrustAttributes","TestParseDomainTrusts_TrustAttributes"
"","1252","sets input text on date click","ManagedDatePicker - date validation","Fri May 29 00:46:20 UTC 2026","passed","Fri May 29 00:46:22 UTC 2026","","","",""
"","360","calls onResetColumnSize when ""Reset Size"" is clicked","ManageColumnsComboBox","Fri May 29 00:45:16 UTC 2026","passed","Fri May 29 00:45:17 UTC 2026","","","",""
"","0","returns true if value is ''","searchParams","Fri May 29 00:47:06 UTC 2026","passed","Fri May 29 00:47:06 UTC 2026","","isEmptyParam","",""
"","188","displays validation error messages when Save button is clicked and no form input is provided","PasswordDialog","Fri May 29 00:44:01 UTC 2026","passed","Fri May 29 00:44:02 UTC 2026","","","",""
"Test cases for TestCache_Set","0","TestCache_Set","","Fri May 29 00:43:15 UTC 2026","passed","Fri May 29 00:43:15 UTC 2026","","Go Test","github.com/specterops/bloodhound/packages/go/cache/TestCache_Set","TestCache_Set"
"","3","formats the date string","toFormatted","Fri May 29 00:47:55 UTC 2026","passed","Fri May 29 00:47:55 UTC 2026","","","",""
"TestMigrator_GenerateManifest tests the full integrity of a Manifest generatedfrom 3 different Source's:1) Correct number of total migrations detected.2) Correct number of versions detected.3) The VersionTable has all versions, in order.4) All versions have the correct number of migrations.5) Schema files generate v0.0.0 migrations.6) Migrations are ordered within each version, in the order the Source was defined.","0","TestMigrator_GenerateManifest","","Fri May 29 00:42:52 UTC 2026","passed","Fri May 29 00:42:52 UTC 2026","","Go Test","github.com/specterops/bloodhound/cmd/api/src/database/migration/TestMigrator_GenerateManifest","TestMigrator_GenerateManifest"
"","459","renders no asset group edit options without graph write permissions","ContextMenu","Fri May 29 00:45:07 UTC 2026","passed","Fri May 29 00:45:07 UTC 2026","","","",""
"","0","returns false if arrays have different length","areArraysSimilar","Fri May 29 00:48:18 UTC 2026","passed","Fri May 29 00:48:18 UTC 2026","","","",""
"","6","should recognize active directory properties","validating a node property against the shared generated schema","Fri May 29 00:45:21 UTC 2026","passed","Fri May 29 00:45:21 UTC 2026","","","",""
"Test cases for TestBuildErrorResponseDefault","0","TestBuildErrorResponseDefault","","Fri May 29 00:42:27 UTC 2026","passed","Fri May 29 00:42:27 UTC 2026","","Go Test","github.com/specterops/bloodhound/cmd/api/src/api/TestBuildErrorResponseDefault","TestBuildErrorResponseDefault"
"","840","renders group and tenant dropdown selectors","GroupManagement","Fri May 29 00:49:33 UTC 2026","passed","Fri May 29 00:49:34 UTC 2026","","","",""
"Test cases for TestResources_ListADComputerSessions","8","TestResources_ListADComputerSessions","","Fri May 29 00:42:51 UTC 2026","passed","Fri May 29 00:42:51 UTC 2026","","Go Test","github.com/specterops/bloodhound/cmd/api/src/api/v2/TestResources_ListADComputerSessions","TestResources_ListADComputerSessions"
"Test cases for TestResources_UpdateSavedQuery_ErrorFetchingPublicStatus","0","TestResources_UpdateSavedQuery_ErrorFetchingPublicStatus","","Fri May 29 00:42:51 UTC 2026","passed","Fri May 29 00:42:51 UTC 2026","","Go Test","github.com/specterops/bloodhound/cmd/api/src/api/v2/TestResources_UpdateSavedQuery_ErrorFetchingPublicStatus","TestResources_UpdateSavedQuery_ErrorFetchingPublicStatus"
"","79","does not auto display the table for single node responses with no edges","GraphView","Fri May 29 00:49:15 UTC 2026","passed","Fri May 29 00:49:15 UTC 2026","","Layout selection and de-selection","",""
"Test cases for TestCache_FillFifo","0","TestCache_FillFifo","","Fri May 29 00:43:15 UTC 2026","passed","Fri May 29 00:43:15 UTC 2026","","Go Test","github.com/specterops/bloodhound/packages/go/cache/TestCache_FillFifo","TestCache_FillFifo"
"Test cases for TestResources_CreateSavedQuery_DuplicateName","3","TestResources_CreateSavedQuery_DuplicateName","","Fri May 29 00:42:51 UTC 2026","passed","Fri May 29 00:42:51 UTC 2026","","Go Test","github.com/specterops/bloodhound/cmd/api/src/api/v2/TestResources_CreateSavedQuery_DuplicateName","TestResources_CreateSavedQuery_DuplicateName"
"","0","returns all collected environments when aggegation type is all","getEnvironmentAggregationIds","Fri May 29 00:43:45 UTC 2026","passed","Fri May 29 00:43:45 UTC 2026","","","",""
"","270","should not display generate/revoke api tokens button","Api Keys","Fri May 29 00:47:11 UTC 2026","passed","Fri May 29 00:47:11 UTC 2026","","","",""
"","103","does not show View in Explore if in object rule type","Seed Selection Results","Fri May 29 00:45:10 UTC 2026","passed","Fri May 29 00:45:10 UTC 2026","","","",""
"","153","invokes handleFilterChange with eq:true when clicked and custom_member filter is off","AssetGroupEdit","Fri May 29 00:45:28 UTC 2026","passed","Fri May 29 00:45:28 UTC 2026","","Custom Member checkbox filter","",""
"","61","Searching for custom node type with databaseId returns node properties","useFetchEntityInfo","Fri May 29 00:46:15 UTC 2026","passed","Fri May 29 00:46:15 UTC 2026","","","",""
"","383","renders with applied filters","Privilege Zones History Filter Dialog","Fri May 29 00:46:01 UTC 2026","passed","Fri May 29 00:46:01 UTC 2026","","","",""
"Test cases for TestKeyEncoder_Key_Deterministic","0","TestKeyEncoder_Key_Deterministic","","Fri May 29 00:43:14 UTC 2026","passed","Fri May 29 00:43:14 UTC 2026","","Go Test","github.com/specterops/bloodhound/packages/go/analysis/post/TestKeyEncoder_Key_Deterministic","TestKeyEncoder_Key_Deterministic"
"Test cases for TestGetMFAActivationStatus_Success","0","TestGetMFAActivationStatus_Success","","Fri May 29 00:43:35 UTC 2026","passed","Fri May 29 00:43:35 UTC 2026","","Go Test","github.com/specterops/bloodhound/cmd/api/src/api/v2/auth/TestGetMFAActivationStatus_Success","TestGetMFAActivationStatus_Success"
"","195","displays a polite message when there are no user updatable features available","EarlyAccessFeatures","Fri May 29 00:49:35 UTC 2026","passed","Fri May 29 00:49:35 UTC 2026","","","",""
"Test cases for TestDatabaseWipe","1","TestDatabaseWipe","","Fri May 29 00:42:51 UTC 2026","passed","Fri May 29 00:42:51 UTC 2026","","Go Test","github.com/specterops/bloodhound/cmd/api/src/api/v2/TestDatabaseWipe","TestDatabaseWipe"
"","0","should ignore case when filtering","compareTerm","Fri May 29 00:47:37 UTC 2026","passed","Fri May 29 00:47:37 UTC 2026","","","",""
"Test cases for TestWriteAndValidateFileWithPrefix","5","TestWriteAndValidateFileWithPrefix","","Fri May 29 00:42:58 UTC 2026","passed","Fri May 29 00:42:58 UTC 2026","","Go Test","github.com/specterops/bloodhound/cmd/api/src/services/upload/TestWriteAndValidateFileWithPrefix","TestWriteAndValidateFileWithPrefix"
"","0","fails for password with control characters","testPassword","Fri May 29 00:48:38 UTC 2026","passed","Fri May 29 00:48:38 UTC 2026","","","",""
"","0","properly displays bitwise integers","Formatting number properties","Fri May 29 00:45:21 UTC 2026","passed","Fri May 29 00:45:21 UTC 2026","","","",""
"","36","does not render when ruleId is empty","Delete Selector Button rendering","Fri May 29 00:48:19 UTC 2026","passed","Fri May 29 00:48:19 UTC 2026","","","",""
"","12","shows ""no permission"" notification if lacking permission","useFinishedJobs","Fri May 29 00:46:04 UTC 2026","passed","Fri May 29 00:46:04 UTC 2026","","","",""
"","297","should eventually display list of tokens","UserTokenManagementDialog","Fri May 29 00:45:04 UTC 2026","passed","Fri May 29 00:45:04 UTC 2026","","","",""
"","18","renders custom icon overlap correctly","NodeIcon","Fri May 29 00:47:59 UTC 2026","passed","Fri May 29 00:47:59 UTC 2026","","","",""
"","125","returns a nodes array","useEdgeInfoItems","Fri May 29 00:46:51 UTC 2026","passed","Fri May 29 00:46:52 UTC 2026","","","",""
"","2192","search highlights matching substring with text-link class","Pathfinding","Fri May 29 00:44:46 UTC 2026","passed","Fri May 29 00:44:48 UTC 2026","","","",""
"Test cases for TestWriteResultRawJson","2","TestWriteResultRawJson","","Fri May 29 00:43:13 UTC 2026","passed","Fri May 29 00:43:13 UTC 2026","","Go Test","github.com/specterops/bloodhound/cmd/api/src/utils/TestWriteResultRawJson","TestWriteResultRawJson"
"","107","Disable Analyze Now and change to Analyzing if datapipe status is different from ""idle""","AnalyzeNowConfiguration","Fri May 29 00:45:46 UTC 2026","passed","Fri May 29 00:45:46 UTC 2026","","","",""
"","194","renders a preview version","PrivilegeZonesCypherEditor Search component for Zone Management","Fri May 29 00:47:33 UTC 2026","passed","Fri May 29 00:47:33 UTC 2026","","","",""
"Test cases for TestCacheEntryDigester_PoolStateReuse","0","TestCacheEntryDigester_PoolStateReuse","","Fri May 29 00:42:57 UTC 2026","passed","Fri May 29 00:42:57 UTC 2026","","Go Test","github.com/specterops/bloodhound/cmd/api/src/services/graphify/endpoint/TestCacheEntryDigester_PoolStateReuse","TestCacheEntryDigester_PoolStateReuse"
"Test cases for TestResources_DeleteSavedQueryPermissions","2","TestResources_DeleteSavedQueryPermissions","","Fri May 29 00:42:51 UTC 2026","passed","Fri May 29 00:42:51 UTC 2026","","Go Test","github.com/specterops/bloodhound/cmd/api/src/api/v2/TestResources_DeleteSavedQueryPermissions","TestResources_DeleteSavedQueryPermissions"
"Test cases for TestSavedQueries_GetValidFilterPredicatesAsStrings","0","TestSavedQueries_GetValidFilterPredicatesAsStrings","","Fri May 29 00:42:53 UTC 2026","passed","Fri May 29 00:42:53 UTC 2026","","Go Test","github.com/specterops/bloodhound/cmd/api/src/model/TestSavedQueries_GetValidFilterPredicatesAsStrings","TestSavedQueries_GetValidFilterPredicatesAsStrings"
"Test cases for TestEndNodes","0","TestEndNodes","","Fri May 29 00:43:14 UTC 2026","passed","Fri May 29 00:43:14 UTC 2026","","Go Test","github.com/specterops/bloodhound/packages/go/analysis/azure/TestEndNodes","TestEndNodes"
"","33","tag members refetches on environment change","the useAssetGroupTags utilities","Fri May 29 00:45:11 UTC 2026","passed","Fri May 29 00:45:11 UTC 2026","","","",""
"","14","does not render highlight for non-active tag","SelectedHighlight","Fri May 29 00:47:46 UTC 2026","passed","Fri May 29 00:47:46 UTC 2026","","","",""
"Test cases for TestGetAzureDataQualityStats_Failure","0","TestGetAzureDataQualityStats_Failure","","Fri May 29 00:42:51 UTC 2026","passed","Fri May 29 00:42:51 UTC 2026","","Go Test","github.com/specterops/bloodhound/cmd/api/src/api/v2/TestGetAzureDataQualityStats_Failure","TestGetAzureDataQualityStats_Failure"
"Test cases for TestMatches_FailureErrMsg","0","TestMatches_FailureErrMsg","","Fri May 29 00:42:53 UTC 2026","passed","Fri May 29 00:42:53 UTC 2026","","Go Test","github.com/specterops/bloodhound/cmd/api/src/model/TestMatches_FailureErrMsg","TestMatches_FailureErrMsg"
"","4","returns empty array when environments is empty","filterAndSearchEnvironments","Fri May 29 00:43:44 UTC 2026","passed","Fri May 29 00:43:44 UTC 2026","","with empty environments","",""
"Test cases for TestDeduplicateKinds","0","TestDeduplicateKinds","","Fri May 29 00:42:57 UTC 2026","passed","Fri May 29 00:42:57 UTC 2026","","Go Test","github.com/specterops/bloodhound/cmd/api/src/services/graphify/TestDeduplicateKinds","TestDeduplicateKinds"
"Test cases for TestStringEqual","0","TestStringEqual","","Fri May 29 00:42:52 UTC 2026","passed","Fri May 29 00:42:52 UTC 2026","","Go Test","github.com/specterops/bloodhound/cmd/api/src/database/types/null/TestStringEqual","TestStringEqual"
"","6","shows the collection methods for the given job","toCollected","Fri May 29 00:48:14 UTC 2026","passed","Fri May 29 00:48:14 UTC 2026","","","",""
"","0","returns paramValue as EnvironmentAggregation if paramValue is all","useEnvironmentParams","Fri May 29 00:48:39 UTC 2026","passed","Fri May 29 00:48:39 UTC 2026","","parseEnvironmentAggregation","",""
"","11","should render a Field when the provided value is -0","Field","Fri May 29 00:48:08 UTC 2026","passed","Fri May 29 00:48:08 UTC 2026","","","",""
"","35","should highlight main nav route when navigating to child route","Main Nav Route Highlighting","Fri May 29 00:45:46 UTC 2026","passed","Fri May 29 00:45:46 UTC 2026","","","",""
"Test cases for TestGenericMap","0","TestGenericMap","","Fri May 29 00:43:13 UTC 2026","passed","Fri May 29 00:43:13 UTC 2026","","Go Test","github.com/specterops/bloodhound/cmd/api/src/utils/TestGenericMap","TestGenericMap"
"Test cases for Test_sortAndSliceResults_sorting","0","Test_sortAndSliceResults_sorting","","Fri May 29 00:42:54 UTC 2026","passed","Fri May 29 00:42:54 UTC 2026","","Go Test","github.com/specterops/bloodhound/cmd/api/src/queries/Test_sortAndSliceResults_sorting","Test_sortAndSliceResults_sorting"
"Test cases for Test_ParseGraphSortParameters_Success","0","Test_ParseGraphSortParameters_Success","","Fri May 29 00:42:27 UTC 2026","passed","Fri May 29 00:42:27 UTC 2026","","Go Test","github.com/specterops/bloodhound/cmd/api/src/api/Test_ParseGraphSortParameters_Success","Test_ParseGraphSortParameters_Success"
"Test cases for TestResources_CreateSavedQuery_InvalidBody","0","TestResources_CreateSavedQuery_InvalidBody","","Fri May 29 00:42:51 UTC 2026","passed","Fri May 29 00:42:51 UTC 2026","","Go Test","github.com/specterops/bloodhound/cmd/api/src/api/v2/TestResources_CreateSavedQuery_InvalidBody","TestResources_CreateSavedQuery_InvalidBody"
"","296","displays 0 when a given sections returns empty, and sums the rest of the sections correctly","EntityInfoDataTableGraphed","Fri May 29 00:45:38 UTC 2026","passed","Fri May 29 00:45:38 UTC 2026","","Node count for nested table that counts all sections","",""
"Test cases for TestManagementResource_OIDCLoginHandler","6","TestManagementResource_OIDCLoginHandler","","Fri May 29 00:43:36 UTC 2026","passed","Fri May 29 00:43:36 UTC 2026","","Go Test","github.com/specterops/bloodhound/cmd/api/src/api/v2/auth/TestManagementResource_OIDCLoginHandler","TestManagementResource_OIDCLoginHandler"
"","62","enables filtering out for tags that are treated as Labels (including Owned)","the useAssetGroupTags utilities","Fri May 29 00:45:11 UTC 2026","passed","Fri May 29 00:45:11 UTC 2026","","","",""
"","559","displays a warning dialog when mounted","EarlyAccessFeatures","Fri May 29 00:49:34 UTC 2026","passed","Fri May 29 00:49:35 UTC 2026","","","",""
"Test cases for TestManagementResource_PutUserAuthSecret","5979","TestManagementResource_PutUserAuthSecret","","Fri May 29 00:42:51 UTC 2026","passed","Fri May 29 00:42:57 UTC 2026","","Go Test","github.com/specterops/bloodhound/cmd/api/src/api/v2/auth/TestManagementResource_PutUserAuthSecret","TestManagementResource_PutUserAuthSecret"
"Test cases for TestManagementResource_UpdateUser_GetUserError","1214","TestManagementResource_UpdateUser_GetUserError","","Fri May 29 00:43:06 UTC 2026","passed","Fri May 29 00:43:07 UTC 2026","","Go Test","github.com/specterops/bloodhound/cmd/api/src/api/v2/auth/TestManagementResource_UpdateUser_GetUserError","TestManagementResource_UpdateUser_GetUserError"
"","176","removes a node from an asset group tag","AssetGroupMenuItem","Fri May 29 00:45:24 UTC 2026","passed","Fri May 29 00:45:24 UTC 2026","","","",""
"Test cases for TestHandleDatabaseErrorNotFound","0","TestHandleDatabaseErrorNotFound","","Fri May 29 00:42:27 UTC 2026","passed","Fri May 29 00:42:27 UTC 2026","","Go Test","github.com/specterops/bloodhound/cmd/api/src/api/TestHandleDatabaseErrorNotFound","TestHandleDatabaseErrorNotFound"
"","510","displays default text for domain selector when globalDomain is null","GroupManagement","Fri May 29 00:49:34 UTC 2026","passed","Fri May 29 00:49:34 UTC 2026","","","",""
"","720","lists all available node kinds as options to filter by","AssetGroupEdit","Fri May 29 00:45:27 UTC 2026","passed","Fri May 29 00:45:27 UTC 2026","","Node Type dropdown filter","",""
"","244","clicking an enabled header toggles content (single mode)","<DetailsAccordion />","Fri May 29 00:45:14 UTC 2026","passed","Fri May 29 00:45:15 UTC 2026","","","",""
"Test cases for TestManagementResource_ListAuthTokens_UserIDFilter","3","TestManagementResource_ListAuthTokens_UserIDFilter","","Fri May 29 00:43:21 UTC 2026","passed","Fri May 29 00:43:21 UTC 2026","","Go Test","github.com/specterops/bloodhound/cmd/api/src/api/v2/auth/TestManagementResource_ListAuthTokens_UserIDFilter","TestManagementResource_ListAuthTokens_UserIDFilter"
"Test cases for TestResources_UpdateSavedQuery_InvalidID","0","TestResources_UpdateSavedQuery_InvalidID","","Fri May 29 00:42:51 UTC 2026","passed","Fri May 29 00:42:51 UTC 2026","","Go Test","github.com/specterops/bloodhound/cmd/api/src/api/v2/TestResources_UpdateSavedQuery_InvalidID","TestResources_UpdateSavedQuery_InvalidID"
"","8","returns all collected environment ids associated to a given aggregation","getEnvironmentAggregationIds","Fri May 29 00:43:45 UTC 2026","passed","Fri May 29 00:43:45 UTC 2026","","","",""
"Test cases for TestGenericAssign","0","TestGenericAssign","","Fri May 29 00:43:13 UTC 2026","passed","Fri May 29 00:43:13 UTC 2026","","Go Test","github.com/specterops/bloodhound/cmd/api/src/utils/TestGenericAssign","TestGenericAssign"
"","47","invalidates the extensions query key when upload succeeds","useSchemaUploadHandlers","Fri May 29 00:48:28 UTC 2026","passed","Fri May 29 00:48:28 UTC 2026","","","",""
"Test cases for TestManagementResource_GetSAMLProvider","14","TestManagementResource_GetSAMLProvider","","Fri May 29 00:43:36 UTC 2026","passed","Fri May 29 00:43:36 UTC 2026","","Go Test","github.com/specterops/bloodhound/cmd/api/src/api/v2/auth/TestManagementResource_GetSAMLProvider","TestManagementResource_GetSAMLProvider"
"Test cases for TestResources_GetSavedQuery","34","TestResources_GetSavedQuery","","Fri May 29 00:42:51 UTC 2026","passed","Fri May 29 00:42:51 UTC 2026","","Go Test","github.com/specterops/bloodhound/cmd/api/src/api/v2/TestResources_GetSavedQuery","TestResources_GetSavedQuery"
"Test cases for TestResources_GetShortestPath_ETAC","30","TestResources_GetShortestPath_ETAC","","Fri May 29 00:42:51 UTC 2026","passed","Fri May 29 00:42:51 UTC 2026","","Go Test","github.com/specterops/bloodhound/cmd/api/src/api/v2/TestResources_GetShortestPath_ETAC","TestResources_GetShortestPath_ETAC"
"Test cases for TestResources_GetEdgeRelayTargets","83","TestResources_GetEdgeRelayTargets","","Fri May 29 00:42:51 UTC 2026","passed","Fri May 29 00:42:51 UTC 2026","","Go Test","github.com/specterops/bloodhound/cmd/api/src/api/v2/TestResources_GetEdgeRelayTargets","TestResources_GetEdgeRelayTargets"
"","0","Empty input is provided","Parsing the debounced input for type and keyword values","Fri May 29 00:46:59 UTC 2026","passed","Fri May 29 00:46:59 UTC 2026","","","",""
"","1","determines glyphs with the tier_managent_engine feature flag enabled","getNodeGlyphs","Fri May 29 00:49:28 UTC 2026","passed","Fri May 29 00:49:28 UTC 2026","","","",""
"","440","should display ""Configure Multi-Factor Authentication"" title","Enable2FADialog","Fri May 29 00:46:27 UTC 2026","passed","Fri May 29 00:46:28 UTC 2026","","","",""
"","463","should not call onSave when Save button is clicked and form input is invalid","UpdateUserDialog","Fri May 29 00:44:35 UTC 2026","passed","Fri May 29 00:44:36 UTC 2026","","","",""
"Test cases for TestCreateUser_Failure","5","TestCreateUser_Failure","","Fri May 29 00:42:57 UTC 2026","passed","Fri May 29 00:42:57 UTC 2026","","Go Test","github.com/specterops/bloodhound/cmd/api/src/api/v2/auth/TestCreateUser_Failure","TestCreateUser_Failure"
"Test cases for TestGetLimitParamForGraphQuery","1","TestGetLimitParamForGraphQuery","","Fri May 29 00:43:13 UTC 2026","passed","Fri May 29 00:43:13 UTC 2026","","Go Test","github.com/specterops/bloodhound/cmd/api/src/utils/TestGetLimitParamForGraphQuery","TestGetLimitParamForGraphQuery"
"","23","returns numbers as strings","numberFormatting","Fri May 29 00:46:30 UTC 2026","passed","Fri May 29 00:46:30 UTC 2026","","","",""
"","0","returns paramValue as EnvironmentAggregation for unknown values (custom types)","useEnvironmentParams","Fri May 29 00:48:39 UTC 2026","passed","Fri May 29 00:48:39 UTC 2026","","parseEnvironmentAggregation","",""
"","0","returns false if value is {}","searchParams","Fri May 29 00:47:06 UTC 2026","passed","Fri May 29 00:47:06 UTC 2026","","isEmptyParam","",""
"Test cases for TestIntSetValid","0","TestIntSetValid","","Fri May 29 00:42:52 UTC 2026","passed","Fri May 29 00:42:52 UTC 2026","","Go Test","github.com/specterops/bloodhound/cmd/api/src/database/types/null/TestIntSetValid","TestIntSetValid"
"","3172","expand/collapse all buttons are disabled when searching","Pathfinding","Fri May 29 00:44:53 UTC 2026","passed","Fri May 29 00:44:57 UTC 2026","","","",""
"Test cases for TestConvertAzureRoleEligibilityScheduleInstanceToRel","0","TestConvertAzureRoleEligibilityScheduleInstanceToRel","","Fri May 29 00:43:15 UTC 2026","passed","Fri May 29 00:43:15 UTC 2026","","Go Test","github.com/specterops/bloodhound/packages/go/ein/TestConvertAzureRoleEligibilityScheduleInstanceToRel","TestConvertAzureRoleEligibilityScheduleInstanceToRel"
"","43","calls getKey for each item (stable keys hook)","<DetailsAccordion />","Fri May 29 00:45:14 UTC 2026","passed","Fri May 29 00:45:14 UTC 2026","","","",""
"Test cases for TestGC_Start","1002","TestGC_Start","","Fri May 29 00:42:52 UTC 2026","passed","Fri May 29 00:42:53 UTC 2026","","Go Test","github.com/specterops/bloodhound/cmd/api/src/daemons/gc/TestGC_Start","TestGC_Start"
"","0","handles an empty string","escapeCypherString","Fri May 29 00:48:33 UTC 2026","passed","Fri May 29 00:48:33 UTC 2026","","","",""
"Test cases for TestResources_CreateAssetGroupTagSelector","2","TestResources_CreateAssetGroupTagSelector","","Fri May 29 00:42:51 UTC 2026","passed","Fri May 29 00:42:51 UTC 2026","","Go Test","github.com/specterops/bloodhound/cmd/api/src/api/v2/TestResources_CreateAssetGroupTagSelector","TestResources_CreateAssetGroupTagSelector"
"Test cases for TestResources_DeleteSavedQuery_IsPublicSavedQueryDBError","1","TestResources_DeleteSavedQuery_IsPublicSavedQueryDBError","","Fri May 29 00:42:51 UTC 2026","passed","Fri May 29 00:42:51 UTC 2026","","Go Test","github.com/specterops/bloodhound/cmd/api/src/api/v2/TestResources_DeleteSavedQuery_IsPublicSavedQueryDBError","TestResources_DeleteSavedQuery_IsPublicSavedQueryDBError"
"","207","calls onLayoutChange with the selected layout","GraphControls","Fri May 29 00:43:40 UTC 2026","passed","Fri May 29 00:43:40 UTC 2026","","Selecting a layout","",""
"Test cases for TestManagementResource_ListRoles_Filtered","0","TestManagementResource_ListRoles_Filtered","","Fri May 29 00:42:57 UTC 2026","passed","Fri May 29 00:42:57 UTC 2026","","Go Test","github.com/specterops/bloodhound/cmd/api/src/api/v2/auth/TestManagementResource_ListRoles_Filtered","TestManagementResource_ListRoles_Filtered"
"","6","handles ISO 8601 formatted date strings and converts it into our standard date display format","Formatting string properties","Fri May 29 00:45:21 UTC 2026","passed","Fri May 29 00:45:21 UTC 2026","","","",""
"","3733","closes explore search tab menu and clears selected item when a cypher query returns multiple nodes","CypherSearch","Fri May 29 00:44:17 UTC 2026","passed","Fri May 29 00:44:21 UTC 2026","","Minimize explorer page elements when multiple nodes are returned","",""
"","109","displays an error message while fetching fails","ActiveExtensionsCard","Fri May 29 00:43:46 UTC 2026","passed","Fri May 29 00:43:47 UTC 2026","","","",""
"","1","`undefined` input is provided","Parsing the debounced input for type and keyword values","Fri May 29 00:46:59 UTC 2026","passed","Fri May 29 00:46:59 UTC 2026","","","",""
"Test cases for TestManagementResource_DeleteUser_UserCannotSelfDelete","1462","TestManagementResource_DeleteUser_UserCannotSelfDelete","","Fri May 29 00:43:12 UTC 2026","passed","Fri May 29 00:43:14 UTC 2026","","Go Test","github.com/specterops/bloodhound/cmd/api/src/api/v2/auth/TestManagementResource_DeleteUser_UserCannotSelfDelete","TestManagementResource_DeleteUser_UserCannotSelfDelete"
"Test cases for TestResources_GetAssetGroupTagMemberInfo","1","TestResources_GetAssetGroupTagMemberInfo","","Fri May 29 00:42:51 UTC 2026","passed","Fri May 29 00:42:51 UTC 2026","","Go Test","github.com/specterops/bloodhound/cmd/api/src/api/v2/TestResources_GetAssetGroupTagMemberInfo","TestResources_GetAssetGroupTagMemberInfo"
"","0","passes ruleType through optionalParams with empty object","handleError","Fri May 29 00:44:50 UTC 2026","passed","Fri May 29 00:44:50 UTC 2026","","","",""
"","461","calls handleFilterChange when a node type is selected","AssetGroupEdit","Fri May 29 00:45:27 UTC 2026","passed","Fri May 29 00:45:28 UTC 2026","","Node Type dropdown filter","",""
"Test cases for TestResources_ListAuditLogs_SortingError","0","TestResources_ListAuditLogs_SortingError","","Fri May 29 00:42:51 UTC 2026","passed","Fri May 29 00:42:51 UTC 2026","","Go Test","github.com/specterops/bloodhound/cmd/api/src/api/v2/TestResources_ListAuditLogs_SortingError","TestResources_ListAuditLogs_SortingError"
"","360","displays an autofocused text input","SearchCurrentNodes","Fri May 29 00:46:43 UTC 2026","passed","Fri May 29 00:46:43 UTC 2026","","","",""
"Test cases for Test_filterAndFormatSearchResults_default","0","Test_filterAndFormatSearchResults_default","","Fri May 29 00:42:51 UTC 2026","passed","Fri May 29 00:42:51 UTC 2026","","Go Test","github.com/specterops/bloodhound/cmd/api/src/api/v2/Test_filterAndFormatSearchResults_default","Test_filterAndFormatSearchResults_default"
"","2401","resets skip to 0 when filters change so rows are visible on the new result set","FileIngestTable","Fri May 29 00:44:24 UTC 2026","passed","Fri May 29 00:44:27 UTC 2026","","pagination reset","",""
"","152","renders count for a selected zone if prop is set","DynamicDetails","Fri May 29 00:45:44 UTC 2026","passed","Fri May 29 00:45:44 UTC 2026","","","",""
"","79","returns an object with values for assetGroupTagId, params, and setPZQueryParams","usePZQueryParams","Fri May 29 00:46:48 UTC 2026","passed","Fri May 29 00:46:48 UTC 2026","","","",""
"Test cases for TestNewAuditLog_Error","0","TestNewAuditLog_Error","","Fri May 29 00:42:52 UTC 2026","passed","Fri May 29 00:42:52 UTC 2026","","Go Test","github.com/specterops/bloodhound/cmd/api/src/database/TestNewAuditLog_Error","TestNewAuditLog_Error"
"Test cases for TestContextMiddlewareBypassDisabled","0","TestContextMiddlewareBypassDisabled","","Fri May 29 00:42:43 UTC 2026","passed","Fri May 29 00:42:43 UTC 2026","","Go Test","github.com/specterops/bloodhound/cmd/api/src/api/middleware/TestContextMiddlewareBypassDisabled","TestContextMiddlewareBypassDisabled"
"Test cases for TestResources_UpdateSavedQuery_NoQueryMatch","0","TestResources_UpdateSavedQuery_NoQueryMatch","","Fri May 29 00:42:51 UTC 2026","passed","Fri May 29 00:42:51 UTC 2026","","Go Test","github.com/specterops/bloodhound/cmd/api/src/api/v2/TestResources_UpdateSavedQuery_NoQueryMatch","TestResources_UpdateSavedQuery_NoQueryMatch"
"","945","executes a primary search when only a source node is provided","Pathfinding: interaction","Fri May 29 00:45:57 UTC 2026","passed","Fri May 29 00:45:58 UTC 2026","","","",""
"Test cases for TestOrphanFileSweeper_Clear","1","TestOrphanFileSweeper_Clear","","Fri May 29 00:42:52 UTC 2026","passed","Fri May 29 00:42:52 UTC 2026","","Go Test","github.com/specterops/bloodhound/cmd/api/src/daemons/datapipe/TestOrphanFileSweeper_Clear","TestOrphanFileSweeper_Clear"
"","149","renders error message on error","ObjectCountPanel","Fri May 29 00:48:03 UTC 2026","passed","Fri May 29 00:48:04 UTC 2026","","","",""
"Test cases for TestManagementResource_GetPermission","39659","TestManagementResource_GetPermission","","Fri May 29 00:42:57 UTC 2026","passed","Fri May 29 00:43:36 UTC 2026","","Go Test","github.com/specterops/bloodhound/cmd/api/src/api/v2/auth/TestManagementResource_GetPermission","TestManagementResource_GetPermission"
"","126","renders the analysis toggle when multi tier analysis enabled is true and when editing an existing zone","Tag Form","Fri May 29 00:43:21 UTC 2026","passed","Fri May 29 00:43:21 UTC 2026","","","",""
"","44","has no checked boxes by default","GraphDataCheckboxes","Fri May 29 00:44:43 UTC 2026","passed","Fri May 29 00:44:43 UTC 2026","","","",""
"Test cases for TestToolContainer_GetScheduledAnalysisConfiguration_Errors","0","TestToolContainer_GetScheduledAnalysisConfiguration_Errors","","Fri May 29 00:42:43 UTC 2026","passed","Fri May 29 00:42:43 UTC 2026","","Go Test","github.com/specterops/bloodhound/cmd/api/src/api/tools/TestToolContainer_GetScheduledAnalysisConfiguration_Errors","TestToolContainer_GetScheduledAnalysisConfiguration_Errors"
"","0","does not change the day, month, or year value of the DateTime object","floorToNearestMinute","Fri May 29 00:47:55 UTC 2026","passed","Fri May 29 00:47:55 UTC 2026","","","",""
"Test cases for TestIntValueOrZero","0","TestIntValueOrZero","","Fri May 29 00:42:52 UTC 2026","passed","Fri May 29 00:42:52 UTC 2026","","Go Test","github.com/specterops/bloodhound/cmd/api/src/database/types/null/TestIntValueOrZero","TestIntValueOrZero"
"Test cases for Test_signedRequestDate","0","Test_signedRequestDate","","Fri May 29 00:42:43 UTC 2026","passed","Fri May 29 00:42:43 UTC 2026","","Go Test","github.com/specterops/bloodhound/cmd/api/src/api/middleware/Test_signedRequestDate","Test_signedRequestDate"
"Test cases for TestTimeScanValue","0","TestTimeScanValue","","Fri May 29 00:42:52 UTC 2026","passed","Fri May 29 00:42:52 UTC 2026","","Go Test","github.com/specterops/bloodhound/cmd/api/src/database/types/null/TestTimeScanValue","TestTimeScanValue"
"","119","highlights selectedLayout rather than the table option when searchType is not cypher","GraphControls","Fri May 29 00:43:41 UTC 2026","passed","Fri May 29 00:43:41 UTC 2026","","Table view selection state","",""
"Test cases for TestPredefinedSIDSuffixes","0","TestPredefinedSIDSuffixes","","Fri May 29 00:43:14 UTC 2026","passed","Fri May 29 00:43:14 UTC 2026","","Go Test","github.com/specterops/bloodhound/packages/go/analysis/ad/wellknown/TestPredefinedSIDSuffixes","TestPredefinedSIDSuffixes"
"Test cases for TestUnifiedGraph_AddPathSet","0","TestUnifiedGraph_AddPathSet","","Fri May 29 00:42:53 UTC 2026","passed","Fri May 29 00:42:53 UTC 2026","","Go Test","github.com/specterops/bloodhound/cmd/api/src/model/TestUnifiedGraph_AddPathSet","TestUnifiedGraph_AddPathSet"
"","132","should display api key management button","Api Keys","Fri May 29 00:45:41 UTC 2026","passed","Fri May 29 00:45:41 UTC 2026","","","",""
"Test cases for TestResources_GetAZRelatedEntities","103","TestResources_GetAZRelatedEntities","","Fri May 29 00:42:51 UTC 2026","passed","Fri May 29 00:42:51 UTC 2026","","Go Test","github.com/specterops/bloodhound/cmd/api/src/api/v2/TestResources_GetAZRelatedEntities","TestResources_GetAZRelatedEntities"
"Test cases for TestCacheEntryDigester_DigestEndpoint_MatchByName","0","TestCacheEntryDigester_DigestEndpoint_MatchByName","","Fri May 29 00:42:57 UTC 2026","passed","Fri May 29 00:42:57 UTC 2026","","Go Test","github.com/specterops/bloodhound/cmd/api/src/services/graphify/endpoint/TestCacheEntryDigester_DigestEndpoint_MatchByName","TestCacheEntryDigester_DigestEndpoint_MatchByName"
"Test cases for TestResources_ListAcceptedFileUploadTypes","0","TestResources_ListAcceptedFileUploadTypes","","Fri May 29 00:42:51 UTC 2026","passed","Fri May 29 00:42:51 UTC 2026","","Go Test","github.com/specterops/bloodhound/cmd/api/src/api/v2/TestResources_ListAcceptedFileUploadTypes","TestResources_ListAcceptedFileUploadTypes"
"","829","should display all available roles","UpdateUserDialog","Fri May 29 00:44:36 UTC 2026","passed","Fri May 29 00:44:37 UTC 2026","","","",""
"","458","should not allow leading or trailing empty spaces","UpdateUserForm","Fri May 29 00:43:29 UTC 2026","passed","Fri May 29 00:43:30 UTC 2026","","","",""
"","17","displays CaretDownOutline icon when the sortOrder is undefined","ColumnHeaders","Fri May 29 00:46:26 UTC 2026","passed","Fri May 29 00:46:26 UTC 2026","","SortableHeader","",""
"Test cases for TestFloatSetValid","0","TestFloatSetValid","","Fri May 29 00:42:52 UTC 2026","passed","Fri May 29 00:42:52 UTC 2026","","Go Test","github.com/specterops/bloodhound/cmd/api/src/database/types/null/TestFloatSetValid","TestFloatSetValid"
"","2","updates state when an external storage event is fired for the same key","useLocalStorage","Fri May 29 00:45:46 UTC 2026","passed","Fri May 29 00:45:46 UTC 2026","","storage event synchronisation","",""
"","805","should call onSubmit with email address and password when login button clicked","LoginForm","Fri May 29 00:47:59 UTC 2026","passed","Fri May 29 00:47:59 UTC 2026","","","",""
"Test cases for TestDefaultRateLimitMiddleware","17","TestDefaultRateLimitMiddleware","","Fri May 29 00:42:43 UTC 2026","passed","Fri May 29 00:42:43 UTC 2026","","Go Test","github.com/specterops/bloodhound/cmd/api/src/api/middleware/TestDefaultRateLimitMiddleware","TestDefaultRateLimitMiddleware"
"","9","dismisses a notification","AppNotifications","Fri May 29 00:47:21 UTC 2026","passed","Fri May 29 00:47:21 UTC 2026","","","",""
"Test cases for TestResources_GetAssetGroupSelectorMemberCountsByKind","3","TestResources_GetAssetGroupSelectorMemberCountsByKind","","Fri May 29 00:42:51 UTC 2026","passed","Fri May 29 00:42:51 UTC 2026","","Go Test","github.com/specterops/bloodhound/cmd/api/src/api/v2/TestResources_GetAssetGroupSelectorMemberCountsByKind","TestResources_GetAssetGroupSelectorMemberCountsByKind"
"","1170","should render many sections with many navigation items","SubNav","Fri May 29 00:47:27 UTC 2026","passed","Fri May 29 00:47:28 UTC 2026","","","",""
"","120","should call onCancel when return to login button clicked","PasswordResetForm","Fri May 29 00:46:16 UTC 2026","passed","Fri May 29 00:46:16 UTC 2026","","","",""
"","11","renders highlight only for active member when memberId is present","SelectedHighlight","Fri May 29 00:47:46 UTC 2026","passed","Fri May 29 00:47:46 UTC 2026","","","",""
"","84","should display the ""Authentication"" header","UserProfile","Fri May 29 00:45:40 UTC 2026","passed","Fri May 29 00:45:40 UTC 2026","","","",""
"","96","should render a button with the passed in display text","GraphButton","Fri May 29 00:48:42 UTC 2026","passed","Fri May 29 00:48:43 UTC 2026","","","",""
"","87","allows a consumer to swap the values of the two inputs and update the query params accordingly","usePathfindingSearch","Fri May 29 00:46:12 UTC 2026","passed","Fri May 29 00:46:12 UTC 2026","","","",""
"Test cases for TestQueries_BuildEntityQueryParams_InvalidLimit","0","TestQueries_BuildEntityQueryParams_InvalidLimit","","Fri May 29 00:42:54 UTC 2026","passed","Fri May 29 00:42:54 UTC 2026","","Go Test","github.com/specterops/bloodhound/cmd/api/src/queries/TestQueries_BuildEntityQueryParams_InvalidLimit","TestQueries_BuildEntityQueryParams_InvalidLimit"
"","80","renders an input box","SearchBar","Fri May 29 00:48:28 UTC 2026","passed","Fri May 29 00:48:28 UTC 2026","","","",""
"","130","renders the glyph form input when the editing a zone that is not the highest privileged","Tag Form","Fri May 29 00:43:21 UTC 2026","passed","Fri May 29 00:43:21 UTC 2026","","","",""
"Test cases for TestFloatIsZero","0","TestFloatIsZero","","Fri May 29 00:42:52 UTC 2026","passed","Fri May 29 00:42:52 UTC 2026","","Go Test","github.com/specterops/bloodhound/cmd/api/src/database/types/null/TestFloatIsZero","TestFloatIsZero"
"","2","returns undefined for headers when db config timeout limit setting is enabled and state of is disable query limit is true","useExploreGraph","Fri May 29 00:44:44 UTC 2026","passed","Fri May 29 00:44:44 UTC 2026","userSettings","exploreGraphQueryFactory","",""
"Test cases for TestExpireUserAuthSecret_Success","0","TestExpireUserAuthSecret_Success","","Fri May 29 00:42:57 UTC 2026","passed","Fri May 29 00:42:57 UTC 2026","","Go Test","github.com/specterops/bloodhound/cmd/api/src/api/v2/auth/TestExpireUserAuthSecret_Success","TestExpireUserAuthSecret_Success"
"","75","disables delete button for built-in extensions","ActiveExtensionsCard","Fri May 29 00:43:50 UTC 2026","passed","Fri May 29 00:43:50 UTC 2026","","","",""
"","41","adds a notification - checks values","AppNotifications","Fri May 29 00:47:21 UTC 2026","passed","Fri May 29 00:47:21 UTC 2026","","","",""
"Test cases for TestResources_DeleteSavedQuery_NotPublicQueryAndUserIsAdmin","0","TestResources_DeleteSavedQuery_NotPublicQueryAndUserIsAdmin","","Fri May 29 00:42:51 UTC 2026","passed","Fri May 29 00:42:51 UTC 2026","","Go Test","github.com/specterops/bloodhound/cmd/api/src/api/v2/TestResources_DeleteSavedQuery_NotPublicQueryAndUserIsAdmin","TestResources_DeleteSavedQuery_NotPublicQueryAndUserIsAdmin"
"Test cases for TestRewriter_Enter_ADAttackPathsShortcut_ReplacesKinds","0","TestRewriter_Enter_ADAttackPathsShortcut_ReplacesKinds","","Fri May 29 00:42:54 UTC 2026","passed","Fri May 29 00:42:54 UTC 2026","","Go Test","github.com/specterops/bloodhound/cmd/api/src/queries/TestRewriter_Enter_ADAttackPathsShortcut_ReplacesKinds","TestRewriter_Enter_ADAttackPathsShortcut_ReplacesKinds"
"","0","reports an Object ID-specific error when creating a rule and ruleType is SeedTypeObjectId and seeds are required","handleError","Fri May 29 00:44:50 UTC 2026","passed","Fri May 29 00:44:50 UTC 2026","","","",""
"Test cases for TestResources_UpdateAssetGroupSelectors_GetAssetGroupError","0","TestResources_UpdateAssetGroupSelectors_GetAssetGroupError","","Fri May 29 00:42:51 UTC 2026","passed","Fri May 29 00:42:51 UTC 2026","","Go Test","github.com/specterops/bloodhound/cmd/api/src/api/v2/TestResources_UpdateAssetGroupSelectors_GetAssetGroupError","TestResources_UpdateAssetGroupSelectors_GetAssetGroupError"
"","28","selector members refetches on sort change","the useAssetGroupTags utilities","Fri May 29 00:45:11 UTC 2026","passed","Fri May 29 00:45:11 UTC 2026","","","",""
"","6540","expand all button expands all sections after collapsing","Pathfinding","Fri May 29 00:44:38 UTC 2026","passed","Fri May 29 00:44:44 UTC 2026","","","",""
"","917","calls the passed in select handler when clicking the Confirm button","Glyph Select Dialog","Fri May 29 00:48:16 UTC 2026","passed","Fri May 29 00:48:17 UTC 2026","","","",""
"Test cases for TestManagementResource_ListRoles_InvalidColumn","0","TestManagementResource_ListRoles_InvalidColumn","","Fri May 29 00:42:57 UTC 2026","passed","Fri May 29 00:42:57 UTC 2026","","Go Test","github.com/specterops/bloodhound/cmd/api/src/api/v2/auth/TestManagementResource_ListRoles_InvalidColumn","TestManagementResource_ListRoles_InvalidColumn"
"","242","renders the QuerySearchFilter component","QuerySearchFilter","Fri May 29 00:46:44 UTC 2026","passed","Fri May 29 00:46:44 UTC 2026","","","",""
"","25","should filter properties that we do not want to display in the entity panel","ObjectInfoFields","Fri May 29 00:48:08 UTC 2026","passed","Fri May 29 00:48:08 UTC 2026","","","",""
"Test cases for TestResources_ListADComputerPSRemoteUsers","0","TestResources_ListADComputerPSRemoteUsers","","Fri May 29 00:42:51 UTC 2026","passed","Fri May 29 00:42:51 UTC 2026","","Go Test","github.com/specterops/bloodhound/cmd/api/src/api/v2/TestResources_ListADComputerPSRemoteUsers","TestResources_ListADComputerPSRemoteUsers"
"Test cases for TestResources_GetAssetGroupMemberCount_Success","0","TestResources_GetAssetGroupMemberCount_Success","","Fri May 29 00:42:51 UTC 2026","passed","Fri May 29 00:42:51 UTC 2026","","Go Test","github.com/specterops/bloodhound/cmd/api/src/api/v2/TestResources_GetAssetGroupMemberCount_Success","TestResources_GetAssetGroupMemberCount_Success"
"","453","On unsuccessful upload, notifies with an error and displays a retry button","SchemaUploadDialog","Fri May 29 00:44:52 UTC 2026","passed","Fri May 29 00:44:52 UTC 2026","","","",""
"Test cases for TestResources_GetAZEntityInformation","99","TestResources_GetAZEntityInformation","","Fri May 29 00:42:51 UTC 2026","passed","Fri May 29 00:42:51 UTC 2026","","Go Test","github.com/specterops/bloodhound/cmd/api/src/api/v2/TestResources_GetAZEntityInformation","TestResources_GetAZEntityInformation"
"Test cases for TestGetADDataQualityStats_Failure","1","TestGetADDataQualityStats_Failure","","Fri May 29 00:42:51 UTC 2026","passed","Fri May 29 00:42:51 UTC 2026","","Go Test","github.com/specterops/bloodhound/cmd/api/src/api/v2/TestGetADDataQualityStats_Failure","TestGetADDataQualityStats_Failure"
"","126","passes check if the user has a required permission","usePermissions","Fri May 29 00:45:33 UTC 2026","passed","Fri May 29 00:45:33 UTC 2026","","","",""
"","1","should compute coordinates along a quadratic bezier curve for a given t value","bezier","Fri May 29 00:49:31 UTC 2026","passed","Fri May 29 00:49:31 UTC 2026","","","",""
"Test cases for TestTypes_Value","0","TestTypes_Value","","Fri May 29 00:42:52 UTC 2026","passed","Fri May 29 00:42:52 UTC 2026","","Go Test","github.com/specterops/bloodhound/cmd/api/src/database/types/TestTypes_Value","TestTypes_Value"
"Test cases for TestUnmarshalNonIntegerNumber","0","TestUnmarshalNonIntegerNumber","","Fri May 29 00:42:52 UTC 2026","passed","Fri May 29 00:42:52 UTC 2026","","Go Test","github.com/specterops/bloodhound/cmd/api/src/database/types/null/TestUnmarshalNonIntegerNumber","TestUnmarshalNonIntegerNumber"
"Test cases for TestParseIntQueryParameter","64","TestParseIntQueryParameter","","Fri May 29 00:42:51 UTC 2026","passed","Fri May 29 00:42:51 UTC 2026","","Go Test","github.com/specterops/bloodhound/cmd/api/src/api/v2/TestParseIntQueryParameter","TestParseIntQueryParameter"
"Test cases for TestResources_ListAssetGroupCollections","3","TestResources_ListAssetGroupCollections","","Fri May 29 00:42:51 UTC 2026","passed","Fri May 29 00:42:51 UTC 2026","","Go Test","github.com/specterops/bloodhound/cmd/api/src/api/v2/TestResources_ListAssetGroupCollections","TestResources_ListAssetGroupCollections"
"","46","does not add a query param if the search term is empty","useNodeSearch","Fri May 29 00:47:44 UTC 2026","passed","Fri May 29 00:47:44 UTC 2026","","","",""
"Test cases for Test_ValidateGraph","14","Test_ValidateGraph","","Fri May 29 00:42:58 UTC 2026","passed","Fri May 29 00:42:58 UTC 2026","","Go Test","github.com/specterops/bloodhound/cmd/api/src/services/upload/Test_ValidateGraph","Test_ValidateGraph"
"","2372","requires a password to disable MFA for a user when logged in without SSO","Users","Fri May 29 00:45:59 UTC 2026","passed","Fri May 29 00:46:01 UTC 2026","","","",""
"","0","calls transformToFlatGraphResponse when graphData matches GraphResponse interface","normalizeGraphDataForSigma","Fri May 29 00:49:49 UTC 2026","passed","Fri May 29 00:49:49 UTC 2026","","","",""
"","21","renders a list of pre-built searches and displays categories and subcategories one time","PrebuiltSearchList","Fri May 29 00:46:32 UTC 2026","passed","Fri May 29 00:46:32 UTC 2026","","","",""
"Test cases for TestManagementResource_ListPermissions","0","TestManagementResource_ListPermissions","","Fri May 29 00:42:57 UTC 2026","passed","Fri May 29 00:42:57 UTC 2026","","Go Test","github.com/specterops/bloodhound/cmd/api/src/api/v2/auth/TestManagementResource_ListPermissions","TestManagementResource_ListPermissions"
"","140","should call onLoginViaSAML when login via sso button clicked","LoginForm","Fri May 29 00:47:59 UTC 2026","passed","Fri May 29 00:48:00 UTC 2026","","","",""
"","30","Calls the cypher search endpoint for a node that is hidden from user with not all environments access","EntityObjectInformation","Fri May 29 00:46:21 UTC 2026","passed","Fri May 29 00:46:21 UTC 2026","","","",""
"","32","should display hidden node label for hidden node","EntityInfoHeader","Fri May 29 00:46:59 UTC 2026","passed","Fri May 29 00:46:59 UTC 2026","","","",""
"Test cases for TestEncodingEquality","0","TestEncodingEquality","","Fri May 29 00:43:15 UTC 2026","passed","Fri May 29 00:43:15 UTC 2026","","Go Test","github.com/specterops/bloodhound/packages/go/bomenc/TestEncodingEquality","TestEncodingEquality"
"Test cases for TestOpenGraphSchemaService_GetEnvironmentKindsAndEnvironmentExtensionDisplayNames","1","TestOpenGraphSchemaService_GetEnvironmentKindsAndEnvironmentExtensionDisplayNames","","Fri May 29 00:42:57 UTC 2026","passed","Fri May 29 00:42:57 UTC 2026","","Go Test","github.com/specterops/bloodhound/cmd/api/src/services/opengraphschema/TestOpenGraphSchemaService_GetEnvironmentKindsAndEnvironmentExtensionDisplayNames","TestOpenGraphSchemaService_GetEnvironmentKindsAndEnvironmentExtensionDisplayNames"
"","78","initializes the categories with just the built-in defaults when edge endpoint returns nothing","useEdgeCategories","Fri May 29 00:45:33 UTC 2026","passed","Fri May 29 00:45:33 UTC 2026","","","",""
"","2","dispatches a storage event when a value is set","useLocalStorage","Fri May 29 00:45:46 UTC 2026","passed","Fri May 29 00:45:46 UTC 2026","","storage event synchronisation","",""
"","360","has date range input filters","FileIngestFilterDialog","Fri May 29 00:44:56 UTC 2026","passed","Fri May 29 00:44:57 UTC 2026","","Date Range Inputs","",""
"","304","sets a secondary=id and searchType=pathfinding when primary is truthy","ContextMenu","Fri May 29 00:49:28 UTC 2026","passed","Fri May 29 00:49:28 UTC 2026","","","",""
"","13","sets autoDisplayTable to false if query type is relationship","useExploreTableAutoDisplay","Fri May 29 00:47:32 UTC 2026","passed","Fri May 29 00:47:32 UTC 2026","","","",""
"Test cases for TestCopyMatchExpressionsSorted","0","TestCopyMatchExpressionsSorted","","Fri May 29 00:42:57 UTC 2026","passed","Fri May 29 00:42:57 UTC 2026","","Go Test","github.com/specterops/bloodhound/cmd/api/src/services/graphify/endpoint/TestCopyMatchExpressionsSorted","TestCopyMatchExpressionsSorted"
"","252","fires delete when edit is clicked","ListItemActionMenu","Fri May 29 00:47:05 UTC 2026","passed","Fri May 29 00:47:06 UTC 2026","","","",""
"","200","should display a ""Reset Password"" button","UserProfile","Fri May 29 00:45:40 UTC 2026","passed","Fri May 29 00:45:40 UTC 2026","","","",""
"","176","calls clickHandler when a line item is clicked","PrebuiltSearchList","Fri May 29 00:46:31 UTC 2026","passed","Fri May 29 00:46:31 UTC 2026","","","",""
"","164","renders enabled Zone and Rule tabs and disabled Object tab","Selected Details Tabs","Fri May 29 00:45:53 UTC 2026","passed","Fri May 29 00:45:53 UTC 2026","","Selected Details Tabs - Params present","",""
"","895","disables the confirm button until user types required text","Tag Form","Fri May 29 00:43:23 UTC 2026","passed","Fri May 29 00:43:24 UTC 2026","","","",""
"","1","returns the same nodes from the graphData","getExploreTableData","Fri May 29 00:46:33 UTC 2026","passed","Fri May 29 00:46:33 UTC 2026","","","",""
"Test cases for TestResources_ListPublishedToCAs","1","TestResources_ListPublishedToCAs","","Fri May 29 00:42:51 UTC 2026","passed","Fri May 29 00:42:51 UTC 2026","","Go Test","github.com/specterops/bloodhound/cmd/api/src/api/v2/TestResources_ListPublishedToCAs","TestResources_ListPublishedToCAs"
"Test cases for TestParsePreferHeaderWait","0","TestParsePreferHeaderWait","","Fri May 29 00:42:43 UTC 2026","passed","Fri May 29 00:42:43 UTC 2026","","Go Test","github.com/specterops/bloodhound/cmd/api/src/api/middleware/TestParsePreferHeaderWait","TestParsePreferHeaderWait"
"Test cases for TestFormatDatabaseError","0","TestFormatDatabaseError","","Fri May 29 00:42:27 UTC 2026","passed","Fri May 29 00:42:27 UTC 2026","","Go Test","github.com/specterops/bloodhound/cmd/api/src/api/TestFormatDatabaseError","TestFormatDatabaseError"
"Test cases for TestResources_ListADEntityConstrainedDelegationRights","0","TestResources_ListADEntityConstrainedDelegationRights","","Fri May 29 00:42:51 UTC 2026","passed","Fri May 29 00:42:51 UTC 2026","","Go Test","github.com/specterops/bloodhound/cmd/api/src/api/v2/TestResources_ListADEntityConstrainedDelegationRights","TestResources_ListADEntityConstrainedDelegationRights"
"Test cases for TestResources_GetEdgeACLInheritancePath","63","TestResources_GetEdgeACLInheritancePath","","Fri May 29 00:42:51 UTC 2026","passed","Fri May 29 00:42:51 UTC 2026","","Go Test","github.com/specterops/bloodhound/cmd/api/src/api/v2/TestResources_GetEdgeACLInheritancePath","TestResources_GetEdgeACLInheritancePath"
"","0","isError returns as expected based on all queries combined","queriesAreLoadingOrErrored","Fri May 29 00:48:40 UTC 2026","passed","Fri May 29 00:48:40 UTC 2026","","","",""
"","444","filters by the selected user","FileIngestFilterDialog","Fri May 29 00:44:58 UTC 2026","passed","Fri May 29 00:44:59 UTC 2026","","User Select","",""
"","1416","filling in the name value allows updating the rule and navigates back to the details page","Rule Form","Fri May 29 00:43:42 UTC 2026","passed","Fri May 29 00:43:44 UTC 2026","","","",""
"Test cases for TestParseAGMembersFromNodes_","0","TestParseAGMembersFromNodes_","","Fri May 29 00:42:51 UTC 2026","passed","Fri May 29 00:42:51 UTC 2026","","Go Test","github.com/specterops/bloodhound/cmd/api/src/api/v2/TestParseAGMembersFromNodes_","TestParseAGMembersFromNodes_"
"","63","excludes API edges that are associated with one of our built-in schema types","useEdgeCategories","Fri May 29 00:45:33 UTC 2026","passed","Fri May 29 00:45:33 UTC 2026","","","",""
"","2","returns undefined for headers when db config timeout limit setting is disabled and state of is disable query limit is false","useExploreGraph","Fri May 29 00:44:44 UTC 2026","passed","Fri May 29 00:44:44 UTC 2026","userSettings","exploreGraphQueryFactory","",""
"Copyright 2021 The Go Authors. All rights reserved.TestConcat was ripped from go1.22 source and should be replaced with the stdlib implementation when we move to 1.22Original source: https:","2","TestConcat_too_large","","Fri May 29 00:43:31 UTC 2026","passed","Fri May 29 00:43:31 UTC 2026","","Go Test","github.com/specterops/bloodhound/packages/go/slicesext/TestConcat_too_large","TestConcat_too_large"
"Test cases for TestResources_DeleteSavedQuery_PublicQueryAndUserIsAdmin","0","TestResources_DeleteSavedQuery_PublicQueryAndUserIsAdmin","","Fri May 29 00:42:51 UTC 2026","passed","Fri May 29 00:42:51 UTC 2026","","Go Test","github.com/specterops/bloodhound/cmd/api/src/api/v2/TestResources_DeleteSavedQuery_PublicQueryAndUserIsAdmin","TestResources_DeleteSavedQuery_PublicQueryAndUserIsAdmin"
"","153","should fire Cancel once with false","DeleteConfirmationDialog","Fri May 29 00:48:07 UTC 2026","passed","Fri May 29 00:48:08 UTC 2026","","","",""
"","313","calls handleError with ruleType when creating a rule fails","Rule Form","Fri May 29 00:43:48 UTC 2026","passed","Fri May 29 00:43:48 UTC 2026","","","",""
"","1","filters by moderate risk level","filterAndSearchEnvironments","Fri May 29 00:43:44 UTC 2026","passed","Fri May 29 00:43:44 UTC 2026","","risk filters","",""
"","9","constructs correct URLSearchParams with all filters","createHistoryParams","Fri May 29 00:47:43 UTC 2026","passed","Fri May 29 00:47:43 UTC 2026","","","",""
"Test cases for TestConvertAzureResourceGroupContributorToRels","0","TestConvertAzureResourceGroupContributorToRels","","Fri May 29 00:43:15 UTC 2026","passed","Fri May 29 00:43:15 UTC 2026","","Go Test","github.com/specterops/bloodhound/packages/go/ein/TestConvertAzureResourceGroupContributorToRels","TestConvertAzureResourceGroupContributorToRels"
"","61","should on clicking remove call clearSelectedItem","EdgeInfoHeader","Fri May 29 00:47:12 UTC 2026","passed","Fri May 29 00:47:12 UTC 2026","","","",""
"","349","Displays a notification when an error happened when requesting analysis","AnalyzeNowConfiguration","Fri May 29 00:45:47 UTC 2026","passed","Fri May 29 00:45:47 UTC 2026","","","",""
"","286","handles creating a new zone","Tag Form","Fri May 29 00:43:23 UTC 2026","passed","Fri May 29 00:43:23 UTC 2026","","","",""
"Test cases for TestAuth_CreateSSOSession","0","TestAuth_CreateSSOSession","","Fri May 29 00:42:51 UTC 2026","passed","Fri May 29 00:42:51 UTC 2026","","Go Test","github.com/specterops/bloodhound/cmd/api/src/api/v2/auth/TestAuth_CreateSSOSession","TestAuth_CreateSSOSession"
"","5043","search forces sections to expand when there is a match","Pathfinding","Fri May 29 00:44:48 UTC 2026","passed","Fri May 29 00:44:53 UTC 2026","","","",""
"Test cases for TestStringPointer","0","TestStringPointer","","Fri May 29 00:42:52 UTC 2026","passed","Fri May 29 00:42:52 UTC 2026","","Go Test","github.com/specterops/bloodhound/cmd/api/src/database/types/null/TestStringPointer","TestStringPointer"
"Test cases for TestTypes_Scan_InvalidInput","1","TestTypes_Scan_InvalidInput","","Fri May 29 00:42:52 UTC 2026","passed","Fri May 29 00:42:52 UTC 2026","","Go Test","github.com/specterops/bloodhound/cmd/api/src/database/types/TestTypes_Scan_InvalidInput","TestTypes_Scan_InvalidInput"
"","756","should initiate data loading when an item is selected","Simple Environment Selector","Fri May 29 00:45:40 UTC 2026","passed","Fri May 29 00:45:40 UTC 2026","","","",""
"","11","does not call onSort when disable=true","ColumnHeaders","Fri May 29 00:46:26 UTC 2026","passed","Fri May 29 00:46:26 UTC 2026","","SortableHeader","",""
"Test cases for TestResources_GetAssetGroupMemberCount_IDMalformed","0","TestResources_GetAssetGroupMemberCount_IDMalformed","","Fri May 29 00:42:51 UTC 2026","passed","Fri May 29 00:42:51 UTC 2026","","Go Test","github.com/specterops/bloodhound/cmd/api/src/api/v2/TestResources_GetAssetGroupMemberCount_IDMalformed","TestResources_GetAssetGroupMemberCount_IDMalformed"
"Test cases for TestResources_GetAnalysisRequest","0","TestResources_GetAnalysisRequest","","Fri May 29 00:42:51 UTC 2026","passed","Fri May 29 00:42:51 UTC 2026","","Go Test","github.com/specterops/bloodhound/cmd/api/src/api/v2/TestResources_GetAnalysisRequest","TestResources_GetAnalysisRequest"
"","256","toggles sort order when clicking sortable header","RulesAccordion","Fri May 29 00:46:38 UTC 2026","passed","Fri May 29 00:46:38 UTC 2026","","","",""
"Test cases for TestResources_ListADGroupMembers","0","TestResources_ListADGroupMembers","","Fri May 29 00:42:51 UTC 2026","passed","Fri May 29 00:42:51 UTC 2026","","Go Test","github.com/specterops/bloodhound/cmd/api/src/api/v2/TestResources_ListADGroupMembers","TestResources_ListADGroupMembers"
"Test cases for Test_ParseGraphSortParameters_InvalidSortColumn","0","Test_ParseGraphSortParameters_InvalidSortColumn","","Fri May 29 00:42:27 UTC 2026","passed","Fri May 29 00:42:27 UTC 2026","","Go Test","github.com/specterops/bloodhound/cmd/api/src/api/Test_ParseGraphSortParameters_InvalidSortColumn","Test_ParseGraphSortParameters_InvalidSortColumn"
"Test cases for TestResources_ListCAPKIHierarchy","0","TestResources_ListCAPKIHierarchy","","Fri May 29 00:42:51 UTC 2026","passed","Fri May 29 00:42:51 UTC 2026","","Go Test","github.com/specterops/bloodhound/cmd/api/src/api/v2/TestResources_ListCAPKIHierarchy","TestResources_ListCAPKIHierarchy"
"","2359","should render search input","Pathfinding","Fri May 29 00:43:58 UTC 2026","passed","Fri May 29 00:44:00 UTC 2026","","","",""
"","239","passes item props to Header and Content","<DetailsAccordion />","Fri May 29 00:45:14 UTC 2026","passed","Fri May 29 00:45:14 UTC 2026","","","",""
"","251","navigates to all rules when clicking ""All Rules""","RulesAccordion","Fri May 29 00:46:38 UTC 2026","passed","Fri May 29 00:46:38 UTC 2026","","","",""
"Test cases for TestSignRequestTeeFailure","0","TestSignRequestTeeFailure","","Fri May 29 00:42:27 UTC 2026","passed","Fri May 29 00:42:27 UTC 2026","","Go Test","github.com/specterops/bloodhound/cmd/api/src/api/TestSignRequestTeeFailure","TestSignRequestTeeFailure"
"","404","auto-selects when a search result has a matching objectId","GraphView","Fri May 29 00:49:11 UTC 2026","passed","Fri May 29 00:49:12 UTC 2026","","","",""
"","12881","checking a category updates all children and grandchildren","Pathfinding","Fri May 29 00:44:07 UTC 2026","passed","Fri May 29 00:44:20 UTC 2026","","","",""
"","256","calls setExploreParams with searchType and relationshipQueryItemId when selecting a composition accordion","EdgeInfoContent","Fri May 29 00:43:50 UTC 2026","passed","Fri May 29 00:43:51 UTC 2026","","EdgeInfoContent support for Deep Linking","",""
"","228","displays no search results message when search yields no matches","ActiveExtensionsCard","Fri May 29 00:43:49 UTC 2026","passed","Fri May 29 00:43:49 UTC 2026","","","",""
"Test cases for TestResources_GetAssetGroupTags","4","TestResources_GetAssetGroupTags","","Fri May 29 00:42:51 UTC 2026","passed","Fri May 29 00:42:51 UTC 2026","","Go Test","github.com/specterops/bloodhound/cmd/api/src/api/v2/TestResources_GetAssetGroupTags","TestResources_GetAssetGroupTags"
"","97","should on clicking collapse all remove expandedPanelSections param from url and set isObjectInfoPanelOpen in context to false","EdgeInfoHeader","Fri May 29 00:47:12 UTC 2026","passed","Fri May 29 00:47:12 UTC 2026","","","",""
"Test cases for TestCacheEntryDigester_DigestEndpoint_DefaultObjectID","0","TestCacheEntryDigester_DigestEndpoint_DefaultObjectID","","Fri May 29 00:42:57 UTC 2026","passed","Fri May 29 00:42:57 UTC 2026","","Go Test","github.com/specterops/bloodhound/cmd/api/src/services/graphify/endpoint/TestCacheEntryDigester_DigestEndpoint_DefaultObjectID","TestCacheEntryDigester_DigestEndpoint_DefaultObjectID"
"Test cases for TestResources_GetIssuancePolicyEntityInfo","203","TestResources_GetIssuancePolicyEntityInfo","","Fri May 29 00:42:51 UTC 2026","passed","Fri May 29 00:42:51 UTC 2026","","Go Test","github.com/specterops/bloodhound/cmd/api/src/api/v2/TestResources_GetIssuancePolicyEntityInfo","TestResources_GetIssuancePolicyEntityInfo"
"","141","initializes search tab to the exploreSearchTab on initial render","ExploreSearch sets searchType on tab changing","Fri May 29 00:49:19 UTC 2026","passed","Fri May 29 00:49:19 UTC 2026","","","",""
"","74","renders Empty when items is undefined and Empty is provided","<DetailsAccordion />","Fri May 29 00:45:13 UTC 2026","passed","Fri May 29 00:45:13 UTC 2026","","","",""
"Test cases for TestCache_Reset","0","TestCache_Reset","","Fri May 29 00:43:15 UTC 2026","passed","Fri May 29 00:43:15 UTC 2026","","Go Test","github.com/specterops/bloodhound/packages/go/cache/TestCache_Reset","TestCache_Reset"
"","0","The user has yet to type into the search","Getting the text for the disabled item display for a search when there are no results","Fri May 29 00:46:59 UTC 2026","passed","Fri May 29 00:46:59 UTC 2026","","Empty data states","",""
"","11","disables useAvailableEnvironment and does not attempt calling handleInitialEnvironment if queryOptions.enabled","useInitialEnvironment","Fri May 29 00:47:31 UTC 2026","passed","Fri May 29 00:47:31 UTC 2026","","","",""
"Test cases for TestUnmarshalInt","1","TestUnmarshalInt","","Fri May 29 00:42:52 UTC 2026","passed","Fri May 29 00:42:52 UTC 2026","","Go Test","github.com/specterops/bloodhound/cmd/api/src/database/types/null/TestUnmarshalInt","TestUnmarshalInt"
"","117","should display a total count of asset group members","AssetGroupEdit","Fri May 29 00:46:56 UTC 2026","passed","Fri May 29 00:46:56 UTC 2026","","","",""
"","309","displays a completion of 100% and adds a ""Close"" button that closes the dialog after a successful upload","SchemaUploadDialog","Fri May 29 00:44:50 UTC 2026","passed","Fri May 29 00:44:51 UTC 2026","","","",""
"Test cases for Test_ParseAndValidatePayload","10","Test_ParseAndValidatePayload","","Fri May 29 00:42:58 UTC 2026","passed","Fri May 29 00:42:58 UTC 2026","","Go Test","github.com/specterops/bloodhound/cmd/api/src/services/upload/Test_ParseAndValidatePayload","Test_ParseAndValidatePayload"
"Test cases for TestResources_UpdateAssetGroupTag","3","TestResources_UpdateAssetGroupTag","","Fri May 29 00:42:51 UTC 2026","passed","Fri May 29 00:42:51 UTC 2026","","Go Test","github.com/specterops/bloodhound/cmd/api/src/api/v2/TestResources_UpdateAssetGroupTag","TestResources_UpdateAssetGroupTag"
"","41","selector members refetches on envrionment change","the useAssetGroupTags utilities","Fri May 29 00:45:11 UTC 2026","passed","Fri May 29 00:45:11 UTC 2026","","","",""
"","199","calls setExploreParams with only the expandedSection label when selecting any accordion that is not composition","EdgeInfoContent","Fri May 29 00:43:51 UTC 2026","passed","Fri May 29 00:43:51 UTC 2026","","EdgeInfoContent support for Deep Linking","",""
"Test cases for TestResources_ShareSavedQueriesPermissions_NonAdmin","3","TestResources_ShareSavedQueriesPermissions_NonAdmin","","Fri May 29 00:42:51 UTC 2026","passed","Fri May 29 00:42:51 UTC 2026","","Go Test","github.com/specterops/bloodhound/cmd/api/src/api/v2/TestResources_ShareSavedQueriesPermissions_NonAdmin","TestResources_ShareSavedQueriesPermissions_NonAdmin"
"","7","adds expected text alignment class depending on the textAlign prop","ColumnHeaders","Fri May 29 00:46:26 UTC 2026","passed","Fri May 29 00:46:26 UTC 2026","","BaseColumnHeader","",""
"Test cases for TestConvertDomainToNode_InheritanceHashes","0","TestConvertDomainToNode_InheritanceHashes","","Fri May 29 00:43:15 UTC 2026","passed","Fri May 29 00:43:15 UTC 2026","","Go Test","github.com/specterops/bloodhound/packages/go/ein/TestConvertDomainToNode_InheritanceHashes","TestConvertDomainToNode_InheritanceHashes"
"","2","determines glyphs with the tier_managent_engine feature flag disabled","getNodeGlyphs","Fri May 29 00:49:28 UTC 2026","passed","Fri May 29 00:49:28 UTC 2026","","","",""
"","1","If for some reason the node size is not defined return 1 as a default","getNodeRadius","Fri May 29 00:49:44 UTC 2026","passed","Fri May 29 00:49:44 UTC 2026","","","",""
"","10","displays CaretUp icon when the sortOrder is asc","ColumnHeaders","Fri May 29 00:46:26 UTC 2026","passed","Fri May 29 00:46:26 UTC 2026","","SortableHeader","",""
"Test cases for TestGC_NewDataPruningDaemon","1","TestGC_NewDataPruningDaemon","","Fri May 29 00:42:52 UTC 2026","passed","Fri May 29 00:42:52 UTC 2026","","Go Test","github.com/specterops/bloodhound/cmd/api/src/daemons/gc/TestGC_NewDataPruningDaemon","TestGC_NewDataPruningDaemon"
"","35","renders disabled prop when flag is not enabled","FeatureFlag","Fri May 29 00:47:36 UTC 2026","passed","Fri May 29 00:47:36 UTC 2026","","","",""
"Test cases for TestAuthExtensions","6","TestAuthExtensions","","Fri May 29 00:42:27 UTC 2026","passed","Fri May 29 00:42:27 UTC 2026","","Go Test","github.com/specterops/bloodhound/cmd/api/src/api/TestAuthExtensions","TestAuthExtensions"
"Test cases for TestDomainSelectors_GetValidFilterPredicatesAsStrings","0","TestDomainSelectors_GetValidFilterPredicatesAsStrings","","Fri May 29 00:42:53 UTC 2026","passed","Fri May 29 00:42:53 UTC 2026","","Go Test","github.com/specterops/bloodhound/cmd/api/src/model/TestDomainSelectors_GetValidFilterPredicatesAsStrings","TestDomainSelectors_GetValidFilterPredicatesAsStrings"
"","524","changes the text from ""Disabled"" to ""Enabled"" when the Rule Status switch is toggled","Rule Form","Fri May 29 00:43:39 UTC 2026","passed","Fri May 29 00:43:40 UTC 2026","","","",""
"","136","should display the ""My Profile"" title","UserProfile","Fri May 29 00:45:40 UTC 2026","passed","Fri May 29 00:45:40 UTC 2026","","","",""
"Test cases for TestResources_ListAuditLogs_PredicateMismatchWithColumn","0","TestResources_ListAuditLogs_PredicateMismatchWithColumn","","Fri May 29 00:42:51 UTC 2026","passed","Fri May 29 00:42:51 UTC 2026","","Go Test","github.com/specterops/bloodhound/cmd/api/src/api/v2/TestResources_ListAuditLogs_PredicateMismatchWithColumn","TestResources_ListAuditLogs_PredicateMismatchWithColumn"
"","639","renders a list of asset group members","GroupManagement","Fri May 29 00:49:35 UTC 2026","passed","Fri May 29 00:49:36 UTC 2026","","","",""
"","1","adds email filter if madeBy contains ""@""","createHistoryParams","Fri May 29 00:47:43 UTC 2026","passed","Fri May 29 00:47:43 UTC 2026","","","",""
"","18","renders an error fallback when flag is not found","FeatureFlag","Fri May 29 00:47:36 UTC 2026","passed","Fri May 29 00:47:36 UTC 2026","","","",""
"","0","returns undefined if graphData is null or not a GraphResponse","getExploreTableData","Fri May 29 00:46:33 UTC 2026","passed","Fri May 29 00:46:33 UTC 2026","","","",""
"Test cases for TestUnmarshalNonIntegerNumberToInt64","0","TestUnmarshalNonIntegerNumberToInt64","","Fri May 29 00:42:52 UTC 2026","passed","Fri May 29 00:42:52 UTC 2026","","Go Test","github.com/specterops/bloodhound/cmd/api/src/database/types/null/TestUnmarshalNonIntegerNumberToInt64","TestUnmarshalNonIntegerNumberToInt64"
"","0","prefixes each node_kind with a colon for labels","graphSchema","Fri May 29 00:48:09 UTC 2026","passed","Fri May 29 00:48:09 UTC 2026","","","",""
"Test cases for TestManagementResource_ListAuthTokens_InvalidFilterPredicate","0","TestManagementResource_ListAuthTokens_InvalidFilterPredicate","","Fri May 29 00:43:21 UTC 2026","passed","Fri May 29 00:43:21 UTC 2026","","Go Test","github.com/specterops/bloodhound/cmd/api/src/api/v2/auth/TestManagementResource_ListAuthTokens_InvalidFilterPredicate","TestManagementResource_ListAuthTokens_InvalidFilterPredicate"
"Test cases for TestRoleAssignments_NodeHasRole","0","TestRoleAssignments_NodeHasRole","","Fri May 29 00:43:14 UTC 2026","passed","Fri May 29 00:43:14 UTC 2026","","Go Test","github.com/specterops/bloodhound/packages/go/analysis/azure/TestRoleAssignments_NodeHasRole","TestRoleAssignments_NodeHasRole"
"","100","updates value when an invalid date typed","ManagedDatePicker - value","Fri May 29 00:46:23 UTC 2026","passed","Fri May 29 00:46:23 UTC 2026","","","",""
"","285","should not call onSubmit when input is invalid and Submit button is clicked","UpsertSAMLProviderForm","Fri May 29 00:47:27 UTC 2026","passed","Fri May 29 00:47:27 UTC 2026","","","",""
"Test cases for TestCreateUser_ETAC","3673","TestCreateUser_ETAC","","Fri May 29 00:42:59 UTC 2026","passed","Fri May 29 00:43:03 UTC 2026","","Go Test","github.com/specterops/bloodhound/cmd/api/src/api/v2/auth/TestCreateUser_ETAC","TestCreateUser_ETAC"
"","314","calls openOIDCProviderDialog when OIDC Provider menu item is clicked","CreateMenu","Fri May 29 00:45:29 UTC 2026","passed","Fri May 29 00:45:30 UTC 2026","","oidc_support feature flag enabled","",""
"","820","should call onSubmit when input is valid and Submit button is clicked","UpsertSAMLProviderForm","Fri May 29 00:47:27 UTC 2026","passed","Fri May 29 00:47:28 UTC 2026","","","",""
"","4486","Sort arrow is visible and direction is correct","ExploreTable","Fri May 29 00:43:36 UTC 2026","passed","Fri May 29 00:43:41 UTC 2026","","","",""
"","1735","should clear out the sso provider id from submission data when the authentication method is changed","UpdateUserDialog","Fri May 29 00:44:39 UTC 2026","passed","Fri May 29 00:44:41 UTC 2026","","","",""
"","286","AZRole information panel will not display a section for PIM Assignments","EntityInfoContent","Fri May 29 00:46:21 UTC 2026","passed","Fri May 29 00:46:21 UTC 2026","","","",""
"Test cases for TestNewManifest","0","TestNewManifest","","Fri May 29 00:42:52 UTC 2026","passed","Fri May 29 00:42:52 UTC 2026","","Go Test","github.com/specterops/bloodhound/cmd/api/src/database/migration/TestNewManifest","TestNewManifest"
"","10","takes a string and copys to the navigator clipboard","copyToClipboard","Fri May 29 00:48:49 UTC 2026","passed","Fri May 29 00:48:49 UTC 2026","","","",""
"Test cases for TestArgon2Digest_Validate","13","TestArgon2Digest_Validate","","Fri May 29 00:43:15 UTC 2026","passed","Fri May 29 00:43:15 UTC 2026","","Go Test","github.com/specterops/bloodhound/packages/go/crypto/TestArgon2Digest_Validate","TestArgon2Digest_Validate"
"","2","stores a number value in localStorage","useLocalStorage","Fri May 29 00:45:46 UTC 2026","passed","Fri May 29 00:45:46 UTC 2026","","setValue","",""
"","22","returns Rule Object counts when there is a Tag and a Rule selected (tagId and ruleId are in path params)","useObjectCounts","Fri May 29 00:48:12 UTC 2026","passed","Fri May 29 00:48:12 UTC 2026","","","",""
"","514","should reject passwords with no special characters","CreateUserForm","Fri May 29 00:44:02 UTC 2026","passed","Fri May 29 00:44:02 UTC 2026","","","",""
"","168","renders Zone as first tab and is also the initially selected on first render in Zone View/Tab","Selected Details Tabs","Fri May 29 00:45:53 UTC 2026","passed","Fri May 29 00:45:53 UTC 2026","","Selected Details Tabs - Params present","",""
"","542","navigates to object details when clicking an object row","ObjectsAccordion","Fri May 29 00:46:40 UTC 2026","passed","Fri May 29 00:46:41 UTC 2026","","","",""
"Test cases for TestManagementResource_ListAuthTokens_InvalidColumn","2","TestManagementResource_ListAuthTokens_InvalidColumn","","Fri May 29 00:43:21 UTC 2026","passed","Fri May 29 00:43:21 UTC 2026","","Go Test","github.com/specterops/bloodhound/cmd/api/src/api/v2/auth/TestManagementResource_ListAuthTokens_InvalidColumn","TestManagementResource_ListAuthTokens_InvalidColumn"
"","43","upon selecting a source and destination node, updates the URL with a searchType of 'pathfinding' and the object ids for the source and destination nodes","usePathfindingSearch","Fri May 29 00:46:11 UTC 2026","passed","Fri May 29 00:46:11 UTC 2026","","","",""
"Test cases for TestCacheEntryDigester_DigestEndpoint_JSONMarshalError","0","TestCacheEntryDigester_DigestEndpoint_JSONMarshalError","","Fri May 29 00:42:57 UTC 2026","passed","Fri May 29 00:42:57 UTC 2026","","Go Test","github.com/specterops/bloodhound/cmd/api/src/services/graphify/endpoint/TestCacheEntryDigester_DigestEndpoint_JSONMarshalError","TestCacheEntryDigester_DigestEndpoint_JSONMarshalError"
"","331","Displays a notification when analysis has been requested successfully","AnalyzeNowConfiguration","Fri May 29 00:45:47 UTC 2026","passed","Fri May 29 00:45:47 UTC 2026","","","",""
"Test cases for TestRRuleValidator","0","TestRRuleValidator","","Fri May 29 00:43:13 UTC 2026","passed","Fri May 29 00:43:13 UTC 2026","","Go Test","github.com/specterops/bloodhound/cmd/api/src/utils/validation/TestRRuleValidator","TestRRuleValidator"
"","8","returns when label limit is reached","useTagLimits","Fri May 29 00:44:06 UTC 2026","passed","Fri May 29 00:44:06 UTC 2026","","","",""
"Copyright 2021 The Go Authors. All rights reserved.TestConcat was ripped from go1.22 source and should be replaced with the stdlib implementation when we move to 1.22Original source: https:","1","TestConcat","","Fri May 29 00:43:31 UTC 2026","passed","Fri May 29 00:43:31 UTC 2026","","Go Test","github.com/specterops/bloodhound/packages/go/slicesext/TestConcat","TestConcat"
"","1212","when user performs a single node search, the selected node carries over to the `start node` input field on the pathfinding tab","ExploreSearch interaction","Fri May 29 00:49:19 UTC 2026","passed","Fri May 29 00:49:20 UTC 2026","","","",""
"","26","renders correctly when an unexpected nodeType is passed","NodeIcon","Fri May 29 00:47:59 UTC 2026","passed","Fri May 29 00:47:59 UTC 2026","","","",""
"","143","calls onCancel when cancel button clicked","EarlyAccessFeaturesWarningDialog","Fri May 29 00:49:51 UTC 2026","passed","Fri May 29 00:49:51 UTC 2026","","","",""
"Test cases for Test_filterAndFormatSearchResults_filterEnvironments_domainSIDFail","0","Test_filterAndFormatSearchResults_filterEnvironments_domainSIDFail","","Fri May 29 00:42:51 UTC 2026","passed","Fri May 29 00:42:51 UTC 2026","","Go Test","github.com/specterops/bloodhound/cmd/api/src/api/v2/Test_filterAndFormatSearchResults_filterEnvironments_domainSIDFail","Test_filterAndFormatSearchResults_filterEnvironments_domainSIDFail"
"","0","reports when API error response has errors array","handleError","Fri May 29 00:44:50 UTC 2026","passed","Fri May 29 00:44:50 UTC 2026","","","",""
"","13","disables the upload button and does not populate a table if the user lacks the permission","File Upload","Fri May 29 00:46:08 UTC 2026","passed","Fri May 29 00:46:08 UTC 2026","","","",""
"Test cases for TestManagementResource_ListPermissions_DBError","0","TestManagementResource_ListPermissions_DBError","","Fri May 29 00:42:57 UTC 2026","passed","Fri May 29 00:42:57 UTC 2026","","Go Test","github.com/specterops/bloodhound/cmd/api/src/api/v2/auth/TestManagementResource_ListPermissions_DBError","TestManagementResource_ListPermissions_DBError"
"","1","returns undefined if graphData is undefined","normalizeGraphDataForSigma","Fri May 29 00:49:49 UTC 2026","passed","Fri May 29 00:49:49 UTC 2026","","","",""
"Test cases for TestResources_CypherQuery","97","TestResources_CypherQuery","","Fri May 29 00:42:51 UTC 2026","passed","Fri May 29 00:42:51 UTC 2026","","Go Test","github.com/specterops/bloodhound/cmd/api/src/api/v2/TestResources_CypherQuery","TestResources_CypherQuery"
"","87","skips undefined items gracefully","<DetailsAccordion />","Fri May 29 00:45:14 UTC 2026","passed","Fri May 29 00:45:14 UTC 2026","","","",""
"Test cases for TestMatches_FailureStatus","0","TestMatches_FailureStatus","","Fri May 29 00:42:53 UTC 2026","passed","Fri May 29 00:42:53 UTC 2026","","Go Test","github.com/specterops/bloodhound/cmd/api/src/model/TestMatches_FailureStatus","TestMatches_FailureStatus"
"","8787","checking a subcategory updates all children (edge types) in its group","Pathfinding","Fri May 29 00:44:20 UTC 2026","passed","Fri May 29 00:44:28 UTC 2026","","","",""
"Test cases for FuzzFoldl","0","FuzzFoldl","","Fri May 29 00:43:31 UTC 2026","passed","Fri May 29 00:43:31 UTC 2026","","Go Test","github.com/specterops/bloodhound/packages/go/slicesext/FuzzFoldl","FuzzFoldl"
"Test cases for TestDomainSelectors_GetFilterCriteria_InvalidFilterColumn","0","TestDomainSelectors_GetFilterCriteria_InvalidFilterColumn","","Fri May 29 00:42:53 UTC 2026","passed","Fri May 29 00:42:53 UTC 2026","","Go Test","github.com/specterops/bloodhound/cmd/api/src/model/TestDomainSelectors_GetFilterCriteria_InvalidFilterColumn","TestDomainSelectors_GetFilterCriteria_InvalidFilterColumn"
"Test cases for TestBoolFromPtr","0","TestBoolFromPtr","","Fri May 29 00:42:52 UTC 2026","passed","Fri May 29 00:42:52 UTC 2026","","Go Test","github.com/specterops/bloodhound/cmd/api/src/database/types/null/TestBoolFromPtr","TestBoolFromPtr"
"Test cases for TestMaybeSubmitNodeUpdate","1","TestMaybeSubmitNodeUpdate","","Fri May 29 00:42:57 UTC 2026","passed","Fri May 29 00:42:57 UTC 2026","","Go Test","github.com/specterops/bloodhound/cmd/api/src/services/graphify/TestMaybeSubmitNodeUpdate","TestMaybeSubmitNodeUpdate"
"","79","is disabled if no filters are active","AssetGroupEdit","Fri May 29 00:45:28 UTC 2026","passed","Fri May 29 00:45:28 UTC 2026","","Clear Filters button","",""
"Test cases for TestGetPageParamsForGraphQuery","0","TestGetPageParamsForGraphQuery","","Fri May 29 00:43:13 UTC 2026","passed","Fri May 29 00:43:13 UTC 2026","","Go Test","github.com/specterops/bloodhound/cmd/api/src/utils/TestGetPageParamsForGraphQuery","TestGetPageParamsForGraphQuery"
"Test cases for TestNewDefaultConfig","0","TestNewDefaultConfig","","Fri May 29 00:42:51 UTC 2026","passed","Fri May 29 00:42:51 UTC 2026","","Go Test","github.com/specterops/bloodhound/cmd/api/src/config/TestNewDefaultConfig","TestNewDefaultConfig"
"","47","should have a .z-nav class","MainNav","Fri May 29 00:45:46 UTC 2026","passed","Fri May 29 00:45:46 UTC 2026","","","",""
"","1253","shows a warning for using labels associated with tags in zone forms","Rule Form","Fri May 29 00:43:44 UTC 2026","passed","Fri May 29 00:43:46 UTC 2026","","","",""
"Test cases for TestResources_DeleteSavedQuery_UserNotAdmin","0","TestResources_DeleteSavedQuery_UserNotAdmin","","Fri May 29 00:42:51 UTC 2026","passed","Fri May 29 00:42:51 UTC 2026","","Go Test","github.com/specterops/bloodhound/cmd/api/src/api/v2/TestResources_DeleteSavedQuery_UserNotAdmin","TestResources_DeleteSavedQuery_UserNotAdmin"
"Test cases for Test_ApplyTimeoutReduction","0","Test_ApplyTimeoutReduction","","Fri May 29 00:42:54 UTC 2026","passed","Fri May 29 00:42:54 UTC 2026","","Go Test","github.com/specterops/bloodhound/cmd/api/src/queries/Test_ApplyTimeoutReduction","Test_ApplyTimeoutReduction"
"","156","onCancel is called when cancel is clicked","Enable2FADialog","Fri May 29 00:46:28 UTC 2026","passed","Fri May 29 00:46:28 UTC 2026","","","",""
"Test cases for TestManagementResource_SSOLoginHandler","9","TestManagementResource_SSOLoginHandler","","Fri May 29 00:43:36 UTC 2026","passed","Fri May 29 00:43:36 UTC 2026","","Go Test","github.com/specterops/bloodhound/cmd/api/src/api/v2/auth/TestManagementResource_SSOLoginHandler","TestManagementResource_SSOLoginHandler"
"","8","adds new key to state","useObjectState","Fri May 29 00:47:54 UTC 2026","passed","Fri May 29 00:47:54 UTC 2026","","","",""
"","303","a name value is required to submit the form","Rule Form","Fri May 29 00:43:42 UTC 2026","passed","Fri May 29 00:43:42 UTC 2026","","","",""
"","234","opens confirmation dialog when delete button is clicked","ActiveExtensionsCard","Fri May 29 00:43:49 UTC 2026","passed","Fri May 29 00:43:49 UTC 2026","","","",""
"Test cases for TestUnmarshalInt64","0","TestUnmarshalInt64","","Fri May 29 00:42:52 UTC 2026","passed","Fri May 29 00:42:52 UTC 2026","","Go Test","github.com/specterops/bloodhound/cmd/api/src/database/types/null/TestUnmarshalInt64","TestUnmarshalInt64"
"Test cases for TestVersion_GreaterThan","0","TestVersion_GreaterThan","","Fri May 29 00:43:14 UTC 2026","passed","Fri May 29 00:43:14 UTC 2026","","Go Test","github.com/specterops/bloodhound/cmd/api/src/version/TestVersion_GreaterThan","TestVersion_GreaterThan"
"","14","makes no count request when neither a Tag or Rule is selected (tagId and ruleId are undefined from path params","useObjectCounts","Fri May 29 00:48:12 UTC 2026","passed","Fri May 29 00:48:12 UTC 2026","","","",""
"Test cases for TestResources_UpdateSavedQuery_UpdateFailed","0","TestResources_UpdateSavedQuery_UpdateFailed","","Fri May 29 00:42:51 UTC 2026","passed","Fri May 29 00:42:51 UTC 2026","","Go Test","github.com/specterops/bloodhound/cmd/api/src/api/v2/TestResources_UpdateSavedQuery_UpdateFailed","TestResources_UpdateSavedQuery_UpdateFailed"
"","370","renders an empty message for the entity panel before a node is selected","GroupManagement","Fri May 29 00:49:36 UTC 2026","passed","Fri May 29 00:49:36 UTC 2026","","","",""
"","178","should fire Confirm once with true","ConfirmationDialog","Fri May 29 00:48:28 UTC 2026","passed","Fri May 29 00:48:28 UTC 2026","","","",""
"","16","does not render note content when selected is null","HistoryNotes Component","Fri May 29 00:48:23 UTC 2026","passed","Fri May 29 00:48:23 UTC 2026","","","",""
"Test cases for TestSeekToKey","0","TestSeekToKey","","Fri May 29 00:42:57 UTC 2026","passed","Fri May 29 00:42:57 UTC 2026","","Go Test","github.com/specterops/bloodhound/cmd/api/src/services/graphify/TestSeekToKey","TestSeekToKey"
"Test cases for TestManagementResource_GetSelf","0","TestManagementResource_GetSelf","","Fri May 29 00:43:12 UTC 2026","passed","Fri May 29 00:43:12 UTC 2026","","Go Test","github.com/specterops/bloodhound/cmd/api/src/api/v2/auth/TestManagementResource_GetSelf","TestManagementResource_GetSelf"
"","258","should handle click events on apply and cancel","ConfirmUpdateQueryDialog","Fri May 29 00:48:16 UTC 2026","passed","Fri May 29 00:48:16 UTC 2026","","","",""
"Test cases for TestDefineSID","0","TestDefineSID","","Fri May 29 00:43:14 UTC 2026","passed","Fri May 29 00:43:14 UTC 2026","","Go Test","github.com/specterops/bloodhound/packages/go/analysis/ad/wellknown/TestDefineSID","TestDefineSID"
"","209","adds node to asset group tag without confirmation","AssetGroupMenuItem","Fri May 29 00:45:24 UTC 2026","passed","Fri May 29 00:45:24 UTC 2026","","","",""
"Test cases for TestAssetGroupMembers_BuildFilteringConditional_Error","0","TestAssetGroupMembers_BuildFilteringConditional_Error","","Fri May 29 00:42:27 UTC 2026","passed","Fri May 29 00:42:27 UTC 2026","","Go Test","github.com/specterops/bloodhound/cmd/api/src/api/TestAssetGroupMembers_BuildFilteringConditional_Error","TestAssetGroupMembers_BuildFilteringConditional_Error"
"Test cases for TestResources_DeleteAssetGroupTagSelector","1","TestResources_DeleteAssetGroupTagSelector","","Fri May 29 00:42:51 UTC 2026","passed","Fri May 29 00:42:51 UTC 2026","","Go Test","github.com/specterops/bloodhound/cmd/api/src/api/v2/TestResources_DeleteAssetGroupTagSelector","TestResources_DeleteAssetGroupTagSelector"
"Test cases for TestParseAGMembersFromNodes_MissingNodeProperties","0","TestParseAGMembersFromNodes_MissingNodeProperties","","Fri May 29 00:42:51 UTC 2026","passed","Fri May 29 00:42:51 UTC 2026","","Go Test","github.com/specterops/bloodhound/cmd/api/src/api/v2/TestParseAGMembersFromNodes_MissingNodeProperties","TestParseAGMembersFromNodes_MissingNodeProperties"
"","310","displays expected results when searching by label","SearchCurrentNodes","Fri May 29 00:46:43 UTC 2026","passed","Fri May 29 00:46:44 UTC 2026","","","",""
"","1865","handles posting a mutation","DatabaseManagement","Fri May 29 00:49:12 UTC 2026","passed","Fri May 29 00:49:14 UTC 2026","","","",""
"Test cases for TestResources_ListADGPOAffectedContainers","2","TestResources_ListADGPOAffectedContainers","","Fri May 29 00:42:51 UTC 2026","passed","Fri May 29 00:42:51 UTC 2026","","Go Test","github.com/specterops/bloodhound/cmd/api/src/api/v2/TestResources_ListADGPOAffectedContainers","TestResources_ListADGPOAffectedContainers"
"","632","should close the dialog when the Cancel button is clicked","Privilege Zones History Filter Dialog","Fri May 29 00:46:02 UTC 2026","passed","Fri May 29 00:46:03 UTC 2026","","","",""
"","12","renders the LabelSelector when available and on a Label page","TagSelector","Fri May 29 00:46:51 UTC 2026","passed","Fri May 29 00:46:51 UTC 2026","","","",""
"","2","does not overwrite an existing localStorage value with initialValue","useLocalStorage","Fri May 29 00:45:46 UTC 2026","passed","Fri May 29 00:45:46 UTC 2026","","initial value","",""
"","0","returns empty array when search does not match any environment","filterAndSearchEnvironments","Fri May 29 00:43:44 UTC 2026","passed","Fri May 29 00:43:44 UTC 2026","","search filter","",""
"Test cases for TestMinMaxValidator","0","TestMinMaxValidator","","Fri May 29 00:43:13 UTC 2026","passed","Fri May 29 00:43:13 UTC 2026","","Go Test","github.com/specterops/bloodhound/cmd/api/src/utils/validation/TestMinMaxValidator","TestMinMaxValidator"
"Test cases for TestResources_GetDomainEntityInfo","1","TestResources_GetDomainEntityInfo","","Fri May 29 00:42:51 UTC 2026","passed","Fri May 29 00:42:51 UTC 2026","","Go Test","github.com/specterops/bloodhound/cmd/api/src/api/v2/TestResources_GetDomainEntityInfo","TestResources_GetDomainEntityInfo"
"Test cases for TestParseUUID","0","TestParseUUID","","Fri May 29 00:43:13 UTC 2026","passed","Fri May 29 00:43:13 UTC 2026","","Go Test","github.com/specterops/bloodhound/cmd/api/src/utils/TestParseUUID","TestParseUUID"
"","3","Default label and sizing are used when graph of origin does not specify","copySigmaNodesToGraphlibGraph","Fri May 29 00:49:38 UTC 2026","passed","Fri May 29 00:49:38 UTC 2026","","","",""
"","205","should render","SSOProviderTable","Fri May 29 00:47:12 UTC 2026","passed","Fri May 29 00:47:12 UTC 2026","","","",""
"","116","renders a single item when items is an object","<DetailsAccordion />","Fri May 29 00:45:13 UTC 2026","passed","Fri May 29 00:45:14 UTC 2026","","","",""
"","578","calls delete mutation when confirm button is clicked with correct input","ActiveExtensionsCard","Fri May 29 00:43:52 UTC 2026","passed","Fri May 29 00:43:52 UTC 2026","","","",""
"Test cases for TestTimeEqual","0","TestTimeEqual","","Fri May 29 00:42:52 UTC 2026","passed","Fri May 29 00:42:52 UTC 2026","","Go Test","github.com/specterops/bloodhound/cmd/api/src/database/types/null/TestTimeEqual","TestTimeEqual"
"Test cases for TestManagementResource_ListUsers_InvalidFilterPredicate","0","TestManagementResource_ListUsers_InvalidFilterPredicate","","Fri May 29 00:42:57 UTC 2026","passed","Fri May 29 00:42:57 UTC 2026","","Go Test","github.com/specterops/bloodhound/cmd/api/src/api/v2/auth/TestManagementResource_ListUsers_InvalidFilterPredicate","TestManagementResource_ListUsers_InvalidFilterPredicate"
"","20","returns a prefer wait in the header when db config timeout limit setting is disabled and state of is disable query limit is true","useExploreGraph","Fri May 29 00:44:44 UTC 2026","passed","Fri May 29 00:44:44 UTC 2026","userSettings","exploreGraphQueryFactory","",""
"","227","fires editQuery in context provider","ListItemActionMenu","Fri May 29 00:47:06 UTC 2026","passed","Fri May 29 00:47:06 UTC 2026","","","",""
"","75","indicates the code container is scrollable when the code is unwrapped","CodeController","Fri May 29 00:48:24 UTC 2026","passed","Fri May 29 00:48:24 UTC 2026","","","",""
"Test cases for TestManagementResource_GetAZEntity","98","TestManagementResource_GetAZEntity","","Fri May 29 00:42:51 UTC 2026","passed","Fri May 29 00:42:51 UTC 2026","","Go Test","github.com/specterops/bloodhound/cmd/api/src/api/v2/TestManagementResource_GetAZEntity","TestManagementResource_GetAZEntity"
"Test cases for TestWriteAndValidateJSON","3","TestWriteAndValidateJSON","","Fri May 29 00:42:58 UTC 2026","passed","Fri May 29 00:42:58 UTC 2026","","Go Test","github.com/specterops/bloodhound/cmd/api/src/services/upload/TestWriteAndValidateJSON","TestWriteAndValidateJSON"
"","11","when password is not expired no redirect occurs","AuthenticatedRoute","Fri May 29 00:49:36 UTC 2026","passed","Fri May 29 00:49:36 UTC 2026","","","",""
"","3120","should close the edge filtering dialog when user clicks apply button","EdgeFilter","Fri May 29 00:46:19 UTC 2026","passed","Fri May 29 00:46:22 UTC 2026","","","",""
"Test cases for TestResources_DeleteAssetGroup","1","TestResources_DeleteAssetGroup","","Fri May 29 00:42:51 UTC 2026","passed","Fri May 29 00:42:51 UTC 2026","","Go Test","github.com/specterops/bloodhound/cmd/api/src/api/v2/TestResources_DeleteAssetGroup","TestResources_DeleteAssetGroup"
"Test cases for TestGormLogAdapter_Info","0","TestGormLogAdapter_Info","","Fri May 29 00:42:52 UTC 2026","passed","Fri May 29 00:42:52 UTC 2026","","Go Test","github.com/specterops/bloodhound/cmd/api/src/database/TestGormLogAdapter_Info","TestGormLogAdapter_Info"
"","0","should handle an entity that has an empty name property","Evaluating the entity display name from a given entity","Fri May 29 00:45:21 UTC 2026","passed","Fri May 29 00:45:21 UTC 2026","","","",""
"","4","uses sequentialLayout by default","Explore utils","Fri May 29 00:49:28 UTC 2026","passed","Fri May 29 00:49:28 UTC 2026","","initGraph","",""
"Test cases for Test_HarnessSetup","0","Test_HarnessSetup","","Fri May 29 00:43:15 UTC 2026","passed","Fri May 29 00:43:15 UTC 2026","","Go Test","github.com/specterops/bloodhound/packages/go/lab/Test_HarnessSetup","Test_HarnessSetup"
"","265","Selecting an edge with a Computer target node that haslaps is enabled shows correct Windows Abuse text","EdgeInfoContent","Fri May 29 00:43:50 UTC 2026","passed","Fri May 29 00:43:50 UTC 2026","","","",""
"Test cases for TestRoleAssignments_NodesWithRolesExclusive","0","TestRoleAssignments_NodesWithRolesExclusive","","Fri May 29 00:43:14 UTC 2026","passed","Fri May 29 00:43:14 UTC 2026","","Go Test","github.com/specterops/bloodhound/packages/go/analysis/azure/TestRoleAssignments_NodesWithRolesExclusive","TestRoleAssignments_NodesWithRolesExclusive"
"Test cases for TestResources_ListUsersMinimal","9","TestResources_ListUsersMinimal","","Fri May 29 00:43:36 UTC 2026","passed","Fri May 29 00:43:36 UTC 2026","","Go Test","github.com/specterops/bloodhound/cmd/api/src/api/v2/auth/TestResources_ListUsersMinimal","TestResources_ListUsersMinimal"
"","1","filters by azure platform","filterAndSearchEnvironments","Fri May 29 00:43:44 UTC 2026","passed","Fri May 29 00:43:44 UTC 2026","","platform filters","",""
"","1","EXTENDED ROUNDING when thresholds are set: does not abbreviate numbers < 10000","numberFormatting","Fri May 29 00:46:30 UTC 2026","passed","Fri May 29 00:46:30 UTC 2026","","","",""
"Test cases for TestJSONFloat_MarshalJSON","0","TestJSONFloat_MarshalJSON","","Fri May 29 00:42:52 UTC 2026","passed","Fri May 29 00:42:52 UTC 2026","","Go Test","github.com/specterops/bloodhound/cmd/api/src/database/types/nan/TestJSONFloat_MarshalJSON","TestJSONFloat_MarshalJSON"
"","0","should exclude operations within a tag when only the path matches but not all paths","opsFilter","Fri May 29 00:47:37 UTC 2026","passed","Fri May 29 00:47:37 UTC 2026","","","",""
"","39","should display an error message if data does not return from the API","Context Selector Error","Fri May 29 00:45:41 UTC 2026","passed","Fri May 29 00:45:41 UTC 2026","","","",""
"","378","should render","LoginForm","Fri May 29 00:47:58 UTC 2026","passed","Fri May 29 00:47:59 UTC 2026","","","",""
"","65","renders note header correctly","HistoryNotes Component","Fri May 29 00:48:23 UTC 2026","passed","Fri May 29 00:48:23 UTC 2026","","","",""
"","321","calls onChange with initial default columns when ""Reset Default"" is clicked","ManageColumnsComboBox","Fri May 29 00:45:17 UTC 2026","passed","Fri May 29 00:45:17 UTC 2026","","","",""
"Test cases for TestManagementResource_ListUsers_DBError","0","TestManagementResource_ListUsers_DBError","","Fri May 29 00:42:57 UTC 2026","passed","Fri May 29 00:42:57 UTC 2026","","Go Test","github.com/specterops/bloodhound/cmd/api/src/api/v2/auth/TestManagementResource_ListUsers_DBError","TestManagementResource_ListUsers_DBError"
"","164","displays the label for each result","SearchCurrentNodes","Fri May 29 00:46:44 UTC 2026","passed","Fri May 29 00:46:44 UTC 2026","","","",""
"","840","shows indeterminate states when some graph data is selected","GraphDataCheckboxes","Fri May 29 00:44:43 UTC 2026","passed","Fri May 29 00:44:44 UTC 2026","","","",""
"","152","should have a disabled continue button","TagToZoneLabelDialog","Fri May 29 00:46:35 UTC 2026","passed","Fri May 29 00:46:35 UTC 2026","","","",""
"","183","should render","NoDataDialog","Fri May 29 00:48:37 UTC 2026","passed","Fri May 29 00:48:37 UTC 2026","","","",""
"","107","renders Tier Zero text by default when no Zone Selector is available and on a Zone page","TagSelector","Fri May 29 00:46:51 UTC 2026","passed","Fri May 29 00:46:51 UTC 2026","","","",""
"Test cases for TestSignRequestValuesUnsupportedHMACMethod","0","TestSignRequestValuesUnsupportedHMACMethod","","Fri May 29 00:42:27 UTC 2026","passed","Fri May 29 00:42:27 UTC 2026","","Go Test","github.com/specterops/bloodhound/cmd/api/src/api/TestSignRequestValuesUnsupportedHMACMethod","TestSignRequestValuesUnsupportedHMACMethod"
"","766","Download button opens a menu and selecting ""Selected Columns"" calls json2csv with selected columns only","ExploreTable","Fri May 29 00:43:22 UTC 2026","passed","Fri May 29 00:43:23 UTC 2026","","","",""
"Test cases for Test_SetNodeProperties","0","Test_SetNodeProperties","","Fri May 29 00:42:51 UTC 2026","passed","Fri May 29 00:42:51 UTC 2026","","Go Test","github.com/specterops/bloodhound/cmd/api/src/api/v2/Test_SetNodeProperties","Test_SetNodeProperties"
"","62","displays a status indicator","StatusIndicator","Fri May 29 00:48:32 UTC 2026","passed","Fri May 29 00:48:32 UTC 2026","","","",""
"Test cases for TestResources_BuildDeleteRequest","0","TestResources_BuildDeleteRequest","","Fri May 29 00:42:51 UTC 2026","passed","Fri May 29 00:42:51 UTC 2026","","Go Test","github.com/specterops/bloodhound/cmd/api/src/api/v2/TestResources_BuildDeleteRequest","TestResources_BuildDeleteRequest"
"Test cases for TestManagementResource_ListPermissions_PredicateMismatchWithColumn","0","TestManagementResource_ListPermissions_PredicateMismatchWithColumn","","Fri May 29 00:42:57 UTC 2026","passed","Fri May 29 00:42:57 UTC 2026","","Go Test","github.com/specterops/bloodhound/cmd/api/src/api/v2/auth/TestManagementResource_ListPermissions_PredicateMismatchWithColumn","TestManagementResource_ListPermissions_PredicateMismatchWithColumn"
"","363","calls onToggleNodeLabels when click show all node labels","GraphControls","Fri May 29 00:43:38 UTC 2026","passed","Fri May 29 00:43:38 UTC 2026","","Toggling labels","",""
"Test cases for TestResources_DeleteSavedQuery_NotAUserAuth","0","TestResources_DeleteSavedQuery_NotAUserAuth","","Fri May 29 00:42:51 UTC 2026","passed","Fri May 29 00:42:51 UTC 2026","","Go Test","github.com/specterops/bloodhound/cmd/api/src/api/v2/TestResources_DeleteSavedQuery_NotAUserAuth","TestResources_DeleteSavedQuery_NotAUserAuth"
"","1087","opens a submenu when user hovers over `Copy`","ContextMenu","Fri May 29 00:49:28 UTC 2026","passed","Fri May 29 00:49:29 UTC 2026","","","",""
"","1","filters by high risk level","filterAndSearchEnvironments","Fri May 29 00:43:44 UTC 2026","passed","Fri May 29 00:43:44 UTC 2026","","risk filters","",""
"","576","calls onSave without current password when requireCurrentPassword is false","PasswordDialog","Fri May 29 00:44:06 UTC 2026","passed","Fri May 29 00:44:07 UTC 2026","","","",""
"","3","wraps a plain value in single quotes","escapeCypherString","Fri May 29 00:48:33 UTC 2026","passed","Fri May 29 00:48:33 UTC 2026","","","",""
"","0","uses the correct entity name in the Object ID message","getErrorMessage","Fri May 29 00:44:50 UTC 2026","passed","Fri May 29 00:44:50 UTC 2026","","","",""
"Test cases for TestResources_ListAuditLogs_InvalidPredicate","0","TestResources_ListAuditLogs_InvalidPredicate","","Fri May 29 00:42:51 UTC 2026","passed","Fri May 29 00:42:51 UTC 2026","","Go Test","github.com/specterops/bloodhound/cmd/api/src/api/v2/TestResources_ListAuditLogs_InvalidPredicate","TestResources_ListAuditLogs_InvalidPredicate"
"Test cases for TestStringValueOrZero","0","TestStringValueOrZero","","Fri May 29 00:42:52 UTC 2026","passed","Fri May 29 00:42:52 UTC 2026","","Go Test","github.com/specterops/bloodhound/cmd/api/src/database/types/null/TestStringValueOrZero","TestStringValueOrZero"
"","107","renders the total count and object counts on success","ObjectCountPanel","Fri May 29 00:48:04 UTC 2026","passed","Fri May 29 00:48:04 UTC 2026","","","",""
"","185","shows formatted expiration date (yyyy-MM-dd) when expires_at is set","UserTokenManagementDialog - API Expiration Date column","Fri May 29 00:45:06 UTC 2026","passed","Fri May 29 00:45:06 UTC 2026","","","",""
"","3591","checking a single edge type updates its parent and grandparent","Pathfinding","Fri May 29 00:44:28 UTC 2026","passed","Fri May 29 00:44:32 UTC 2026","","","",""
"","3","stores an array value in localStorage","useLocalStorage","Fri May 29 00:45:46 UTC 2026","passed","Fri May 29 00:45:46 UTC 2026","","setValue","",""
"","13","shows date placeholder if no hint is given","ManagedDatePicker - placeholders","Fri May 29 00:46:23 UTC 2026","passed","Fri May 29 00:46:23 UTC 2026","","","",""
"","243","displays expected results when searching by objectid","SearchCurrentNodes","Fri May 29 00:46:44 UTC 2026","passed","Fri May 29 00:46:44 UTC 2026","","","",""
"Test cases for TestIsValidContentTypeForUpload","0","TestIsValidContentTypeForUpload","","Fri May 29 00:42:51 UTC 2026","passed","Fri May 29 00:42:51 UTC 2026","","Go Test","github.com/specterops/bloodhound/cmd/api/src/api/v2/TestIsValidContentTypeForUpload","TestIsValidContentTypeForUpload"
"","1","floors DateTime objects to the nearest minute","floorToNearestMinute","Fri May 29 00:47:55 UTC 2026","passed","Fri May 29 00:47:55 UTC 2026","","","",""
"","171","should disable the create provider button and not display providers if the user lacks permission","SSOConfiguration","Fri May 29 00:45:23 UTC 2026","passed","Fri May 29 00:45:23 UTC 2026","","","",""
"","0","uppercases boolean values","Formatting boolean properties","Fri May 29 00:45:21 UTC 2026","passed","Fri May 29 00:45:21 UTC 2026","","","",""
"","205","renders the Cypher Rules Panel when clicking the Rule Tab","Selected Details Tab Content","Fri May 29 00:47:50 UTC 2026","passed","Fri May 29 00:47:50 UTC 2026","","","",""
"","155","renders details for a selected rule and is of type ""Cypher""","DynamicDetails","Fri May 29 00:45:44 UTC 2026","passed","Fri May 29 00:45:45 UTC 2026","","","",""
"","288","renders total rules and accordion sections","RulesAccordion","Fri May 29 00:46:38 UTC 2026","passed","Fri May 29 00:46:38 UTC 2026","","","",""
"Test cases for TestParseSkipQueryParameter_BadFormat","0","TestParseSkipQueryParameter_BadFormat","","Fri May 29 00:42:51 UTC 2026","passed","Fri May 29 00:42:51 UTC 2026","","Go Test","github.com/specterops/bloodhound/cmd/api/src/api/v2/TestParseSkipQueryParameter_BadFormat","TestParseSkipQueryParameter_BadFormat"
"","556","should display Environmental Targeted Access Control panel when showEnvironmentAccessControls prop is true and user role is selected","UpdateUserForm","Fri May 29 00:43:30 UTC 2026","passed","Fri May 29 00:43:31 UTC 2026","","","",""
"Test cases for TestResources_ListADOUContainedGroups","2","TestResources_ListADOUContainedGroups","","Fri May 29 00:42:51 UTC 2026","passed","Fri May 29 00:42:51 UTC 2026","","Go Test","github.com/specterops/bloodhound/cmd/api/src/api/v2/TestResources_ListADOUContainedGroups","TestResources_ListADOUContainedGroups"
"Test cases for TestFilterStructSlice","0","TestFilterStructSlice","","Fri May 29 00:42:27 UTC 2026","passed","Fri May 29 00:42:27 UTC 2026","","Go Test","github.com/specterops/bloodhound/cmd/api/src/api/TestFilterStructSlice","TestFilterStructSlice"
"","56","passes data to testing component","SavedQueriesProvider","Fri May 29 00:48:21 UTC 2026","passed","Fri May 29 00:48:21 UTC 2026","","","",""
"","0","Input does not contain a type","Parsing the debounced input for type and keyword values","Fri May 29 00:46:59 UTC 2026","passed","Fri May 29 00:46:59 UTC 2026","","","",""
"Test cases for TestRequestWaitDuration_Failure","0","TestRequestWaitDuration_Failure","","Fri May 29 00:42:43 UTC 2026","passed","Fri May 29 00:42:43 UTC 2026","","Go Test","github.com/specterops/bloodhound/cmd/api/src/api/middleware/TestRequestWaitDuration_Failure","TestRequestWaitDuration_Failure"
"Test cases for TestUnmarshalString","0","TestUnmarshalString","","Fri May 29 00:42:52 UTC 2026","passed","Fri May 29 00:42:52 UTC 2026","","Go Test","github.com/specterops/bloodhound/cmd/api/src/database/types/null/TestUnmarshalString","TestUnmarshalString"
"Test cases for TestParseSkipQueryParameter_Invalid","0","TestParseSkipQueryParameter_Invalid","","Fri May 29 00:42:51 UTC 2026","passed","Fri May 29 00:42:51 UTC 2026","","Go Test","github.com/specterops/bloodhound/cmd/api/src/api/v2/TestParseSkipQueryParameter_Invalid","TestParseSkipQueryParameter_Invalid"
"Test cases for TestNewRewriter","0","TestNewRewriter","","Fri May 29 00:42:54 UTC 2026","passed","Fri May 29 00:42:54 UTC 2026","","Go Test","github.com/specterops/bloodhound/cmd/api/src/queries/TestNewRewriter","TestNewRewriter"
"Test cases for TestBoolEqual","0","TestBoolEqual","","Fri May 29 00:42:52 UTC 2026","passed","Fri May 29 00:42:52 UTC 2026","","Go Test","github.com/specterops/bloodhound/cmd/api/src/database/types/null/TestBoolEqual","TestBoolEqual"
"Test cases for TestResources_RequestAnalysis","144","TestResources_RequestAnalysis","","Fri May 29 00:42:51 UTC 2026","passed","Fri May 29 00:42:51 UTC 2026","","Go Test","github.com/specterops/bloodhound/cmd/api/src/api/v2/TestResources_RequestAnalysis","TestResources_RequestAnalysis"
"Test cases for TestIsErrorResponse","1","TestIsErrorResponse","","Fri May 29 00:42:27 UTC 2026","passed","Fri May 29 00:42:27 UTC 2026","","Go Test","github.com/specterops/bloodhound/cmd/api/src/api/TestIsErrorResponse","TestIsErrorResponse"
"Test cases for TestConvertComputerToNode","0","TestConvertComputerToNode","","Fri May 29 00:43:15 UTC 2026","passed","Fri May 29 00:43:15 UTC 2026","","Go Test","github.com/specterops/bloodhound/packages/go/ein/TestConvertComputerToNode","TestConvertComputerToNode"
"","7","removes key from state","useObjectState","Fri May 29 00:47:54 UTC 2026","passed","Fri May 29 00:47:54 UTC 2026","","","",""
"","115","buttons are disabled while loading","LoginForm","Fri May 29 00:48:00 UTC 2026","passed","Fri May 29 00:48:00 UTC 2026","","","",""
"","3","A warning is printed when node positions are not available to apply from","applyNodePositionsFromGraphlibGraph","Fri May 29 00:49:38 UTC 2026","passed","Fri May 29 00:49:38 UTC 2026","","","",""
"","231","allows a user to upload a single file and displays its name in the dialog","SchemaUploadDialog","Fri May 29 00:44:50 UTC 2026","passed","Fri May 29 00:44:50 UTC 2026","","","",""
"","0","escapes backslashes before quotes so they do not combine","escapeCypherString","Fri May 29 00:48:33 UTC 2026","passed","Fri May 29 00:48:33 UTC 2026","","","",""
"Test cases for TestWriteResponseWrapperWithPagination","1","TestWriteResponseWrapperWithPagination","","Fri May 29 00:42:27 UTC 2026","passed","Fri May 29 00:42:27 UTC 2026","","Go Test","github.com/specterops/bloodhound/cmd/api/src/api/TestWriteResponseWrapperWithPagination","TestWriteResponseWrapperWithPagination"
"","0","handles empty search string","filterAndSearchEnvironments","Fri May 29 00:43:44 UTC 2026","passed","Fri May 29 00:43:44 UTC 2026","","search filter","",""
"Test cases for TestCORSMiddleware","0","TestCORSMiddleware","","Fri May 29 00:42:43 UTC 2026","passed","Fri May 29 00:42:43 UTC 2026","","Go Test","github.com/specterops/bloodhound/cmd/api/src/api/middleware/TestCORSMiddleware","TestCORSMiddleware"
"","833","should render","ExploreSearch rendering per tab","Fri May 29 00:49:15 UTC 2026","passed","Fri May 29 00:49:16 UTC 2026","","","",""
"","296","shows a loading state","AssetGroupMenuItem","Fri May 29 00:45:23 UTC 2026","passed","Fri May 29 00:45:23 UTC 2026","","","",""
"Test cases for TestInt64Scan","0","TestInt64Scan","","Fri May 29 00:42:52 UTC 2026","passed","Fri May 29 00:42:52 UTC 2026","","Go Test","github.com/specterops/bloodhound/cmd/api/src/database/types/null/TestInt64Scan","TestInt64Scan"
"","0","should return true when value partially matches term","compareTerm","Fri May 29 00:47:37 UTC 2026","passed","Fri May 29 00:47:37 UTC 2026","","","",""
"","0","should appropriately handle edges that contain underscores","getEdgeDataFromKey","Fri May 29 00:49:50 UTC 2026","passed","Fri May 29 00:49:50 UTC 2026","","","",""
"","136","renders with a selected icon","Glyph Select Dialog","Fri May 29 00:48:15 UTC 2026","passed","Fri May 29 00:48:15 UTC 2026","","","",""
"Test cases for TestUnmarshalFloat","0","TestUnmarshalFloat","","Fri May 29 00:42:52 UTC 2026","passed","Fri May 29 00:42:52 UTC 2026","","Go Test","github.com/specterops/bloodhound/cmd/api/src/database/types/null/TestUnmarshalFloat","TestUnmarshalFloat"
"","1097","should call onSubmit with password when reset password button clicked","PasswordResetForm","Fri May 29 00:46:13 UTC 2026","passed","Fri May 29 00:46:14 UTC 2026","","","",""
"","146","buttons are disabled while loading","OneTimePasscodeForm","Fri May 29 00:47:50 UTC 2026","passed","Fri May 29 00:47:51 UTC 2026","","","",""
"Test cases for TestRequireAllEnvironmentAccessMiddleware","0","TestRequireAllEnvironmentAccessMiddleware","","Fri May 29 00:42:43 UTC 2026","passed","Fri May 29 00:42:43 UTC 2026","","Go Test","github.com/specterops/bloodhound/cmd/api/src/api/middleware/TestRequireAllEnvironmentAccessMiddleware","TestRequireAllEnvironmentAccessMiddleware"
"Test cases for TestResources_ListADDomainForeignGroups","1","TestResources_ListADDomainForeignGroups","","Fri May 29 00:42:51 UTC 2026","passed","Fri May 29 00:42:51 UTC 2026","","Go Test","github.com/specterops/bloodhound/cmd/api/src/api/v2/TestResources_ListADDomainForeignGroups","TestResources_ListADDomainForeignGroups"
"Test cases for TestGetScheme","0","TestGetScheme","","Fri May 29 00:42:43 UTC 2026","passed","Fri May 29 00:42:43 UTC 2026","","Go Test","github.com/specterops/bloodhound/cmd/api/src/api/middleware/TestGetScheme","TestGetScheme"
"","42","renders the title passed via title prop","ColumnHeaders","Fri May 29 00:46:25 UTC 2026","passed","Fri May 29 00:46:26 UTC 2026","","BaseColumnHeader","",""
"Test cases for TestResources_DeleteExtension","62","TestResources_DeleteExtension","","Fri May 29 00:42:51 UTC 2026","passed","Fri May 29 00:42:51 UTC 2026","","Go Test","github.com/specterops/bloodhound/cmd/api/src/api/v2/TestResources_DeleteExtension","TestResources_DeleteExtension"
"","0","A type and keyword were provided but there were no results available","Getting the text for the disabled item display for a search when there are no results","Fri May 29 00:46:59 UTC 2026","passed","Fri May 29 00:46:59 UTC 2026","","Empty data states","",""
"Test cases for TestUnique","0","TestUnique","","Fri May 29 00:43:31 UTC 2026","passed","Fri May 29 00:43:31 UTC 2026","","Go Test","github.com/specterops/bloodhound/packages/go/slicesext/TestUnique","TestUnique"
"Test cases for TestResources_GetBaseEntityInfo","182","TestResources_GetBaseEntityInfo","","Fri May 29 00:42:51 UTC 2026","passed","Fri May 29 00:42:51 UTC 2026","","Go Test","github.com/specterops/bloodhound/cmd/api/src/api/v2/TestResources_GetBaseEntityInfo","TestResources_GetBaseEntityInfo"
"","477","should not have less characters than the minimum requirement","UpdateUserForm","Fri May 29 00:43:29 UTC 2026","passed","Fri May 29 00:43:29 UTC 2026","","","",""
"Test cases for TestResources_ListADDomainForeignGPOControllers","1","TestResources_ListADDomainForeignGPOControllers","","Fri May 29 00:42:51 UTC 2026","passed","Fri May 29 00:42:51 UTC 2026","","Go Test","github.com/specterops/bloodhound/cmd/api/src/api/v2/TestResources_ListADDomainForeignGPOControllers","TestResources_ListADDomainForeignGPOControllers"
"Test cases for TestManagementResource_DeleteUser_GetUserError","0","TestManagementResource_DeleteUser_GetUserError","","Fri May 29 00:43:14 UTC 2026","passed","Fri May 29 00:43:14 UTC 2026","","Go Test","github.com/specterops/bloodhound/cmd/api/src/api/v2/auth/TestManagementResource_DeleteUser_GetUserError","TestManagementResource_DeleteUser_GetUserError"
"","555","Expand button causes table to expand to full height","ExploreTable","Fri May 29 00:43:20 UTC 2026","passed","Fri May 29 00:43:21 UTC 2026","","","",""
"Test cases for TestParseLimitQueryParameter","0","TestParseLimitQueryParameter","","Fri May 29 00:42:51 UTC 2026","passed","Fri May 29 00:42:51 UTC 2026","","Go Test","github.com/specterops/bloodhound/cmd/api/src/api/v2/TestParseLimitQueryParameter","TestParseLimitQueryParameter"
"","124","renders the Zone/Labels Tab content when first tab is chosen","Selected Details Tab Content","Fri May 29 00:47:49 UTC 2026","passed","Fri May 29 00:47:50 UTC 2026","","","",""
"","1","returns a comma separated number when provided with a number > 999","numberFormatting","Fri May 29 00:46:30 UTC 2026","passed","Fri May 29 00:46:30 UTC 2026","","","",""
"","113","renders a list of pre-built searches","PrebuiltSearchList","Fri May 29 00:46:31 UTC 2026","passed","Fri May 29 00:46:31 UTC 2026","","","",""
"","703","should open save dialog on keyboard press alt+S","CypherSearch","Fri May 29 00:44:16 UTC 2026","passed","Fri May 29 00:44:17 UTC 2026","","","",""
"Test cases for TestDisenrollMFA_Admin_SuccessNoPasswordSSO","1290","TestDisenrollMFA_Admin_SuccessNoPasswordSSO","","Fri May 29 00:43:31 UTC 2026","passed","Fri May 29 00:43:32 UTC 2026","","Go Test","github.com/specterops/bloodhound/cmd/api/src/api/v2/auth/TestDisenrollMFA_Admin_SuccessNoPasswordSSO","TestDisenrollMFA_Admin_SuccessNoPasswordSSO"
"","251","closes","ListItemActionMenu","Fri May 29 00:47:06 UTC 2026","passed","Fri May 29 00:47:06 UTC 2026","","","",""
"","183","should fire Cancel once with false","ConfirmationDialog","Fri May 29 00:48:28 UTC 2026","passed","Fri May 29 00:48:28 UTC 2026","","","",""
"Test cases for TestResources_GetGroupEntityInfo","0","TestResources_GetGroupEntityInfo","","Fri May 29 00:42:51 UTC 2026","passed","Fri May 29 00:42:51 UTC 2026","","Go Test","github.com/specterops/bloodhound/cmd/api/src/api/v2/TestResources_GetGroupEntityInfo","TestResources_GetGroupEntityInfo"
"Test cases for TestManagementResource_UpdateUser_Success","1468","TestManagementResource_UpdateUser_Success","","Fri May 29 00:43:16 UTC 2026","passed","Fri May 29 00:43:18 UTC 2026","","Go Test","github.com/specterops/bloodhound/cmd/api/src/api/v2/auth/TestManagementResource_UpdateUser_Success","TestManagementResource_UpdateUser_Success"
"","2443","should clear out the SSO Provider id from submission data when the authentication method is changed","CreateUserDialog","Fri May 29 00:44:16 UTC 2026","passed","Fri May 29 00:44:19 UTC 2026","","","",""
"Test cases for TestArgon2_ParseDigest","0","TestArgon2_ParseDigest","","Fri May 29 00:43:15 UTC 2026","passed","Fri May 29 00:43:15 UTC 2026","","Go Test","github.com/specterops/bloodhound/packages/go/crypto/TestArgon2_ParseDigest","TestArgon2_ParseDigest"
"","92","copys children value to clipboard after clicking the copy btn","CodeController","Fri May 29 00:48:23 UTC 2026","passed","Fri May 29 00:48:24 UTC 2026","","","",""
"","5573","collapse all button collapses all sections","Pathfinding","Fri May 29 00:44:32 UTC 2026","passed","Fri May 29 00:44:38 UTC 2026","","","",""
"","1832","renders correct search elements after keypresses","GraphView","Fri May 29 00:49:13 UTC 2026","passed","Fri May 29 00:49:15 UTC 2026","","","",""
"","0","fails for password without special characters","testPassword","Fri May 29 00:48:38 UTC 2026","passed","Fri May 29 00:48:38 UTC 2026","","","",""
"","0","reports an API error when the name for the rule is not unique","handleError","Fri May 29 00:44:50 UTC 2026","passed","Fri May 29 00:44:50 UTC 2026","","","",""
"","66","populates the node search field when the 'primarySearch' query param is set","useNodeSearch","Fri May 29 00:47:44 UTC 2026","passed","Fri May 29 00:47:44 UTC 2026","","","",""
"Test cases for TestTrackerBuilder_Build_SortsKeysAndIDs","0","TestTrackerBuilder_Build_SortsKeysAndIDs","","Fri May 29 00:43:14 UTC 2026","passed","Fri May 29 00:43:14 UTC 2026","","Go Test","github.com/specterops/bloodhound/packages/go/analysis/post/TestTrackerBuilder_Build_SortsKeysAndIDs","TestTrackerBuilder_Build_SortsKeysAndIDs"
"Test cases for TestResources_ListAuditLogs_DBError","0","TestResources_ListAuditLogs_DBError","","Fri May 29 00:42:51 UTC 2026","passed","Fri May 29 00:42:51 UTC 2026","","Go Test","github.com/specterops/bloodhound/cmd/api/src/api/v2/TestResources_ListAuditLogs_DBError","TestResources_ListAuditLogs_DBError"
"","16","renders custom icon correctly","NodeIcon","Fri May 29 00:47:59 UTC 2026","passed","Fri May 29 00:47:59 UTC 2026","","","",""
"","15","allows you to cancel filter updates before applying them to the url and reset to the default filter state","usePathfindingFilters","Fri May 29 00:48:03 UTC 2026","passed","Fri May 29 00:48:03 UTC 2026","","","",""
"","10","does not return when label limit is not reached","useTagLimits","Fri May 29 00:44:06 UTC 2026","passed","Fri May 29 00:44:06 UTC 2026","","","",""
"","133","renders delete buttons for each extension","ActiveExtensionsCard","Fri May 29 00:43:48 UTC 2026","passed","Fri May 29 00:43:48 UTC 2026","","","",""
"","1201","allows switching between the Zones and Labels tabs","Zone Management","Fri May 29 00:47:27 UTC 2026","passed","Fri May 29 00:47:29 UTC 2026","","","",""
"","10","renders Owned text by default when no Label Selector is available and on a Label page","TagSelector","Fri May 29 00:46:51 UTC 2026","passed","Fri May 29 00:46:51 UTC 2026","","","",""
"","65","should hide Environmental Targeted Access Control panel when showEnvironmentAccessControls prop is false","UpdateUserForm","Fri May 29 00:43:33 UTC 2026","passed","Fri May 29 00:43:33 UTC 2026","","","",""
"","247","calls onLayoutChange with the same layout when the currently selected option is clicked, enabling de-selection","GraphControls","Fri May 29 00:43:40 UTC 2026","passed","Fri May 29 00:43:40 UTC 2026","","Selecting a layout","",""
"","272","The edge properties are fetched through a cypher search which includes lastseen","EdgeObjectInformation","Fri May 29 00:46:45 UTC 2026","passed","Fri May 29 00:46:45 UTC 2026","","","",""
"Test cases for TestGenerateRandomBase64String","1","TestGenerateRandomBase64String","","Fri May 29 00:42:51 UTC 2026","passed","Fri May 29 00:42:51 UTC 2026","","Go Test","github.com/specterops/bloodhound/cmd/api/src/config/TestGenerateRandomBase64String","TestGenerateRandomBase64String"
"Test cases for TestNodeNamePrefix_String","2","TestNodeNamePrefix_String","","Fri May 29 00:43:14 UTC 2026","passed","Fri May 29 00:43:14 UTC 2026","","Go Test","github.com/specterops/bloodhound/packages/go/analysis/ad/wellknown/TestNodeNamePrefix_String","TestNodeNamePrefix_String"
"Test cases for TestResources_UpdateSavedQuery_OwnPublicQuery_Success","0","TestResources_UpdateSavedQuery_OwnPublicQuery_Success","","Fri May 29 00:42:51 UTC 2026","passed","Fri May 29 00:42:51 UTC 2026","","Go Test","github.com/specterops/bloodhound/cmd/api/src/api/v2/TestResources_UpdateSavedQuery_OwnPublicQuery_Success","TestResources_UpdateSavedQuery_OwnPublicQuery_Success"
"","1894","does not show the ""Disable MFA"" context menu option for users without MFA enabled","Users","Fri May 29 00:45:55 UTC 2026","passed","Fri May 29 00:45:57 UTC 2026","","","",""
"","752","clears input when dialog is closed and reopened","ActiveExtensionsCard","Fri May 29 00:43:51 UTC 2026","passed","Fri May 29 00:43:52 UTC 2026","","","",""
"Test cases for TestDetectBOMEncoding","0","TestDetectBOMEncoding","","Fri May 29 00:43:15 UTC 2026","passed","Fri May 29 00:43:15 UTC 2026","","Go Test","github.com/specterops/bloodhound/packages/go/bomenc/TestDetectBOMEncoding","TestDetectBOMEncoding"
"","0","shows some collection methods for the given job","toCollected","Fri May 29 00:48:14 UTC 2026","passed","Fri May 29 00:48:14 UTC 2026","","","",""
"Test cases for TestIntEqual","0","TestIntEqual","","Fri May 29 00:42:52 UTC 2026","passed","Fri May 29 00:42:52 UTC 2026","","Go Test","github.com/specterops/bloodhound/cmd/api/src/database/types/null/TestIntEqual","TestIntEqual"
"","168","Verify Vault Reader count is the count returned by All Readers","EntityInfoDataTableGraphed","Fri May 29 00:45:38 UTC 2026","passed","Fri May 29 00:45:38 UTC 2026","","Node count for Vault Readers nested table","",""
"Test cases for TestEncodingInterface","3","TestEncodingInterface","","Fri May 29 00:43:14 UTC 2026","passed","Fri May 29 00:43:15 UTC 2026","","Go Test","github.com/specterops/bloodhound/packages/go/bomenc/TestEncodingInterface","TestEncodingInterface"
"Test cases for TestBuildGDBNodeFilter","1","TestBuildGDBNodeFilter","","Fri May 29 00:42:53 UTC 2026","passed","Fri May 29 00:42:53 UTC 2026","","Go Test","github.com/specterops/bloodhound/cmd/api/src/model/TestBuildGDBNodeFilter","TestBuildGDBNodeFilter"
"","568","should call onSubmit with initiation_url of selected SSO provider","LoginViaSSOForm","Fri May 29 00:47:04 UTC 2026","passed","Fri May 29 00:47:04 UTC 2026","","","",""
"","70","populates the source and destination node fields when query params are passed","usePathfindingSearch","Fri May 29 00:46:11 UTC 2026","passed","Fri May 29 00:46:12 UTC 2026","","","",""
"","48","stores the state of a search term without modifying the query params","useCypherSearch","Fri May 29 00:48:12 UTC 2026","passed","Fri May 29 00:48:13 UTC 2026","","","",""
"","179","does not show ""API Expiration Date"" column header when expiration is disabled","UserTokenManagementDialog - API Expiration Date column","Fri May 29 00:45:05 UTC 2026","passed","Fri May 29 00:45:06 UTC 2026","","","",""
"","0","returns paramValue as EnvironmentAggregation if paramValue is azure","useEnvironmentParams","Fri May 29 00:48:39 UTC 2026","passed","Fri May 29 00:48:39 UTC 2026","","parseEnvironmentAggregation","",""
"","62","returns a list of the users current permissions","usePermissions","Fri May 29 00:45:34 UTC 2026","passed","Fri May 29 00:45:34 UTC 2026","","","",""
"","569","filters by the selected status","FileIngestFilterDialog","Fri May 29 00:44:55 UTC 2026","passed","Fri May 29 00:44:56 UTC 2026","","Status Select","",""
"Test cases for TestBoolFrom","1","TestBoolFrom","","Fri May 29 00:42:52 UTC 2026","passed","Fri May 29 00:42:52 UTC 2026","","Go Test","github.com/specterops/bloodhound/cmd/api/src/database/types/null/TestBoolFrom","TestBoolFrom"
"Test cases for TestQueries_GetEntityResults","0","TestQueries_GetEntityResults","","Fri May 29 00:42:54 UTC 2026","passed","Fri May 29 00:42:54 UTC 2026","","Go Test","github.com/specterops/bloodhound/cmd/api/src/queries/TestQueries_GetEntityResults","TestQueries_GetEntityResults"
"","331","sets a primarySearch=id and searchType=node when secondarySearch is falsey","ContextMenu","Fri May 29 00:49:27 UTC 2026","passed","Fri May 29 00:49:27 UTC 2026","","","",""
"","23","renders details for a selected rule and is of type ""Object""","DynamicDetails","Fri May 29 00:45:45 UTC 2026","passed","Fri May 29 00:45:45 UTC 2026","","","",""
"","10","can composes search params from the search prop and use them in the redirect","AppNavigate","Fri May 29 00:47:23 UTC 2026","passed","Fri May 29 00:47:23 UTC 2026","","","",""
"","12","when password is expired and not on password reset page, redirects to password reset page","AuthenticatedRoute","Fri May 29 00:49:36 UTC 2026","passed","Fri May 29 00:49:36 UTC 2026","","","",""
"Test cases for TestGC_Name","0","TestGC_Name","","Fri May 29 00:42:52 UTC 2026","passed","Fri May 29 00:42:52 UTC 2026","","Go Test","github.com/specterops/bloodhound/cmd/api/src/daemons/gc/TestGC_Name","TestGC_Name"
"","0","should compute the midpoint of a line segment","bezier","Fri May 29 00:49:31 UTC 2026","passed","Fri May 29 00:49:31 UTC 2026","","","",""
"","3","The data is loading","Getting the text for the disabled item display for a search when there are no results","Fri May 29 00:46:59 UTC 2026","passed","Fri May 29 00:46:59 UTC 2026","","Loading states","",""
"","83","renders citrix config controls","BloodHoundConfiguration","Fri May 29 00:49:55 UTC 2026","passed","Fri May 29 00:49:55 UTC 2026","","","",""
"","991","shows a table with partially completed jobs","FileIngestTable","Fri May 29 00:44:23 UTC 2026","passed","Fri May 29 00:44:24 UTC 2026","","","",""
"Test cases for TestUrlValidator","0","TestUrlValidator","","Fri May 29 00:43:13 UTC 2026","passed","Fri May 29 00:43:13 UTC 2026","","Go Test","github.com/specterops/bloodhound/cmd/api/src/utils/validation/TestUrlValidator","TestUrlValidator"
