"DESCRIPTION","DURATION IN MS","NAME","PARENT SUITE","START TIME","STATUS","STOP TIME","SUB SUITE","SUITE","TEST CLASS","TEST METHOD"
"","326","renders an error message without throwing a TypeError","EntityInfoCollapsibleSection","Tue Jun 09 19:26:16 UTC 2026","passed","Tue Jun 09 19:26:16 UTC 2026","","","",""
"","166","displays appropriate text when there are no matches for search term","SearchCurrentNodes","Tue Jun 09 19:24:44 UTC 2026","passed","Tue Jun 09 19:24:44 UTC 2026","","","",""
"Test cases for TestUnmarshalBool","0","TestUnmarshalBool","","Tue Jun 09 18:58:04 UTC 2026","passed","Tue Jun 09 18:58:04 UTC 2026","","Go Test","github.com/specterops/bloodhound/cmd/api/src/database/types/null/TestUnmarshalBool","TestUnmarshalBool"
"","8","displays lastlogontimestamp cell as UNKNOWN when the value is 0","ExploreTableDataCell","Tue Jun 09 19:26:04 UTC 2026","passed","Tue Jun 09 19:26:04 UTC 2026","","","",""
"Test cases for TestResources_GetAssetGroupMemberCount_Success","0","TestResources_GetAssetGroupMemberCount_Success","","Tue Jun 09 18:58:01 UTC 2026","passed","Tue Jun 09 18:58:01 UTC 2026","","Go Test","github.com/specterops/bloodhound/cmd/api/src/api/v2/TestResources_GetAssetGroupMemberCount_Success","TestResources_GetAssetGroupMemberCount_Success"
"","25","does not render count for a selected zone if prop is not set","DynamicDetails","Tue Jun 09 19:23:49 UTC 2026","passed","Tue Jun 09 19:23:49 UTC 2026","","","",""
"","167","renders enabled Zone tab and disabled Rule and Object tabs","Selected Details Tabs","Tue Jun 09 19:23:57 UTC 2026","passed","Tue Jun 09 19:23:57 UTC 2026","","Selected Details Tabs - Params present","",""
"Test cases for Test_parseAuthorizationHeader","6","Test_parseAuthorizationHeader","","Tue Jun 09 18:57:54 UTC 2026","passed","Tue Jun 09 18:57:54 UTC 2026","","Go Test","github.com/specterops/bloodhound/cmd/api/src/api/middleware/Test_parseAuthorizationHeader","Test_parseAuthorizationHeader"
"","16","allows you to update the list of selected filters, only updating the url after calling the apply function","usePathfindingFilters","Tue Jun 09 19:26:09 UTC 2026","passed","Tue Jun 09 19:26:09 UTC 2026","","","",""
"","399","toggles a source kind on with all nested graph data options","GraphDataCheckboxes","Tue Jun 09 19:22:43 UTC 2026","passed","Tue Jun 09 19:22:44 UTC 2026","","","",""
"","525","displays a warning dialog when mounted","EarlyAccessFeatures","Tue Jun 09 19:27:42 UTC 2026","passed","Tue Jun 09 19:27:42 UTC 2026","","","",""
"Test cases for TestWriteBinaryResponse","0","TestWriteBinaryResponse","","Tue Jun 09 18:57:50 UTC 2026","passed","Tue Jun 09 18:57:50 UTC 2026","","Go Test","github.com/specterops/bloodhound/cmd/api/src/api/TestWriteBinaryResponse","TestWriteBinaryResponse"
"Test cases for TestSortJSONArrayElements","1","TestSortJSONArrayElements","","Tue Jun 09 18:58:12 UTC 2026","passed","Tue Jun 09 18:58:12 UTC 2026","","Go Test","github.com/specterops/bloodhound/cmd/api/src/utils/test/TestSortJSONArrayElements","TestSortJSONArrayElements"
"","1","handles null or empty madeBy","createHistoryParams","Tue Jun 09 19:25:49 UTC 2026","passed","Tue Jun 09 19:25:49 UTC 2026","","","",""
"","5703","expand all button expands all sections after collapsing","Pathfinding","Tue Jun 09 19:22:29 UTC 2026","passed","Tue Jun 09 19:22:35 UTC 2026","","","",""
"","268","shows a loading state","FileIngestTable","Tue Jun 09 19:22:17 UTC 2026","passed","Tue Jun 09 19:22:17 UTC 2026","","","",""
"","106","renders error message on error","ObjectCountPanel","Tue Jun 09 19:26:09 UTC 2026","passed","Tue Jun 09 19:26:10 UTC 2026","","","",""
"Test cases for TestStringSetValid","0","TestStringSetValid","","Tue Jun 09 18:58:04 UTC 2026","passed","Tue Jun 09 18:58:04 UTC 2026","","Go Test","github.com/specterops/bloodhound/cmd/api/src/database/types/null/TestStringSetValid","TestStringSetValid"
"","13","returns all collected environment ids associated to a given aggregation","getEnvironmentAggregationIds","Tue Jun 09 19:21:37 UTC 2026","passed","Tue Jun 09 19:21:37 UTC 2026","","","",""
"Test cases for TestResources_ListADDomainContainedOUs","2","TestResources_ListADDomainContainedOUs","","Tue Jun 09 18:58:01 UTC 2026","passed","Tue Jun 09 18:58:01 UTC 2026","","Go Test","github.com/specterops/bloodhound/cmd/api/src/api/v2/TestResources_ListADDomainContainedOUs","TestResources_ListADDomainContainedOUs"
"Test cases for TestMinMaxValidator","0","TestMinMaxValidator","","Tue Jun 09 18:58:12 UTC 2026","passed","Tue Jun 09 18:58:12 UTC 2026","","Go Test","github.com/specterops/bloodhound/cmd/api/src/utils/validation/TestMinMaxValidator","TestMinMaxValidator"
"Test cases for TestGetAzureDataQualityStats_Success","0","TestGetAzureDataQualityStats_Success","","Tue Jun 09 18:58:01 UTC 2026","passed","Tue Jun 09 18:58:01 UTC 2026","","Go Test","github.com/specterops/bloodhound/cmd/api/src/api/v2/TestGetAzureDataQualityStats_Success","TestGetAzureDataQualityStats_Success"
"Test cases for TestResources_ListAuditLogs","0","TestResources_ListAuditLogs","","Tue Jun 09 18:58:01 UTC 2026","passed","Tue Jun 09 18:58:01 UTC 2026","","Go Test","github.com/specterops/bloodhound/cmd/api/src/api/v2/TestResources_ListAuditLogs","TestResources_ListAuditLogs"
"","12","should render when search string at the end of the text","HighlightedText","Tue Jun 09 19:26:01 UTC 2026","passed","Tue Jun 09 19:26:01 UTC 2026","","","",""
"","849","should call onSubmit with email address and password when login button clicked","LoginForm","Tue Jun 09 19:26:05 UTC 2026","passed","Tue Jun 09 19:26:06 UTC 2026","","","",""
"","133","highlights the table option instead of selectedLayout when table is selected on a cypher query","GraphControls","Tue Jun 09 19:21:32 UTC 2026","passed","Tue Jun 09 19:21:33 UTC 2026","","Table view selection state","",""
"","4","returns the full inbound and outbound path when selecting a middle node","SigmaChart Utils","Tue Jun 09 19:27:45 UTC 2026","passed","Tue Jun 09 19:27:45 UTC 2026","when a node is selected","getFullPathHighlightedEntities","",""
"Test cases for TestFloatPointer","0","TestFloatPointer","","Tue Jun 09 18:58:04 UTC 2026","passed","Tue Jun 09 18:58:04 UTC 2026","","Go Test","github.com/specterops/bloodhound/cmd/api/src/database/types/null/TestFloatPointer","TestFloatPointer"
"","442","displays a validation error","ManagedDatePicker - date validation","Tue Jun 09 19:24:24 UTC 2026","passed","Tue Jun 09 19:24:25 UTC 2026","","","",""
"Test cases for TestManagementResource_CreateOIDCProvider","1","TestManagementResource_CreateOIDCProvider","","Tue Jun 09 18:58:36 UTC 2026","passed","Tue Jun 09 18:58:36 UTC 2026","","Go Test","github.com/specterops/bloodhound/cmd/api/src/api/v2/auth/TestManagementResource_CreateOIDCProvider","TestManagementResource_CreateOIDCProvider"
"","0","fails for password without uppercase letters","testPassword","Tue Jun 09 19:26:46 UTC 2026","passed","Tue Jun 09 19:26:46 UTC 2026","","","",""
"","64","returns the full environment of the environmentId found in the search params","useAvailableEnvironments","Tue Jun 09 19:24:07 UTC 2026","passed","Tue Jun 09 19:24:07 UTC 2026","","useSelectedEnvironment","",""
"Test cases for TestResources_ListADComputerSessions","1","TestResources_ListADComputerSessions","","Tue Jun 09 18:58:01 UTC 2026","passed","Tue Jun 09 18:58:01 UTC 2026","","Go Test","github.com/specterops/bloodhound/cmd/api/src/api/v2/TestResources_ListADComputerSessions","TestResources_ListADComputerSessions"
"Test cases for TestResources_ListADGroupMembers","0","TestResources_ListADGroupMembers","","Tue Jun 09 18:58:01 UTC 2026","passed","Tue Jun 09 18:58:01 UTC 2026","","Go Test","github.com/specterops/bloodhound/cmd/api/src/api/v2/TestResources_ListADGroupMembers","TestResources_ListADGroupMembers"
"Test cases for TestAssetGroupMembers_Filter_NotEquals","0","TestAssetGroupMembers_Filter_NotEquals","","Tue Jun 09 18:57:49 UTC 2026","passed","Tue Jun 09 18:57:49 UTC 2026","","Go Test","github.com/specterops/bloodhound/cmd/api/src/api/TestAssetGroupMembers_Filter_NotEquals","TestAssetGroupMembers_Filter_NotEquals"
"Test cases for TestResources_GetEdgeRelayTargets","91","TestResources_GetEdgeRelayTargets","","Tue Jun 09 18:58:01 UTC 2026","passed","Tue Jun 09 18:58:01 UTC 2026","","Go Test","github.com/specterops/bloodhound/cmd/api/src/api/v2/TestResources_GetEdgeRelayTargets","TestResources_GetEdgeRelayTargets"
"","0","handles empty search string","filterAndSearchEnvironments","Tue Jun 09 19:21:37 UTC 2026","passed","Tue Jun 09 19:21:37 UTC 2026","","search filter","",""
"Test cases for TestResources_CreateSavedQuery_DuplicateName","0","TestResources_CreateSavedQuery_DuplicateName","","Tue Jun 09 18:58:01 UTC 2026","passed","Tue Jun 09 18:58:01 UTC 2026","","Go Test","github.com/specterops/bloodhound/cmd/api/src/api/v2/TestResources_CreateSavedQuery_DuplicateName","TestResources_CreateSavedQuery_DuplicateName"
"Test cases for TestResources_ListADEntityAdminRights","1","TestResources_ListADEntityAdminRights","","Tue Jun 09 18:58:01 UTC 2026","passed","Tue Jun 09 18:58:01 UTC 2026","","Go Test","github.com/specterops/bloodhound/cmd/api/src/api/v2/TestResources_ListADEntityAdminRights","TestResources_ListADEntityAdminRights"
"","163","should show a copy button if the cells text if the cell is not a boolean","ExploreTableDataCell","Tue Jun 09 19:26:03 UTC 2026","passed","Tue Jun 09 19:26:04 UTC 2026","","","",""
"Test cases for TestManagementResource_DeleteSAMLProvider","0","TestManagementResource_DeleteSAMLProvider","","Tue Jun 09 18:58:07 UTC 2026","passed","Tue Jun 09 18:58:07 UTC 2026","","Go Test","github.com/specterops/bloodhound/cmd/api/src/api/v2/auth/TestManagementResource_DeleteSAMLProvider","TestManagementResource_DeleteSAMLProvider"
"","7","resets to descending sort when sorting a different column","useSortParams","Tue Jun 09 19:25:06 UTC 2026","passed","Tue Jun 09 19:25:06 UTC 2026","","","",""
"Test cases for TestAuthExtensions","5","TestAuthExtensions","","Tue Jun 09 18:57:50 UTC 2026","passed","Tue Jun 09 18:57:50 UTC 2026","","Go Test","github.com/specterops/bloodhound/cmd/api/src/api/TestAuthExtensions","TestAuthExtensions"
"Test cases for TestDefineSID","0","TestDefineSID","","Tue Jun 09 18:58:16 UTC 2026","passed","Tue Jun 09 18:58:16 UTC 2026","","Go Test","github.com/specterops/bloodhound/packages/go/analysis/ad/wellknown/TestDefineSID","TestDefineSID"
"Test cases for TestQueries_BuildEntityQueryParams_MissingObjectID","0","TestQueries_BuildEntityQueryParams_MissingObjectID","","Tue Jun 09 18:58:06 UTC 2026","passed","Tue Jun 09 18:58:06 UTC 2026","","Go Test","github.com/specterops/bloodhound/cmd/api/src/queries/TestQueries_BuildEntityQueryParams_MissingObjectID","TestQueries_BuildEntityQueryParams_MissingObjectID"
"Test cases for TestPasswordValidator","0","TestPasswordValidator","","Tue Jun 09 18:58:12 UTC 2026","passed","Tue Jun 09 18:58:12 UTC 2026","","Go Test","github.com/specterops/bloodhound/cmd/api/src/utils/validation/TestPasswordValidator","TestPasswordValidator"
"Test cases for TestSavedQueries_GetValidFilterPredicatesAsStrings","0","TestSavedQueries_GetValidFilterPredicatesAsStrings","","Tue Jun 09 18:58:04 UTC 2026","passed","Tue Jun 09 18:58:04 UTC 2026","","Go Test","github.com/specterops/bloodhound/cmd/api/src/model/TestSavedQueries_GetValidFilterPredicatesAsStrings","TestSavedQueries_GetValidFilterPredicatesAsStrings"
"","108","should render all of the options as checkboxes","Checkbox group","Tue Jun 09 19:26:31 UTC 2026","passed","Tue Jun 09 19:26:31 UTC 2026","","","",""
"","16","removes key from state","useObjectState","Tue Jun 09 19:26:00 UTC 2026","passed","Tue Jun 09 19:26:00 UTC 2026","","","",""
"","200","shows ""API Expiration Date"" column header when expiration is enabled","UserTokenManagementDialog - API Expiration Date column","Tue Jun 09 19:23:10 UTC 2026","passed","Tue Jun 09 19:23:10 UTC 2026","","","",""
"","84","hides loading state when data is available","GraphDataCheckboxes","Tue Jun 09 19:22:39 UTC 2026","passed","Tue Jun 09 19:22:40 UTC 2026","","","",""
"Test cases for TestResources_ListADUserSessions","2","TestResources_ListADUserSessions","","Tue Jun 09 18:58:01 UTC 2026","passed","Tue Jun 09 18:58:01 UTC 2026","","Go Test","github.com/specterops/bloodhound/cmd/api/src/api/v2/TestResources_ListADUserSessions","TestResources_ListADUserSessions"
"Test cases for TestFloatSetValid","0","TestFloatSetValid","","Tue Jun 09 18:58:04 UTC 2026","passed","Tue Jun 09 18:58:04 UTC 2026","","Go Test","github.com/specterops/bloodhound/cmd/api/src/database/types/null/TestFloatSetValid","TestFloatSetValid"
"Test cases for Test_SetApplicationConfiguration","3","Test_SetApplicationConfiguration","","Tue Jun 09 18:58:01 UTC 2026","passed","Tue Jun 09 18:58:01 UTC 2026","","Go Test","github.com/specterops/bloodhound/cmd/api/src/api/v2/Test_SetApplicationConfiguration","Test_SetApplicationConfiguration"
"","4","wraps a plain value in single quotes","escapeCypherString","Tue Jun 09 19:26:40 UTC 2026","passed","Tue Jun 09 19:26:41 UTC 2026","","","",""
"","73","renders an input box","SearchBar","Tue Jun 09 19:26:36 UTC 2026","passed","Tue Jun 09 19:26:36 UTC 2026","","","",""
"","56","has no checked boxes by default","GraphDataCheckboxes","Tue Jun 09 19:22:40 UTC 2026","passed","Tue Jun 09 19:22:40 UTC 2026","","","",""
"","182","fires onSelect prop when a result is clicked","SearchCurrentNodes","Tue Jun 09 19:24:45 UTC 2026","passed","Tue Jun 09 19:24:45 UTC 2026","","","",""
"","465","renders a list of asset group members","GroupManagement","Tue Jun 09 19:27:44 UTC 2026","passed","Tue Jun 09 19:27:44 UTC 2026","","","",""
"Test cases for Test_NewRequestSignature","3","Test_NewRequestSignature","","Tue Jun 09 18:57:49 UTC 2026","passed","Tue Jun 09 18:57:49 UTC 2026","","Go Test","github.com/specterops/bloodhound/cmd/api/src/api/Test_NewRequestSignature","Test_NewRequestSignature"
"","0","abbreviates thousands, millions, billions, trillions as expected","numberFormatting","Tue Jun 09 19:24:31 UTC 2026","passed","Tue Jun 09 19:24:31 UTC 2026","","","",""
"","77","updates value when an invalid date typed","ManagedDatePicker - value","Tue Jun 09 19:24:26 UTC 2026","passed","Tue Jun 09 19:24:26 UTC 2026","","","",""
"","102","renders the glyph form input when the editing a zone that is not the highest privileged","Tag Form","Tue Jun 09 19:21:12 UTC 2026","passed","Tue Jun 09 19:21:12 UTC 2026","","","",""
"Test cases for TestMarshalFloat","0","TestMarshalFloat","","Tue Jun 09 18:58:04 UTC 2026","passed","Tue Jun 09 18:58:04 UTC 2026","","Go Test","github.com/specterops/bloodhound/cmd/api/src/database/types/null/TestMarshalFloat","TestMarshalFloat"
"","638","opens nested sections and updates URL params correctly","EntityInfoDataTable","Tue Jun 09 19:23:02 UTC 2026","passed","Tue Jun 09 19:23:03 UTC 2026","","Node count for nested table that counts all sections","",""
"Test cases for TestResources_ListEdgeTypes","79","TestResources_ListEdgeTypes","","Tue Jun 09 18:58:01 UTC 2026","passed","Tue Jun 09 18:58:01 UTC 2026","","Go Test","github.com/specterops/bloodhound/cmd/api/src/api/v2/TestResources_ListEdgeTypes","TestResources_ListEdgeTypes"
"","101","disables delete button for built-in extensions","ActiveExtensionsCard","Tue Jun 09 19:21:44 UTC 2026","passed","Tue Jun 09 19:21:44 UTC 2026","","","",""
"","335","shows a loading state","AssetGroupMenuItem","Tue Jun 09 19:23:26 UTC 2026","passed","Tue Jun 09 19:23:26 UTC 2026","","","",""
"","831","opens the entity information panel for the auto-selected node","GraphView","Tue Jun 09 19:27:18 UTC 2026","passed","Tue Jun 09 19:27:19 UTC 2026","","","",""
"Test cases for TestTagScanner_NextTopLevelTag","0","TestTagScanner_NextTopLevelTag","","Tue Jun 09 18:58:09 UTC 2026","passed","Tue Jun 09 18:58:09 UTC 2026","","Go Test","github.com/specterops/bloodhound/cmd/api/src/services/upload/TestTagScanner_NextTopLevelTag","TestTagScanner_NextTopLevelTag"
"","288","disables GraphButton when isCurrentSearchOpen is true","GraphControls","Tue Jun 09 19:21:33 UTC 2026","passed","Tue Jun 09 19:21:33 UTC 2026","","Searching current results","",""
"","60","is disabled if no filters are active","AssetGroupEdit","Tue Jun 09 19:23:33 UTC 2026","passed","Tue Jun 09 19:23:33 UTC 2026","","Clear Filters button","",""
"","782","should not allow the input to exceed the allowed length","UpdateUserForm","Tue Jun 09 19:21:19 UTC 2026","passed","Tue Jun 09 19:21:20 UTC 2026","","","",""
"","1","prevents MouseCoords events","preventAllDefaults","Tue Jun 09 19:28:04 UTC 2026","passed","Tue Jun 09 19:28:04 UTC 2026","","","",""
"Test cases for TestManagementResource_ListAuthTokens_DBError","0","TestManagementResource_ListAuthTokens_DBError","","Tue Jun 09 18:58:27 UTC 2026","passed","Tue Jun 09 18:58:27 UTC 2026","","Go Test","github.com/specterops/bloodhound/cmd/api/src/api/v2/auth/TestManagementResource_ListAuthTokens_DBError","TestManagementResource_ListAuthTokens_DBError"
"Test cases for TestServeHTTP_Success","0","TestServeHTTP_Success","","Tue Jun 09 18:57:54 UTC 2026","passed","Tue Jun 09 18:57:54 UTC 2026","","Go Test","github.com/specterops/bloodhound/cmd/api/src/api/middleware/TestServeHTTP_Success","TestServeHTTP_Success"
"Test cases for TestResources_DeleteSavedQueryPermissions","0","TestResources_DeleteSavedQueryPermissions","","Tue Jun 09 18:58:01 UTC 2026","passed","Tue Jun 09 18:58:01 UTC 2026","","Go Test","github.com/specterops/bloodhound/cmd/api/src/api/v2/TestResources_DeleteSavedQueryPermissions","TestResources_DeleteSavedQueryPermissions"
"","518","calls openSAMLProviderDialog when SAML Provider menu item is clicked","CreateMenu","Tue Jun 09 19:23:32 UTC 2026","passed","Tue Jun 09 19:23:32 UTC 2026","","oidc_support feature flag enabled","",""
"","252","clears value if input is empty","ManagedDatePicker - input","Tue Jun 09 19:24:26 UTC 2026","passed","Tue Jun 09 19:24:26 UTC 2026","","","",""
"Test cases for TestDomainSelectors_GetFilterCriteria_Success_Empty","0","TestDomainSelectors_GetFilterCriteria_Success_Empty","","Tue Jun 09 18:58:04 UTC 2026","passed","Tue Jun 09 18:58:04 UTC 2026","","Go Test","github.com/specterops/bloodhound/cmd/api/src/model/TestDomainSelectors_GetFilterCriteria_Success_Empty","TestDomainSelectors_GetFilterCriteria_Success_Empty"
"","299","can render","ExploreSearchCombobox","Tue Jun 09 19:23:31 UTC 2026","passed","Tue Jun 09 19:23:32 UTC 2026","","","",""
"","345","handles creating a new zone","Tag Form","Tue Jun 09 19:21:14 UTC 2026","passed","Tue Jun 09 19:21:14 UTC 2026","","","",""
"","433","should reject passwords where only a space is used as the special character","CreateUserForm","Tue Jun 09 19:21:55 UTC 2026","passed","Tue Jun 09 19:21:56 UTC 2026","","","",""
"Test cases for TestBOMEncoding","0","TestBOMEncoding","","Tue Jun 09 18:58:16 UTC 2026","passed","Tue Jun 09 18:58:16 UTC 2026","","Go Test","github.com/specterops/bloodhound/packages/go/bomenc/TestBOMEncoding","TestBOMEncoding"
"","1284","Explore URL Accounts for irregular characters in cypher query","Rule Form","Tue Jun 09 19:21:39 UTC 2026","passed","Tue Jun 09 19:21:40 UTC 2026","","","",""
"","112","highlights selectedLayout rather than the table option when searchType is not cypher","GraphControls","Tue Jun 09 19:21:33 UTC 2026","passed","Tue Jun 09 19:21:33 UTC 2026","","Table view selection state","",""
"","986","Download button opens a menu and selecting ""All Columns"" calls json2csv with all columns","ExploreTable","Tue Jun 09 19:21:12 UTC 2026","passed","Tue Jun 09 19:21:13 UTC 2026","","","",""
"","993","should eventually render previously configured SSO providers","SSOConfiguration","Tue Jun 09 19:23:23 UTC 2026","passed","Tue Jun 09 19:23:24 UTC 2026","","","",""
"","1713","enables the user actions menu when the user is admin role","Users","Tue Jun 09 19:22:48 UTC 2026","passed","Tue Jun 09 19:22:50 UTC 2026","","","",""
"","79","should render when search string is at the beginning of the text","HighlightedText","Tue Jun 09 19:26:00 UTC 2026","passed","Tue Jun 09 19:26:01 UTC 2026","","","",""
"Test cases for TestResources_ListADGPOAffectedContainers","1","TestResources_ListADGPOAffectedContainers","","Tue Jun 09 18:58:01 UTC 2026","passed","Tue Jun 09 18:58:01 UTC 2026","","Go Test","github.com/specterops/bloodhound/cmd/api/src/api/v2/TestResources_ListADGPOAffectedContainers","TestResources_ListADGPOAffectedContainers"
"","133","renders enabled Zone and Object tabs and disabled Rule tab","Selected Details Tabs","Tue Jun 09 19:23:57 UTC 2026","passed","Tue Jun 09 19:23:57 UTC 2026","","Selected Details Tabs - Params present","",""
"","1834","disables the user actions menu when the user is auditor role","Users","Tue Jun 09 19:22:50 UTC 2026","passed","Tue Jun 09 19:22:52 UTC 2026","","","",""
"Test cases for TestDomainSelectors_GetValidFilterPredicatesAsStrings","0","TestDomainSelectors_GetValidFilterPredicatesAsStrings","","Tue Jun 09 18:58:04 UTC 2026","passed","Tue Jun 09 18:58:04 UTC 2026","","Go Test","github.com/specterops/bloodhound/cmd/api/src/model/TestDomainSelectors_GetValidFilterPredicatesAsStrings","TestDomainSelectors_GetValidFilterPredicatesAsStrings"
"","222","should display ""Cancel"" button","Enable2FADialog","Tue Jun 09 19:25:17 UTC 2026","passed","Tue Jun 09 19:25:17 UTC 2026","","","",""
"","49","calls getKey for each item (stable keys hook)","<DetailsAccordion />","Tue Jun 09 19:23:16 UTC 2026","passed","Tue Jun 09 19:23:16 UTC 2026","","","",""
"","184","handles adding to non-tier-zero asset group","AssetGroupMenuItem","Tue Jun 09 19:27:14 UTC 2026","passed","Tue Jun 09 19:27:14 UTC 2026","","adding to an asset group","",""
"","143","should display","GenericErrorBoundaryFallback","Tue Jun 09 19:26:53 UTC 2026","passed","Tue Jun 09 19:26:53 UTC 2026","","","",""
"","88","should display a total count of asset group members","AssetGroupEdit","Tue Jun 09 19:24:58 UTC 2026","passed","Tue Jun 09 19:24:58 UTC 2026","","","",""
"","379","displays no search results message when search yields no matches","ActiveExtensionsCard","Tue Jun 09 19:21:42 UTC 2026","passed","Tue Jun 09 19:21:43 UTC 2026","","","",""
"Test cases for TestUnmarshalInt64OverflowToInt64","0","TestUnmarshalInt64OverflowToInt64","","Tue Jun 09 18:58:04 UTC 2026","passed","Tue Jun 09 18:58:04 UTC 2026","","Go Test","github.com/specterops/bloodhound/cmd/api/src/database/types/null/TestUnmarshalInt64OverflowToInt64","TestUnmarshalInt64OverflowToInt64"
"","67","populates the node search field when the 'primarySearch' query param is set","useNodeSearch","Tue Jun 09 19:25:49 UTC 2026","passed","Tue Jun 09 19:25:49 UTC 2026","","","",""
"Test cases for TestResources_GetCollectorManifest","0","TestResources_GetCollectorManifest","","Tue Jun 09 18:58:01 UTC 2026","passed","Tue Jun 09 18:58:01 UTC 2026","","Go Test","github.com/specterops/bloodhound/cmd/api/src/api/v2/TestResources_GetCollectorManifest","TestResources_GetCollectorManifest"
"Test cases for TestRewriter_Enter_CombinedADAndAzureShortcut_PreservesOrder","0","TestRewriter_Enter_CombinedADAndAzureShortcut_PreservesOrder","","Tue Jun 09 18:58:06 UTC 2026","passed","Tue Jun 09 18:58:06 UTC 2026","","Go Test","github.com/specterops/bloodhound/cmd/api/src/queries/TestRewriter_Enter_CombinedADAndAzureShortcut_PreservesOrder","TestRewriter_Enter_CombinedADAndAzureShortcut_PreservesOrder"
"","159","displays an error message","GraphView","Tue Jun 09 19:27:14 UTC 2026","passed","Tue Jun 09 19:27:14 UTC 2026","","","",""
"Test cases for TestDefaultRateLimitMiddleware","1","TestDefaultRateLimitMiddleware","","Tue Jun 09 18:57:54 UTC 2026","passed","Tue Jun 09 18:57:54 UTC 2026","","Go Test","github.com/specterops/bloodhound/cmd/api/src/api/middleware/TestDefaultRateLimitMiddleware","TestDefaultRateLimitMiddleware"
"","445","renders an empty message for the entity panel before a node is selected","GroupManagement","Tue Jun 09 19:27:44 UTC 2026","passed","Tue Jun 09 19:27:44 UTC 2026","","","",""
"","22","renders the tooltip icon when tooltipText prop is passed","ColumnHeaders","Tue Jun 09 19:24:27 UTC 2026","passed","Tue Jun 09 19:24:27 UTC 2026","","SortableHeader with Tooltip","",""
"Test cases for TestJSONFloat_UnmarshalJSON_NaN","0","TestJSONFloat_UnmarshalJSON_NaN","","Tue Jun 09 18:58:04 UTC 2026","passed","Tue Jun 09 18:58:04 UTC 2026","","Go Test","github.com/specterops/bloodhound/cmd/api/src/database/types/nan/TestJSONFloat_UnmarshalJSON_NaN","TestJSONFloat_UnmarshalJSON_NaN"
"Test cases for TestInt64Scan","0","TestInt64Scan","","Tue Jun 09 18:58:04 UTC 2026","passed","Tue Jun 09 18:58:04 UTC 2026","","Go Test","github.com/specterops/bloodhound/cmd/api/src/database/types/null/TestInt64Scan","TestInt64Scan"
"","96","skips undefined items gracefully","<DetailsAccordion />","Tue Jun 09 19:23:16 UTC 2026","passed","Tue Jun 09 19:23:16 UTC 2026","","","",""
"","1918","renders correct search elements after keypresses","GraphView","Tue Jun 09 19:27:20 UTC 2026","passed","Tue Jun 09 19:27:21 UTC 2026","","","",""
"Test cases for TestNormalizeToUTF8","0","TestNormalizeToUTF8","","Tue Jun 09 18:58:16 UTC 2026","passed","Tue Jun 09 18:58:16 UTC 2026","","Go Test","github.com/specterops/bloodhound/packages/go/bomenc/TestNormalizeToUTF8","TestNormalizeToUTF8"
"Test cases for TestRewriter_Enter_AllAttackPathsShortcut_TakesPrecedenceOverOtherShortcuts","0","TestRewriter_Enter_AllAttackPathsShortcut_TakesPrecedenceOverOtherShortcuts","","Tue Jun 09 18:58:06 UTC 2026","passed","Tue Jun 09 18:58:06 UTC 2026","","Go Test","github.com/specterops/bloodhound/cmd/api/src/queries/TestRewriter_Enter_AllAttackPathsShortcut_TakesPrecedenceOverOtherShortcuts","TestRewriter_Enter_AllAttackPathsShortcut_TakesPrecedenceOverOtherShortcuts"
"","650","should not allow the input to exceed the allowed length","CreateUserForm","Tue Jun 09 19:21:49 UTC 2026","passed","Tue Jun 09 19:21:49 UTC 2026","","","",""
"Test cases for TestUnmarshalNonIntegerNumber","0","TestUnmarshalNonIntegerNumber","","Tue Jun 09 18:58:04 UTC 2026","passed","Tue Jun 09 18:58:04 UTC 2026","","Go Test","github.com/specterops/bloodhound/cmd/api/src/database/types/null/TestUnmarshalNonIntegerNumber","TestUnmarshalNonIntegerNumber"
"Test cases for TestJSONFloat_UnmarshalJSON","0","TestJSONFloat_UnmarshalJSON","","Tue Jun 09 18:58:04 UTC 2026","passed","Tue Jun 09 18:58:04 UTC 2026","","Go Test","github.com/specterops/bloodhound/cmd/api/src/database/types/nan/TestJSONFloat_UnmarshalJSON","TestJSONFloat_UnmarshalJSON"
"Test cases for TestResources_UpdateSavedQuery_OwnPrivateQuery_Success","0","TestResources_UpdateSavedQuery_OwnPrivateQuery_Success","","Tue Jun 09 18:58:01 UTC 2026","passed","Tue Jun 09 18:58:01 UTC 2026","","Go Test","github.com/specterops/bloodhound/cmd/api/src/api/v2/TestResources_UpdateSavedQuery_OwnPrivateQuery_Success","TestResources_UpdateSavedQuery_OwnPrivateQuery_Success"
"","661","should display Environmental Targeted Access Control panel when showEnvironmentAccessControls prop is true and user role is selected","CreateUserForm","Tue Jun 09 19:21:51 UTC 2026","passed","Tue Jun 09 19:21:51 UTC 2026","","","",""
"Test cases for TestResources_DeleteSavedQuery_IDMalformed","0","TestResources_DeleteSavedQuery_IDMalformed","","Tue Jun 09 18:58:01 UTC 2026","passed","Tue Jun 09 18:58:01 UTC 2026","","Go Test","github.com/specterops/bloodhound/cmd/api/src/api/v2/TestResources_DeleteSavedQuery_IDMalformed","TestResources_DeleteSavedQuery_IDMalformed"
"","414","Displays the selectors list if passed in through additional sections","EntityInfoDataTableList","Tue Jun 09 19:24:40 UTC 2026","passed","Tue Jun 09 19:24:40 UTC 2026","","","",""
"Test cases for TestNewSIDSuffix","0","TestNewSIDSuffix","","Tue Jun 09 18:58:16 UTC 2026","passed","Tue Jun 09 18:58:16 UTC 2026","","Go Test","github.com/specterops/bloodhound/packages/go/analysis/ad/wellknown/TestNewSIDSuffix","TestNewSIDSuffix"
"Test cases for TestNewRewriter","0","TestNewRewriter","","Tue Jun 09 18:58:06 UTC 2026","passed","Tue Jun 09 18:58:06 UTC 2026","","Go Test","github.com/specterops/bloodhound/cmd/api/src/queries/TestNewRewriter","TestNewRewriter"
"Test cases for TestParseOptionalBool","0","TestParseOptionalBool","","Tue Jun 09 18:57:49 UTC 2026","passed","Tue Jun 09 18:57:49 UTC 2026","","Go Test","github.com/specterops/bloodhound/cmd/api/src/api/TestParseOptionalBool","TestParseOptionalBool"
"","152","renders the form for editing an existing label","Tag Form","Tue Jun 09 19:21:12 UTC 2026","passed","Tue Jun 09 19:21:12 UTC 2026","","","",""
"Test cases for TestGetVersion","2","TestGetVersion","","Tue Jun 09 18:58:01 UTC 2026","passed","Tue Jun 09 18:58:01 UTC 2026","","Go Test","github.com/specterops/bloodhound/cmd/api/src/api/v2/TestGetVersion","TestGetVersion"
"Test cases for TestFloatEqual","0","TestFloatEqual","","Tue Jun 09 18:58:04 UTC 2026","passed","Tue Jun 09 18:58:04 UTC 2026","","Go Test","github.com/specterops/bloodhound/cmd/api/src/database/types/null/TestFloatEqual","TestFloatEqual"
"Test cases for TestCreateAssetGroupRequest_AuditData","0","TestCreateAssetGroupRequest_AuditData","","Tue Jun 09 18:58:01 UTC 2026","passed","Tue Jun 09 18:58:01 UTC 2026","","Go Test","github.com/specterops/bloodhound/cmd/api/src/api/v2/TestCreateAssetGroupRequest_AuditData","TestCreateAssetGroupRequest_AuditData"
"","1","runs a node search when the query param is set to ""node""","useExploreGraph","Tue Jun 09 19:22:38 UTC 2026","passed","Tue Jun 09 19:22:38 UTC 2026","","exploreGraphQueryFactory","",""
"","101","renders when all data is available and rule is not default","Delete Selector Button rendering","Tue Jun 09 19:26:26 UTC 2026","passed","Tue Jun 09 19:26:26 UTC 2026","","","",""
"Test cases for TestCacheEntryDigester_DigestEndpoint_MatchByName","0","TestCacheEntryDigester_DigestEndpoint_MatchByName","","Tue Jun 09 18:58:07 UTC 2026","passed","Tue Jun 09 18:58:07 UTC 2026","","Go Test","github.com/specterops/bloodhound/cmd/api/src/services/graphify/endpoint/TestCacheEntryDigester_DigestEndpoint_MatchByName","TestCacheEntryDigester_DigestEndpoint_MatchByName"
"","238","displays an error when unable to fetch data","EarlyAccessFeatures","Tue Jun 09 19:27:43 UTC 2026","passed","Tue Jun 09 19:27:43 UTC 2026","","","",""
"Test cases for TestDisenrollMFA_Admin_FailureIncorrectPassword","2193","TestDisenrollMFA_Admin_FailureIncorrectPassword","","Tue Jun 09 18:58:32 UTC 2026","passed","Tue Jun 09 18:58:35 UTC 2026","","Go Test","github.com/specterops/bloodhound/cmd/api/src/api/v2/auth/TestDisenrollMFA_Admin_FailureIncorrectPassword","TestDisenrollMFA_Admin_FailureIncorrectPassword"
"","0","returns false when the highlighted item is not in the graph","SigmaChart Utils","Tue Jun 09 19:27:45 UTC 2026","passed","Tue Jun 09 19:27:45 UTC 2026","","getIsHighlightedItemInGraph","",""
"","120","defaults to wrapped and removes .wrapped class when unwrap btn is clicked","CodeController","Tue Jun 09 19:26:30 UTC 2026","passed","Tue Jun 09 19:26:30 UTC 2026","","","",""
"","850","renders a primary button as expected","DropdownSelector","Tue Jun 09 19:25:22 UTC 2026","passed","Tue Jun 09 19:25:23 UTC 2026","","","",""
"","7097","closes explore search tab menu when search returns one node, entity info panel remains open","CypherSearch","Tue Jun 09 19:22:22 UTC 2026","passed","Tue Jun 09 19:22:29 UTC 2026","","Minimize explorer page elements when multiple nodes are returned","",""
"Test cases for TestEncodingEquality","0","TestEncodingEquality","","Tue Jun 09 18:58:16 UTC 2026","passed","Tue Jun 09 18:58:16 UTC 2026","","Go Test","github.com/specterops/bloodhound/packages/go/bomenc/TestEncodingEquality","TestEncodingEquality"
"","3","A warning is printed when node positions are not available to apply from","applyNodePositionsFromGraphlibGraph","Tue Jun 09 19:27:46 UTC 2026","passed","Tue Jun 09 19:27:46 UTC 2026","","","",""
"","24","renders custom icon overlap correctly","NodeIcon","Tue Jun 09 19:26:06 UTC 2026","passed","Tue Jun 09 19:26:06 UTC 2026","","","",""
"","33","returns undefined if environmentId searched for is not found","useAvailableEnvironments","Tue Jun 09 19:24:07 UTC 2026","passed","Tue Jun 09 19:24:07 UTC 2026","","useSelectedEnvironment","",""
"","195","has the correct value for the links in the breadcrumbs","Create Update pages","Tue Jun 09 19:25:42 UTC 2026","passed","Tue Jun 09 19:25:42 UTC 2026","","","",""
"","18","does not show View in Explore if exploreUrl is not supplied","Seed Selection Results","Tue Jun 09 19:23:10 UTC 2026","passed","Tue Jun 09 19:23:10 UTC 2026","","","",""
"","102","should display ""Password"" input","Enable2FADialog","Tue Jun 09 19:25:17 UTC 2026","passed","Tue Jun 09 19:25:17 UTC 2026","","","",""
"","11","announces a polite message (default priority)","AnnouncementProvider","Tue Jun 09 19:24:54 UTC 2026","passed","Tue Jun 09 19:24:54 UTC 2026","","","",""
"Test cases for TestManagementResource_UpdateUser_DBError","710","TestManagementResource_UpdateUser_DBError","","Tue Jun 09 18:58:22 UTC 2026","passed","Tue Jun 09 18:58:22 UTC 2026","","Go Test","github.com/specterops/bloodhound/cmd/api/src/api/v2/auth/TestManagementResource_UpdateUser_DBError","TestManagementResource_UpdateUser_DBError"
"","505","changes the text from ""Disabled"" to ""Enabled"" when the Rule Status switch is toggled","Rule Form","Tue Jun 09 19:21:33 UTC 2026","passed","Tue Jun 09 19:21:33 UTC 2026","","","",""
"Test cases for TestOpenGraphSchemaService_ListExtensions","1","TestOpenGraphSchemaService_ListExtensions","","Tue Jun 09 18:58:08 UTC 2026","passed","Tue Jun 09 18:58:08 UTC 2026","","Go Test","github.com/specterops/bloodhound/cmd/api/src/services/opengraphschema/TestOpenGraphSchemaService_ListExtensions","TestOpenGraphSchemaService_ListExtensions"
"","66","renders a link to the documentation","BloodHoundConfiguration","Tue Jun 09 19:28:05 UTC 2026","passed","Tue Jun 09 19:28:05 UTC 2026","","","",""
"","10","renders without label when label is empty string","StatusIndicator","Tue Jun 09 19:26:39 UTC 2026","passed","Tue Jun 09 19:26:39 UTC 2026","","","",""
"","0","fails for password without special characters","testPassword","Tue Jun 09 19:26:46 UTC 2026","passed","Tue Jun 09 19:26:46 UTC 2026","","","",""
"","83","links to the specified route with global params intact when triggered by a splat route","AppLink","Tue Jun 09 19:24:54 UTC 2026","passed","Tue Jun 09 19:24:54 UTC 2026","","","",""
"","69","Gets focus on keyboard shortcut","SearchBar","Tue Jun 09 19:26:36 UTC 2026","passed","Tue Jun 09 19:26:36 UTC 2026","","","",""
"Test cases for TestFilter","1","TestFilter","","Tue Jun 09 18:58:18 UTC 2026","passed","Tue Jun 09 18:58:18 UTC 2026","","Go Test","github.com/specterops/bloodhound/packages/go/slicesext/TestFilter","TestFilter"
"","1","combines platform and risk filters","filterAndSearchEnvironments","Tue Jun 09 19:21:37 UTC 2026","passed","Tue Jun 09 19:21:37 UTC 2026","","combined filters","",""
"","71","renders the title passed via title prop","ColumnHeaders","Tue Jun 09 19:24:26 UTC 2026","passed","Tue Jun 09 19:24:26 UTC 2026","","BaseColumnHeader","",""
"","42","sets autoDisplayTable to false if query returns no results","useExploreTableAutoDisplay","Tue Jun 09 19:25:38 UTC 2026","passed","Tue Jun 09 19:25:38 UTC 2026","","","",""
"Test cases for TestResources_UpdateSavedQuery_GetSavedQueryError","1","TestResources_UpdateSavedQuery_GetSavedQueryError","","Tue Jun 09 18:58:01 UTC 2026","passed","Tue Jun 09 18:58:01 UTC 2026","","Go Test","github.com/specterops/bloodhound/cmd/api/src/api/v2/TestResources_UpdateSavedQuery_GetSavedQueryError","TestResources_UpdateSavedQuery_GetSavedQueryError"
"","97","renders a filter button","FileIngestFilterDialog","Tue Jun 09 19:22:58 UTC 2026","passed","Tue Jun 09 19:22:58 UTC 2026","","","",""
"","363","Should call handler when a member is clicked","AssetGroupMemberList","Tue Jun 09 19:25:59 UTC 2026","passed","Tue Jun 09 19:25:59 UTC 2026","","","",""
"Test cases for TestResources_ListADOUContainedComputers","0","TestResources_ListADOUContainedComputers","","Tue Jun 09 18:58:01 UTC 2026","passed","Tue Jun 09 18:58:01 UTC 2026","","Go Test","github.com/specterops/bloodhound/cmd/api/src/api/v2/TestResources_ListADOUContainedComputers","TestResources_ListADOUContainedComputers"
"Test cases for TestResources_GetAssetGroupMemberCount_IDMalformed","0","TestResources_GetAssetGroupMemberCount_IDMalformed","","Tue Jun 09 18:58:01 UTC 2026","passed","Tue Jun 09 18:58:01 UTC 2026","","Go Test","github.com/specterops/bloodhound/cmd/api/src/api/v2/TestResources_GetAssetGroupMemberCount_IDMalformed","TestResources_GetAssetGroupMemberCount_IDMalformed"
"","278","on clicking switch shows modal and when clicking cancel closes it and switch stays enabled","CitrixRDPConfiguration","Tue Jun 09 19:23:38 UTC 2026","passed","Tue Jun 09 19:23:38 UTC 2026","","Click on switch to disable","",""
"Test cases for TestMatches_FailureModel","0","TestMatches_FailureModel","","Tue Jun 09 18:58:04 UTC 2026","passed","Tue Jun 09 18:58:04 UTC 2026","","Go Test","github.com/specterops/bloodhound/cmd/api/src/model/TestMatches_FailureModel","TestMatches_FailureModel"
"","12","displays lastlogon cell as NEVER when the value is -1","ExploreTableDataCell","Tue Jun 09 19:26:04 UTC 2026","passed","Tue Jun 09 19:26:04 UTC 2026","","","",""
"","953","should render with a full list of multiple tenants and domains","Simple Environment Selector","Tue Jun 09 19:23:43 UTC 2026","passed","Tue Jun 09 19:23:44 UTC 2026","","","",""
"Test cases for TestMarshalString","0","TestMarshalString","","Tue Jun 09 18:58:04 UTC 2026","passed","Tue Jun 09 18:58:04 UTC 2026","","Go Test","github.com/specterops/bloodhound/cmd/api/src/database/types/null/TestMarshalString","TestMarshalString"
"","6739","Typing in the search bar filters the results","ExploreTable","Tue Jun 09 19:21:14 UTC 2026","passed","Tue Jun 09 19:21:21 UTC 2026","","","",""
"","1175","renders","Privilege Zones History Filter Dialog","Tue Jun 09 19:23:59 UTC 2026","passed","Tue Jun 09 19:24:00 UTC 2026","","","",""
"","1","handles percent values by multiplying by 100, truncating to an integer, and adding a ""%"" to the end","Formatting number properties","Tue Jun 09 19:23:26 UTC 2026","passed","Tue Jun 09 19:23:26 UTC 2026","","","",""
"","564","calls handleFilterChange when a node type is selected","AssetGroupEdit","Tue Jun 09 19:23:32 UTC 2026","passed","Tue Jun 09 19:23:32 UTC 2026","","Node Type dropdown filter","",""
"Test cases for TestStringPointer","0","TestStringPointer","","Tue Jun 09 18:58:04 UTC 2026","passed","Tue Jun 09 18:58:04 UTC 2026","","Go Test","github.com/specterops/bloodhound/cmd/api/src/database/types/null/TestStringPointer","TestStringPointer"
"","0","should compute the length of a line segment","bezier","Tue Jun 09 19:27:39 UTC 2026","passed","Tue Jun 09 19:27:39 UTC 2026","","","",""
"Test cases for TestResources_OpenGraphSchemaIngest","0","TestResources_OpenGraphSchemaIngest","","Tue Jun 09 18:58:01 UTC 2026","passed","Tue Jun 09 18:58:01 UTC 2026","","Go Test","github.com/specterops/bloodhound/cmd/api/src/api/v2/TestResources_OpenGraphSchemaIngest","TestResources_OpenGraphSchemaIngest"
"","520","renders the form for creating a new zone","Tag Form","Tue Jun 09 19:21:11 UTC 2026","passed","Tue Jun 09 19:21:12 UTC 2026","","","",""
"","140","should call onCancel when return to login button clicked","PasswordResetForm","Tue Jun 09 19:24:15 UTC 2026","passed","Tue Jun 09 19:24:15 UTC 2026","","","",""
"","78","button is disabled when note is falsy","NoteCell component","Tue Jun 09 19:25:22 UTC 2026","passed","Tue Jun 09 19:25:22 UTC 2026","","","",""
"","4810","should clear state when logout action is dispatched","redux store","Tue Jun 09 19:27:48 UTC 2026","passed","Tue Jun 09 19:27:53 UTC 2026","","","",""
"","369","Selecting an edge with a Computer target node that haslaps is enabled shows correct Windows Abuse text","EdgeInfoContent","Tue Jun 09 19:21:42 UTC 2026","passed","Tue Jun 09 19:21:42 UTC 2026","","","",""
"","143","invokes handleFilterChange with eq:true when clicked and custom_member filter is off","AssetGroupEdit","Tue Jun 09 19:23:33 UTC 2026","passed","Tue Jun 09 19:23:33 UTC 2026","","Custom Member checkbox filter","",""
"Test cases for TestDomainSelectors_GetFilterCriteria_Domain","0","TestDomainSelectors_GetFilterCriteria_Domain","","Tue Jun 09 18:58:04 UTC 2026","passed","Tue Jun 09 18:58:04 UTC 2026","","Go Test","github.com/specterops/bloodhound/cmd/api/src/model/TestDomainSelectors_GetFilterCriteria_Domain","TestDomainSelectors_GetFilterCriteria_Domain"
"","334","displays an autofocused text input","SearchCurrentNodes","Tue Jun 09 19:24:44 UTC 2026","passed","Tue Jun 09 19:24:44 UTC 2026","","","",""
"Test cases for TestResources_DeleteSavedQuery_NotAUserAuth","0","TestResources_DeleteSavedQuery_NotAUserAuth","","Tue Jun 09 18:58:01 UTC 2026","passed","Tue Jun 09 18:58:01 UTC 2026","","Go Test","github.com/specterops/bloodhound/cmd/api/src/api/v2/TestResources_DeleteSavedQuery_NotAUserAuth","TestResources_DeleteSavedQuery_NotAUserAuth"
"Test cases for TestMatches_FailureErrMsg","0","TestMatches_FailureErrMsg","","Tue Jun 09 18:58:04 UTC 2026","passed","Tue Jun 09 18:58:04 UTC 2026","","Go Test","github.com/specterops/bloodhound/cmd/api/src/model/TestMatches_FailureErrMsg","TestMatches_FailureErrMsg"
"","4895","Sort arrow is visible and direction is correct","ExploreTable","Tue Jun 09 19:21:29 UTC 2026","passed","Tue Jun 09 19:21:34 UTC 2026","","","",""
"Test cases for TestJSONFloat_MarshalJSON_NaN","0","TestJSONFloat_MarshalJSON_NaN","","Tue Jun 09 18:58:04 UTC 2026","passed","Tue Jun 09 18:58:04 UTC 2026","","Go Test","github.com/specterops/bloodhound/cmd/api/src/database/types/nan/TestJSONFloat_MarshalJSON_NaN","TestJSONFloat_MarshalJSON_NaN"
"","1146","allows switching between the Zones and Labels tabs","Zone Management","Tue Jun 09 19:25:34 UTC 2026","passed","Tue Jun 09 19:25:35 UTC 2026","","","",""
"","0","returns undefined if graphData is null or not a GraphResponse","getExploreTableData","Tue Jun 09 19:24:34 UTC 2026","passed","Tue Jun 09 19:24:34 UTC 2026","","","",""
"","224","removes a node from an asset group tag","AssetGroupMenuItem","Tue Jun 09 19:23:27 UTC 2026","passed","Tue Jun 09 19:23:28 UTC 2026","","","",""
"Test cases for TestResources_ListAssetGroupMembers","1","TestResources_ListAssetGroupMembers","","Tue Jun 09 18:58:01 UTC 2026","passed","Tue Jun 09 18:58:01 UTC 2026","","Go Test","github.com/specterops/bloodhound/cmd/api/src/api/v2/TestResources_ListAssetGroupMembers","TestResources_ListAssetGroupMembers"
"","10","applies animation class to the title","ProcessingIndicator","Tue Jun 09 19:26:50 UTC 2026","passed","Tue Jun 09 19:26:50 UTC 2026","","","",""
"","18","returns Rule Object counts when there is a Tag and a Rule selected (tagId and ruleId are in path params)","useObjectCounts","Tue Jun 09 19:26:18 UTC 2026","passed","Tue Jun 09 19:26:18 UTC 2026","","","",""
"Test cases for TestParseSkipQueryParameter","0","TestParseSkipQueryParameter","","Tue Jun 09 18:58:01 UTC 2026","passed","Tue Jun 09 18:58:01 UTC 2026","","Go Test","github.com/specterops/bloodhound/cmd/api/src/api/v2/TestParseSkipQueryParameter","TestParseSkipQueryParameter"
"Test cases for Test_filterAndFormatSearchResults_filterEnvironments","0","Test_filterAndFormatSearchResults_filterEnvironments","","Tue Jun 09 18:58:01 UTC 2026","passed","Tue Jun 09 18:58:01 UTC 2026","","Go Test","github.com/specterops/bloodhound/cmd/api/src/api/v2/Test_filterAndFormatSearchResults_filterEnvironments","Test_filterAndFormatSearchResults_filterEnvironments"
"Test cases for TestParseUUID","0","TestParseUUID","","Tue Jun 09 18:58:11 UTC 2026","passed","Tue Jun 09 18:58:11 UTC 2026","","Go Test","github.com/specterops/bloodhound/cmd/api/src/utils/TestParseUUID","TestParseUUID"
"","45","returns when zone limit is reached","useTagLimits","Tue Jun 09 19:21:59 UTC 2026","passed","Tue Jun 09 19:21:59 UTC 2026","","","",""
"","356","displays 0 when a given sections returns empty, and sums the rest of the sections correctly","EntityInfoDataTableGraphed","Tue Jun 09 19:23:42 UTC 2026","passed","Tue Jun 09 19:23:42 UTC 2026","","Node count for nested table that counts all sections","",""
"","13","can composes search params from the search prop and use them in the redirect","AppNavigate","Tue Jun 09 19:25:29 UTC 2026","passed","Tue Jun 09 19:25:29 UTC 2026","","","",""
"Test cases for TestTimeFrom","0","TestTimeFrom","","Tue Jun 09 18:58:04 UTC 2026","passed","Tue Jun 09 18:58:04 UTC 2026","","Go Test","github.com/specterops/bloodhound/cmd/api/src/database/types/null/TestTimeFrom","TestTimeFrom"
"Test cases for TestResources_GetSearchResult","0","TestResources_GetSearchResult","","Tue Jun 09 18:58:01 UTC 2026","passed","Tue Jun 09 18:58:01 UTC 2026","","Go Test","github.com/specterops/bloodhound/cmd/api/src/api/v2/TestResources_GetSearchResult","TestResources_GetSearchResult"
"","0","fails for password shorter than 12 characters","testPassword","Tue Jun 09 19:26:46 UTC 2026","passed","Tue Jun 09 19:26:46 UTC 2026","","","",""
"","805","lists all available node kinds as options to filter by","AssetGroupEdit","Tue Jun 09 19:23:31 UTC 2026","passed","Tue Jun 09 19:23:32 UTC 2026","","Node Type dropdown filter","",""
"","0","matches all AZ edges","Make sure pathfinding filterable edges match schemagen","Tue Jun 09 19:26:47 UTC 2026","passed","Tue Jun 09 19:26:47 UTC 2026","","","",""
"","10","does not render when selector data is not defined","Delete Selector Button rendering","Tue Jun 09 19:26:26 UTC 2026","passed","Tue Jun 09 19:26:26 UTC 2026","","","",""
"","134","Disable Analyze Now and change to Analyzing if datapipe status is different from ""idle""","AnalyzeNowConfiguration","Tue Jun 09 19:23:51 UTC 2026","passed","Tue Jun 09 19:23:51 UTC 2026","","","",""
"","0","fails for password with control characters","testPassword","Tue Jun 09 19:26:46 UTC 2026","passed","Tue Jun 09 19:26:46 UTC 2026","","","",""
"","18","will update the selected filters based on the values stored in query params when the initialize function is called","usePathfindingFilters","Tue Jun 09 19:26:09 UTC 2026","passed","Tue Jun 09 19:26:09 UTC 2026","","","",""
"Test cases for TestMarshalInt64","0","TestMarshalInt64","","Tue Jun 09 18:58:04 UTC 2026","passed","Tue Jun 09 18:58:04 UTC 2026","","Go Test","github.com/specterops/bloodhound/cmd/api/src/database/types/null/TestMarshalInt64","TestMarshalInt64"
"","16","renders nothing if flag is enabled and enabled prop is not provided","FeatureFlag","Tue Jun 09 19:25:42 UTC 2026","passed","Tue Jun 09 19:25:42 UTC 2026","","","",""
"","561","should render list of available SSO providers","LoginViaSSOForm","Tue Jun 09 19:25:07 UTC 2026","passed","Tue Jun 09 19:25:07 UTC 2026","","","",""
"Test cases for TestSupportsETACMiddleware","0","TestSupportsETACMiddleware","","Tue Jun 09 18:57:54 UTC 2026","passed","Tue Jun 09 18:57:54 UTC 2026","","Go Test","github.com/specterops/bloodhound/cmd/api/src/api/middleware/TestSupportsETACMiddleware","TestSupportsETACMiddleware"
"Test cases for TestResources_ShareSavedQueriesPermissions_SavingPermissionsErrors","0","TestResources_ShareSavedQueriesPermissions_SavingPermissionsErrors","","Tue Jun 09 18:58:01 UTC 2026","passed","Tue Jun 09 18:58:01 UTC 2026","","Go Test","github.com/specterops/bloodhound/cmd/api/src/api/v2/TestResources_ShareSavedQueriesPermissions_SavingPermissionsErrors","TestResources_ShareSavedQueriesPermissions_SavingPermissionsErrors"
"Test cases for TestSavedQueries_IsString","0","TestSavedQueries_IsString","","Tue Jun 09 18:58:04 UTC 2026","passed","Tue Jun 09 18:58:04 UTC 2026","","Go Test","github.com/specterops/bloodhound/cmd/api/src/model/TestSavedQueries_IsString","TestSavedQueries_IsString"
"Test cases for TestResources_ListAuditLogs_PredicateMismatchWithColumn","0","TestResources_ListAuditLogs_PredicateMismatchWithColumn","","Tue Jun 09 18:58:01 UTC 2026","passed","Tue Jun 09 18:58:01 UTC 2026","","Go Test","github.com/specterops/bloodhound/cmd/api/src/api/v2/TestResources_ListAuditLogs_PredicateMismatchWithColumn","TestResources_ListAuditLogs_PredicateMismatchWithColumn"
"","4","succeeds for valid password","testPassword","Tue Jun 09 19:26:46 UTC 2026","passed","Tue Jun 09 19:26:46 UTC 2026","","","",""
"","15","live regions have aria-atomic set to true","AnnouncementProvider","Tue Jun 09 19:24:54 UTC 2026","passed","Tue Jun 09 19:24:54 UTC 2026","","","",""
"Test cases for TestMatches_Success","1","TestMatches_Success","","Tue Jun 09 18:58:04 UTC 2026","passed","Tue Jun 09 18:58:04 UTC 2026","","Go Test","github.com/specterops/bloodhound/cmd/api/src/model/TestMatches_Success","TestMatches_Success"
"","65","enables correctly returning the tag associated with Tier Zero (position value of 1) from the list of tags","the useAssetGroupTags utilities","Tue Jun 09 19:23:14 UTC 2026","passed","Tue Jun 09 19:23:15 UTC 2026","","","",""
"","469","calls setFilters when the Confirm button is clicked","Privilege Zones History Filter Dialog","Tue Jun 09 19:24:01 UTC 2026","passed","Tue Jun 09 19:24:02 UTC 2026","","","",""
"","2418","shows the ""Disable MFA"" context menu option for users with MFA enabled","Users","Tue Jun 09 19:22:54 UTC 2026","passed","Tue Jun 09 19:22:57 UTC 2026","","","",""
"Test cases for TestOpenGraphSchemaService_DeleteExtension","1","TestOpenGraphSchemaService_DeleteExtension","","Tue Jun 09 18:58:08 UTC 2026","passed","Tue Jun 09 18:58:08 UTC 2026","","Go Test","github.com/specterops/bloodhound/cmd/api/src/services/opengraphschema/TestOpenGraphSchemaService_DeleteExtension","TestOpenGraphSchemaService_DeleteExtension"
"","291","disables any available button toggles if the user lacks the permission","EarlyAccessFeatures","Tue Jun 09 19:27:43 UTC 2026","passed","Tue Jun 09 19:27:43 UTC 2026","","","",""
"","1113","should hide Environmental Targeted Access Control panel when showEnvironmentAccessControls prop is true and power user role is selected","UpdateUserForm","Tue Jun 09 19:21:22 UTC 2026","passed","Tue Jun 09 19:21:23 UTC 2026","","","",""
"","67","includes all traversable OpenGraph edges in their own category when they are available via the API","useEdgeCategories","Tue Jun 09 19:23:37 UTC 2026","passed","Tue Jun 09 19:23:37 UTC 2026","","","",""
"","93","copys children value to clipboard after clicking the copy btn","CodeController","Tue Jun 09 19:26:30 UTC 2026","passed","Tue Jun 09 19:26:30 UTC 2026","","","",""
"","60","renders section when no errors occur","EntityInfoCollapsibleSection","Tue Jun 09 19:26:16 UTC 2026","passed","Tue Jun 09 19:26:16 UTC 2026","","","",""
"","0","returns true if both arrays are empty","areArraysSimilar","Tue Jun 09 19:26:24 UTC 2026","passed","Tue Jun 09 19:26:24 UTC 2026","","","",""
"","533","should display CreateUserTokenDialog","UserTokenManagementDialog","Tue Jun 09 19:23:10 UTC 2026","passed","Tue Jun 09 19:23:10 UTC 2026","","when user clicks ""Create Token"" button","",""
"Test cases for TestMaybeSubmitRelationshipUpdate","1","TestMaybeSubmitRelationshipUpdate","","Tue Jun 09 18:58:07 UTC 2026","passed","Tue Jun 09 18:58:07 UTC 2026","","Go Test","github.com/specterops/bloodhound/cmd/api/src/services/graphify/TestMaybeSubmitRelationshipUpdate","TestMaybeSubmitRelationshipUpdate"
"","89","indicates that filters are inactive","AssetGroupEdit","Tue Jun 09 19:23:31 UTC 2026","passed","Tue Jun 09 19:23:31 UTC 2026","","","",""
"","57","should render a navigation list item","MainNav","Tue Jun 09 19:23:49 UTC 2026","passed","Tue Jun 09 19:23:49 UTC 2026","","","",""
"","497","filters by the selected user","FileIngestFilterDialog","Tue Jun 09 19:23:04 UTC 2026","passed","Tue Jun 09 19:23:04 UTC 2026","","User Select","",""
"","0","A type was provided but no keyword follows the typed filter","Getting the text for the disabled item display for a search when there are no results","Tue Jun 09 19:25:03 UTC 2026","passed","Tue Jun 09 19:25:03 UTC 2026","","Empty data states","",""
"","148","shows formatted expiration date (yyyy-MM-dd) when expires_at is set","UserTokenManagementDialog - API Expiration Date column","Tue Jun 09 19:23:11 UTC 2026","passed","Tue Jun 09 19:23:11 UTC 2026","","","",""
"","10","when password is expired and on password reset page, no redirect occurs","AuthenticatedRoute","Tue Jun 09 19:27:45 UTC 2026","passed","Tue Jun 09 19:27:45 UTC 2026","","","",""
"","187","should display a ""Reset Password"" button","UserProfile","Tue Jun 09 19:23:44 UTC 2026","passed","Tue Jun 09 19:23:45 UTC 2026","","","",""
"","10","adds expected text alignment class depending on the textAlign prop","ColumnHeaders","Tue Jun 09 19:24:26 UTC 2026","passed","Tue Jun 09 19:24:26 UTC 2026","","BaseColumnHeader","",""
"","3","The data is loading","Getting the text for the disabled item display for a search when there are no results","Tue Jun 09 19:25:03 UTC 2026","passed","Tue Jun 09 19:25:03 UTC 2026","","Loading states","",""
"","208","a null response from the server is handled","ExploreSearchCombobox with null response","Tue Jun 09 19:23:33 UTC 2026","passed","Tue Jun 09 19:23:33 UTC 2026","","","",""
"","1892","displays a list of available sharphound and azurehound files to download","DownloadCollectors","Tue Jun 09 19:27:33 UTC 2026","passed","Tue Jun 09 19:27:34 UTC 2026","","","",""
"","83","applies accent styling to headers when accent is true","<DetailsAccordion />","Tue Jun 09 19:23:16 UTC 2026","passed","Tue Jun 09 19:23:16 UTC 2026","","","",""
"","262","fires delete when edit is clicked","ListItemActionMenu","Tue Jun 09 19:25:11 UTC 2026","passed","Tue Jun 09 19:25:12 UTC 2026","","","",""
"","658","should sort by type","SSOProviderTable","Tue Jun 09 19:25:17 UTC 2026","passed","Tue Jun 09 19:25:18 UTC 2026","","","",""
"","3214","handles delete by source kind","DatabaseManagement","Tue Jun 09 19:27:21 UTC 2026","passed","Tue Jun 09 19:27:24 UTC 2026","","","",""
"","144","renders Zone as first tab and is also the initially selected on first render in Zone View/Tab","Selected Details Tabs","Tue Jun 09 19:23:57 UTC 2026","passed","Tue Jun 09 19:23:57 UTC 2026","","Selected Details Tabs - Params present","",""
"","390","toggles parent from some to all","GraphDataCheckboxes","Tue Jun 09 19:22:43 UTC 2026","passed","Tue Jun 09 19:22:43 UTC 2026","","","",""
"Test cases for TestResources_GetUserEntityInfo","0","TestResources_GetUserEntityInfo","","Tue Jun 09 18:58:01 UTC 2026","passed","Tue Jun 09 18:58:01 UTC 2026","","Go Test","github.com/specterops/bloodhound/cmd/api/src/api/v2/TestResources_GetUserEntityInfo","TestResources_GetUserEntityInfo"
"Test cases for TestResources_SearchHandler_ETAC","2","TestResources_SearchHandler_ETAC","","Tue Jun 09 18:58:01 UTC 2026","passed","Tue Jun 09 18:58:01 UTC 2026","","Go Test","github.com/specterops/bloodhound/cmd/api/src/api/v2/TestResources_SearchHandler_ETAC","TestResources_SearchHandler_ETAC"
"Test cases for TestManagementResource_ListUsers_DBError","0","TestManagementResource_ListUsers_DBError","","Tue Jun 09 18:58:07 UTC 2026","passed","Tue Jun 09 18:58:07 UTC 2026","","Go Test","github.com/specterops/bloodhound/cmd/api/src/api/v2/auth/TestManagementResource_ListUsers_DBError","TestManagementResource_ListUsers_DBError"
"","49","displays a loading message while fetching extensions","ActiveExtensionsCard","Tue Jun 09 19:21:40 UTC 2026","passed","Tue Jun 09 19:21:40 UTC 2026","","","",""
"Test cases for TestClearCache_HA","1","TestClearCache_HA","","Tue Jun 09 18:58:03 UTC 2026","passed","Tue Jun 09 18:58:03 UTC 2026","","Go Test","github.com/specterops/bloodhound/cmd/api/src/daemons/changelog/TestClearCache_HA","TestClearCache_HA"
"","2150","renders","Glyph Select Dialog","Tue Jun 09 19:26:20 UTC 2026","passed","Tue Jun 09 19:26:22 UTC 2026","","","",""
"","9","renders the LabelSelector when available and on a Label page","TagSelector","Tue Jun 09 19:24:53 UTC 2026","passed","Tue Jun 09 19:24:53 UTC 2026","","","",""
"Test cases for TestMatches_FailureStatus","0","TestMatches_FailureStatus","","Tue Jun 09 18:58:04 UTC 2026","passed","Tue Jun 09 18:58:04 UTC 2026","","Go Test","github.com/specterops/bloodhound/cmd/api/src/model/TestMatches_FailureStatus","TestMatches_FailureStatus"
"","5","returns bounds for text rendered to canvas","getLabelBoundsFromContext","Tue Jun 09 19:27:53 UTC 2026","passed","Tue Jun 09 19:27:53 UTC 2026","","","",""
"Test cases for Test_CheckAccessToEnvironments","88","Test_CheckAccessToEnvironments","","Tue Jun 09 18:58:01 UTC 2026","passed","Tue Jun 09 18:58:01 UTC 2026","","Go Test","github.com/specterops/bloodhound/cmd/api/src/api/v2/Test_CheckAccessToEnvironments","Test_CheckAccessToEnvironments"
"","4","returns true if value is undefined","searchParams","Tue Jun 09 19:25:11 UTC 2026","passed","Tue Jun 09 19:25:11 UTC 2026","","isEmptyParam","",""
"","2","filters by collected=true when ""yes"" filter is active","filterAndSearchEnvironments","Tue Jun 09 19:21:37 UTC 2026","passed","Tue Jun 09 19:21:37 UTC 2026","","collected filters","",""
"","53","Should display a list of the asset group members","AssetGroupMemberList","Tue Jun 09 19:25:59 UTC 2026","passed","Tue Jun 09 19:25:59 UTC 2026","","","",""
"","14","uses the discardQueryParams prop to discard all query params on the redirect","AppNavigate","Tue Jun 09 19:25:29 UTC 2026","passed","Tue Jun 09 19:25:29 UTC 2026","","","",""
"","0","abbreviates numbers larger than 1000 and should not round the tenth place digit","numberFormatting","Tue Jun 09 19:24:31 UTC 2026","passed","Tue Jun 09 19:24:31 UTC 2026","","","",""
"","0","shows no collection methods","toCollected","Tue Jun 09 19:26:21 UTC 2026","passed","Tue Jun 09 19:26:21 UTC 2026","","","",""
"Test cases for TestManagementResource_ListAuthTokens_UserIDFilter","1","TestManagementResource_ListAuthTokens_UserIDFilter","","Tue Jun 09 18:58:27 UTC 2026","passed","Tue Jun 09 18:58:27 UTC 2026","","Go Test","github.com/specterops/bloodhound/cmd/api/src/api/v2/auth/TestManagementResource_ListAuthTokens_UserIDFilter","TestManagementResource_ListAuthTokens_UserIDFilter"
"Test cases for TestIsDeadlockError","2","TestIsDeadlockError","","Tue Jun 09 18:58:03 UTC 2026","passed","Tue Jun 09 18:58:03 UTC 2026","","Go Test","github.com/specterops/bloodhound/cmd/api/src/daemons/changelog/TestIsDeadlockError","TestIsDeadlockError"
"Test cases for TestWriteErrorResponse_InvalidFormat","0","TestWriteErrorResponse_InvalidFormat","","Tue Jun 09 18:57:50 UTC 2026","passed","Tue Jun 09 18:57:50 UTC 2026","","Go Test","github.com/specterops/bloodhound/cmd/api/src/api/TestWriteErrorResponse_InvalidFormat","TestWriteErrorResponse_InvalidFormat"
"","879","should display all available roles","UpdateUserDialog","Tue Jun 09 19:22:30 UTC 2026","passed","Tue Jun 09 19:22:31 UTC 2026","","","",""
"","0","falls back to the default Cypher message when ruleType is undefined and seeds are required","handleError","Tue Jun 09 19:22:55 UTC 2026","passed","Tue Jun 09 19:22:55 UTC 2026","","","",""
"","110","should display the ""User Information"" header","UserProfile","Tue Jun 09 19:23:44 UTC 2026","passed","Tue Jun 09 19:23:44 UTC 2026","","","",""
"Test cases for TestManagementResource_SAMLLoginRedirect","4","TestManagementResource_SAMLLoginRedirect","","Tue Jun 09 18:58:36 UTC 2026","passed","Tue Jun 09 18:58:36 UTC 2026","","Go Test","github.com/specterops/bloodhound/cmd/api/src/api/v2/auth/TestManagementResource_SAMLLoginRedirect","TestManagementResource_SAMLLoginRedirect"
"","694","should open save dialog on keyboard press alt+S","CypherSearch","Tue Jun 09 19:22:10 UTC 2026","passed","Tue Jun 09 19:22:11 UTC 2026","","","",""
"Test cases for TestResources_UpdateSavedQuery_AdminPrivateQuery_Success","0","TestResources_UpdateSavedQuery_AdminPrivateQuery_Success","","Tue Jun 09 18:58:01 UTC 2026","passed","Tue Jun 09 18:58:01 UTC 2026","","Go Test","github.com/specterops/bloodhound/cmd/api/src/api/v2/TestResources_UpdateSavedQuery_AdminPrivateQuery_Success","TestResources_UpdateSavedQuery_AdminPrivateQuery_Success"
"","0","takes setSearchParams and availableParams returns a function","searchParams","Tue Jun 09 19:25:11 UTC 2026","passed","Tue Jun 09 19:25:11 UTC 2026","","setParamsFactory","",""
"Test cases for TestCORSMiddleware","0","TestCORSMiddleware","","Tue Jun 09 18:57:54 UTC 2026","passed","Tue Jun 09 18:57:54 UTC 2026","","Go Test","github.com/specterops/bloodhound/cmd/api/src/api/middleware/TestCORSMiddleware","TestCORSMiddleware"
"Test cases for TestWriteAndValidateJSON","6","TestWriteAndValidateJSON","","Tue Jun 09 18:58:09 UTC 2026","passed","Tue Jun 09 18:58:09 UTC 2026","","Go Test","github.com/specterops/bloodhound/cmd/api/src/services/upload/TestWriteAndValidateJSON","TestWriteAndValidateJSON"
"Test cases for TestAuth_CreateSSOSession","0","TestAuth_CreateSSOSession","","Tue Jun 09 18:58:01 UTC 2026","passed","Tue Jun 09 18:58:01 UTC 2026","","Go Test","github.com/specterops/bloodhound/cmd/api/src/api/v2/auth/TestAuth_CreateSSOSession","TestAuth_CreateSSOSession"
"","159","does not make feature-flag request if user is not fully authenticated","app","Tue Jun 09 19:27:51 UTC 2026","passed","Tue Jun 09 19:27:51 UTC 2026","","<Inner />","",""
"Test cases for TestResources_ListADComputerPSRemoteUsers","0","TestResources_ListADComputerPSRemoteUsers","","Tue Jun 09 18:58:01 UTC 2026","passed","Tue Jun 09 18:58:01 UTC 2026","","Go Test","github.com/specterops/bloodhound/cmd/api/src/api/v2/TestResources_ListADComputerPSRemoteUsers","TestResources_ListADComputerPSRemoteUsers"
"","27","sets autoDisplayTable to false if query type is pathfinding","useExploreTableAutoDisplay","Tue Jun 09 19:25:38 UTC 2026","passed","Tue Jun 09 19:25:38 UTC 2026","","","",""
"","160","calls onSort when clicked","ColumnHeaders","Tue Jun 09 19:24:26 UTC 2026","passed","Tue Jun 09 19:24:27 UTC 2026","","SortableHeader","",""
"","2596","requires a password to disable MFA for a user when logged in without SSO","Users","Tue Jun 09 19:22:57 UTC 2026","passed","Tue Jun 09 19:22:59 UTC 2026","","","",""
"","234","Selecting an edge with a Computer target node that does not have haslaps enabled shows correct Windows Abuse text","EdgeInfoContent","Tue Jun 09 19:21:42 UTC 2026","passed","Tue Jun 09 19:21:43 UTC 2026","","","",""
"Test cases for TestExpireUserAuthSecret_Success","0","TestExpireUserAuthSecret_Success","","Tue Jun 09 18:58:07 UTC 2026","passed","Tue Jun 09 18:58:07 UTC 2026","","Go Test","github.com/specterops/bloodhound/cmd/api/src/api/v2/auth/TestExpireUserAuthSecret_Success","TestExpireUserAuthSecret_Success"
"","541","clear validation error on input","ManagedDatePicker - date validation","Tue Jun 09 19:24:25 UTC 2026","passed","Tue Jun 09 19:24:25 UTC 2026","","","",""
"","7","constructs correct URLSearchParams with all filters","createHistoryParams","Tue Jun 09 19:25:49 UTC 2026","passed","Tue Jun 09 19:25:49 UTC 2026","","","",""
"","356","sets the calendar date to match the valid","ManagedDatePicker - value","Tue Jun 09 19:24:26 UTC 2026","passed","Tue Jun 09 19:24:26 UTC 2026","","","",""
"","1","combines platform and collected filters","filterAndSearchEnvironments","Tue Jun 09 19:21:37 UTC 2026","passed","Tue Jun 09 19:21:37 UTC 2026","","combined filters","",""
"Test cases for TestResources_ListADOUContainedUsers","4","TestResources_ListADOUContainedUsers","","Tue Jun 09 18:58:01 UTC 2026","passed","Tue Jun 09 18:58:01 UTC 2026","","Go Test","github.com/specterops/bloodhound/cmd/api/src/api/v2/TestResources_ListADOUContainedUsers","TestResources_ListADOUContainedUsers"
"Test cases for TestResources_ListADEntityControllables","0","TestResources_ListADEntityControllables","","Tue Jun 09 18:58:01 UTC 2026","passed","Tue Jun 09 18:58:01 UTC 2026","","Go Test","github.com/specterops/bloodhound/cmd/api/src/api/v2/TestResources_ListADEntityControllables","TestResources_ListADEntityControllables"
"Test cases for TestTimeIsZero","0","TestTimeIsZero","","Tue Jun 09 18:58:04 UTC 2026","passed","Tue Jun 09 18:58:04 UTC 2026","","Go Test","github.com/specterops/bloodhound/cmd/api/src/database/types/null/TestTimeIsZero","TestTimeIsZero"
"Test cases for TestSavedQueries_ValidFilters","0","TestSavedQueries_ValidFilters","","Tue Jun 09 18:58:04 UTC 2026","passed","Tue Jun 09 18:58:04 UTC 2026","","Go Test","github.com/specterops/bloodhound/cmd/api/src/model/TestSavedQueries_ValidFilters","TestSavedQueries_ValidFilters"
"Test cases for Test_signedRequestDate","0","Test_signedRequestDate","","Tue Jun 09 18:57:54 UTC 2026","passed","Tue Jun 09 18:57:54 UTC 2026","","Go Test","github.com/specterops/bloodhound/cmd/api/src/api/middleware/Test_signedRequestDate","Test_signedRequestDate"
"Test cases for TestParseIntQueryParameter","77","TestParseIntQueryParameter","","Tue Jun 09 18:58:01 UTC 2026","passed","Tue Jun 09 18:58:01 UTC 2026","","Go Test","github.com/specterops/bloodhound/cmd/api/src/api/v2/TestParseIntQueryParameter","TestParseIntQueryParameter"
"","0","EXTENDED ROUNDING when thresholds are set: abbreviates numbers larger than 1000 and should not round the tenth place digit","numberFormatting","Tue Jun 09 19:24:31 UTC 2026","passed","Tue Jun 09 19:24:31 UTC 2026","","","",""
"","1014","shows a warning for using labels associated with tags in zone forms","Rule Form","Tue Jun 09 19:21:37 UTC 2026","passed","Tue Jun 09 19:21:38 UTC 2026","","","",""
"","945","renders group and tenant dropdown selectors","GroupManagement","Tue Jun 09 19:27:42 UTC 2026","passed","Tue Jun 09 19:27:43 UTC 2026","","","",""
"","343","renders a graph if the query has any node edges","GraphView","Tue Jun 09 19:27:18 UTC 2026","passed","Tue Jun 09 19:27:18 UTC 2026","","","",""
"","1","filters by low risk level","filterAndSearchEnvironments","Tue Jun 09 19:21:37 UTC 2026","passed","Tue Jun 09 19:21:37 UTC 2026","","risk filters","",""
"","14","renders the ZoneSelector when available and on a Zone page","TagSelector","Tue Jun 09 19:24:53 UTC 2026","passed","Tue Jun 09 19:24:53 UTC 2026","","","",""
"","21","displays contact admin message when hidden edge is true","EdgeInfoContent","Tue Jun 09 19:21:43 UTC 2026","passed","Tue Jun 09 19:21:43 UTC 2026","","EdgeInfoContent support for hidden edges","",""
"","1166","should hide Environmental Targeted Access Control panel when showEnvironmentAccessControls prop is true and power user role is selected","CreateUserForm","Tue Jun 09 19:21:51 UTC 2026","passed","Tue Jun 09 19:21:52 UTC 2026","","","",""
"","62","Validate Displays all the Roles","useListDisplayRoles","Tue Jun 09 19:23:05 UTC 2026","passed","Tue Jun 09 19:23:05 UTC 2026","","","",""
"Test cases for Test_FixtureTeardown","0","Test_FixtureTeardown","","Tue Jun 09 18:58:17 UTC 2026","passed","Tue Jun 09 18:58:17 UTC 2026","","Go Test","github.com/specterops/bloodhound/packages/go/lab/Test_FixtureTeardown","Test_FixtureTeardown"
"Test cases for TestIntEqual","0","TestIntEqual","","Tue Jun 09 18:58:04 UTC 2026","passed","Tue Jun 09 18:58:04 UTC 2026","","Go Test","github.com/specterops/bloodhound/cmd/api/src/database/types/null/TestIntEqual","TestIntEqual"
"Test cases for Test_SetDependency","0","Test_SetDependency","","Tue Jun 09 18:58:17 UTC 2026","passed","Tue Jun 09 18:58:17 UTC 2026","","Go Test","github.com/specterops/bloodhound/packages/go/lab/Test_SetDependency","Test_SetDependency"
"","1","returns true when the highlighted item is an edge in the graph","SigmaChart Utils","Tue Jun 09 19:27:45 UTC 2026","passed","Tue Jun 09 19:27:45 UTC 2026","","getIsHighlightedItemInGraph","",""
"","301","navigates to all rules when clicking ""All Rules""","RulesAccordion","Tue Jun 09 19:24:38 UTC 2026","passed","Tue Jun 09 19:24:39 UTC 2026","","","",""
"Test cases for TestManagementResource_ListPermissions_InvalidFilterPredicate","0","TestManagementResource_ListPermissions_InvalidFilterPredicate","","Tue Jun 09 18:58:07 UTC 2026","passed","Tue Jun 09 18:58:07 UTC 2026","","Go Test","github.com/specterops/bloodhound/cmd/api/src/api/v2/auth/TestManagementResource_ListPermissions_InvalidFilterPredicate","TestManagementResource_ListPermissions_InvalidFilterPredicate"
"","362","filling in the name value allows updating the selector and navigates back to the details page","Tag Form","Tue Jun 09 19:21:13 UTC 2026","passed","Tue Jun 09 19:21:14 UTC 2026","","","",""
"Test cases for TestGetADDataQualityStats_Success","0","TestGetADDataQualityStats_Success","","Tue Jun 09 18:58:01 UTC 2026","passed","Tue Jun 09 18:58:01 UTC 2026","","Go Test","github.com/specterops/bloodhound/cmd/api/src/api/v2/TestGetADDataQualityStats_Success","TestGetADDataQualityStats_Success"
"","58","applies empty state height when no results","ActiveExtensionsCard","Tue Jun 09 19:21:43 UTC 2026","passed","Tue Jun 09 19:21:43 UTC 2026","","","",""
"Test cases for TestResources_ListADIssuancePolicyLinkedCertTemplates","150","TestResources_ListADIssuancePolicyLinkedCertTemplates","","Tue Jun 09 18:58:01 UTC 2026","passed","Tue Jun 09 18:58:01 UTC 2026","","Go Test","github.com/specterops/bloodhound/cmd/api/src/api/v2/TestResources_ListADIssuancePolicyLinkedCertTemplates","TestResources_ListADIssuancePolicyLinkedCertTemplates"
"Test cases for TestTimeExactEqual","0","TestTimeExactEqual","","Tue Jun 09 18:58:04 UTC 2026","passed","Tue Jun 09 18:58:04 UTC 2026","","Go Test","github.com/specterops/bloodhound/cmd/api/src/database/types/null/TestTimeExactEqual","TestTimeExactEqual"
"","977","does not show a warning for using labels associated with tags in label forms (also shows correct View in Explore link)","Rule Form","Tue Jun 09 19:21:38 UTC 2026","passed","Tue Jun 09 19:21:39 UTC 2026","","","",""
"Test cases for TestResources_DeleteSavedQuery_RecordNotFound","0","TestResources_DeleteSavedQuery_RecordNotFound","","Tue Jun 09 18:58:01 UTC 2026","passed","Tue Jun 09 18:58:01 UTC 2026","","Go Test","github.com/specterops/bloodhound/cmd/api/src/api/v2/TestResources_DeleteSavedQuery_RecordNotFound","TestResources_DeleteSavedQuery_RecordNotFound"
"","457","should render","OneTimePasscodeForm","Tue Jun 09 19:25:55 UTC 2026","passed","Tue Jun 09 19:25:56 UTC 2026","","","",""
"Test cases for TestFormatDatabaseError","0","TestFormatDatabaseError","","Tue Jun 09 18:57:50 UTC 2026","passed","Tue Jun 09 18:57:50 UTC 2026","","Go Test","github.com/specterops/bloodhound/cmd/api/src/api/TestFormatDatabaseError","TestFormatDatabaseError"
"","153","should render tag to Label content","TagToZoneLabelDialog","Tue Jun 09 19:24:35 UTC 2026","passed","Tue Jun 09 19:24:36 UTC 2026","","","",""
"","103","renders the analysis toggle when multi tier analysis enabled is true and when editing an existing zone","Tag Form","Tue Jun 09 19:21:13 UTC 2026","passed","Tue Jun 09 19:21:13 UTC 2026","","","",""
"","344","sets a primarySearch=id and searchType=node when secondarySearch is falsey","ContextMenu","Tue Jun 09 19:23:11 UTC 2026","passed","Tue Jun 09 19:23:11 UTC 2026","","","",""
"Test cases for TestCreateUser_FailureDuplicateEmail","1125","TestCreateUser_FailureDuplicateEmail","","Tue Jun 09 18:58:07 UTC 2026","passed","Tue Jun 09 18:58:08 UTC 2026","","Go Test","github.com/specterops/bloodhound/cmd/api/src/api/v2/auth/TestCreateUser_FailureDuplicateEmail","TestCreateUser_FailureDuplicateEmail"
"","1","pwdlastset","Handling value formatting for Active Directory entity properties lastlogon, lastlogontimestamp, whencreated, and pwdlastset","Tue Jun 09 19:23:25 UTC 2026","passed","Tue Jun 09 19:23:26 UTC 2026","","","",""
"","1127","shows indeterminate states when some graph data is selected","GraphDataCheckboxes","Tue Jun 09 19:22:40 UTC 2026","passed","Tue Jun 09 19:22:42 UTC 2026","","","",""
"","77","Calls the `Base` endpoint for a LocalGroup type node","EntityObjectInformation","Tue Jun 09 19:24:22 UTC 2026","passed","Tue Jun 09 19:24:22 UTC 2026","","","",""
"","867","should display all available roles","CreateUserDialog","Tue Jun 09 19:22:08 UTC 2026","passed","Tue Jun 09 19:22:09 UTC 2026","","","",""
"","33","should display hidden label for hidden edge","EdgeInfoHeader","Tue Jun 09 19:25:17 UTC 2026","passed","Tue Jun 09 19:25:17 UTC 2026","","","",""
"Test cases for TestManagementResource_SSOLoginHandler","10","TestManagementResource_SSOLoginHandler","","Tue Jun 09 18:58:36 UTC 2026","passed","Tue Jun 09 18:58:36 UTC 2026","","Go Test","github.com/specterops/bloodhound/cmd/api/src/api/v2/auth/TestManagementResource_SSOLoginHandler","TestManagementResource_SSOLoginHandler"
"Test cases for Test_ParseGraphSortParameters_InvalidSortColumn","0","Test_ParseGraphSortParameters_InvalidSortColumn","","Tue Jun 09 18:57:50 UTC 2026","passed","Tue Jun 09 18:57:50 UTC 2026","","Go Test","github.com/specterops/bloodhound/cmd/api/src/api/Test_ParseGraphSortParameters_InvalidSortColumn","Test_ParseGraphSortParameters_InvalidSortColumn"
"","53","displays a status indicator","StatusIndicator","Tue Jun 09 19:26:39 UTC 2026","passed","Tue Jun 09 19:26:39 UTC 2026","","","",""
"Test cases for TestEncodingValues","0","TestEncodingValues","","Tue Jun 09 18:58:16 UTC 2026","passed","Tue Jun 09 18:58:16 UTC 2026","","Go Test","github.com/specterops/bloodhound/packages/go/bomenc/TestEncodingValues","TestEncodingValues"
"","1065","displays validation error messages when password does not meet requirements","PasswordDialog","Tue Jun 09 19:21:55 UTC 2026","passed","Tue Jun 09 19:21:56 UTC 2026","","","",""
"Test cases for TestDomainSelectors_GetFilterCriteria_InvalidFilterColumn","0","TestDomainSelectors_GetFilterCriteria_InvalidFilterColumn","","Tue Jun 09 18:58:04 UTC 2026","passed","Tue Jun 09 18:58:04 UTC 2026","","Go Test","github.com/specterops/bloodhound/cmd/api/src/model/TestDomainSelectors_GetFilterCriteria_InvalidFilterColumn","TestDomainSelectors_GetFilterCriteria_InvalidFilterColumn"
"Test cases for TestPredefinedSIDSuffixes","1","TestPredefinedSIDSuffixes","","Tue Jun 09 18:58:16 UTC 2026","passed","Tue Jun 09 18:58:16 UTC 2026","","Go Test","github.com/specterops/bloodhound/packages/go/analysis/ad/wellknown/TestPredefinedSIDSuffixes","TestPredefinedSIDSuffixes"
"","118","prevents a user from proceeding if the file is not valid","File Upload","Tue Jun 09 19:24:06 UTC 2026","passed","Tue Jun 09 19:24:07 UTC 2026","","","",""
"Test cases for TestCacheEntryDigester_DigestEndpoint_DefaultObjectID","0","TestCacheEntryDigester_DigestEndpoint_DefaultObjectID","","Tue Jun 09 18:58:07 UTC 2026","passed","Tue Jun 09 18:58:07 UTC 2026","","Go Test","github.com/specterops/bloodhound/cmd/api/src/services/graphify/endpoint/TestCacheEntryDigester_DigestEndpoint_DefaultObjectID","TestCacheEntryDigester_DigestEndpoint_DefaultObjectID"
"","3","should compute normal vectors for line segments","bezier","Tue Jun 09 19:27:39 UTC 2026","passed","Tue Jun 09 19:27:39 UTC 2026","","","",""
"","87","renders note header correctly","HistoryNotes Component","Tue Jun 09 19:26:30 UTC 2026","passed","Tue Jun 09 19:26:30 UTC 2026","","","",""
"TestMigrator_GenerateManifestAfterVersion builds upon the GenerateManifest testby starting from different version points and spot checking migration counts.","0","TestMigrator_GenerateManifestAfterVersion","","Tue Jun 09 18:58:04 UTC 2026","passed","Tue Jun 09 18:58:04 UTC 2026","","Go Test","github.com/specterops/bloodhound/cmd/api/src/database/migration/TestMigrator_GenerateManifestAfterVersion","TestMigrator_GenerateManifestAfterVersion"
"","50","should display the ETAC role-based filtering badge when filtering is enabled","Zone Management","Tue Jun 09 19:25:35 UTC 2026","passed","Tue Jun 09 19:25:35 UTC 2026","","","",""
"","0","returns empty array when environments is undefined","filterAndSearchEnvironments","Tue Jun 09 19:21:37 UTC 2026","passed","Tue Jun 09 19:21:37 UTC 2026","","with empty environments","",""
"Test cases for TestResources_ListAuditLogs_SortingError","0","TestResources_ListAuditLogs_SortingError","","Tue Jun 09 18:58:01 UTC 2026","passed","Tue Jun 09 18:58:01 UTC 2026","","Go Test","github.com/specterops/bloodhound/cmd/api/src/api/v2/TestResources_ListAuditLogs_SortingError","TestResources_ListAuditLogs_SortingError"
"","8","does not return when label limit is not reached","useTagLimits","Tue Jun 09 19:21:59 UTC 2026","passed","Tue Jun 09 19:21:59 UTC 2026","","","",""
"","112","calls getAssetGroupTags for topTagId","DetailsRoot","Tue Jun 09 19:26:53 UTC 2026","passed","Tue Jun 09 19:26:53 UTC 2026","","","",""
"Test cases for TestDatabase_GetAssetGroupTag","0","TestDatabase_GetAssetGroupTag","","Tue Jun 09 18:58:01 UTC 2026","passed","Tue Jun 09 18:58:01 UTC 2026","","Go Test","github.com/specterops/bloodhound/cmd/api/src/api/v2/TestDatabase_GetAssetGroupTag","TestDatabase_GetAssetGroupTag"
"","146","calls handleInitialEnvironment with the highest impactValue as the initial environment","useInitialEnvironment","Tue Jun 09 19:25:32 UTC 2026","passed","Tue Jun 09 19:25:33 UTC 2026","","","",""
"","1208","clicking checkbox will remove error if present","DatabaseManagement","Tue Jun 09 19:27:16 UTC 2026","passed","Tue Jun 09 19:27:17 UTC 2026","","","",""
"","1","returns query config when searchType is relationship and all required params are passed","useExploreGraph","Tue Jun 09 19:22:38 UTC 2026","passed","Tue Jun 09 19:22:38 UTC 2026","relationship search queries","exploreGraphQueryFactory","",""
"","19","sets autoDisplayTable to false if query type is composition","useExploreTableAutoDisplay","Tue Jun 09 19:25:38 UTC 2026","passed","Tue Jun 09 19:25:38 UTC 2026","","","",""
"","237","should display a toggle switch to enable multi-factor authentication","UserProfile","Tue Jun 09 19:23:45 UTC 2026","passed","Tue Jun 09 19:23:45 UTC 2026","","","",""
"","1455","reverts to the default graph view when the user de-selects the currently selected table layout","GraphView","Tue Jun 09 19:27:25 UTC 2026","passed","Tue Jun 09 19:27:26 UTC 2026","","Layout selection and de-selection","",""
"","258","closes the dialog when the ""Cancel"" button is clicked","SchemaUploadDialog","Tue Jun 09 19:22:50 UTC 2026","passed","Tue Jun 09 19:22:51 UTC 2026","","","",""
"Test cases for TestManagementResource_GetSAMLProvider","7","TestManagementResource_GetSAMLProvider","","Tue Jun 09 18:58:36 UTC 2026","passed","Tue Jun 09 18:58:36 UTC 2026","","Go Test","github.com/specterops/bloodhound/cmd/api/src/api/v2/auth/TestManagementResource_GetSAMLProvider","TestManagementResource_GetSAMLProvider"
"","1211","a cypher search 404 does not render the GraphViewErrorAlert","GraphView","Tue Jun 09 19:27:14 UTC 2026","passed","Tue Jun 09 19:27:16 UTC 2026","","","",""
"Test cases for TestResources_CancelAnalysisRequest","127","TestResources_CancelAnalysisRequest","","Tue Jun 09 18:58:01 UTC 2026","passed","Tue Jun 09 18:58:01 UTC 2026","","Go Test","github.com/specterops/bloodhound/cmd/api/src/api/v2/TestResources_CancelAnalysisRequest","TestResources_CancelAnalysisRequest"
"Test cases for Test_NewSpec","0","Test_NewSpec","","Tue Jun 09 18:58:17 UTC 2026","passed","Tue Jun 09 18:58:17 UTC 2026","","Go Test","github.com/specterops/bloodhound/packages/go/lab/Test_NewSpec","Test_NewSpec"
"Test cases for TestIsErrorResponse","0","TestIsErrorResponse","","Tue Jun 09 18:57:50 UTC 2026","passed","Tue Jun 09 18:57:50 UTC 2026","","Go Test","github.com/specterops/bloodhound/cmd/api/src/api/TestIsErrorResponse","TestIsErrorResponse"
"","392","Displays a modal after clicking Analyze Now button and run analysis after clicking confirm","AnalyzeNowConfiguration","Tue Jun 09 19:23:51 UTC 2026","passed","Tue Jun 09 19:23:51 UTC 2026","","","",""
"Test cases for TestResources_ListADCSEscalations","0","TestResources_ListADCSEscalations","","Tue Jun 09 18:58:01 UTC 2026","passed","Tue Jun 09 18:58:01 UTC 2026","","Go Test","github.com/specterops/bloodhound/cmd/api/src/api/v2/TestResources_ListADCSEscalations","TestResources_ListADCSEscalations"
"Test cases for TestTimePointer","0","TestTimePointer","","Tue Jun 09 18:58:04 UTC 2026","passed","Tue Jun 09 18:58:04 UTC 2026","","Go Test","github.com/specterops/bloodhound/cmd/api/src/database/types/null/TestTimePointer","TestTimePointer"
"","583","sets exploreSearchTab param to pathfinding when the user clicks the `pathfinding` tab","ExploreSearch sets searchType on tab changing","Tue Jun 09 19:27:24 UTC 2026","passed","Tue Jun 09 19:27:25 UTC 2026","","","",""
"","1","should compute coordinates along a quadratic bezier curve for a given t value","bezier","Tue Jun 09 19:27:39 UTC 2026","passed","Tue Jun 09 19:27:39 UTC 2026","","","",""
"Test cases for TestGC_NewDataPruningDaemon","0","TestGC_NewDataPruningDaemon","","Tue Jun 09 18:58:02 UTC 2026","passed","Tue Jun 09 18:58:02 UTC 2026","","Go Test","github.com/specterops/bloodhound/cmd/api/src/daemons/gc/TestGC_NewDataPruningDaemon","TestGC_NewDataPruningDaemon"
"Test cases for TestLoginResource_Logout","7","TestLoginResource_Logout","","Tue Jun 09 18:58:36 UTC 2026","passed","Tue Jun 09 18:58:36 UTC 2026","","Go Test","github.com/specterops/bloodhound/cmd/api/src/api/v2/auth/TestLoginResource_Logout","TestLoginResource_Logout"
"Test cases for TestReadDomainIDandNameAsString","0","TestReadDomainIDandNameAsString","","Tue Jun 09 18:58:16 UTC 2026","passed","Tue Jun 09 18:58:16 UTC 2026","","Go Test","github.com/specterops/bloodhound/packages/go/analysis/ad/internal/nodeprops/TestReadDomainIDandNameAsString","TestReadDomainIDandNameAsString"
"","9","returns when label limit is reached","useTagLimits","Tue Jun 09 19:21:59 UTC 2026","passed","Tue Jun 09 19:21:59 UTC 2026","","","",""
"Test cases for TestResources_CreateSavedQuery","0","TestResources_CreateSavedQuery","","Tue Jun 09 18:58:01 UTC 2026","passed","Tue Jun 09 18:58:01 UTC 2026","","Go Test","github.com/specterops/bloodhound/cmd/api/src/api/v2/TestResources_CreateSavedQuery","TestResources_CreateSavedQuery"
"","145","shows ""<10 Days to Expire"" warning when token expires within 10 days","UserTokenManagementDialog - API Expiration Date column","Tue Jun 09 19:23:11 UTC 2026","passed","Tue Jun 09 19:23:11 UTC 2026","","","",""
"Test cases for FuzzFoldlLazy","0","FuzzFoldlLazy","","Tue Jun 09 18:58:18 UTC 2026","passed","Tue Jun 09 18:58:18 UTC 2026","","Go Test","github.com/specterops/bloodhound/packages/go/slicesext/FuzzFoldlLazy","FuzzFoldlLazy"
"Test cases for TestWriteAndValidateFileWithPrefix","2","TestWriteAndValidateFileWithPrefix","","Tue Jun 09 18:58:09 UTC 2026","passed","Tue Jun 09 18:58:09 UTC 2026","","Go Test","github.com/specterops/bloodhound/cmd/api/src/services/upload/TestWriteAndValidateFileWithPrefix","TestWriteAndValidateFileWithPrefix"
"","399","renders headers","CommonSearches","Tue Jun 09 19:23:20 UTC 2026","passed","Tue Jun 09 19:23:21 UTC 2026","","","",""
"Test cases for TestCache_NewCache","0","TestCache_NewCache","","Tue Jun 09 18:58:16 UTC 2026","passed","Tue Jun 09 18:58:16 UTC 2026","","Go Test","github.com/specterops/bloodhound/packages/go/cache/TestCache_NewCache","TestCache_NewCache"
"","1411","should display all available SSO providers","CreateUserDialog","Tue Jun 09 19:22:09 UTC 2026","passed","Tue Jun 09 19:22:10 UTC 2026","","","",""
"Test cases for TestNormalizeToUTF8_ReaderError","0","TestNormalizeToUTF8_ReaderError","","Tue Jun 09 18:58:16 UTC 2026","passed","Tue Jun 09 18:58:16 UTC 2026","","Go Test","github.com/specterops/bloodhound/packages/go/bomenc/TestNormalizeToUTF8_ReaderError","TestNormalizeToUTF8_ReaderError"
"","0","should handle the well formed entities","Evaluating the entity display name from a given entity","Tue Jun 09 19:23:26 UTC 2026","passed","Tue Jun 09 19:23:26 UTC 2026","","","",""
"","722","open and closes dialog with confirm button after user inputs required text","Tag Form","Tue Jun 09 19:21:16 UTC 2026","passed","Tue Jun 09 19:21:17 UTC 2026","","","",""
"","224","only sends dirty fields in the request when updating","Tag Form","Tue Jun 09 19:21:14 UTC 2026","passed","Tue Jun 09 19:21:15 UTC 2026","","","",""
"","2","stores a string value in localStorage","useLocalStorage","Tue Jun 09 19:23:50 UTC 2026","passed","Tue Jun 09 19:23:50 UTC 2026","","setValue","",""
"","0","returns the distance between two coordinates","getDistanceBetween","Tue Jun 09 19:28:00 UTC 2026","passed","Tue Jun 09 19:28:00 UTC 2026","","","",""
"","1","returns the edge and both of its endpoint nodes","SigmaChart Utils","Tue Jun 09 19:27:45 UTC 2026","passed","Tue Jun 09 19:27:45 UTC 2026","when an edge is selected","getFullPathHighlightedEntities","",""
"Test cases for Test_sortAndSliceResults_limit","0","Test_sortAndSliceResults_limit","","Tue Jun 09 18:58:06 UTC 2026","passed","Tue Jun 09 18:58:06 UTC 2026","","Go Test","github.com/specterops/bloodhound/cmd/api/src/queries/Test_sortAndSliceResults_limit","Test_sortAndSliceResults_limit"
"","496","when an `inputValue` is provided it eventually displays a list of search results","ExploreSearchCombobox","Tue Jun 09 19:23:32 UTC 2026","passed","Tue Jun 09 19:23:32 UTC 2026","","","",""
"","15","makes no count request when neither a Tag or Rule is selected (tagId and ruleId are undefined from path params","useObjectCounts","Tue Jun 09 19:26:18 UTC 2026","passed","Tue Jun 09 19:26:18 UTC 2026","","","",""
"Test cases for TestIngestionCoordinator_FlushBuffer","1","TestIngestionCoordinator_FlushBuffer","","Tue Jun 09 18:58:03 UTC 2026","passed","Tue Jun 09 18:58:03 UTC 2026","","Go Test","github.com/specterops/bloodhound/cmd/api/src/daemons/changelog/TestIngestionCoordinator_FlushBuffer","TestIngestionCoordinator_FlushBuffer"
"Test cases for TestParseKind","0","TestParseKind","","Tue Jun 09 18:58:17 UTC 2026","passed","Tue Jun 09 18:58:17 UTC 2026","","Go Test","github.com/specterops/bloodhound/packages/go/ein/TestParseKind","TestParseKind"
"","104","should display the logged in user's role","UserProfile","Tue Jun 09 19:23:44 UTC 2026","passed","Tue Jun 09 19:23:44 UTC 2026","","","",""
"","463","sets exploreSearchTab param to node when the user clicks the `Search` tab","ExploreSearch sets searchType on tab changing","Tue Jun 09 19:27:24 UTC 2026","passed","Tue Jun 09 19:27:24 UTC 2026","","","",""
"","4398","subcategory with duplicate name does not show indeterminate when all its children are unchecked","Pathfinding","Tue Jun 09 19:22:53 UTC 2026","passed","Tue Jun 09 19:22:57 UTC 2026","","","",""
"Test cases for TestCreateUser_Failure","0","TestCreateUser_Failure","","Tue Jun 09 18:58:07 UTC 2026","passed","Tue Jun 09 18:58:07 UTC 2026","","Go Test","github.com/specterops/bloodhound/cmd/api/src/api/v2/auth/TestCreateUser_Failure","TestCreateUser_Failure"
"Test cases for TestResources_ListAuditLogs_InvalidColumn","0","TestResources_ListAuditLogs_InvalidColumn","","Tue Jun 09 18:58:01 UTC 2026","passed","Tue Jun 09 18:58:01 UTC 2026","","Go Test","github.com/specterops/bloodhound/cmd/api/src/api/v2/TestResources_ListAuditLogs_InvalidColumn","TestResources_ListAuditLogs_InvalidColumn"
"Test cases for TestLoginSuccess","0","TestLoginSuccess","","Tue Jun 09 18:58:01 UTC 2026","passed","Tue Jun 09 18:58:01 UTC 2026","","Go Test","github.com/specterops/bloodhound/cmd/api/src/api/v2/auth/TestLoginSuccess","TestLoginSuccess"
"Copyright 2021 The Go Authors. All rights reserved.TestConcat was ripped from go1.22 source and should be replaced with the stdlib implementation when we move to 1.22Original source: https:","0","TestConcat","","Tue Jun 09 18:58:18 UTC 2026","passed","Tue Jun 09 18:58:18 UTC 2026","","Go Test","github.com/specterops/bloodhound/packages/go/slicesext/TestConcat","TestConcat"
"","1","filters by multiple risk levels","filterAndSearchEnvironments","Tue Jun 09 19:21:37 UTC 2026","passed","Tue Jun 09 19:21:37 UTC 2026","","risk filters","",""
"Test cases for TestNewNodeNamePrefix","0","TestNewNodeNamePrefix","","Tue Jun 09 18:58:16 UTC 2026","passed","Tue Jun 09 18:58:16 UTC 2026","","Go Test","github.com/specterops/bloodhound/packages/go/analysis/ad/wellknown/TestNewNodeNamePrefix","TestNewNodeNamePrefix"
"","383","should disable Cancel and Save buttons while isLoading is true","CreateUserDialog","Tue Jun 09 19:22:10 UTC 2026","passed","Tue Jun 09 19:22:10 UTC 2026","","","",""
"Test cases for TestManagementResource_GetSelf","1","TestManagementResource_GetSelf","","Tue Jun 09 18:58:22 UTC 2026","passed","Tue Jun 09 18:58:22 UTC 2026","","Go Test","github.com/specterops/bloodhound/cmd/api/src/api/v2/auth/TestManagementResource_GetSelf","TestManagementResource_GetSelf"
"Test cases for Test_FixtureSetup","0","Test_FixtureSetup","","Tue Jun 09 18:58:17 UTC 2026","passed","Tue Jun 09 18:58:17 UTC 2026","","Go Test","github.com/specterops/bloodhound/packages/go/lab/Test_FixtureSetup","Test_FixtureSetup"
"","0","fails for password without lowercase letters","testPassword","Tue Jun 09 19:26:46 UTC 2026","passed","Tue Jun 09 19:26:46 UTC 2026","","","",""
"Test cases for TestModifyCookieAttribute","1","TestModifyCookieAttribute","","Tue Jun 09 18:58:12 UTC 2026","passed","Tue Jun 09 18:58:12 UTC 2026","","Go Test","github.com/specterops/bloodhound/cmd/api/src/utils/test/TestModifyCookieAttribute","TestModifyCookieAttribute"
"","202","calls onLayoutChange with the selected layout","GraphControls","Tue Jun 09 19:21:31 UTC 2026","passed","Tue Jun 09 19:21:32 UTC 2026","","Selecting a layout","",""
"","27","sets autoDisplayTable to false if query type is relationship","useExploreTableAutoDisplay","Tue Jun 09 19:25:38 UTC 2026","passed","Tue Jun 09 19:25:38 UTC 2026","","","",""
"","1","returns propertyKeys from all three kind property enums","graphSchema","Tue Jun 09 19:26:14 UTC 2026","passed","Tue Jun 09 19:26:14 UTC 2026","","","",""
"","28","returns numbers as strings","numberFormatting","Tue Jun 09 19:24:31 UTC 2026","passed","Tue Jun 09 19:24:31 UTC 2026","","","",""
"","343","renders","EarlyAccessFeaturesWarningDialog","Tue Jun 09 19:28:00 UTC 2026","passed","Tue Jun 09 19:28:01 UTC 2026","","","",""
"","365","displays a “Disable query timeout” checkbox when timeout limit param config is enabled false","ExploreSearch interaction","Tue Jun 09 19:27:29 UTC 2026","passed","Tue Jun 09 19:27:29 UTC 2026","","","",""
"Test cases for TestManagementResource_PutUserAuthSecret","5575","TestManagementResource_PutUserAuthSecret","","Tue Jun 09 18:58:01 UTC 2026","passed","Tue Jun 09 18:58:07 UTC 2026","","Go Test","github.com/specterops/bloodhound/cmd/api/src/api/v2/auth/TestManagementResource_PutUserAuthSecret","TestManagementResource_PutUserAuthSecret"
"","601","Expand button causes table to expand to full height","ExploreTable","Tue Jun 09 19:21:12 UTC 2026","passed","Tue Jun 09 19:21:12 UTC 2026","","","",""
"","145","renders a single item when items is an object","<DetailsAccordion />","Tue Jun 09 19:23:15 UTC 2026","passed","Tue Jun 09 19:23:15 UTC 2026","","","",""
"Test cases for TestFloatFromPtr","0","TestFloatFromPtr","","Tue Jun 09 18:58:04 UTC 2026","passed","Tue Jun 09 18:58:04 UTC 2026","","Go Test","github.com/specterops/bloodhound/cmd/api/src/database/types/null/TestFloatFromPtr","TestFloatFromPtr"
"","2290","should clear out the SSO Provider id from submission data when the authentication method is changed","CreateUserDialog","Tue Jun 09 19:22:10 UTC 2026","passed","Tue Jun 09 19:22:13 UTC 2026","","","",""
"Test cases for TestManagementResource_OIDCLoginHandler","6","TestManagementResource_OIDCLoginHandler","","Tue Jun 09 18:58:36 UTC 2026","passed","Tue Jun 09 18:58:36 UTC 2026","","Go Test","github.com/specterops/bloodhound/cmd/api/src/api/v2/auth/TestManagementResource_OIDCLoginHandler","TestManagementResource_OIDCLoginHandler"
"","99","clicking a disabled header does not toggle content","<DetailsAccordion />","Tue Jun 09 19:23:16 UTC 2026","passed","Tue Jun 09 19:23:16 UTC 2026","","","",""
"","4","does not put assertive messages in the polite region","AnnouncementProvider","Tue Jun 09 19:24:54 UTC 2026","passed","Tue Jun 09 19:24:54 UTC 2026","","","",""
"Test cases for TestSetFontIcon","0","TestSetFontIcon","","Tue Jun 09 18:57:49 UTC 2026","passed","Tue Jun 09 18:57:49 UTC 2026","","Go Test","github.com/specterops/bloodhound/cmd/api/src/api/bloodhoundgraph/TestSetFontIcon","TestSetFontIcon"
"","68","should navigate to the correct page on alt + digit keydown","Keyboard shortcuts","Tue Jun 09 19:23:50 UTC 2026","passed","Tue Jun 09 19:23:50 UTC 2026","","","",""
"Test cases for TestConvertAzureRoleEligibilityScheduleInstanceToRel","0","TestConvertAzureRoleEligibilityScheduleInstanceToRel","","Tue Jun 09 18:58:17 UTC 2026","passed","Tue Jun 09 18:58:17 UTC 2026","","Go Test","github.com/specterops/bloodhound/packages/go/ein/TestConvertAzureRoleEligibilityScheduleInstanceToRel","TestConvertAzureRoleEligibilityScheduleInstanceToRel"
"","162","renders the component with all info and switch off","CitrixRDPConfiguration","Tue Jun 09 19:23:37 UTC 2026","passed","Tue Jun 09 19:23:37 UTC 2026","","Initial render","",""
"","0","returns disabled if relationshipQueryItemId does not have a matching sourceId, edgeType, targetId","useExploreGraph","Tue Jun 09 19:22:38 UTC 2026","passed","Tue Jun 09 19:22:38 UTC 2026","composition search queries","exploreGraphQueryFactory","",""
"Test cases for Test_HarnessTeardown","0","Test_HarnessTeardown","","Tue Jun 09 18:58:17 UTC 2026","passed","Tue Jun 09 18:58:17 UTC 2026","","Go Test","github.com/specterops/bloodhound/packages/go/lab/Test_HarnessTeardown","Test_HarnessTeardown"
"Test cases for TestManagementResource_SAMLCallbackRedirect","6","TestManagementResource_SAMLCallbackRedirect","","Tue Jun 09 18:58:36 UTC 2026","passed","Tue Jun 09 18:58:36 UTC 2026","","Go Test","github.com/specterops/bloodhound/cmd/api/src/api/v2/auth/TestManagementResource_SAMLCallbackRedirect","TestManagementResource_SAMLCallbackRedirect"
"Test cases for TestSignRequestAtInternalError","0","TestSignRequestAtInternalError","","Tue Jun 09 18:57:50 UTC 2026","passed","Tue Jun 09 18:57:50 UTC 2026","","Go Test","github.com/specterops/bloodhound/cmd/api/src/api/TestSignRequestAtInternalError","TestSignRequestAtInternalError"
"Test cases for TestOpenGraphSchemaService_GetSchemaFindings","1","TestOpenGraphSchemaService_GetSchemaFindings","","Tue Jun 09 18:58:08 UTC 2026","passed","Tue Jun 09 18:58:08 UTC 2026","","Go Test","github.com/specterops/bloodhound/cmd/api/src/services/opengraphschema/TestOpenGraphSchemaService_GetSchemaFindings","TestOpenGraphSchemaService_GetSchemaFindings"
"","578","renders no asset group edit options without graph write permissions","ContextMenu","Tue Jun 09 19:27:34 UTC 2026","passed","Tue Jun 09 19:27:35 UTC 2026","","","",""
"","5","matches all AD edges","Make sure pathfinding filterable edges match schemagen","Tue Jun 09 19:26:47 UTC 2026","passed","Tue Jun 09 19:26:47 UTC 2026","","","",""
"","982","should not call onSubmit when expired password matches current password when reset password button clicked","PasswordResetForm","Tue Jun 09 19:24:14 UTC 2026","passed","Tue Jun 09 19:24:15 UTC 2026","","","",""
"","547","toggles parent from all to none","GraphDataCheckboxes","Tue Jun 09 19:22:42 UTC 2026","passed","Tue Jun 09 19:22:42 UTC 2026","","","",""
"Test cases for TestCreateUser_ResetPassword","1443","TestCreateUser_ResetPassword","","Tue Jun 09 18:58:13 UTC 2026","passed","Tue Jun 09 18:58:15 UTC 2026","","Go Test","github.com/specterops/bloodhound/cmd/api/src/api/v2/auth/TestCreateUser_ResetPassword","TestCreateUser_ResetPassword"
"","196","a name value is required to submit the form","Tag Form","Tue Jun 09 19:21:13 UTC 2026","passed","Tue Jun 09 19:21:13 UTC 2026","","","",""
"Test cases for TestParseUserIP_RemoteAddrOnly","0","TestParseUserIP_RemoteAddrOnly","","Tue Jun 09 18:57:54 UTC 2026","passed","Tue Jun 09 18:57:54 UTC 2026","","Go Test","github.com/specterops/bloodhound/cmd/api/src/api/middleware/TestParseUserIP_RemoteAddrOnly","TestParseUserIP_RemoteAddrOnly"
"Test cases for TestCache_GuardedSet","0","TestCache_GuardedSet","","Tue Jun 09 18:58:16 UTC 2026","passed","Tue Jun 09 18:58:16 UTC 2026","","Go Test","github.com/specterops/bloodhound/packages/go/cache/TestCache_GuardedSet","TestCache_GuardedSet"
"","0","Empty input is provided","Parsing the debounced input for type and keyword values","Tue Jun 09 19:25:03 UTC 2026","passed","Tue Jun 09 19:25:03 UTC 2026","","","",""
"Test cases for TestResources_CreateSavedQuery_EmptyBody","0","TestResources_CreateSavedQuery_EmptyBody","","Tue Jun 09 18:58:01 UTC 2026","passed","Tue Jun 09 18:58:01 UTC 2026","","Go Test","github.com/specterops/bloodhound/cmd/api/src/api/v2/TestResources_CreateSavedQuery_EmptyBody","TestResources_CreateSavedQuery_EmptyBody"
"","561","On successful upload, displays a completion of 100% and adds a ""Complete"" button that closes the dialog","SchemaUploadDialog","Tue Jun 09 19:22:51 UTC 2026","passed","Tue Jun 09 19:22:51 UTC 2026","","","",""
"Test cases for TestQueries_BuildEntityQueryParams_InvalidSkip","0","TestQueries_BuildEntityQueryParams_InvalidSkip","","Tue Jun 09 18:58:06 UTC 2026","passed","Tue Jun 09 18:58:06 UTC 2026","","Go Test","github.com/specterops/bloodhound/cmd/api/src/queries/TestQueries_BuildEntityQueryParams_InvalidSkip","TestQueries_BuildEntityQueryParams_InvalidSkip"
"","24","displays lastlogon cell as UNKNOWN when the value is 0","ExploreTableDataCell","Tue Jun 09 19:26:04 UTC 2026","passed","Tue Jun 09 19:26:04 UTC 2026","","","",""
"","2204","should remove the option from the changelog when the corresponding button is clicked","AssetGroupEdit","Tue Jun 09 19:25:02 UTC 2026","passed","Tue Jun 09 19:25:04 UTC 2026","","","",""
"Test cases for TestGetPlatformAggregateStats_Success","2","TestGetPlatformAggregateStats_Success","","Tue Jun 09 18:58:01 UTC 2026","passed","Tue Jun 09 18:58:01 UTC 2026","","Go Test","github.com/specterops/bloodhound/cmd/api/src/api/v2/TestGetPlatformAggregateStats_Success","TestGetPlatformAggregateStats_Success"
"","496","shows error notification when deletion fails","ActiveExtensionsCard","Tue Jun 09 19:21:47 UTC 2026","passed","Tue Jun 09 19:21:47 UTC 2026","","","",""
"","225","calls onChangePinnedColumns to unpin a column when its pin icon is clicked","ManageColumnsComboBox","Tue Jun 09 19:23:21 UTC 2026","passed","Tue Jun 09 19:23:21 UTC 2026","","","",""
"Test cases for Test_UseFixture","0","Test_UseFixture","","Tue Jun 09 18:58:17 UTC 2026","passed","Tue Jun 09 18:58:17 UTC 2026","","Go Test","github.com/specterops/bloodhound/packages/go/lab/Test_UseFixture","Test_UseFixture"
"","34","whencreated","Handling value formatting for Active Directory entity properties lastlogon, lastlogontimestamp, whencreated, and pwdlastset","Tue Jun 09 19:23:25 UTC 2026","passed","Tue Jun 09 19:23:25 UTC 2026","","","",""
"Test cases for TestResources_ListADDomainForeignUsers","0","TestResources_ListADDomainForeignUsers","","Tue Jun 09 18:58:01 UTC 2026","passed","Tue Jun 09 18:58:01 UTC 2026","","Go Test","github.com/specterops/bloodhound/cmd/api/src/api/v2/TestResources_ListADDomainForeignUsers","TestResources_ListADDomainForeignUsers"
"Test cases for TestResources_ListFileUploadJobs","0","TestResources_ListFileUploadJobs","","Tue Jun 09 18:58:01 UTC 2026","passed","Tue Jun 09 18:58:01 UTC 2026","","Go Test","github.com/specterops/bloodhound/cmd/api/src/api/v2/TestResources_ListFileUploadJobs","TestResources_ListFileUploadJobs"
"Test cases for TestToolContainer_GetScheduledAnalysisConfiguration","4","TestToolContainer_GetScheduledAnalysisConfiguration","","Tue Jun 09 18:57:54 UTC 2026","passed","Tue Jun 09 18:57:54 UTC 2026","","Go Test","github.com/specterops/bloodhound/cmd/api/src/api/tools/TestToolContainer_GetScheduledAnalysisConfiguration","TestToolContainer_GetScheduledAnalysisConfiguration"
"Test cases for TestResources_UpdateAssetGroupTagSelector","1","TestResources_UpdateAssetGroupTagSelector","","Tue Jun 09 18:58:01 UTC 2026","passed","Tue Jun 09 18:58:01 UTC 2026","","Go Test","github.com/specterops/bloodhound/cmd/api/src/api/v2/TestResources_UpdateAssetGroupTagSelector","TestResources_UpdateAssetGroupTagSelector"
"Test cases for TestExtractIngestFilesReturnsJSONFile","1","TestExtractIngestFilesReturnsJSONFile","","Tue Jun 09 18:58:07 UTC 2026","passed","Tue Jun 09 18:58:07 UTC 2026","","Go Test","github.com/specterops/bloodhound/cmd/api/src/services/graphify/TestExtractIngestFilesReturnsJSONFile","TestExtractIngestFilesReturnsJSONFile"
"Test cases for TestIntFromPtr","0","TestIntFromPtr","","Tue Jun 09 18:58:04 UTC 2026","passed","Tue Jun 09 18:58:04 UTC 2026","","Go Test","github.com/specterops/bloodhound/cmd/api/src/database/types/null/TestIntFromPtr","TestIntFromPtr"
"","695","adds node to asset group tag with confirmation","AssetGroupMenuItem","Tue Jun 09 19:23:26 UTC 2026","passed","Tue Jun 09 19:23:27 UTC 2026","","","",""
"","2403","should render search input","Pathfinding","Tue Jun 09 19:21:50 UTC 2026","passed","Tue Jun 09 19:21:52 UTC 2026","","","",""
"","1","returns query config when searchType is composition and all required params are passed","useExploreGraph","Tue Jun 09 19:22:38 UTC 2026","passed","Tue Jun 09 19:22:38 UTC 2026","composition search queries","exploreGraphQueryFactory","",""
"Test cases for TestResources_ListAcceptedFileUploadTypes","0","TestResources_ListAcceptedFileUploadTypes","","Tue Jun 09 18:58:01 UTC 2026","passed","Tue Jun 09 18:58:01 UTC 2026","","Go Test","github.com/specterops/bloodhound/cmd/api/src/api/v2/TestResources_ListAcceptedFileUploadTypes","TestResources_ListAcceptedFileUploadTypes"
"","311","should render with the correct content","ConfirmUpdateQueryDialog","Tue Jun 09 19:26:22 UTC 2026","passed","Tue Jun 09 19:26:23 UTC 2026","","","",""
"","423","should render","LoginViaSSOForm","Tue Jun 09 19:25:07 UTC 2026","passed","Tue Jun 09 19:25:07 UTC 2026","","","",""
"Test cases for TestResolver_StartDone","0","TestResolver_StartDone","","Tue Jun 09 18:58:07 UTC 2026","passed","Tue Jun 09 18:58:07 UTC 2026","","Go Test","github.com/specterops/bloodhound/cmd/api/src/services/graphify/endpoint/TestResolver_StartDone","TestResolver_StartDone"
"Test cases for TestSignRequestValuesUnsupportedHMACMethod","0","TestSignRequestValuesUnsupportedHMACMethod","","Tue Jun 09 18:57:49 UTC 2026","passed","Tue Jun 09 18:57:49 UTC 2026","","Go Test","github.com/specterops/bloodhound/cmd/api/src/api/TestSignRequestValuesUnsupportedHMACMethod","TestSignRequestValuesUnsupportedHMACMethod"
"Test cases for Test_AuthMiddleware","0","Test_AuthMiddleware","","Tue Jun 09 18:57:54 UTC 2026","passed","Tue Jun 09 18:57:54 UTC 2026","","Go Test","github.com/specterops/bloodhound/cmd/api/src/api/middleware/Test_AuthMiddleware","Test_AuthMiddleware"
"","64","stores the state of a search term without modifying the query params","useCypherSearch","Tue Jun 09 19:26:19 UTC 2026","passed","Tue Jun 09 19:26:19 UTC 2026","","","",""
"Test cases for TestResources_UpdateSavedQuery_AdminPublicQuery_Success","0","TestResources_UpdateSavedQuery_AdminPublicQuery_Success","","Tue Jun 09 18:58:01 UTC 2026","passed","Tue Jun 09 18:58:01 UTC 2026","","Go Test","github.com/specterops/bloodhound/cmd/api/src/api/v2/TestResources_UpdateSavedQuery_AdminPublicQuery_Success","TestResources_UpdateSavedQuery_AdminPublicQuery_Success"
"Test cases for TestManagementResource_UpdateUser_LookupActiveSessionsError","714","TestManagementResource_UpdateUser_LookupActiveSessionsError","","Tue Jun 09 18:58:21 UTC 2026","passed","Tue Jun 09 18:58:22 UTC 2026","","Go Test","github.com/specterops/bloodhound/cmd/api/src/api/v2/auth/TestManagementResource_UpdateUser_LookupActiveSessionsError","TestManagementResource_UpdateUser_LookupActiveSessionsError"
"Test cases for TestDomainSelectors_GetFilterCriteria_InvalidFilterPredicate","0","TestDomainSelectors_GetFilterCriteria_InvalidFilterPredicate","","Tue Jun 09 18:58:04 UTC 2026","passed","Tue Jun 09 18:58:04 UTC 2026","","Go Test","github.com/specterops/bloodhound/cmd/api/src/model/TestDomainSelectors_GetFilterCriteria_InvalidFilterPredicate","TestDomainSelectors_GetFilterCriteria_InvalidFilterPredicate"
"","1","filters by azure platform","filterAndSearchEnvironments","Tue Jun 09 19:21:37 UTC 2026","passed","Tue Jun 09 19:21:37 UTC 2026","","platform filters","",""
"Test cases for TestNodeNamePrefix_AppendSuffix","0","TestNodeNamePrefix_AppendSuffix","","Tue Jun 09 18:58:16 UTC 2026","passed","Tue Jun 09 18:58:16 UTC 2026","","Go Test","github.com/specterops/bloodhound/packages/go/analysis/ad/wellknown/TestNodeNamePrefix_AppendSuffix","TestNodeNamePrefix_AppendSuffix"
"Test cases for TestParseHeaderValues","0","TestParseHeaderValues","","Tue Jun 09 18:57:54 UTC 2026","passed","Tue Jun 09 18:57:54 UTC 2026","","Go Test","github.com/specterops/bloodhound/cmd/api/src/api/middleware/TestParseHeaderValues","TestParseHeaderValues"
"","4","returns {enabled: false} if there is not a match on the switch statement","useExploreGraph","Tue Jun 09 19:22:38 UTC 2026","passed","Tue Jun 09 19:22:38 UTC 2026","","exploreGraphQueryFactory","",""
"","1004","should call onSave when Save button is clicked and form input is valid","UpdateUserDialog","Tue Jun 09 19:22:29 UTC 2026","passed","Tue Jun 09 19:22:30 UTC 2026","","","",""
"Test cases for TestNewDefaultConfig","0","TestNewDefaultConfig","","Tue Jun 09 18:58:02 UTC 2026","passed","Tue Jun 09 18:58:02 UTC 2026","","Go Test","github.com/specterops/bloodhound/cmd/api/src/config/TestNewDefaultConfig","TestNewDefaultConfig"
"","1","determines glyphs with the tier_managent_engine feature flag enabled","getNodeGlyphs","Tue Jun 09 19:27:36 UTC 2026","passed","Tue Jun 09 19:27:36 UTC 2026","","","",""
"","566","should call onSubmit with initiation_url of selected SSO provider","LoginViaSSOForm","Tue Jun 09 19:25:08 UTC 2026","passed","Tue Jun 09 19:25:08 UTC 2026","","","",""
"","70","should not display the ETAC role-based filtering badge when filtering is disabled","Zone Management","Tue Jun 09 19:25:35 UTC 2026","passed","Tue Jun 09 19:25:35 UTC 2026","","","",""
"","2486","""Columns"" button allows user to edit column settings","ExploreTable","Tue Jun 09 19:21:07 UTC 2026","passed","Tue Jun 09 19:21:09 UTC 2026","","","",""
"","25","displays CaretUp icon when the sortOrder is asc","ColumnHeaders","Tue Jun 09 19:24:27 UTC 2026","passed","Tue Jun 09 19:24:27 UTC 2026","","SortableHeader","",""
"Test cases for TestSeekToKey","0","TestSeekToKey","","Tue Jun 09 18:58:07 UTC 2026","passed","Tue Jun 09 18:58:07 UTC 2026","","Go Test","github.com/specterops/bloodhound/cmd/api/src/services/graphify/TestSeekToKey","TestSeekToKey"
"Test cases for TestResources_GetAssetGroupTagSelectors","1","TestResources_GetAssetGroupTagSelectors","","Tue Jun 09 18:58:01 UTC 2026","passed","Tue Jun 09 18:58:01 UTC 2026","","Go Test","github.com/specterops/bloodhound/cmd/api/src/api/v2/TestResources_GetAssetGroupTagSelectors","TestResources_GetAssetGroupTagSelectors"
"","17","renders note content when currentNote is present","HistoryNotes Component","Tue Jun 09 19:26:30 UTC 2026","passed","Tue Jun 09 19:26:30 UTC 2026","","","",""
"","1","returns empty sets when highlightedItem is null","SigmaChart Utils","Tue Jun 09 19:27:45 UTC 2026","passed","Tue Jun 09 19:27:45 UTC 2026","","getFullPathHighlightedEntities","",""
"Test cases for TestMarshalInt64Text","0","TestMarshalInt64Text","","Tue Jun 09 18:58:04 UTC 2026","passed","Tue Jun 09 18:58:04 UTC 2026","","Go Test","github.com/specterops/bloodhound/cmd/api/src/database/types/null/TestMarshalInt64Text","TestMarshalInt64Text"
"Test cases for TestManagementResource_UpdateUser_GetUserError","1161","TestManagementResource_UpdateUser_GetUserError","","Tue Jun 09 18:58:16 UTC 2026","passed","Tue Jun 09 18:58:17 UTC 2026","","Go Test","github.com/specterops/bloodhound/cmd/api/src/api/v2/auth/TestManagementResource_UpdateUser_GetUserError","TestManagementResource_UpdateUser_GetUserError"
"Test cases for TestJSONFloat_MarshalJSON","0","TestJSONFloat_MarshalJSON","","Tue Jun 09 18:58:04 UTC 2026","passed","Tue Jun 09 18:58:04 UTC 2026","","Go Test","github.com/specterops/bloodhound/cmd/api/src/database/types/nan/TestJSONFloat_MarshalJSON","TestJSONFloat_MarshalJSON"
"Test cases for TestParsePreferHeaderWait","0","TestParsePreferHeaderWait","","Tue Jun 09 18:57:54 UTC 2026","passed","Tue Jun 09 18:57:54 UTC 2026","","Go Test","github.com/specterops/bloodhound/cmd/api/src/api/middleware/TestParsePreferHeaderWait","TestParsePreferHeaderWait"
"","115","calls onClick when toggle button clicked","EarlyAccessFeatureToggle","Tue Jun 09 19:27:53 UTC 2026","passed","Tue Jun 09 19:27:53 UTC 2026","","","",""
"","480","calls onSave without current password when requireCurrentPassword is false","PasswordDialog","Tue Jun 09 19:22:00 UTC 2026","passed","Tue Jun 09 19:22:01 UTC 2026","","","",""
"Test cases for TestResources_GetEdgeACLInheritancePath","101","TestResources_GetEdgeACLInheritancePath","","Tue Jun 09 18:58:01 UTC 2026","passed","Tue Jun 09 18:58:01 UTC 2026","","Go Test","github.com/specterops/bloodhound/cmd/api/src/api/v2/TestResources_GetEdgeACLInheritancePath","TestResources_GetEdgeACLInheritancePath"
"","7","clears sort state","useSortParams","Tue Jun 09 19:25:06 UTC 2026","passed","Tue Jun 09 19:25:06 UTC 2026","","","",""
"","0","excludes non-collected environments when risk filter is active","filterAndSearchEnvironments","Tue Jun 09 19:21:37 UTC 2026","passed","Tue Jun 09 19:21:37 UTC 2026","","risk filters","",""
"","382","clears selected item when pathfinding search returns results","GraphView","Tue Jun 09 19:27:19 UTC 2026","passed","Tue Jun 09 19:27:20 UTC 2026","","","",""
"Test cases for TestUnmarshalTimeText","1","TestUnmarshalTimeText","","Tue Jun 09 18:58:04 UTC 2026","passed","Tue Jun 09 18:58:04 UTC 2026","","Go Test","github.com/specterops/bloodhound/cmd/api/src/database/types/null/TestUnmarshalTimeText","TestUnmarshalTimeText"
"","115","enables the user actions menu for a user with the administrator role","User Actions Menu","Tue Jun 09 19:24:15 UTC 2026","passed","Tue Jun 09 19:24:15 UTC 2026","","Button Menu State","",""
"","83","should render a label and version number when expanded","MainNav","Tue Jun 09 19:23:50 UTC 2026","passed","Tue Jun 09 19:23:50 UTC 2026","","","",""
"","536","filters by the selected date range","FileIngestFilterDialog","Tue Jun 09 19:23:02 UTC 2026","passed","Tue Jun 09 19:23:02 UTC 2026","","Date Range Inputs","",""
"Test cases for TestResources_DeleteSavedQuery_DeleteError","0","TestResources_DeleteSavedQuery_DeleteError","","Tue Jun 09 18:58:01 UTC 2026","passed","Tue Jun 09 18:58:01 UTC 2026","","Go Test","github.com/specterops/bloodhound/cmd/api/src/api/v2/TestResources_DeleteSavedQuery_DeleteError","TestResources_DeleteSavedQuery_DeleteError"
"Test cases for TestResources_ListAuditLogs_OnlySkip","0","TestResources_ListAuditLogs_OnlySkip","","Tue Jun 09 18:58:01 UTC 2026","passed","Tue Jun 09 18:58:01 UTC 2026","","Go Test","github.com/specterops/bloodhound/cmd/api/src/api/v2/TestResources_ListAuditLogs_OnlySkip","TestResources_ListAuditLogs_OnlySkip"
"Test cases for Test_filterAndFormatSearchResults_default","0","Test_filterAndFormatSearchResults_default","","Tue Jun 09 18:58:01 UTC 2026","passed","Tue Jun 09 18:58:01 UTC 2026","","Go Test","github.com/specterops/bloodhound/cmd/api/src/api/v2/Test_filterAndFormatSearchResults_default","Test_filterAndFormatSearchResults_default"
"","240","sums nested section node counts","EntityInfoDataTableGraphed","Tue Jun 09 19:23:41 UTC 2026","passed","Tue Jun 09 19:23:42 UTC 2026","","Node count for nested table that counts all sections","",""
"Test cases for TestTextUnmarshalInt","0","TestTextUnmarshalInt","","Tue Jun 09 18:58:04 UTC 2026","passed","Tue Jun 09 18:58:04 UTC 2026","","Go Test","github.com/specterops/bloodhound/cmd/api/src/database/types/null/TestTextUnmarshalInt","TestTextUnmarshalInt"
"Test cases for TestNewAuditLog_BadAuthContext","0","TestNewAuditLog_BadAuthContext","","Tue Jun 09 18:58:04 UTC 2026","passed","Tue Jun 09 18:58:04 UTC 2026","","Go Test","github.com/specterops/bloodhound/cmd/api/src/database/TestNewAuditLog_BadAuthContext","TestNewAuditLog_BadAuthContext"
"Test cases for TestFloatScan","0","TestFloatScan","","Tue Jun 09 18:58:04 UTC 2026","passed","Tue Jun 09 18:58:04 UTC 2026","","Go Test","github.com/specterops/bloodhound/cmd/api/src/database/types/null/TestFloatScan","TestFloatScan"
"","0","returns true if arrays have same content in different order","areArraysSimilar","Tue Jun 09 19:26:24 UTC 2026","passed","Tue Jun 09 19:26:24 UTC 2026","","","",""
"","1","filters by critical risk level","filterAndSearchEnvironments","Tue Jun 09 19:21:37 UTC 2026","passed","Tue Jun 09 19:21:37 UTC 2026","","risk filters","",""
"","242","renders","EarlyAccessFeatureToggle","Tue Jun 09 19:27:52 UTC 2026","passed","Tue Jun 09 19:27:52 UTC 2026","","","",""
"Test cases for TestBoolFromPtr","0","TestBoolFromPtr","","Tue Jun 09 18:58:04 UTC 2026","passed","Tue Jun 09 18:58:04 UTC 2026","","Go Test","github.com/specterops/bloodhound/cmd/api/src/database/types/null/TestBoolFromPtr","TestBoolFromPtr"
"Test cases for Test_ValidateGraph","19","Test_ValidateGraph","","Tue Jun 09 18:58:09 UTC 2026","passed","Tue Jun 09 18:58:09 UTC 2026","","Go Test","github.com/specterops/bloodhound/cmd/api/src/services/upload/Test_ValidateGraph","Test_ValidateGraph"
"","3364","categories default to expanded","Pathfinding","Tue Jun 09 19:21:56 UTC 2026","passed","Tue Jun 09 19:21:59 UTC 2026","","","",""
"Test cases for TestTextUnmarshalString","0","TestTextUnmarshalString","","Tue Jun 09 18:58:04 UTC 2026","passed","Tue Jun 09 18:58:04 UTC 2026","","Go Test","github.com/specterops/bloodhound/cmd/api/src/database/types/null/TestTextUnmarshalString","TestTextUnmarshalString"
"","0","returns false if value is {}","searchParams","Tue Jun 09 19:25:11 UTC 2026","passed","Tue Jun 09 19:25:11 UTC 2026","","isEmptyParam","",""
"","874","displays must be new password error messages when current password is the same as new password","PasswordDialog","Tue Jun 09 19:21:58 UTC 2026","passed","Tue Jun 09 19:21:59 UTC 2026","","","",""
"","2","should recognize azure properties","validating a node property against the shared generated schema","Tue Jun 09 19:23:26 UTC 2026","passed","Tue Jun 09 19:23:26 UTC 2026","","","",""
"","3","formats the date string","toFormatted","Tue Jun 09 19:26:01 UTC 2026","passed","Tue Jun 09 19:26:01 UTC 2026","","","",""
"","37","should display the checkbox group title","Checkbox group","Tue Jun 09 19:26:31 UTC 2026","passed","Tue Jun 09 19:26:31 UTC 2026","","","",""
"Test cases for TestGraphQuery_RawCypherQuery","16","TestGraphQuery_RawCypherQuery","","Tue Jun 09 18:58:06 UTC 2026","passed","Tue Jun 09 18:58:06 UTC 2026","","Go Test","github.com/specterops/bloodhound/cmd/api/src/queries/TestGraphQuery_RawCypherQuery","TestGraphQuery_RawCypherQuery"
"","1","should return the edge parts from the key","getEdgeDataFromKey","Tue Jun 09 19:28:00 UTC 2026","passed","Tue Jun 09 19:28:00 UTC 2026","","","",""
"","548","disables checkboxes by default","GraphDataCheckboxes","Tue Jun 09 19:22:40 UTC 2026","passed","Tue Jun 09 19:22:40 UTC 2026","","","",""
"","192","calls onChange with all columns when ""Select All"" is clicked","ManageColumnsComboBox","Tue Jun 09 19:23:19 UTC 2026","passed","Tue Jun 09 19:23:19 UTC 2026","","","",""
"","93","renders a ListItemActionMenu component","ListItemActionMenu","Tue Jun 09 19:25:11 UTC 2026","passed","Tue Jun 09 19:25:11 UTC 2026","","","",""
"Test cases for TestTracker_HasEdge_DuplicateCalls","0","TestTracker_HasEdge_DuplicateCalls","","Tue Jun 09 18:58:16 UTC 2026","passed","Tue Jun 09 18:58:16 UTC 2026","","Go Test","github.com/specterops/bloodhound/packages/go/analysis/post/TestTracker_HasEdge_DuplicateCalls","TestTracker_HasEdge_DuplicateCalls"
"","143","enables returning a list of tags","the useAssetGroupTags utilities","Tue Jun 09 19:23:14 UTC 2026","passed","Tue Jun 09 19:23:14 UTC 2026","","","",""
"Test cases for TestFeatureFlag_HA","301","TestFeatureFlag_HA","","Tue Jun 09 18:58:02 UTC 2026","passed","Tue Jun 09 18:58:03 UTC 2026","","Go Test","github.com/specterops/bloodhound/cmd/api/src/daemons/changelog/TestFeatureFlag_HA","TestFeatureFlag_HA"
"Test cases for TestURLJoinPathNoPrefix","0","TestURLJoinPathNoPrefix","","Tue Jun 09 18:57:50 UTC 2026","passed","Tue Jun 09 18:57:50 UTC 2026","","Go Test","github.com/specterops/bloodhound/cmd/api/src/api/TestURLJoinPathNoPrefix","TestURLJoinPathNoPrefix"
"","100","should on clicking collapse all remove expandedPanelSections param from url and set isObjectInfoPanelOpen in context to false","EdgeInfoHeader","Tue Jun 09 19:25:17 UTC 2026","passed","Tue Jun 09 19:25:17 UTC 2026","","","",""
"","394","auto-selects when a search result has a matching objectId","GraphView","Tue Jun 09 19:27:18 UTC 2026","passed","Tue Jun 09 19:27:18 UTC 2026","","","",""
"Test cases for TestResources_CreateAssetGroupTagSelector","4","TestResources_CreateAssetGroupTagSelector","","Tue Jun 09 18:58:01 UTC 2026","passed","Tue Jun 09 18:58:01 UTC 2026","","Go Test","github.com/specterops/bloodhound/cmd/api/src/api/v2/TestResources_CreateAssetGroupTagSelector","TestResources_CreateAssetGroupTagSelector"
"Test cases for TestParseAGMembersFromNodes_MissingNodeProperties","2","TestParseAGMembersFromNodes_MissingNodeProperties","","Tue Jun 09 18:58:01 UTC 2026","passed","Tue Jun 09 18:58:01 UTC 2026","","Go Test","github.com/specterops/bloodhound/cmd/api/src/api/v2/TestParseAGMembersFromNodes_MissingNodeProperties","TestParseAGMembersFromNodes_MissingNodeProperties"
"","0","handles specific Active Directory properties differently than Azure derived properties","Formatting number properties","Tue Jun 09 19:23:26 UTC 2026","passed","Tue Jun 09 19:23:26 UTC 2026","","","",""
"","164","Verify Vault Reader count is the count returned by All Readers","EntityInfoDataTable","Tue Jun 09 19:23:03 UTC 2026","passed","Tue Jun 09 19:23:03 UTC 2026","","Node count for Vault Readers nested table","",""
"","400","does fires TagToZoneDialog when the Zone option is clicked","TagToZoneLabel","Tue Jun 09 19:21:23 UTC 2026","passed","Tue Jun 09 19:21:24 UTC 2026","","","",""
"","162","should fire Cancel once with false","ConfirmationDialog","Tue Jun 09 19:26:35 UTC 2026","passed","Tue Jun 09 19:26:35 UTC 2026","","","",""
"Test cases for Test_UseHarness","0","Test_UseHarness","","Tue Jun 09 18:58:17 UTC 2026","passed","Tue Jun 09 18:58:17 UTC 2026","","Go Test","github.com/specterops/bloodhound/packages/go/lab/Test_UseHarness","Test_UseHarness"
"Test cases for TestSavedQueries_IsSortable","0","TestSavedQueries_IsSortable","","Tue Jun 09 18:58:04 UTC 2026","passed","Tue Jun 09 18:58:04 UTC 2026","","Go Test","github.com/specterops/bloodhound/cmd/api/src/model/TestSavedQueries_IsSortable","TestSavedQueries_IsSortable"
"","1327","when user performs a single node search, the selected node carries over to the `start node` input field on the pathfinding tab","ExploreSearch interaction","Tue Jun 09 19:27:26 UTC 2026","passed","Tue Jun 09 19:27:27 UTC 2026","","","",""
"","29","renders highlight only for active selector when ruleId is present","SelectedHighlight","Tue Jun 09 19:25:51 UTC 2026","passed","Tue Jun 09 19:25:51 UTC 2026","","","",""
"","366","should render","LoginForm","Tue Jun 09 19:26:04 UTC 2026","passed","Tue Jun 09 19:26:05 UTC 2026","","","",""
"","210","should display ""Disable Multi-Factor Authentication"" button","Enable2FADialog","Tue Jun 09 19:25:17 UTC 2026","passed","Tue Jun 09 19:25:17 UTC 2026","","","",""
"","95","indicates the code container is scrollable when the code is unwrapped","CodeController","Tue Jun 09 19:26:30 UTC 2026","passed","Tue Jun 09 19:26:31 UTC 2026","","","",""
"Test cases for TestManagementResource_DeleteUser_DeleteUserError","719","TestManagementResource_DeleteUser_DeleteUserError","","Tue Jun 09 18:58:23 UTC 2026","passed","Tue Jun 09 18:58:24 UTC 2026","","Go Test","github.com/specterops/bloodhound/cmd/api/src/api/v2/auth/TestManagementResource_DeleteUser_DeleteUserError","TestManagementResource_DeleteUser_DeleteUserError"
"Test cases for TestManagementResource_DeleteUser_Success","706","TestManagementResource_DeleteUser_Success","","Tue Jun 09 18:58:24 UTC 2026","passed","Tue Jun 09 18:58:24 UTC 2026","","Go Test","github.com/specterops/bloodhound/cmd/api/src/api/v2/auth/TestManagementResource_DeleteUser_Success","TestManagementResource_DeleteUser_Success"
"Test cases for TestTextUnmarshalBool","0","TestTextUnmarshalBool","","Tue Jun 09 18:58:04 UTC 2026","passed","Tue Jun 09 18:58:04 UTC 2026","","Go Test","github.com/specterops/bloodhound/cmd/api/src/database/types/null/TestTextUnmarshalBool","TestTextUnmarshalBool"
"Test cases for TestResources_ExportSavedQuery","26","TestResources_ExportSavedQuery","","Tue Jun 09 18:58:01 UTC 2026","passed","Tue Jun 09 18:58:01 UTC 2026","","Go Test","github.com/specterops/bloodhound/cmd/api/src/api/v2/TestResources_ExportSavedQuery","TestResources_ExportSavedQuery"
"Test cases for TestFormatDatabaseErrorNotFound","0","TestFormatDatabaseErrorNotFound","","Tue Jun 09 18:57:50 UTC 2026","passed","Tue Jun 09 18:57:50 UTC 2026","","Go Test","github.com/specterops/bloodhound/cmd/api/src/api/TestFormatDatabaseErrorNotFound","TestFormatDatabaseErrorNotFound"
"Test cases for TestResources_ListADUserSQLAdminRights","14","TestResources_ListADUserSQLAdminRights","","Tue Jun 09 18:58:01 UTC 2026","passed","Tue Jun 09 18:58:01 UTC 2026","","Go Test","github.com/specterops/bloodhound/cmd/api/src/api/v2/TestResources_ListADUserSQLAdminRights","TestResources_ListADUserSQLAdminRights"
"","129","updates value when a valid date typed","ManagedDatePicker - value","Tue Jun 09 19:24:26 UTC 2026","passed","Tue Jun 09 19:24:26 UTC 2026","","","",""
"TestOpenGraphSchemaService_UpsertGraphSchemaExtension -","1","TestOpenGraphSchemaService_UpsertGraphSchemaExtension","","Tue Jun 09 18:58:08 UTC 2026","passed","Tue Jun 09 18:58:08 UTC 2026","","Go Test","github.com/specterops/bloodhound/cmd/api/src/services/opengraphschema/TestOpenGraphSchemaService_UpsertGraphSchemaExtension","TestOpenGraphSchemaService_UpsertGraphSchemaExtension"
"","291","should call the checkbox filter function when clicking on a checkbox input","Checkbox group","Tue Jun 09 19:26:31 UTC 2026","passed","Tue Jun 09 19:26:31 UTC 2026","","","",""
"Test cases for TestResources_GetAnalysisRequest","0","TestResources_GetAnalysisRequest","","Tue Jun 09 18:58:01 UTC 2026","passed","Tue Jun 09 18:58:01 UTC 2026","","Go Test","github.com/specterops/bloodhound/cmd/api/src/api/v2/TestResources_GetAnalysisRequest","TestResources_GetAnalysisRequest"
"","294","calls handleError with ruleType when creating a rule fails","Rule Form","Tue Jun 09 19:21:40 UTC 2026","passed","Tue Jun 09 19:21:41 UTC 2026","","","",""
"","1","returns false when WebGL is not available in the current browser context","WebGL compatibility check","Tue Jun 09 19:26:55 UTC 2026","passed","Tue Jun 09 19:26:55 UTC 2026","","","",""
"","14","does not include OpenGraph edges when the associated feature flag is disabled","useEdgeCategories","Tue Jun 09 19:23:37 UTC 2026","passed","Tue Jun 09 19:23:37 UTC 2026","","","",""
"Test cases for TestResources_GetDomainEntityInfo","0","TestResources_GetDomainEntityInfo","","Tue Jun 09 18:58:01 UTC 2026","passed","Tue Jun 09 18:58:01 UTC 2026","","Go Test","github.com/specterops/bloodhound/cmd/api/src/api/v2/TestResources_GetDomainEntityInfo","TestResources_GetDomainEntityInfo"
"","163","renders nothing in the expiration cell when a token has no expires_at","UserTokenManagementDialog - API Expiration Date column","Tue Jun 09 19:23:10 UTC 2026","passed","Tue Jun 09 19:23:11 UTC 2026","","","",""
"","6","should return true when value matches term","compareTerm","Tue Jun 09 19:25:43 UTC 2026","passed","Tue Jun 09 19:25:43 UTC 2026","","","",""
"","281","opens and closes the dialog with the cancel button","Tag Form","Tue Jun 09 19:21:16 UTC 2026","passed","Tue Jun 09 19:21:16 UTC 2026","","","",""
"","546","calls onToggleNodeLabels when click show all node labels","GraphControls","Tue Jun 09 19:21:29 UTC 2026","passed","Tue Jun 09 19:21:30 UTC 2026","","Toggling labels","",""
"Test cases for TestDatabaseWipe","6","TestDatabaseWipe","","Tue Jun 09 18:58:01 UTC 2026","passed","Tue Jun 09 18:58:01 UTC 2026","","Go Test","github.com/specterops/bloodhound/cmd/api/src/api/v2/TestDatabaseWipe","TestDatabaseWipe"
"Test cases for TestUnmarshalInt","0","TestUnmarshalInt","","Tue Jun 09 18:58:04 UTC 2026","passed","Tue Jun 09 18:58:04 UTC 2026","","Go Test","github.com/specterops/bloodhound/cmd/api/src/database/types/null/TestUnmarshalInt","TestUnmarshalInt"
"","1012","calls the passed in cancel handler when clicking the Cancel button","Glyph Select Dialog","Tue Jun 09 19:26:22 UTC 2026","passed","Tue Jun 09 19:26:23 UTC 2026","","","",""
"","11","should not render when data is present","NoDataDialog","Tue Jun 09 19:26:45 UTC 2026","passed","Tue Jun 09 19:26:45 UTC 2026","","","",""
"Test cases for TestResources_ShareSavedQueriesPermissions_Admin","5","TestResources_ShareSavedQueriesPermissions_Admin","","Tue Jun 09 18:58:01 UTC 2026","passed","Tue Jun 09 18:58:01 UTC 2026","","Go Test","github.com/specterops/bloodhound/cmd/api/src/api/v2/TestResources_ShareSavedQueriesPermissions_Admin","TestResources_ShareSavedQueriesPermissions_Admin"
"","261","should render an SavedQueryPermissions component","SaveQueryDialog","Tue Jun 09 19:21:14 UTC 2026","passed","Tue Jun 09 19:21:15 UTC 2026","","","",""
"","289","calls onResetColumnSize when ""Reset Size"" is clicked","ManageColumnsComboBox","Tue Jun 09 19:23:19 UTC 2026","passed","Tue Jun 09 19:23:20 UTC 2026","","","",""
"Test cases for TestResources_GetFlags","0","TestResources_GetFlags","","Tue Jun 09 18:58:01 UTC 2026","passed","Tue Jun 09 18:58:01 UTC 2026","","Go Test","github.com/specterops/bloodhound/cmd/api/src/api/v2/TestResources_GetFlags","TestResources_GetFlags"
"Test cases for TestResources_GetSavedQuery","40","TestResources_GetSavedQuery","","Tue Jun 09 18:58:01 UTC 2026","passed","Tue Jun 09 18:58:01 UTC 2026","","Go Test","github.com/specterops/bloodhound/cmd/api/src/api/v2/TestResources_GetSavedQuery","TestResources_GetSavedQuery"
"Test cases for TestWriteAndValidateJSON_NormalizationError","0","TestWriteAndValidateJSON_NormalizationError","","Tue Jun 09 18:58:09 UTC 2026","passed","Tue Jun 09 18:58:09 UTC 2026","","Go Test","github.com/specterops/bloodhound/cmd/api/src/services/upload/TestWriteAndValidateJSON_NormalizationError","TestWriteAndValidateJSON_NormalizationError"
"Test cases for TestGetPageParamsForGraphQuery","0","TestGetPageParamsForGraphQuery","","Tue Jun 09 18:58:11 UTC 2026","passed","Tue Jun 09 18:58:11 UTC 2026","","Go Test","github.com/specterops/bloodhound/cmd/api/src/utils/TestGetPageParamsForGraphQuery","TestGetPageParamsForGraphQuery"
"Test cases for TestNewAuditLog_Error","0","TestNewAuditLog_Error","","Tue Jun 09 18:58:04 UTC 2026","passed","Tue Jun 09 18:58:04 UTC 2026","","Go Test","github.com/specterops/bloodhound/cmd/api/src/database/TestNewAuditLog_Error","TestNewAuditLog_Error"
"Test cases for TestIntIsZero","0","TestIntIsZero","","Tue Jun 09 18:58:04 UTC 2026","passed","Tue Jun 09 18:58:04 UTC 2026","","Go Test","github.com/specterops/bloodhound/cmd/api/src/database/types/null/TestIntIsZero","TestIntIsZero"
"","431","has date range input filters","FileIngestFilterDialog","Tue Jun 09 19:23:01 UTC 2026","passed","Tue Jun 09 19:23:02 UTC 2026","","Date Range Inputs","",""
"","44","renders correctly when an unexpected nodeType is passed","NodeIcon","Tue Jun 09 19:26:06 UTC 2026","passed","Tue Jun 09 19:26:06 UTC 2026","","","",""
"Test cases for TestManagementResource_ListRoles_InvalidFilterPredicate","0","TestManagementResource_ListRoles_InvalidFilterPredicate","","Tue Jun 09 18:58:07 UTC 2026","passed","Tue Jun 09 18:58:07 UTC 2026","","Go Test","github.com/specterops/bloodhound/cmd/api/src/api/v2/auth/TestManagementResource_ListRoles_InvalidFilterPredicate","TestManagementResource_ListRoles_InvalidFilterPredicate"
"Test cases for TestHandleDatabaseErrorNotFound","0","TestHandleDatabaseErrorNotFound","","Tue Jun 09 18:57:50 UTC 2026","passed","Tue Jun 09 18:57:50 UTC 2026","","Go Test","github.com/specterops/bloodhound/cmd/api/src/api/TestHandleDatabaseErrorNotFound","TestHandleDatabaseErrorNotFound"
"","13","dismisses a notification","AppNotifications","Tue Jun 09 19:25:27 UTC 2026","passed","Tue Jun 09 19:25:28 UTC 2026","","","",""
"","40","does not show the dropdown by default","ManageColumnsComboBox","Tue Jun 09 19:23:18 UTC 2026","passed","Tue Jun 09 19:23:18 UTC 2026","","","",""
"","0","reports a Cypher-specific error when ruleType is SeedTypeCypher and seeds are required","handleError","Tue Jun 09 19:22:55 UTC 2026","passed","Tue Jun 09 19:22:55 UTC 2026","","","",""
"","109","should on clicking remove call clearSelectedItem","EntityInfoHeader","Tue Jun 09 19:25:02 UTC 2026","passed","Tue Jun 09 19:25:02 UTC 2026","","","",""
"","331","sets secondarySearch=id and searchType=node when primarySearch is falsey","ContextMenu","Tue Jun 09 19:23:12 UTC 2026","passed","Tue Jun 09 19:23:12 UTC 2026","","","",""
"Test cases for TestChangeCache","1","TestChangeCache","","Tue Jun 09 18:58:02 UTC 2026","passed","Tue Jun 09 18:58:02 UTC 2026","","Go Test","github.com/specterops/bloodhound/cmd/api/src/daemons/changelog/TestChangeCache","TestChangeCache"
"Test cases for TestTracker_HasEdge_And_DeletedEdges","0","TestTracker_HasEdge_And_DeletedEdges","","Tue Jun 09 18:58:16 UTC 2026","passed","Tue Jun 09 18:58:16 UTC 2026","","Go Test","github.com/specterops/bloodhound/packages/go/analysis/post/TestTracker_HasEdge_And_DeletedEdges","TestTracker_HasEdge_And_DeletedEdges"
"","351","should display error message when error prop is provided","UpdateUserDialog","Tue Jun 09 19:22:33 UTC 2026","passed","Tue Jun 09 19:22:33 UTC 2026","","","",""
"","147","shows the empty form message when Object Rule Form is empty","Seed Selection Results","Tue Jun 09 19:23:10 UTC 2026","passed","Tue Jun 09 19:23:10 UTC 2026","","","",""
"Test cases for TestResources_GetOUEntityInfo","0","TestResources_GetOUEntityInfo","","Tue Jun 09 18:58:01 UTC 2026","passed","Tue Jun 09 18:58:01 UTC 2026","","Go Test","github.com/specterops/bloodhound/cmd/api/src/api/v2/TestResources_GetOUEntityInfo","TestResources_GetOUEntityInfo"
"","11","returns active-directory environmentInfo when environmentAggregation param is active-directory","useAvailableEnvironments","Tue Jun 09 19:24:07 UTC 2026","passed","Tue Jun 09 19:24:07 UTC 2026","","useSelectedEnvironment","",""
"Test cases for TestResources_ShareSavedQueriesPermissions_NonAdmin","0","TestResources_ShareSavedQueriesPermissions_NonAdmin","","Tue Jun 09 18:58:01 UTC 2026","passed","Tue Jun 09 18:58:01 UTC 2026","","Go Test","github.com/specterops/bloodhound/cmd/api/src/api/v2/TestResources_ShareSavedQueriesPermissions_NonAdmin","TestResources_ShareSavedQueriesPermissions_NonAdmin"
"","693","sets exploreSearchTab param to cypher when the user clicks the `cypher` tab","ExploreSearch sets searchType on tab changing","Tue Jun 09 19:27:25 UTC 2026","passed","Tue Jun 09 19:27:25 UTC 2026","","","",""
"","2","does not fetch more data when there are no more pages","useInfiniteScroll","Tue Jun 09 19:25:10 UTC 2026","passed","Tue Jun 09 19:25:10 UTC 2026","","","",""
"","27","displays a status label","StatusIndicator","Tue Jun 09 19:26:39 UTC 2026","passed","Tue Jun 09 19:26:39 UTC 2026","","","",""
"","568","should call onSubmit with one time passcode when check code button clicked","OneTimePasscodeForm","Tue Jun 09 19:25:56 UTC 2026","passed","Tue Jun 09 19:25:56 UTC 2026","","","",""
"Test cases for TestResources_SearchAssetGroupTagHistory","71","TestResources_SearchAssetGroupTagHistory","","Tue Jun 09 18:58:01 UTC 2026","passed","Tue Jun 09 18:58:01 UTC 2026","","Go Test","github.com/specterops/bloodhound/cmd/api/src/api/v2/TestResources_SearchAssetGroupTagHistory","TestResources_SearchAssetGroupTagHistory"
"Test cases for TestManagementResource_ListUsers_InvalidColumn","0","TestManagementResource_ListUsers_InvalidColumn","","Tue Jun 09 18:58:07 UTC 2026","passed","Tue Jun 09 18:58:07 UTC 2026","","Go Test","github.com/specterops/bloodhound/cmd/api/src/api/v2/auth/TestManagementResource_ListUsers_InvalidColumn","TestManagementResource_ListUsers_InvalidColumn"
"Test cases for TestResources_GetContainerEntityInfo","195","TestResources_GetContainerEntityInfo","","Tue Jun 09 18:58:01 UTC 2026","passed","Tue Jun 09 18:58:01 UTC 2026","","Go Test","github.com/specterops/bloodhound/cmd/api/src/api/v2/TestResources_GetContainerEntityInfo","TestResources_GetContainerEntityInfo"
"","1","will return a list of values","Formatting list properties","Tue Jun 09 19:23:26 UTC 2026","passed","Tue Jun 09 19:23:26 UTC 2026","","","",""
"Test cases for TestCache_Reset","0","TestCache_Reset","","Tue Jun 09 18:58:16 UTC 2026","passed","Tue Jun 09 18:58:16 UTC 2026","","Go Test","github.com/specterops/bloodhound/packages/go/cache/TestCache_Reset","TestCache_Reset"
"","65","correctly handles the hygiene ID with value 0 by not omitting it in the params value even though 0 is falsey","usePZQueryParams","Tue Jun 09 19:24:49 UTC 2026","passed","Tue Jun 09 19:24:49 UTC 2026","","","",""
"","140","does not highlight any layout option on first load when no layout has been manually selected","GraphControls","Tue Jun 09 19:21:32 UTC 2026","passed","Tue Jun 09 19:21:32 UTC 2026","","Selecting a layout","",""
"Test cases for TestResources_ShareSavedQueriesPermissions_CanUpdateSavedQueriesPermission","5","TestResources_ShareSavedQueriesPermissions_CanUpdateSavedQueriesPermission","","Tue Jun 09 18:58:01 UTC 2026","passed","Tue Jun 09 18:58:01 UTC 2026","","Go Test","github.com/specterops/bloodhound/cmd/api/src/api/v2/TestResources_ShareSavedQueriesPermissions_CanUpdateSavedQueriesPermission","TestResources_ShareSavedQueriesPermissions_CanUpdateSavedQueriesPermission"
"","14","navigates to the specified route with global params intact when triggered by a splat route","AppNavigate","Tue Jun 09 19:25:29 UTC 2026","passed","Tue Jun 09 19:25:29 UTC 2026","","","",""
"","72","should on clicking remove call clearSelectedItem","EdgeInfoHeader","Tue Jun 09 19:25:17 UTC 2026","passed","Tue Jun 09 19:25:17 UTC 2026","","","",""
"","8789","checking a subcategory updates all children (edge types) in its group","Pathfinding","Tue Jun 09 19:22:12 UTC 2026","passed","Tue Jun 09 19:22:21 UTC 2026","","","",""
"","1","uppercases boolean values","Formatting boolean properties","Tue Jun 09 19:23:26 UTC 2026","passed","Tue Jun 09 19:23:26 UTC 2026","","","",""
"Test cases for TestRoleAssignments_NodesWithRolesExclusive","0","TestRoleAssignments_NodesWithRolesExclusive","","Tue Jun 09 18:58:16 UTC 2026","passed","Tue Jun 09 18:58:16 UTC 2026","","Go Test","github.com/specterops/bloodhound/packages/go/analysis/azure/TestRoleAssignments_NodesWithRolesExclusive","TestRoleAssignments_NodesWithRolesExclusive"
"Test cases for Test_getSearchableNodeKinds","0","Test_getSearchableNodeKinds","","Tue Jun 09 18:58:01 UTC 2026","passed","Tue Jun 09 18:58:01 UTC 2026","","Go Test","github.com/specterops/bloodhound/cmd/api/src/api/v2/Test_getSearchableNodeKinds","Test_getSearchableNodeKinds"
"","244","renders the Object Tab content when Object tab is chosen","Selected Details Tab Content","Tue Jun 09 19:25:56 UTC 2026","passed","Tue Jun 09 19:25:56 UTC 2026","","","",""
"","237","renders a snackbar notification in the dom and tests the long autoHideDuration","AppNotifications","Tue Jun 09 19:25:28 UTC 2026","passed","Tue Jun 09 19:25:28 UTC 2026","","","",""
"Test cases for TestBuildErrorResponseUnauthorized","0","TestBuildErrorResponseUnauthorized","","Tue Jun 09 18:57:50 UTC 2026","passed","Tue Jun 09 18:57:50 UTC 2026","","Go Test","github.com/specterops/bloodhound/cmd/api/src/api/TestBuildErrorResponseUnauthorized","TestBuildErrorResponseUnauthorized"
"","968","shows tooltip text on hover","ColumnHeaders","Tue Jun 09 19:24:27 UTC 2026","passed","Tue Jun 09 19:24:28 UTC 2026","","SortableHeader with Tooltip","",""
"Test cases for TestConvertOUToNode_InheritanceHashes","1","TestConvertOUToNode_InheritanceHashes","","Tue Jun 09 18:58:17 UTC 2026","passed","Tue Jun 09 18:58:17 UTC 2026","","Go Test","github.com/specterops/bloodhound/packages/go/ein/TestConvertOUToNode_InheritanceHashes","TestConvertOUToNode_InheritanceHashes"
"Test cases for TestWriteResponseWrapperWithPagination","0","TestWriteResponseWrapperWithPagination","","Tue Jun 09 18:57:50 UTC 2026","passed","Tue Jun 09 18:57:50 UTC 2026","","Go Test","github.com/specterops/bloodhound/cmd/api/src/api/TestWriteResponseWrapperWithPagination","TestWriteResponseWrapperWithPagination"
"Test cases for TestHandleDatabaseError","0","TestHandleDatabaseError","","Tue Jun 09 18:57:50 UTC 2026","passed","Tue Jun 09 18:57:50 UTC 2026","","Go Test","github.com/specterops/bloodhound/cmd/api/src/api/TestHandleDatabaseError","TestHandleDatabaseError"
"Test cases for TestResources_CypherQuery","115","TestResources_CypherQuery","","Tue Jun 09 18:58:01 UTC 2026","passed","Tue Jun 09 18:58:01 UTC 2026","","Go Test","github.com/specterops/bloodhound/cmd/api/src/api/v2/TestResources_CypherQuery","TestResources_CypherQuery"
"","36","should display a none selected header and a message to select an object","EntityInfoPanel","Tue Jun 09 19:25:45 UTC 2026","passed","Tue Jun 09 19:25:45 UTC 2026","","","",""
"","792","handles adding to tier zero asset group","AssetGroupMenuItem","Tue Jun 09 19:27:13 UTC 2026","passed","Tue Jun 09 19:27:14 UTC 2026","","adding to an asset group","",""
"Test cases for TestResources_ListPublishedToCAs","0","TestResources_ListPublishedToCAs","","Tue Jun 09 18:58:01 UTC 2026","passed","Tue Jun 09 18:58:01 UTC 2026","","Go Test","github.com/specterops/bloodhound/cmd/api/src/api/v2/TestResources_ListPublishedToCAs","TestResources_ListPublishedToCAs"
"Test cases for TestRegisterBHCEMetrics","0","TestRegisterBHCEMetrics","","Tue Jun 09 18:58:18 UTC 2026","passed","Tue Jun 09 18:58:18 UTC 2026","","Go Test","github.com/specterops/bloodhound/packages/go/metricsregistration/TestRegisterBHCEMetrics","TestRegisterBHCEMetrics"
"","4","returns null if paramValue is +0","useEnvironmentParams","Tue Jun 09 19:26:47 UTC 2026","passed","Tue Jun 09 19:26:47 UTC 2026","","parseEnvironmentAggregation","",""
"Test cases for TestResources_GetShortestPath","13","TestResources_GetShortestPath","","Tue Jun 09 18:58:01 UTC 2026","passed","Tue Jun 09 18:58:01 UTC 2026","","Go Test","github.com/specterops/bloodhound/cmd/api/src/api/v2/TestResources_GetShortestPath","TestResources_GetShortestPath"
"","47","does not render when ruleId is empty","Delete Selector Button rendering","Tue Jun 09 19:26:26 UTC 2026","passed","Tue Jun 09 19:26:26 UTC 2026","","","",""
"","0","should return an empty map when no tags or paths match","opsFilter","Tue Jun 09 19:25:43 UTC 2026","passed","Tue Jun 09 19:25:43 UTC 2026","","","",""
"","1855","handles delete by nested graph data selection","DatabaseManagement","Tue Jun 09 19:27:24 UTC 2026","passed","Tue Jun 09 19:27:26 UTC 2026","","","",""
"","151","renders with a selected icon","Glyph Select Dialog","Tue Jun 09 19:26:22 UTC 2026","passed","Tue Jun 09 19:26:22 UTC 2026","","","",""
"","643","displays current password error messages when current password is empty","PasswordDialog","Tue Jun 09 19:21:57 UTC 2026","passed","Tue Jun 09 19:21:58 UTC 2026","","","",""
"","0","returns empty array when search does not match any environment","filterAndSearchEnvironments","Tue Jun 09 19:21:37 UTC 2026","passed","Tue Jun 09 19:21:37 UTC 2026","","search filter","",""
"","0","prefixes each edge_kind with a colon for relationshipTypes","graphSchema","Tue Jun 09 19:26:14 UTC 2026","passed","Tue Jun 09 19:26:14 UTC 2026","","","",""
"","768","should call onSubmit when input is valid and Submit button is clicked","UpsertSAMLProviderForm","Tue Jun 09 19:25:33 UTC 2026","passed","Tue Jun 09 19:25:34 UTC 2026","","","",""
"","2","treats a missing key as null when computing the next value","useLocalStorage","Tue Jun 09 19:23:50 UTC 2026","passed","Tue Jun 09 19:23:50 UTC 2026","","functional updater","",""
"","274","should render the pathfinding search controls when searchType is pathfinding","ExploreSearch rendering per tab","Tue Jun 09 19:27:23 UTC 2026","passed","Tue Jun 09 19:27:23 UTC 2026","","","",""
"Test cases for TestCacheEntryDigester_DigestEndpoint_JSONMarshalError","0","TestCacheEntryDigester_DigestEndpoint_JSONMarshalError","","Tue Jun 09 18:58:07 UTC 2026","passed","Tue Jun 09 18:58:07 UTC 2026","","Go Test","github.com/specterops/bloodhound/cmd/api/src/services/graphify/endpoint/TestCacheEntryDigester_DigestEndpoint_JSONMarshalError","TestCacheEntryDigester_DigestEndpoint_JSONMarshalError"
"","88","clicking cancel on the form takes the user back to the page the user was on previously","Tag Form","Tue Jun 09 19:21:13 UTC 2026","passed","Tue Jun 09 19:21:13 UTC 2026","","","",""
"Test cases for TestResources_UpdateCustomNodeKindsTest","110","TestResources_UpdateCustomNodeKindsTest","","Tue Jun 09 18:58:01 UTC 2026","passed","Tue Jun 09 18:58:01 UTC 2026","","Go Test","github.com/specterops/bloodhound/cmd/api/src/api/v2/TestResources_UpdateCustomNodeKindsTest","TestResources_UpdateCustomNodeKindsTest"
"Test cases for TestMergedFS_ReadDir","0","TestMergedFS_ReadDir","","Tue Jun 09 18:58:04 UTC 2026","passed","Tue Jun 09 18:58:04 UTC 2026","","Go Test","github.com/specterops/bloodhound/cmd/api/src/database/migration/TestMergedFS_ReadDir","TestMergedFS_ReadDir"
"","106","renders a list of pre-built searches","PrebuiltSearchList","Tue Jun 09 19:24:32 UTC 2026","passed","Tue Jun 09 19:24:33 UTC 2026","","","",""
"Test cases for TestIngestGenericData_RegisterNodeKind","2","TestIngestGenericData_RegisterNodeKind","","Tue Jun 09 18:58:07 UTC 2026","passed","Tue Jun 09 18:58:07 UTC 2026","","Go Test","github.com/specterops/bloodhound/cmd/api/src/services/graphify/TestIngestGenericData_RegisterNodeKind","TestIngestGenericData_RegisterNodeKind"
"Test cases for TestManagementResource_DeleteUser_GetUserError","0","TestManagementResource_DeleteUser_GetUserError","","Tue Jun 09 18:58:23 UTC 2026","passed","Tue Jun 09 18:58:23 UTC 2026","","Go Test","github.com/specterops/bloodhound/cmd/api/src/api/v2/auth/TestManagementResource_DeleteUser_GetUserError","TestManagementResource_DeleteUser_GetUserError"
"Test cases for TestTimeEqual","0","TestTimeEqual","","Tue Jun 09 18:58:04 UTC 2026","passed","Tue Jun 09 18:58:04 UTC 2026","","Go Test","github.com/specterops/bloodhound/cmd/api/src/database/types/null/TestTimeEqual","TestTimeEqual"
"","51","shows the direct object empty and expanded object list empty, when no results in both","Seed Selection Results","Tue Jun 09 19:23:11 UTC 2026","passed","Tue Jun 09 19:23:11 UTC 2026","","","",""
"Test cases for TestContextMiddleware_InvalidWait","1","TestContextMiddleware_InvalidWait","","Tue Jun 09 18:57:54 UTC 2026","passed","Tue Jun 09 18:57:54 UTC 2026","","Go Test","github.com/specterops/bloodhound/cmd/api/src/api/middleware/TestContextMiddleware_InvalidWait","TestContextMiddleware_InvalidWait"
"","0","returns all environments when both ""yes"" and ""no"" filters are active","filterAndSearchEnvironments","Tue Jun 09 19:21:37 UTC 2026","passed","Tue Jun 09 19:21:37 UTC 2026","","collected filters","",""
"Test cases for TestContextMiddlewareBypassDisabled","0","TestContextMiddlewareBypassDisabled","","Tue Jun 09 18:57:54 UTC 2026","passed","Tue Jun 09 18:57:54 UTC 2026","","Go Test","github.com/specterops/bloodhound/cmd/api/src/api/middleware/TestContextMiddlewareBypassDisabled","TestContextMiddlewareBypassDisabled"
"","351","sets a primarySearch=id and searchType=pathfinding when secondarySearch is truthy","ContextMenu","Tue Jun 09 19:27:35 UTC 2026","passed","Tue Jun 09 19:27:35 UTC 2026","","","",""
"","18","displays CaretDownOutline icon when the sortOrder is undefined","ColumnHeaders","Tue Jun 09 19:24:27 UTC 2026","passed","Tue Jun 09 19:24:27 UTC 2026","","SortableHeader","",""
"","71","sets primarySearch, searchType, exploreSearchTab in URL params when the click handler is executed","useEdgeInfoItems","Tue Jun 09 19:24:53 UTC 2026","passed","Tue Jun 09 19:24:53 UTC 2026","","","",""
"","277","Trying to view the edge info does not crash the app when selecting an unrecognized edge","EdgeInfoContent","Tue Jun 09 19:21:42 UTC 2026","passed","Tue Jun 09 19:21:42 UTC 2026","","","",""
"Test cases for TestResources_CreateSavedQuery_InvalidBody","0","TestResources_CreateSavedQuery_InvalidBody","","Tue Jun 09 18:58:01 UTC 2026","passed","Tue Jun 09 18:58:01 UTC 2026","","Go Test","github.com/specterops/bloodhound/cmd/api/src/api/v2/TestResources_CreateSavedQuery_InvalidBody","TestResources_CreateSavedQuery_InvalidBody"
"","1","should handle an undefined or null entity","Evaluating the entity display name from a given entity","Tue Jun 09 19:23:26 UTC 2026","passed","Tue Jun 09 19:23:26 UTC 2026","","","",""
"","2919","checking a single edge type updates its parent and grandparent","Pathfinding","Tue Jun 09 19:22:21 UTC 2026","passed","Tue Jun 09 19:22:24 UTC 2026","","","",""
"Test cases for TestDomainSelectors_GetFilterableColumns","0","TestDomainSelectors_GetFilterableColumns","","Tue Jun 09 18:58:04 UTC 2026","passed","Tue Jun 09 18:58:04 UTC 2026","","Go Test","github.com/specterops/bloodhound/cmd/api/src/model/TestDomainSelectors_GetFilterableColumns","TestDomainSelectors_GetFilterableColumns"
"","760","should display generate/revoke api tokens button","User Actions Menu","Tue Jun 09 19:24:14 UTC 2026","passed","Tue Jun 09 19:24:15 UTC 2026","","Api Keys","",""
"Test cases for TestGC_Start","1000","TestGC_Start","","Tue Jun 09 18:58:02 UTC 2026","passed","Tue Jun 09 18:58:03 UTC 2026","","Go Test","github.com/specterops/bloodhound/cmd/api/src/daemons/gc/TestGC_Start","TestGC_Start"
"","2726","search highlights matching substring with text-link class","Pathfinding","Tue Jun 09 19:22:37 UTC 2026","passed","Tue Jun 09 19:22:40 UTC 2026","","","",""
"Test cases for TestResources_ListSavedQueries","30","TestResources_ListSavedQueries","","Tue Jun 09 18:58:01 UTC 2026","passed","Tue Jun 09 18:58:01 UTC 2026","","Go Test","github.com/specterops/bloodhound/cmd/api/src/api/v2/TestResources_ListSavedQueries","TestResources_ListSavedQueries"
"Test cases for TestReadRFC3339","0","TestReadRFC3339","","Tue Jun 09 18:58:11 UTC 2026","passed","Tue Jun 09 18:58:11 UTC 2026","","Go Test","github.com/specterops/bloodhound/cmd/api/src/utils/TestReadRFC3339","TestReadRFC3339"
"","72","should render a Field when the provided value is false","Field","Tue Jun 09 19:26:11 UTC 2026","passed","Tue Jun 09 19:26:11 UTC 2026","","","",""
"","2","lastlogon, lastlogontimestamp","Handling value formatting for Active Directory entity properties lastlogon, lastlogontimestamp, whencreated, and pwdlastset","Tue Jun 09 19:23:25 UTC 2026","passed","Tue Jun 09 19:23:26 UTC 2026","","","",""
"","2","stores an object value in localStorage","useLocalStorage","Tue Jun 09 19:23:50 UTC 2026","passed","Tue Jun 09 19:23:50 UTC 2026","","setValue","",""
"","0","No type was provided and no results were available","Getting the text for the disabled item display for a search when there are no results","Tue Jun 09 19:25:03 UTC 2026","passed","Tue Jun 09 19:25:03 UTC 2026","","Empty data states","",""
"","1169","should hide Environmental Targeted Access Control panel when showEnvironmentAccessControls prop is true and admin role is selected","UpdateUserForm","Tue Jun 09 19:21:23 UTC 2026","passed","Tue Jun 09 19:21:24 UTC 2026","","","",""
"","63","when there is no ID in the URL the highest position tag ID is returned","usePZQueryParams","Tue Jun 09 19:24:49 UTC 2026","passed","Tue Jun 09 19:24:49 UTC 2026","","","",""
"","180","renders a confirm dialg","ConfirmDeleteQueryDialog","Tue Jun 09 19:26:40 UTC 2026","passed","Tue Jun 09 19:26:40 UTC 2026","","","",""
"Test cases for TestResources_ListADDomainOutboundTrusts","0","TestResources_ListADDomainOutboundTrusts","","Tue Jun 09 18:58:01 UTC 2026","passed","Tue Jun 09 18:58:01 UTC 2026","","Go Test","github.com/specterops/bloodhound/cmd/api/src/api/v2/TestResources_ListADDomainOutboundTrusts","TestResources_ListADDomainOutboundTrusts"
"","28","does not call onSort when disable=true","ColumnHeaders","Tue Jun 09 19:24:27 UTC 2026","passed","Tue Jun 09 19:24:27 UTC 2026","","SortableHeader","",""
"","90","should not display api key management button","Api Keys","Tue Jun 09 19:23:46 UTC 2026","passed","Tue Jun 09 19:23:46 UTC 2026","","","",""
"","344","filters extensions based on search input","ActiveExtensionsCard","Tue Jun 09 19:21:42 UTC 2026","passed","Tue Jun 09 19:21:42 UTC 2026","","","",""
"Test cases for Test_UseHooks","0","Test_UseHooks","","Tue Jun 09 18:58:17 UTC 2026","passed","Tue Jun 09 18:58:17 UTC 2026","","Go Test","github.com/specterops/bloodhound/packages/go/lab/Test_UseHooks","Test_UseHooks"
"Test cases for TestSIDSuffix_PrependPrefix","0","TestSIDSuffix_PrependPrefix","","Tue Jun 09 18:58:16 UTC 2026","passed","Tue Jun 09 18:58:16 UTC 2026","","Go Test","github.com/specterops/bloodhound/packages/go/analysis/ad/wellknown/TestSIDSuffix_PrependPrefix","TestSIDSuffix_PrependPrefix"
"","1329","shows tooltip content when hovering the info icon in the Namespace column header","ActiveExtensionsCard","Tue Jun 09 19:21:41 UTC 2026","passed","Tue Jun 09 19:21:42 UTC 2026","","","",""
"","489","calls delete mutation when confirm button is clicked with correct input","ActiveExtensionsCard","Tue Jun 09 19:21:46 UTC 2026","passed","Tue Jun 09 19:21:46 UTC 2026","","","",""
"Test cases for TestHasValidRolesForETAC","4","TestHasValidRolesForETAC","","Tue Jun 09 18:58:01 UTC 2026","passed","Tue Jun 09 18:58:01 UTC 2026","","Go Test","github.com/specterops/bloodhound/cmd/api/src/api/v2/auth/TestHasValidRolesForETAC","TestHasValidRolesForETAC"
"","180","invokes handleFilterChange with eq:false when clicked and custom_member filter is on","AssetGroupEdit","Tue Jun 09 19:23:32 UTC 2026","passed","Tue Jun 09 19:23:33 UTC 2026","","Custom Member checkbox filter","",""
"","1837","should call the setCypherQuery handler when the value in the editor changes","CypherSearch","Tue Jun 09 19:22:06 UTC 2026","passed","Tue Jun 09 19:22:08 UTC 2026","","","",""
"Test cases for TestUnmarshalInt64Overflow","0","TestUnmarshalInt64Overflow","","Tue Jun 09 18:58:04 UTC 2026","passed","Tue Jun 09 18:58:04 UTC 2026","","Go Test","github.com/specterops/bloodhound/cmd/api/src/database/types/null/TestUnmarshalInt64Overflow","TestUnmarshalInt64Overflow"
"","78","renders a list of pre-built searches and displays categories and subcategories one time","PrebuiltSearchList","Tue Jun 09 19:24:33 UTC 2026","passed","Tue Jun 09 19:24:33 UTC 2026","","","",""
"","108","should display the ""Authentication"" header","UserProfile","Tue Jun 09 19:23:44 UTC 2026","passed","Tue Jun 09 19:23:44 UTC 2026","","","",""
"","157","upon selecting a source node, updates the URL with a searchType of 'node' and primarySearch of the node's objectid","useNodeSearch","Tue Jun 09 19:25:49 UTC 2026","passed","Tue Jun 09 19:25:49 UTC 2026","","","",""
"","1866","should add an option and display the changelog when it is clicked","AssetGroupEdit","Tue Jun 09 19:25:00 UTC 2026","passed","Tue Jun 09 19:25:02 UTC 2026","","","",""
"Test cases for Test_validateGraphExtension","3","Test_validateGraphExtension","","Tue Jun 09 18:58:04 UTC 2026","passed","Tue Jun 09 18:58:04 UTC 2026","","Go Test","github.com/specterops/bloodhound/cmd/api/src/model/Test_validateGraphExtension","Test_validateGraphExtension"
"","0","returns Cypher message when ruleType is SeedTypeCypher and seeds are required","getErrorMessage","Tue Jun 09 19:22:55 UTC 2026","passed","Tue Jun 09 19:22:55 UTC 2026","","","",""
"","585","handles creating a new rule","Rule Form","Tue Jun 09 19:21:37 UTC 2026","passed","Tue Jun 09 19:21:37 UTC 2026","","","",""
"","577","renders the form for creating a new rule","Rule Form","Tue Jun 09 19:21:31 UTC 2026","passed","Tue Jun 09 19:21:32 UTC 2026","","","",""
"Test cases for TestAddOwnerRoleIDs","0","TestAddOwnerRoleIDs","","Tue Jun 09 18:58:16 UTC 2026","passed","Tue Jun 09 18:58:16 UTC 2026","","Go Test","github.com/specterops/bloodhound/packages/go/analysis/azure/TestAddOwnerRoleIDs","TestAddOwnerRoleIDs"
"","108","renders a button when actor is not BloodHoundString and note exists","NoteCell component","Tue Jun 09 19:25:22 UTC 2026","passed","Tue Jun 09 19:25:22 UTC 2026","","","",""
"","72","will request feature-flags when the user is fully authenticated","app","Tue Jun 09 19:27:51 UTC 2026","passed","Tue Jun 09 19:27:51 UTC 2026","","<Inner />","",""
"","0","An unknown error occurred when fetching the data","Getting the text for the disabled item display for a search when there are no results","Tue Jun 09 19:25:03 UTC 2026","passed","Tue Jun 09 19:25:03 UTC 2026","","Error states","",""
"","71","should should reflect the NOT checked state for public query","SavedQueryPermissions","Tue Jun 09 19:25:01 UTC 2026","passed","Tue Jun 09 19:25:01 UTC 2026","","","",""
"","128","shows View in Explore if exploreUrl is supplied","Seed Selection Results","Tue Jun 09 19:23:10 UTC 2026","passed","Tue Jun 09 19:23:10 UTC 2026","","","",""
"","108","applies correct dynamic height based on filtered data","ActiveExtensionsCard","Tue Jun 09 19:21:43 UTC 2026","passed","Tue Jun 09 19:21:43 UTC 2026","","","",""
"","1","succeeds for valid password with unicode characters","testPassword","Tue Jun 09 19:26:46 UTC 2026","passed","Tue Jun 09 19:26:46 UTC 2026","","","",""
"","0","uses the correct entity name in the Object ID message","getErrorMessage","Tue Jun 09 19:22:55 UTC 2026","passed","Tue Jun 09 19:22:55 UTC 2026","","","",""
"","473","renders a non-primary button as expected","DropdownSelector","Tue Jun 09 19:25:23 UTC 2026","passed","Tue Jun 09 19:25:24 UTC 2026","","","",""
"Test cases for TestResources_ListADGroupSessions","0","TestResources_ListADGroupSessions","","Tue Jun 09 18:58:01 UTC 2026","passed","Tue Jun 09 18:58:01 UTC 2026","","Go Test","github.com/specterops/bloodhound/cmd/api/src/api/v2/TestResources_ListADGroupSessions","TestResources_ListADGroupSessions"
"","233","opens when keyboard shortcut is pressed","GraphControls","Tue Jun 09 19:21:34 UTC 2026","passed","Tue Jun 09 19:21:34 UTC 2026","","Searching current results","",""
"Test cases for TestResources_UpdateAssetGroupSelectors_GetAssetGroupError","0","TestResources_UpdateAssetGroupSelectors_GetAssetGroupError","","Tue Jun 09 18:58:01 UTC 2026","passed","Tue Jun 09 18:58:01 UTC 2026","","Go Test","github.com/specterops/bloodhound/cmd/api/src/api/v2/TestResources_UpdateAssetGroupSelectors_GetAssetGroupError","TestResources_UpdateAssetGroupSelectors_GetAssetGroupError"
"Test cases for TestResources_GetAssetGroupTagHistory","0","TestResources_GetAssetGroupTagHistory","","Tue Jun 09 18:58:01 UTC 2026","passed","Tue Jun 09 18:58:01 UTC 2026","","Go Test","github.com/specterops/bloodhound/cmd/api/src/api/v2/TestResources_GetAssetGroupTagHistory","TestResources_GetAssetGroupTagHistory"
"","587","should accept passwords with standard special characters","CreateUserForm","Tue Jun 09 19:21:52 UTC 2026","passed","Tue Jun 09 19:21:53 UTC 2026","","","",""
"Test cases for TestManagementResource_DeleteUser_UserNotFound","0","TestManagementResource_DeleteUser_UserNotFound","","Tue Jun 09 18:58:22 UTC 2026","passed","Tue Jun 09 18:58:22 UTC 2026","","Go Test","github.com/specterops/bloodhound/cmd/api/src/api/v2/auth/TestManagementResource_DeleteUser_UserNotFound","TestManagementResource_DeleteUser_UserNotFound"
"","666","reflects the persisted selected layout in the controls menu","GraphView","Tue Jun 09 19:27:22 UTC 2026","passed","Tue Jun 09 19:27:23 UTC 2026","","Layout selection and de-selection","",""
"Test cases for TestManagementResource_UpdateUser_Success","710","TestManagementResource_UpdateUser_Success","","Tue Jun 09 18:58:24 UTC 2026","passed","Tue Jun 09 18:58:25 UTC 2026","","Go Test","github.com/specterops/bloodhound/cmd/api/src/api/v2/auth/TestManagementResource_UpdateUser_Success","TestManagementResource_UpdateUser_Success"
"","4175","Clicking on a row causes row to be selected","ExploreTable","Tue Jun 09 19:21:21 UTC 2026","passed","Tue Jun 09 19:21:25 UTC 2026","","","",""
"","1","Origin label and sizing are used when specified","copySigmaNodesToGraphlibGraph","Tue Jun 09 19:27:46 UTC 2026","passed","Tue Jun 09 19:27:46 UTC 2026","","","",""
"Helper to verify that encodeAnyValue handles standard types correctly","0","TestEncodeAnyValue","","Tue Jun 09 18:58:07 UTC 2026","passed","Tue Jun 09 18:58:07 UTC 2026","","Go Test","github.com/specterops/bloodhound/cmd/api/src/services/graphify/endpoint/TestEncodeAnyValue","TestEncodeAnyValue"
"","326","fires click handlers","ConfirmDeleteQueryDialog","Tue Jun 09 19:26:40 UTC 2026","passed","Tue Jun 09 19:26:41 UTC 2026","","","",""
"","238","should display ""Create Token"" button","UserTokenManagementDialog","Tue Jun 09 19:23:09 UTC 2026","passed","Tue Jun 09 19:23:10 UTC 2026","","","",""
"Test cases for TestResources_StartIngestJob","88","TestResources_StartIngestJob","","Tue Jun 09 18:58:01 UTC 2026","passed","Tue Jun 09 18:58:01 UTC 2026","","Go Test","github.com/specterops/bloodhound/cmd/api/src/api/v2/TestResources_StartIngestJob","TestResources_StartIngestJob"
"Test cases for Test_filterAndFormatSearchResults_filterEnvironments_domainSIDFail","0","Test_filterAndFormatSearchResults_filterEnvironments_domainSIDFail","","Tue Jun 09 18:58:01 UTC 2026","passed","Tue Jun 09 18:58:01 UTC 2026","","Go Test","github.com/specterops/bloodhound/cmd/api/src/api/v2/Test_filterAndFormatSearchResults_filterEnvironments_domainSIDFail","Test_filterAndFormatSearchResults_filterEnvironments_domainSIDFail"
"Test cases for TestResources_DeleteSavedQuery_RecordNotFound_EdgeCase","0","TestResources_DeleteSavedQuery_RecordNotFound_EdgeCase","","Tue Jun 09 18:58:01 UTC 2026","passed","Tue Jun 09 18:58:01 UTC 2026","","Go Test","github.com/specterops/bloodhound/cmd/api/src/api/v2/TestResources_DeleteSavedQuery_RecordNotFound_EdgeCase","TestResources_DeleteSavedQuery_RecordNotFound_EdgeCase"
"","12","shows date placeholder if no hint is given","ManagedDatePicker - placeholders","Tue Jun 09 19:24:25 UTC 2026","passed","Tue Jun 09 19:24:25 UTC 2026","","","",""
"","1080","shows a table with partially completed jobs","FileIngestTable","Tue Jun 09 19:22:17 UTC 2026","passed","Tue Jun 09 19:22:18 UTC 2026","","","",""
"Test cases for TestManagementResource_DeleteUser_BadUserID","0","TestManagementResource_DeleteUser_BadUserID","","Tue Jun 09 18:58:22 UTC 2026","passed","Tue Jun 09 18:58:22 UTC 2026","","Go Test","github.com/specterops/bloodhound/cmd/api/src/api/v2/auth/TestManagementResource_DeleteUser_BadUserID","TestManagementResource_DeleteUser_BadUserID"
"","435","disables a nested graph data option while its source kind is selected","GraphDataCheckboxes","Tue Jun 09 19:22:44 UTC 2026","passed","Tue Jun 09 19:22:45 UTC 2026","","","",""
"Test cases for TestResources_UpdateSavedQuery_InvalidBody","0","TestResources_UpdateSavedQuery_InvalidBody","","Tue Jun 09 18:58:01 UTC 2026","passed","Tue Jun 09 18:58:01 UTC 2026","","Go Test","github.com/specterops/bloodhound/cmd/api/src/api/v2/TestResources_UpdateSavedQuery_InvalidBody","TestResources_UpdateSavedQuery_InvalidBody"
"","0","The data is fetching","Getting the text for the disabled item display for a search when there are no results","Tue Jun 09 19:25:03 UTC 2026","passed","Tue Jun 09 19:25:03 UTC 2026","","Loading states","",""
"Test cases for TestStringFromPtr","0","TestStringFromPtr","","Tue Jun 09 18:58:04 UTC 2026","passed","Tue Jun 09 18:58:04 UTC 2026","","Go Test","github.com/specterops/bloodhound/cmd/api/src/database/types/null/TestStringFromPtr","TestStringFromPtr"
"","5","does not put polite messages in the assertive region","AnnouncementProvider","Tue Jun 09 19:24:54 UTC 2026","passed","Tue Jun 09 19:24:54 UTC 2026","","","",""
"","2599","search filters edges by name","Pathfinding","Tue Jun 09 19:22:35 UTC 2026","passed","Tue Jun 09 19:22:37 UTC 2026","","","",""
"","200","renders the form for creating a new label","Tag Form","Tue Jun 09 19:21:12 UTC 2026","passed","Tue Jun 09 19:21:12 UTC 2026","","","",""
"","263","validates that the name input is under the max length","Tag Form","Tue Jun 09 19:21:13 UTC 2026","passed","Tue Jun 09 19:21:13 UTC 2026","","","",""
"","10","should recognize active directory properties","validating a node property against the shared generated schema","Tue Jun 09 19:23:26 UTC 2026","passed","Tue Jun 09 19:23:26 UTC 2026","","","",""
"","0","returns paramValue as EnvironmentAggregation if paramValue is active-directory","useEnvironmentParams","Tue Jun 09 19:26:47 UTC 2026","passed","Tue Jun 09 19:26:47 UTC 2026","","parseEnvironmentAggregation","",""
"","0","escapes a backslash","escapeCypherString","Tue Jun 09 19:26:41 UTC 2026","passed","Tue Jun 09 19:26:41 UTC 2026","","","",""
"","623","should close the dialog when the Cancel button is clicked","Privilege Zones History Filter Dialog","Tue Jun 09 19:24:01 UTC 2026","passed","Tue Jun 09 19:24:01 UTC 2026","","","",""
"","13","renders an error fallback when flag is not found","FeatureFlag","Tue Jun 09 19:25:42 UTC 2026","passed","Tue Jun 09 19:25:42 UTC 2026","","","",""
"","107","initializes the list with all filters checked by default","usePathfindingFilters","Tue Jun 09 19:26:09 UTC 2026","passed","Tue Jun 09 19:26:09 UTC 2026","","","",""
"Test cases for Test_ParseSortParameters","0","Test_ParseSortParameters","","Tue Jun 09 18:57:50 UTC 2026","passed","Tue Jun 09 18:57:50 UTC 2026","","Go Test","github.com/specterops/bloodhound/cmd/api/src/api/Test_ParseSortParameters","Test_ParseSortParameters"
"","254","adds node to asset group tag without confirmation","AssetGroupMenuItem","Tue Jun 09 19:23:27 UTC 2026","passed","Tue Jun 09 19:23:27 UTC 2026","","","",""
"Test cases for TestMergedFS_Open","0","TestMergedFS_Open","","Tue Jun 09 18:58:04 UTC 2026","passed","Tue Jun 09 18:58:04 UTC 2026","","Go Test","github.com/specterops/bloodhound/cmd/api/src/database/migration/TestMergedFS_Open","TestMergedFS_Open"
"Test cases for TestResources_ListRootCAPKIHierarchy","0","TestResources_ListRootCAPKIHierarchy","","Tue Jun 09 18:58:01 UTC 2026","passed","Tue Jun 09 18:58:01 UTC 2026","","Go Test","github.com/specterops/bloodhound/cmd/api/src/api/v2/TestResources_ListRootCAPKIHierarchy","TestResources_ListRootCAPKIHierarchy"
"","42","uses the discardQueryParams prop to discard all query params on the link","AppLink","Tue Jun 09 19:24:54 UTC 2026","passed","Tue Jun 09 19:24:54 UTC 2026","","","",""
"","22","renders details for a selected rule and is of type ""Object""","DynamicDetails","Tue Jun 09 19:23:49 UTC 2026","passed","Tue Jun 09 19:23:49 UTC 2026","","","",""
"","2","does not fetch more data when scrolling outside the default bottom threshold","useInfiniteScroll","Tue Jun 09 19:25:10 UTC 2026","passed","Tue Jun 09 19:25:10 UTC 2026","","","",""
"Test cases for TestResources_ListADDomainForeignGPOControllers","0","TestResources_ListADDomainForeignGPOControllers","","Tue Jun 09 18:58:01 UTC 2026","passed","Tue Jun 09 18:58:01 UTC 2026","","Go Test","github.com/specterops/bloodhound/cmd/api/src/api/v2/TestResources_ListADDomainForeignGPOControllers","TestResources_ListADDomainForeignGPOControllers"
"Test cases for TestLoginExpiry","0","TestLoginExpiry","","Tue Jun 09 18:58:36 UTC 2026","passed","Tue Jun 09 18:58:36 UTC 2026","","Go Test","github.com/specterops/bloodhound/cmd/api/src/api/v2/auth/TestLoginExpiry","TestLoginExpiry"
"","63","Searching for custom node type with databaseId returns node properties","useFetchEntityInfo","Tue Jun 09 19:24:19 UTC 2026","passed","Tue Jun 09 19:24:19 UTC 2026","","","",""
"Test cases for TestResources_GetEnterpriseCAEntityInfo","195","TestResources_GetEnterpriseCAEntityInfo","","Tue Jun 09 18:58:01 UTC 2026","passed","Tue Jun 09 18:58:01 UTC 2026","","Go Test","github.com/specterops/bloodhound/cmd/api/src/api/v2/TestResources_GetEnterpriseCAEntityInfo","TestResources_GetEnterpriseCAEntityInfo"
"","0","does not abbreviate numbers < 1000","numberFormatting","Tue Jun 09 19:24:31 UTC 2026","passed","Tue Jun 09 19:24:31 UTC 2026","","","",""
"Test cases for TestGetScheme","0","TestGetScheme","","Tue Jun 09 18:57:54 UTC 2026","passed","Tue Jun 09 18:57:54 UTC 2026","","Go Test","github.com/specterops/bloodhound/cmd/api/src/api/middleware/TestGetScheme","TestGetScheme"
"","321","on clicking switch shows modal and when clicking confirm closes it and switch changes to enabled","CitrixRDPConfiguration","Tue Jun 09 19:23:38 UTC 2026","passed","Tue Jun 09 19:23:38 UTC 2026","","Click on switch to enable","",""
"Test cases for TestRequestWaitDuration","0","TestRequestWaitDuration","","Tue Jun 09 18:57:54 UTC 2026","passed","Tue Jun 09 18:57:54 UTC 2026","","Go Test","github.com/specterops/bloodhound/cmd/api/src/api/middleware/TestRequestWaitDuration","TestRequestWaitDuration"
"","1","returns undefined when highlightedItem is null","SigmaChart Utils","Tue Jun 09 19:27:45 UTC 2026","passed","Tue Jun 09 19:27:45 UTC 2026","","getIsHighlightedItemInGraph","",""
"","16","disables useAvailableEnvironment and does not attempt calling handleInitialEnvironment if queryOptions.enabled","useInitialEnvironment","Tue Jun 09 19:25:33 UTC 2026","passed","Tue Jun 09 19:25:33 UTC 2026","","","",""
"","34","renders GraphButton with correct text","GraphControls","Tue Jun 09 19:21:33 UTC 2026","passed","Tue Jun 09 19:21:33 UTC 2026","","Searching current results","",""
"Test cases for TestQueries_GetEntityResults","0","TestQueries_GetEntityResults","","Tue Jun 09 18:58:06 UTC 2026","passed","Tue Jun 09 18:58:06 UTC 2026","","Go Test","github.com/specterops/bloodhound/cmd/api/src/queries/TestQueries_GetEntityResults","TestQueries_GetEntityResults"
"Test cases for TestManagementResource_ListRoles_DBError","0","TestManagementResource_ListRoles_DBError","","Tue Jun 09 18:58:07 UTC 2026","passed","Tue Jun 09 18:58:07 UTC 2026","","Go Test","github.com/specterops/bloodhound/cmd/api/src/api/v2/auth/TestManagementResource_ListRoles_DBError","TestManagementResource_ListRoles_DBError"
"","661","disables the delete button and all checkboxes if the user lacks permission","DatabaseManagement","Tue Jun 09 19:27:15 UTC 2026","passed","Tue Jun 09 19:27:16 UTC 2026","","","",""
"","379","toggles a source kind off from all selected nested graph data options","GraphDataCheckboxes","Tue Jun 09 19:22:44 UTC 2026","passed","Tue Jun 09 19:22:44 UTC 2026","","","",""
"Test cases for TestTracker_ConcurrentHasEdge","0","TestTracker_ConcurrentHasEdge","","Tue Jun 09 18:58:16 UTC 2026","passed","Tue Jun 09 18:58:16 UTC 2026","","Go Test","github.com/specterops/bloodhound/packages/go/analysis/post/TestTracker_ConcurrentHasEdge","TestTracker_ConcurrentHasEdge"
"","0","should ignore case when filtering","compareTerm","Tue Jun 09 19:25:43 UTC 2026","passed","Tue Jun 09 19:25:43 UTC 2026","","","",""
"Test cases for Test_parseRelationshipKindsParam","0","Test_parseRelationshipKindsParam","","Tue Jun 09 18:58:01 UTC 2026","passed","Tue Jun 09 18:58:01 UTC 2026","","Go Test","github.com/specterops/bloodhound/cmd/api/src/api/v2/Test_parseRelationshipKindsParam","Test_parseRelationshipKindsParam"
"Test cases for TestResources_ImportSavedQuery","30","TestResources_ImportSavedQuery","","Tue Jun 09 18:58:01 UTC 2026","passed","Tue Jun 09 18:58:01 UTC 2026","","Go Test","github.com/specterops/bloodhound/cmd/api/src/api/v2/TestResources_ImportSavedQuery","TestResources_ImportSavedQuery"
"","121","shows ""Expired"" in red when the expiration date has already passed","UserTokenManagementDialog - API Expiration Date column","Tue Jun 09 19:23:11 UTC 2026","passed","Tue Jun 09 19:23:11 UTC 2026","","","",""
"Test cases for TestResources_ToggleFlag","0","TestResources_ToggleFlag","","Tue Jun 09 18:58:01 UTC 2026","passed","Tue Jun 09 18:58:01 UTC 2026","","Go Test","github.com/specterops/bloodhound/cmd/api/src/api/v2/TestResources_ToggleFlag","TestResources_ToggleFlag"
"Test cases for TestManagementResource_ListPermissions_DBError","1","TestManagementResource_ListPermissions_DBError","","Tue Jun 09 18:58:07 UTC 2026","passed","Tue Jun 09 18:58:07 UTC 2026","","Go Test","github.com/specterops/bloodhound/cmd/api/src/api/v2/auth/TestManagementResource_ListPermissions_DBError","TestManagementResource_ListPermissions_DBError"
"","1","filters by name search (case insensitive)","filterAndSearchEnvironments","Tue Jun 09 19:21:37 UTC 2026","passed","Tue Jun 09 19:21:37 UTC 2026","","search filter","",""
"","190","calls clickHandler when a line item is clicked","PrebuiltSearchList","Tue Jun 09 19:24:33 UTC 2026","passed","Tue Jun 09 19:24:33 UTC 2026","","","",""
"Test cases for TestArgon2_Digest","0","TestArgon2_Digest","","Tue Jun 09 18:58:17 UTC 2026","passed","Tue Jun 09 18:58:17 UTC 2026","","Go Test","github.com/specterops/bloodhound/packages/go/crypto/TestArgon2_Digest","TestArgon2_Digest"
"Test cases for TestResources_DeleteSavedQuery","0","TestResources_DeleteSavedQuery","","Tue Jun 09 18:58:01 UTC 2026","passed","Tue Jun 09 18:58:01 UTC 2026","","Go Test","github.com/specterops/bloodhound/cmd/api/src/api/v2/TestResources_DeleteSavedQuery","TestResources_DeleteSavedQuery"
"","152","displays Force Password Reset checkbox when showNeedsPasswordReset is true","PasswordDialog","Tue Jun 09 19:21:55 UTC 2026","passed","Tue Jun 09 19:21:55 UTC 2026","","","",""
"","373","sets a primarySearch=id and searchType=node when secondarySearch is falsey","ContextMenu","Tue Jun 09 19:27:35 UTC 2026","passed","Tue Jun 09 19:27:35 UTC 2026","","","",""
"","359","renders the Import Query Dialog","ImportQueryDialog","Tue Jun 09 19:26:39 UTC 2026","passed","Tue Jun 09 19:26:40 UTC 2026","","","",""
"Test cases for TestDetectBOMEncoding","0","TestDetectBOMEncoding","","Tue Jun 09 18:58:16 UTC 2026","passed","Tue Jun 09 18:58:16 UTC 2026","","Go Test","github.com/specterops/bloodhound/packages/go/bomenc/TestDetectBOMEncoding","TestDetectBOMEncoding"
"","2","stores an array value in localStorage","useLocalStorage","Tue Jun 09 19:23:50 UTC 2026","passed","Tue Jun 09 19:23:50 UTC 2026","","setValue","",""
"Test cases for TestManagementResource_UpdateUser_UserSelfModify","1241","TestManagementResource_UpdateUser_UserSelfModify","","Tue Jun 09 18:58:20 UTC 2026","passed","Tue Jun 09 18:58:21 UTC 2026","","Go Test","github.com/specterops/bloodhound/cmd/api/src/api/v2/auth/TestManagementResource_UpdateUser_UserSelfModify","TestManagementResource_UpdateUser_UserSelfModify"
"","0","reports an API error when Cypher is not run first","handleError","Tue Jun 09 19:22:55 UTC 2026","passed","Tue Jun 09 19:22:55 UTC 2026","","","",""
"","8129","filter selections are rolled back if user closes modal with the cancel button","EdgeFilter","Tue Jun 09 19:24:21 UTC 2026","passed","Tue Jun 09 19:24:29 UTC 2026","","","",""
"","216","should render","NoDataDialog","Tue Jun 09 19:26:45 UTC 2026","passed","Tue Jun 09 19:26:45 UTC 2026","","","",""
"","1","filters by collected=false when ""no"" filter is active","filterAndSearchEnvironments","Tue Jun 09 19:21:37 UTC 2026","passed","Tue Jun 09 19:21:37 UTC 2026","","collected filters","",""
"Test cases for TestResources_ListADGPOAffectedUsers","0","TestResources_ListADGPOAffectedUsers","","Tue Jun 09 18:58:01 UTC 2026","passed","Tue Jun 09 18:58:01 UTC 2026","","Go Test","github.com/specterops/bloodhound/cmd/api/src/api/v2/TestResources_ListADGPOAffectedUsers","TestResources_ListADGPOAffectedUsers"
"Test cases for TestResources_CreateSavedQuery_NotAUserAuth","0","TestResources_CreateSavedQuery_NotAUserAuth","","Tue Jun 09 18:58:01 UTC 2026","passed","Tue Jun 09 18:58:01 UTC 2026","","Go Test","github.com/specterops/bloodhound/cmd/api/src/api/v2/TestResources_CreateSavedQuery_NotAUserAuth","TestResources_CreateSavedQuery_NotAUserAuth"
"","397","navigates to rule details when clicking a rule row","RulesAccordion","Tue Jun 09 19:24:39 UTC 2026","passed","Tue Jun 09 19:24:39 UTC 2026","","","",""
"Test cases for TestReconcile","1","TestReconcile","","Tue Jun 09 18:58:04 UTC 2026","passed","Tue Jun 09 18:58:04 UTC 2026","","Go Test","github.com/specterops/bloodhound/cmd/api/src/database/TestReconcile","TestReconcile"
"Test cases for TestResources_UpdateSavedQuery_NoQueryMatch","0","TestResources_UpdateSavedQuery_NoQueryMatch","","Tue Jun 09 18:58:01 UTC 2026","passed","Tue Jun 09 18:58:01 UTC 2026","","Go Test","github.com/specterops/bloodhound/cmd/api/src/api/v2/TestResources_UpdateSavedQuery_NoQueryMatch","TestResources_UpdateSavedQuery_NoQueryMatch"
"Test cases for TestGC_Name","0","TestGC_Name","","Tue Jun 09 18:58:02 UTC 2026","passed","Tue Jun 09 18:58:02 UTC 2026","","Go Test","github.com/specterops/bloodhound/cmd/api/src/daemons/gc/TestGC_Name","TestGC_Name"
"Test cases for TestResources_GetPathfindingResult","0","TestResources_GetPathfindingResult","","Tue Jun 09 18:58:01 UTC 2026","passed","Tue Jun 09 18:58:01 UTC 2026","","Go Test","github.com/specterops/bloodhound/cmd/api/src/api/v2/TestResources_GetPathfindingResult","TestResources_GetPathfindingResult"
"","95","should render a button with the passed in display text","GraphButton","Tue Jun 09 19:26:51 UTC 2026","passed","Tue Jun 09 19:26:51 UTC 2026","","","",""
"","519","handles a selection as expected","DropdownSelector","Tue Jun 09 19:25:24 UTC 2026","passed","Tue Jun 09 19:25:24 UTC 2026","","","",""
"","365","does not auto-display the table for a node-only cypher response when the user has already selected a graph layout","GraphView","Tue Jun 09 19:27:21 UTC 2026","passed","Tue Jun 09 19:27:22 UTC 2026","","Layout selection and de-selection","",""
"","91","displays an error message while fetching fails","ActiveExtensionsCard","Tue Jun 09 19:21:40 UTC 2026","passed","Tue Jun 09 19:21:40 UTC 2026","","","",""
"","0","Fetching the data timed out","Getting the text for the disabled item display for a search when there are no results","Tue Jun 09 19:25:03 UTC 2026","passed","Tue Jun 09 19:25:03 UTC 2026","","Error states","",""
"","3","returns undefined if graphData is undefined","normalizeGraphDataForSigma","Tue Jun 09 19:27:59 UTC 2026","passed","Tue Jun 09 19:27:59 UTC 2026","","","",""
"","62","enables filtering out for tags that are treated as Labels (including Owned)","the useAssetGroupTags utilities","Tue Jun 09 19:23:15 UTC 2026","passed","Tue Jun 09 19:23:15 UTC 2026","","","",""
"Test cases for TestHeaderMatches","0","TestHeaderMatches","","Tue Jun 09 18:58:11 UTC 2026","passed","Tue Jun 09 18:58:11 UTC 2026","","Go Test","github.com/specterops/bloodhound/cmd/api/src/utils/TestHeaderMatches","TestHeaderMatches"
"","8","re-announces the same message by incrementing the span key","AnnouncementProvider","Tue Jun 09 19:24:54 UTC 2026","passed","Tue Jun 09 19:24:54 UTC 2026","","","",""
"Test cases for TestToolContainer_SetScheduledAnalysisConfiguration","0","TestToolContainer_SetScheduledAnalysisConfiguration","","Tue Jun 09 18:57:54 UTC 2026","passed","Tue Jun 09 18:57:54 UTC 2026","","Go Test","github.com/specterops/bloodhound/cmd/api/src/api/tools/TestToolContainer_SetScheduledAnalysisConfiguration","TestToolContainer_SetScheduledAnalysisConfiguration"
"","0","should handle an entity that has an empty name property","Evaluating the entity display name from a given entity","Tue Jun 09 19:23:26 UTC 2026","passed","Tue Jun 09 19:23:26 UTC 2026","","","",""
"","159","does not trigger search for fewer than 3 characters","SearchBar","Tue Jun 09 19:26:36 UTC 2026","passed","Tue Jun 09 19:26:36 UTC 2026","","","",""
"","5","returns empty array when environments is empty","filterAndSearchEnvironments","Tue Jun 09 19:21:37 UTC 2026","passed","Tue Jun 09 19:21:37 UTC 2026","","with empty environments","",""
"","169","should render action list item that handles a function","MainNav","Tue Jun 09 19:23:49 UTC 2026","passed","Tue Jun 09 19:23:50 UTC 2026","","","",""
"","0","returns true if value is null","searchParams","Tue Jun 09 19:25:11 UTC 2026","passed","Tue Jun 09 19:25:11 UTC 2026","","isEmptyParam","",""
"","3","uses sequentialLayout by default","Explore utils","Tue Jun 09 19:27:35 UTC 2026","passed","Tue Jun 09 19:27:36 UTC 2026","","initGraph","",""
"Test cases for TestContextMiddleware","0","TestContextMiddleware","","Tue Jun 09 18:57:54 UTC 2026","passed","Tue Jun 09 18:57:54 UTC 2026","","Go Test","github.com/specterops/bloodhound/cmd/api/src/api/middleware/TestContextMiddleware","TestContextMiddleware"
"","285","should handle click events on apply and cancel","ConfirmUpdateQueryDialog","Tue Jun 09 19:26:23 UTC 2026","passed","Tue Jun 09 19:26:23 UTC 2026","","","",""
"","49","renders a button","CreateMenu","Tue Jun 09 19:23:33 UTC 2026","passed","Tue Jun 09 19:23:33 UTC 2026","","oidc_support feature flag disabled","",""
"Test cases for TestActivateMFA_Failure","733","TestActivateMFA_Failure","","Tue Jun 09 18:58:35 UTC 2026","passed","Tue Jun 09 18:58:35 UTC 2026","","Go Test","github.com/specterops/bloodhound/cmd/api/src/api/v2/auth/TestActivateMFA_Failure","TestActivateMFA_Failure"
"","463","navigates to object details when clicking an object row","ObjectsAccordion","Tue Jun 09 19:25:47 UTC 2026","passed","Tue Jun 09 19:25:48 UTC 2026","","","",""
"","1993","should clear out the sso provider id from submission data when the authentication method is changed","UpdateUserDialog","Tue Jun 09 19:22:33 UTC 2026","passed","Tue Jun 09 19:22:35 UTC 2026","","","",""
"","43","should display hidden node label for hidden node","EntityInfoHeader","Tue Jun 09 19:25:02 UTC 2026","passed","Tue Jun 09 19:25:02 UTC 2026","","","",""
"Test cases for TestResources_ListADDomainForeignGroups","0","TestResources_ListADDomainForeignGroups","","Tue Jun 09 18:58:01 UTC 2026","passed","Tue Jun 09 18:58:01 UTC 2026","","Go Test","github.com/specterops/bloodhound/cmd/api/src/api/v2/TestResources_ListADDomainForeignGroups","TestResources_ListADDomainForeignGroups"
"","1","returns a comma separated number when provided with a number > 999","numberFormatting","Tue Jun 09 19:24:31 UTC 2026","passed","Tue Jun 09 19:24:31 UTC 2026","","","",""
"","294","should handle close event","TagToZoneLabelDialog","Tue Jun 09 19:24:36 UTC 2026","passed","Tue Jun 09 19:24:36 UTC 2026","","","",""
"","7","displays lastlogontimestamp cell as NEVER when the value is -1","ExploreTableDataCell","Tue Jun 09 19:26:04 UTC 2026","passed","Tue Jun 09 19:26:04 UTC 2026","","","",""
"","357","renders the popup content with run, edit/share, and delete when the menu trigger","ListItemActionMenu","Tue Jun 09 19:25:11 UTC 2026","passed","Tue Jun 09 19:25:11 UTC 2026","","","",""
"","197","renders an interactive version when preview is set to false","PrivilegeZonesCypherEditor Search component for Zone Management","Tue Jun 09 19:25:38 UTC 2026","passed","Tue Jun 09 19:25:38 UTC 2026","","","",""
"Test cases for TestWriteResultRawJson","0","TestWriteResultRawJson","","Tue Jun 09 18:58:11 UTC 2026","passed","Tue Jun 09 18:58:11 UTC 2026","","Go Test","github.com/specterops/bloodhound/cmd/api/src/utils/TestWriteResultRawJson","TestWriteResultRawJson"
"Test cases for TestSelfDestructingTempFile","0","TestSelfDestructingTempFile","","Tue Jun 09 18:57:50 UTC 2026","passed","Tue Jun 09 18:57:50 UTC 2026","","Go Test","github.com/specterops/bloodhound/cmd/api/src/api/TestSelfDestructingTempFile","TestSelfDestructingTempFile"
"","1","reports when API error response has errors array","handleError","Tue Jun 09 19:22:55 UTC 2026","passed","Tue Jun 09 19:22:55 UTC 2026","","","",""
"Test cases for TestGetLimitParamForGraphQuery","0","TestGetLimitParamForGraphQuery","","Tue Jun 09 18:58:11 UTC 2026","passed","Tue Jun 09 18:58:11 UTC 2026","","Go Test","github.com/specterops/bloodhound/cmd/api/src/utils/TestGetLimitParamForGraphQuery","TestGetLimitParamForGraphQuery"
"","18","disables the upload button and does not populate a table if the user lacks the permission","File Upload","Tue Jun 09 19:24:07 UTC 2026","passed","Tue Jun 09 19:24:07 UTC 2026","","","",""
"","0","escapes multiple single quotes","escapeCypherString","Tue Jun 09 19:26:41 UTC 2026","passed","Tue Jun 09 19:26:41 UTC 2026","","","",""
"","12","should render a Field when the provided value is 0","Field","Tue Jun 09 19:26:11 UTC 2026","passed","Tue Jun 09 19:26:11 UTC 2026","","","",""
"","35","should display a badge when role based filtering is true and show filter banner is true","EntityInfoPanel","Tue Jun 09 19:25:45 UTC 2026","passed","Tue Jun 09 19:25:45 UTC 2026","","","",""
"Test cases for TestResources_ListCAPKIHierarchy","1","TestResources_ListCAPKIHierarchy","","Tue Jun 09 18:58:01 UTC 2026","passed","Tue Jun 09 18:58:01 UTC 2026","","Go Test","github.com/specterops/bloodhound/cmd/api/src/api/v2/TestResources_ListCAPKIHierarchy","TestResources_ListCAPKIHierarchy"
"","0","The node radius is adjusted to take into account the current camera zoom ratio","getNodeRadius","Tue Jun 09 19:27:53 UTC 2026","passed","Tue Jun 09 19:27:53 UTC 2026","","","",""
"","1600","shows an error message when unable to delete a rule","Rule Form","Tue Jun 09 19:21:33 UTC 2026","passed","Tue Jun 09 19:21:35 UTC 2026","","","",""
"Test cases for TestRewriter_Enter_CombinedAzureAndADShortcut_ConcatenatesKinds","0","TestRewriter_Enter_CombinedAzureAndADShortcut_ConcatenatesKinds","","Tue Jun 09 18:58:06 UTC 2026","passed","Tue Jun 09 18:58:06 UTC 2026","","Go Test","github.com/specterops/bloodhound/cmd/api/src/queries/TestRewriter_Enter_CombinedAzureAndADShortcut_ConcatenatesKinds","TestRewriter_Enter_CombinedAzureAndADShortcut_ConcatenatesKinds"
"Test cases for Test_filterAndFormatSearchResults","0","Test_filterAndFormatSearchResults","","Tue Jun 09 18:58:01 UTC 2026","passed","Tue Jun 09 18:58:01 UTC 2026","","Go Test","github.com/specterops/bloodhound/cmd/api/src/api/v2/Test_filterAndFormatSearchResults","Test_filterAndFormatSearchResults"
"","1931","renders","DatabaseManagement","Tue Jun 09 19:27:13 UTC 2026","passed","Tue Jun 09 19:27:15 UTC 2026","","","",""
"Test cases for Test_sortAndSliceResults_sorting","0","Test_sortAndSliceResults_sorting","","Tue Jun 09 18:58:06 UTC 2026","passed","Tue Jun 09 18:58:06 UTC 2026","","Go Test","github.com/specterops/bloodhound/cmd/api/src/queries/Test_sortAndSliceResults_sorting","Test_sortAndSliceResults_sorting"
"","211","calls exportToJson util when valid non a empty object is passed as the jsonData prop","GraphControls","Tue Jun 09 19:21:33 UTC 2026","passed","Tue Jun 09 19:21:33 UTC 2026","","Exporting json","",""
"Test cases for TestNewAuditLog","0","TestNewAuditLog","","Tue Jun 09 18:58:04 UTC 2026","passed","Tue Jun 09 18:58:04 UTC 2026","","Go Test","github.com/specterops/bloodhound/cmd/api/src/database/TestNewAuditLog","TestNewAuditLog"
"","1","EXTENDED ROUNDING when thresholds are set: returns a comma separated number when provided with a number > 999","numberFormatting","Tue Jun 09 19:24:31 UTC 2026","passed","Tue Jun 09 19:24:31 UTC 2026","","","",""
"","331","The reset password and two-factor authentication options should not appear in profile page if the user is configured for SAML login","UserProfile with SSO User","Tue Jun 09 19:23:43 UTC 2026","passed","Tue Jun 09 19:23:43 UTC 2026","","","",""
"","561","does not display must be new password error messages when current password is not required","PasswordDialog","Tue Jun 09 19:21:59 UTC 2026","passed","Tue Jun 09 19:22:00 UTC 2026","","","",""
"Test cases for TestSortJSONArrays","1","TestSortJSONArrays","","Tue Jun 09 18:58:12 UTC 2026","passed","Tue Jun 09 18:58:12 UTC 2026","","Go Test","github.com/specterops/bloodhound/cmd/api/src/utils/test/TestSortJSONArrays","TestSortJSONArrays"
"","427","should render","PasswordResetForm","Tue Jun 09 19:24:11 UTC 2026","passed","Tue Jun 09 19:24:11 UTC 2026","","","",""
"Test cases for TestOpenGraphSchemaService_GetGraphSchemaExtensions","0","TestOpenGraphSchemaService_GetGraphSchemaExtensions","","Tue Jun 09 18:58:08 UTC 2026","passed","Tue Jun 09 18:58:08 UTC 2026","","Go Test","github.com/specterops/bloodhound/cmd/api/src/services/opengraphschema/TestOpenGraphSchemaService_GetGraphSchemaExtensions","TestOpenGraphSchemaService_GetGraphSchemaExtensions"
"","329","prevents a user from proceeding if the file is not valid","ImportQueryDialog","Tue Jun 09 19:26:40 UTC 2026","passed","Tue Jun 09 19:26:40 UTC 2026","","","",""
"Test cases for TestFloatValueOrZero","0","TestFloatValueOrZero","","Tue Jun 09 18:58:04 UTC 2026","passed","Tue Jun 09 18:58:04 UTC 2026","","Go Test","github.com/specterops/bloodhound/cmd/api/src/database/types/null/TestFloatValueOrZero","TestFloatValueOrZero"
"Test cases for TestDatabase_NullUUID","0","TestDatabase_NullUUID","","Tue Jun 09 18:58:04 UTC 2026","passed","Tue Jun 09 18:58:04 UTC 2026","","Go Test","github.com/specterops/bloodhound/cmd/api/src/database/TestDatabase_NullUUID","TestDatabase_NullUUID"
"Test cases for TestManagementResource_UpdateSAMLProviderRequest","13","TestManagementResource_UpdateSAMLProviderRequest","","Tue Jun 09 18:58:36 UTC 2026","passed","Tue Jun 09 18:58:36 UTC 2026","","Go Test","github.com/specterops/bloodhound/cmd/api/src/api/v2/auth/TestManagementResource_UpdateSAMLProviderRequest","TestManagementResource_UpdateSAMLProviderRequest"
"","26","does not render the tooltip icon when tooltipText prop is not passed","ColumnHeaders","Tue Jun 09 19:24:27 UTC 2026","passed","Tue Jun 09 19:24:27 UTC 2026","","SortableHeader with Tooltip","",""
"Test cases for TestEndNodes","0","TestEndNodes","","Tue Jun 09 18:58:16 UTC 2026","passed","Tue Jun 09 18:58:16 UTC 2026","","Go Test","github.com/specterops/bloodhound/packages/go/analysis/azure/TestEndNodes","TestEndNodes"
"","1","should compute offset vertices for bezier curves at a given intersection","bezier","Tue Jun 09 19:27:39 UTC 2026","passed","Tue Jun 09 19:27:39 UTC 2026","","","",""
"","404","should display ""Generate/Revoke API Tokens"" title","UserTokenManagementDialog","Tue Jun 09 19:23:08 UTC 2026","passed","Tue Jun 09 19:23:08 UTC 2026","","","",""
"Test cases for TestUnmarshalFloat","0","TestUnmarshalFloat","","Tue Jun 09 18:58:04 UTC 2026","passed","Tue Jun 09 18:58:04 UTC 2026","","Go Test","github.com/specterops/bloodhound/cmd/api/src/database/types/null/TestUnmarshalFloat","TestUnmarshalFloat"
"Test cases for TestParseOptionalLimitQueryParameter","77","TestParseOptionalLimitQueryParameter","","Tue Jun 09 18:58:01 UTC 2026","passed","Tue Jun 09 18:58:01 UTC 2026","","Go Test","github.com/specterops/bloodhound/cmd/api/src/api/v2/TestParseOptionalLimitQueryParameter","TestParseOptionalLimitQueryParameter"
"Test cases for TestQueryParameterFilterParser_ParseQueryParameterFilter","0","TestQueryParameterFilterParser_ParseQueryParameterFilter","","Tue Jun 09 18:58:04 UTC 2026","passed","Tue Jun 09 18:58:04 UTC 2026","","Go Test","github.com/specterops/bloodhound/cmd/api/src/model/TestQueryParameterFilterParser_ParseQueryParameterFilter","TestQueryParameterFilterParser_ParseQueryParameterFilter"
"Test cases for TestQueries_BuildEntityQueryParams_DataTypeCount","0","TestQueries_BuildEntityQueryParams_DataTypeCount","","Tue Jun 09 18:58:06 UTC 2026","passed","Tue Jun 09 18:58:06 UTC 2026","","Go Test","github.com/specterops/bloodhound/cmd/api/src/queries/TestQueries_BuildEntityQueryParams_DataTypeCount","TestQueries_BuildEntityQueryParams_DataTypeCount"
"Test cases for TestBuildErrorResponseConflict","0","TestBuildErrorResponseConflict","","Tue Jun 09 18:57:50 UTC 2026","passed","Tue Jun 09 18:57:50 UTC 2026","","Go Test","github.com/specterops/bloodhound/cmd/api/src/api/TestBuildErrorResponseConflict","TestBuildErrorResponseConflict"
"","26","sets autoDisplayTable to false if query type is node","useExploreTableAutoDisplay","Tue Jun 09 19:25:38 UTC 2026","passed","Tue Jun 09 19:25:38 UTC 2026","","","",""
"Test cases for TestResources_ListUsersMinimal","3","TestResources_ListUsersMinimal","","Tue Jun 09 18:58:36 UTC 2026","passed","Tue Jun 09 18:58:36 UTC 2026","","Go Test","github.com/specterops/bloodhound/cmd/api/src/api/v2/auth/TestResources_ListUsersMinimal","TestResources_ListUsersMinimal"
"","7","calls the provided notification method","handleError","Tue Jun 09 19:22:55 UTC 2026","passed","Tue Jun 09 19:22:55 UTC 2026","","","",""
"Test cases for TestOrphanFileSweeper_Clear","1","TestOrphanFileSweeper_Clear","","Tue Jun 09 18:58:02 UTC 2026","passed","Tue Jun 09 18:58:02 UTC 2026","","Go Test","github.com/specterops/bloodhound/cmd/api/src/daemons/datapipe/TestOrphanFileSweeper_Clear","TestOrphanFileSweeper_Clear"
"Test cases for TestManagementResource_UpdateUser_SelfDisable","1317","TestManagementResource_UpdateUser_SelfDisable","","Tue Jun 09 18:58:18 UTC 2026","passed","Tue Jun 09 18:58:20 UTC 2026","","Go Test","github.com/specterops/bloodhound/cmd/api/src/api/v2/auth/TestManagementResource_UpdateUser_SelfDisable","TestManagementResource_UpdateUser_SelfDisable"
"","25","selector members refetches on envrionment change","the useAssetGroupTags utilities","Tue Jun 09 19:23:15 UTC 2026","passed","Tue Jun 09 19:23:15 UTC 2026","","","",""
"Test cases for TestRequiredValidator","0","TestRequiredValidator","","Tue Jun 09 18:58:12 UTC 2026","passed","Tue Jun 09 18:58:12 UTC 2026","","Go Test","github.com/specterops/bloodhound/cmd/api/src/utils/validation/TestRequiredValidator","TestRequiredValidator"
"","15","renders highlight only for active member when memberId is present","SelectedHighlight","Tue Jun 09 19:25:51 UTC 2026","passed","Tue Jun 09 19:25:51 UTC 2026","","","",""
"","194","respects openIndex (default opened panel)","<DetailsAccordion />","Tue Jun 09 19:23:16 UTC 2026","passed","Tue Jun 09 19:23:16 UTC 2026","","","",""
"Test cases for TestResources_ListADDomainContainedComputers","0","TestResources_ListADDomainContainedComputers","","Tue Jun 09 18:58:01 UTC 2026","passed","Tue Jun 09 18:58:01 UTC 2026","","Go Test","github.com/specterops/bloodhound/cmd/api/src/api/v2/TestResources_ListADDomainContainedComputers","TestResources_ListADDomainContainedComputers"
"Test cases for TestAssetGroupSelectorSpec_Validate","1","TestAssetGroupSelectorSpec_Validate","","Tue Jun 09 18:58:04 UTC 2026","passed","Tue Jun 09 18:58:04 UTC 2026","","Go Test","github.com/specterops/bloodhound/cmd/api/src/model/TestAssetGroupSelectorSpec_Validate","TestAssetGroupSelectorSpec_Validate"
"","100","if a hint is given, it show date placeholder on focus, restores hint on blur","ManagedDatePicker - placeholders","Tue Jun 09 19:24:25 UTC 2026","passed","Tue Jun 09 19:24:26 UTC 2026","","","",""
"Test cases for TestResources_GetAssetGroup","0","TestResources_GetAssetGroup","","Tue Jun 09 18:58:01 UTC 2026","passed","Tue Jun 09 18:58:01 UTC 2026","","Go Test","github.com/specterops/bloodhound/cmd/api/src/api/v2/TestResources_GetAssetGroup","TestResources_GetAssetGroup"
"Test cases for TestIngestJobs_IsSortable","0","TestIngestJobs_IsSortable","","Tue Jun 09 18:58:04 UTC 2026","passed","Tue Jun 09 18:58:04 UTC 2026","","Go Test","github.com/specterops/bloodhound/cmd/api/src/model/TestIngestJobs_IsSortable","TestIngestJobs_IsSortable"
"Test cases for Test_setRawValue","1","Test_setRawValue","","Tue Jun 09 18:58:02 UTC 2026","passed","Tue Jun 09 18:58:02 UTC 2026","","Go Test","github.com/specterops/bloodhound/cmd/api/src/config/Test_setRawValue","Test_setRawValue"
"","758","Download button opens a menu and selecting ""Selected Columns"" calls json2csv with selected columns only","ExploreTable","Tue Jun 09 19:21:13 UTC 2026","passed","Tue Jun 09 19:21:14 UTC 2026","","","",""
"","20","the ID value reflects the URL when it is available","usePZQueryParams","Tue Jun 09 19:24:49 UTC 2026","passed","Tue Jun 09 19:24:49 UTC 2026","","","",""
"Test cases for TestParseClientVersion","0","TestParseClientVersion","","Tue Jun 09 18:58:11 UTC 2026","passed","Tue Jun 09 18:58:11 UTC 2026","","Go Test","github.com/specterops/bloodhound/cmd/api/src/utils/TestParseClientVersion","TestParseClientVersion"
"","311","shows all extensions when search is cleared","ActiveExtensionsCard","Tue Jun 09 19:21:43 UTC 2026","passed","Tue Jun 09 19:21:43 UTC 2026","","","",""
"Test cases for TestBoolScan","0","TestBoolScan","","Tue Jun 09 18:58:04 UTC 2026","passed","Tue Jun 09 18:58:04 UTC 2026","","Go Test","github.com/specterops/bloodhound/cmd/api/src/database/types/null/TestBoolScan","TestBoolScan"
"","47","shows the empty form message when Cypher Rule Form is empty","Seed Selection Results","Tue Jun 09 19:23:10 UTC 2026","passed","Tue Jun 09 19:23:10 UTC 2026","","","",""
"Test cases for TestManagementResource_DeleteUser_UserCannotSelfDelete","708","TestManagementResource_DeleteUser_UserCannotSelfDelete","","Tue Jun 09 18:58:22 UTC 2026","passed","Tue Jun 09 18:58:23 UTC 2026","","Go Test","github.com/specterops/bloodhound/cmd/api/src/api/v2/auth/TestManagementResource_DeleteUser_UserCannotSelfDelete","TestManagementResource_DeleteUser_UserCannotSelfDelete"
"Test cases for TestResources_UpdateSavedQuery_QueryBelongsToAnotherUser","0","TestResources_UpdateSavedQuery_QueryBelongsToAnotherUser","","Tue Jun 09 18:58:01 UTC 2026","passed","Tue Jun 09 18:58:01 UTC 2026","","Go Test","github.com/specterops/bloodhound/cmd/api/src/api/v2/TestResources_UpdateSavedQuery_QueryBelongsToAnotherUser","TestResources_UpdateSavedQuery_QueryBelongsToAnotherUser"
"Test cases for TestBuildErrorResponseBadRequest","0","TestBuildErrorResponseBadRequest","","Tue Jun 09 18:57:50 UTC 2026","passed","Tue Jun 09 18:57:50 UTC 2026","","Go Test","github.com/specterops/bloodhound/cmd/api/src/api/TestBuildErrorResponseBadRequest","TestBuildErrorResponseBadRequest"
"Test cases for TestDatabase_checkError_NotFound","0","TestDatabase_checkError_NotFound","","Tue Jun 09 18:58:04 UTC 2026","passed","Tue Jun 09 18:58:04 UTC 2026","","Go Test","github.com/specterops/bloodhound/cmd/api/src/database/TestDatabase_checkError_NotFound","TestDatabase_checkError_NotFound"
"","10","when password is not expired no redirect occurs","AuthenticatedRoute","Tue Jun 09 19:27:45 UTC 2026","passed","Tue Jun 09 19:27:45 UTC 2026","","","",""
"Test cases for TestWriteResponseWrapperWithTimeWindowAndPagination","0","TestWriteResponseWrapperWithTimeWindowAndPagination","","Tue Jun 09 18:57:50 UTC 2026","passed","Tue Jun 09 18:57:50 UTC 2026","","Go Test","github.com/specterops/bloodhound/cmd/api/src/api/TestWriteResponseWrapperWithTimeWindowAndPagination","TestWriteResponseWrapperWithTimeWindowAndPagination"
"","1","EXTENDED ROUNDING when thresholds are set: does not abbreviate numbers < 10000","numberFormatting","Tue Jun 09 19:24:31 UTC 2026","passed","Tue Jun 09 19:24:31 UTC 2026","","","",""
"","457","adds a ""Close"" button that closes the dialog after a failed upload","SchemaUploadDialog","Tue Jun 09 19:22:52 UTC 2026","passed","Tue Jun 09 19:22:52 UTC 2026","","","",""
"","365","Close button click causes the callback function to be called","ExploreTable","Tue Jun 09 19:21:14 UTC 2026","passed","Tue Jun 09 19:21:14 UTC 2026","","","",""
"Test cases for TestConvertDomainToNode_InheritanceHashes","0","TestConvertDomainToNode_InheritanceHashes","","Tue Jun 09 18:58:17 UTC 2026","passed","Tue Jun 09 18:58:17 UTC 2026","","Go Test","github.com/specterops/bloodhound/packages/go/ein/TestConvertDomainToNode_InheritanceHashes","TestConvertDomainToNode_InheritanceHashes"
"","1","adds email filter if madeBy contains ""@""","createHistoryParams","Tue Jun 09 19:25:49 UTC 2026","passed","Tue Jun 09 19:25:49 UTC 2026","","","",""
"Test cases for TestParseLimitQueryParameter_Invalid","0","TestParseLimitQueryParameter_Invalid","","Tue Jun 09 18:58:01 UTC 2026","passed","Tue Jun 09 18:58:01 UTC 2026","","Go Test","github.com/specterops/bloodhound/cmd/api/src/api/v2/TestParseLimitQueryParameter_Invalid","TestParseLimitQueryParameter_Invalid"
"Test cases for TestAuditLogin","0","TestAuditLogin","","Tue Jun 09 18:57:49 UTC 2026","passed","Tue Jun 09 18:57:49 UTC 2026","","Go Test","github.com/specterops/bloodhound/cmd/api/src/api/TestAuditLogin","TestAuditLogin"
"Test cases for TestRewriter_Enter_UpdatingClauseSetsHasMutation","0","TestRewriter_Enter_UpdatingClauseSetsHasMutation","","Tue Jun 09 18:58:06 UTC 2026","passed","Tue Jun 09 18:58:06 UTC 2026","","Go Test","github.com/specterops/bloodhound/cmd/api/src/queries/TestRewriter_Enter_UpdatingClauseSetsHasMutation","TestRewriter_Enter_UpdatingClauseSetsHasMutation"
"Test cases for TestTypes_Value","0","TestTypes_Value","","Tue Jun 09 18:58:04 UTC 2026","passed","Tue Jun 09 18:58:04 UTC 2026","","Go Test","github.com/specterops/bloodhound/cmd/api/src/database/types/TestTypes_Value","TestTypes_Value"
"","22","tag members refetches on environment change","the useAssetGroupTags utilities","Tue Jun 09 19:23:15 UTC 2026","passed","Tue Jun 09 19:23:15 UTC 2026","","","",""
"Test cases for TestResources_ListADGPOAffectedComputers","3","TestResources_ListADGPOAffectedComputers","","Tue Jun 09 18:58:01 UTC 2026","passed","Tue Jun 09 18:58:01 UTC 2026","","Go Test","github.com/specterops/bloodhound/cmd/api/src/api/v2/TestResources_ListADGPOAffectedComputers","TestResources_ListADGPOAffectedComputers"
"Test cases for TestWriteTimeWindowedResponse","0","TestWriteTimeWindowedResponse","","Tue Jun 09 18:57:50 UTC 2026","passed","Tue Jun 09 18:57:50 UTC 2026","","Go Test","github.com/specterops/bloodhound/cmd/api/src/api/TestWriteTimeWindowedResponse","TestWriteTimeWindowedResponse"
"","1582","should display a dropdown when a user types a partial query that can be autocompleted","CypherSearch","Tue Jun 09 19:22:08 UTC 2026","passed","Tue Jun 09 19:22:09 UTC 2026","","","",""
"","171","displays extensions in a table when data is available","ActiveExtensionsCard","Tue Jun 09 19:21:40 UTC 2026","passed","Tue Jun 09 19:21:41 UTC 2026","","","",""
"","241","disables checkboxes while loading","GraphDataCheckboxes","Tue Jun 09 19:22:40 UTC 2026","passed","Tue Jun 09 19:22:40 UTC 2026","","","",""
"","295","displays loading state","GraphDataCheckboxes","Tue Jun 09 19:22:39 UTC 2026","passed","Tue Jun 09 19:22:39 UTC 2026","","","",""
"","268","calls setExploreParams with only the expandedSection label when selecting any accordion that is not composition","EdgeInfoContent","Tue Jun 09 19:21:43 UTC 2026","passed","Tue Jun 09 19:21:43 UTC 2026","","EdgeInfoContent support for Deep Linking","",""
"","88","displays ! icon when one of the Affected Object calls fail","EntityInfoDataTable","Tue Jun 09 19:23:03 UTC 2026","passed","Tue Jun 09 19:23:03 UTC 2026","","Node count for nested table that counts all sections","",""
"","96","collapses an open item when its header is clicked again","<DetailsAccordion />","Tue Jun 09 19:23:17 UTC 2026","passed","Tue Jun 09 19:23:17 UTC 2026","","","",""
"","279","Selecting an edge that meets ACL inheritance criteria shows the ""ACE Inherited From"" dropdown","EdgeInfoContent","Tue Jun 09 19:21:43 UTC 2026","passed","Tue Jun 09 19:21:43 UTC 2026","","","",""
"","105","buttons are disabled while loading","LoginForm","Tue Jun 09 19:26:06 UTC 2026","passed","Tue Jun 09 19:26:06 UTC 2026","","","",""
"","2252","does not show the ""Disable MFA"" context menu option for users without MFA enabled","Users","Tue Jun 09 19:22:52 UTC 2026","passed","Tue Jun 09 19:22:54 UTC 2026","","","",""
"","0","returns true if arrays are equal","areArraysSimilar","Tue Jun 09 19:26:24 UTC 2026","passed","Tue Jun 09 19:26:24 UTC 2026","","","",""
"","29","renders custom icon correctly","NodeIcon","Tue Jun 09 19:26:06 UTC 2026","passed","Tue Jun 09 19:26:06 UTC 2026","","","",""
"","79","does not render the analysis toggle when multi tier analysis enabled is false","Tag Form","Tue Jun 09 19:21:12 UTC 2026","passed","Tue Jun 09 19:21:13 UTC 2026","","","",""
"","1","takes updatedParams and current URLSearchParams and returns a function","searchParams","Tue Jun 09 19:25:11 UTC 2026","passed","Tue Jun 09 19:25:11 UTC 2026","","setSingleParamFactory","",""
"","129","shows the direct object and expanded object list when results are present for both","Seed Selection Results","Tue Jun 09 19:23:10 UTC 2026","passed","Tue Jun 09 19:23:11 UTC 2026","","","",""
"Test cases for TestManagementResource_ListRoles_SortingError","1","TestManagementResource_ListRoles_SortingError","","Tue Jun 09 18:58:07 UTC 2026","passed","Tue Jun 09 18:58:07 UTC 2026","","Go Test","github.com/specterops/bloodhound/cmd/api/src/api/v2/auth/TestManagementResource_ListRoles_SortingError","TestManagementResource_ListRoles_SortingError"
"Test cases for TestResources_RequestAnalysis","134","TestResources_RequestAnalysis","","Tue Jun 09 18:58:01 UTC 2026","passed","Tue Jun 09 18:58:01 UTC 2026","","Go Test","github.com/specterops/bloodhound/cmd/api/src/api/v2/TestResources_RequestAnalysis","TestResources_RequestAnalysis"
"Test cases for TestDefineNodeName","0","TestDefineNodeName","","Tue Jun 09 18:58:16 UTC 2026","passed","Tue Jun 09 18:58:16 UTC 2026","","Go Test","github.com/specterops/bloodhound/packages/go/analysis/ad/wellknown/TestDefineNodeName","TestDefineNodeName"
"","108","renders Empty when items is undefined and Empty is provided","<DetailsAccordion />","Tue Jun 09 19:23:15 UTC 2026","passed","Tue Jun 09 19:23:15 UTC 2026","","","",""
"Test cases for TestResources_GetAssetGroupTagMemberInfo","0","TestResources_GetAssetGroupTagMemberInfo","","Tue Jun 09 18:58:01 UTC 2026","passed","Tue Jun 09 18:58:01 UTC 2026","","Go Test","github.com/specterops/bloodhound/cmd/api/src/api/v2/TestResources_GetAssetGroupTagMemberInfo","TestResources_GetAssetGroupTagMemberInfo"
"","14","keeps callbacks stable across renders","useObjectState","Tue Jun 09 19:26:00 UTC 2026","passed","Tue Jun 09 19:26:00 UTC 2026","","","",""
"","1","combines collected and risk filters","filterAndSearchEnvironments","Tue Jun 09 19:21:37 UTC 2026","passed","Tue Jun 09 19:21:37 UTC 2026","","combined filters","",""
"","7","returns the remaining amount of labels available for creation","useTagLimits","Tue Jun 09 19:21:59 UTC 2026","passed","Tue Jun 09 19:21:59 UTC 2026","","","",""
"Test cases for TestResources_ListAuditLogs_OnlyOffset","0","TestResources_ListAuditLogs_OnlyOffset","","Tue Jun 09 18:58:01 UTC 2026","passed","Tue Jun 09 18:58:01 UTC 2026","","Go Test","github.com/specterops/bloodhound/cmd/api/src/api/v2/TestResources_ListAuditLogs_OnlyOffset","TestResources_ListAuditLogs_OnlyOffset"
"","168","renders a button for opening the dialog","SchemaUploadDialog","Tue Jun 09 19:22:50 UTC 2026","passed","Tue Jun 09 19:22:50 UTC 2026","","","",""
"","0","returns false if value is 'array'","searchParams","Tue Jun 09 19:25:11 UTC 2026","passed","Tue Jun 09 19:25:11 UTC 2026","","isEmptyParam","",""
"","137","does not open the dialog when the user does not have the opengraph write permission","SchemaUploadDialog","Tue Jun 09 19:22:50 UTC 2026","passed","Tue Jun 09 19:22:50 UTC 2026","","","",""
"","12","returns default empty labels and relationshipTypes when called with no arguments","graphSchema","Tue Jun 09 19:26:14 UTC 2026","passed","Tue Jun 09 19:26:14 UTC 2026","","","",""
"","709","renders the Platforms dropdown and handles click event","QuerySearchFilter","Tue Jun 09 19:24:47 UTC 2026","passed","Tue Jun 09 19:24:47 UTC 2026","","","",""
"","671","should display Environmental Targeted Access Control panel when showEnvironmentAccessControls prop is true and user role is selected","UpdateUserForm","Tue Jun 09 19:21:22 UTC 2026","passed","Tue Jun 09 19:21:22 UTC 2026","","","",""
"","12","fully replaces state","useObjectState","Tue Jun 09 19:26:00 UTC 2026","passed","Tue Jun 09 19:26:00 UTC 2026","","","",""
"Test cases for TestManagementResource_ListRoles_PredicateMismatchWithColumn","5","TestManagementResource_ListRoles_PredicateMismatchWithColumn","","Tue Jun 09 18:58:07 UTC 2026","passed","Tue Jun 09 18:58:07 UTC 2026","","Go Test","github.com/specterops/bloodhound/cmd/api/src/api/v2/auth/TestManagementResource_ListRoles_PredicateMismatchWithColumn","TestManagementResource_ListRoles_PredicateMismatchWithColumn"
"","221","calls setExploreParams with searchType and relationshipQueryItemId when selecting a composition accordion","EdgeInfoContent","Tue Jun 09 19:21:43 UTC 2026","passed","Tue Jun 09 19:21:43 UTC 2026","","EdgeInfoContent support for Deep Linking","",""
"Test cases for TestBuildSQLFilter","0","TestBuildSQLFilter","","Tue Jun 09 18:58:04 UTC 2026","passed","Tue Jun 09 18:58:04 UTC 2026","","Go Test","github.com/specterops/bloodhound/cmd/api/src/model/TestBuildSQLFilter","TestBuildSQLFilter"
"Test cases for TestMarshalInt","0","TestMarshalInt","","Tue Jun 09 18:58:04 UTC 2026","passed","Tue Jun 09 18:58:04 UTC 2026","","Go Test","github.com/specterops/bloodhound/cmd/api/src/database/types/null/TestMarshalInt","TestMarshalInt"
"","445","should not allow leading or trailing empty spaces","CreateUserForm","Tue Jun 09 19:21:49 UTC 2026","passed","Tue Jun 09 19:21:50 UTC 2026","","","",""
"","15","when there is no ID in the URL and no tags available, no ID is returned (it is undefined)","usePZQueryParams","Tue Jun 09 19:24:49 UTC 2026","passed","Tue Jun 09 19:24:49 UTC 2026","","","",""
"Test cases for TestCache_FillFifo","0","TestCache_FillFifo","","Tue Jun 09 18:58:16 UTC 2026","passed","Tue Jun 09 18:58:16 UTC 2026","","Go Test","github.com/specterops/bloodhound/packages/go/cache/TestCache_FillFifo","TestCache_FillFifo"
"","339","renders","ObjectsAccordion","Tue Jun 09 19:24:41 UTC 2026","passed","Tue Jun 09 19:24:41 UTC 2026","","","",""
"Test cases for TestRequestWaitDuration_Negative","0","TestRequestWaitDuration_Negative","","Tue Jun 09 18:57:54 UTC 2026","passed","Tue Jun 09 18:57:54 UTC 2026","","Go Test","github.com/specterops/bloodhound/cmd/api/src/api/middleware/TestRequestWaitDuration_Negative","TestRequestWaitDuration_Negative"
"Test cases for TestResources_ListAuditLogs_InvalidSkip","0","TestResources_ListAuditLogs_InvalidSkip","","Tue Jun 09 18:58:01 UTC 2026","passed","Tue Jun 09 18:58:01 UTC 2026","","Go Test","github.com/specterops/bloodhound/cmd/api/src/api/v2/TestResources_ListAuditLogs_InvalidSkip","TestResources_ListAuditLogs_InvalidSkip"
"Test cases for TestDurationValidator","2","TestDurationValidator","","Tue Jun 09 18:58:12 UTC 2026","passed","Tue Jun 09 18:58:12 UTC 2026","","Go Test","github.com/specterops/bloodhound/cmd/api/src/utils/validation/TestDurationValidator","TestDurationValidator"
"","13","should render when search string is in the middle of the text","HighlightedText","Tue Jun 09 19:26:01 UTC 2026","passed","Tue Jun 09 19:26:01 UTC 2026","","","",""
"","245","renders the Columns trigger button","ManageColumnsComboBox","Tue Jun 09 19:23:18 UTC 2026","passed","Tue Jun 09 19:23:18 UTC 2026","","","",""
"","191","disables the create user button when the user is auditor role","Users","Tue Jun 09 19:22:48 UTC 2026","passed","Tue Jun 09 19:22:48 UTC 2026","","","",""
"Test cases for TestMarshalFloatText","0","TestMarshalFloatText","","Tue Jun 09 18:58:04 UTC 2026","passed","Tue Jun 09 18:58:04 UTC 2026","","Go Test","github.com/specterops/bloodhound/cmd/api/src/database/types/null/TestMarshalFloatText","TestMarshalFloatText"
"","2","stores a boolean value in localStorage","useLocalStorage","Tue Jun 09 19:23:50 UTC 2026","passed","Tue Jun 09 19:23:50 UTC 2026","","setValue","",""
"","187","should call onCancel when return to login button clicked","OneTimePasscodeForm","Tue Jun 09 19:25:56 UTC 2026","passed","Tue Jun 09 19:25:56 UTC 2026","","","",""
"","225","should render a single section with a single navigation item","SubNav","Tue Jun 09 19:25:26 UTC 2026","passed","Tue Jun 09 19:25:27 UTC 2026","","","",""
"Test cases for TestSignRequestValuesSuccess","0","TestSignRequestValuesSuccess","","Tue Jun 09 18:57:49 UTC 2026","passed","Tue Jun 09 18:57:49 UTC 2026","","Go Test","github.com/specterops/bloodhound/cmd/api/src/api/TestSignRequestValuesSuccess","TestSignRequestValuesSuccess"
"","800","should render an update user form","UpdateUserDialog","Tue Jun 09 19:22:28 UTC 2026","passed","Tue Jun 09 19:22:29 UTC 2026","","","",""
"","92","displays pinned columns and unselected columns in the dropdown","ManageColumnsComboBox","Tue Jun 09 19:23:20 UTC 2026","passed","Tue Jun 09 19:23:20 UTC 2026","","","",""
"","1014","should render many sections with many navigation items","SubNav","Tue Jun 09 19:25:27 UTC 2026","passed","Tue Jun 09 19:25:28 UTC 2026","","","",""
"Test cases for TestResources_UpdateAssetGroupSelectors_PayloadError","0","TestResources_UpdateAssetGroupSelectors_PayloadError","","Tue Jun 09 18:58:01 UTC 2026","passed","Tue Jun 09 18:58:01 UTC 2026","","Go Test","github.com/specterops/bloodhound/cmd/api/src/api/v2/TestResources_UpdateAssetGroupSelectors_PayloadError","TestResources_UpdateAssetGroupSelectors_PayloadError"
"","192","shows an error state","AssetGroupMenuItem","Tue Jun 09 19:23:26 UTC 2026","passed","Tue Jun 09 19:23:26 UTC 2026","","","",""
"Test cases for TestConvertDomainToNode_DomainInvalidProperties","0","TestConvertDomainToNode_DomainInvalidProperties","","Tue Jun 09 18:58:17 UTC 2026","passed","Tue Jun 09 18:58:17 UTC 2026","","Go Test","github.com/specterops/bloodhound/packages/go/ein/TestConvertDomainToNode_DomainInvalidProperties","TestConvertDomainToNode_DomainInvalidProperties"
"Test cases for TestOpenGraphSchemaService_GetEnvironmentKindsAndEnvironmentExtensionDisplayNames","1","TestOpenGraphSchemaService_GetEnvironmentKindsAndEnvironmentExtensionDisplayNames","","Tue Jun 09 18:58:08 UTC 2026","passed","Tue Jun 09 18:58:08 UTC 2026","","Go Test","github.com/specterops/bloodhound/cmd/api/src/services/opengraphschema/TestOpenGraphSchemaService_GetEnvironmentKindsAndEnvironmentExtensionDisplayNames","TestOpenGraphSchemaService_GetEnvironmentKindsAndEnvironmentExtensionDisplayNames"
"","689","switches Rule tab to active/selected when clicked","Selected Details Tabs","Tue Jun 09 19:23:56 UTC 2026","passed","Tue Jun 09 19:23:57 UTC 2026","","Selected Details Tabs - Click Interactions","",""
"Test cases for TestResources_GetGroupEntityInfo","0","TestResources_GetGroupEntityInfo","","Tue Jun 09 18:58:01 UTC 2026","passed","Tue Jun 09 18:58:01 UTC 2026","","Go Test","github.com/specterops/bloodhound/cmd/api/src/api/v2/TestResources_GetGroupEntityInfo","TestResources_GetGroupEntityInfo"
"","18","upon performing a search, updates the url params with the base64-encoded current query and sets searchType to 'cypher'","useCypherSearch","Tue Jun 09 19:26:19 UTC 2026","passed","Tue Jun 09 19:26:19 UTC 2026","","","",""
"","200","enables the create user button when the user is admin role","Users","Tue Jun 09 19:22:48 UTC 2026","passed","Tue Jun 09 19:22:48 UTC 2026","","","",""
"","1050","should not have less characters than the minimum requirement","CreateUserForm","Tue Jun 09 19:21:48 UTC 2026","passed","Tue Jun 09 19:21:49 UTC 2026","","","",""
"Test cases for TestManagementResource_OIDCCallbackHandler","6","TestManagementResource_OIDCCallbackHandler","","Tue Jun 09 18:58:36 UTC 2026","passed","Tue Jun 09 18:58:36 UTC 2026","","Go Test","github.com/specterops/bloodhound/cmd/api/src/api/v2/auth/TestManagementResource_OIDCCallbackHandler","TestManagementResource_OIDCCallbackHandler"
"Test cases for TestResources_ListAuditLogs_DBError","0","TestResources_ListAuditLogs_DBError","","Tue Jun 09 18:58:01 UTC 2026","passed","Tue Jun 09 18:58:01 UTC 2026","","Go Test","github.com/specterops/bloodhound/cmd/api/src/api/v2/TestResources_ListAuditLogs_DBError","TestResources_ListAuditLogs_DBError"
"Test cases for Test_SetNodeProperties","0","Test_SetNodeProperties","","Tue Jun 09 18:58:01 UTC 2026","passed","Tue Jun 09 18:58:01 UTC 2026","","Go Test","github.com/specterops/bloodhound/cmd/api/src/api/v2/Test_SetNodeProperties","Test_SetNodeProperties"
"Test cases for TestInt64Pointer","0","TestInt64Pointer","","Tue Jun 09 18:58:04 UTC 2026","passed","Tue Jun 09 18:58:04 UTC 2026","","Go Test","github.com/specterops/bloodhound/cmd/api/src/database/types/null/TestInt64Pointer","TestInt64Pointer"
"","41","composes search params from the search prop and use them in the link","AppLink","Tue Jun 09 19:24:54 UTC 2026","passed","Tue Jun 09 19:24:54 UTC 2026","","","",""
"Test cases for TestTypes_Scan_Success","0","TestTypes_Scan_Success","","Tue Jun 09 18:58:04 UTC 2026","passed","Tue Jun 09 18:58:04 UTC 2026","","Go Test","github.com/specterops/bloodhound/cmd/api/src/database/types/TestTypes_Scan_Success","TestTypes_Scan_Success"
"","247","passes item props to Header and Content","<DetailsAccordion />","Tue Jun 09 19:23:15 UTC 2026","passed","Tue Jun 09 19:23:16 UTC 2026","","","",""
"","10","shows hint by default","ManagedDatePicker - placeholders","Tue Jun 09 19:24:25 UTC 2026","passed","Tue Jun 09 19:24:25 UTC 2026","","","",""
"Test cases for TestGenerateRandomBase64String","0","TestGenerateRandomBase64String","","Tue Jun 09 18:58:02 UTC 2026","passed","Tue Jun 09 18:58:02 UTC 2026","","Go Test","github.com/specterops/bloodhound/cmd/api/src/config/TestGenerateRandomBase64String","TestGenerateRandomBase64String"
"Test cases for Test_GetAssetGroupMembersByTag","3","Test_GetAssetGroupMembersByTag","","Tue Jun 09 18:58:01 UTC 2026","passed","Tue Jun 09 18:58:01 UTC 2026","","Go Test","github.com/specterops/bloodhound/cmd/api/src/api/v2/Test_GetAssetGroupMembersByTag","Test_GetAssetGroupMembersByTag"
"Test cases for TestManagementResource_ListUsers_SortingError","0","TestManagementResource_ListUsers_SortingError","","Tue Jun 09 18:58:07 UTC 2026","passed","Tue Jun 09 18:58:07 UTC 2026","","Go Test","github.com/specterops/bloodhound/cmd/api/src/api/v2/auth/TestManagementResource_ListUsers_SortingError","TestManagementResource_ListUsers_SortingError"
"Test cases for Test_TopLevel","0","Test_TopLevel","","Tue Jun 09 18:58:18 UTC 2026","passed","Tue Jun 09 18:58:18 UTC 2026","","Go Test","github.com/specterops/bloodhound/packages/go/schemagen/csgen/Test_TopLevel","Test_TopLevel"
"","0","reports an Object ID-specific error when creating a rule and ruleType is SeedTypeObjectId and seeds are required","handleError","Tue Jun 09 19:22:55 UTC 2026","passed","Tue Jun 09 19:22:55 UTC 2026","","","",""
"","82","renders citrix config controls","BloodHoundConfiguration","Tue Jun 09 19:28:05 UTC 2026","passed","Tue Jun 09 19:28:05 UTC 2026","","","",""
"Test cases for TestWriteAndValidateZip","0","TestWriteAndValidateZip","","Tue Jun 09 18:58:09 UTC 2026","passed","Tue Jun 09 18:58:09 UTC 2026","","Go Test","github.com/specterops/bloodhound/cmd/api/src/services/upload/TestWriteAndValidateZip","TestWriteAndValidateZip"
"","303","The edge properties are fetched through a cypher search which includes lastseen","EdgeObjectInformation","Tue Jun 09 19:24:46 UTC 2026","passed","Tue Jun 09 19:24:46 UTC 2026","","","",""
"","4708","should render","Pathfinding","Tue Jun 09 19:21:45 UTC 2026","passed","Tue Jun 09 19:21:50 UTC 2026","","","",""
"","108","shows the Automatic Certification label and the zone-level disabled message","BasicInfo","Tue Jun 09 19:24:06 UTC 2026","passed","Tue Jun 09 19:24:06 UTC 2026","","when isCertificationDisabledOnZoneLevel is false","",""
"","0","returns undefined if graphData is {} or not a GraphResponse","getExploreTableData","Tue Jun 09 19:24:34 UTC 2026","passed","Tue Jun 09 19:24:34 UTC 2026","","","",""
"Test cases for TestResources_ListADGroupMembership","1","TestResources_ListADGroupMembership","","Tue Jun 09 18:58:01 UTC 2026","passed","Tue Jun 09 18:58:01 UTC 2026","","Go Test","github.com/specterops/bloodhound/cmd/api/src/api/v2/TestResources_ListADGroupMembership","TestResources_ListADGroupMembership"
"","107","displays a warning when there is a problem fetching the list of collectors","DownloadCollectors","Tue Jun 09 19:27:35 UTC 2026","passed","Tue Jun 09 19:27:35 UTC 2026","","","",""
"","2","rounds down fractional minutes/days","getSimpleDuration","Tue Jun 09 19:26:01 UTC 2026","passed","Tue Jun 09 19:26:01 UTC 2026","","","",""
"","2678","when user performs a pathfinding search, and then clicks the swap button, the start and destination inputs are swapped","Pathfinding: interaction","Tue Jun 09 19:23:58 UTC 2026","passed","Tue Jun 09 19:24:01 UTC 2026","","","",""
"","21","should filter properties that we do not want to display in the entity panel","ObjectInfoFields","Tue Jun 09 19:26:11 UTC 2026","passed","Tue Jun 09 19:26:11 UTC 2026","","","",""
"","147","calls onConfirm when confirm button clicked","EarlyAccessFeaturesWarningDialog","Tue Jun 09 19:28:01 UTC 2026","passed","Tue Jun 09 19:28:01 UTC 2026","","","",""
"Test cases for TestResources_GetAIACAEntityInfo","192","TestResources_GetAIACAEntityInfo","","Tue Jun 09 18:58:01 UTC 2026","passed","Tue Jun 09 18:58:01 UTC 2026","","Go Test","github.com/specterops/bloodhound/cmd/api/src/api/v2/TestResources_GetAIACAEntityInfo","TestResources_GetAIACAEntityInfo"
"","1009","renders a link to the explore page when member is clicked","GroupManagement","Tue Jun 09 19:27:45 UTC 2026","passed","Tue Jun 09 19:27:46 UTC 2026","","","",""
"","98","displays the value thats passed via children","CodeController","Tue Jun 09 19:26:30 UTC 2026","passed","Tue Jun 09 19:26:30 UTC 2026","","","",""
"Test cases for TestManagementResource_UpdateUser_IDMalformed","1019","TestManagementResource_UpdateUser_IDMalformed","","Tue Jun 09 18:58:15 UTC 2026","passed","Tue Jun 09 18:58:16 UTC 2026","","Go Test","github.com/specterops/bloodhound/cmd/api/src/api/v2/auth/TestManagementResource_UpdateUser_IDMalformed","TestManagementResource_UpdateUser_IDMalformed"
"","18","returns initialValue when the key is absent from localStorage","useLocalStorage","Tue Jun 09 19:23:50 UTC 2026","passed","Tue Jun 09 19:23:50 UTC 2026","","initial value","",""
"Test cases for TestAddOrderByToNeo4jQuery_NoOrderByClause","0","TestAddOrderByToNeo4jQuery_NoOrderByClause","","Tue Jun 09 18:58:01 UTC 2026","passed","Tue Jun 09 18:58:01 UTC 2026","","Go Test","github.com/specterops/bloodhound/cmd/api/src/api/v2/TestAddOrderByToNeo4jQuery_NoOrderByClause","TestAddOrderByToNeo4jQuery_NoOrderByClause"
"","514","clears the applied filter","FileIngestFilterDialog","Tue Jun 09 19:23:04 UTC 2026","passed","Tue Jun 09 19:23:05 UTC 2026","","User Select","",""
"","46","sets input text to value","ManagedDatePicker - value","Tue Jun 09 19:24:26 UTC 2026","passed","Tue Jun 09 19:24:26 UTC 2026","","","",""
"Test cases for Test_ParseAndValidatePayload","4","Test_ParseAndValidatePayload","","Tue Jun 09 18:58:09 UTC 2026","passed","Tue Jun 09 18:58:09 UTC 2026","","Go Test","github.com/specterops/bloodhound/cmd/api/src/services/upload/Test_ParseAndValidatePayload","Test_ParseAndValidatePayload"
"","0","returns false if value is +0","searchParams","Tue Jun 09 19:25:11 UTC 2026","passed","Tue Jun 09 19:25:11 UTC 2026","","isEmptyParam","",""
"Test cases for TestResources_ListADDomainContainedUsers","0","TestResources_ListADDomainContainedUsers","","Tue Jun 09 18:58:01 UTC 2026","passed","Tue Jun 09 18:58:01 UTC 2026","","Go Test","github.com/specterops/bloodhound/cmd/api/src/api/v2/TestResources_ListADDomainContainedUsers","TestResources_ListADDomainContainedUsers"
"Test cases for TestTracker_HasEdge_PropertyMismatchTriggersInsert","0","TestTracker_HasEdge_PropertyMismatchTriggersInsert","","Tue Jun 09 18:58:16 UTC 2026","passed","Tue Jun 09 18:58:16 UTC 2026","","Go Test","github.com/specterops/bloodhound/packages/go/analysis/post/TestTracker_HasEdge_PropertyMismatchTriggersInsert","TestTracker_HasEdge_PropertyMismatchTriggersInsert"
"Test cases for TestTimeScanValue","0","TestTimeScanValue","","Tue Jun 09 18:58:04 UTC 2026","passed","Tue Jun 09 18:58:04 UTC 2026","","Go Test","github.com/specterops/bloodhound/cmd/api/src/database/types/null/TestTimeScanValue","TestTimeScanValue"
"Test cases for TestQueries_BuildEntityQueryParams","0","TestQueries_BuildEntityQueryParams","","Tue Jun 09 18:58:06 UTC 2026","passed","Tue Jun 09 18:58:06 UTC 2026","","Go Test","github.com/specterops/bloodhound/cmd/api/src/queries/TestQueries_BuildEntityQueryParams","TestQueries_BuildEntityQueryParams"
"","2270","hides the password field and removes the requirement when logged in with SSO","Users","Tue Jun 09 19:22:59 UTC 2026","passed","Tue Jun 09 19:23:02 UTC 2026","","","",""
"","1654","when user performs a pathfinding search, the selection for the start node is carried over to the `search` tab","ExploreSearch interaction","Tue Jun 09 19:27:27 UTC 2026","passed","Tue Jun 09 19:27:29 UTC 2026","","","",""
"","111","displays a table of completed ingest logs","FileIngest","Tue Jun 09 19:25:54 UTC 2026","passed","Tue Jun 09 19:25:55 UTC 2026","","","",""
"","268","should not render list items for domains that are not collected","Context Selector","Tue Jun 09 19:23:44 UTC 2026","passed","Tue Jun 09 19:23:45 UTC 2026","","","",""
"","187","handles chevron click event","CommonSearches","Tue Jun 09 19:23:23 UTC 2026","passed","Tue Jun 09 19:23:24 UTC 2026","","","",""
"","900","executes a primary search when only a source node is provided","Pathfinding: interaction","Tue Jun 09 19:24:01 UTC 2026","passed","Tue Jun 09 19:24:02 UTC 2026","","","",""
"","6155","does not close explore search tab menu or entity info panel when search returns zero nodes","CypherSearch","Tue Jun 09 19:22:16 UTC 2026","passed","Tue Jun 09 19:22:22 UTC 2026","","Minimize explorer page elements when multiple nodes are returned","",""
"","0","passes ruleType through optionalParams with empty object","handleError","Tue Jun 09 19:22:55 UTC 2026","passed","Tue Jun 09 19:22:55 UTC 2026","","","",""
"","120","when `selectedItem` is provided, the combobox displays the icon","icon rendering","Tue Jun 09 19:23:33 UTC 2026","passed","Tue Jun 09 19:23:33 UTC 2026","","","",""
"Test cases for TestMarshalBool","0","TestMarshalBool","","Tue Jun 09 18:58:04 UTC 2026","passed","Tue Jun 09 18:58:04 UTC 2026","","Go Test","github.com/specterops/bloodhound/cmd/api/src/database/types/null/TestMarshalBool","TestMarshalBool"
"","193","Hides selector information if additionalSections is false","EntityInfoDataTableList","Tue Jun 09 19:24:40 UTC 2026","passed","Tue Jun 09 19:24:40 UTC 2026","","","",""
"","608","runs the query and calls dispatch to set the node results","PrivilegeZonesCypherEditor Search component for Zone Management","Tue Jun 09 19:25:38 UTC 2026","passed","Tue Jun 09 19:25:39 UTC 2026","","","",""
"","53","renders three animated dots","ProcessingIndicator","Tue Jun 09 19:26:50 UTC 2026","passed","Tue Jun 09 19:26:50 UTC 2026","","","",""
"Test cases for TestResources_UpdateAssetGroupSelectors_SuccessOwned","0","TestResources_UpdateAssetGroupSelectors_SuccessOwned","","Tue Jun 09 18:58:01 UTC 2026","passed","Tue Jun 09 18:58:01 UTC 2026","","Go Test","github.com/specterops/bloodhound/cmd/api/src/api/v2/TestResources_UpdateAssetGroupSelectors_SuccessOwned","TestResources_UpdateAssetGroupSelectors_SuccessOwned"
"Test cases for TestManagementResource_ListPermissions_PredicateMismatchWithColumn","0","TestManagementResource_ListPermissions_PredicateMismatchWithColumn","","Tue Jun 09 18:58:07 UTC 2026","passed","Tue Jun 09 18:58:07 UTC 2026","","Go Test","github.com/specterops/bloodhound/cmd/api/src/api/v2/auth/TestManagementResource_ListPermissions_PredicateMismatchWithColumn","TestManagementResource_ListPermissions_PredicateMismatchWithColumn"
"Test cases for TestQueries_GetEntityObjectIDFromRequestPath","0","TestQueries_GetEntityObjectIDFromRequestPath","","Tue Jun 09 18:58:06 UTC 2026","passed","Tue Jun 09 18:58:06 UTC 2026","","Go Test","github.com/specterops/bloodhound/cmd/api/src/queries/TestQueries_GetEntityObjectIDFromRequestPath","TestQueries_GetEntityObjectIDFromRequestPath"
"","4","returns true when the highlighted item is a node in the graph","SigmaChart Utils","Tue Jun 09 19:27:45 UTC 2026","passed","Tue Jun 09 19:27:45 UTC 2026","","getIsHighlightedItemInGraph","",""
"","0","returns fallback Cypher message when ruleType is undefined and seeds are required","getErrorMessage","Tue Jun 09 19:22:55 UTC 2026","passed","Tue Jun 09 19:22:55 UTC 2026","","","",""
"","260","clicking an enabled header toggles content (single mode)","<DetailsAccordion />","Tue Jun 09 19:23:16 UTC 2026","passed","Tue Jun 09 19:23:17 UTC 2026","","","",""
"","2","should include all operations when the tag matches the term","opsFilter","Tue Jun 09 19:25:43 UTC 2026","passed","Tue Jun 09 19:25:43 UTC 2026","","","",""
"","979","displays validation error messages when password does not match confirmation","PasswordDialog","Tue Jun 09 19:21:56 UTC 2026","passed","Tue Jun 09 19:21:57 UTC 2026","","","",""
"Test cases for TestRRuleValidator","1","TestRRuleValidator","","Tue Jun 09 18:58:12 UTC 2026","passed","Tue Jun 09 18:58:12 UTC 2026","","Go Test","github.com/specterops/bloodhound/cmd/api/src/utils/validation/TestRRuleValidator","TestRRuleValidator"
"Test cases for TestBoolPointer","0","TestBoolPointer","","Tue Jun 09 18:58:04 UTC 2026","passed","Tue Jun 09 18:58:04 UTC 2026","","Go Test","github.com/specterops/bloodhound/cmd/api/src/database/types/null/TestBoolPointer","TestBoolPointer"
"Test cases for TestBoolSetValid","0","TestBoolSetValid","","Tue Jun 09 18:58:04 UTC 2026","passed","Tue Jun 09 18:58:04 UTC 2026","","Go Test","github.com/specterops/bloodhound/cmd/api/src/database/types/null/TestBoolSetValid","TestBoolSetValid"
"Test cases for TestResources_ListADOUContainedGroups","0","TestResources_ListADOUContainedGroups","","Tue Jun 09 18:58:01 UTC 2026","passed","Tue Jun 09 18:58:01 UTC 2026","","Go Test","github.com/specterops/bloodhound/cmd/api/src/api/v2/TestResources_ListADOUContainedGroups","TestResources_ListADOUContainedGroups"
"Test cases for TestManagementResource_ListAuthTokens_Admin","0","TestManagementResource_ListAuthTokens_Admin","","Tue Jun 09 18:58:27 UTC 2026","passed","Tue Jun 09 18:58:27 UTC 2026","","Go Test","github.com/specterops/bloodhound/cmd/api/src/api/v2/auth/TestManagementResource_ListAuthTokens_Admin","TestManagementResource_ListAuthTokens_Admin"
"Test cases for TestManagementResource_ListAuthProviders","1","TestManagementResource_ListAuthProviders","","Tue Jun 09 18:58:36 UTC 2026","passed","Tue Jun 09 18:58:36 UTC 2026","","Go Test","github.com/specterops/bloodhound/cmd/api/src/api/v2/auth/TestManagementResource_ListAuthProviders","TestManagementResource_ListAuthProviders"
"Test cases for TestDisenrollMFA_Success","717","TestDisenrollMFA_Success","","Tue Jun 09 18:58:29 UTC 2026","passed","Tue Jun 09 18:58:30 UTC 2026","","Go Test","github.com/specterops/bloodhound/cmd/api/src/api/v2/auth/TestDisenrollMFA_Success","TestDisenrollMFA_Success"
"","0","escapes a single quote","escapeCypherString","Tue Jun 09 19:26:41 UTC 2026","passed","Tue Jun 09 19:26:41 UTC 2026","","","",""
"","9","adds new key to state","useObjectState","Tue Jun 09 19:26:00 UTC 2026","passed","Tue Jun 09 19:26:00 UTC 2026","","","",""
"","1","removes the key when undefined is passed to the setter","useLocalStorage","Tue Jun 09 19:23:50 UTC 2026","passed","Tue Jun 09 19:23:50 UTC 2026","","setValue","",""
"","364","accepts a valid file and allows the user to continue through the upload process","File Upload","Tue Jun 09 19:24:06 UTC 2026","passed","Tue Jun 09 19:24:06 UTC 2026","","","",""
"","427","displays a completion of 100% and adds a ""Close"" button that closes the dialog after a successful upload","SchemaUploadDialog","Tue Jun 09 19:22:51 UTC 2026","passed","Tue Jun 09 19:22:52 UTC 2026","","","",""
"Test cases for TestHasSequence","0","TestHasSequence","","Tue Jun 09 18:58:16 UTC 2026","passed","Tue Jun 09 18:58:16 UTC 2026","","Go Test","github.com/specterops/bloodhound/packages/go/bomenc/TestHasSequence","TestHasSequence"
"","10","sets descending sort state for a new sorted column","useSortParams","Tue Jun 09 19:25:06 UTC 2026","passed","Tue Jun 09 19:25:06 UTC 2026","","","",""
"Test cases for TestResources_DeleteExtension","79","TestResources_DeleteExtension","","Tue Jun 09 18:58:01 UTC 2026","passed","Tue Jun 09 18:58:01 UTC 2026","","Go Test","github.com/specterops/bloodhound/cmd/api/src/api/v2/TestResources_DeleteExtension","TestResources_DeleteExtension"
"","664","should display Environmental Targeted Access Control panel when showEnvironmentAccessControls prop is true and read-only role is selected","UpdateUserForm","Tue Jun 09 19:21:21 UTC 2026","passed","Tue Jun 09 19:21:22 UTC 2026","","","",""
"Test cases for TestResources_ListADDomainDCSyncers","0","TestResources_ListADDomainDCSyncers","","Tue Jun 09 18:58:01 UTC 2026","passed","Tue Jun 09 18:58:01 UTC 2026","","Go Test","github.com/specterops/bloodhound/cmd/api/src/api/v2/TestResources_ListADDomainDCSyncers","TestResources_ListADDomainDCSyncers"
"","275","does not render an edit form for the selected asset group when a user does not have graph write permissions","GroupManagement","Tue Jun 09 19:27:43 UTC 2026","passed","Tue Jun 09 19:27:44 UTC 2026","","","",""
"","182","should fire Cancel once with false","DeleteConfirmationDialog","Tue Jun 09 19:26:14 UTC 2026","passed","Tue Jun 09 19:26:14 UTC 2026","","","",""
"Test cases for TestResources_ListPublishedTemplates","0","TestResources_ListPublishedTemplates","","Tue Jun 09 18:58:01 UTC 2026","passed","Tue Jun 09 18:58:01 UTC 2026","","Go Test","github.com/specterops/bloodhound/cmd/api/src/api/v2/TestResources_ListPublishedTemplates","TestResources_ListPublishedTemplates"
"","11","returns the OpenGraph environmentInfo when environmentAggregation param is not a known type","useAvailableEnvironments","Tue Jun 09 19:24:07 UTC 2026","passed","Tue Jun 09 19:24:07 UTC 2026","","useSelectedEnvironment","",""
"Test cases for Test_hasCycle","0","Test_hasCycle","","Tue Jun 09 18:58:17 UTC 2026","passed","Tue Jun 09 18:58:17 UTC 2026","","Go Test","github.com/specterops/bloodhound/packages/go/lab/Test_hasCycle","Test_hasCycle"
"Test cases for TestResources_ListADDomainInboundTrusts","0","TestResources_ListADDomainInboundTrusts","","Tue Jun 09 18:58:01 UTC 2026","passed","Tue Jun 09 18:58:01 UTC 2026","","Go Test","github.com/specterops/bloodhound/cmd/api/src/api/v2/TestResources_ListADDomainInboundTrusts","TestResources_ListADDomainInboundTrusts"
"Test cases for TestRewriter_Enter_AzureAttackPathsShortcut_ReplacesKinds","0","TestRewriter_Enter_AzureAttackPathsShortcut_ReplacesKinds","","Tue Jun 09 18:58:06 UTC 2026","passed","Tue Jun 09 18:58:06 UTC 2026","","Go Test","github.com/specterops/bloodhound/cmd/api/src/queries/TestRewriter_Enter_AzureAttackPathsShortcut_ReplacesKinds","TestRewriter_Enter_AzureAttackPathsShortcut_ReplacesKinds"
"Test cases for TestResources_ListAssetGroupMembersCount","0","TestResources_ListAssetGroupMembersCount","","Tue Jun 09 18:58:01 UTC 2026","passed","Tue Jun 09 18:58:01 UTC 2026","","Go Test","github.com/specterops/bloodhound/cmd/api/src/api/v2/TestResources_ListAssetGroupMembersCount","TestResources_ListAssetGroupMembersCount"
"","0","reports an API error when the name for the rule is not unique","handleError","Tue Jun 09 19:22:55 UTC 2026","passed","Tue Jun 09 19:22:55 UTC 2026","","","",""
"","10","allows you to cancel filter updates before applying them to the url and reset to the default filter state","usePathfindingFilters","Tue Jun 09 19:26:09 UTC 2026","passed","Tue Jun 09 19:26:09 UTC 2026","","","",""
"","388","should display correctly","DeleteConfirmationDialog","Tue Jun 09 19:26:14 UTC 2026","passed","Tue Jun 09 19:26:14 UTC 2026","","","",""
"","809","opens and closes the filter","FileIngestFilterDialog","Tue Jun 09 19:22:58 UTC 2026","passed","Tue Jun 09 19:22:59 UTC 2026","","","",""
"","389","does fires TagToLabelDialog when the Label option is clicked","TagToZoneLabel","Tue Jun 09 19:21:24 UTC 2026","passed","Tue Jun 09 19:21:24 UTC 2026","","","",""
"","421","renders a snackbar notification in the dom and tests autoHideDuration","AppNotifications","Tue Jun 09 19:25:28 UTC 2026","passed","Tue Jun 09 19:25:28 UTC 2026","","","",""
"","1","should exclude tags and operations that do not match the term","opsFilter","Tue Jun 09 19:25:43 UTC 2026","passed","Tue Jun 09 19:25:43 UTC 2026","","","",""
"","360","should render","Rule Object Select","Tue Jun 09 19:25:21 UTC 2026","passed","Tue Jun 09 19:25:22 UTC 2026","","","",""
"Test cases for TestOverwriteQueryParamIfHeaderAndParamExist","1","TestOverwriteQueryParamIfHeaderAndParamExist","","Tue Jun 09 18:58:12 UTC 2026","passed","Tue Jun 09 18:58:12 UTC 2026","","Go Test","github.com/specterops/bloodhound/cmd/api/src/utils/test/TestOverwriteQueryParamIfHeaderAndParamExist","TestOverwriteQueryParamIfHeaderAndParamExist"
"Test cases for TestUnique","0","TestUnique","","Tue Jun 09 18:58:18 UTC 2026","passed","Tue Jun 09 18:58:18 UTC 2026","","Go Test","github.com/specterops/bloodhound/packages/go/slicesext/TestUnique","TestUnique"
"","316","should render a TagToZoneLabelDialog component","TagToZoneLabelDialog","Tue Jun 09 19:24:35 UTC 2026","passed","Tue Jun 09 19:24:35 UTC 2026","","","",""
"Test cases for TestParseAssetGroupTagIdParams","320","TestParseAssetGroupTagIdParams","","Tue Jun 09 18:57:49 UTC 2026","passed","Tue Jun 09 18:57:50 UTC 2026","","Go Test","github.com/specterops/bloodhound/cmd/api/src/api/TestParseAssetGroupTagIdParams","TestParseAssetGroupTagIdParams"
"","3966","The password reset dialog is opened when switching a user from SAML based authentication to username/password based authentication","Users","Tue Jun 09 19:22:44 UTC 2026","passed","Tue Jun 09 19:22:48 UTC 2026","","","",""
"","316","sets a secondary=id and searchType=pathfinding when primary is truthy","ContextMenu","Tue Jun 09 19:27:36 UTC 2026","passed","Tue Jun 09 19:27:36 UTC 2026","","","",""
"","163","upon selecting just a source node, updates the URL with a searchType of 'node' and primarySearch of the node's objectid","usePathfindingSearch","Tue Jun 09 19:24:10 UTC 2026","passed","Tue Jun 09 19:24:10 UTC 2026","","","",""
"","3119","expand/collapse all buttons are disabled when searching","Pathfinding","Tue Jun 09 19:22:45 UTC 2026","passed","Tue Jun 09 19:22:48 UTC 2026","","","",""
"Test cases for TestFetchTenants","0","TestFetchTenants","","Tue Jun 09 18:58:16 UTC 2026","passed","Tue Jun 09 18:58:16 UTC 2026","","Go Test","github.com/specterops/bloodhound/packages/go/analysis/azure/TestFetchTenants","TestFetchTenants"
"","3","returns null if paramValue is ''","useEnvironmentParams","Tue Jun 09 19:26:47 UTC 2026","passed","Tue Jun 09 19:26:47 UTC 2026","","parseEnvironmentAggregation","",""
"","1","should recognize a common properties","validating a node property against the shared generated schema","Tue Jun 09 19:23:26 UTC 2026","passed","Tue Jun 09 19:23:26 UTC 2026","","","",""
"","0","should return true when value partially matches term","compareTerm","Tue Jun 09 19:25:43 UTC 2026","passed","Tue Jun 09 19:25:43 UTC 2026","","","",""
"Test cases for TestPredefinedNodeNamePrefixes","0","TestPredefinedNodeNamePrefixes","","Tue Jun 09 18:58:16 UTC 2026","passed","Tue Jun 09 18:58:16 UTC 2026","","Go Test","github.com/specterops/bloodhound/packages/go/analysis/ad/wellknown/TestPredefinedNodeNamePrefixes","TestPredefinedNodeNamePrefixes"
"","0","returns false if arrays have different length","areArraysSimilar","Tue Jun 09 19:26:24 UTC 2026","passed","Tue Jun 09 19:26:24 UTC 2026","","","",""
"","210","does not show View in Explore if in object rule type","Seed Selection Results","Tue Jun 09 19:23:10 UTC 2026","passed","Tue Jun 09 19:23:10 UTC 2026","","","",""
"","68","passes data to testing component","SavedQueriesProvider","Tue Jun 09 19:26:28 UTC 2026","passed","Tue Jun 09 19:26:28 UTC 2026","","","",""
"","276","displays validation error messages when Save button is clicked and no form input is provided","PasswordDialog","Tue Jun 09 19:21:55 UTC 2026","passed","Tue Jun 09 19:21:55 UTC 2026","","","",""
"","51","should display a message","CypherSearchMessage","Tue Jun 09 19:26:56 UTC 2026","passed","Tue Jun 09 19:26:56 UTC 2026","","","",""
"","169","Verify Vault Reader count is the count returned by All Readers","EntityInfoDataTableGraphed","Tue Jun 09 19:23:42 UTC 2026","passed","Tue Jun 09 19:23:42 UTC 2026","","Node count for Vault Readers nested table","",""
"Test cases for TestStringEqual","0","TestStringEqual","","Tue Jun 09 18:58:04 UTC 2026","passed","Tue Jun 09 18:58:04 UTC 2026","","Go Test","github.com/specterops/bloodhound/cmd/api/src/database/types/null/TestStringEqual","TestStringEqual"
"","367","should display a ""Change Password"" modal","UserProfile","Tue Jun 09 19:23:45 UTC 2026","passed","Tue Jun 09 19:23:45 UTC 2026","","""Reset Password"" button is clicked","",""
"Test cases for TestParseUserIP_XForwardedFor_RemoteAddr","0","TestParseUserIP_XForwardedFor_RemoteAddr","","Tue Jun 09 18:57:54 UTC 2026","passed","Tue Jun 09 18:57:54 UTC 2026","","Go Test","github.com/specterops/bloodhound/cmd/api/src/api/middleware/TestParseUserIP_XForwardedFor_RemoteAddr","TestParseUserIP_XForwardedFor_RemoteAddr"
"Test cases for TestSIDSuffix_String","0","TestSIDSuffix_String","","Tue Jun 09 18:58:16 UTC 2026","passed","Tue Jun 09 18:58:16 UTC 2026","","Go Test","github.com/specterops/bloodhound/packages/go/analysis/ad/wellknown/TestSIDSuffix_String","TestSIDSuffix_String"
"Test cases for TestManagementResource_UpdateUser_DuplicateEmailError","0","TestManagementResource_UpdateUser_DuplicateEmailError","","Tue Jun 09 18:58:18 UTC 2026","passed","Tue Jun 09 18:58:18 UTC 2026","","Go Test","github.com/specterops/bloodhound/cmd/api/src/api/v2/auth/TestManagementResource_UpdateUser_DuplicateEmailError","TestManagementResource_UpdateUser_DuplicateEmailError"
"","87","does not auto display the table for single node responses with no edges","GraphView","Tue Jun 09 19:27:22 UTC 2026","passed","Tue Jun 09 19:27:22 UTC 2026","","Layout selection and de-selection","",""
"","262","sums nested section node counts","EntityInfoDataTable","Tue Jun 09 19:23:02 UTC 2026","passed","Tue Jun 09 19:23:02 UTC 2026","","Node count for nested table that counts all sections","",""
"","408","invalidates the extensions query after a successful upload","SchemaUploadDialog","Tue Jun 09 19:22:52 UTC 2026","passed","Tue Jun 09 19:22:53 UTC 2026","","","",""
"Test cases for TestManagementResource_ListRoles_InvalidColumn","0","TestManagementResource_ListRoles_InvalidColumn","","Tue Jun 09 18:58:07 UTC 2026","passed","Tue Jun 09 18:58:07 UTC 2026","","Go Test","github.com/specterops/bloodhound/cmd/api/src/api/v2/auth/TestManagementResource_ListRoles_InvalidColumn","TestManagementResource_ListRoles_InvalidColumn"
"","215","should render a nav element with logo, two lists, a version number and a powered by","MainNav","Tue Jun 09 19:23:49 UTC 2026","passed","Tue Jun 09 19:23:49 UTC 2026","","","",""
"Test cases for TestResources_GetAssetGroupMemberCount_DBError","0","TestResources_GetAssetGroupMemberCount_DBError","","Tue Jun 09 18:58:01 UTC 2026","passed","Tue Jun 09 18:58:01 UTC 2026","","Go Test","github.com/specterops/bloodhound/cmd/api/src/api/v2/TestResources_GetAssetGroupMemberCount_DBError","TestResources_GetAssetGroupMemberCount_DBError"
"","15","renders Owned text by default when no Label Selector is available and on a Label page","TagSelector","Tue Jun 09 19:24:53 UTC 2026","passed","Tue Jun 09 19:24:53 UTC 2026","","","",""
"","445","should not have less characters than the minimum requirement","UpdateUserForm","Tue Jun 09 19:21:20 UTC 2026","passed","Tue Jun 09 19:21:20 UTC 2026","","","",""
"","211","fires runQuery in context provider","ListItemActionMenu","Tue Jun 09 19:25:12 UTC 2026","passed","Tue Jun 09 19:25:12 UTC 2026","","","",""
"Test cases for FuzzFoldl","0","FuzzFoldl","","Tue Jun 09 18:58:18 UTC 2026","passed","Tue Jun 09 18:58:18 UTC 2026","","Go Test","github.com/specterops/bloodhound/packages/go/slicesext/FuzzFoldl","FuzzFoldl"
"Test cases for TestParseSkipQueryParameter_Invalid","0","TestParseSkipQueryParameter_Invalid","","Tue Jun 09 18:58:01 UTC 2026","passed","Tue Jun 09 18:58:01 UTC 2026","","Go Test","github.com/specterops/bloodhound/cmd/api/src/api/v2/TestParseSkipQueryParameter_Invalid","TestParseSkipQueryParameter_Invalid"
"Test cases for TestVersion_GreaterThan","0","TestVersion_GreaterThan","","Tue Jun 09 18:58:13 UTC 2026","passed","Tue Jun 09 18:58:13 UTC 2026","","Go Test","github.com/specterops/bloodhound/cmd/api/src/version/TestVersion_GreaterThan","TestVersion_GreaterThan"
"Test cases for TestBuildSQLSort","1","TestBuildSQLSort","","Tue Jun 09 18:57:50 UTC 2026","passed","Tue Jun 09 18:57:50 UTC 2026","","Go Test","github.com/specterops/bloodhound/cmd/api/src/api/TestBuildSQLSort","TestBuildSQLSort"
"","982","should not call onSubmit when password does not match confirmation password when reset password button clicked","PasswordResetForm","Tue Jun 09 19:24:12 UTC 2026","passed","Tue Jun 09 19:24:13 UTC 2026","","","",""
"Test cases for TestAddOrderByToNeo4jQuery_WithOrderByClause","0","TestAddOrderByToNeo4jQuery_WithOrderByClause","","Tue Jun 09 18:58:01 UTC 2026","passed","Tue Jun 09 18:58:01 UTC 2026","","Go Test","github.com/specterops/bloodhound/cmd/api/src/api/v2/TestAddOrderByToNeo4jQuery_WithOrderByClause","TestAddOrderByToNeo4jQuery_WithOrderByClause"
"","309","displays 0 when a given sections returns empty, and sums the rest of the sections correctly","EntityInfoDataTable","Tue Jun 09 19:23:03 UTC 2026","passed","Tue Jun 09 19:23:03 UTC 2026","","Node count for nested table that counts all sections","",""
"","105","temporarily displays the checkmark icon after clicking copy","ExploreTableDataCell","Tue Jun 09 19:26:04 UTC 2026","passed","Tue Jun 09 19:26:04 UTC 2026","","","",""
"","1","should exclude operations within a tag when only the path matches but not all paths","opsFilter","Tue Jun 09 19:25:43 UTC 2026","passed","Tue Jun 09 19:25:43 UTC 2026","","","",""
"Test cases for TestInvalidValueError","0","TestInvalidValueError","","Tue Jun 09 18:58:16 UTC 2026","passed","Tue Jun 09 18:58:16 UTC 2026","","Go Test","github.com/specterops/bloodhound/packages/go/cache/TestInvalidValueError","TestInvalidValueError"
"","91","when session token or user are null, redirects to /login","AuthenticatedRoute","Tue Jun 09 19:27:45 UTC 2026","passed","Tue Jun 09 19:27:45 UTC 2026","","","",""
"","390","Displays a notification when analysis has been requested successfully","AnalyzeNowConfiguration","Tue Jun 09 19:23:52 UTC 2026","passed","Tue Jun 09 19:23:52 UTC 2026","","","",""
"Test cases for TestResources_ListADEntityPSRemoteRights","1","TestResources_ListADEntityPSRemoteRights","","Tue Jun 09 18:58:01 UTC 2026","passed","Tue Jun 09 18:58:01 UTC 2026","","Go Test","github.com/specterops/bloodhound/cmd/api/src/api/v2/TestResources_ListADEntityPSRemoteRights","TestResources_ListADEntityPSRemoteRights"
"","0","returns undefined if paramValue is not an expected value","useExploreParams","Tue Jun 09 19:26:53 UTC 2026","passed","Tue Jun 09 19:26:53 UTC 2026","","parseSearchType","",""
"","65","fails checks if the user does not have a matching permission","usePermissions","Tue Jun 09 19:23:37 UTC 2026","passed","Tue Jun 09 19:23:37 UTC 2026","","","",""
"Test cases for TestRateLimitMiddleware","0","TestRateLimitMiddleware","","Tue Jun 09 18:57:54 UTC 2026","passed","Tue Jun 09 18:57:54 UTC 2026","","Go Test","github.com/specterops/bloodhound/cmd/api/src/api/middleware/TestRateLimitMiddleware","TestRateLimitMiddleware"
"Test cases for TestExpireUserAuthSecret_Failure","0","TestExpireUserAuthSecret_Failure","","Tue Jun 09 18:58:07 UTC 2026","passed","Tue Jun 09 18:58:07 UTC 2026","","Go Test","github.com/specterops/bloodhound/cmd/api/src/api/v2/auth/TestExpireUserAuthSecret_Failure","TestExpireUserAuthSecret_Failure"
"","8","clears an ascending sort when sorting the same column","useSortParams","Tue Jun 09 19:25:06 UTC 2026","passed","Tue Jun 09 19:25:06 UTC 2026","","","",""
"","2","dispatches a storage event with null newValue when the key is removed","useLocalStorage","Tue Jun 09 19:23:50 UTC 2026","passed","Tue Jun 09 19:23:50 UTC 2026","","storage event synchronisation","",""
"Test cases for Test_parseLatestVersion","0","Test_parseLatestVersion","","Tue Jun 09 18:58:20 UTC 2026","passed","Tue Jun 09 18:58:20 UTC 2026","","Go Test","github.com/specterops/bloodhound/packages/go/stbernard/git/Test_parseLatestVersion","Test_parseLatestVersion"
"","4","Default label and sizing are used when graph of origin does not specify","copySigmaNodesToGraphlibGraph","Tue Jun 09 19:27:46 UTC 2026","passed","Tue Jun 09 19:27:46 UTC 2026","","","",""
"Test cases for TestPermissionsCheckAll","0","TestPermissionsCheckAll","","Tue Jun 09 18:57:54 UTC 2026","passed","Tue Jun 09 18:57:54 UTC 2026","","Go Test","github.com/specterops/bloodhound/cmd/api/src/api/middleware/TestPermissionsCheckAll","TestPermissionsCheckAll"
"","1","calls transformToFlatGraphResponse when graphData matches GraphResponse interface","normalizeGraphDataForSigma","Tue Jun 09 19:27:59 UTC 2026","passed","Tue Jun 09 19:27:59 UTC 2026","","","",""
"Test cases for TestResources_ListAvailableEnvironments","12","TestResources_ListAvailableEnvironments","","Tue Jun 09 18:58:01 UTC 2026","passed","Tue Jun 09 18:58:01 UTC 2026","","Go Test","github.com/specterops/bloodhound/cmd/api/src/api/v2/TestResources_ListAvailableEnvironments","TestResources_ListAvailableEnvironments"
"","135","should fire Confirm once with true","ConfirmationDialog","Tue Jun 09 19:26:35 UTC 2026","passed","Tue Jun 09 19:26:35 UTC 2026","","","",""
"Test cases for TestManagementResource_ListSAMLSignOnEndpoints","6","TestManagementResource_ListSAMLSignOnEndpoints","","Tue Jun 09 18:58:36 UTC 2026","passed","Tue Jun 09 18:58:36 UTC 2026","","Go Test","github.com/specterops/bloodhound/cmd/api/src/api/v2/auth/TestManagementResource_ListSAMLSignOnEndpoints","TestManagementResource_ListSAMLSignOnEndpoints"
"Test cases for TestRewriter_Enter_ADAttackPathsShortcut_ReplacesKinds","0","TestRewriter_Enter_ADAttackPathsShortcut_ReplacesKinds","","Tue Jun 09 18:58:06 UTC 2026","passed","Tue Jun 09 18:58:06 UTC 2026","","Go Test","github.com/specterops/bloodhound/cmd/api/src/queries/TestRewriter_Enter_ADAttackPathsShortcut_ReplacesKinds","TestRewriter_Enter_ADAttackPathsShortcut_ReplacesKinds"
"Test cases for TestNewManifest","0","TestNewManifest","","Tue Jun 09 18:58:04 UTC 2026","passed","Tue Jun 09 18:58:04 UTC 2026","","Go Test","github.com/specterops/bloodhound/cmd/api/src/database/migration/TestNewManifest","TestNewManifest"
"Test cases for TestTrackerBuilder_Build_SortsKeysAndIDs","0","TestTrackerBuilder_Build_SortsKeysAndIDs","","Tue Jun 09 18:58:16 UTC 2026","passed","Tue Jun 09 18:58:16 UTC 2026","","Go Test","github.com/specterops/bloodhound/packages/go/analysis/post/TestTrackerBuilder_Build_SortsKeysAndIDs","TestTrackerBuilder_Build_SortsKeysAndIDs"
"Test cases for TestResources_ListADEntityLinkedGPOs","0","TestResources_ListADEntityLinkedGPOs","","Tue Jun 09 18:58:01 UTC 2026","passed","Tue Jun 09 18:58:01 UTC 2026","","Go Test","github.com/specterops/bloodhound/cmd/api/src/api/v2/TestResources_ListADEntityLinkedGPOs","TestResources_ListADEntityLinkedGPOs"
"","95","button displays ""Enabled"" when flag is enabled","EarlyAccessFeatureToggle","Tue Jun 09 19:27:52 UTC 2026","passed","Tue Jun 09 19:27:53 UTC 2026","","","",""
"","393","should render saml info provider","SSOProviderTable","Tue Jun 09 19:25:10 UTC 2026","passed","Tue Jun 09 19:25:10 UTC 2026","","","",""
"","146","disables the create user button and does not populate a table if the user lacks the permission","Users","Tue Jun 09 19:22:48 UTC 2026","passed","Tue Jun 09 19:22:48 UTC 2026","","","",""
"Test cases for TestGetPlatformAggregateStats_Failure","4","TestGetPlatformAggregateStats_Failure","","Tue Jun 09 18:58:01 UTC 2026","passed","Tue Jun 09 18:58:01 UTC 2026","","Go Test","github.com/specterops/bloodhound/cmd/api/src/api/v2/TestGetPlatformAggregateStats_Failure","TestGetPlatformAggregateStats_Failure"
"","124","continue button is disabled when no SSO provider has been selected","LoginViaSSOForm","Tue Jun 09 19:25:07 UTC 2026","passed","Tue Jun 09 19:25:08 UTC 2026","","","",""
"","1287","renders asset group edit options with graph write permissions","ContextMenu","Tue Jun 09 19:23:09 UTC 2026","passed","Tue Jun 09 19:23:11 UTC 2026","","","",""
"","0","returns true if value is ''","searchParams","Tue Jun 09 19:25:11 UTC 2026","passed","Tue Jun 09 19:25:11 UTC 2026","","isEmptyParam","",""
"","132","renders details for a selected rule and is of type ""Cypher""","DynamicDetails","Tue Jun 09 19:23:49 UTC 2026","passed","Tue Jun 09 19:23:49 UTC 2026","","","",""
"","115","should call onCancel when cancel button clicked","LoginViaSSOForm","Tue Jun 09 19:25:08 UTC 2026","passed","Tue Jun 09 19:25:08 UTC 2026","","","",""
"","91","returns an object with values for assetGroupTagId, params, and setPZQueryParams","usePZQueryParams","Tue Jun 09 19:24:49 UTC 2026","passed","Tue Jun 09 19:24:49 UTC 2026","","","",""
"","70","fetches new information when a different databaseId is passed","useFetchEntityInfo","Tue Jun 09 19:24:19 UTC 2026","passed","Tue Jun 09 19:24:19 UTC 2026","","","",""
"Test cases for TestBuildGDBNodeFilter","3","TestBuildGDBNodeFilter","","Tue Jun 09 18:58:04 UTC 2026","passed","Tue Jun 09 18:58:04 UTC 2026","","Go Test","github.com/specterops/bloodhound/cmd/api/src/model/TestBuildGDBNodeFilter","TestBuildGDBNodeFilter"
"","673","calls onSave when valid form inputs are provided","PasswordDialog","Tue Jun 09 19:22:00 UTC 2026","passed","Tue Jun 09 19:22:00 UTC 2026","","","",""
"","1905","renders a table if the query has NO node edges","GraphView","Tue Jun 09 19:27:16 UTC 2026","passed","Tue Jun 09 19:27:18 UTC 2026","","","",""
"","12","safely handles removing nonexistent key","useObjectState","Tue Jun 09 19:26:00 UTC 2026","passed","Tue Jun 09 19:26:00 UTC 2026","","","",""
"Test cases for TestResources_DeleteSavedQuery_IsPublicSavedQueryDBError","0","TestResources_DeleteSavedQuery_IsPublicSavedQueryDBError","","Tue Jun 09 18:58:01 UTC 2026","passed","Tue Jun 09 18:58:01 UTC 2026","","Go Test","github.com/specterops/bloodhound/cmd/api/src/api/v2/TestResources_DeleteSavedQuery_IsPublicSavedQueryDBError","TestResources_DeleteSavedQuery_IsPublicSavedQueryDBError"
"Test cases for TestGenericMap","0","TestGenericMap","","Tue Jun 09 18:58:11 UTC 2026","passed","Tue Jun 09 18:58:11 UTC 2026","","Go Test","github.com/specterops/bloodhound/cmd/api/src/utils/TestGenericMap","TestGenericMap"
"","24","calculates the running time of a job and converts to a human readable format","getSimpleDuration","Tue Jun 09 19:26:01 UTC 2026","passed","Tue Jun 09 19:26:01 UTC 2026","","","",""
"","533","should accept passwords with unicode symbol characters","CreateUserForm","Tue Jun 09 19:21:54 UTC 2026","passed","Tue Jun 09 19:21:54 UTC 2026","","","",""
"","5","mounts an assertive aria-live region","AnnouncementProvider","Tue Jun 09 19:24:54 UTC 2026","passed","Tue Jun 09 19:24:54 UTC 2026","","","",""
"Test cases for TestConvertAzureManagementGroupContributorToRels","0","TestConvertAzureManagementGroupContributorToRels","","Tue Jun 09 18:58:17 UTC 2026","passed","Tue Jun 09 18:58:17 UTC 2026","","Go Test","github.com/specterops/bloodhound/packages/go/ein/TestConvertAzureManagementGroupContributorToRels","TestConvertAzureManagementGroupContributorToRels"
"Test cases for TestStringFrom","0","TestStringFrom","","Tue Jun 09 18:58:04 UTC 2026","passed","Tue Jun 09 18:58:04 UTC 2026","","Go Test","github.com/specterops/bloodhound/cmd/api/src/database/types/null/TestStringFrom","TestStringFrom"
"","0","The user has yet to type into the search","Getting the text for the disabled item display for a search when there are no results","Tue Jun 09 19:25:03 UTC 2026","passed","Tue Jun 09 19:25:03 UTC 2026","","Empty data states","",""
"","73","should render oidc info provider","SSOProviderTable","Tue Jun 09 19:25:10 UTC 2026","passed","Tue Jun 09 19:25:10 UTC 2026","","","",""
"","1","`undefined` input is provided","Parsing the debounced input for type and keyword values","Tue Jun 09 19:25:03 UTC 2026","passed","Tue Jun 09 19:25:03 UTC 2026","","","",""
"Test cases for TestSetValuesFromEnv","0","TestSetValuesFromEnv","","Tue Jun 09 18:58:02 UTC 2026","passed","Tue Jun 09 18:58:02 UTC 2026","","Go Test","github.com/specterops/bloodhound/cmd/api/src/config/TestSetValuesFromEnv","TestSetValuesFromEnv"
"","71","displays security warning","Enable2FADialog","Tue Jun 09 19:25:17 UTC 2026","passed","Tue Jun 09 19:25:17 UTC 2026","","","",""
"","0","fails for password without digits","testPassword","Tue Jun 09 19:26:46 UTC 2026","passed","Tue Jun 09 19:26:46 UTC 2026","","","",""
"","69","populates the source and destination node fields when query params are passed","usePathfindingSearch","Tue Jun 09 19:24:10 UTC 2026","passed","Tue Jun 09 19:24:10 UTC 2026","","","",""
"Test cases for TestMarshalIntText","0","TestMarshalIntText","","Tue Jun 09 18:58:04 UTC 2026","passed","Tue Jun 09 18:58:04 UTC 2026","","Go Test","github.com/specterops/bloodhound/cmd/api/src/database/types/null/TestMarshalIntText","TestMarshalIntText"
"","285","should not call onSubmit when input is invalid and Submit button is clicked","UpsertSAMLProviderForm","Tue Jun 09 19:25:33 UTC 2026","passed","Tue Jun 09 19:25:33 UTC 2026","","","",""
"","396","renders the Rule Tab content when Rule tab is chosen","Selected Details Tab Content","Tue Jun 09 19:25:56 UTC 2026","passed","Tue Jun 09 19:25:56 UTC 2026","","","",""
"Test cases for TestAddWhereClauseToNeo4jQuery_WithWhereClause","0","TestAddWhereClauseToNeo4jQuery_WithWhereClause","","Tue Jun 09 18:58:01 UTC 2026","passed","Tue Jun 09 18:58:01 UTC 2026","","Go Test","github.com/specterops/bloodhound/cmd/api/src/api/v2/TestAddWhereClauseToNeo4jQuery_WithWhereClause","TestAddWhereClauseToNeo4jQuery_WithWhereClause"
"","188","does not show ""<10 Days to Expire"" warning when token expires in more than 10 days","UserTokenManagementDialog - API Expiration Date column","Tue Jun 09 19:23:11 UTC 2026","passed","Tue Jun 09 19:23:11 UTC 2026","","","",""
"","699","should render","ExploreTable","Tue Jun 09 19:21:06 UTC 2026","passed","Tue Jun 09 19:21:07 UTC 2026","","","",""
"","0","returns paramValue as EnvironmentAggregation if paramValue is all","useEnvironmentParams","Tue Jun 09 19:26:47 UTC 2026","passed","Tue Jun 09 19:26:47 UTC 2026","","parseEnvironmentAggregation","",""
"","211","onCancel is called when cancel is clicked","Enable2FADialog","Tue Jun 09 19:24:30 UTC 2026","passed","Tue Jun 09 19:24:31 UTC 2026","","","",""
"","110","should display the logged in user's full name","UserProfile","Tue Jun 09 19:23:44 UTC 2026","passed","Tue Jun 09 19:23:44 UTC 2026","","","",""
"","262","calls onChangePinnedColumns with DEFAULT_PINNED_COLUMN_KEYS when ""Reset Default"" is clicked","ManageColumnsComboBox","Tue Jun 09 19:23:20 UTC 2026","passed","Tue Jun 09 19:23:20 UTC 2026","","","",""
"","153","should display the ""My Profile"" title","UserProfile","Tue Jun 09 19:23:44 UTC 2026","passed","Tue Jun 09 19:23:44 UTC 2026","","","",""
"","9","removes multiple keys from state","useObjectState","Tue Jun 09 19:26:00 UTC 2026","passed","Tue Jun 09 19:26:00 UTC 2026","","","",""
"","366","sets secondarySearch=id and searchType=node when primarySearch is falsey","ContextMenu","Tue Jun 09 19:27:35 UTC 2026","passed","Tue Jun 09 19:27:36 UTC 2026","","","",""
"","0","returns paramValue as EnvironmentAggregation if paramValue is azure","useEnvironmentParams","Tue Jun 09 19:26:47 UTC 2026","passed","Tue Jun 09 19:26:47 UTC 2026","","parseEnvironmentAggregation","",""
"","0","returns paramValue as EnvironmentAggregation for unknown values (custom types)","useEnvironmentParams","Tue Jun 09 19:26:47 UTC 2026","passed","Tue Jun 09 19:26:47 UTC 2026","","parseEnvironmentAggregation","",""
"","663","when a search result is clicked it calls `handleNodeSelected`","ExploreSearchCombobox","Tue Jun 09 19:23:32 UTC 2026","passed","Tue Jun 09 19:23:33 UTC 2026","","","",""
"Test cases for TestResources_SearchHandler","0","TestResources_SearchHandler","","Tue Jun 09 18:58:01 UTC 2026","passed","Tue Jun 09 18:58:01 UTC 2026","","Go Test","github.com/specterops/bloodhound/cmd/api/src/api/v2/TestResources_SearchHandler","TestResources_SearchHandler"
"","576","should accept passwords with unicode punctuation characters","CreateUserForm","Tue Jun 09 19:21:53 UTC 2026","passed","Tue Jun 09 19:21:54 UTC 2026","","","",""
"","62","renders highlight for the active tag","SelectedHighlight","Tue Jun 09 19:25:51 UTC 2026","passed","Tue Jun 09 19:25:51 UTC 2026","","","",""
"","407","should reject passwords with no special characters","CreateUserForm","Tue Jun 09 19:21:55 UTC 2026","passed","Tue Jun 09 19:21:55 UTC 2026","","","",""
"","51","renders the title","ProcessingIndicator","Tue Jun 09 19:26:50 UTC 2026","passed","Tue Jun 09 19:26:50 UTC 2026","","","",""
"Test cases for TestManagementResource_CreateAuthToken","9181","TestManagementResource_CreateAuthToken","","Tue Jun 09 18:58:27 UTC 2026","passed","Tue Jun 09 18:58:36 UTC 2026","","Go Test","github.com/specterops/bloodhound/cmd/api/src/api/v2/auth/TestManagementResource_CreateAuthToken","TestManagementResource_CreateAuthToken"
"Test cases for TestManagementResource_DeleteAuthToken","9","TestManagementResource_DeleteAuthToken","","Tue Jun 09 18:58:36 UTC 2026","passed","Tue Jun 09 18:58:36 UTC 2026","","Go Test","github.com/specterops/bloodhound/cmd/api/src/api/v2/auth/TestManagementResource_DeleteAuthToken","TestManagementResource_DeleteAuthToken"
"Test cases for TestParseGroupMiscData","1","TestParseGroupMiscData","","Tue Jun 09 18:58:17 UTC 2026","passed","Tue Jun 09 18:58:17 UTC 2026","","Go Test","github.com/specterops/bloodhound/packages/go/ein/TestParseGroupMiscData","TestParseGroupMiscData"
"","256","a name value is required to submit the form","Rule Form","Tue Jun 09 19:21:36 UTC 2026","passed","Tue Jun 09 19:21:36 UTC 2026","","","",""
"","79","renders the total count and object counts on success","ObjectCountPanel","Tue Jun 09 19:26:10 UTC 2026","passed","Tue Jun 09 19:26:10 UTC 2026","","","",""
"Test cases for TestTextUnmarshalFloat","0","TestTextUnmarshalFloat","","Tue Jun 09 18:58:04 UTC 2026","passed","Tue Jun 09 18:58:04 UTC 2026","","Go Test","github.com/specterops/bloodhound/cmd/api/src/database/types/null/TestTextUnmarshalFloat","TestTextUnmarshalFloat"
"","1","handles unix time values by converting them to our standard date display format","Formatting number properties","Tue Jun 09 19:23:26 UTC 2026","passed","Tue Jun 09 19:23:26 UTC 2026","","","",""
"TestCacheEntryDigester_DigestEndpoint_MatchByProperty tests the sorting and hashinglogic when MatchBy is set to MatchByProperty.","0","TestCacheEntryDigester_DigestEndpoint_MatchByProperty","","Tue Jun 09 18:58:07 UTC 2026","passed","Tue Jun 09 18:58:07 UTC 2026","","Go Test","github.com/specterops/bloodhound/cmd/api/src/services/graphify/endpoint/TestCacheEntryDigester_DigestEndpoint_MatchByProperty","TestCacheEntryDigester_DigestEndpoint_MatchByProperty"
"","760","dark mode should persist between logging in and out","redux store","Tue Jun 09 19:27:53 UTC 2026","passed","Tue Jun 09 19:27:53 UTC 2026","","","",""
"","115","Searching for existing node type returns node properties","useFetchEntityInfo","Tue Jun 09 19:24:19 UTC 2026","passed","Tue Jun 09 19:24:19 UTC 2026","","","",""
"","1207","opens a submenu when user hovers over `Copy`","ContextMenu","Tue Jun 09 19:23:12 UTC 2026","passed","Tue Jun 09 19:23:14 UTC 2026","","","",""
"Test cases for TestInt64ValueOrZero","0","TestInt64ValueOrZero","","Tue Jun 09 18:58:04 UTC 2026","passed","Tue Jun 09 18:58:04 UTC 2026","","Go Test","github.com/specterops/bloodhound/cmd/api/src/database/types/null/TestInt64ValueOrZero","TestInt64ValueOrZero"
"","549","navigates to object details when clicking an object row","ObjectsAccordion","Tue Jun 09 19:24:41 UTC 2026","passed","Tue Jun 09 19:24:42 UTC 2026","","","",""
"Test that the digester handles empty property lists gracefully","0","TestCacheEntryDigester_EmptyMatchers","","Tue Jun 09 18:58:07 UTC 2026","passed","Tue Jun 09 18:58:07 UTC 2026","","Go Test","github.com/specterops/bloodhound/cmd/api/src/services/graphify/endpoint/TestCacheEntryDigester_EmptyMatchers","TestCacheEntryDigester_EmptyMatchers"
"","834","renders a filter search and platform dropdown menu","CommonSearches","Tue Jun 09 19:23:21 UTC 2026","passed","Tue Jun 09 19:23:22 UTC 2026","","","",""
"Test cases for TestManagementResource_UpdateUser_ETAC","1832","TestManagementResource_UpdateUser_ETAC","","Tue Jun 09 18:58:25 UTC 2026","passed","Tue Jun 09 18:58:27 UTC 2026","","Go Test","github.com/specterops/bloodhound/cmd/api/src/api/v2/auth/TestManagementResource_UpdateUser_ETAC","TestManagementResource_UpdateUser_ETAC"
"Test cases for TestResources_GetRootCAEntityInfo","188","TestResources_GetRootCAEntityInfo","","Tue Jun 09 18:58:01 UTC 2026","passed","Tue Jun 09 18:58:01 UTC 2026","","Go Test","github.com/specterops/bloodhound/cmd/api/src/api/v2/TestResources_GetRootCAEntityInfo","TestResources_GetRootCAEntityInfo"
"","893","sets the selectedItem param and closes popper when a node is selected","GraphControls","Tue Jun 09 19:21:34 UTC 2026","passed","Tue Jun 09 19:21:35 UTC 2026","","Searching current results","",""
"","0","reports an API error when there is only statusText","handleError","Tue Jun 09 19:22:55 UTC 2026","passed","Tue Jun 09 19:22:55 UTC 2026","","","",""
"Test cases for TestMarshalTime","0","TestMarshalTime","","Tue Jun 09 18:58:04 UTC 2026","passed","Tue Jun 09 18:58:04 UTC 2026","","Go Test","github.com/specterops/bloodhound/cmd/api/src/database/types/null/TestMarshalTime","TestMarshalTime"
"","12","respects the initial sort state parameters passed in","useSortParams","Tue Jun 09 19:25:06 UTC 2026","passed","Tue Jun 09 19:25:06 UTC 2026","","","",""
"","80","renders the Cypher Rules Panel when clicking the Rule Tab","Selected Details Tab Content","Tue Jun 09 19:25:56 UTC 2026","passed","Tue Jun 09 19:25:56 UTC 2026","","","",""
"","55","navigates to the specified route with global params intact","AppNavigate","Tue Jun 09 19:25:29 UTC 2026","passed","Tue Jun 09 19:25:29 UTC 2026","","","",""
"","67","returns false on 404","useGraphHasData","Tue Jun 09 19:26:13 UTC 2026","passed","Tue Jun 09 19:26:13 UTC 2026","","","",""
"Test cases for TestResources_ListADComputerAdmins","0","TestResources_ListADComputerAdmins","","Tue Jun 09 18:58:01 UTC 2026","passed","Tue Jun 09 18:58:01 UTC 2026","","Go Test","github.com/specterops/bloodhound/cmd/api/src/api/v2/TestResources_ListADComputerAdmins","TestResources_ListADComputerAdmins"
"Test cases for TestResources_ListAuditLogs_SkipAndOffset","1","TestResources_ListAuditLogs_SkipAndOffset","","Tue Jun 09 18:58:01 UTC 2026","passed","Tue Jun 09 18:58:01 UTC 2026","","Go Test","github.com/specterops/bloodhound/cmd/api/src/api/v2/TestResources_ListAuditLogs_SkipAndOffset","TestResources_ListAuditLogs_SkipAndOffset"
"","150","should display api key management button","Api Keys","Tue Jun 09 19:23:46 UTC 2026","passed","Tue Jun 09 19:23:46 UTC 2026","","","",""
"Test cases for TestManagementResource_GetUser","13855","TestManagementResource_GetUser","","Tue Jun 09 18:58:22 UTC 2026","passed","Tue Jun 09 18:58:36 UTC 2026","","Go Test","github.com/specterops/bloodhound/cmd/api/src/api/v2/auth/TestManagementResource_GetUser","TestManagementResource_GetUser"
"","2","returns undefined for headers when db config timeout limit setting is disabled and state of is disable query limit is false","useExploreGraph","Tue Jun 09 19:22:38 UTC 2026","passed","Tue Jun 09 19:22:38 UTC 2026","userSettings","exploreGraphQueryFactory","",""
"Test cases for TestAssetGroupMembers_Filter_Equals","0","TestAssetGroupMembers_Filter_Equals","","Tue Jun 09 18:57:49 UTC 2026","passed","Tue Jun 09 18:57:49 UTC 2026","","Go Test","github.com/specterops/bloodhound/cmd/api/src/api/TestAssetGroupMembers_Filter_Equals","TestAssetGroupMembers_Filter_Equals"
"","400","clicking a delete button calls deleteHandler","PrebuiltSearchList","Tue Jun 09 19:24:33 UTC 2026","passed","Tue Jun 09 19:24:33 UTC 2026","","","",""
"Test cases for TestTracker_HasEdge_NilVsEmptyProperties","0","TestTracker_HasEdge_NilVsEmptyProperties","","Tue Jun 09 18:58:16 UTC 2026","passed","Tue Jun 09 18:58:16 UTC 2026","","Go Test","github.com/specterops/bloodhound/packages/go/analysis/post/TestTracker_HasEdge_NilVsEmptyProperties","TestTracker_HasEdge_NilVsEmptyProperties"
"","66","displays ! icon when one of the Affected Object calls fail","EntityInfoDataTableGraphed","Tue Jun 09 19:23:42 UTC 2026","passed","Tue Jun 09 19:23:42 UTC 2026","","Node count for nested table that counts all sections","",""
"Test cases for TestFloatIsZero","0","TestFloatIsZero","","Tue Jun 09 18:58:04 UTC 2026","passed","Tue Jun 09 18:58:04 UTC 2026","","Go Test","github.com/specterops/bloodhound/cmd/api/src/database/types/null/TestFloatIsZero","TestFloatIsZero"
"","3154","should open edge filtering dialog","EdgeFilter","Tue Jun 09 19:24:12 UTC 2026","passed","Tue Jun 09 19:24:15 UTC 2026","","","",""
"Test cases for TestTimeFromPtr","0","TestTimeFromPtr","","Tue Jun 09 18:58:04 UTC 2026","passed","Tue Jun 09 18:58:04 UTC 2026","","Go Test","github.com/specterops/bloodhound/cmd/api/src/database/types/null/TestTimeFromPtr","TestTimeFromPtr"
"","0","returns disabled config when any required param is falsey","useExploreGraph","Tue Jun 09 19:22:38 UTC 2026","passed","Tue Jun 09 19:22:38 UTC 2026","relationship search queries","exploreGraphQueryFactory","",""
"","2","uses the provided threshold when determining whether the scroll is close enough to the bottom","useInfiniteScroll","Tue Jun 09 19:25:10 UTC 2026","passed","Tue Jun 09 19:25:10 UTC 2026","","","",""
"","0","returns disabled config when any required param is falsey","useExploreGraph","Tue Jun 09 19:22:38 UTC 2026","passed","Tue Jun 09 19:22:38 UTC 2026","composition search queries","exploreGraphQueryFactory","",""
"Test cases for TestFoldr","0","TestFoldr","","Tue Jun 09 18:58:18 UTC 2026","passed","Tue Jun 09 18:58:18 UTC 2026","","Go Test","github.com/specterops/bloodhound/packages/go/slicesext/TestFoldr","TestFoldr"
"Test cases for TestSignRequestTeeFailure","5","TestSignRequestTeeFailure","","Tue Jun 09 18:57:49 UTC 2026","passed","Tue Jun 09 18:57:49 UTC 2026","","Go Test","github.com/specterops/bloodhound/cmd/api/src/api/TestSignRequestTeeFailure","TestSignRequestTeeFailure"
"","45","should highlight main nav route when navigating to child route","Main Nav Route Highlighting","Tue Jun 09 19:23:50 UTC 2026","passed","Tue Jun 09 19:23:50 UTC 2026","","","",""
"Test cases for TestKeyEncoder_Key_VaryingInputs","0","TestKeyEncoder_Key_VaryingInputs","","Tue Jun 09 18:58:16 UTC 2026","passed","Tue Jun 09 18:58:16 UTC 2026","","Go Test","github.com/specterops/bloodhound/packages/go/analysis/post/TestKeyEncoder_Key_VaryingInputs","TestKeyEncoder_Key_VaryingInputs"
"","179","calls handleFilterChange with all filter types and empty strings when clicked while filters are active","AssetGroupEdit","Tue Jun 09 19:23:33 UTC 2026","passed","Tue Jun 09 19:23:33 UTC 2026","","Clear Filters button","",""
"Test cases for TestInt64FromPtr","0","TestInt64FromPtr","","Tue Jun 09 18:58:04 UTC 2026","passed","Tue Jun 09 18:58:04 UTC 2026","","Go Test","github.com/specterops/bloodhound/cmd/api/src/database/types/null/TestInt64FromPtr","TestInt64FromPtr"
"","42","does not add a query param if the search term is empty","useNodeSearch","Tue Jun 09 19:25:49 UTC 2026","passed","Tue Jun 09 19:25:49 UTC 2026","","","",""
"Test cases for TestNormalizeToUTF8_LargeInput","0","TestNormalizeToUTF8_LargeInput","","Tue Jun 09 18:58:16 UTC 2026","passed","Tue Jun 09 18:58:16 UTC 2026","","Go Test","github.com/specterops/bloodhound/packages/go/bomenc/TestNormalizeToUTF8_LargeInput","TestNormalizeToUTF8_LargeInput"
"","140","returns false when no nodes are available","useGraphHasData","Tue Jun 09 19:26:13 UTC 2026","passed","Tue Jun 09 19:26:13 UTC 2026","","","",""
"Test cases for TestResources_ListADComputerDCOMUsers","0","TestResources_ListADComputerDCOMUsers","","Tue Jun 09 18:58:01 UTC 2026","passed","Tue Jun 09 18:58:01 UTC 2026","","Go Test","github.com/specterops/bloodhound/cmd/api/src/api/v2/TestResources_ListADComputerDCOMUsers","TestResources_ListADComputerDCOMUsers"
"","89","renders count for a selected zone if prop is set","DynamicDetails","Tue Jun 09 19:23:49 UTC 2026","passed","Tue Jun 09 19:23:49 UTC 2026","","","",""
"Test cases for TestTracker_HasEdge_PropertyChangeDetectedAsDeletion","0","TestTracker_HasEdge_PropertyChangeDetectedAsDeletion","","Tue Jun 09 18:58:16 UTC 2026","passed","Tue Jun 09 18:58:16 UTC 2026","","Go Test","github.com/specterops/bloodhound/packages/go/analysis/post/TestTracker_HasEdge_PropertyChangeDetectedAsDeletion","TestTracker_HasEdge_PropertyChangeDetectedAsDeletion"
"","426","displays default text for domain selector when globalDomain is null","GroupManagement","Tue Jun 09 19:27:43 UTC 2026","passed","Tue Jun 09 19:27:43 UTC 2026","","","",""
"","1","returns a function that can set arrays query params removes previous values set to that array query param","searchParams","Tue Jun 09 19:25:11 UTC 2026","passed","Tue Jun 09 19:25:11 UTC 2026","","setSingleParamFactory","",""
"","153","reverts all menu options to an unselected state when isExploreLayoutSelected becomes false","GraphControls","Tue Jun 09 19:21:32 UTC 2026","passed","Tue Jun 09 19:21:32 UTC 2026","","Selecting a layout","",""
"Test cases for TestResources_DeleteAssetGroupSelector","0","TestResources_DeleteAssetGroupSelector","","Tue Jun 09 18:58:01 UTC 2026","passed","Tue Jun 09 18:58:01 UTC 2026","","Go Test","github.com/specterops/bloodhound/cmd/api/src/api/v2/TestResources_DeleteAssetGroupSelector","TestResources_DeleteAssetGroupSelector"
"","590","should render a SaveQueryDialog","SaveQueryDialog","Tue Jun 09 19:21:11 UTC 2026","passed","Tue Jun 09 19:21:12 UTC 2026","","","",""
"Test cases for TestAssetGroupMembers_SortBy","0","TestAssetGroupMembers_SortBy","","Tue Jun 09 18:57:49 UTC 2026","passed","Tue Jun 09 18:57:49 UTC 2026","","Go Test","github.com/specterops/bloodhound/cmd/api/src/api/TestAssetGroupMembers_SortBy","TestAssetGroupMembers_SortBy"
"","159","should have a disabled continue button","TagToZoneLabelDialog","Tue Jun 09 19:24:36 UTC 2026","passed","Tue Jun 09 19:24:36 UTC 2026","","","",""
"","0","fails for empty password","testPassword","Tue Jun 09 19:26:46 UTC 2026","passed","Tue Jun 09 19:26:46 UTC 2026","","","",""
"Test cases for Test_NewSpecWithHooks","1","Test_NewSpecWithHooks","","Tue Jun 09 18:58:17 UTC 2026","passed","Tue Jun 09 18:58:17 UTC 2026","","Go Test","github.com/specterops/bloodhound/packages/go/lab/Test_NewSpecWithHooks","Test_NewSpecWithHooks"
"Test cases for TestInt64IsZero","0","TestInt64IsZero","","Tue Jun 09 18:58:04 UTC 2026","passed","Tue Jun 09 18:58:04 UTC 2026","","Go Test","github.com/specterops/bloodhound/cmd/api/src/database/types/null/TestInt64IsZero","TestInt64IsZero"
"Test cases for Test_GetApplicationConfigurations","0","Test_GetApplicationConfigurations","","Tue Jun 09 18:58:01 UTC 2026","passed","Tue Jun 09 18:58:01 UTC 2026","","Go Test","github.com/specterops/bloodhound/cmd/api/src/api/v2/Test_GetApplicationConfigurations","Test_GetApplicationConfigurations"
"","0","returns false if value is 'string'","searchParams","Tue Jun 09 19:25:11 UTC 2026","passed","Tue Jun 09 19:25:11 UTC 2026","","isEmptyParam","",""
"","1392","should render","EdgeInfoHeader","Tue Jun 09 19:25:15 UTC 2026","passed","Tue Jun 09 19:25:17 UTC 2026","","","",""
"","17","should be aligned to right of screen","GenericErrorBoundaryFallback","Tue Jun 09 19:26:53 UTC 2026","passed","Tue Jun 09 19:26:53 UTC 2026","","","",""
"Test cases for TestCreateUser_Success","1486","TestCreateUser_Success","","Tue Jun 09 18:58:08 UTC 2026","passed","Tue Jun 09 18:58:10 UTC 2026","","Go Test","github.com/specterops/bloodhound/cmd/api/src/api/v2/auth/TestCreateUser_Success","TestCreateUser_Success"
"","676","should not call onSubmit when expired password is not supplied when reset password button clicked","PasswordResetForm","Tue Jun 09 19:24:13 UTC 2026","passed","Tue Jun 09 19:24:14 UTC 2026","","","",""
"","2","returns all environments when no filters are active","filterAndSearchEnvironments","Tue Jun 09 19:21:37 UTC 2026","passed","Tue Jun 09 19:21:37 UTC 2026","","with no filters applied","",""
"Test cases for Test_GetAssetGroupMembersBySelector","6","Test_GetAssetGroupMembersBySelector","","Tue Jun 09 18:58:01 UTC 2026","passed","Tue Jun 09 18:58:01 UTC 2026","","Go Test","github.com/specterops/bloodhound/cmd/api/src/api/v2/Test_GetAssetGroupMembersBySelector","Test_GetAssetGroupMembersBySelector"
"Test cases for TestTextUnmarshalInt64","0","TestTextUnmarshalInt64","","Tue Jun 09 18:58:04 UTC 2026","passed","Tue Jun 09 18:58:04 UTC 2026","","Go Test","github.com/specterops/bloodhound/cmd/api/src/database/types/null/TestTextUnmarshalInt64","TestTextUnmarshalInt64"
"","339","renders with applied filters","Privilege Zones History Filter Dialog","Tue Jun 09 19:24:00 UTC 2026","passed","Tue Jun 09 19:24:00 UTC 2026","","","",""
"Test cases for TestManagementResource_EnableUserSAML","3","TestManagementResource_EnableUserSAML","","Tue Jun 09 18:58:07 UTC 2026","passed","Tue Jun 09 18:58:07 UTC 2026","","Go Test","github.com/specterops/bloodhound/cmd/api/src/api/v2/auth/TestManagementResource_EnableUserSAML","TestManagementResource_EnableUserSAML"
"","157","highlights the selectedLayout when isExploreLayoutSelected is true","GraphControls","Tue Jun 09 19:21:32 UTC 2026","passed","Tue Jun 09 19:21:32 UTC 2026","","Selecting a layout","",""
"","1404","renders asset group edit options with graph write permissions","ContextMenu","Tue Jun 09 19:27:33 UTC 2026","passed","Tue Jun 09 19:27:34 UTC 2026","","","",""
"","522","renders trigger button and dropdown items","TagToZoneLabel","Tue Jun 09 19:21:23 UTC 2026","passed","Tue Jun 09 19:21:23 UTC 2026","","","",""
"","39","should highlight selected route","Main Nav Route Highlighting","Tue Jun 09 19:23:50 UTC 2026","passed","Tue Jun 09 19:23:50 UTC 2026","","","",""
"","1111","open and closes dialog","DatabaseManagement","Tue Jun 09 19:27:17 UTC 2026","passed","Tue Jun 09 19:27:19 UTC 2026","","","",""
"","358","should call onClose when cancel button is clicked","SaveQueryDialog","Tue Jun 09 19:21:13 UTC 2026","passed","Tue Jun 09 19:21:13 UTC 2026","","","",""
"","0","The node radius is adjusted for nodes that have their ""highlighted"" property set to true since the highlight adds some padding","getNodeRadius","Tue Jun 09 19:27:53 UTC 2026","passed","Tue Jun 09 19:27:53 UTC 2026","","","",""
"","674","should render the cypher search controls when user clicks on cypher tab","ExploreSearch rendering per tab","Tue Jun 09 19:27:23 UTC 2026","passed","Tue Jun 09 19:27:24 UTC 2026","","","",""
"Test cases for TestDisenrollMFA_Admin_Success","2162","TestDisenrollMFA_Admin_Success","","Tue Jun 09 18:58:30 UTC 2026","passed","Tue Jun 09 18:58:32 UTC 2026","","Go Test","github.com/specterops/bloodhound/cmd/api/src/api/v2/auth/TestDisenrollMFA_Admin_Success","TestDisenrollMFA_Admin_Success"
"","259","on clicking switch shows modal and when clicking confirm closes it and switch changes to disabled","CitrixRDPConfiguration","Tue Jun 09 19:23:38 UTC 2026","passed","Tue Jun 09 19:23:39 UTC 2026","","Click on switch to disable","",""
"","10","should render when search string matches text entirely","HighlightedText","Tue Jun 09 19:26:01 UTC 2026","passed","Tue Jun 09 19:26:01 UTC 2026","","","",""
"","16","renders null if network fails to return valid asset group membership list","AssetGroupMenuItem","Tue Jun 09 19:27:14 UTC 2026","passed","Tue Jun 09 19:27:14 UTC 2026","","adding to an asset group","",""
"","2","writes initialValue to localStorage when the key is absent","useLocalStorage","Tue Jun 09 19:23:50 UTC 2026","passed","Tue Jun 09 19:23:50 UTC 2026","","initial value","",""
"","2706","resets skip to 0 when filters change so rows are visible on the new result set","FileIngestTable","Tue Jun 09 19:22:18 UTC 2026","passed","Tue Jun 09 19:22:21 UTC 2026","","pagination reset","",""
"Test cases for TestGenericAssign","0","TestGenericAssign","","Tue Jun 09 18:58:11 UTC 2026","passed","Tue Jun 09 18:58:11 UTC 2026","","Go Test","github.com/specterops/bloodhound/cmd/api/src/utils/TestGenericAssign","TestGenericAssign"
"Test cases for Test_filterAndFormatSearchResults_filterEnvironments_tenantIDFail","0","Test_filterAndFormatSearchResults_filterEnvironments_tenantIDFail","","Tue Jun 09 18:58:01 UTC 2026","passed","Tue Jun 09 18:58:01 UTC 2026","","Go Test","github.com/specterops/bloodhound/cmd/api/src/api/v2/Test_filterAndFormatSearchResults_filterEnvironments_tenantIDFail","Test_filterAndFormatSearchResults_filterEnvironments_tenantIDFail"
"Test cases for TestError","0","TestError","","Tue Jun 09 18:57:50 UTC 2026","passed","Tue Jun 09 18:57:50 UTC 2026","","Go Test","github.com/specterops/bloodhound/cmd/api/src/api/TestError","TestError"
"","1","does not overwrite an existing localStorage value with initialValue","useLocalStorage","Tue Jun 09 19:23:50 UTC 2026","passed","Tue Jun 09 19:23:50 UTC 2026","","initial value","",""
"","28","should redirect to nested /file-ingest route if user navigates to an invalid route","Administration","Tue Jun 09 19:27:59 UTC 2026","passed","Tue Jun 09 19:27:59 UTC 2026","","","",""
"","6","renders without pulse animation by default","StatusIndicator","Tue Jun 09 19:26:39 UTC 2026","passed","Tue Jun 09 19:26:39 UTC 2026","","","",""
"","12","takes a string and copys to the navigator clipboard","copyToClipboard","Tue Jun 09 19:26:57 UTC 2026","passed","Tue Jun 09 19:26:57 UTC 2026","","","",""
"Test cases for TestManagementResource_ServeSigningCertificate","4","TestManagementResource_ServeSigningCertificate","","Tue Jun 09 18:58:36 UTC 2026","passed","Tue Jun 09 18:58:36 UTC 2026","","Go Test","github.com/specterops/bloodhound/cmd/api/src/api/v2/auth/TestManagementResource_ServeSigningCertificate","TestManagementResource_ServeSigningCertificate"
"","608","should accept passwords with emojis","CreateUserForm","Tue Jun 09 19:21:54 UTC 2026","passed","Tue Jun 09 19:21:55 UTC 2026","","","",""
"Test cases for TestResources_CreateSavedQuery_CreateFailure","0","TestResources_CreateSavedQuery_CreateFailure","","Tue Jun 09 18:58:01 UTC 2026","passed","Tue Jun 09 18:58:01 UTC 2026","","Go Test","github.com/specterops/bloodhound/cmd/api/src/api/v2/TestResources_CreateSavedQuery_CreateFailure","TestResources_CreateSavedQuery_CreateFailure"
"Test cases for TestResources_UpdateSavedQuery_Admin_NonPublicQuery","0","TestResources_UpdateSavedQuery_Admin_NonPublicQuery","","Tue Jun 09 18:58:01 UTC 2026","passed","Tue Jun 09 18:58:01 UTC 2026","","Go Test","github.com/specterops/bloodhound/cmd/api/src/api/v2/TestResources_UpdateSavedQuery_Admin_NonPublicQuery","TestResources_UpdateSavedQuery_Admin_NonPublicQuery"
"","12983","checking a category updates all children and grandchildren","Pathfinding","Tue Jun 09 19:21:59 UTC 2026","passed","Tue Jun 09 19:22:12 UTC 2026","","","",""
"","1","filters by active-directory platform","filterAndSearchEnvironments","Tue Jun 09 19:21:37 UTC 2026","passed","Tue Jun 09 19:21:37 UTC 2026","","platform filters","",""
"Test cases for TestURLJoinPathEscapesSlashes","0","TestURLJoinPathEscapesSlashes","","Tue Jun 09 18:57:50 UTC 2026","passed","Tue Jun 09 18:57:50 UTC 2026","","Go Test","github.com/specterops/bloodhound/cmd/api/src/api/TestURLJoinPathEscapesSlashes","TestURLJoinPathEscapesSlashes"
"Test cases for TestResources_ListADComputerConstrainedDelegationUsers","0","TestResources_ListADComputerConstrainedDelegationUsers","","Tue Jun 09 18:58:01 UTC 2026","passed","Tue Jun 09 18:58:01 UTC 2026","","Go Test","github.com/specterops/bloodhound/cmd/api/src/api/v2/TestResources_ListADComputerConstrainedDelegationUsers","TestResources_ListADComputerConstrainedDelegationUsers"
"Test cases for TestResources_UpdateSavedQuery_OwnPublicQuery_Success","0","TestResources_UpdateSavedQuery_OwnPublicQuery_Success","","Tue Jun 09 18:58:01 UTC 2026","passed","Tue Jun 09 18:58:01 UTC 2026","","Go Test","github.com/specterops/bloodhound/cmd/api/src/api/v2/TestResources_UpdateSavedQuery_OwnPublicQuery_Success","TestResources_UpdateSavedQuery_OwnPublicQuery_Success"
"Test cases for TestLoginFailure","0","TestLoginFailure","","Tue Jun 09 18:58:01 UTC 2026","passed","Tue Jun 09 18:58:01 UTC 2026","","Go Test","github.com/specterops/bloodhound/cmd/api/src/api/v2/auth/TestLoginFailure","TestLoginFailure"
"","10","should not render a Field when the provided value is """"","Field","Tue Jun 09 19:26:11 UTC 2026","passed","Tue Jun 09 19:26:11 UTC 2026","","","",""
"Test cases for TestCreateUser_ETAC","3828","TestCreateUser_ETAC","","Tue Jun 09 18:58:10 UTC 2026","passed","Tue Jun 09 18:58:13 UTC 2026","","Go Test","github.com/specterops/bloodhound/cmd/api/src/api/v2/auth/TestCreateUser_ETAC","TestCreateUser_ETAC"
"Test cases for TestBoolValueOrZero","0","TestBoolValueOrZero","","Tue Jun 09 18:58:04 UTC 2026","passed","Tue Jun 09 18:58:04 UTC 2026","","Go Test","github.com/specterops/bloodhound/cmd/api/src/database/types/null/TestBoolValueOrZero","TestBoolValueOrZero"
"","66","returns the full environment for the environmentid passed","useAvailableEnvironments","Tue Jun 09 19:24:07 UTC 2026","passed","Tue Jun 09 19:24:07 UTC 2026","","useSelectedEnvironment","",""
"Test cases for TestResources_CreateCustomNodeKindsTest","110","TestResources_CreateCustomNodeKindsTest","","Tue Jun 09 18:58:01 UTC 2026","passed","Tue Jun 09 18:58:01 UTC 2026","","Go Test","github.com/specterops/bloodhound/cmd/api/src/api/v2/TestResources_CreateCustomNodeKindsTest","TestResources_CreateCustomNodeKindsTest"
"","1","filters by user-provided platform","filterAndSearchEnvironments","Tue Jun 09 19:21:37 UTC 2026","passed","Tue Jun 09 19:21:37 UTC 2026","","platform filters","",""
"Test cases for TestValidateTOTPSecret","0","TestValidateTOTPSecret","","Tue Jun 09 18:58:01 UTC 2026","passed","Tue Jun 09 18:58:01 UTC 2026","","Go Test","github.com/specterops/bloodhound/cmd/api/src/auth/TestValidateTOTPSecret","TestValidateTOTPSecret"
"","2","receives the current stored value as the previous state","useLocalStorage","Tue Jun 09 19:23:50 UTC 2026","passed","Tue Jun 09 19:23:50 UTC 2026","","functional updater","",""
"","12","should handle special characters","HighlightedText","Tue Jun 09 19:26:01 UTC 2026","passed","Tue Jun 09 19:26:01 UTC 2026","","","",""
"","355","renders total rules and accordion sections","RulesAccordion","Tue Jun 09 19:24:38 UTC 2026","passed","Tue Jun 09 19:24:38 UTC 2026","","","",""
"Test cases for TestIntSetValid","0","TestIntSetValid","","Tue Jun 09 18:58:04 UTC 2026","passed","Tue Jun 09 18:58:04 UTC 2026","","Go Test","github.com/specterops/bloodhound/cmd/api/src/database/types/null/TestIntSetValid","TestIntSetValid"
"","148","calls onCancel when cancel button clicked","EarlyAccessFeaturesWarningDialog","Tue Jun 09 19:28:01 UTC 2026","passed","Tue Jun 09 19:28:01 UTC 2026","","","",""
"Test cases for TestResources_ListADComputerSQLAdmins","0","TestResources_ListADComputerSQLAdmins","","Tue Jun 09 18:58:01 UTC 2026","passed","Tue Jun 09 18:58:01 UTC 2026","","Go Test","github.com/specterops/bloodhound/cmd/api/src/api/v2/TestResources_ListADComputerSQLAdmins","TestResources_ListADComputerSQLAdmins"
"","241","fires editQuery in context provider","ListItemActionMenu","Tue Jun 09 19:25:12 UTC 2026","passed","Tue Jun 09 19:25:12 UTC 2026","","","",""
"","5423","collapse all button collapses all sections","Pathfinding","Tue Jun 09 19:22:24 UTC 2026","passed","Tue Jun 09 19:22:29 UTC 2026","","","",""
"Test cases for TestManagementResource_SAMLLoginHandler","13","TestManagementResource_SAMLLoginHandler","","Tue Jun 09 18:58:36 UTC 2026","passed","Tue Jun 09 18:58:36 UTC 2026","","Go Test","github.com/specterops/bloodhound/cmd/api/src/api/v2/auth/TestManagementResource_SAMLLoginHandler","TestManagementResource_SAMLLoginHandler"
"","2371","Clicking header allows user to sort by column","ExploreTable","Tue Jun 09 19:21:09 UTC 2026","passed","Tue Jun 09 19:21:12 UTC 2026","","","",""
"","429","renders correctly with requiresCurrentPassword false","PasswordDialog","Tue Jun 09 19:21:54 UTC 2026","passed","Tue Jun 09 19:21:55 UTC 2026","","","",""
"Test cases for TestValidateRequestSignature","312","TestValidateRequestSignature","","Tue Jun 09 18:57:49 UTC 2026","passed","Tue Jun 09 18:57:50 UTC 2026","","Go Test","github.com/specterops/bloodhound/cmd/api/src/api/TestValidateRequestSignature","TestValidateRequestSignature"
"","11","checks whether more data is needed when loadedCount changes","useInfiniteScroll","Tue Jun 09 19:25:10 UTC 2026","passed","Tue Jun 09 19:25:10 UTC 2026","","","",""
"Test cases for Test_runMaybeCachedEntityQuery","1","Test_runMaybeCachedEntityQuery","","Tue Jun 09 18:58:06 UTC 2026","passed","Tue Jun 09 18:58:06 UTC 2026","","Go Test","github.com/specterops/bloodhound/cmd/api/src/queries/Test_runMaybeCachedEntityQuery","Test_runMaybeCachedEntityQuery"
"Test cases for TestBHCEStaticHandler","11","TestBHCEStaticHandler","","Tue Jun 09 18:57:54 UTC 2026","passed","Tue Jun 09 18:57:54 UTC 2026","","Go Test","github.com/specterops/bloodhound/cmd/api/src/api/static/TestBHCEStaticHandler","TestBHCEStaticHandler"
"Test cases for TestResources_ExportSavedQueries","9","TestResources_ExportSavedQueries","","Tue Jun 09 18:58:01 UTC 2026","passed","Tue Jun 09 18:58:01 UTC 2026","","Go Test","github.com/specterops/bloodhound/cmd/api/src/api/v2/TestResources_ExportSavedQueries","TestResources_ExportSavedQueries"
"","93","sets autoDisplayTable to false if enabled param is false","useExploreTableAutoDisplay","Tue Jun 09 19:25:38 UTC 2026","passed","Tue Jun 09 19:25:38 UTC 2026","","","",""
"","0","maps cypher 504 errors to timeout messaging","useExploreGraph","Tue Jun 09 19:22:38 UTC 2026","passed","Tue Jun 09 19:22:38 UTC 2026","","exploreGraphQueryFactory","",""
"","127","should display an error when error prop is truthy","SaveQueryDialog","Tue Jun 09 19:21:14 UTC 2026","passed","Tue Jun 09 19:21:14 UTC 2026","","","",""
"Test cases for TestFeatureFlagManagerPoller","83","TestFeatureFlagManagerPoller","","Tue Jun 09 18:58:02 UTC 2026","passed","Tue Jun 09 18:58:02 UTC 2026","","Go Test","github.com/specterops/bloodhound/cmd/api/src/daemons/changelog/TestFeatureFlagManagerPoller","TestFeatureFlagManagerPoller"
"","779","does not allow confirmation while dates are invalid","FileIngestFilterDialog","Tue Jun 09 19:23:02 UTC 2026","passed","Tue Jun 09 19:23:03 UTC 2026","","Date Range Inputs","",""
"Test cases for TestInt64Equal","0","TestInt64Equal","","Tue Jun 09 18:58:04 UTC 2026","passed","Tue Jun 09 18:58:04 UTC 2026","","Go Test","github.com/specterops/bloodhound/cmd/api/src/database/types/null/TestInt64Equal","TestInt64Equal"
"Test cases for TestParseSkipQueryParameter_BadFormat","0","TestParseSkipQueryParameter_BadFormat","","Tue Jun 09 18:58:01 UTC 2026","passed","Tue Jun 09 18:58:01 UTC 2026","","Go Test","github.com/specterops/bloodhound/cmd/api/src/api/v2/TestParseSkipQueryParameter_BadFormat","TestParseSkipQueryParameter_BadFormat"
"","140","renders the card with title and search input","ActiveExtensionsCard","Tue Jun 09 19:21:40 UTC 2026","passed","Tue Jun 09 19:21:40 UTC 2026","","","",""
"Test cases for TestSetValue","0","TestSetValue","","Tue Jun 09 18:58:02 UTC 2026","passed","Tue Jun 09 18:58:02 UTC 2026","","Go Test","github.com/specterops/bloodhound/cmd/api/src/config/TestSetValue","TestSetValue"
"","297","shows ""Select All"" when not all columns are selected","ManageColumnsComboBox","Tue Jun 09 19:23:19 UTC 2026","passed","Tue Jun 09 19:23:19 UTC 2026","","","",""
"Test cases for TestCopyMatchExpressionsSorted","0","TestCopyMatchExpressionsSorted","","Tue Jun 09 18:58:07 UTC 2026","passed","Tue Jun 09 18:58:07 UTC 2026","","Go Test","github.com/specterops/bloodhound/cmd/api/src/services/graphify/endpoint/TestCopyMatchExpressionsSorted","TestCopyMatchExpressionsSorted"
"","736","has status filters","FileIngestFilterDialog","Tue Jun 09 19:22:59 UTC 2026","passed","Tue Jun 09 19:23:00 UTC 2026","","Status Select","",""
"Test cases for TestTenantRoles","0","TestTenantRoles","","Tue Jun 09 18:58:16 UTC 2026","passed","Tue Jun 09 18:58:16 UTC 2026","","Go Test","github.com/specterops/bloodhound/packages/go/analysis/azure/TestTenantRoles","TestTenantRoles"
"Test cases for TestCache_Get","0","TestCache_Get","","Tue Jun 09 18:58:16 UTC 2026","passed","Tue Jun 09 18:58:16 UTC 2026","","Go Test","github.com/specterops/bloodhound/packages/go/cache/TestCache_Get","TestCache_Get"
"","297","closes","ListItemActionMenu","Tue Jun 09 19:25:12 UTC 2026","passed","Tue Jun 09 19:25:12 UTC 2026","","","",""
"","510","clicking cancel on the form takes the user back to the details page the user was on previously","Rule Form","Tue Jun 09 19:21:35 UTC 2026","passed","Tue Jun 09 19:21:36 UTC 2026","","","",""
"Test cases for TestErrorReadDomainSIDandNameAsString","0","TestErrorReadDomainSIDandNameAsString","","Tue Jun 09 18:58:16 UTC 2026","passed","Tue Jun 09 18:58:16 UTC 2026","","Go Test","github.com/specterops/bloodhound/packages/go/analysis/ad/internal/nodeprops/TestErrorReadDomainSIDandNameAsString","TestErrorReadDomainSIDandNameAsString"
"","2","dispatches a storage event when a value is set","useLocalStorage","Tue Jun 09 19:23:50 UTC 2026","passed","Tue Jun 09 19:23:50 UTC 2026","","storage event synchronisation","",""
"Test cases for TestFilterStructSlice","0","TestFilterStructSlice","","Tue Jun 09 18:57:49 UTC 2026","passed","Tue Jun 09 18:57:49 UTC 2026","","Go Test","github.com/specterops/bloodhound/cmd/api/src/api/TestFilterStructSlice","TestFilterStructSlice"
"Test cases for TestDomainSelectors_TestIsSortable","0","TestDomainSelectors_TestIsSortable","","Tue Jun 09 18:58:04 UTC 2026","passed","Tue Jun 09 18:58:04 UTC 2026","","Go Test","github.com/specterops/bloodhound/cmd/api/src/model/TestDomainSelectors_TestIsSortable","TestDomainSelectors_TestIsSortable"
"Test cases for TestManagementResource_GetAZEntity","128","TestManagementResource_GetAZEntity","","Tue Jun 09 18:58:01 UTC 2026","passed","Tue Jun 09 18:58:01 UTC 2026","","Go Test","github.com/specterops/bloodhound/cmd/api/src/api/v2/TestManagementResource_GetAZEntity","TestManagementResource_GetAZEntity"
"Test cases for TestStringIsZero","0","TestStringIsZero","","Tue Jun 09 18:58:04 UTC 2026","passed","Tue Jun 09 18:58:04 UTC 2026","","Go Test","github.com/specterops/bloodhound/cmd/api/src/database/types/null/TestStringIsZero","TestStringIsZero"
"Test cases for TestResources_ListSourceKinds","76","TestResources_ListSourceKinds","","Tue Jun 09 18:58:01 UTC 2026","passed","Tue Jun 09 18:58:01 UTC 2026","","Go Test","github.com/specterops/bloodhound/cmd/api/src/api/v2/TestResources_ListSourceKinds","TestResources_ListSourceKinds"
"","312","opens confirmation dialog when delete button is clicked","ActiveExtensionsCard","Tue Jun 09 19:21:43 UTC 2026","passed","Tue Jun 09 19:21:44 UTC 2026","","","",""
"","4","returns true when WebGL is available in the current browser context","WebGL compatibility check","Tue Jun 09 19:26:55 UTC 2026","passed","Tue Jun 09 19:26:55 UTC 2026","","","",""
"Test cases for TestResources_ListADEntityRDPRights","0","TestResources_ListADEntityRDPRights","","Tue Jun 09 18:58:01 UTC 2026","passed","Tue Jun 09 18:58:01 UTC 2026","","Go Test","github.com/specterops/bloodhound/cmd/api/src/api/v2/TestResources_ListADEntityRDPRights","TestResources_ListADEntityRDPRights"
"","298","dispatches an action to the delete the associated node","Rule Object Select","Tue Jun 09 19:25:22 UTC 2026","passed","Tue Jun 09 19:25:22 UTC 2026","","","",""
"","169","handles removing from a non-tier-zero asset group","AssetGroupMenuItem","Tue Jun 09 19:27:15 UTC 2026","passed","Tue Jun 09 19:27:15 UTC 2026","","removing from an asset group","",""
"Test cases for TestGetLatestQueryParameter","0","TestGetLatestQueryParameter","","Tue Jun 09 18:58:01 UTC 2026","passed","Tue Jun 09 18:58:01 UTC 2026","","Go Test","github.com/specterops/bloodhound/cmd/api/src/api/v2/TestGetLatestQueryParameter","TestGetLatestQueryParameter"
"Test cases for TestManagementResource_ListUsers_PredicateMismatchWithColumn","0","TestManagementResource_ListUsers_PredicateMismatchWithColumn","","Tue Jun 09 18:58:07 UTC 2026","passed","Tue Jun 09 18:58:07 UTC 2026","","Go Test","github.com/specterops/bloodhound/cmd/api/src/api/v2/auth/TestManagementResource_ListUsers_PredicateMismatchWithColumn","TestManagementResource_ListUsers_PredicateMismatchWithColumn"
"Test cases for TestResources_ListAssetGroupCollections","5","TestResources_ListAssetGroupCollections","","Tue Jun 09 18:58:01 UTC 2026","passed","Tue Jun 09 18:58:01 UTC 2026","","Go Test","github.com/specterops/bloodhound/cmd/api/src/api/v2/TestResources_ListAssetGroupCollections","TestResources_ListAssetGroupCollections"
"Test cases for TestExtractIngestFilesExpandsZIPIntoTempDirectory","2","TestExtractIngestFilesExpandsZIPIntoTempDirectory","","Tue Jun 09 18:58:07 UTC 2026","passed","Tue Jun 09 18:58:07 UTC 2026","","Go Test","github.com/specterops/bloodhound/cmd/api/src/services/graphify/TestExtractIngestFilesExpandsZIPIntoTempDirectory","TestExtractIngestFilesExpandsZIPIntoTempDirectory"
"Test cases for TestQueries_GetRequestedType","0","TestQueries_GetRequestedType","","Tue Jun 09 18:58:06 UTC 2026","passed","Tue Jun 09 18:58:06 UTC 2026","","Go Test","github.com/specterops/bloodhound/cmd/api/src/queries/TestQueries_GetRequestedType","TestQueries_GetRequestedType"
"","803","should initiate data loading when an item is selected","Simple Environment Selector","Tue Jun 09 19:23:44 UTC 2026","passed","Tue Jun 09 19:23:44 UTC 2026","","","",""
"Test cases for TestFillAndPopulateDefaultAdminInfo","3","TestFillAndPopulateDefaultAdminInfo","","Tue Jun 09 18:58:01 UTC 2026","passed","Tue Jun 09 18:58:01 UTC 2026","","Go Test","github.com/specterops/bloodhound/cmd/api/src/bootstrap/TestFillAndPopulateDefaultAdminInfo","TestFillAndPopulateDefaultAdminInfo"
"Test cases for TestDatabase_GetAssetGroupTagSelector","0","TestDatabase_GetAssetGroupTagSelector","","Tue Jun 09 18:58:01 UTC 2026","passed","Tue Jun 09 18:58:01 UTC 2026","","Go Test","github.com/specterops/bloodhound/cmd/api/src/api/v2/TestDatabase_GetAssetGroupTagSelector","TestDatabase_GetAssetGroupTagSelector"
"Test cases for TestNodeNamePrefix_String","0","TestNodeNamePrefix_String","","Tue Jun 09 18:58:16 UTC 2026","passed","Tue Jun 09 18:58:16 UTC 2026","","Go Test","github.com/specterops/bloodhound/packages/go/analysis/ad/wellknown/TestNodeNamePrefix_String","TestNodeNamePrefix_String"
"","73","sets autoDisplayTable to false if query returns edges","useExploreTableAutoDisplay","Tue Jun 09 19:25:38 UTC 2026","passed","Tue Jun 09 19:25:38 UTC 2026","","","",""
"Test cases for TestResources_GetAZEntityInformation","120","TestResources_GetAZEntityInformation","","Tue Jun 09 18:58:01 UTC 2026","passed","Tue Jun 09 18:58:01 UTC 2026","","Go Test","github.com/specterops/bloodhound/cmd/api/src/api/v2/TestResources_GetAZEntityInformation","TestResources_GetAZEntityInformation"
"","1","filters by moderate risk level","filterAndSearchEnvironments","Tue Jun 09 19:21:37 UTC 2026","passed","Tue Jun 09 19:21:37 UTC 2026","","risk filters","",""
"","0","does not change the day, month, or year value of the DateTime object","floorToNearestMinute","Tue Jun 09 19:26:01 UTC 2026","passed","Tue Jun 09 19:26:01 UTC 2026","","","",""
"","1306","should disable save button while input is empty","SaveQueryDialog","Tue Jun 09 19:21:12 UTC 2026","passed","Tue Jun 09 19:21:13 UTC 2026","","","",""
"Test cases for TestManagementResource_ListAuthTokens_PredicateMismatchWithColumn","0","TestManagementResource_ListAuthTokens_PredicateMismatchWithColumn","","Tue Jun 09 18:58:27 UTC 2026","passed","Tue Jun 09 18:58:27 UTC 2026","","Go Test","github.com/specterops/bloodhound/cmd/api/src/api/v2/auth/TestManagementResource_ListAuthTokens_PredicateMismatchWithColumn","TestManagementResource_ListAuthTokens_PredicateMismatchWithColumn"
"","284","displays expected results when searching by objectid","SearchCurrentNodes","Tue Jun 09 19:24:45 UTC 2026","passed","Tue Jun 09 19:24:45 UTC 2026","","","",""
"Test cases for TestFloatInfNaN","0","TestFloatInfNaN","","Tue Jun 09 18:58:04 UTC 2026","passed","Tue Jun 09 18:58:04 UTC 2026","","Go Test","github.com/specterops/bloodhound/cmd/api/src/database/types/null/TestFloatInfNaN","TestFloatInfNaN"
"Test cases for TestRewriter_Enter_NoShortcut_PreservesKinds","0","TestRewriter_Enter_NoShortcut_PreservesKinds","","Tue Jun 09 18:58:06 UTC 2026","passed","Tue Jun 09 18:58:06 UTC 2026","","Go Test","github.com/specterops/bloodhound/cmd/api/src/queries/TestRewriter_Enter_NoShortcut_PreservesKinds","TestRewriter_Enter_NoShortcut_PreservesKinds"
"Test cases for TestRoleMembers","0","TestRoleMembers","","Tue Jun 09 18:58:16 UTC 2026","passed","Tue Jun 09 18:58:16 UTC 2026","","Go Test","github.com/specterops/bloodhound/packages/go/analysis/azure/TestRoleMembers","TestRoleMembers"
"","20","does not show tooltip text by default","ColumnHeaders","Tue Jun 09 19:24:27 UTC 2026","passed","Tue Jun 09 19:24:27 UTC 2026","","SortableHeader with Tooltip","",""
"Test cases for TestGenericClone","0","TestGenericClone","","Tue Jun 09 18:58:11 UTC 2026","passed","Tue Jun 09 18:58:11 UTC 2026","","Go Test","github.com/specterops/bloodhound/cmd/api/src/utils/TestGenericClone","TestGenericClone"
"","69","returns a list of the users current permissions","usePermissions","Tue Jun 09 19:23:37 UTC 2026","passed","Tue Jun 09 19:23:37 UTC 2026","","","",""
"","0","handles an empty string","escapeCypherString","Tue Jun 09 19:26:41 UTC 2026","passed","Tue Jun 09 19:26:41 UTC 2026","","","",""
"","122","should should reflect the checked state for public query","SavedQueryPermissions","Tue Jun 09 19:25:01 UTC 2026","passed","Tue Jun 09 19:25:01 UTC 2026","","","",""
"Test cases for TestResources_UpdateSavedQuery_InvalidID","0","TestResources_UpdateSavedQuery_InvalidID","","Tue Jun 09 18:58:01 UTC 2026","passed","Tue Jun 09 18:58:01 UTC 2026","","Go Test","github.com/specterops/bloodhound/cmd/api/src/api/v2/TestResources_UpdateSavedQuery_InvalidID","TestResources_UpdateSavedQuery_InvalidID"
"","0","returns default error message for unknown API messages","getErrorMessage","Tue Jun 09 19:22:55 UTC 2026","passed","Tue Jun 09 19:22:55 UTC 2026","","","",""
"","0","returns null if paramValue is undefined","useEnvironmentParams","Tue Jun 09 19:26:47 UTC 2026","passed","Tue Jun 09 19:26:47 UTC 2026","","parseEnvironmentAggregation","",""
"Test cases for TestGormLogAdapter_Info","0","TestGormLogAdapter_Info","","Tue Jun 09 18:58:04 UTC 2026","passed","Tue Jun 09 18:58:04 UTC 2026","","Go Test","github.com/specterops/bloodhound/cmd/api/src/database/TestGormLogAdapter_Info","TestGormLogAdapter_Info"
"","13","does not render note content when selected is null","HistoryNotes Component","Tue Jun 09 19:26:30 UTC 2026","passed","Tue Jun 09 19:26:30 UTC 2026","","","",""
"","99","takes the param appendQueryKey and will append that value to the existing queryKey","useAvailableEnvironments","Tue Jun 09 19:24:07 UTC 2026","passed","Tue Jun 09 19:24:07 UTC 2026","","useAvailableEnvironments","",""
"","265","calls onLayoutChange with the same layout when the currently selected option is clicked, enabling de-selection","GraphControls","Tue Jun 09 19:21:32 UTC 2026","passed","Tue Jun 09 19:21:32 UTC 2026","","Selecting a layout","",""
"","106","Error handling for fetching edge information","EdgeObjectInformation","Tue Jun 09 19:24:46 UTC 2026","passed","Tue Jun 09 19:24:46 UTC 2026","","","",""
"","668","should display Environmental Targeted Access Control panel when showEnvironmentAccessControls prop is true and read-only role is selected","CreateUserForm","Tue Jun 09 19:21:50 UTC 2026","passed","Tue Jun 09 19:21:51 UTC 2026","","","",""
"","0","The user has yet to type into the search (for OU and Domain searches that have hard coded types)","Getting the text for the disabled item display for a search when there are no results","Tue Jun 09 19:25:03 UTC 2026","passed","Tue Jun 09 19:25:03 UTC 2026","","Empty data states","",""
"","9","uses the default filename generator when exporting JSON","exportGraphData","Tue Jun 09 19:26:07 UTC 2026","passed","Tue Jun 09 19:26:07 UTC 2026","","","",""
"","4","handles ISO 8601 formatted date strings and converts it into our standard date display format","Formatting string properties","Tue Jun 09 19:23:26 UTC 2026","passed","Tue Jun 09 19:23:26 UTC 2026","","","",""
"","0","shows some collection methods for the given job","toCollected","Tue Jun 09 19:26:21 UTC 2026","passed","Tue Jun 09 19:26:21 UTC 2026","","","",""
"","139","passes check if the user has a required permission","usePermissions","Tue Jun 09 19:23:37 UTC 2026","passed","Tue Jun 09 19:23:37 UTC 2026","","","",""
"","250","renders the form for editing an existing zone","Tag Form","Tue Jun 09 19:21:12 UTC 2026","passed","Tue Jun 09 19:21:12 UTC 2026","","","",""
"Test cases for TestRequestWaitDuration_Failure","0","TestRequestWaitDuration_Failure","","Tue Jun 09 18:57:54 UTC 2026","passed","Tue Jun 09 18:57:54 UTC 2026","","Go Test","github.com/specterops/bloodhound/cmd/api/src/api/middleware/TestRequestWaitDuration_Failure","TestRequestWaitDuration_Failure"
"","6","displays a pulsing indicator","StatusIndicator","Tue Jun 09 19:26:39 UTC 2026","passed","Tue Jun 09 19:26:39 UTC 2026","","","",""
"","0","returns null if paramValue is null","useEnvironmentParams","Tue Jun 09 19:26:47 UTC 2026","passed","Tue Jun 09 19:26:47 UTC 2026","","parseEnvironmentAggregation","",""
"Test cases for TestGenerateQRCodeBase64","0","TestGenerateQRCodeBase64","","Tue Jun 09 18:58:01 UTC 2026","passed","Tue Jun 09 18:58:01 UTC 2026","","Go Test","github.com/specterops/bloodhound/cmd/api/src/auth/TestGenerateQRCodeBase64","TestGenerateQRCodeBase64"
"","255","opens the dialog when the button is clicked","SchemaUploadDialog","Tue Jun 09 19:22:50 UTC 2026","passed","Tue Jun 09 19:22:50 UTC 2026","","","",""
"Test cases for TestUnifiedGraph_AddPathSet","0","TestUnifiedGraph_AddPathSet","","Tue Jun 09 18:58:04 UTC 2026","passed","Tue Jun 09 18:58:04 UTC 2026","","Go Test","github.com/specterops/bloodhound/cmd/api/src/model/TestUnifiedGraph_AddPathSet","TestUnifiedGraph_AddPathSet"
"","1","does not add optional filters if not present","createHistoryParams","Tue Jun 09 19:25:49 UTC 2026","passed","Tue Jun 09 19:25:49 UTC 2026","","","",""
"","0","returns the difference between the node and the position","getNodeOffset","Tue Jun 09 19:28:00 UTC 2026","passed","Tue Jun 09 19:28:00 UTC 2026","","","",""
"","0","returns empty array when combined filters match nothing","filterAndSearchEnvironments","Tue Jun 09 19:21:37 UTC 2026","passed","Tue Jun 09 19:21:37 UTC 2026","","combined filters","",""
"Test cases for TestMergeNodeKinds","0","TestMergeNodeKinds","","Tue Jun 09 18:58:07 UTC 2026","passed","Tue Jun 09 18:58:07 UTC 2026","","Go Test","github.com/specterops/bloodhound/cmd/api/src/services/graphify/TestMergeNodeKinds","TestMergeNodeKinds"
"","0","isError returns as expected based on all queries combined","queriesAreLoadingOrErrored","Tue Jun 09 19:26:48 UTC 2026","passed","Tue Jun 09 19:26:48 UTC 2026","","","",""
"","10","renders nothing if flag is disabled and disabled prop is not provided","FeatureFlag","Tue Jun 09 19:25:42 UTC 2026","passed","Tue Jun 09 19:25:42 UTC 2026","","","",""
"Test cases for TestManagementResource_ListUsers","0","TestManagementResource_ListUsers","","Tue Jun 09 18:58:07 UTC 2026","passed","Tue Jun 09 18:58:07 UTC 2026","","Go Test","github.com/specterops/bloodhound/cmd/api/src/api/v2/auth/TestManagementResource_ListUsers","TestManagementResource_ListUsers"
"","41","Calls the cypher search endpoint for a node that is hidden from user with not all environments access","EntityObjectInformation","Tue Jun 09 19:24:22 UTC 2026","passed","Tue Jun 09 19:24:22 UTC 2026","","","",""
"Test cases for TestMaybeSubmitNodeUpdate","0","TestMaybeSubmitNodeUpdate","","Tue Jun 09 18:58:07 UTC 2026","passed","Tue Jun 09 18:58:07 UTC 2026","","Go Test","github.com/specterops/bloodhound/cmd/api/src/services/graphify/TestMaybeSubmitNodeUpdate","TestMaybeSubmitNodeUpdate"
"","1","prefixes each node_kind with a colon for labels","graphSchema","Tue Jun 09 19:26:14 UTC 2026","passed","Tue Jun 09 19:26:14 UTC 2026","","","",""
"","342","should disable Cancel and Save buttons while isLoading is true","UpdateUserDialog","Tue Jun 09 19:22:32 UTC 2026","passed","Tue Jun 09 19:22:33 UTC 2026","","","",""
"Test cases for TestBoolFrom","0","TestBoolFrom","","Tue Jun 09 18:58:04 UTC 2026","passed","Tue Jun 09 18:58:04 UTC 2026","","Go Test","github.com/specterops/bloodhound/cmd/api/src/database/types/null/TestBoolFrom","TestBoolFrom"
"Test cases for TestManagementResource_ListAuthTokens_Filtered","0","TestManagementResource_ListAuthTokens_Filtered","","Tue Jun 09 18:58:27 UTC 2026","passed","Tue Jun 09 18:58:27 UTC 2026","","Go Test","github.com/specterops/bloodhound/cmd/api/src/api/v2/auth/TestManagementResource_ListAuthTokens_Filtered","TestManagementResource_ListAuthTokens_Filtered"
"","741","displays correct content based on platform filter Azure","CommonSearches","Tue Jun 09 19:23:22 UTC 2026","passed","Tue Jun 09 19:23:23 UTC 2026","","","",""
"Test cases for TestFeatureFlagManager","0","TestFeatureFlagManager","","Tue Jun 09 18:58:02 UTC 2026","passed","Tue Jun 09 18:58:02 UTC 2026","","Go Test","github.com/specterops/bloodhound/cmd/api/src/daemons/changelog/TestFeatureFlagManager","TestFeatureFlagManager"
"Test cases for TestParseDomainTrusts_TrustAttributes","0","TestParseDomainTrusts_TrustAttributes","","Tue Jun 09 18:58:17 UTC 2026","passed","Tue Jun 09 18:58:17 UTC 2026","","Go Test","github.com/specterops/bloodhound/packages/go/ein/TestParseDomainTrusts_TrustAttributes","TestParseDomainTrusts_TrustAttributes"
"","148","disables items via itemDisabled and hides the chevron icon visually","<DetailsAccordion />","Tue Jun 09 19:23:16 UTC 2026","passed","Tue Jun 09 19:23:16 UTC 2026","","","",""
"Test cases for TestResources_BuildDeleteRequest","0","TestResources_BuildDeleteRequest","","Tue Jun 09 18:58:01 UTC 2026","passed","Tue Jun 09 18:58:01 UTC 2026","","Go Test","github.com/specterops/bloodhound/cmd/api/src/api/v2/TestResources_BuildDeleteRequest","TestResources_BuildDeleteRequest"
"Test cases for TestManagementResource_DeleteOIDCProvider","0","TestManagementResource_DeleteOIDCProvider","","Tue Jun 09 18:58:36 UTC 2026","passed","Tue Jun 09 18:58:36 UTC 2026","","Go Test","github.com/specterops/bloodhound/cmd/api/src/api/v2/auth/TestManagementResource_DeleteOIDCProvider","TestManagementResource_DeleteOIDCProvider"
"Test cases for Test_ApplyTimeoutReduction","0","Test_ApplyTimeoutReduction","","Tue Jun 09 18:58:06 UTC 2026","passed","Tue Jun 09 18:58:06 UTC 2026","","Go Test","github.com/specterops/bloodhound/cmd/api/src/queries/Test_ApplyTimeoutReduction","Test_ApplyTimeoutReduction"
"","2100","executes a pathfinding search when both a source and destination node are provided","Pathfinding: interaction","Tue Jun 09 19:24:02 UTC 2026","passed","Tue Jun 09 19:24:04 UTC 2026","","","",""
"Test cases for TestResources_DeleteSavedQuery_UserNotAdmin","0","TestResources_DeleteSavedQuery_UserNotAdmin","","Tue Jun 09 18:58:01 UTC 2026","passed","Tue Jun 09 18:58:01 UTC 2026","","Go Test","github.com/specterops/bloodhound/cmd/api/src/api/v2/TestResources_DeleteSavedQuery_UserNotAdmin","TestResources_DeleteSavedQuery_UserNotAdmin"
"","14","returns a prefer wait in the header when db config timeout limit setting is disabled and state of is disable query limit is true","useExploreGraph","Tue Jun 09 19:22:38 UTC 2026","passed","Tue Jun 09 19:22:38 UTC 2026","userSettings","exploreGraphQueryFactory","",""
"","431","toggles parent from none to all","GraphDataCheckboxes","Tue Jun 09 19:22:42 UTC 2026","passed","Tue Jun 09 19:22:43 UTC 2026","","","",""
"","3","prevents Sigma defaults events","preventAllDefaults","Tue Jun 09 19:28:04 UTC 2026","passed","Tue Jun 09 19:28:04 UTC 2026","","","",""
"","2","returns the node_keys from the graphData with duplicate keys removed and known keys added","getExploreTableData","Tue Jun 09 19:24:34 UTC 2026","passed","Tue Jun 09 19:24:34 UTC 2026","","","",""
"Test cases for TestResources_DeleteSavedQuery_PublicQueryAndUserIsAdmin","0","TestResources_DeleteSavedQuery_PublicQueryAndUserIsAdmin","","Tue Jun 09 18:58:01 UTC 2026","passed","Tue Jun 09 18:58:01 UTC 2026","","Go Test","github.com/specterops/bloodhound/cmd/api/src/api/v2/TestResources_DeleteSavedQuery_PublicQueryAndUserIsAdmin","TestResources_DeleteSavedQuery_PublicQueryAndUserIsAdmin"
"Test cases for TestResources_UpdateSavedQuery_UpdateFailed","2","TestResources_UpdateSavedQuery_UpdateFailed","","Tue Jun 09 18:58:01 UTC 2026","passed","Tue Jun 09 18:58:01 UTC 2026","","Go Test","github.com/specterops/bloodhound/cmd/api/src/api/v2/TestResources_UpdateSavedQuery_UpdateFailed","TestResources_UpdateSavedQuery_UpdateFailed"
"","2","removes the key when null is passed to the setter","useLocalStorage","Tue Jun 09 19:23:50 UTC 2026","passed","Tue Jun 09 19:23:50 UTC 2026","","setValue","",""
"Test cases for TestResources_DownloadCollectorByVersion","1","TestResources_DownloadCollectorByVersion","","Tue Jun 09 18:58:01 UTC 2026","passed","Tue Jun 09 18:58:01 UTC 2026","","Go Test","github.com/specterops/bloodhound/cmd/api/src/api/v2/TestResources_DownloadCollectorByVersion","TestResources_DownloadCollectorByVersion"
"Test cases for TestResources_GetIssuancePolicyEntityInfo","182","TestResources_GetIssuancePolicyEntityInfo","","Tue Jun 09 18:58:01 UTC 2026","passed","Tue Jun 09 18:58:01 UTC 2026","","Go Test","github.com/specterops/bloodhound/cmd/api/src/api/v2/TestResources_GetIssuancePolicyEntityInfo","TestResources_GetIssuancePolicyEntityInfo"
"","293","should not display generate/revoke api tokens button","User Actions Menu","Tue Jun 09 19:24:15 UTC 2026","passed","Tue Jun 09 19:24:15 UTC 2026","","Api Keys","",""
"","13","renders disabled prop when flag is not enabled","FeatureFlag","Tue Jun 09 19:25:42 UTC 2026","passed","Tue Jun 09 19:25:42 UTC 2026","","","",""
"","79","returns true when nodes are available","useGraphHasData","Tue Jun 09 19:26:13 UTC 2026","passed","Tue Jun 09 19:26:13 UTC 2026","","","",""
"","1","reads and parses an existing value from localStorage","useLocalStorage","Tue Jun 09 19:23:50 UTC 2026","passed","Tue Jun 09 19:23:50 UTC 2026","","initial value","",""
"Test cases for Test_filterAndFormatSearchResults_filterEnvironmentsEmpty","0","Test_filterAndFormatSearchResults_filterEnvironmentsEmpty","","Tue Jun 09 18:58:01 UTC 2026","passed","Tue Jun 09 18:58:01 UTC 2026","","Go Test","github.com/specterops/bloodhound/cmd/api/src/api/v2/Test_filterAndFormatSearchResults_filterEnvironmentsEmpty","Test_filterAndFormatSearchResults_filterEnvironmentsEmpty"
"","228","renders a graph view","GraphView","Tue Jun 09 19:27:14 UTC 2026","passed","Tue Jun 09 19:27:14 UTC 2026","","","",""
"","0","should return an object denoting that the property is not in the schema when it is unrecognized","validating a node property against the shared generated schema","Tue Jun 09 19:23:26 UTC 2026","passed","Tue Jun 09 19:23:26 UTC 2026","","","",""
"","96","renders enabled prop when flag is enabled","FeatureFlag","Tue Jun 09 19:25:41 UTC 2026","passed","Tue Jun 09 19:25:42 UTC 2026","","","",""
"Test cases for TestInt64SetValid","0","TestInt64SetValid","","Tue Jun 09 18:58:04 UTC 2026","passed","Tue Jun 09 18:58:04 UTC 2026","","Go Test","github.com/specterops/bloodhound/cmd/api/src/database/types/null/TestInt64SetValid","TestInt64SetValid"
"Test cases for TestResources_SearchAssetGroupTags","4","TestResources_SearchAssetGroupTags","","Tue Jun 09 18:58:01 UTC 2026","passed","Tue Jun 09 18:58:01 UTC 2026","","Go Test","github.com/specterops/bloodhound/cmd/api/src/api/v2/TestResources_SearchAssetGroupTags","TestResources_SearchAssetGroupTags"
"Test cases for TestBuildErrorResponseInternalServerError","0","TestBuildErrorResponseInternalServerError","","Tue Jun 09 18:57:50 UTC 2026","passed","Tue Jun 09 18:57:50 UTC 2026","","Go Test","github.com/specterops/bloodhound/cmd/api/src/api/TestBuildErrorResponseInternalServerError","TestBuildErrorResponseInternalServerError"
"","0","Input does not contain a type","Parsing the debounced input for type and keyword values","Tue Jun 09 19:25:03 UTC 2026","passed","Tue Jun 09 19:25:03 UTC 2026","","","",""
"","5791","calls onExploreMenuCollapse again when user reopens widget and runs another multi-node query","CypherSearch","Tue Jun 09 19:22:29 UTC 2026","passed","Tue Jun 09 19:22:35 UTC 2026","","Minimize explorer page elements when multiple nodes are returned","",""
"","374","sets a secondary=id and searchType=pathfinding when primary is truethy","ContextMenu","Tue Jun 09 19:23:12 UTC 2026","passed","Tue Jun 09 19:23:12 UTC 2026","","","",""
"","0","handles only escapable characters","escapeCypherString","Tue Jun 09 19:26:41 UTC 2026","passed","Tue Jun 09 19:26:41 UTC 2026","","","",""
"","3802","Kebab menu click causes the callback function to be called with the correct parameters","ExploreTable","Tue Jun 09 19:21:25 UTC 2026","passed","Tue Jun 09 19:21:29 UTC 2026","","","",""
"","302","opens the dropdown when the Columns button is clicked","ManageColumnsComboBox","Tue Jun 09 19:23:18 UTC 2026","passed","Tue Jun 09 19:23:19 UTC 2026","","","",""
"Test cases for TestResources_GetAZRelatedEntities","93","TestResources_GetAZRelatedEntities","","Tue Jun 09 18:58:01 UTC 2026","passed","Tue Jun 09 18:58:01 UTC 2026","","Go Test","github.com/specterops/bloodhound/cmd/api/src/api/v2/TestResources_GetAZRelatedEntities","TestResources_GetAZRelatedEntities"
"","820","renders a button that expands the filter section","AssetGroupEdit","Tue Jun 09 19:23:30 UTC 2026","passed","Tue Jun 09 19:23:31 UTC 2026","","","",""
"","433","has user filters","FileIngestFilterDialog","Tue Jun 09 19:23:03 UTC 2026","passed","Tue Jun 09 19:23:04 UTC 2026","","User Select","",""
"","69","renders Tier Zero text by default when no Zone Selector is available and on a Zone page","TagSelector","Tue Jun 09 19:24:53 UTC 2026","passed","Tue Jun 09 19:24:53 UTC 2026","","","",""
"Test cases for TestGenerateTOTPSecret","0","TestGenerateTOTPSecret","","Tue Jun 09 18:58:01 UTC 2026","passed","Tue Jun 09 18:58:01 UTC 2026","","Go Test","github.com/specterops/bloodhound/cmd/api/src/auth/TestGenerateTOTPSecret","TestGenerateTOTPSecret"
"","5264","search forces sections to expand when there is a match","Pathfinding","Tue Jun 09 19:22:40 UTC 2026","passed","Tue Jun 09 19:22:45 UTC 2026","","","",""
"","222","toggles sort order when clicking sortable header","RulesAccordion","Tue Jun 09 19:24:39 UTC 2026","passed","Tue Jun 09 19:24:39 UTC 2026","","","",""
"Test cases for TestFlatMap","0","TestFlatMap","","Tue Jun 09 18:58:18 UTC 2026","passed","Tue Jun 09 18:58:18 UTC 2026","","Go Test","github.com/specterops/bloodhound/packages/go/slicesext/TestFlatMap","TestFlatMap"
"","667","displays correct content based on platform filter AD","CommonSearches","Tue Jun 09 19:23:23 UTC 2026","passed","Tue Jun 09 19:23:23 UTC 2026","","","",""
"","1571","handles copying the name","CopyMenuItem","Tue Jun 09 19:26:44 UTC 2026","passed","Tue Jun 09 19:26:45 UTC 2026","","","",""
"Test cases for TestResources_DeleteSavedQuery_DBError","0","TestResources_DeleteSavedQuery_DBError","","Tue Jun 09 18:58:01 UTC 2026","passed","Tue Jun 09 18:58:01 UTC 2026","","Go Test","github.com/specterops/bloodhound/cmd/api/src/api/v2/TestResources_DeleteSavedQuery_DBError","TestResources_DeleteSavedQuery_DBError"
"Test cases for TestConvertAzureResourceGroupContributorToRels","0","TestConvertAzureResourceGroupContributorToRels","","Tue Jun 09 18:58:17 UTC 2026","passed","Tue Jun 09 18:58:17 UTC 2026","","Go Test","github.com/specterops/bloodhound/packages/go/ein/TestConvertAzureResourceGroupContributorToRels","TestConvertAzureResourceGroupContributorToRels"
"","2289","handles posting a mutation","DatabaseManagement","Tue Jun 09 19:27:19 UTC 2026","passed","Tue Jun 09 19:27:21 UTC 2026","","","",""
"","0","returns all collected environments when aggegation type is all","getEnvironmentAggregationIds","Tue Jun 09 19:21:37 UTC 2026","passed","Tue Jun 09 19:21:37 UTC 2026","","","",""
"","435","should display ""Configure Multi-Factor Authentication"" title","Enable2FADialog","Tue Jun 09 19:24:30 UTC 2026","passed","Tue Jun 09 19:24:30 UTC 2026","","","",""
"","302","The API key management option should appear in profile page if the user is configured for SAML login","UserProfile with SSO User","Tue Jun 09 19:23:43 UTC 2026","passed","Tue Jun 09 19:23:44 UTC 2026","","","",""
"","42","renders a preview version by default","PrivilegeZonesCypherEditor Search component for Zone Management","Tue Jun 09 19:25:38 UTC 2026","passed","Tue Jun 09 19:25:38 UTC 2026","","","",""
"","1","returns graphData as is if it doesnt match the GraphResponse interface","normalizeGraphDataForSigma","Tue Jun 09 19:27:59 UTC 2026","passed","Tue Jun 09 19:27:59 UTC 2026","","","",""
"","259","does not display a “Disable query timeout” checkbox when timeout limit param config is enabled true","ExploreSearch interaction","Tue Jun 09 19:27:29 UTC 2026","passed","Tue Jun 09 19:27:29 UTC 2026","","","",""
"Test cases for TestRequireAllEnvironmentAccessMiddleware","0","TestRequireAllEnvironmentAccessMiddleware","","Tue Jun 09 18:57:54 UTC 2026","passed","Tue Jun 09 18:57:54 UTC 2026","","Go Test","github.com/specterops/bloodhound/cmd/api/src/api/middleware/TestRequireAllEnvironmentAccessMiddleware","TestRequireAllEnvironmentAccessMiddleware"
"Test cases for TestResources_ListADGPOAffectedTierZero","0","TestResources_ListADGPOAffectedTierZero","","Tue Jun 09 18:58:01 UTC 2026","passed","Tue Jun 09 18:58:01 UTC 2026","","Go Test","github.com/specterops/bloodhound/cmd/api/src/api/v2/TestResources_ListADGPOAffectedTierZero","TestResources_ListADGPOAffectedTierZero"
"","0","should hide/expand search widget when user clicks minus/plus button","ExploreSearch rendering per tab","Tue Jun 09 19:28:06 UTC 2026","unknown","Tue Jun 09 19:28:06 UTC 2026","","","",""
"","134","renders the selected query in the cypher editor when editing a query that differs from the active cypher search","SaveQueryDialog","Tue Jun 09 19:21:15 UTC 2026","passed","Tue Jun 09 19:21:15 UTC 2026","","","",""
"","11","dismisses the ""no permission"" notification on unmount","useFinishedJobs","Tue Jun 09 19:24:02 UTC 2026","passed","Tue Jun 09 19:24:02 UTC 2026","","","",""
"","1","returns the same nodes from the graphData","getExploreTableData","Tue Jun 09 19:24:34 UTC 2026","passed","Tue Jun 09 19:24:34 UTC 2026","","","",""
"Test cases for TestIntScan","0","TestIntScan","","Tue Jun 09 18:58:04 UTC 2026","passed","Tue Jun 09 18:58:04 UTC 2026","","Go Test","github.com/specterops/bloodhound/cmd/api/src/database/types/null/TestIntScan","TestIntScan"
"Test cases for TestMarshalBoolText","0","TestMarshalBoolText","","Tue Jun 09 18:58:04 UTC 2026","passed","Tue Jun 09 18:58:04 UTC 2026","","Go Test","github.com/specterops/bloodhound/cmd/api/src/database/types/null/TestMarshalBoolText","TestMarshalBoolText"
"","68","sets autoDisplayTable to true if query returns nodes only, searchType = cypher, and and enabled is true","useExploreTableAutoDisplay","Tue Jun 09 19:25:38 UTC 2026","passed","Tue Jun 09 19:25:38 UTC 2026","","","",""
"","3287","when user performs a pathfinding search, the swap button is disabled until both the start and destination nodes are provided","Pathfinding: interaction","Tue Jun 09 19:23:55 UTC 2026","passed","Tue Jun 09 19:23:58 UTC 2026","","","",""
"","0","runs a pathfinding search when the query param is set to ""pathfinding""","useExploreGraph","Tue Jun 09 19:22:38 UTC 2026","passed","Tue Jun 09 19:22:38 UTC 2026","","exploreGraphQueryFactory","",""
"Test cases for TestManagementResource_CreateSAMLProviderMultipart","13","TestManagementResource_CreateSAMLProviderMultipart","","Tue Jun 09 18:58:36 UTC 2026","passed","Tue Jun 09 18:58:36 UTC 2026","","Go Test","github.com/specterops/bloodhound/cmd/api/src/api/v2/auth/TestManagementResource_CreateSAMLProviderMultipart","TestManagementResource_CreateSAMLProviderMultipart"
"","3","returns true if arrays are referentially equal","areArraysSimilar","Tue Jun 09 19:26:24 UTC 2026","passed","Tue Jun 09 19:26:24 UTC 2026","","","",""
"","294","closes the dropdown when clicking outside","ManageColumnsComboBox","Tue Jun 09 19:23:21 UTC 2026","passed","Tue Jun 09 19:23:21 UTC 2026","","","",""
"","660","should allow user to configure 2fa","Enable2FADialog","Tue Jun 09 19:24:31 UTC 2026","passed","Tue Jun 09 19:24:31 UTC 2026","","","",""
"Test cases for TestResources_UpdateSavedQuery_ErrorFetchingPublicStatus","0","TestResources_UpdateSavedQuery_ErrorFetchingPublicStatus","","Tue Jun 09 18:58:01 UTC 2026","passed","Tue Jun 09 18:58:01 UTC 2026","","Go Test","github.com/specterops/bloodhound/cmd/api/src/api/v2/TestResources_UpdateSavedQuery_ErrorFetchingPublicStatus","TestResources_UpdateSavedQuery_ErrorFetchingPublicStatus"
"","1","handles environment with impactValue of 0","filterAndSearchEnvironments","Tue Jun 09 19:21:37 UTC 2026","passed","Tue Jun 09 19:21:37 UTC 2026","","edge cases","",""
"","422","handles removing from a tier zero asset group","AssetGroupMenuItem","Tue Jun 09 19:27:14 UTC 2026","passed","Tue Jun 09 19:27:15 UTC 2026","","removing from an asset group","",""
"","1423","sets input text on date click","ManagedDatePicker - date validation","Tue Jun 09 19:24:23 UTC 2026","passed","Tue Jun 09 19:24:24 UTC 2026","","","",""
"Test cases for TestManagementResource_ListPermissions","0","TestManagementResource_ListPermissions","","Tue Jun 09 18:58:07 UTC 2026","passed","Tue Jun 09 18:58:07 UTC 2026","","Go Test","github.com/specterops/bloodhound/cmd/api/src/api/v2/auth/TestManagementResource_ListPermissions","TestManagementResource_ListPermissions"
"","53","the queries in the list only include nodes and edges that are defined in our schema","common search list","Tue Jun 09 19:26:22 UTC 2026","passed","Tue Jun 09 19:26:22 UTC 2026","","","",""
"Test cases for TestPermissionsCheckAtLeastOne","0","TestPermissionsCheckAtLeastOne","","Tue Jun 09 18:57:54 UTC 2026","passed","Tue Jun 09 18:57:54 UTC 2026","","Go Test","github.com/specterops/bloodhound/cmd/api/src/api/middleware/TestPermissionsCheckAtLeastOne","TestPermissionsCheckAtLeastOne"
"","119","Should display headers for member name and count","AssetGroupMemberList","Tue Jun 09 19:25:59 UTC 2026","passed","Tue Jun 09 19:25:59 UTC 2026","","","",""
"","184","renders with a title","BloodHoundConfiguration","Tue Jun 09 19:28:05 UTC 2026","passed","Tue Jun 09 19:28:05 UTC 2026","","","",""
"Test cases for TestManagementResource_UpdateUser_GetRolesError","1252","TestManagementResource_UpdateUser_GetRolesError","","Tue Jun 09 18:58:17 UTC 2026","passed","Tue Jun 09 18:58:18 UTC 2026","","Go Test","github.com/specterops/bloodhound/cmd/api/src/api/v2/auth/TestManagementResource_UpdateUser_GetRolesError","TestManagementResource_UpdateUser_GetRolesError"
"","102","displays the value from filterParams.node_type","AssetGroupEdit","Tue Jun 09 19:23:31 UTC 2026","passed","Tue Jun 09 19:23:31 UTC 2026","","Node Type dropdown filter","",""
"Test cases for TestRandomDurationBetween","16","TestRandomDurationBetween","","Tue Jun 09 18:58:02 UTC 2026","passed","Tue Jun 09 18:58:02 UTC 2026","","Go Test","github.com/specterops/bloodhound/cmd/api/src/daemons/datapipe/TestRandomDurationBetween","TestRandomDurationBetween"
"Test cases for TestStringScan","0","TestStringScan","","Tue Jun 09 18:58:04 UTC 2026","passed","Tue Jun 09 18:58:04 UTC 2026","","Go Test","github.com/specterops/bloodhound/cmd/api/src/database/types/null/TestStringScan","TestStringScan"
"","43","does not set input text if no value is given","ManagedDatePicker - value","Tue Jun 09 19:24:26 UTC 2026","passed","Tue Jun 09 19:24:26 UTC 2026","","","",""
"Test cases for TestGetADDataQualityStats_Failure","0","TestGetADDataQualityStats_Failure","","Tue Jun 09 18:58:01 UTC 2026","passed","Tue Jun 09 18:58:01 UTC 2026","","Go Test","github.com/specterops/bloodhound/cmd/api/src/api/v2/TestGetADDataQualityStats_Failure","TestGetADDataQualityStats_Failure"
"","17","throws when used outside of AnnouncementProvider","useAnnounce","Tue Jun 09 19:24:54 UTC 2026","passed","Tue Jun 09 19:24:54 UTC 2026","","","",""
"","561","triggers a file download when a download button is clicked","DownloadCollectors","Tue Jun 09 19:27:34 UTC 2026","passed","Tue Jun 09 19:27:35 UTC 2026","","","",""
"","265","should disable the create provider button and not display providers if the user lacks permission","SSOConfiguration","Tue Jun 09 19:23:26 UTC 2026","passed","Tue Jun 09 19:23:27 UTC 2026","","","",""
"","12","returns a date string only if passed a string with a matching key","Formatting strings via formatPrimive","Tue Jun 09 19:23:26 UTC 2026","passed","Tue Jun 09 19:23:26 UTC 2026","","","",""
"","38","upon selecting just a destination node, updates the URL with a searchType of 'node' and secondarySearch of the node's objectid","usePathfindingSearch","Tue Jun 09 19:24:10 UTC 2026","passed","Tue Jun 09 19:24:10 UTC 2026","","","",""
"","0","A type and keyword were provided but there were no results available","Getting the text for the disabled item display for a search when there are no results","Tue Jun 09 19:25:03 UTC 2026","passed","Tue Jun 09 19:25:03 UTC 2026","","Empty data states","",""
"Test cases for TestGetLatestQueryParameter_LatestMalformed","1","TestGetLatestQueryParameter_LatestMalformed","","Tue Jun 09 18:58:01 UTC 2026","passed","Tue Jun 09 18:58:01 UTC 2026","","Go Test","github.com/specterops/bloodhound/cmd/api/src/api/v2/TestGetLatestQueryParameter_LatestMalformed","TestGetLatestQueryParameter_LatestMalformed"
"Test cases for TestParseLimitQueryParameter","0","TestParseLimitQueryParameter","","Tue Jun 09 18:58:01 UTC 2026","passed","Tue Jun 09 18:58:01 UTC 2026","","Go Test","github.com/specterops/bloodhound/cmd/api/src/api/v2/TestParseLimitQueryParameter","TestParseLimitQueryParameter"
"","121","renders details for a selected zone","DynamicDetails","Tue Jun 09 19:23:48 UTC 2026","passed","Tue Jun 09 19:23:49 UTC 2026","","","",""
"","308","shows all checked boxes","GraphDataCheckboxes","Tue Jun 09 19:22:42 UTC 2026","passed","Tue Jun 09 19:22:42 UTC 2026","","","",""
"Test cases for TestGraphQuery_PrepareCypherQuery","60","TestGraphQuery_PrepareCypherQuery","","Tue Jun 09 18:58:06 UTC 2026","passed","Tue Jun 09 18:58:06 UTC 2026","","Go Test","github.com/specterops/bloodhound/cmd/api/src/queries/TestGraphQuery_PrepareCypherQuery","TestGraphQuery_PrepareCypherQuery"
"","143","disables the Columns button when the disabled prop is true","ManageColumnsComboBox","Tue Jun 09 19:23:18 UTC 2026","passed","Tue Jun 09 19:23:18 UTC 2026","","","",""
"","698","should fire Confirm once with true after typing challenge text","DeleteConfirmationDialog","Tue Jun 09 19:26:14 UTC 2026","passed","Tue Jun 09 19:26:15 UTC 2026","","","",""
"","385","should display filter dropwdowns","CommonSearches","Tue Jun 09 19:23:21 UTC 2026","passed","Tue Jun 09 19:23:21 UTC 2026","","","",""
"","4","shows the collection methods for the given job","toCollected","Tue Jun 09 19:26:20 UTC 2026","passed","Tue Jun 09 19:26:21 UTC 2026","","","",""
"","1","should be case-insensitive when matching by path","opsFilter","Tue Jun 09 19:25:43 UTC 2026","passed","Tue Jun 09 19:25:43 UTC 2026","","","",""
"","268","should display ""Disable Multi-Factor Authentication?"" title","Enable2FADialog","Tue Jun 09 19:25:16 UTC 2026","passed","Tue Jun 09 19:25:17 UTC 2026","","","",""
"","434","shows success notification after successful deletion","ActiveExtensionsCard","Tue Jun 09 19:21:46 UTC 2026","passed","Tue Jun 09 19:21:47 UTC 2026","","","",""
"Test cases for TestIngestJobs_ValidFilters","0","TestIngestJobs_ValidFilters","","Tue Jun 09 18:58:04 UTC 2026","passed","Tue Jun 09 18:58:04 UTC 2026","","Go Test","github.com/specterops/bloodhound/cmd/api/src/model/TestIngestJobs_ValidFilters","TestIngestJobs_ValidFilters"
"Test cases for TestUnmarshalTimeJSON","0","TestUnmarshalTimeJSON","","Tue Jun 09 18:58:04 UTC 2026","passed","Tue Jun 09 18:58:04 UTC 2026","","Go Test","github.com/specterops/bloodhound/cmd/api/src/database/types/null/TestUnmarshalTimeJSON","TestUnmarshalTimeJSON"
"","7","returns the remaining amount of zones available for creation","useTagLimits","Tue Jun 09 19:21:59 UTC 2026","passed","Tue Jun 09 19:21:59 UTC 2026","","","",""
"","849","should call onSave when save button is clicked","SaveQueryDialog","Tue Jun 09 19:21:13 UTC 2026","passed","Tue Jun 09 19:21:14 UTC 2026","","","",""
"","432","on clicking switch shows modal and when clicking cancel closes it and switch stays disabled","CitrixRDPConfiguration","Tue Jun 09 19:23:37 UTC 2026","passed","Tue Jun 09 19:23:38 UTC 2026","","Click on switch to enable","",""
"Test cases for TestResources_GetAssetGroupTags","0","TestResources_GetAssetGroupTags","","Tue Jun 09 18:58:01 UTC 2026","passed","Tue Jun 09 18:58:01 UTC 2026","","Go Test","github.com/specterops/bloodhound/cmd/api/src/api/v2/TestResources_GetAssetGroupTags","TestResources_GetAssetGroupTags"
"Test cases for TestResources_ListAssetGroups","3","TestResources_ListAssetGroups","","Tue Jun 09 18:58:01 UTC 2026","passed","Tue Jun 09 18:58:01 UTC 2026","","Go Test","github.com/specterops/bloodhound/cmd/api/src/api/v2/TestResources_ListAssetGroups","TestResources_ListAssetGroups"
"Test cases for TestResources_ListADComputerRDPUsers","0","TestResources_ListADComputerRDPUsers","","Tue Jun 09 18:58:01 UTC 2026","passed","Tue Jun 09 18:58:01 UTC 2026","","Go Test","github.com/specterops/bloodhound/cmd/api/src/api/v2/TestResources_ListADComputerRDPUsers","TestResources_ListADComputerRDPUsers"
"","1","calculates skip correctly for pageParam > 1","createHistoryParams","Tue Jun 09 19:25:49 UTC 2026","passed","Tue Jun 09 19:25:49 UTC 2026","","","",""
"Test cases for TestResources_DeleteAssetGroupTagSelector","0","TestResources_DeleteAssetGroupTagSelector","","Tue Jun 09 18:58:01 UTC 2026","passed","Tue Jun 09 18:58:01 UTC 2026","","Go Test","github.com/specterops/bloodhound/cmd/api/src/api/v2/TestResources_DeleteAssetGroupTagSelector","TestResources_DeleteAssetGroupTagSelector"
"Test cases for TestInt64From","0","TestInt64From","","Tue Jun 09 18:58:04 UTC 2026","passed","Tue Jun 09 18:58:04 UTC 2026","","Go Test","github.com/specterops/bloodhound/cmd/api/src/database/types/null/TestInt64From","TestInt64From"
"","213","shows a table with finished jobs","FileIngestTable","Tue Jun 09 19:22:17 UTC 2026","passed","Tue Jun 09 19:22:17 UTC 2026","","","",""
"Test cases for TestResources_GetAssetGroupTagMemberCountsByKind","3","TestResources_GetAssetGroupTagMemberCountsByKind","","Tue Jun 09 18:58:01 UTC 2026","passed","Tue Jun 09 18:58:01 UTC 2026","","Go Test","github.com/specterops/bloodhound/cmd/api/src/api/v2/TestResources_GetAssetGroupTagMemberCountsByKind","TestResources_GetAssetGroupTagMemberCountsByKind"
"Test cases for TestKeyEncoder_Key_Deterministic","1","TestKeyEncoder_Key_Deterministic","","Tue Jun 09 18:58:16 UTC 2026","passed","Tue Jun 09 18:58:16 UTC 2026","","Go Test","github.com/specterops/bloodhound/packages/go/analysis/post/TestKeyEncoder_Key_Deterministic","TestKeyEncoder_Key_Deterministic"
"","170","renders enabled Label, Rule and Object tabs","Selected Details Tabs","Tue Jun 09 19:23:57 UTC 2026","passed","Tue Jun 09 19:23:58 UTC 2026","","Selected Details Tabs - Params present","",""
"","547","clears applied filters when clicking the Clear button","Privilege Zones History Filter Dialog","Tue Jun 09 19:24:00 UTC 2026","passed","Tue Jun 09 19:24:01 UTC 2026","","","",""
"","303","should display correctly","ConfirmationDialog","Tue Jun 09 19:26:34 UTC 2026","passed","Tue Jun 09 19:26:35 UTC 2026","","","",""
"","548","On unsuccessful upload, notifies with an error and displays a retry button","SchemaUploadDialog","Tue Jun 09 19:22:53 UTC 2026","passed","Tue Jun 09 19:22:53 UTC 2026","","","",""
"Test cases for TestManagementResource_GetPermission","29155","TestManagementResource_GetPermission","","Tue Jun 09 18:58:07 UTC 2026","passed","Tue Jun 09 18:58:36 UTC 2026","","Go Test","github.com/specterops/bloodhound/cmd/api/src/api/v2/auth/TestManagementResource_GetPermission","TestManagementResource_GetPermission"
"Test cases for TestManagementResource_ListAuthTokens_SortingError","0","TestManagementResource_ListAuthTokens_SortingError","","Tue Jun 09 18:58:27 UTC 2026","passed","Tue Jun 09 18:58:27 UTC 2026","","Go Test","github.com/specterops/bloodhound/cmd/api/src/api/v2/auth/TestManagementResource_ListAuthTokens_SortingError","TestManagementResource_ListAuthTokens_SortingError"
"","518","renders icons as expected","DropdownSelector","Tue Jun 09 19:25:23 UTC 2026","passed","Tue Jun 09 19:25:23 UTC 2026","","","",""
"","3137","should render expand all and collapse all buttons","Pathfinding","Tue Jun 09 19:21:52 UTC 2026","passed","Tue Jun 09 19:21:56 UTC 2026","","","",""
"Test cases for TestUnmarshalNonIntegerNumberToInt64","0","TestUnmarshalNonIntegerNumberToInt64","","Tue Jun 09 18:58:04 UTC 2026","passed","Tue Jun 09 18:58:04 UTC 2026","","Go Test","github.com/specterops/bloodhound/cmd/api/src/database/types/null/TestUnmarshalNonIntegerNumberToInt64","TestUnmarshalNonIntegerNumberToInt64"
"","11","does not request finished jobs if lacking permission","useFinishedJobs","Tue Jun 09 19:24:02 UTC 2026","passed","Tue Jun 09 19:24:02 UTC 2026","","","",""
"Test cases for TestManagementResource_ListAuthTokens_InvalidFilterPredicate","0","TestManagementResource_ListAuthTokens_InvalidFilterPredicate","","Tue Jun 09 18:58:27 UTC 2026","passed","Tue Jun 09 18:58:27 UTC 2026","","Go Test","github.com/specterops/bloodhound/cmd/api/src/api/v2/auth/TestManagementResource_ListAuthTokens_InvalidFilterPredicate","TestManagementResource_ListAuthTokens_InvalidFilterPredicate"
"Test cases for TestParseVersion","0","TestParseVersion","","Tue Jun 09 18:58:13 UTC 2026","passed","Tue Jun 09 18:58:13 UTC 2026","","Go Test","github.com/specterops/bloodhound/cmd/api/src/version/TestParseVersion","TestParseVersion"
"","87","List Display Roles Hook is Loading","useListDisplayRoles","Tue Jun 09 19:23:05 UTC 2026","passed","Tue Jun 09 19:23:05 UTC 2026","","","",""
"Test cases for TestCacheEntryDigester_PoolStateReuse","0","TestCacheEntryDigester_PoolStateReuse","","Tue Jun 09 18:58:07 UTC 2026","passed","Tue Jun 09 18:58:07 UTC 2026","","Go Test","github.com/specterops/bloodhound/cmd/api/src/services/graphify/endpoint/TestCacheEntryDigester_PoolStateReuse","TestCacheEntryDigester_PoolStateReuse"
"","298","displays a Filters button","FileIngest","Tue Jun 09 19:25:54 UTC 2026","passed","Tue Jun 09 19:25:54 UTC 2026","","","",""
"","842","dispatches an action to add the associated node","Rule Object Select","Tue Jun 09 19:25:22 UTC 2026","passed","Tue Jun 09 19:25:23 UTC 2026","","","",""
"","1","handles both node_kinds and edge_kinds together","graphSchema","Tue Jun 09 19:26:14 UTC 2026","passed","Tue Jun 09 19:26:14 UTC 2026","","","",""
"Test cases for TestManagementResource_ListUsers_InvalidFilterPredicate","0","TestManagementResource_ListUsers_InvalidFilterPredicate","","Tue Jun 09 18:58:07 UTC 2026","passed","Tue Jun 09 18:58:07 UTC 2026","","Go Test","github.com/specterops/bloodhound/cmd/api/src/api/v2/auth/TestManagementResource_ListUsers_InvalidFilterPredicate","TestManagementResource_ListUsers_InvalidFilterPredicate"
"","60","passes checks if the user has multiple required permissions","usePermissions","Tue Jun 09 19:23:37 UTC 2026","passed","Tue Jun 09 19:23:37 UTC 2026","","","",""
"Test cases for TestManagementResource_SSOCallbackHandler","10","TestManagementResource_SSOCallbackHandler","","Tue Jun 09 18:58:36 UTC 2026","passed","Tue Jun 09 18:58:36 UTC 2026","","Go Test","github.com/specterops/bloodhound/cmd/api/src/api/v2/auth/TestManagementResource_SSOCallbackHandler","TestManagementResource_SSOCallbackHandler"
"","1046","renders the form for editing an existing rule","Rule Form","Tue Jun 09 19:21:32 UTC 2026","passed","Tue Jun 09 19:21:33 UTC 2026","","","",""
"","72","allows a consumer to swap the values of the two inputs and update the query params accordingly","usePathfindingSearch","Tue Jun 09 19:24:10 UTC 2026","passed","Tue Jun 09 19:24:10 UTC 2026","","","",""
"","334","renders analyze now section","AnalyzeNowConfiguration","Tue Jun 09 19:23:50 UTC 2026","passed","Tue Jun 09 19:23:51 UTC 2026","","","",""
"","193","does not show ""API Expiration Date"" column header when expiration is disabled","UserTokenManagementDialog - API Expiration Date column","Tue Jun 09 19:23:10 UTC 2026","passed","Tue Jun 09 19:23:10 UTC 2026","","","",""
"Test cases for TestResources_DeleteAssetGroup","1","TestResources_DeleteAssetGroup","","Tue Jun 09 18:58:01 UTC 2026","passed","Tue Jun 09 18:58:01 UTC 2026","","Go Test","github.com/specterops/bloodhound/cmd/api/src/api/v2/TestResources_DeleteAssetGroup","TestResources_DeleteAssetGroup"
"Test cases for TestAddWhereClauseToNeo4jQuery_NoWhereClause","0","TestAddWhereClauseToNeo4jQuery_NoWhereClause","","Tue Jun 09 18:58:01 UTC 2026","passed","Tue Jun 09 18:58:01 UTC 2026","","Go Test","github.com/specterops/bloodhound/cmd/api/src/api/v2/TestAddWhereClauseToNeo4jQuery_NoWhereClause","TestAddWhereClauseToNeo4jQuery_NoWhereClause"
"Test cases for TestGetOrderForNeo4jQuery","0","TestGetOrderForNeo4jQuery","","Tue Jun 09 18:58:11 UTC 2026","passed","Tue Jun 09 18:58:11 UTC 2026","","Go Test","github.com/specterops/bloodhound/cmd/api/src/utils/TestGetOrderForNeo4jQuery","TestGetOrderForNeo4jQuery"
"","0","reports an Object ID-specific error when editing a rule and ruleType is SeedTypeObjectId and seeds are required","handleError","Tue Jun 09 19:22:55 UTC 2026","passed","Tue Jun 09 19:22:55 UTC 2026","","","",""
"Test cases for Test_ParseGraphSortParameters_Success","0","Test_ParseGraphSortParameters_Success","","Tue Jun 09 18:57:50 UTC 2026","passed","Tue Jun 09 18:57:50 UTC 2026","","Go Test","github.com/specterops/bloodhound/cmd/api/src/api/Test_ParseGraphSortParameters_Success","Test_ParseGraphSortParameters_Success"
"Test cases for TestResources_GetEdgeComposition","111","TestResources_GetEdgeComposition","","Tue Jun 09 18:58:01 UTC 2026","passed","Tue Jun 09 18:58:01 UTC 2026","","Go Test","github.com/specterops/bloodhound/cmd/api/src/api/v2/TestResources_GetEdgeComposition","TestResources_GetEdgeComposition"
"","13","populates the cypher search field with the decoded query when the associated query params are set","useCypherSearch","Tue Jun 09 19:26:19 UTC 2026","passed","Tue Jun 09 19:26:19 UTC 2026","","","",""
"","563","should render an SavedQueryPermissions component","SavedQueryPermissions","Tue Jun 09 19:25:00 UTC 2026","passed","Tue Jun 09 19:25:01 UTC 2026","","","",""
"Test cases for TestIsValidEmail","0","TestIsValidEmail","","Tue Jun 09 18:58:11 UTC 2026","passed","Tue Jun 09 18:58:11 UTC 2026","","Go Test","github.com/specterops/bloodhound/cmd/api/src/utils/TestIsValidEmail","TestIsValidEmail"
"","187","navigates to previous history entry when warning dialog is cancelled","EarlyAccessFeatures","Tue Jun 09 19:27:42 UTC 2026","passed","Tue Jun 09 19:27:42 UTC 2026","","","",""
"","4402","edges are displayed in alphabetical order","Pathfinding","Tue Jun 09 19:22:48 UTC 2026","passed","Tue Jun 09 19:22:53 UTC 2026","","","",""
"","0","should handle an entity that has no name property","Evaluating the entity display name from a given entity","Tue Jun 09 19:23:26 UTC 2026","passed","Tue Jun 09 19:23:26 UTC 2026","","","",""
"","143","should display the logged in user's email address","UserProfile","Tue Jun 09 19:23:44 UTC 2026","passed","Tue Jun 09 19:23:44 UTC 2026","","","",""
"","12","should render a Field when the provided value is -0","Field","Tue Jun 09 19:26:11 UTC 2026","passed","Tue Jun 09 19:26:11 UTC 2026","","","",""
"","1074","clears input when dialog is closed and reopened","ActiveExtensionsCard","Tue Jun 09 19:21:45 UTC 2026","passed","Tue Jun 09 19:21:46 UTC 2026","","","",""
"Test cases for TestQueries_BuildEntityQueryParams_InvalidLimit","0","TestQueries_BuildEntityQueryParams_InvalidLimit","","Tue Jun 09 18:58:06 UTC 2026","passed","Tue Jun 09 18:58:06 UTC 2026","","Go Test","github.com/specterops/bloodhound/cmd/api/src/queries/TestQueries_BuildEntityQueryParams_InvalidLimit","TestQueries_BuildEntityQueryParams_InvalidLimit"
"","1","runs a cypher search when the query param is set to ""cypher""","useExploreGraph","Tue Jun 09 19:22:38 UTC 2026","passed","Tue Jun 09 19:22:38 UTC 2026","","exploreGraphQueryFactory","",""
"","310","eventually displays a list of early access features when warning dialog is accepted","EarlyAccessFeatures","Tue Jun 09 19:27:42 UTC 2026","passed","Tue Jun 09 19:27:43 UTC 2026","","","",""
"Test cases for TestResources_UpdateAssetGroupSelectors_SuccessT0","0","TestResources_UpdateAssetGroupSelectors_SuccessT0","","Tue Jun 09 18:58:01 UTC 2026","passed","Tue Jun 09 18:58:01 UTC 2026","","Go Test","github.com/specterops/bloodhound/cmd/api/src/api/v2/TestResources_UpdateAssetGroupSelectors_SuccessT0","TestResources_UpdateAssetGroupSelectors_SuccessT0"
"","288","should fire ""onClose"" once","UserTokenManagementDialog","Tue Jun 09 19:23:09 UTC 2026","passed","Tue Jun 09 19:23:09 UTC 2026","","when user clicks ""Close"" button","",""
"","2","stores a number value in localStorage","useLocalStorage","Tue Jun 09 19:23:50 UTC 2026","passed","Tue Jun 09 19:23:50 UTC 2026","","setValue","",""
"","1","should compute the midpoint of a line segment","bezier","Tue Jun 09 19:27:39 UTC 2026","passed","Tue Jun 09 19:27:39 UTC 2026","","","",""
"Test cases for TestService","0","TestService","","Tue Jun 09 18:58:06 UTC 2026","passed","Tue Jun 09 18:58:06 UTC 2026","","Go Test","github.com/specterops/bloodhound/cmd/api/src/services/dogtags/TestService","TestService"
"","1022","should render a create user form","CreateUserDialog","Tue Jun 09 19:22:05 UTC 2026","passed","Tue Jun 09 19:22:06 UTC 2026","","","",""
"","351","calls openOIDCProviderDialog when OIDC Provider menu item is clicked","CreateMenu","Tue Jun 09 19:23:32 UTC 2026","passed","Tue Jun 09 19:23:33 UTC 2026","","oidc_support feature flag enabled","",""
"","9","updates key in state","useObjectState","Tue Jun 09 19:26:00 UTC 2026","passed","Tue Jun 09 19:26:00 UTC 2026","","","",""
"Test cases for TestGetAzureDataQualityStats_Failure","0","TestGetAzureDataQualityStats_Failure","","Tue Jun 09 18:58:01 UTC 2026","passed","Tue Jun 09 18:58:01 UTC 2026","","Go Test","github.com/specterops/bloodhound/cmd/api/src/api/v2/TestGetAzureDataQualityStats_Failure","TestGetAzureDataQualityStats_Failure"
"Test cases for TestResources_GetDatabaseCompleteness","94","TestResources_GetDatabaseCompleteness","","Tue Jun 09 18:58:01 UTC 2026","passed","Tue Jun 09 18:58:01 UTC 2026","","Go Test","github.com/specterops/bloodhound/cmd/api/src/api/v2/TestResources_GetDatabaseCompleteness","TestResources_GetDatabaseCompleteness"
"","11","should not render if open === false","ConfirmUpdateQueryDialog","Tue Jun 09 19:26:23 UTC 2026","passed","Tue Jun 09 19:26:23 UTC 2026","","","",""
"","361","should display a searchbox with a placeholder when rendered","AssetGroupEdit","Tue Jun 09 19:24:58 UTC 2026","passed","Tue Jun 09 19:24:58 UTC 2026","","","",""
"","244","calls the onReset prop when the crop button is clicked","GraphControls","Tue Jun 09 19:21:29 UTC 2026","passed","Tue Jun 09 19:21:29 UTC 2026","","Resetting graph","",""
"","9","toggles a descending sort to ascending when sorting the same column","useSortParams","Tue Jun 09 19:25:06 UTC 2026","passed","Tue Jun 09 19:25:06 UTC 2026","","","",""
"","341","AZRole information panel will not display a section for PIM Assignments","EntityInfoContent","Tue Jun 09 19:24:22 UTC 2026","passed","Tue Jun 09 19:24:22 UTC 2026","","","",""
"","0","preserves unicode characters","escapeCypherString","Tue Jun 09 19:26:41 UTC 2026","passed","Tue Jun 09 19:26:41 UTC 2026","","","",""
"","117","when `selectedItem` is null, the combobox does not display an icon","icon rendering","Tue Jun 09 19:23:33 UTC 2026","passed","Tue Jun 09 19:23:33 UTC 2026","","","",""
"","183","should call ""onCancel one time""","Enable2FADialog","Tue Jun 09 19:25:17 UTC 2026","passed","Tue Jun 09 19:25:17 UTC 2026","","user clicks ""Cancel"" button","",""
"","762","filters by the selected status","FileIngestFilterDialog","Tue Jun 09 19:23:00 UTC 2026","passed","Tue Jun 09 19:23:01 UTC 2026","","Status Select","",""
"","228","handles creating a new label","Tag Form","Tue Jun 09 19:21:14 UTC 2026","passed","Tue Jun 09 19:21:14 UTC 2026","","","",""
"","9","should not render a Field when the provided value is []","Field","Tue Jun 09 19:26:11 UTC 2026","passed","Tue Jun 09 19:26:11 UTC 2026","","","",""
"Test cases for TestTimeValueOrZero","0","TestTimeValueOrZero","","Tue Jun 09 18:58:04 UTC 2026","passed","Tue Jun 09 18:58:04 UTC 2026","","Go Test","github.com/specterops/bloodhound/cmd/api/src/database/types/null/TestTimeValueOrZero","TestTimeValueOrZero"
"Test cases for TestResources_ListADEntityControllers","1","TestResources_ListADEntityControllers","","Tue Jun 09 18:58:01 UTC 2026","passed","Tue Jun 09 18:58:01 UTC 2026","","Go Test","github.com/specterops/bloodhound/cmd/api/src/api/v2/TestResources_ListADEntityControllers","TestResources_ListADEntityControllers"
"","1","EXTENDED ROUNDING with different thresholds","numberFormatting","Tue Jun 09 19:24:31 UTC 2026","passed","Tue Jun 09 19:24:31 UTC 2026","","","",""
"","136","renders Label as first tab and is also the initially selected on first render in Labels View/Tab","Selected Details Tabs","Tue Jun 09 19:23:57 UTC 2026","passed","Tue Jun 09 19:23:57 UTC 2026","","Selected Details Tabs - Params present","",""
"Test cases for TestConvertComputerToNode","0","TestConvertComputerToNode","","Tue Jun 09 18:58:17 UTC 2026","passed","Tue Jun 09 18:58:17 UTC 2026","","Go Test","github.com/specterops/bloodhound/packages/go/ein/TestConvertComputerToNode","TestConvertComputerToNode"
"Test cases for TestMap","0","TestMap","","Tue Jun 09 18:58:18 UTC 2026","passed","Tue Jun 09 18:58:18 UTC 2026","","Go Test","github.com/specterops/bloodhound/packages/go/slicesext/TestMap","TestMap"
"Test cases for TestTimeSetValid","0","TestTimeSetValid","","Tue Jun 09 18:58:04 UTC 2026","passed","Tue Jun 09 18:58:04 UTC 2026","","Go Test","github.com/specterops/bloodhound/cmd/api/src/database/types/null/TestTimeSetValid","TestTimeSetValid"
"","9","does not render when selector is default","Delete Selector Button rendering","Tue Jun 09 19:26:26 UTC 2026","passed","Tue Jun 09 19:26:26 UTC 2026","","","",""
"","205","calls onClose when user clicks cancel","PasswordDialog","Tue Jun 09 19:21:55 UTC 2026","passed","Tue Jun 09 19:21:55 UTC 2026","","","",""
"","139","renders correctly","NodeIcon","Tue Jun 09 19:26:05 UTC 2026","passed","Tue Jun 09 19:26:06 UTC 2026","","","",""
"","5120","closes explore search tab menu and clears selected item when a cypher query returns multiple nodes","CypherSearch","Tue Jun 09 19:22:11 UTC 2026","passed","Tue Jun 09 19:22:16 UTC 2026","","Minimize explorer page elements when multiple nodes are returned","",""
"","128","calls onSort when clicked with a tooltip","ColumnHeaders","Tue Jun 09 19:24:28 UTC 2026","passed","Tue Jun 09 19:24:28 UTC 2026","","SortableHeader with Tooltip","",""
"","346","renders an edit form for the selected asset group when a user has graph write permissions","GroupManagement","Tue Jun 09 19:27:43 UTC 2026","passed","Tue Jun 09 19:27:43 UTC 2026","","","",""
"","63","initializes with the given state","useObjectState","Tue Jun 09 19:26:00 UTC 2026","passed","Tue Jun 09 19:26:00 UTC 2026","","","",""
"","18","when password is expired and not on password reset page, redirects to password reset page","AuthenticatedRoute","Tue Jun 09 19:27:45 UTC 2026","passed","Tue Jun 09 19:27:45 UTC 2026","","","",""
"","5","returns paramValue if it is one of the expected values","useExploreParams","Tue Jun 09 19:26:53 UTC 2026","passed","Tue Jun 09 19:26:53 UTC 2026","","parseSearchType","",""
"Test cases for TestResources_GetBaseEntityInfo","161","TestResources_GetBaseEntityInfo","","Tue Jun 09 18:58:01 UTC 2026","passed","Tue Jun 09 18:58:01 UTC 2026","","Go Test","github.com/specterops/bloodhound/cmd/api/src/api/v2/TestResources_GetBaseEntityInfo","TestResources_GetBaseEntityInfo"
"Test cases for TestResources_ListADDomainForeignAdmins","4","TestResources_ListADDomainForeignAdmins","","Tue Jun 09 18:58:01 UTC 2026","passed","Tue Jun 09 18:58:01 UTC 2026","","Go Test","github.com/specterops/bloodhound/cmd/api/src/api/v2/TestResources_ListADDomainForeignAdmins","TestResources_ListADDomainForeignAdmins"
"","331","should display a ""Configure Multi-Factor Authentication"" modal","UserProfile","Tue Jun 09 19:23:45 UTC 2026","passed","Tue Jun 09 19:23:46 UTC 2026","","""Multi-Factor Authentication"" switch","",""
"","282","should render","SSOProviderTable","Tue Jun 09 19:25:17 UTC 2026","passed","Tue Jun 09 19:25:17 UTC 2026","","","",""
"TestGooseMigrationFilenamesUseCurrentVersionPrefix is utilized to ensure that all migration files are named accordingto the set naming convention.","1","TestGooseMigrationFilenamesUseCurrentVersionPrefix","","Tue Jun 09 18:58:04 UTC 2026","passed","Tue Jun 09 18:58:04 UTC 2026","","Go Test","github.com/specterops/bloodhound/cmd/api/src/database/migration/TestGooseMigrationFilenamesUseCurrentVersionPrefix","TestGooseMigrationFilenamesUseCurrentVersionPrefix"
"TestIsValidateGooseTimeStamp to validate different cases of this prefix requirement","0","TestIsValidateGooseTimeStamp","","Tue Jun 09 18:58:04 UTC 2026","passed","Tue Jun 09 18:58:04 UTC 2026","","Go Test","github.com/specterops/bloodhound/cmd/api/src/database/migration/TestIsValidateGooseTimeStamp","TestIsValidateGooseTimeStamp"
"Test cases for TestManagementResource_ServeMetadata","7","TestManagementResource_ServeMetadata","","Tue Jun 09 18:58:36 UTC 2026","passed","Tue Jun 09 18:58:36 UTC 2026","","Go Test","github.com/specterops/bloodhound/cmd/api/src/api/v2/auth/TestManagementResource_ServeMetadata","TestManagementResource_ServeMetadata"
"Test cases for TestUnmarshalInt64","0","TestUnmarshalInt64","","Tue Jun 09 18:58:04 UTC 2026","passed","Tue Jun 09 18:58:04 UTC 2026","","Go Test","github.com/specterops/bloodhound/cmd/api/src/database/types/null/TestUnmarshalInt64","TestUnmarshalInt64"
"","90","returns Tag Object counts when there is a Tag selected but no Rule selected (ruleId is undefined from path params)","useObjectCounts","Tue Jun 09 19:26:18 UTC 2026","passed","Tue Jun 09 19:26:18 UTC 2026","","","",""
"","112","should call onLoginViaSAML when login via sso button clicked","LoginForm","Tue Jun 09 19:26:06 UTC 2026","passed","Tue Jun 09 19:26:06 UTC 2026","","","",""
"Test cases for TestManagementResource_DeleteUser_UserBhCtxNotFound","0","TestManagementResource_DeleteUser_UserBhCtxNotFound","","Tue Jun 09 18:58:22 UTC 2026","passed","Tue Jun 09 18:58:22 UTC 2026","","Go Test","github.com/specterops/bloodhound/cmd/api/src/api/v2/auth/TestManagementResource_DeleteUser_UserBhCtxNotFound","TestManagementResource_DeleteUser_UserBhCtxNotFound"
"Test cases for TestResources_ListKinds","77","TestResources_ListKinds","","Tue Jun 09 18:58:01 UTC 2026","passed","Tue Jun 09 18:58:01 UTC 2026","","Go Test","github.com/specterops/bloodhound/cmd/api/src/api/v2/TestResources_ListKinds","TestResources_ListKinds"
"","2","Edge is created with correct structure including points array","copySigmaEdgesToGraphlibGraph","Tue Jun 09 19:27:46 UTC 2026","passed","Tue Jun 09 19:27:46 UTC 2026","","","",""
"","1","combines all filter types","filterAndSearchEnvironments","Tue Jun 09 19:21:37 UTC 2026","passed","Tue Jun 09 19:21:37 UTC 2026","","combined filters","",""
"","98","should display locally formatted numbers if they are larger than 999","LoadContainer","Tue Jun 09 19:26:56 UTC 2026","passed","Tue Jun 09 19:26:56 UTC 2026","","","",""
"","142","buttons are disabled while loading","PasswordResetForm","Tue Jun 09 19:24:15 UTC 2026","passed","Tue Jun 09 19:24:15 UTC 2026","","","",""
"Test cases for TestResources_GetSearchResult_ETAC","28","TestResources_GetSearchResult_ETAC","","Tue Jun 09 18:58:01 UTC 2026","passed","Tue Jun 09 18:58:01 UTC 2026","","Go Test","github.com/specterops/bloodhound/cmd/api/src/api/v2/TestResources_GetSearchResult_ETAC","TestResources_GetSearchResult_ETAC"
"","2076","should display search results when the user enters text","AssetGroupEdit","Tue Jun 09 19:24:58 UTC 2026","passed","Tue Jun 09 19:25:00 UTC 2026","","","",""
"","1","should include a tag with only the matching operations when the path matches","opsFilter","Tue Jun 09 19:25:43 UTC 2026","passed","Tue Jun 09 19:25:43 UTC 2026","","","",""
"Test cases for TestManagementResource_GetRole","29151","TestManagementResource_GetRole","","Tue Jun 09 18:58:07 UTC 2026","passed","Tue Jun 09 18:58:36 UTC 2026","","Go Test","github.com/specterops/bloodhound/cmd/api/src/api/v2/auth/TestManagementResource_GetRole","TestManagementResource_GetRole"
"","588","displays a Upload Files button","FileIngest","Tue Jun 09 19:25:54 UTC 2026","passed","Tue Jun 09 19:25:54 UTC 2026","","","",""
"Test cases for TestStringValueOrZero","0","TestStringValueOrZero","","Tue Jun 09 18:58:04 UTC 2026","passed","Tue Jun 09 18:58:04 UTC 2026","","Go Test","github.com/specterops/bloodhound/cmd/api/src/database/types/null/TestStringValueOrZero","TestStringValueOrZero"
"","64","excludes API edges that are associated with one of our built-in schema types","useEdgeCategories","Tue Jun 09 19:23:37 UTC 2026","passed","Tue Jun 09 19:23:37 UTC 2026","","","",""
"","138","buttons are disabled while loading","OneTimePasscodeForm","Tue Jun 09 19:25:56 UTC 2026","passed","Tue Jun 09 19:25:57 UTC 2026","","","",""
"Test cases for TestWriteErrorResponse_V2","0","TestWriteErrorResponse_V2","","Tue Jun 09 18:57:50 UTC 2026","passed","Tue Jun 09 18:57:50 UTC 2026","","Go Test","github.com/specterops/bloodhound/cmd/api/src/api/TestWriteErrorResponse_V2","TestWriteErrorResponse_V2"
"","459","should call ""onSave"" one time","Enable2FADialog","Tue Jun 09 19:25:17 UTC 2026","passed","Tue Jun 09 19:25:18 UTC 2026","user clicks ""Disable Multi-Factor Authentication"" button","user enters valid password","",""
"Test cases for TestUpdateAssetGroupRequest_AuditData","0","TestUpdateAssetGroupRequest_AuditData","","Tue Jun 09 18:58:01 UTC 2026","passed","Tue Jun 09 18:58:01 UTC 2026","","Go Test","github.com/specterops/bloodhound/cmd/api/src/api/v2/TestUpdateAssetGroupRequest_AuditData","TestUpdateAssetGroupRequest_AuditData"
"Test cases for TestUrlValidator","0","TestUrlValidator","","Tue Jun 09 18:58:12 UTC 2026","passed","Tue Jun 09 18:58:12 UTC 2026","","Go Test","github.com/specterops/bloodhound/cmd/api/src/utils/validation/TestUrlValidator","TestUrlValidator"
"Test cases for TestGetMFAActivationStatus_Success","0","TestGetMFAActivationStatus_Success","","Tue Jun 09 18:58:35 UTC 2026","passed","Tue Jun 09 18:58:35 UTC 2026","","Go Test","github.com/specterops/bloodhound/cmd/api/src/api/v2/auth/TestGetMFAActivationStatus_Success","TestGetMFAActivationStatus_Success"
"","0","returns false if arrays have different elements","areArraysSimilar","Tue Jun 09 19:26:24 UTC 2026","passed","Tue Jun 09 19:26:24 UTC 2026","","","",""
"","347","should call onClose when the Close button is clicked","UpsertSAMLProviderForm","Tue Jun 09 19:25:33 UTC 2026","passed","Tue Jun 09 19:25:33 UTC 2026","","","",""
"Test cases for TestParseAGMembersFromNodes_","0","TestParseAGMembersFromNodes_","","Tue Jun 09 18:58:01 UTC 2026","passed","Tue Jun 09 18:58:01 UTC 2026","","Go Test","github.com/specterops/bloodhound/cmd/api/src/api/v2/TestParseAGMembersFromNodes_","TestParseAGMembersFromNodes_"
"Test cases for TestAssetGroupMembers_BuildFilteringConditional_Error","0","TestAssetGroupMembers_BuildFilteringConditional_Error","","Tue Jun 09 18:57:49 UTC 2026","passed","Tue Jun 09 18:57:49 UTC 2026","","Go Test","github.com/specterops/bloodhound/cmd/api/src/api/TestAssetGroupMembers_BuildFilteringConditional_Error","TestAssetGroupMembers_BuildFilteringConditional_Error"
"","26","fetches more data when scrolling within the default bottom threshold","useInfiniteScroll","Tue Jun 09 19:25:10 UTC 2026","passed","Tue Jun 09 19:25:10 UTC 2026","","","",""
"","1","returns name uniqueness message for ""name must be unique""","getErrorMessage","Tue Jun 09 19:22:55 UTC 2026","passed","Tue Jun 09 19:22:55 UTC 2026","","","",""
"","13","dedupes edges before adding them to the graph","Explore utils","Tue Jun 09 19:27:36 UTC 2026","passed","Tue Jun 09 19:27:36 UTC 2026","","initGraph","",""
"","727","app does not crash if ""token"" cookie exists and ""persistedState"" localstorage key does not exist","redux store","Tue Jun 09 19:27:53 UTC 2026","passed","Tue Jun 09 19:27:54 UTC 2026","","","",""
"","230","allows a user to upload a single file and displays its name in the dialog","SchemaUploadDialog","Tue Jun 09 19:22:51 UTC 2026","passed","Tue Jun 09 19:22:51 UTC 2026","","","",""
"","77","initializes the categories with just the built-in defaults when edge endpoint returns nothing","useEdgeCategories","Tue Jun 09 19:23:37 UTC 2026","passed","Tue Jun 09 19:23:37 UTC 2026","","","",""
"","11","returns azure environmentInfo when environmentAggregation param is azure","useAvailableEnvironments","Tue Jun 09 19:24:07 UTC 2026","passed","Tue Jun 09 19:24:07 UTC 2026","","useSelectedEnvironment","",""
"","0","should return false when there is no match","compareTerm","Tue Jun 09 19:25:43 UTC 2026","passed","Tue Jun 09 19:25:43 UTC 2026","","","",""
"","2183","reverts to the default unselected state when the user de-selects the currently selected graph layout","GraphView","Tue Jun 09 19:27:23 UTC 2026","passed","Tue Jun 09 19:27:25 UTC 2026","","Layout selection and de-selection","",""
"Test cases for TestWriteBasicResponse","0","TestWriteBasicResponse","","Tue Jun 09 18:57:50 UTC 2026","passed","Tue Jun 09 18:57:50 UTC 2026","","Go Test","github.com/specterops/bloodhound/cmd/api/src/api/TestWriteBasicResponse","TestWriteBasicResponse"
"","95","has a button with text Clear Filters","AssetGroupEdit","Tue Jun 09 19:23:33 UTC 2026","passed","Tue Jun 09 19:23:33 UTC 2026","","Clear Filters button","",""
"","2253","should allow user to create new SAML provder and then display it in the table","SSOConfiguration","Tue Jun 09 19:23:24 UTC 2026","passed","Tue Jun 09 19:23:26 UTC 2026","","","",""
"","0","returns undefined if graphData is undefined or not a GraphResponse","getExploreTableData","Tue Jun 09 19:24:34 UTC 2026","passed","Tue Jun 09 19:24:34 UTC 2026","","","",""
"","1421","should display all available SSO providers","UpdateUserDialog","Tue Jun 09 19:22:31 UTC 2026","passed","Tue Jun 09 19:22:32 UTC 2026","","","",""
"Test cases for TestBoolIsZero","0","TestBoolIsZero","","Tue Jun 09 18:58:04 UTC 2026","passed","Tue Jun 09 18:58:04 UTC 2026","","Go Test","github.com/specterops/bloodhound/cmd/api/src/database/types/null/TestBoolIsZero","TestBoolIsZero"
"","113","should on clicking collapse all remove expandedPanelSections param from url and set isObjectInfoPanelOpen in context to false","EntityInfoHeader","Tue Jun 09 19:25:02 UTC 2026","passed","Tue Jun 09 19:25:02 UTC 2026","","","",""
"Test cases for TestDatabase_checkError_OtherError","0","TestDatabase_checkError_OtherError","","Tue Jun 09 18:58:04 UTC 2026","passed","Tue Jun 09 18:58:04 UTC 2026","","Go Test","github.com/specterops/bloodhound/cmd/api/src/database/TestDatabase_checkError_OtherError","TestDatabase_checkError_OtherError"
"","504","should not call onSave when Save button is clicked and form input is invalid","CreateUserDialog","Tue Jun 09 19:22:06 UTC 2026","passed","Tue Jun 09 19:22:07 UTC 2026","","","",""
"","67","should have a .z-nav class","MainNav","Tue Jun 09 19:23:50 UTC 2026","passed","Tue Jun 09 19:23:50 UTC 2026","","","",""
"Test cases for TestManagementResource_ListAuthTokens_InvalidColumn","0","TestManagementResource_ListAuthTokens_InvalidColumn","","Tue Jun 09 18:58:27 UTC 2026","passed","Tue Jun 09 18:58:27 UTC 2026","","Go Test","github.com/specterops/bloodhound/cmd/api/src/api/v2/auth/TestManagementResource_ListAuthTokens_InvalidColumn","TestManagementResource_ListAuthTokens_InvalidColumn"
"Test cases for TestIsValidClientVersion","0","TestIsValidClientVersion","","Tue Jun 09 18:58:11 UTC 2026","passed","Tue Jun 09 18:58:11 UTC 2026","","Go Test","github.com/specterops/bloodhound/cmd/api/src/utils/TestIsValidClientVersion","TestIsValidClientVersion"
"","159","links to the specified route with global params intact","AppLink","Tue Jun 09 19:24:54 UTC 2026","passed","Tue Jun 09 19:24:54 UTC 2026","","","",""
"","118","initializes search tab to node search if the exploreSearchTab is not a supported tab name on first render","ExploreSearch sets searchType on tab changing","Tue Jun 09 19:27:25 UTC 2026","passed","Tue Jun 09 19:27:25 UTC 2026","","","",""
"","142","renders the Zone/Labels Tab content when first tab is chosen","Selected Details Tab Content","Tue Jun 09 19:25:56 UTC 2026","passed","Tue Jun 09 19:25:56 UTC 2026","","","",""
"Test cases for TestResources_PreviewSelectors","0","TestResources_PreviewSelectors","","Tue Jun 09 18:58:01 UTC 2026","passed","Tue Jun 09 18:58:01 UTC 2026","","Go Test","github.com/specterops/bloodhound/cmd/api/src/api/v2/TestResources_PreviewSelectors","TestResources_PreviewSelectors"
"","8","does not return when zone limit is not reached","useTagLimits","Tue Jun 09 19:21:59 UTC 2026","passed","Tue Jun 09 19:21:59 UTC 2026","","","",""
"","255","filters unselected columns when typing in the filter input","ManageColumnsComboBox","Tue Jun 09 19:23:20 UTC 2026","passed","Tue Jun 09 19:23:21 UTC 2026","","","",""
"","500","should not call onSave when Save button is clicked and form input is invalid","UpdateUserDialog","Tue Jun 09 19:22:29 UTC 2026","passed","Tue Jun 09 19:22:29 UTC 2026","","","",""
"","248","handles close event","ImportQueryDialog","Tue Jun 09 19:26:40 UTC 2026","passed","Tue Jun 09 19:26:40 UTC 2026","","","",""
"Test cases for TestResources_GetComputerEntityInfo","1","TestResources_GetComputerEntityInfo","","Tue Jun 09 18:58:01 UTC 2026","passed","Tue Jun 09 18:58:01 UTC 2026","","Go Test","github.com/specterops/bloodhound/cmd/api/src/api/v2/TestResources_GetComputerEntityInfo","TestResources_GetComputerEntityInfo"
"","37","tag members refetches on sort change","the useAssetGroupTags utilities","Tue Jun 09 19:23:15 UTC 2026","passed","Tue Jun 09 19:23:15 UTC 2026","","","",""
"Test cases for TestWriteResultJson","0","TestWriteResultJson","","Tue Jun 09 18:58:11 UTC 2026","passed","Tue Jun 09 18:58:11 UTC 2026","","Go Test","github.com/specterops/bloodhound/cmd/api/src/utils/TestWriteResultJson","TestWriteResultJson"
"","220","calls onChange with initial default columns when ""Reset Default"" is clicked","ManageColumnsComboBox","Tue Jun 09 19:23:20 UTC 2026","passed","Tue Jun 09 19:23:20 UTC 2026","","","",""
"","63","invalidates the extensions query key when upload succeeds","useSchemaUploadHandlers","Tue Jun 09 19:26:36 UTC 2026","passed","Tue Jun 09 19:26:36 UTC 2026","","","",""
"Test cases for TestGetSkipParamForGraphQuery","0","TestGetSkipParamForGraphQuery","","Tue Jun 09 18:58:11 UTC 2026","passed","Tue Jun 09 18:58:11 UTC 2026","","Go Test","github.com/specterops/bloodhound/cmd/api/src/utils/TestGetSkipParamForGraphQuery","TestGetSkipParamForGraphQuery"
"Test cases for TestResources_ListAuditLogs_InvalidPredicate","0","TestResources_ListAuditLogs_InvalidPredicate","","Tue Jun 09 18:58:01 UTC 2026","passed","Tue Jun 09 18:58:01 UTC 2026","","Go Test","github.com/specterops/bloodhound/cmd/api/src/api/v2/TestResources_ListAuditLogs_InvalidPredicate","TestResources_ListAuditLogs_InvalidPredicate"
"Test cases for TestResources_PatchDomain","0","TestResources_PatchDomain","","Tue Jun 09 18:58:01 UTC 2026","passed","Tue Jun 09 18:58:01 UTC 2026","","Go Test","github.com/specterops/bloodhound/cmd/api/src/api/v2/TestResources_PatchDomain","TestResources_PatchDomain"
"","242","toggles sort order when clicking sortable header","ObjectsAccordion","Tue Jun 09 19:24:41 UTC 2026","passed","Tue Jun 09 19:24:41 UTC 2026","","","",""
"Test cases for TestArgon2Digest_String","0","TestArgon2Digest_String","","Tue Jun 09 18:58:17 UTC 2026","passed","Tue Jun 09 18:58:17 UTC 2026","","Go Test","github.com/specterops/bloodhound/packages/go/crypto/TestArgon2Digest_String","TestArgon2Digest_String"
"","1","returns a function that takes a key found in updatedParams and updates the searchParams with that matching value from updatedParams","searchParams","Tue Jun 09 19:25:11 UTC 2026","passed","Tue Jun 09 19:25:11 UTC 2026","","setSingleParamFactory","",""
"","0","Will ignore colons after the first and use them as part of the keyword search","Parsing the debounced input for type and keyword values","Tue Jun 09 19:25:03 UTC 2026","passed","Tue Jun 09 19:25:03 UTC 2026","","","",""
"","369","should eventually display list of tokens","UserTokenManagementDialog","Tue Jun 09 19:23:08 UTC 2026","passed","Tue Jun 09 19:23:09 UTC 2026","","","",""
"Test cases for TestDeduplicateKinds","0","TestDeduplicateKinds","","Tue Jun 09 18:58:07 UTC 2026","passed","Tue Jun 09 18:58:07 UTC 2026","","Go Test","github.com/specterops/bloodhound/cmd/api/src/services/graphify/TestDeduplicateKinds","TestDeduplicateKinds"
"Test cases for TestContextMiddlewareBypassEnabled","0","TestContextMiddlewareBypassEnabled","","Tue Jun 09 18:57:54 UTC 2026","passed","Tue Jun 09 18:57:54 UTC 2026","","Go Test","github.com/specterops/bloodhound/cmd/api/src/api/middleware/TestContextMiddlewareBypassEnabled","TestContextMiddlewareBypassEnabled"
"Test cases for TestResources_ListTrustedCAs","2","TestResources_ListTrustedCAs","","Tue Jun 09 18:58:01 UTC 2026","passed","Tue Jun 09 18:58:01 UTC 2026","","Go Test","github.com/specterops/bloodhound/cmd/api/src/api/v2/TestResources_ListTrustedCAs","TestResources_ListTrustedCAs"
"Test cases for TestActivateMFA_Success","709","TestActivateMFA_Success","","Tue Jun 09 18:58:35 UTC 2026","passed","Tue Jun 09 18:58:36 UTC 2026","","Go Test","github.com/specterops/bloodhound/cmd/api/src/api/v2/auth/TestActivateMFA_Success","TestActivateMFA_Success"
"Test cases for TestResources_ListADDomainContainedGPOs","1","TestResources_ListADDomainContainedGPOs","","Tue Jun 09 18:58:01 UTC 2026","passed","Tue Jun 09 18:58:01 UTC 2026","","Go Test","github.com/specterops/bloodhound/cmd/api/src/api/v2/TestResources_ListADDomainContainedGPOs","TestResources_ListADDomainContainedGPOs"
"Test cases for Test_filterAndFormatSearchResults_filterEnvironmentsOG","0","Test_filterAndFormatSearchResults_filterEnvironmentsOG","","Tue Jun 09 18:58:01 UTC 2026","passed","Tue Jun 09 18:58:01 UTC 2026","","Go Test","github.com/specterops/bloodhound/cmd/api/src/api/v2/Test_filterAndFormatSearchResults_filterEnvironmentsOG","Test_filterAndFormatSearchResults_filterEnvironmentsOG"
"","171","a timeout response from the server is handled","ExploreSearchCombobox with search timeout","Tue Jun 09 19:23:33 UTC 2026","passed","Tue Jun 09 19:23:33 UTC 2026","","","",""
"","18","displays CaretDown icon when the sortOrder is desc","ColumnHeaders","Tue Jun 09 19:24:27 UTC 2026","passed","Tue Jun 09 19:24:27 UTC 2026","","SortableHeader","",""
"","431","toggles a nested graph data option off","GraphDataCheckboxes","Tue Jun 09 19:22:44 UTC 2026","passed","Tue Jun 09 19:22:44 UTC 2026","","","",""
"","49","upon selecting a source and destination node, updates the URL with a searchType of 'pathfinding' and the object ids for the source and destination nodes","usePathfindingSearch","Tue Jun 09 19:24:10 UTC 2026","passed","Tue Jun 09 19:24:10 UTC 2026","","","",""
"Test cases for Test_filterAndFormatSearchResults_includeOpenGraphNodes","0","Test_filterAndFormatSearchResults_includeOpenGraphNodes","","Tue Jun 09 18:58:01 UTC 2026","passed","Tue Jun 09 18:58:01 UTC 2026","","Go Test","github.com/specterops/bloodhound/cmd/api/src/api/v2/Test_filterAndFormatSearchResults_includeOpenGraphNodes","Test_filterAndFormatSearchResults_includeOpenGraphNodes"
"","53","Calls the cypher search endpoint for a node with a type that is not in our schema","EntityObjectInformation","Tue Jun 09 19:24:22 UTC 2026","passed","Tue Jun 09 19:24:22 UTC 2026","","","",""
"TestManifest_AddMigration tests that migrations are added to the correct locationwithin the migration map and in the correct order.","2","TestManifest_AddMigration","","Tue Jun 09 18:58:04 UTC 2026","passed","Tue Jun 09 18:58:04 UTC 2026","","Go Test","github.com/specterops/bloodhound/cmd/api/src/database/migration/TestManifest_AddMigration","TestManifest_AddMigration"
"","1","returns undefined for headers when db config timeout limit setting is enabled and state of is disable query limit is true","useExploreGraph","Tue Jun 09 19:22:38 UTC 2026","passed","Tue Jun 09 19:22:38 UTC 2026","userSettings","exploreGraphQueryFactory","",""
"","2","does not fetch more data while a page is already fetching","useInfiniteScroll","Tue Jun 09 19:25:10 UTC 2026","passed","Tue Jun 09 19:25:10 UTC 2026","","","",""
"Test cases for Test_cacheQueryResult","0","Test_cacheQueryResult","","Tue Jun 09 18:58:06 UTC 2026","passed","Tue Jun 09 18:58:06 UTC 2026","","Go Test","github.com/specterops/bloodhound/cmd/api/src/queries/Test_cacheQueryResult","Test_cacheQueryResult"
"TestMigrator_GenerateManifest tests the full integrity of a Manifest generatedfrom 3 different Source's:1) Correct number of total migrations detected.2) Correct number of versions detected.3) The VersionTable has all versions, in order.4) All versions have the correct number of migrations.5) Schema files generate v0.0.0 migrations.6) Migrations are ordered within each version, in the order the Source was defined.","0","TestMigrator_GenerateManifest","","Tue Jun 09 18:58:04 UTC 2026","passed","Tue Jun 09 18:58:04 UTC 2026","","Go Test","github.com/specterops/bloodhound/cmd/api/src/database/migration/TestMigrator_GenerateManifest","TestMigrator_GenerateManifest"
"","855","renders a button and a menu","CreateMenu","Tue Jun 09 19:23:31 UTC 2026","passed","Tue Jun 09 19:23:32 UTC 2026","","oidc_support feature flag enabled","",""
"Test cases for TestManagementResource_ListAuthTokens_NonAdmin","0","TestManagementResource_ListAuthTokens_NonAdmin","","Tue Jun 09 18:58:27 UTC 2026","passed","Tue Jun 09 18:58:27 UTC 2026","","Go Test","github.com/specterops/bloodhound/cmd/api/src/api/v2/auth/TestManagementResource_ListAuthTokens_NonAdmin","TestManagementResource_ListAuthTokens_NonAdmin"
"Test cases for TestSignRequestSuccess","2","TestSignRequestSuccess","","Tue Jun 09 18:57:50 UTC 2026","passed","Tue Jun 09 18:57:50 UTC 2026","","Go Test","github.com/specterops/bloodhound/cmd/api/src/api/TestSignRequestSuccess","TestSignRequestSuccess"
"Test cases for TestMap","0","TestMap","","Tue Jun 09 18:58:18 UTC 2026","passed","Tue Jun 09 18:58:18 UTC 2026","","Go Test","github.com/specterops/bloodhound/packages/go/lab/internal/TestMap","TestMap"
"Test cases for TestConvertAzureSubscriptionContributorToRels","0","TestConvertAzureSubscriptionContributorToRels","","Tue Jun 09 18:58:17 UTC 2026","passed","Tue Jun 09 18:58:17 UTC 2026","","Go Test","github.com/specterops/bloodhound/packages/go/ein/TestConvertAzureSubscriptionContributorToRels","TestConvertAzureSubscriptionContributorToRels"
"Test cases for TestResources_EndIngestJob","88","TestResources_EndIngestJob","","Tue Jun 09 18:58:01 UTC 2026","passed","Tue Jun 09 18:58:01 UTC 2026","","Go Test","github.com/specterops/bloodhound/cmd/api/src/api/v2/TestResources_EndIngestJob","TestResources_EndIngestJob"
"","16","does not render highlight for non-active tag","SelectedHighlight","Tue Jun 09 19:25:51 UTC 2026","passed","Tue Jun 09 19:25:51 UTC 2026","","","",""
"Test cases for TestResources_DownloadCollectorChecksumByVersion","4","TestResources_DownloadCollectorChecksumByVersion","","Tue Jun 09 18:58:01 UTC 2026","passed","Tue Jun 09 18:58:01 UTC 2026","","Go Test","github.com/specterops/bloodhound/cmd/api/src/api/v2/TestResources_DownloadCollectorChecksumByVersion","TestResources_DownloadCollectorChecksumByVersion"
"","1128","calls the passed in select handler when clicking the Confirm button","Glyph Select Dialog","Tue Jun 09 19:26:23 UTC 2026","passed","Tue Jun 09 19:26:25 UTC 2026","","","",""
"Test cases for TestArgon2_ParseDigest","0","TestArgon2_ParseDigest","","Tue Jun 09 18:58:17 UTC 2026","passed","Tue Jun 09 18:58:17 UTC 2026","","Go Test","github.com/specterops/bloodhound/packages/go/crypto/TestArgon2_ParseDigest","TestArgon2_ParseDigest"
"Test cases for Test_ConvertAzureRoleManagementPolicyAssignment","0","Test_ConvertAzureRoleManagementPolicyAssignment","","Tue Jun 09 18:58:17 UTC 2026","passed","Tue Jun 09 18:58:17 UTC 2026","","Go Test","github.com/specterops/bloodhound/packages/go/ein/Test_ConvertAzureRoleManagementPolicyAssignment","Test_ConvertAzureRoleManagementPolicyAssignment"
"Test cases for TestManagementResource_SAMLCallbackHandler","15","TestManagementResource_SAMLCallbackHandler","","Tue Jun 09 18:58:36 UTC 2026","passed","Tue Jun 09 18:58:36 UTC 2026","","Go Test","github.com/specterops/bloodhound/cmd/api/src/api/v2/auth/TestManagementResource_SAMLCallbackHandler","TestManagementResource_SAMLCallbackHandler"
"","1229","opens a submenu when user hovers over `Copy`","ContextMenu","Tue Jun 09 19:27:36 UTC 2026","passed","Tue Jun 09 19:27:37 UTC 2026","","","",""
"","115","shows the Automatic Certification label and the certification dropdown with its full description","BasicInfo","Tue Jun 09 19:24:06 UTC 2026","passed","Tue Jun 09 19:24:06 UTC 2026","","when isCertificationDisabledOnZoneLevel is true","",""
"","525","should call performSearch on keyboard press alt+R","CypherSearch","Tue Jun 09 19:22:09 UTC 2026","passed","Tue Jun 09 19:22:10 UTC 2026","","","",""
"Test cases for TestRewriter_Enter_AllAttackPathsShortcut_ReplacesKinds","0","TestRewriter_Enter_AllAttackPathsShortcut_ReplacesKinds","","Tue Jun 09 18:58:06 UTC 2026","passed","Tue Jun 09 18:58:06 UTC 2026","","Go Test","github.com/specterops/bloodhound/cmd/api/src/queries/TestRewriter_Enter_AllAttackPathsShortcut_ReplacesKinds","TestRewriter_Enter_AllAttackPathsShortcut_ReplacesKinds"
"","124","disables the JSON button if the JSON is empty","GraphControls","Tue Jun 09 19:21:33 UTC 2026","passed","Tue Jun 09 19:21:33 UTC 2026","","Exporting json","",""
"","126","should redirect to nested /file-ingest route if user navigates to /","Administration","Tue Jun 09 19:27:58 UTC 2026","passed","Tue Jun 09 19:27:59 UTC 2026","","","",""
"","54","returns undefined for sort params when no initial state is provided","useSortParams","Tue Jun 09 19:25:06 UTC 2026","passed","Tue Jun 09 19:25:06 UTC 2026","","","",""
"","1","returns empty arrays when kinds data has empty arrays","graphSchema","Tue Jun 09 19:26:14 UTC 2026","passed","Tue Jun 09 19:26:14 UTC 2026","","","",""
"Test cases for TestResources_DeleteSavedQuery_NotPublicQueryAndUserIsAdmin","0","TestResources_DeleteSavedQuery_NotPublicQueryAndUserIsAdmin","","Tue Jun 09 18:58:01 UTC 2026","passed","Tue Jun 09 18:58:01 UTC 2026","","Go Test","github.com/specterops/bloodhound/cmd/api/src/api/v2/TestResources_DeleteSavedQuery_NotPublicQueryAndUserIsAdmin","TestResources_DeleteSavedQuery_NotPublicQueryAndUserIsAdmin"
"","136","does not highlight the table option when isExploreTableSelected is true but isExploreLayoutSelected is false","GraphControls","Tue Jun 09 19:21:33 UTC 2026","passed","Tue Jun 09 19:21:33 UTC 2026","","Table view selection state","",""
"","263","shows ""Clear All"" when all columns are selected","ManageColumnsComboBox","Tue Jun 09 19:23:19 UTC 2026","passed","Tue Jun 09 19:23:19 UTC 2026","","","",""
"","2","EXTENDED ROUNDING when thresholds are set: abbreviates hundred-thousands, millions, billions, trillions as expected","numberFormatting","Tue Jun 09 19:24:31 UTC 2026","passed","Tue Jun 09 19:24:31 UTC 2026","","","",""
"","41","renders the title passed via title prop","ColumnHeaders","Tue Jun 09 19:24:26 UTC 2026","passed","Tue Jun 09 19:24:26 UTC 2026","","SortableHeader","",""
"","140","requests finished jobs","useFinishedJobs","Tue Jun 09 19:24:01 UTC 2026","passed","Tue Jun 09 19:24:02 UTC 2026","","","",""
"Test cases for TestResources_UpdateAssetGroupTag","5","TestResources_UpdateAssetGroupTag","","Tue Jun 09 18:58:01 UTC 2026","passed","Tue Jun 09 18:58:01 UTC 2026","","Go Test","github.com/specterops/bloodhound/cmd/api/src/api/v2/TestResources_UpdateAssetGroupTag","TestResources_UpdateAssetGroupTag"
"","322","calls onToggleEdgeLabels when click show all edge labels","GraphControls","Tue Jun 09 19:21:30 UTC 2026","passed","Tue Jun 09 19:21:30 UTC 2026","","Toggling labels","",""
"","506","closes confirmation dialog when cancel is clicked","ActiveExtensionsCard","Tue Jun 09 19:21:44 UTC 2026","passed","Tue Jun 09 19:21:44 UTC 2026","","","",""
"","81","disables the upload file button when the user does not have the opengraph write permission","SchemaUploadDialog","Tue Jun 09 19:22:50 UTC 2026","passed","Tue Jun 09 19:22:50 UTC 2026","","","",""
"Test cases for TestManagementResource_ListUsers_Filtered","0","TestManagementResource_ListUsers_Filtered","","Tue Jun 09 18:58:07 UTC 2026","passed","Tue Jun 09 18:58:07 UTC 2026","","Go Test","github.com/specterops/bloodhound/cmd/api/src/api/v2/auth/TestManagementResource_ListUsers_Filtered","TestManagementResource_ListUsers_Filtered"
"Test cases for TestFoldl","0","TestFoldl","","Tue Jun 09 18:58:18 UTC 2026","passed","Tue Jun 09 18:58:18 UTC 2026","","Go Test","github.com/specterops/bloodhound/packages/go/slicesext/TestFoldl","TestFoldl"
"","69","applies the given filters","useFinishedJobs","Tue Jun 09 19:24:02 UTC 2026","passed","Tue Jun 09 19:24:02 UTC 2026","","","",""
"","77","calls openSAMLProviderDialog when create provider button is clicked","CreateMenu","Tue Jun 09 19:23:33 UTC 2026","passed","Tue Jun 09 19:23:33 UTC 2026","","oidc_support feature flag disabled","",""
"","305","displays error if delete button is clicked when no checkbox is selected","DatabaseManagement","Tue Jun 09 19:27:16 UTC 2026","passed","Tue Jun 09 19:27:16 UTC 2026","","","",""
"Test cases for TestConvertContainerToNode_InheritanceHashes","0","TestConvertContainerToNode_InheritanceHashes","","Tue Jun 09 18:58:17 UTC 2026","passed","Tue Jun 09 18:58:17 UTC 2026","","Go Test","github.com/specterops/bloodhound/packages/go/ein/TestConvertContainerToNode_InheritanceHashes","TestConvertContainerToNode_InheritanceHashes"
"","0","should appropriately handle edges that contain underscores","getEdgeDataFromKey","Tue Jun 09 19:28:00 UTC 2026","passed","Tue Jun 09 19:28:00 UTC 2026","","","",""
"","72","adds a notification - checks values","AppNotifications","Tue Jun 09 19:25:27 UTC 2026","passed","Tue Jun 09 19:25:27 UTC 2026","","","",""
"","102","indicates that filters are active","AssetGroupEdit","Tue Jun 09 19:23:31 UTC 2026","passed","Tue Jun 09 19:23:31 UTC 2026","","","",""
"","309","should display ""Close"" button","UserTokenManagementDialog","Tue Jun 09 19:23:09 UTC 2026","passed","Tue Jun 09 19:23:09 UTC 2026","","","",""
"Test cases for TestResources_ProcessIngestTask","6","TestResources_ProcessIngestTask","","Tue Jun 09 18:58:01 UTC 2026","passed","Tue Jun 09 18:58:01 UTC 2026","","Go Test","github.com/specterops/bloodhound/cmd/api/src/api/v2/TestResources_ProcessIngestTask","TestResources_ProcessIngestTask"
"Test cases for TestManagementResource_ListRoles","0","TestManagementResource_ListRoles","","Tue Jun 09 18:58:07 UTC 2026","passed","Tue Jun 09 18:58:07 UTC 2026","","Go Test","github.com/specterops/bloodhound/cmd/api/src/api/v2/auth/TestManagementResource_ListRoles","TestManagementResource_ListRoles"
"","296","Toggles node and edge labels on/off depending on their existing state","GraphControls","Tue Jun 09 19:21:31 UTC 2026","passed","Tue Jun 09 19:21:31 UTC 2026","","Toggling labels","",""
"","0","accepts a sort and compare function","areArraysSimilar","Tue Jun 09 19:26:24 UTC 2026","passed","Tue Jun 09 19:26:24 UTC 2026","","","",""
"Test cases for TestManagementResource_ListRoles_Filtered","0","TestManagementResource_ListRoles_Filtered","","Tue Jun 09 18:58:07 UTC 2026","passed","Tue Jun 09 18:58:07 UTC 2026","","Go Test","github.com/specterops/bloodhound/cmd/api/src/api/v2/auth/TestManagementResource_ListRoles_Filtered","TestManagementResource_ListRoles_Filtered"
"","960","disables the confirm button until user types required text","Tag Form","Tue Jun 09 19:21:15 UTC 2026","passed","Tue Jun 09 19:21:16 UTC 2026","","","",""
"","26","sets autoDisplayTable to false if query returns nodes only but the enabled prop is false","useExploreTableAutoDisplay","Tue Jun 09 19:25:38 UTC 2026","passed","Tue Jun 09 19:25:38 UTC 2026","","","",""
"Test cases for TestUnmarshalString","0","TestUnmarshalString","","Tue Jun 09 18:58:04 UTC 2026","passed","Tue Jun 09 18:58:04 UTC 2026","","Go Test","github.com/specterops/bloodhound/cmd/api/src/database/types/null/TestUnmarshalString","TestUnmarshalString"
"Test cases for TestParseOptionalBoolMisspelledValue","0","TestParseOptionalBoolMisspelledValue","","Tue Jun 09 18:57:49 UTC 2026","passed","Tue Jun 09 18:57:49 UTC 2026","","Go Test","github.com/specterops/bloodhound/cmd/api/src/api/TestParseOptionalBoolMisspelledValue","TestParseOptionalBoolMisspelledValue"
"","1449","should render","EntityInfoHeader","Tue Jun 09 19:25:01 UTC 2026","passed","Tue Jun 09 19:25:02 UTC 2026","","","",""
"","0","properly displays bitwise integers","Formatting number properties","Tue Jun 09 19:23:26 UTC 2026","passed","Tue Jun 09 19:23:26 UTC 2026","","","",""
"","9","should render when search string is not found in the text","HighlightedText","Tue Jun 09 19:26:01 UTC 2026","passed","Tue Jun 09 19:26:01 UTC 2026","","","",""
"","197","renders with the Export and Delete buttons disabled","QuerySearchFilter","Tue Jun 09 19:24:47 UTC 2026","passed","Tue Jun 09 19:24:47 UTC 2026","","","",""
"","1","If for some reason the node size is not defined return 1 as a default","getNodeRadius","Tue Jun 09 19:27:53 UTC 2026","passed","Tue Jun 09 19:27:53 UTC 2026","","","",""
"","572","renders no asset group edit options without graph write permissions","ContextMenu","Tue Jun 09 19:23:11 UTC 2026","passed","Tue Jun 09 19:23:11 UTC 2026","","","",""
"Test cases for TestManagementResource_UpdateOIDCProvider","1","TestManagementResource_UpdateOIDCProvider","","Tue Jun 09 18:58:36 UTC 2026","passed","Tue Jun 09 18:58:36 UTC 2026","","Go Test","github.com/specterops/bloodhound/cmd/api/src/api/v2/auth/TestManagementResource_UpdateOIDCProvider","TestManagementResource_UpdateOIDCProvider"
"Test cases for TestManagementResource_SanitizeAndGetRoles","0","TestManagementResource_SanitizeAndGetRoles","","Tue Jun 09 18:58:36 UTC 2026","passed","Tue Jun 09 18:58:36 UTC 2026","","Go Test","github.com/specterops/bloodhound/cmd/api/src/api/v2/auth/TestManagementResource_SanitizeAndGetRoles","TestManagementResource_SanitizeAndGetRoles"
"","824","renders the node in the entity panel when member is clicked","GroupManagement","Tue Jun 09 19:27:44 UTC 2026","passed","Tue Jun 09 19:27:45 UTC 2026","","","",""
"","1028","should call onSave when Save button is clicked and form input is valid","CreateUserDialog","Tue Jun 09 19:22:07 UTC 2026","passed","Tue Jun 09 19:22:08 UTC 2026","","","",""
"Test cases for TestNormalizeEinNodeProperties","0","TestNormalizeEinNodeProperties","","Tue Jun 09 18:58:07 UTC 2026","passed","Tue Jun 09 18:58:07 UTC 2026","","Go Test","github.com/specterops/bloodhound/cmd/api/src/services/graphify/TestNormalizeEinNodeProperties","TestNormalizeEinNodeProperties"
"","627","should render inputs, labels, and action buttons","UpsertSAMLProviderForm","Tue Jun 09 19:25:32 UTC 2026","passed","Tue Jun 09 19:25:33 UTC 2026","","","",""
"","2917","should close the edge filtering dialog when user clicks apply button","EdgeFilter","Tue Jun 09 19:24:18 UTC 2026","passed","Tue Jun 09 19:24:21 UTC 2026","","","",""
"Test cases for Test_PrimaryNodeKind","1","Test_PrimaryNodeKind","","Tue Jun 09 18:58:17 UTC 2026","passed","Tue Jun 09 18:58:17 UTC 2026","","Go Test","github.com/specterops/bloodhound/packages/go/graphschema/Test_PrimaryNodeKind","Test_PrimaryNodeKind"
"","266","renders correctly with requiresCurrentPassword true","PasswordDialog","Tue Jun 09 19:21:55 UTC 2026","passed","Tue Jun 09 19:21:55 UTC 2026","","","",""
"","54","shows the direct object list and expanded object list empty, when only direct objects in results","Seed Selection Results","Tue Jun 09 19:23:11 UTC 2026","passed","Tue Jun 09 19:23:11 UTC 2026","","","",""
"","67","displays no data message when there are no extensions","ActiveExtensionsCard","Tue Jun 09 19:21:40 UTC 2026","passed","Tue Jun 09 19:21:40 UTC 2026","","","",""
"Test cases for TestArgon2Digest_Validate","0","TestArgon2Digest_Validate","","Tue Jun 09 18:58:17 UTC 2026","passed","Tue Jun 09 18:58:17 UTC 2026","","Go Test","github.com/specterops/bloodhound/packages/go/crypto/TestArgon2Digest_Validate","TestArgon2Digest_Validate"
"Test cases for TestManagementResource_ListPermissions_SortingError","0","TestManagementResource_ListPermissions_SortingError","","Tue Jun 09 18:58:07 UTC 2026","passed","Tue Jun 09 18:58:07 UTC 2026","","Go Test","github.com/specterops/bloodhound/cmd/api/src/api/v2/auth/TestManagementResource_ListPermissions_SortingError","TestManagementResource_ListPermissions_SortingError"
"","38","returns early if there are no 'collected' environments","useInitialEnvironment","Tue Jun 09 19:25:33 UTC 2026","passed","Tue Jun 09 19:25:33 UTC 2026","","","",""
"Test cases for TestDisenrollMFA_Admin_SuccessNoPasswordSSO","732","TestDisenrollMFA_Admin_SuccessNoPasswordSSO","","Tue Jun 09 18:58:32 UTC 2026","passed","Tue Jun 09 18:58:32 UTC 2026","","Go Test","github.com/specterops/bloodhound/cmd/api/src/api/v2/auth/TestDisenrollMFA_Admin_SuccessNoPasswordSSO","TestDisenrollMFA_Admin_SuccessNoPasswordSSO"
"","763","filling in the name value allows updating the rule and navigates back to the details page","Rule Form","Tue Jun 09 19:21:36 UTC 2026","passed","Tue Jun 09 19:21:37 UTC 2026","","","",""
"","3590","should close the edge filtering dialog when user clicks cancel button","EdgeFilter","Tue Jun 09 19:24:15 UTC 2026","passed","Tue Jun 09 19:24:18 UTC 2026","","","",""
"Test cases for TestDisenrollMFA_Failure","0","TestDisenrollMFA_Failure","","Tue Jun 09 18:58:29 UTC 2026","passed","Tue Jun 09 18:58:29 UTC 2026","","Go Test","github.com/specterops/bloodhound/cmd/api/src/api/v2/auth/TestDisenrollMFA_Failure","TestDisenrollMFA_Failure"
"Test cases for TestResources_UpdateAssetGroup","0","TestResources_UpdateAssetGroup","","Tue Jun 09 18:58:01 UTC 2026","passed","Tue Jun 09 18:58:01 UTC 2026","","Go Test","github.com/specterops/bloodhound/cmd/api/src/api/v2/TestResources_UpdateAssetGroup","TestResources_UpdateAssetGroup"
"","976","should render","ExploreSearch rendering per tab","Tue Jun 09 19:27:22 UTC 2026","passed","Tue Jun 09 19:27:23 UTC 2026","","","",""
"","66","enables pulling an ordered list of tags by position ascending","the useAssetGroupTags utilities","Tue Jun 09 19:23:14 UTC 2026","passed","Tue Jun 09 19:23:14 UTC 2026","","","",""
"Test cases for Test_HarnessSetup","0","Test_HarnessSetup","","Tue Jun 09 18:58:17 UTC 2026","passed","Tue Jun 09 18:58:17 UTC 2026","","Go Test","github.com/specterops/bloodhound/packages/go/lab/Test_HarnessSetup","Test_HarnessSetup"
"","2930","resets skip to 0 when rows per page changes so rows are visible on the new page size","FileIngestTable","Tue Jun 09 19:22:21 UTC 2026","passed","Tue Jun 09 19:22:24 UTC 2026","","pagination reset","",""
"Test cases for TestIntValueOrZero","0","TestIntValueOrZero","","Tue Jun 09 18:58:04 UTC 2026","passed","Tue Jun 09 18:58:04 UTC 2026","","Go Test","github.com/specterops/bloodhound/cmd/api/src/database/types/null/TestIntValueOrZero","TestIntValueOrZero"
"Test cases for TestEncodingInterface","1","TestEncodingInterface","","Tue Jun 09 18:58:16 UTC 2026","passed","Tue Jun 09 18:58:16 UTC 2026","","Go Test","github.com/specterops/bloodhound/packages/go/bomenc/TestEncodingInterface","TestEncodingInterface"
"","94","should hide Environmental Targeted Access Control panel when showEnvironmentAccessControls prop is false","CreateUserForm","Tue Jun 09 19:21:52 UTC 2026","passed","Tue Jun 09 19:21:52 UTC 2026","","","",""
"Test cases for FuzzFoldr","0","FuzzFoldr","","Tue Jun 09 18:58:18 UTC 2026","passed","Tue Jun 09 18:58:18 UTC 2026","","Go Test","github.com/specterops/bloodhound/packages/go/slicesext/FuzzFoldr","FuzzFoldr"
"","91","renders a dash when actor is BloodHoundString","NoteCell component","Tue Jun 09 19:25:22 UTC 2026","passed","Tue Jun 09 19:25:22 UTC 2026","","","",""
"","3","should return null if the edge key does not have enough information","getEdgeDataFromKey","Tue Jun 09 19:28:00 UTC 2026","passed","Tue Jun 09 19:28:00 UTC 2026","","","",""
"","467","toggles sort order when clicking sortable header","ObjectsAccordion","Tue Jun 09 19:25:47 UTC 2026","passed","Tue Jun 09 19:25:47 UTC 2026","","","",""
"Test cases for TestDummyHA","0","TestDummyHA","","Tue Jun 09 18:58:03 UTC 2026","passed","Tue Jun 09 18:58:03 UTC 2026","","Go Test","github.com/specterops/bloodhound/cmd/api/src/daemons/changelog/TestDummyHA","TestDummyHA"
"Test cases for TestBoolEqual","0","TestBoolEqual","","Tue Jun 09 18:58:04 UTC 2026","passed","Tue Jun 09 18:58:04 UTC 2026","","Go Test","github.com/specterops/bloodhound/cmd/api/src/database/types/null/TestBoolEqual","TestBoolEqual"
"","1","filters by multiple platforms","filterAndSearchEnvironments","Tue Jun 09 19:21:37 UTC 2026","passed","Tue Jun 09 19:21:37 UTC 2026","","platform filters","",""
"","178","renders enabled Zone and Rule tabs and disabled Object tab","Selected Details Tabs","Tue Jun 09 19:23:57 UTC 2026","passed","Tue Jun 09 19:23:57 UTC 2026","","Selected Details Tabs - Params present","",""
"Test cases for TestResources_CreateAssetGroup","0","TestResources_CreateAssetGroup","","Tue Jun 09 18:58:01 UTC 2026","passed","Tue Jun 09 18:58:01 UTC 2026","","Go Test","github.com/specterops/bloodhound/cmd/api/src/api/v2/TestResources_CreateAssetGroup","TestResources_CreateAssetGroup"
"","30","selector members refetches on sort change","the useAssetGroupTags utilities","Tue Jun 09 19:23:15 UTC 2026","passed","Tue Jun 09 19:23:15 UTC 2026","","","",""
"Test cases for TestResources_ListADEntityConstrainedDelegationRights","4","TestResources_ListADEntityConstrainedDelegationRights","","Tue Jun 09 18:58:01 UTC 2026","passed","Tue Jun 09 18:58:01 UTC 2026","","Go Test","github.com/specterops/bloodhound/cmd/api/src/api/v2/TestResources_ListADEntityConstrainedDelegationRights","TestResources_ListADEntityConstrainedDelegationRights"
"","747","clears the applied filter","FileIngestFilterDialog","Tue Jun 09 19:23:01 UTC 2026","passed","Tue Jun 09 19:23:01 UTC 2026","","Status Select","",""
"Test cases for TestManagementResource_ListSAMLProviders","5","TestManagementResource_ListSAMLProviders","","Tue Jun 09 18:58:36 UTC 2026","passed","Tue Jun 09 18:58:36 UTC 2026","","Go Test","github.com/specterops/bloodhound/cmd/api/src/api/v2/auth/TestManagementResource_ListSAMLProviders","TestManagementResource_ListSAMLProviders"
"Test cases for TestResources_GetShortestPath_ETAC","28","TestResources_GetShortestPath_ETAC","","Tue Jun 09 18:58:01 UTC 2026","passed","Tue Jun 09 18:58:01 UTC 2026","","Go Test","github.com/specterops/bloodhound/cmd/api/src/api/v2/TestResources_GetShortestPath_ETAC","TestResources_GetShortestPath_ETAC"
"","0","returns false for arrays with different object references","areArraysSimilar","Tue Jun 09 19:26:24 UTC 2026","passed","Tue Jun 09 19:26:24 UTC 2026","","","",""
"","219","renders the QuerySearchFilter component","QuerySearchFilter","Tue Jun 09 19:24:46 UTC 2026","passed","Tue Jun 09 19:24:47 UTC 2026","","","",""
"","82","displays the checkbox as checked if the filter params value is 'true'","AssetGroupEdit","Tue Jun 09 19:23:32 UTC 2026","passed","Tue Jun 09 19:23:32 UTC 2026","","Custom Member checkbox filter","",""
"","106","renders delete buttons for each extension","ActiveExtensionsCard","Tue Jun 09 19:21:42 UTC 2026","passed","Tue Jun 09 19:21:42 UTC 2026","","","",""
"","18","shows ""no permission"" notification if lacking permission","useFinishedJobs","Tue Jun 09 19:24:02 UTC 2026","passed","Tue Jun 09 19:24:02 UTC 2026","","","",""
"Test cases for TestResources_ListADDomainContainedGroups","1","TestResources_ListADDomainContainedGroups","","Tue Jun 09 18:58:01 UTC 2026","passed","Tue Jun 09 18:58:01 UTC 2026","","Go Test","github.com/specterops/bloodhound/cmd/api/src/api/v2/TestResources_ListADDomainContainedGroups","TestResources_ListADDomainContainedGroups"
"Test cases for TestResources_ListExtensions","76","TestResources_ListExtensions","","Tue Jun 09 18:58:01 UTC 2026","passed","Tue Jun 09 18:58:01 UTC 2026","","Go Test","github.com/specterops/bloodhound/cmd/api/src/api/v2/TestResources_ListExtensions","TestResources_ListExtensions"
"","95","disables delete button for user without correct permissions","ActiveExtensionsCard","Tue Jun 09 19:21:44 UTC 2026","passed","Tue Jun 09 19:21:44 UTC 2026","","","",""
"Test cases for TestResources_GetAssetGroupSelectorMemberCountsByKind","2","TestResources_GetAssetGroupSelectorMemberCountsByKind","","Tue Jun 09 18:58:01 UTC 2026","passed","Tue Jun 09 18:58:01 UTC 2026","","Go Test","github.com/specterops/bloodhound/cmd/api/src/api/v2/TestResources_GetAssetGroupSelectorMemberCountsByKind","TestResources_GetAssetGroupSelectorMemberCountsByKind"
"","32","should display an error message if data does not return from the API","Context Selector Error","Tue Jun 09 19:23:45 UTC 2026","passed","Tue Jun 09 19:23:45 UTC 2026","","","",""
"","229","should call the onClick function when clicked","GraphButton","Tue Jun 09 19:26:51 UTC 2026","passed","Tue Jun 09 19:26:51 UTC 2026","","","",""
"Test cases for TestBuildErrorResponseDefault","0","TestBuildErrorResponseDefault","","Tue Jun 09 18:57:50 UTC 2026","passed","Tue Jun 09 18:57:50 UTC 2026","","Go Test","github.com/specterops/bloodhound/cmd/api/src/api/TestBuildErrorResponseDefault","TestBuildErrorResponseDefault"
"","0","returns a function that does not update searchParams if a key is not found in the updatedParams","searchParams","Tue Jun 09 19:25:11 UTC 2026","passed","Tue Jun 09 19:25:11 UTC 2026","","setSingleParamFactory","",""
"Test cases for TestMatches_FailureAction","0","TestMatches_FailureAction","","Tue Jun 09 18:58:04 UTC 2026","passed","Tue Jun 09 18:58:04 UTC 2026","","Go Test","github.com/specterops/bloodhound/cmd/api/src/model/TestMatches_FailureAction","TestMatches_FailureAction"
"","0","escapes backslashes before quotes so they do not combine","escapeCypherString","Tue Jun 09 19:26:41 UTC 2026","passed","Tue Jun 09 19:26:41 UTC 2026","","","",""
"","1","handles environment with impactValue at exact threshold boundaries","filterAndSearchEnvironments","Tue Jun 09 19:21:37 UTC 2026","passed","Tue Jun 09 19:21:37 UTC 2026","","edge cases","",""
"Test cases for TestIntFrom","0","TestIntFrom","","Tue Jun 09 18:58:04 UTC 2026","passed","Tue Jun 09 18:58:04 UTC 2026","","Go Test","github.com/specterops/bloodhound/cmd/api/src/database/types/null/TestIntFrom","TestIntFrom"
"Test cases for TestResources_UpdateSavedQuery_NotAUserAuth","0","TestResources_UpdateSavedQuery_NotAUserAuth","","Tue Jun 09 18:58:01 UTC 2026","passed","Tue Jun 09 18:58:01 UTC 2026","","Go Test","github.com/specterops/bloodhound/cmd/api/src/api/v2/TestResources_UpdateSavedQuery_NotAUserAuth","TestResources_UpdateSavedQuery_NotAUserAuth"
"","139","should not display a badge when role based filtering is true and show filter banner is false by default","EntityInfoPanel","Tue Jun 09 19:25:45 UTC 2026","passed","Tue Jun 09 19:25:45 UTC 2026","","","",""
"Test cases for TestTypes_Scan_InvalidInput","0","TestTypes_Scan_InvalidInput","","Tue Jun 09 18:58:04 UTC 2026","passed","Tue Jun 09 18:58:04 UTC 2026","","Go Test","github.com/specterops/bloodhound/cmd/api/src/database/types/TestTypes_Scan_InvalidInput","TestTypes_Scan_InvalidInput"
"","190","displays the label for each result","SearchCurrentNodes","Tue Jun 09 19:24:45 UTC 2026","passed","Tue Jun 09 19:24:45 UTC 2026","","","",""
"","72","calls setSelected with correct data on click","NoteCell component","Tue Jun 09 19:25:22 UTC 2026","passed","Tue Jun 09 19:25:22 UTC 2026","","","",""
"Test cases for TestParseLimitQueryParameter_BadFormat","0","TestParseLimitQueryParameter_BadFormat","","Tue Jun 09 18:58:01 UTC 2026","passed","Tue Jun 09 18:58:01 UTC 2026","","Go Test","github.com/specterops/bloodhound/cmd/api/src/api/v2/TestParseLimitQueryParameter_BadFormat","TestParseLimitQueryParameter_BadFormat"
"","12","optionally allows the consumer to pass a query to performSearch() and adds that query to the url","useCypherSearch","Tue Jun 09 19:26:19 UTC 2026","passed","Tue Jun 09 19:26:19 UTC 2026","","","",""
"","69","passes the check for at least one permission if the user is missing one of many required permissions","usePermissions","Tue Jun 09 19:23:37 UTC 2026","passed","Tue Jun 09 19:23:37 UTC 2026","","","",""
"","262","displays a polite message when there are no user updatable features available","EarlyAccessFeatures","Tue Jun 09 19:27:43 UTC 2026","passed","Tue Jun 09 19:27:43 UTC 2026","","","",""
"","62","clears selected if same note is clicked again","NoteCell component","Tue Jun 09 19:25:22 UTC 2026","passed","Tue Jun 09 19:25:22 UTC 2026","","","",""
"Test cases for Test_ConvertAppFederatedIdentityCredential","0","Test_ConvertAppFederatedIdentityCredential","","Tue Jun 09 18:58:17 UTC 2026","passed","Tue Jun 09 18:58:17 UTC 2026","","Go Test","github.com/specterops/bloodhound/packages/go/ein/Test_ConvertAppFederatedIdentityCredential","Test_ConvertAppFederatedIdentityCredential"
"Test cases for TestAuditLogin_UserNotFound","0","TestAuditLogin_UserNotFound","","Tue Jun 09 18:57:49 UTC 2026","passed","Tue Jun 09 18:57:49 UTC 2026","","Go Test","github.com/specterops/bloodhound/cmd/api/src/api/TestAuditLogin_UserNotFound","TestAuditLogin_UserNotFound"
"Test cases for TestParseOptionalBoolEmptyValue","0","TestParseOptionalBoolEmptyValue","","Tue Jun 09 18:57:49 UTC 2026","passed","Tue Jun 09 18:57:49 UTC 2026","","Go Test","github.com/specterops/bloodhound/cmd/api/src/api/TestParseOptionalBoolEmptyValue","TestParseOptionalBoolEmptyValue"
"","400","disables confirm button until extension name is typed correctly","ActiveExtensionsCard","Tue Jun 09 19:21:44 UTC 2026","passed","Tue Jun 09 19:21:45 UTC 2026","","","",""
"","5","isLoading returns as expected based on all queries combined","queriesAreLoadingOrErrored","Tue Jun 09 19:26:48 UTC 2026","passed","Tue Jun 09 19:26:48 UTC 2026","","","",""
"","322","sets a primarySearch=id and searchType=pathfinding when secondarySearch is truethy","ContextMenu","Tue Jun 09 19:23:11 UTC 2026","passed","Tue Jun 09 19:23:12 UTC 2026","","","",""
"Test cases for TestRoleAssignments_NodeHasRole","0","TestRoleAssignments_NodeHasRole","","Tue Jun 09 18:58:16 UTC 2026","passed","Tue Jun 09 18:58:16 UTC 2026","","Go Test","github.com/specterops/bloodhound/packages/go/analysis/azure/TestRoleAssignments_NodeHasRole","TestRoleAssignments_NodeHasRole"
"","0","leaves double quotes untouched","escapeCypherString","Tue Jun 09 19:26:41 UTC 2026","passed","Tue Jun 09 19:26:41 UTC 2026","","","",""
"Test cases for TestCache_Set","1","TestCache_Set","","Tue Jun 09 18:58:16 UTC 2026","passed","Tue Jun 09 18:58:16 UTC 2026","","Go Test","github.com/specterops/bloodhound/packages/go/cache/TestCache_Set","TestCache_Set"
"Test cases for TestResources_ListAuditLogs_Filtered","1","TestResources_ListAuditLogs_Filtered","","Tue Jun 09 18:58:01 UTC 2026","passed","Tue Jun 09 18:58:01 UTC 2026","","Go Test","github.com/specterops/bloodhound/cmd/api/src/api/v2/TestResources_ListAuditLogs_Filtered","TestResources_ListAuditLogs_Filtered"
"","1","returns Object ID message when ruleType is SeedTypeObjectId and seeds are required","getErrorMessage","Tue Jun 09 19:22:55 UTC 2026","passed","Tue Jun 09 19:22:55 UTC 2026","","","",""
"Test cases for TestGetMFAActivationStatus_Failure","0","TestGetMFAActivationStatus_Failure","","Tue Jun 09 18:58:35 UTC 2026","passed","Tue Jun 09 18:58:35 UTC 2026","","Go Test","github.com/specterops/bloodhound/cmd/api/src/api/v2/auth/TestGetMFAActivationStatus_Failure","TestGetMFAActivationStatus_Failure"
"","12","removes a notification","AppNotifications","Tue Jun 09 19:25:28 UTC 2026","passed","Tue Jun 09 19:25:28 UTC 2026","","","",""
"Test cases for TestIsValidContentTypeForUpload","3","TestIsValidContentTypeForUpload","","Tue Jun 09 18:58:01 UTC 2026","passed","Tue Jun 09 18:58:01 UTC 2026","","Go Test","github.com/specterops/bloodhound/cmd/api/src/api/v2/TestIsValidContentTypeForUpload","TestIsValidContentTypeForUpload"
"Test cases for TestResources_GetCertTemplateEntityInfo","185","TestResources_GetCertTemplateEntityInfo","","Tue Jun 09 18:58:01 UTC 2026","passed","Tue Jun 09 18:58:01 UTC 2026","","Go Test","github.com/specterops/bloodhound/cmd/api/src/api/v2/TestResources_GetCertTemplateEntityInfo","TestResources_GetCertTemplateEntityInfo"
"","1","filters by high risk level","filterAndSearchEnvironments","Tue Jun 09 19:21:37 UTC 2026","passed","Tue Jun 09 19:21:37 UTC 2026","","risk filters","",""
"Copyright 2021 The Go Authors. All rights reserved.TestConcat was ripped from go1.22 source and should be replaced with the stdlib implementation when we move to 1.22Original source: https:","0","TestConcat_too_large","","Tue Jun 09 18:58:18 UTC 2026","passed","Tue Jun 09 18:58:18 UTC 2026","","Go Test","github.com/specterops/bloodhound/packages/go/slicesext/TestConcat_too_large","TestConcat_too_large"
"","63","shows an error notification if there is an error fetching","useFinishedJobs","Tue Jun 09 19:24:02 UTC 2026","passed","Tue Jun 09 19:24:02 UTC 2026","","","",""
"Test cases for TestRoleAssignments_NodesWithRole","0","TestRoleAssignments_NodesWithRole","","Tue Jun 09 18:58:16 UTC 2026","passed","Tue Jun 09 18:58:16 UTC 2026","","Go Test","github.com/specterops/bloodhound/packages/go/analysis/azure/TestRoleAssignments_NodesWithRole","TestRoleAssignments_NodesWithRole"
"","2","determines glyphs with the tier_managent_engine feature flag disabled","getNodeGlyphs","Tue Jun 09 19:27:36 UTC 2026","passed","Tue Jun 09 19:27:36 UTC 2026","","","",""
"Test cases for TestIntPointer","0","TestIntPointer","","Tue Jun 09 18:58:04 UTC 2026","passed","Tue Jun 09 18:58:04 UTC 2026","","Go Test","github.com/specterops/bloodhound/cmd/api/src/database/types/null/TestIntPointer","TestIntPointer"
"","406","should not allow leading or trailing empty spaces","UpdateUserForm","Tue Jun 09 19:21:20 UTC 2026","passed","Tue Jun 09 19:21:21 UTC 2026","","","",""
"","70","Calls the `Base` endpoint for a LocalUser type node","EntityObjectInformation","Tue Jun 09 19:24:22 UTC 2026","passed","Tue Jun 09 19:24:22 UTC 2026","","","",""
"","405","Displays a notification when an error happened when requesting analysis","AnalyzeNowConfiguration","Tue Jun 09 19:23:51 UTC 2026","passed","Tue Jun 09 19:23:52 UTC 2026","","","",""
"","89","should hide Environmental Targeted Access Control panel when showEnvironmentAccessControls prop is false","UpdateUserForm","Tue Jun 09 19:21:24 UTC 2026","passed","Tue Jun 09 19:21:25 UTC 2026","","","",""
"","53","mounts a polite aria-live region","AnnouncementProvider","Tue Jun 09 19:24:54 UTC 2026","passed","Tue Jun 09 19:24:54 UTC 2026","","","",""
"Test cases for TestResources_GetGPOEntityInfo","2","TestResources_GetGPOEntityInfo","","Tue Jun 09 18:58:01 UTC 2026","passed","Tue Jun 09 18:58:01 UTC 2026","","Go Test","github.com/specterops/bloodhound/cmd/api/src/api/v2/TestResources_GetGPOEntityInfo","TestResources_GetGPOEntityInfo"
"","832","should render","CypherSearch","Tue Jun 09 19:22:05 UTC 2026","passed","Tue Jun 09 19:22:06 UTC 2026","","","",""
"Test cases for TestFloatFrom","0","TestFloatFrom","","Tue Jun 09 18:58:04 UTC 2026","passed","Tue Jun 09 18:58:04 UTC 2026","","Go Test","github.com/specterops/bloodhound/cmd/api/src/database/types/null/TestFloatFrom","TestFloatFrom"
"Test cases for TestManagementResource_EnrollMFA","1922","TestManagementResource_EnrollMFA","","Tue Jun 09 18:58:27 UTC 2026","passed","Tue Jun 09 18:58:29 UTC 2026","","Go Test","github.com/specterops/bloodhound/cmd/api/src/api/v2/auth/TestManagementResource_EnrollMFA","TestManagementResource_EnrollMFA"
"","254","shows Popper when isCurrentSearchOpen is true","GraphControls","Tue Jun 09 19:21:33 UTC 2026","passed","Tue Jun 09 19:21:34 UTC 2026","","Searching current results","",""
"","110","disables the user actions menu for a user with the auditor role","User Actions Menu","Tue Jun 09 19:24:15 UTC 2026","passed","Tue Jun 09 19:24:15 UTC 2026","","Button Menu State","",""
"","1","floors DateTime objects to the nearest minute","floorToNearestMinute","Tue Jun 09 19:26:01 UTC 2026","passed","Tue Jun 09 19:26:01 UTC 2026","","","",""
"Test cases for TestResources_ListADEntityDCOMRights","1","TestResources_ListADEntityDCOMRights","","Tue Jun 09 18:58:01 UTC 2026","passed","Tue Jun 09 18:58:01 UTC 2026","","Go Test","github.com/specterops/bloodhound/cmd/api/src/api/v2/TestResources_ListADEntityDCOMRights","TestResources_ListADEntityDCOMRights"
"","127","returns a nodes array","useEdgeInfoItems","Tue Jun 09 19:24:53 UTC 2026","passed","Tue Jun 09 19:24:53 UTC 2026","","","",""
"Test cases for TestParseGPOData","1","TestParseGPOData","","Tue Jun 09 18:58:17 UTC 2026","passed","Tue Jun 09 18:58:17 UTC 2026","","Go Test","github.com/specterops/bloodhound/packages/go/ein/TestParseGPOData","TestParseGPOData"
"","367","displays expected results when searching by label","SearchCurrentNodes","Tue Jun 09 19:24:44 UTC 2026","passed","Tue Jun 09 19:24:45 UTC 2026","","","",""
"Test cases for TestResources_GetNTAuthStoreEntityInfo","185","TestResources_GetNTAuthStoreEntityInfo","","Tue Jun 09 18:58:01 UTC 2026","passed","Tue Jun 09 18:58:01 UTC 2026","","Go Test","github.com/specterops/bloodhound/cmd/api/src/api/v2/TestResources_GetNTAuthStoreEntityInfo","TestResources_GetNTAuthStoreEntityInfo"
"","137","initializes search tab to the exploreSearchTab on initial render","ExploreSearch sets searchType on tab changing","Tue Jun 09 19:27:25 UTC 2026","passed","Tue Jun 09 19:27:26 UTC 2026","","","",""
"","192","renders a preview version","PrivilegeZonesCypherEditor Search component for Zone Management","Tue Jun 09 19:25:38 UTC 2026","passed","Tue Jun 09 19:25:38 UTC 2026","","","",""
"Test cases for TestContextMiddleware_InvalidWaitLessThanZero","0","TestContextMiddleware_InvalidWaitLessThanZero","","Tue Jun 09 18:57:54 UTC 2026","passed","Tue Jun 09 18:57:54 UTC 2026","","Go Test","github.com/specterops/bloodhound/cmd/api/src/api/middleware/TestContextMiddleware_InvalidWaitLessThanZero","TestContextMiddleware_InvalidWaitLessThanZero"
"","5","announces a message with assertive priority","AnnouncementProvider","Tue Jun 09 19:24:54 UTC 2026","passed","Tue Jun 09 19:24:54 UTC 2026","","","",""
"","27","generates a human-friendly default filename for graph exports","exportGraphData","Tue Jun 09 19:26:07 UTC 2026","passed","Tue Jun 09 19:26:07 UTC 2026","","","",""
"","2","updates state when an external storage event is fired for the same key","useLocalStorage","Tue Jun 09 19:23:50 UTC 2026","passed","Tue Jun 09 19:23:50 UTC 2026","","storage event synchronisation","",""
"Test cases for TestResources_GetPermissionsForSavedQuery","53","TestResources_GetPermissionsForSavedQuery","","Tue Jun 09 18:58:01 UTC 2026","passed","Tue Jun 09 18:58:01 UTC 2026","","Go Test","github.com/specterops/bloodhound/cmd/api/src/api/v2/TestResources_GetPermissionsForSavedQuery","TestResources_GetPermissionsForSavedQuery"
"","14","function should return 1 when first param is larger, no matter the data type","Compare function for explore table sort","Tue Jun 09 19:24:34 UTC 2026","passed","Tue Jun 09 19:24:34 UTC 2026","","","",""
"","1335","should call onSubmit with password when reset password button clicked","PasswordResetForm","Tue Jun 09 19:24:11 UTC 2026","passed","Tue Jun 09 19:24:12 UTC 2026","","","",""
"Test cases for TestSelectGPOContainerCandidateFilter","0","TestSelectGPOContainerCandidateFilter","","Tue Jun 09 18:58:16 UTC 2026","passed","Tue Jun 09 18:58:16 UTC 2026","","Go Test","github.com/specterops/bloodhound/packages/go/analysis/ad/TestSelectGPOContainerCandidateFilter","TestSelectGPOContainerCandidateFilter"
"Test cases for TestSet","0","TestSet","","Tue Jun 09 18:58:18 UTC 2026","passed","Tue Jun 09 18:58:18 UTC 2026","","Go Test","github.com/specterops/bloodhound/packages/go/lab/internal/TestSet","TestSet"
"Test cases for Test_convertGraphExtensionPayloadToGraphExtension","0","Test_convertGraphExtensionPayloadToGraphExtension","","Tue Jun 09 18:58:01 UTC 2026","passed","Tue Jun 09 18:58:01 UTC 2026","","Go Test","github.com/specterops/bloodhound/cmd/api/src/api/v2/Test_convertGraphExtensionPayloadToGraphExtension","Test_convertGraphExtensionPayloadToGraphExtension"
