"DESCRIPTION","DURATION IN MS","NAME","PARENT SUITE","START TIME","STATUS","STOP TIME","SUB SUITE","SUITE","TEST CLASS","TEST METHOD"
"","60","returns true when nodes are available","useGraphHasData","Wed Mar 04 18:47:13 UTC 2026","passed","Wed Mar 04 18:47:13 UTC 2026","","","",""
"","51","should render a navigation list item","MainNav","Wed Mar 04 18:44:08 UTC 2026","passed","Wed Mar 04 18:44:08 UTC 2026","","","",""
"","803","renders a link to the explore page when member is clicked","GroupManagement","Wed Mar 04 18:48:35 UTC 2026","passed","Wed Mar 04 18:48:36 UTC 2026","","","",""
"Test cases for TestMarshalIntText","0","TestMarshalIntText","","Wed Mar 04 18:42:43 UTC 2026","passed","Wed Mar 04 18:42:43 UTC 2026","","Go Test","github.com/specterops/bloodhound/cmd/api/src/database/types/null/TestMarshalIntText","TestMarshalIntText"
"","215","handles creating a new zone","Tag Form","Wed Mar 04 18:43:28 UTC 2026","passed","Wed Mar 04 18:43:29 UTC 2026","","","",""
"Test cases for TestTimeFromPtr","0","TestTimeFromPtr","","Wed Mar 04 18:42:43 UTC 2026","passed","Wed Mar 04 18:42:43 UTC 2026","","Go Test","github.com/specterops/bloodhound/cmd/api/src/database/types/null/TestTimeFromPtr","TestTimeFromPtr"
"","0","returns paramValue as EnvironmentAggregation if paramValue is azure","useEnvironmentParams","Wed Mar 04 18:47:43 UTC 2026","passed","Wed Mar 04 18:47:43 UTC 2026","","parseEnvironmentAggregation","",""
"","86","should display the logged in user's email address","UserProfile","Wed Mar 04 18:44:39 UTC 2026","passed","Wed Mar 04 18:44:39 UTC 2026","","","",""
"Test cases for TestFlatMap","0","TestFlatMap","","Wed Mar 04 18:43:18 UTC 2026","passed","Wed Mar 04 18:43:18 UTC 2026","","Go Test","github.com/specterops/bloodhound/packages/go/slicesext/TestFlatMap","TestFlatMap"
"","601","renders a list of asset group members","GroupManagement","Wed Mar 04 18:48:33 UTC 2026","passed","Wed Mar 04 18:48:34 UTC 2026","","","",""
"","0","fails for password shorter than 12 characters","testPassword","Wed Mar 04 18:47:44 UTC 2026","passed","Wed Mar 04 18:47:44 UTC 2026","","","",""
"","3","uses sequentialLayout by default","Explore utils","Wed Mar 04 18:48:25 UTC 2026","passed","Wed Mar 04 18:48:25 UTC 2026","","initGraph","",""
"","125","should render all of the options as checkboxes","Checkbox group","Wed Mar 04 18:47:30 UTC 2026","passed","Wed Mar 04 18:47:31 UTC 2026","","","",""
"","0","fails for password without special characters","testPassword","Wed Mar 04 18:47:44 UTC 2026","passed","Wed Mar 04 18:47:44 UTC 2026","","","",""
"Test cases for TestSet","0","TestSet","","Wed Mar 04 18:43:07 UTC 2026","passed","Wed Mar 04 18:43:07 UTC 2026","","Go Test","github.com/specterops/bloodhound/packages/go/lab/internal/TestSet","TestSet"
"Test cases for TestDomainSelectors_GetFilterCriteria_Domain","0","TestDomainSelectors_GetFilterCriteria_Domain","","Wed Mar 04 18:42:45 UTC 2026","passed","Wed Mar 04 18:42:45 UTC 2026","","Go Test","github.com/specterops/bloodhound/cmd/api/src/model/TestDomainSelectors_GetFilterCriteria_Domain","TestDomainSelectors_GetFilterCriteria_Domain"
"Test cases for TestResources_CreateSavedQuery","0","TestResources_CreateSavedQuery","","Wed Mar 04 18:42:36 UTC 2026","passed","Wed Mar 04 18:42:36 UTC 2026","","Go Test","github.com/specterops/bloodhound/cmd/api/src/api/v2/TestResources_CreateSavedQuery","TestResources_CreateSavedQuery"
"","277","disables any available button toggles if the user lacks the permission","EarlyAccessFeatures","Wed Mar 04 18:48:34 UTC 2026","passed","Wed Mar 04 18:48:34 UTC 2026","","","",""
"Test cases for TestRandomDurationBetween","13","TestRandomDurationBetween","","Wed Mar 04 18:42:40 UTC 2026","passed","Wed Mar 04 18:42:40 UTC 2026","","Go Test","github.com/specterops/bloodhound/cmd/api/src/daemons/datapipe/TestRandomDurationBetween","TestRandomDurationBetween"
"Test cases for TestResources_GetAZRelatedEntities","134","TestResources_GetAZRelatedEntities","","Wed Mar 04 18:42:36 UTC 2026","passed","Wed Mar 04 18:42:36 UTC 2026","","Go Test","github.com/specterops/bloodhound/cmd/api/src/api/v2/TestResources_GetAZRelatedEntities","TestResources_GetAZRelatedEntities"
"","202","renders correctly with requiresCurrentPassword true","PasswordDialog","Wed Mar 04 18:43:50 UTC 2026","passed","Wed Mar 04 18:43:50 UTC 2026","","","",""
"Test cases for TestParseOptionalBool","0","TestParseOptionalBool","","Wed Mar 04 18:42:22 UTC 2026","passed","Wed Mar 04 18:42:22 UTC 2026","","Go Test","github.com/specterops/bloodhound/cmd/api/src/api/TestParseOptionalBool","TestParseOptionalBool"
"","1","Edge is created with correct structure including points array","copySigmaEdgesToGraphlibGraph","Wed Mar 04 18:48:43 UTC 2026","passed","Wed Mar 04 18:48:43 UTC 2026","","","",""
"","438","calls openSAMLProviderDialog when SAML Provider menu item is clicked","CreateMenu","Wed Mar 04 18:44:32 UTC 2026","passed","Wed Mar 04 18:44:32 UTC 2026","","oidc_support feature flag enabled","",""
"","69","should not display api key management button","Api Keys","Wed Mar 04 18:44:40 UTC 2026","passed","Wed Mar 04 18:44:40 UTC 2026","","","",""
"Test cases for TestAuditLogin_UserNotFound","0","TestAuditLogin_UserNotFound","","Wed Mar 04 18:42:22 UTC 2026","passed","Wed Mar 04 18:42:22 UTC 2026","","Go Test","github.com/specterops/bloodhound/cmd/api/src/api/TestAuditLogin_UserNotFound","TestAuditLogin_UserNotFound"
"","115","should display the ""My Profile"" title","UserProfile","Wed Mar 04 18:44:39 UTC 2026","passed","Wed Mar 04 18:44:39 UTC 2026","","","",""
"","0","passes ruleType through optionalParams with empty object","handleError","Wed Mar 04 18:44:12 UTC 2026","passed","Wed Mar 04 18:44:12 UTC 2026","","","",""
"","1291","shows an error message when unable to delete a rule","Rule Form","Wed Mar 04 18:43:42 UTC 2026","passed","Wed Mar 04 18:43:44 UTC 2026","","","",""
"","1786","Kebab menu click causes the callback function to be called with the correct parameters","ExploreTable","Wed Mar 04 18:43:30 UTC 2026","passed","Wed Mar 04 18:43:32 UTC 2026","","","",""
"","666","does not allow confirmation while dates are invalid","FileIngestFilterDialog","Wed Mar 04 18:44:12 UTC 2026","passed","Wed Mar 04 18:44:12 UTC 2026","","Date Range Inputs","",""
"Test cases for TestSetValue","6","TestSetValue","","Wed Mar 04 18:42:39 UTC 2026","passed","Wed Mar 04 18:42:39 UTC 2026","","Go Test","github.com/specterops/bloodhound/cmd/api/src/config/TestSetValue","TestSetValue"
"","72","button is disabled when note is falsy","NoteCell component","Wed Mar 04 18:46:28 UTC 2026","passed","Wed Mar 04 18:46:28 UTC 2026","","","",""
"","573","should display Environmental Targeted Access Control panel when showEnvironmentAccessControls prop is true and read-only role is selected","CreateUserForm","Wed Mar 04 18:44:01 UTC 2026","passed","Wed Mar 04 18:44:02 UTC 2026","","","",""
"","65","renders a link to the documentation","BloodHoundConfiguration","Wed Mar 04 18:48:57 UTC 2026","passed","Wed Mar 04 18:48:57 UTC 2026","","","",""
"Test cases for TestCreateUser_ETAC","2698","TestCreateUser_ETAC","","Wed Mar 04 18:42:43 UTC 2026","passed","Wed Mar 04 18:42:46 UTC 2026","","Go Test","github.com/specterops/bloodhound/cmd/api/src/api/v2/auth/TestCreateUser_ETAC","TestCreateUser_ETAC"
"Test cases for TestManagementResource_ListPermissions_InvalidFilterPredicate","0","TestManagementResource_ListPermissions_InvalidFilterPredicate","","Wed Mar 04 18:42:41 UTC 2026","passed","Wed Mar 04 18:42:41 UTC 2026","","Go Test","github.com/specterops/bloodhound/cmd/api/src/api/v2/auth/TestManagementResource_ListPermissions_InvalidFilterPredicate","TestManagementResource_ListPermissions_InvalidFilterPredicate"
"","54","should render a Field when the provided value is false","Field","Wed Mar 04 18:47:16 UTC 2026","passed","Wed Mar 04 18:47:16 UTC 2026","","","",""
"","16","will update the selected filters based on the values stored in query params when the initialize function is called","usePathfindingFilters","Wed Mar 04 18:47:12 UTC 2026","passed","Wed Mar 04 18:47:12 UTC 2026","","","",""
"Test cases for TestParseAGMembersFromNodes_MissingNodeProperties","0","TestParseAGMembersFromNodes_MissingNodeProperties","","Wed Mar 04 18:42:36 UTC 2026","passed","Wed Mar 04 18:42:36 UTC 2026","","Go Test","github.com/specterops/bloodhound/cmd/api/src/api/v2/TestParseAGMembersFromNodes_MissingNodeProperties","TestParseAGMembersFromNodes_MissingNodeProperties"
"Test cases for TestSignRequestValuesUnsupportedHMACMethod","0","TestSignRequestValuesUnsupportedHMACMethod","","Wed Mar 04 18:42:22 UTC 2026","passed","Wed Mar 04 18:42:22 UTC 2026","","Go Test","github.com/specterops/bloodhound/cmd/api/src/api/TestSignRequestValuesUnsupportedHMACMethod","TestSignRequestValuesUnsupportedHMACMethod"
"","67","List Display Roles Hook is Loading","useListDisplayRoles","Wed Mar 04 18:44:12 UTC 2026","passed","Wed Mar 04 18:44:12 UTC 2026","","","",""
"Test cases for TestEncodingEquality","0","TestEncodingEquality","","Wed Mar 04 18:43:05 UTC 2026","passed","Wed Mar 04 18:43:05 UTC 2026","","Go Test","github.com/specterops/bloodhound/packages/go/bomenc/TestEncodingEquality","TestEncodingEquality"
"","40","sets autoDisplayTable to false if query returns edges","useExploreTableAutoDisplay","Wed Mar 04 18:46:44 UTC 2026","passed","Wed Mar 04 18:46:44 UTC 2026","","","",""
"Test cases for TestCache_FillFifo","0","TestCache_FillFifo","","Wed Mar 04 18:43:05 UTC 2026","passed","Wed Mar 04 18:43:05 UTC 2026","","Go Test","github.com/specterops/bloodhound/packages/go/cache/TestCache_FillFifo","TestCache_FillFifo"
"","1685","does not show the ""Disable MFA"" context menu option for users without MFA enabled","Users","Wed Mar 04 18:44:57 UTC 2026","passed","Wed Mar 04 18:44:58 UTC 2026","","","",""
"Test cases for TestInt64Equal","0","TestInt64Equal","","Wed Mar 04 18:42:43 UTC 2026","passed","Wed Mar 04 18:42:43 UTC 2026","","Go Test","github.com/specterops/bloodhound/cmd/api/src/database/types/null/TestInt64Equal","TestInt64Equal"
"","292","should disable Cancel and Save buttons while isLoading is true","CreateUserDialog","Wed Mar 04 18:44:00 UTC 2026","passed","Wed Mar 04 18:44:00 UTC 2026","","","",""
"Test cases for TestFilter","0","TestFilter","","Wed Mar 04 18:43:18 UTC 2026","passed","Wed Mar 04 18:43:18 UTC 2026","","Go Test","github.com/specterops/bloodhound/packages/go/slicesext/TestFilter","TestFilter"
"","53","renders three animated dots","ProcessingIndicator","Wed Mar 04 18:47:46 UTC 2026","passed","Wed Mar 04 18:47:46 UTC 2026","","","",""
"","192","sets a secondary=id and searchType=pathfinding when primary is truthy","ContextMenu","Wed Mar 04 18:48:23 UTC 2026","passed","Wed Mar 04 18:48:23 UTC 2026","","","",""
"","122","should display an error when error prop is truthy","SaveQueryDialog","Wed Mar 04 18:43:29 UTC 2026","passed","Wed Mar 04 18:43:29 UTC 2026","","","",""
"","4","does not request finished jobs if lacking permission","useFinishedJobs","Wed Mar 04 18:45:15 UTC 2026","passed","Wed Mar 04 18:45:15 UTC 2026","","","",""
"","0","returns false if arrays have different length","areArraysSimilar","Wed Mar 04 18:47:25 UTC 2026","passed","Wed Mar 04 18:47:25 UTC 2026","","","",""
"","46","should have a .z-nav class","MainNav","Wed Mar 04 18:44:08 UTC 2026","passed","Wed Mar 04 18:44:08 UTC 2026","","","",""
"","217","disables checkboxes while loading","SourceKindsCheckboxes","Wed Mar 04 18:45:08 UTC 2026","passed","Wed Mar 04 18:45:08 UTC 2026","","","",""
"","33","displays the checkbox as checked if the filter params value is 'true'","AssetGroupEdit","Wed Mar 04 18:44:33 UTC 2026","passed","Wed Mar 04 18:44:33 UTC 2026","","Custom Member checkbox filter","",""
"","63","clears selected if same note is clicked again","NoteCell component","Wed Mar 04 18:46:28 UTC 2026","passed","Wed Mar 04 18:46:28 UTC 2026","","","",""
"","279","sets a primarySearch=id and searchType=node when secondarySearch is falsey","ContextMenu","Wed Mar 04 18:48:22 UTC 2026","passed","Wed Mar 04 18:48:22 UTC 2026","","","",""
"Test cases for TestCache_GuardedSet","1","TestCache_GuardedSet","","Wed Mar 04 18:43:05 UTC 2026","passed","Wed Mar 04 18:43:05 UTC 2026","","Go Test","github.com/specterops/bloodhound/packages/go/cache/TestCache_GuardedSet","TestCache_GuardedSet"
"Test cases for TestWriteErrorResponse_InvalidFormat","0","TestWriteErrorResponse_InvalidFormat","","Wed Mar 04 18:42:23 UTC 2026","passed","Wed Mar 04 18:42:23 UTC 2026","","Go Test","github.com/specterops/bloodhound/cmd/api/src/api/TestWriteErrorResponse_InvalidFormat","TestWriteErrorResponse_InvalidFormat"
"","4","returns bounds for text rendered to canvas","getLabelBoundsFromContext","Wed Mar 04 18:48:45 UTC 2026","passed","Wed Mar 04 18:48:45 UTC 2026","","","",""
"Test cases for TestAddOrderByToNeo4jQuery_WithOrderByClause","0","TestAddOrderByToNeo4jQuery_WithOrderByClause","","Wed Mar 04 18:42:36 UTC 2026","passed","Wed Mar 04 18:42:36 UTC 2026","","Go Test","github.com/specterops/bloodhound/cmd/api/src/api/v2/TestAddOrderByToNeo4jQuery_WithOrderByClause","TestAddOrderByToNeo4jQuery_WithOrderByClause"
"","73","should render a label and version number when expanded","MainNav","Wed Mar 04 18:44:08 UTC 2026","passed","Wed Mar 04 18:44:08 UTC 2026","","","",""
"Test cases for TestStringFromPtr","0","TestStringFromPtr","","Wed Mar 04 18:42:43 UTC 2026","passed","Wed Mar 04 18:42:43 UTC 2026","","Go Test","github.com/specterops/bloodhound/cmd/api/src/database/types/null/TestStringFromPtr","TestStringFromPtr"
"","423","shows error notification when deletion fails","ActiveExtensionsCard","Wed Mar 04 18:43:48 UTC 2026","passed","Wed Mar 04 18:43:48 UTC 2026","","","",""
"","22","renders correctly when an unexpected nodeType is passed","NodeIcon","Wed Mar 04 18:47:09 UTC 2026","passed","Wed Mar 04 18:47:09 UTC 2026","","","",""
"","1","reports when API error response has errors array","handleError","Wed Mar 04 18:44:12 UTC 2026","passed","Wed Mar 04 18:44:12 UTC 2026","","","",""
"","404","filters by the selected date range","FileIngestFilterDialog","Wed Mar 04 18:44:11 UTC 2026","passed","Wed Mar 04 18:44:12 UTC 2026","","Date Range Inputs","",""
"Test cases for TestServeHTTP_Success","1","TestServeHTTP_Success","","Wed Mar 04 18:42:28 UTC 2026","passed","Wed Mar 04 18:42:28 UTC 2026","","Go Test","github.com/specterops/bloodhound/cmd/api/src/api/middleware/TestServeHTTP_Success","TestServeHTTP_Success"
"Test cases for TestBoolValueOrZero","0","TestBoolValueOrZero","","Wed Mar 04 18:42:43 UTC 2026","passed","Wed Mar 04 18:42:43 UTC 2026","","Go Test","github.com/specterops/bloodhound/cmd/api/src/database/types/null/TestBoolValueOrZero","TestBoolValueOrZero"
"","159","renders the form for editing an existing label","Tag Form","Wed Mar 04 18:43:27 UTC 2026","passed","Wed Mar 04 18:43:27 UTC 2026","","","",""
"","255","renders an interactive version when preview is set to false","PrivilegeZonesCypherEditor Search component for Zone Management","Wed Mar 04 18:46:41 UTC 2026","passed","Wed Mar 04 18:46:41 UTC 2026","","","",""
"Test cases for TestSortJSONArrayElements","3","TestSortJSONArrayElements","","Wed Mar 04 18:43:01 UTC 2026","passed","Wed Mar 04 18:43:01 UTC 2026","","Go Test","github.com/specterops/bloodhound/cmd/api/src/utils/test/TestSortJSONArrayElements","TestSortJSONArrayElements"
"","439","should call onSubmit with one time passcode when check code button clicked","OneTimePasscodeForm","Wed Mar 04 18:46:58 UTC 2026","passed","Wed Mar 04 18:46:59 UTC 2026","","","",""
"Test cases for TestFloatValueOrZero","0","TestFloatValueOrZero","","Wed Mar 04 18:42:43 UTC 2026","passed","Wed Mar 04 18:42:43 UTC 2026","","Go Test","github.com/specterops/bloodhound/cmd/api/src/database/types/null/TestFloatValueOrZero","TestFloatValueOrZero"
"","17","returns Rule Object counts when there is a Tag and a Rule selected (tagId and ruleId are in path params)","useObjectCounts","Wed Mar 04 18:47:20 UTC 2026","passed","Wed Mar 04 18:47:20 UTC 2026","","","",""
"","0","isError returns as expected based on all queries combined","queriesAreLoadingOrErrored","Wed Mar 04 18:47:43 UTC 2026","passed","Wed Mar 04 18:47:43 UTC 2026","","","",""
"Test cases for TestSavedQueries_GetValidFilterPredicatesAsStrings","0","TestSavedQueries_GetValidFilterPredicatesAsStrings","","Wed Mar 04 18:42:45 UTC 2026","passed","Wed Mar 04 18:42:45 UTC 2026","","Go Test","github.com/specterops/bloodhound/cmd/api/src/model/TestSavedQueries_GetValidFilterPredicatesAsStrings","TestSavedQueries_GetValidFilterPredicatesAsStrings"
"","87","initializes the categories with just the built-in defaults when edge endpoint returns nothing","useEdgeCategories","Wed Mar 04 18:44:45 UTC 2026","passed","Wed Mar 04 18:44:45 UTC 2026","","","",""
"Test cases for TestResources_DeleteSavedQuery_DeleteError","0","TestResources_DeleteSavedQuery_DeleteError","","Wed Mar 04 18:42:36 UTC 2026","passed","Wed Mar 04 18:42:36 UTC 2026","","Go Test","github.com/specterops/bloodhound/cmd/api/src/api/v2/TestResources_DeleteSavedQuery_DeleteError","TestResources_DeleteSavedQuery_DeleteError"
"","461","calls handleFilterChange when a node type is selected","AssetGroupEdit","Wed Mar 04 18:44:32 UTC 2026","passed","Wed Mar 04 18:44:33 UTC 2026","","Node Type dropdown filter","",""
"","0","returns a function that does not update searchParams if a key is not found in the updatedParams","searchParams","Wed Mar 04 18:46:16 UTC 2026","passed","Wed Mar 04 18:46:16 UTC 2026","","setSingleParamFactory","",""
"","108","buttons are disabled while loading","OneTimePasscodeForm","Wed Mar 04 18:46:59 UTC 2026","passed","Wed Mar 04 18:46:59 UTC 2026","","","",""
"Test cases for TestDomainSelectors_GetFilterCriteria_Success_Empty","0","TestDomainSelectors_GetFilterCriteria_Success_Empty","","Wed Mar 04 18:42:45 UTC 2026","passed","Wed Mar 04 18:42:45 UTC 2026","","Go Test","github.com/specterops/bloodhound/cmd/api/src/model/TestDomainSelectors_GetFilterCriteria_Success_Empty","TestDomainSelectors_GetFilterCriteria_Success_Empty"
"","118","calls clickHandler when a line item is clicked","PrebuiltSearchList","Wed Mar 04 18:46:12 UTC 2026","passed","Wed Mar 04 18:46:12 UTC 2026","","","",""
"Test cases for FuzzFoldl","0","FuzzFoldl","","Wed Mar 04 18:43:18 UTC 2026","passed","Wed Mar 04 18:43:18 UTC 2026","","Go Test","github.com/specterops/bloodhound/packages/go/slicesext/FuzzFoldl","FuzzFoldl"
"","3","returns true if arrays are referentially equal","areArraysSimilar","Wed Mar 04 18:47:25 UTC 2026","passed","Wed Mar 04 18:47:25 UTC 2026","","","",""
"Test cases for Test_parseAuthorizationHeader","0","Test_parseAuthorizationHeader","","Wed Mar 04 18:42:28 UTC 2026","passed","Wed Mar 04 18:42:28 UTC 2026","","Go Test","github.com/specterops/bloodhound/cmd/api/src/api/middleware/Test_parseAuthorizationHeader","Test_parseAuthorizationHeader"
"","0","returns null if paramValue is undefined","useEnvironmentParams","Wed Mar 04 18:47:43 UTC 2026","passed","Wed Mar 04 18:47:43 UTC 2026","","parseEnvironmentAggregation","",""
"","969","should call onSubmit with password when reset password button clicked","PasswordResetForm","Wed Mar 04 18:45:22 UTC 2026","passed","Wed Mar 04 18:45:23 UTC 2026","","","",""
"Test cases for TestParseOptionalLimitQueryParameter","89","TestParseOptionalLimitQueryParameter","","Wed Mar 04 18:42:36 UTC 2026","passed","Wed Mar 04 18:42:36 UTC 2026","","Go Test","github.com/specterops/bloodhound/cmd/api/src/api/v2/TestParseOptionalLimitQueryParameter","TestParseOptionalLimitQueryParameter"
"","979","should eventually render previously configured SSO providers","SSOConfiguration","Wed Mar 04 18:44:25 UTC 2026","passed","Wed Mar 04 18:44:26 UTC 2026","","","",""
"","6","should not render a Field when the provided value is """"","Field","Wed Mar 04 18:47:16 UTC 2026","passed","Wed Mar 04 18:47:16 UTC 2026","","","",""
"","419","renders analyze now section","AnalyzeNowConfiguration","Wed Mar 04 18:44:49 UTC 2026","passed","Wed Mar 04 18:44:50 UTC 2026","","","",""
"","682","calls the passed in select handler when clicking the Confirm button","Glyph Select Dialog","Wed Mar 04 18:47:23 UTC 2026","passed","Wed Mar 04 18:47:24 UTC 2026","","","",""
"Test cases for TestResources_DeleteSavedQuery_DBError","0","TestResources_DeleteSavedQuery_DBError","","Wed Mar 04 18:42:36 UTC 2026","passed","Wed Mar 04 18:42:36 UTC 2026","","Go Test","github.com/specterops/bloodhound/cmd/api/src/api/v2/TestResources_DeleteSavedQuery_DBError","TestResources_DeleteSavedQuery_DBError"
"","66","sets primarySearch, searchType, exploreSearchTab in URL params when the click handler is executed","useEdgeInfoItems","Wed Mar 04 18:46:03 UTC 2026","passed","Wed Mar 04 18:46:03 UTC 2026","","","",""
"","200","closes the dialog when the ""Cancel"" button is clicked","SchemaUploadDialog","Wed Mar 04 18:45:35 UTC 2026","passed","Wed Mar 04 18:45:36 UTC 2026","","","",""
"","130","links to the specified route with global params intact","AppLink","Wed Mar 04 18:46:02 UTC 2026","passed","Wed Mar 04 18:46:02 UTC 2026","","","",""
"","144","calls onSort when clicked","ColumnHeaders","Wed Mar 04 18:45:40 UTC 2026","passed","Wed Mar 04 18:45:40 UTC 2026","","SortableHeader","",""
"","0","fails for empty password","testPassword","Wed Mar 04 18:47:44 UTC 2026","passed","Wed Mar 04 18:47:44 UTC 2026","","","",""
"Test cases for TestActivateMFA_Success","967","TestActivateMFA_Success","","Wed Mar 04 18:43:07 UTC 2026","passed","Wed Mar 04 18:43:08 UTC 2026","","Go Test","github.com/specterops/bloodhound/cmd/api/src/api/v2/auth/TestActivateMFA_Success","TestActivateMFA_Success"
"Test cases for TestValidateRequestSignature","362","TestValidateRequestSignature","","Wed Mar 04 18:42:22 UTC 2026","passed","Wed Mar 04 18:42:23 UTC 2026","","Go Test","github.com/specterops/bloodhound/cmd/api/src/api/TestValidateRequestSignature","TestValidateRequestSignature"
"","0","should return true when tag partially matches term","OperationsFilterPlugin","Wed Mar 04 18:47:49 UTC 2026","passed","Wed Mar 04 18:47:49 UTC 2026","","","",""
"Test cases for TestResources_UpdateSavedQuery_QueryBelongsToAnotherUser","0","TestResources_UpdateSavedQuery_QueryBelongsToAnotherUser","","Wed Mar 04 18:42:36 UTC 2026","passed","Wed Mar 04 18:42:36 UTC 2026","","Go Test","github.com/specterops/bloodhound/cmd/api/src/api/v2/TestResources_UpdateSavedQuery_QueryBelongsToAnotherUser","TestResources_UpdateSavedQuery_QueryBelongsToAnotherUser"
"","171","shows all extensions when search is cleared","ActiveExtensionsCard","Wed Mar 04 18:43:45 UTC 2026","passed","Wed Mar 04 18:43:45 UTC 2026","","","",""
"","214","The edge properties are fetched through a cypher search which includes lastseen","EdgeObjectInformation","Wed Mar 04 18:45:56 UTC 2026","passed","Wed Mar 04 18:45:56 UTC 2026","","","",""
"Test cases for TestResources_ListADEntityRDPRights","0","TestResources_ListADEntityRDPRights","","Wed Mar 04 18:42:36 UTC 2026","passed","Wed Mar 04 18:42:36 UTC 2026","","Go Test","github.com/specterops/bloodhound/cmd/api/src/api/v2/TestResources_ListADEntityRDPRights","TestResources_ListADEntityRDPRights"
"","58","Searching for custom node type with databaseId returns node properties","useFetchEntityInfo","Wed Mar 04 18:45:27 UTC 2026","passed","Wed Mar 04 18:45:27 UTC 2026","","","",""
"","0","fails for password without uppercase letters","testPassword","Wed Mar 04 18:47:44 UTC 2026","passed","Wed Mar 04 18:47:44 UTC 2026","","","",""
"Test cases for TestQueries_GetEntityResults","0","TestQueries_GetEntityResults","","Wed Mar 04 18:42:46 UTC 2026","passed","Wed Mar 04 18:42:46 UTC 2026","","Go Test","github.com/specterops/bloodhound/cmd/api/src/queries/TestQueries_GetEntityResults","TestQueries_GetEntityResults"
"","64","applies the given filters","useFinishedJobs","Wed Mar 04 18:45:15 UTC 2026","passed","Wed Mar 04 18:45:15 UTC 2026","","","",""
"","114","renders enabled Zone tab and disabled Rule and Object tabs","Selected Details Tabs","Wed Mar 04 18:44:57 UTC 2026","passed","Wed Mar 04 18:44:58 UTC 2026","","Selected Details Tabs - Params present","",""
"Test cases for TestHandleDatabaseErrorNotFound","1","TestHandleDatabaseErrorNotFound","","Wed Mar 04 18:42:23 UTC 2026","passed","Wed Mar 04 18:42:23 UTC 2026","","Go Test","github.com/specterops/bloodhound/cmd/api/src/api/TestHandleDatabaseErrorNotFound","TestHandleDatabaseErrorNotFound"
"","0","does not change the day, month, or year value of the DateTime object","floorToNearestMinute","Wed Mar 04 18:47:03 UTC 2026","passed","Wed Mar 04 18:47:03 UTC 2026","","","",""
"","521","displays current password error messages when current password is empty","PasswordDialog","Wed Mar 04 18:43:53 UTC 2026","passed","Wed Mar 04 18:43:53 UTC 2026","","","",""
"Test cases for TestResources_ListPublishedToCAs","0","TestResources_ListPublishedToCAs","","Wed Mar 04 18:42:36 UTC 2026","passed","Wed Mar 04 18:42:36 UTC 2026","","Go Test","github.com/specterops/bloodhound/cmd/api/src/api/v2/TestResources_ListPublishedToCAs","TestResources_ListPublishedToCAs"
"","338","should call onClose when cancel button is clicked","SaveQueryDialog","Wed Mar 04 18:43:28 UTC 2026","passed","Wed Mar 04 18:43:28 UTC 2026","","","",""
"TestManifest_AddMigration tests that migrations are added to the correct locationwithin the migration map and in the correct order.","1","TestManifest_AddMigration","","Wed Mar 04 18:42:42 UTC 2026","passed","Wed Mar 04 18:42:42 UTC 2026","","Go Test","github.com/specterops/bloodhound/cmd/api/src/database/migration/TestManifest_AddMigration","TestManifest_AddMigration"
"","379","should render","PasswordResetForm","Wed Mar 04 18:45:21 UTC 2026","passed","Wed Mar 04 18:45:22 UTC 2026","","","",""
"","51","the queries in the list only include nodes and edges that are defined in our schema","common search list","Wed Mar 04 18:47:23 UTC 2026","passed","Wed Mar 04 18:47:23 UTC 2026","","","",""
"Test cases for TestManagementResource_ListAuthTokens_PredicateMismatchWithColumn","0","TestManagementResource_ListAuthTokens_PredicateMismatchWithColumn","","Wed Mar 04 18:42:57 UTC 2026","passed","Wed Mar 04 18:42:57 UTC 2026","","Go Test","github.com/specterops/bloodhound/cmd/api/src/api/v2/auth/TestManagementResource_ListAuthTokens_PredicateMismatchWithColumn","TestManagementResource_ListAuthTokens_PredicateMismatchWithColumn"
"","12","renders highlight only for active selector when ruleId is present","SelectedHighlight","Wed Mar 04 18:46:53 UTC 2026","passed","Wed Mar 04 18:46:53 UTC 2026","","","",""
"","195","clears value if input is empty","ManagedDatePicker - input","Wed Mar 04 18:45:34 UTC 2026","passed","Wed Mar 04 18:45:34 UTC 2026","","","",""
"","590","clears input when dialog is closed and reopened","ActiveExtensionsCard","Wed Mar 04 18:43:46 UTC 2026","passed","Wed Mar 04 18:43:47 UTC 2026","","","",""
"Test cases for TestIsValidContentTypeForUpload","0","TestIsValidContentTypeForUpload","","Wed Mar 04 18:42:36 UTC 2026","passed","Wed Mar 04 18:42:36 UTC 2026","","Go Test","github.com/specterops/bloodhound/cmd/api/src/api/v2/TestIsValidContentTypeForUpload","TestIsValidContentTypeForUpload"
"Test cases for TestIntSetValid","0","TestIntSetValid","","Wed Mar 04 18:42:43 UTC 2026","passed","Wed Mar 04 18:42:43 UTC 2026","","Go Test","github.com/specterops/bloodhound/cmd/api/src/database/types/null/TestIntSetValid","TestIntSetValid"
"Test cases for TestManagementResource_ListUsers_SortingError","1","TestManagementResource_ListUsers_SortingError","","Wed Mar 04 18:42:41 UTC 2026","passed","Wed Mar 04 18:42:41 UTC 2026","","Go Test","github.com/specterops/bloodhound/cmd/api/src/api/v2/auth/TestManagementResource_ListUsers_SortingError","TestManagementResource_ListUsers_SortingError"
"","217","shows some checked boxes","SourceKindsCheckboxes","Wed Mar 04 18:45:08 UTC 2026","passed","Wed Mar 04 18:45:08 UTC 2026","","","",""
"","0","returns the distance between two coordinates","getDistanceBetween","Wed Mar 04 18:48:51 UTC 2026","passed","Wed Mar 04 18:48:51 UTC 2026","","","",""
"","30","should display hidden node label for hidden node","EntityInfoHeader","Wed Mar 04 18:46:09 UTC 2026","passed","Wed Mar 04 18:46:09 UTC 2026","","","",""
"Test cases for TestResources_UpdateSavedQuery_NotAUserAuth","0","TestResources_UpdateSavedQuery_NotAUserAuth","","Wed Mar 04 18:42:36 UTC 2026","passed","Wed Mar 04 18:42:36 UTC 2026","","Go Test","github.com/specterops/bloodhound/cmd/api/src/api/v2/TestResources_UpdateSavedQuery_NotAUserAuth","TestResources_UpdateSavedQuery_NotAUserAuth"
"Test cases for TestRRuleValidator","0","TestRRuleValidator","","Wed Mar 04 18:43:01 UTC 2026","passed","Wed Mar 04 18:43:01 UTC 2026","","Go Test","github.com/specterops/bloodhound/cmd/api/src/utils/validation/TestRRuleValidator","TestRRuleValidator"
"","1073","should display all available SSO providers","UpdateUserDialog","Wed Mar 04 18:44:01 UTC 2026","passed","Wed Mar 04 18:44:02 UTC 2026","","","",""
"","155","renders a snackbar notification in the dom and tests the long autoHideDuration","AppNotifications","Wed Mar 04 18:46:31 UTC 2026","passed","Wed Mar 04 18:46:32 UTC 2026","","","",""
"","86","should render a button with the passed in display text","GraphButton","Wed Mar 04 18:47:47 UTC 2026","passed","Wed Mar 04 18:47:47 UTC 2026","","","",""
"","531","displays a warning dialog when mounted","EarlyAccessFeatures","Wed Mar 04 18:48:33 UTC 2026","passed","Wed Mar 04 18:48:33 UTC 2026","","","",""
"","496","clear validation error on input","ManagedDatePicker - date validation","Wed Mar 04 18:45:32 UTC 2026","passed","Wed Mar 04 18:45:33 UTC 2026","","","",""
"Test cases for TestFloatFrom","0","TestFloatFrom","","Wed Mar 04 18:42:43 UTC 2026","passed","Wed Mar 04 18:42:43 UTC 2026","","Go Test","github.com/specterops/bloodhound/cmd/api/src/database/types/null/TestFloatFrom","TestFloatFrom"
"Test cases for TestSignRequestTeeFailure","0","TestSignRequestTeeFailure","","Wed Mar 04 18:42:22 UTC 2026","passed","Wed Mar 04 18:42:22 UTC 2026","","Go Test","github.com/specterops/bloodhound/cmd/api/src/api/TestSignRequestTeeFailure","TestSignRequestTeeFailure"
"","214","should fire ""onClose"" once","UserTokenManagementDialog","Wed Mar 04 18:46:21 UTC 2026","passed","Wed Mar 04 18:46:21 UTC 2026","","when user clicks ""Close"" button","",""
"Test cases for TestResources_DeleteExtension","90","TestResources_DeleteExtension","","Wed Mar 04 18:42:36 UTC 2026","passed","Wed Mar 04 18:42:36 UTC 2026","","Go Test","github.com/specterops/bloodhound/cmd/api/src/api/v2/TestResources_DeleteExtension","TestResources_DeleteExtension"
"Test cases for Test_parseLatestVersion","0","Test_parseLatestVersion","","Wed Mar 04 18:43:19 UTC 2026","passed","Wed Mar 04 18:43:19 UTC 2026","","Go Test","github.com/specterops/bloodhound/packages/go/stbernard/git/Test_parseLatestVersion","Test_parseLatestVersion"
"","215","should display error message when error prop is provided","UpdateUserDialog","Wed Mar 04 18:44:03 UTC 2026","passed","Wed Mar 04 18:44:03 UTC 2026","","","",""
"","9","sets autoDisplayTable to false if query returns no results","useExploreTableAutoDisplay","Wed Mar 04 18:46:44 UTC 2026","passed","Wed Mar 04 18:46:44 UTC 2026","","","",""
"Test cases for TestParseKinds","0","TestParseKinds","","Wed Mar 04 18:43:02 UTC 2026","passed","Wed Mar 04 18:43:02 UTC 2026","","Go Test","github.com/specterops/bloodhound/packages/go/analysis/TestParseKinds","TestParseKinds"
"","174","allows a user to upload a single file and displays its name in the dialog","SchemaUploadDialog","Wed Mar 04 18:45:36 UTC 2026","passed","Wed Mar 04 18:45:36 UTC 2026","","","",""
"","182","on clicking switch shows modal and when clicking confirm closes it and switch changes to disabled","CitrixRDPConfiguration","Wed Mar 04 18:44:33 UTC 2026","passed","Wed Mar 04 18:44:33 UTC 2026","","Click on switch to disable","",""
"","8","does not render when selector data is not defined","Delete Selector Button rendering","Wed Mar 04 18:47:26 UTC 2026","passed","Wed Mar 04 18:47:26 UTC 2026","","","",""
"Test cases for TestResources_ListADOUContainedGroups","0","TestResources_ListADOUContainedGroups","","Wed Mar 04 18:42:36 UTC 2026","passed","Wed Mar 04 18:42:36 UTC 2026","","Go Test","github.com/specterops/bloodhound/cmd/api/src/api/v2/TestResources_ListADOUContainedGroups","TestResources_ListADOUContainedGroups"
"","14","does not render the tooltip icon when tooltipText prop is not passed","ColumnHeaders","Wed Mar 04 18:45:40 UTC 2026","passed","Wed Mar 04 18:45:40 UTC 2026","","SortableHeader with Tooltip","",""
"Test cases for TestURLJoinPathNoPrefix","0","TestURLJoinPathNoPrefix","","Wed Mar 04 18:42:23 UTC 2026","passed","Wed Mar 04 18:42:23 UTC 2026","","Go Test","github.com/specterops/bloodhound/cmd/api/src/api/TestURLJoinPathNoPrefix","TestURLJoinPathNoPrefix"
"Test cases for TestContextMiddleware_InvalidWaitLessThanZero","0","TestContextMiddleware_InvalidWaitLessThanZero","","Wed Mar 04 18:42:28 UTC 2026","passed","Wed Mar 04 18:42:28 UTC 2026","","Go Test","github.com/specterops/bloodhound/cmd/api/src/api/middleware/TestContextMiddleware_InvalidWaitLessThanZero","TestContextMiddleware_InvalidWaitLessThanZero"
"","5","should not render a Field when the provided value is []","Field","Wed Mar 04 18:47:16 UTC 2026","passed","Wed Mar 04 18:47:16 UTC 2026","","","",""
"","2","handles ISO 8601 formatted date strings and converts it into our standard date display format","Formatting string properties","Wed Mar 04 18:44:28 UTC 2026","passed","Wed Mar 04 18:44:28 UTC 2026","","","",""
"Test cases for Test_GetAssetGroupMembersByTag","3","Test_GetAssetGroupMembersByTag","","Wed Mar 04 18:42:36 UTC 2026","passed","Wed Mar 04 18:42:36 UTC 2026","","Go Test","github.com/specterops/bloodhound/cmd/api/src/api/v2/Test_GetAssetGroupMembersByTag","Test_GetAssetGroupMembersByTag"
"Test cases for TestContextMiddleware","0","TestContextMiddleware","","Wed Mar 04 18:42:28 UTC 2026","passed","Wed Mar 04 18:42:28 UTC 2026","","Go Test","github.com/specterops/bloodhound/cmd/api/src/api/middleware/TestContextMiddleware","TestContextMiddleware"
"Test cases for TestResources_StartIngestJob","96","TestResources_StartIngestJob","","Wed Mar 04 18:42:36 UTC 2026","passed","Wed Mar 04 18:42:36 UTC 2026","","Go Test","github.com/specterops/bloodhound/cmd/api/src/api/v2/TestResources_StartIngestJob","TestResources_StartIngestJob"
"Test cases for TestResources_ListAuditLogs_OnlySkip","0","TestResources_ListAuditLogs_OnlySkip","","Wed Mar 04 18:42:36 UTC 2026","passed","Wed Mar 04 18:42:36 UTC 2026","","Go Test","github.com/specterops/bloodhound/cmd/api/src/api/v2/TestResources_ListAuditLogs_OnlySkip","TestResources_ListAuditLogs_OnlySkip"
"","751","opens and closes the filter","FileIngestFilterDialog","Wed Mar 04 18:44:09 UTC 2026","passed","Wed Mar 04 18:44:09 UTC 2026","","","",""
"","25","does not show View in Explore if exploreUrl is not supplied","Seed Selection Results","Wed Mar 04 18:44:16 UTC 2026","passed","Wed Mar 04 18:44:16 UTC 2026","","","",""
"Test cases for TestResources_CreateAssetGroupTagSelector","4","TestResources_CreateAssetGroupTagSelector","","Wed Mar 04 18:42:36 UTC 2026","passed","Wed Mar 04 18:42:36 UTC 2026","","Go Test","github.com/specterops/bloodhound/cmd/api/src/api/v2/TestResources_CreateAssetGroupTagSelector","TestResources_CreateAssetGroupTagSelector"
"Test cases for TestResources_OpenGraphSchemaIngest","0","TestResources_OpenGraphSchemaIngest","","Wed Mar 04 18:42:36 UTC 2026","passed","Wed Mar 04 18:42:36 UTC 2026","","Go Test","github.com/specterops/bloodhound/cmd/api/src/api/v2/TestResources_OpenGraphSchemaIngest","TestResources_OpenGraphSchemaIngest"
"","0","falls back to the default Cypher message when ruleType is undefined and seeds are required","handleError","Wed Mar 04 18:44:12 UTC 2026","passed","Wed Mar 04 18:44:12 UTC 2026","","","",""
"","203","renders","EarlyAccessFeatureToggle","Wed Mar 04 18:48:48 UTC 2026","passed","Wed Mar 04 18:48:48 UTC 2026","","","",""
"Test cases for TestMaybeSubmitNodeUpdate","0","TestMaybeSubmitNodeUpdate","","Wed Mar 04 18:42:48 UTC 2026","passed","Wed Mar 04 18:42:48 UTC 2026","","Go Test","github.com/specterops/bloodhound/cmd/api/src/services/graphify/TestMaybeSubmitNodeUpdate","TestMaybeSubmitNodeUpdate"
"Test cases for TestParseLimitQueryParameter_BadFormat","0","TestParseLimitQueryParameter_BadFormat","","Wed Mar 04 18:42:36 UTC 2026","passed","Wed Mar 04 18:42:36 UTC 2026","","Go Test","github.com/specterops/bloodhound/cmd/api/src/api/v2/TestParseLimitQueryParameter_BadFormat","TestParseLimitQueryParameter_BadFormat"
"","55","uses the discardQueryParams prop to discard all query params on the link","AppLink","Wed Mar 04 18:46:02 UTC 2026","passed","Wed Mar 04 18:46:02 UTC 2026","","","",""
"Test cases for TestQueries_BuildEntityQueryParams_DataTypeCount","0","TestQueries_BuildEntityQueryParams_DataTypeCount","","Wed Mar 04 18:42:46 UTC 2026","passed","Wed Mar 04 18:42:46 UTC 2026","","Go Test","github.com/specterops/bloodhound/cmd/api/src/queries/TestQueries_BuildEntityQueryParams_DataTypeCount","TestQueries_BuildEntityQueryParams_DataTypeCount"
"Test cases for TestDeduplicateKinds","1","TestDeduplicateKinds","","Wed Mar 04 18:42:48 UTC 2026","passed","Wed Mar 04 18:42:48 UTC 2026","","Go Test","github.com/specterops/bloodhound/cmd/api/src/services/graphify/TestDeduplicateKinds","TestDeduplicateKinds"
"","0","handles percent values by multiplying by 100, truncating to an integer, and adding a ""%"" to the end","Formatting number properties","Wed Mar 04 18:44:28 UTC 2026","passed","Wed Mar 04 18:44:28 UTC 2026","","","",""
"","3430","Typing in the search bar filters the results","ExploreTable","Wed Mar 04 18:43:25 UTC 2026","passed","Wed Mar 04 18:43:28 UTC 2026","","","",""
"Test cases for TestManagementResource_GetSAMLProvider","19","TestManagementResource_GetSAMLProvider","","Wed Mar 04 18:43:08 UTC 2026","passed","Wed Mar 04 18:43:08 UTC 2026","","Go Test","github.com/specterops/bloodhound/cmd/api/src/api/v2/auth/TestManagementResource_GetSAMLProvider","TestManagementResource_GetSAMLProvider"
"Test cases for TestManagementResource_ListRoles_Filtered","0","TestManagementResource_ListRoles_Filtered","","Wed Mar 04 18:42:41 UTC 2026","passed","Wed Mar 04 18:42:41 UTC 2026","","Go Test","github.com/specterops/bloodhound/cmd/api/src/api/v2/auth/TestManagementResource_ListRoles_Filtered","TestManagementResource_ListRoles_Filtered"
"","1742","when user performs a pathfinding search, and then clicks the swap button, the start and destination inputs are swapped","Pathfinding: interaction","Wed Mar 04 18:45:04 UTC 2026","passed","Wed Mar 04 18:45:06 UTC 2026","","","",""
"Test cases for TestResources_ListAuditLogs_DBError","0","TestResources_ListAuditLogs_DBError","","Wed Mar 04 18:42:36 UTC 2026","passed","Wed Mar 04 18:42:36 UTC 2026","","Go Test","github.com/specterops/bloodhound/cmd/api/src/api/v2/TestResources_ListAuditLogs_DBError","TestResources_ListAuditLogs_DBError"
"","1747","hides the password field and removes the requirement when logged in with SSO","Users","Wed Mar 04 18:45:02 UTC 2026","passed","Wed Mar 04 18:45:03 UTC 2026","","","",""
"","1828","a cypher search 404 does not render the GraphViewErrorAlert","GraphView","Wed Mar 04 18:48:30 UTC 2026","passed","Wed Mar 04 18:48:32 UTC 2026","","","",""
"Test cases for TestQueries_BuildEntityQueryParams_MissingObjectID","0","TestQueries_BuildEntityQueryParams_MissingObjectID","","Wed Mar 04 18:42:46 UTC 2026","passed","Wed Mar 04 18:42:46 UTC 2026","","Go Test","github.com/specterops/bloodhound/cmd/api/src/queries/TestQueries_BuildEntityQueryParams_MissingObjectID","TestQueries_BuildEntityQueryParams_MissingObjectID"
"","635","filters by the selected status","FileIngestFilterDialog","Wed Mar 04 18:44:10 UTC 2026","passed","Wed Mar 04 18:44:11 UTC 2026","","Status Select","",""
"Test cases for TestParseOptionalBoolMisspelledValue","0","TestParseOptionalBoolMisspelledValue","","Wed Mar 04 18:42:22 UTC 2026","passed","Wed Mar 04 18:42:22 UTC 2026","","Go Test","github.com/specterops/bloodhound/cmd/api/src/api/TestParseOptionalBoolMisspelledValue","TestParseOptionalBoolMisspelledValue"
"","111","should call onCancel when return to login button clicked","OneTimePasscodeForm","Wed Mar 04 18:46:59 UTC 2026","passed","Wed Mar 04 18:46:59 UTC 2026","","","",""
"","28","does not set input text if no value is given","ManagedDatePicker - value","Wed Mar 04 18:45:33 UTC 2026","passed","Wed Mar 04 18:45:33 UTC 2026","","","",""
"","10","should render when search string at the end of the text","HighlightedText","Wed Mar 04 18:47:02 UTC 2026","passed","Wed Mar 04 18:47:02 UTC 2026","","","",""
"","122","enables returning a list of tags","the useAssetGroupTags utilities","Wed Mar 04 18:44:17 UTC 2026","passed","Wed Mar 04 18:44:17 UTC 2026","","","",""
"","12","should filter properties that we do not want to display in the entity panel","ObjectInfoFields","Wed Mar 04 18:47:16 UTC 2026","passed","Wed Mar 04 18:47:16 UTC 2026","","","",""
"Test cases for TestResources_ListADDomainForeignGroups","2","TestResources_ListADDomainForeignGroups","","Wed Mar 04 18:42:36 UTC 2026","passed","Wed Mar 04 18:42:36 UTC 2026","","Go Test","github.com/specterops/bloodhound/cmd/api/src/api/v2/TestResources_ListADDomainForeignGroups","TestResources_ListADDomainForeignGroups"
"","43","adds a notification - checks values","AppNotifications","Wed Mar 04 18:46:31 UTC 2026","passed","Wed Mar 04 18:46:31 UTC 2026","","","",""
"Test cases for TestMergeNodeKinds","0","TestMergeNodeKinds","","Wed Mar 04 18:42:48 UTC 2026","passed","Wed Mar 04 18:42:48 UTC 2026","","Go Test","github.com/specterops/bloodhound/cmd/api/src/services/graphify/TestMergeNodeKinds","TestMergeNodeKinds"
"Test cases for TestManagementResource_ListAuthTokens_Admin","0","TestManagementResource_ListAuthTokens_Admin","","Wed Mar 04 18:42:57 UTC 2026","passed","Wed Mar 04 18:42:57 UTC 2026","","Go Test","github.com/specterops/bloodhound/cmd/api/src/api/v2/auth/TestManagementResource_ListAuthTokens_Admin","TestManagementResource_ListAuthTokens_Admin"
"Test cases for TestResources_UpdateAssetGroupSelectors_SuccessT0","0","TestResources_UpdateAssetGroupSelectors_SuccessT0","","Wed Mar 04 18:42:36 UTC 2026","passed","Wed Mar 04 18:42:36 UTC 2026","","Go Test","github.com/specterops/bloodhound/cmd/api/src/api/v2/TestResources_UpdateAssetGroupSelectors_SuccessT0","TestResources_UpdateAssetGroupSelectors_SuccessT0"
"Test cases for TestGC_Start","1004","TestGC_Start","","Wed Mar 04 18:42:41 UTC 2026","passed","Wed Mar 04 18:42:42 UTC 2026","","Go Test","github.com/specterops/bloodhound/cmd/api/src/daemons/gc/TestGC_Start","TestGC_Start"
"Test cases for TestNormalizeToUTF8","1","TestNormalizeToUTF8","","Wed Mar 04 18:43:05 UTC 2026","passed","Wed Mar 04 18:43:05 UTC 2026","","Go Test","github.com/specterops/bloodhound/packages/go/bomenc/TestNormalizeToUTF8","TestNormalizeToUTF8"
"Test cases for TestResources_ListAvailableEnvironments","0","TestResources_ListAvailableEnvironments","","Wed Mar 04 18:42:36 UTC 2026","passed","Wed Mar 04 18:42:36 UTC 2026","","Go Test","github.com/specterops/bloodhound/cmd/api/src/api/v2/TestResources_ListAvailableEnvironments","TestResources_ListAvailableEnvironments"
"Test cases for TestPasswordValidator","0","TestPasswordValidator","","Wed Mar 04 18:43:01 UTC 2026","passed","Wed Mar 04 18:43:01 UTC 2026","","Go Test","github.com/specterops/bloodhound/cmd/api/src/utils/validation/TestPasswordValidator","TestPasswordValidator"
"Test cases for TestManagementResource_ListAuthProviders","1","TestManagementResource_ListAuthProviders","","Wed Mar 04 18:43:08 UTC 2026","passed","Wed Mar 04 18:43:08 UTC 2026","","Go Test","github.com/specterops/bloodhound/cmd/api/src/api/v2/auth/TestManagementResource_ListAuthProviders","TestManagementResource_ListAuthProviders"
"","54","passes data to testing component","SavedQueriesProvider","Wed Mar 04 18:47:27 UTC 2026","passed","Wed Mar 04 18:47:27 UTC 2026","","","",""
"Test cases for TestNewAuditLog_BadAuthContext","0","TestNewAuditLog_BadAuthContext","","Wed Mar 04 18:42:42 UTC 2026","passed","Wed Mar 04 18:42:42 UTC 2026","","Go Test","github.com/specterops/bloodhound/cmd/api/src/database/TestNewAuditLog_BadAuthContext","TestNewAuditLog_BadAuthContext"
"Test cases for Test_UseHarness","0","Test_UseHarness","","Wed Mar 04 18:43:07 UTC 2026","passed","Wed Mar 04 18:43:07 UTC 2026","","Go Test","github.com/specterops/bloodhound/packages/go/lab/Test_UseHarness","Test_UseHarness"
"","365","displays an autofocused text input","SearchCurrentNodes","Wed Mar 04 18:45:55 UTC 2026","passed","Wed Mar 04 18:45:55 UTC 2026","","","",""
"Test cases for TestNodeNamePrefix_String","1","TestNodeNamePrefix_String","","Wed Mar 04 18:43:04 UTC 2026","passed","Wed Mar 04 18:43:04 UTC 2026","","Go Test","github.com/specterops/bloodhound/packages/go/analysis/ad/wellknown/TestNodeNamePrefix_String","TestNodeNamePrefix_String"
"Test cases for TestMarshalBool","0","TestMarshalBool","","Wed Mar 04 18:42:43 UTC 2026","passed","Wed Mar 04 18:42:43 UTC 2026","","Go Test","github.com/specterops/bloodhound/cmd/api/src/database/types/null/TestMarshalBool","TestMarshalBool"
"","820","renders the node in the entity panel when member is clicked","GroupManagement","Wed Mar 04 18:48:34 UTC 2026","passed","Wed Mar 04 18:48:35 UTC 2026","","","",""
"","165","should render action list item that handles a function","MainNav","Wed Mar 04 18:44:08 UTC 2026","passed","Wed Mar 04 18:44:08 UTC 2026","","","",""
"Test cases for TestParseKind","1","TestParseKind","","Wed Mar 04 18:43:02 UTC 2026","passed","Wed Mar 04 18:43:02 UTC 2026","","Go Test","github.com/specterops/bloodhound/packages/go/analysis/TestParseKind","TestParseKind"
"","86","updates value when a valid date typed","ManagedDatePicker - value","Wed Mar 04 18:45:33 UTC 2026","passed","Wed Mar 04 18:45:33 UTC 2026","","","",""
"Test cases for TestMarshalInt64","0","TestMarshalInt64","","Wed Mar 04 18:42:43 UTC 2026","passed","Wed Mar 04 18:42:43 UTC 2026","","Go Test","github.com/specterops/bloodhound/cmd/api/src/database/types/null/TestMarshalInt64","TestMarshalInt64"
"","935","should not have less characters than the minimum requirement","CreateUserForm","Wed Mar 04 18:43:59 UTC 2026","passed","Wed Mar 04 18:44:00 UTC 2026","","","",""
"TestMigrator_GenerateManifestAfterVersion builds upon the GenerateManifest testby starting from different version points and spot checking migration counts.","0","TestMigrator_GenerateManifestAfterVersion","","Wed Mar 04 18:42:42 UTC 2026","passed","Wed Mar 04 18:42:42 UTC 2026","","Go Test","github.com/specterops/bloodhound/cmd/api/src/database/migration/TestMigrator_GenerateManifestAfterVersion","TestMigrator_GenerateManifestAfterVersion"
"","7","renders the LabelSelector when available and on a Label page","TagSelector","Wed Mar 04 18:46:02 UTC 2026","passed","Wed Mar 04 18:46:02 UTC 2026","","","",""
"Test cases for TestNormalizeEinNodeProperties","0","TestNormalizeEinNodeProperties","","Wed Mar 04 18:42:48 UTC 2026","passed","Wed Mar 04 18:42:48 UTC 2026","","Go Test","github.com/specterops/bloodhound/cmd/api/src/services/graphify/TestNormalizeEinNodeProperties","TestNormalizeEinNodeProperties"
"Test cases for TestMarshalString","0","TestMarshalString","","Wed Mar 04 18:42:43 UTC 2026","passed","Wed Mar 04 18:42:43 UTC 2026","","Go Test","github.com/specterops/bloodhound/cmd/api/src/database/types/null/TestMarshalString","TestMarshalString"
"","0","returns false if value is +0","searchParams","Wed Mar 04 18:46:16 UTC 2026","passed","Wed Mar 04 18:46:16 UTC 2026","","isEmptyParam","",""
"","688","renders a button and a menu","CreateMenu","Wed Mar 04 18:44:31 UTC 2026","passed","Wed Mar 04 18:44:32 UTC 2026","","oidc_support feature flag enabled","",""
"","9","renders nothing if flag is enabled and enabled prop is not provided","FeatureFlag","Wed Mar 04 18:46:40 UTC 2026","passed","Wed Mar 04 18:46:40 UTC 2026","","","",""
"","185","handles close event","ImportQueryDialog","Wed Mar 04 18:47:36 UTC 2026","passed","Wed Mar 04 18:47:36 UTC 2026","","","",""
"Test cases for TestGetAzureDataQualityStats_Failure","2","TestGetAzureDataQualityStats_Failure","","Wed Mar 04 18:42:36 UTC 2026","passed","Wed Mar 04 18:42:36 UTC 2026","","Go Test","github.com/specterops/bloodhound/cmd/api/src/api/v2/TestGetAzureDataQualityStats_Failure","TestGetAzureDataQualityStats_Failure"
"Test cases for TestTimeIsZero","0","TestTimeIsZero","","Wed Mar 04 18:42:43 UTC 2026","passed","Wed Mar 04 18:42:43 UTC 2026","","Go Test","github.com/specterops/bloodhound/cmd/api/src/database/types/null/TestTimeIsZero","TestTimeIsZero"
"Test cases for TestOrphanFileSweeper_Clear","1","TestOrphanFileSweeper_Clear","","Wed Mar 04 18:42:40 UTC 2026","passed","Wed Mar 04 18:42:40 UTC 2026","","Go Test","github.com/specterops/bloodhound/cmd/api/src/daemons/datapipe/TestOrphanFileSweeper_Clear","TestOrphanFileSweeper_Clear"
"","515","should not allow the input to exceed the allowed length","CreateUserForm","Wed Mar 04 18:44:00 UTC 2026","passed","Wed Mar 04 18:44:01 UTC 2026","","","",""
"Test cases for TestManagementResource_ListRoles_DBError","0","TestManagementResource_ListRoles_DBError","","Wed Mar 04 18:42:41 UTC 2026","passed","Wed Mar 04 18:42:41 UTC 2026","","Go Test","github.com/specterops/bloodhound/cmd/api/src/api/v2/auth/TestManagementResource_ListRoles_DBError","TestManagementResource_ListRoles_DBError"
"Test cases for Test_NewSpecWithHooks","0","Test_NewSpecWithHooks","","Wed Mar 04 18:43:07 UTC 2026","passed","Wed Mar 04 18:43:07 UTC 2026","","Go Test","github.com/specterops/bloodhound/packages/go/lab/Test_NewSpecWithHooks","Test_NewSpecWithHooks"
"Test cases for TestParseAGMembersFromNodes_","0","TestParseAGMembersFromNodes_","","Wed Mar 04 18:42:36 UTC 2026","passed","Wed Mar 04 18:42:36 UTC 2026","","Go Test","github.com/specterops/bloodhound/cmd/api/src/api/v2/TestParseAGMembersFromNodes_","TestParseAGMembersFromNodes_"
"","200","filters extensions based on search input","ActiveExtensionsCard","Wed Mar 04 18:43:44 UTC 2026","passed","Wed Mar 04 18:43:45 UTC 2026","","","",""
"Test cases for TestManagementResource_UpdateUser_UserSelfModify","900","TestManagementResource_UpdateUser_UserSelfModify","","Wed Mar 04 18:42:49 UTC 2026","passed","Wed Mar 04 18:42:50 UTC 2026","","Go Test","github.com/specterops/bloodhound/cmd/api/src/api/v2/auth/TestManagementResource_UpdateUser_UserSelfModify","TestManagementResource_UpdateUser_UserSelfModify"
"","289","renders no asset group edit options without graph write permissions","ContextMenu","Wed Mar 04 18:44:17 UTC 2026","passed","Wed Mar 04 18:44:17 UTC 2026","","","",""
"","24","should display a badge when role based filtering is true and show filter banner is true","EntityInfoPanel","Wed Mar 04 18:46:50 UTC 2026","passed","Wed Mar 04 18:46:50 UTC 2026","","","",""
"Test cases for TestBuildErrorResponseInternalServerError","1","TestBuildErrorResponseInternalServerError","","Wed Mar 04 18:42:23 UTC 2026","passed","Wed Mar 04 18:42:23 UTC 2026","","Go Test","github.com/specterops/bloodhound/cmd/api/src/api/TestBuildErrorResponseInternalServerError","TestBuildErrorResponseInternalServerError"
"","184","fires editQuery in context provider","ListItemActionMenu","Wed Mar 04 18:46:19 UTC 2026","passed","Wed Mar 04 18:46:19 UTC 2026","","","",""
"","131","Disable Analyze Now and change to Analyzing if datapipe status is different from ""idle""","AnalyzeNowConfiguration","Wed Mar 04 18:44:50 UTC 2026","passed","Wed Mar 04 18:44:50 UTC 2026","","","",""
"Test cases for TestParseSkipQueryParameter","0","TestParseSkipQueryParameter","","Wed Mar 04 18:42:36 UTC 2026","passed","Wed Mar 04 18:42:36 UTC 2026","","Go Test","github.com/specterops/bloodhound/cmd/api/src/api/v2/TestParseSkipQueryParameter","TestParseSkipQueryParameter"
"","414","accepts a valid file and allows the user to continue through the upload process","File Upload","Wed Mar 04 18:45:19 UTC 2026","passed","Wed Mar 04 18:45:19 UTC 2026","","","",""
"Test cases for TestResources_DeleteSavedQueryPermissions","0","TestResources_DeleteSavedQueryPermissions","","Wed Mar 04 18:42:36 UTC 2026","passed","Wed Mar 04 18:42:36 UTC 2026","","Go Test","github.com/specterops/bloodhound/cmd/api/src/api/v2/TestResources_DeleteSavedQueryPermissions","TestResources_DeleteSavedQueryPermissions"
"","91","renders the analysis toggle when multi tier analysis enabled is true and when editing an existing zone","Tag Form","Wed Mar 04 18:43:27 UTC 2026","passed","Wed Mar 04 18:43:27 UTC 2026","","","",""
"","1842","renders correct search elements after keypresses","GraphView","Wed Mar 04 18:48:34 UTC 2026","passed","Wed Mar 04 18:48:36 UTC 2026","","","",""
"","379","calls onToggleNodeLabels when click show all node labels","GraphControls","Wed Mar 04 18:44:07 UTC 2026","passed","Wed Mar 04 18:44:07 UTC 2026","","Toggling labels","",""
"","56","displays the value from filterParams.node_type","AssetGroupEdit","Wed Mar 04 18:44:31 UTC 2026","passed","Wed Mar 04 18:44:31 UTC 2026","","Node Type dropdown filter","",""
"Test cases for TestResources_ListAuditLogs_InvalidSkip","1","TestResources_ListAuditLogs_InvalidSkip","","Wed Mar 04 18:42:36 UTC 2026","passed","Wed Mar 04 18:42:36 UTC 2026","","Go Test","github.com/specterops/bloodhound/cmd/api/src/api/v2/TestResources_ListAuditLogs_InvalidSkip","TestResources_ListAuditLogs_InvalidSkip"
"Test cases for TestValidateTOTPSecret","0","TestValidateTOTPSecret","","Wed Mar 04 18:42:37 UTC 2026","passed","Wed Mar 04 18:42:37 UTC 2026","","Go Test","github.com/specterops/bloodhound/cmd/api/src/auth/TestValidateTOTPSecret","TestValidateTOTPSecret"
"","400","sets exploreSearchTab param to pathfinding when the user clicks the `pathfinding` tab","ExploreSearch sets searchType on tab changing","Wed Mar 04 18:48:15 UTC 2026","passed","Wed Mar 04 18:48:15 UTC 2026","","","",""
"","52","displays a warning when there is a problem fetching the list of collectors","DownloadCollectors","Wed Mar 04 18:48:14 UTC 2026","passed","Wed Mar 04 18:48:14 UTC 2026","","","",""
"Test cases for TestIntFromPtr","0","TestIntFromPtr","","Wed Mar 04 18:42:43 UTC 2026","passed","Wed Mar 04 18:42:43 UTC 2026","","Go Test","github.com/specterops/bloodhound/cmd/api/src/database/types/null/TestIntFromPtr","TestIntFromPtr"
"Test cases for TestResources_GetPathfindingResult","0","TestResources_GetPathfindingResult","","Wed Mar 04 18:42:36 UTC 2026","passed","Wed Mar 04 18:42:36 UTC 2026","","Go Test","github.com/specterops/bloodhound/cmd/api/src/api/v2/TestResources_GetPathfindingResult","TestResources_GetPathfindingResult"
"Test cases for TestResources_GetGPOEntityInfo","0","TestResources_GetGPOEntityInfo","","Wed Mar 04 18:42:36 UTC 2026","passed","Wed Mar 04 18:42:36 UTC 2026","","Go Test","github.com/specterops/bloodhound/cmd/api/src/api/v2/TestResources_GetGPOEntityInfo","TestResources_GetGPOEntityInfo"
"","171","displays the label for each result","SearchCurrentNodes","Wed Mar 04 18:45:56 UTC 2026","passed","Wed Mar 04 18:45:56 UTC 2026","","","",""
"Test cases for TestUnmarshalInt","0","TestUnmarshalInt","","Wed Mar 04 18:42:43 UTC 2026","passed","Wed Mar 04 18:42:43 UTC 2026","","Go Test","github.com/specterops/bloodhound/cmd/api/src/database/types/null/TestUnmarshalInt","TestUnmarshalInt"
"Test cases for Test_GetApplicationConfigurations","0","Test_GetApplicationConfigurations","","Wed Mar 04 18:42:36 UTC 2026","passed","Wed Mar 04 18:42:36 UTC 2026","","Go Test","github.com/specterops/bloodhound/cmd/api/src/api/v2/Test_GetApplicationConfigurations","Test_GetApplicationConfigurations"
"","214","passes item props to Header and Content","<DetailsAccordion />","Wed Mar 04 18:44:20 UTC 2026","passed","Wed Mar 04 18:44:20 UTC 2026","","","",""
"Test cases for TestWriteTimeWindowedResponse","0","TestWriteTimeWindowedResponse","","Wed Mar 04 18:42:23 UTC 2026","passed","Wed Mar 04 18:42:23 UTC 2026","","Go Test","github.com/specterops/bloodhound/cmd/api/src/api/TestWriteTimeWindowedResponse","TestWriteTimeWindowedResponse"
"Test cases for TestGetPlatformAggregateStats_Success","6","TestGetPlatformAggregateStats_Success","","Wed Mar 04 18:42:36 UTC 2026","passed","Wed Mar 04 18:42:36 UTC 2026","","Go Test","github.com/specterops/bloodhound/cmd/api/src/api/v2/TestGetPlatformAggregateStats_Success","TestGetPlatformAggregateStats_Success"
"","42","disables delete button for built-in extensions","ActiveExtensionsCard","Wed Mar 04 18:43:46 UTC 2026","passed","Wed Mar 04 18:43:46 UTC 2026","","","",""
"Test cases for TestQueries_BuildEntityQueryParams_InvalidSkip","0","TestQueries_BuildEntityQueryParams_InvalidSkip","","Wed Mar 04 18:42:46 UTC 2026","passed","Wed Mar 04 18:42:46 UTC 2026","","Go Test","github.com/specterops/bloodhound/cmd/api/src/queries/TestQueries_BuildEntityQueryParams_InvalidSkip","TestQueries_BuildEntityQueryParams_InvalidSkip"
"","114","upon selecting a source node, updates the URL with a searchType of 'node' and primarySearch of the node's objectid","useNodeSearch","Wed Mar 04 18:46:51 UTC 2026","passed","Wed Mar 04 18:46:51 UTC 2026","","","",""
"Test cases for TestResources_DeleteAssetGroupSelector","3","TestResources_DeleteAssetGroupSelector","","Wed Mar 04 18:42:36 UTC 2026","passed","Wed Mar 04 18:42:36 UTC 2026","","Go Test","github.com/specterops/bloodhound/cmd/api/src/api/v2/TestResources_DeleteAssetGroupSelector","TestResources_DeleteAssetGroupSelector"
"Test cases for TestManagementResource_DeleteUser_GetUserError","0","TestManagementResource_DeleteUser_GetUserError","","Wed Mar 04 18:42:53 UTC 2026","passed","Wed Mar 04 18:42:53 UTC 2026","","Go Test","github.com/specterops/bloodhound/cmd/api/src/api/v2/auth/TestManagementResource_DeleteUser_GetUserError","TestManagementResource_DeleteUser_GetUserError"
"","415","should not call onSave when Save button is clicked and form input is invalid","UpdateUserDialog","Wed Mar 04 18:43:59 UTC 2026","passed","Wed Mar 04 18:44:00 UTC 2026","","","",""
"","744","should display generate/revoke api tokens button","Api Keys","Wed Mar 04 18:46:23 UTC 2026","passed","Wed Mar 04 18:46:24 UTC 2026","","","",""
"","70","should display locally formatted numbers if they are larger than 999","LoadContainer","Wed Mar 04 18:47:52 UTC 2026","passed","Wed Mar 04 18:47:52 UTC 2026","","","",""
"","161","should display a toggle switch to enable multi-factor authentication","UserProfile","Wed Mar 04 18:44:40 UTC 2026","passed","Wed Mar 04 18:44:40 UTC 2026","","","",""
"","51","when `selectedItem` is provided, the combobox displays the icon","icon rendering","Wed Mar 04 18:44:37 UTC 2026","passed","Wed Mar 04 18:44:37 UTC 2026","","","",""
"","7","renders the ZoneSelector when available and on a Zone page","TagSelector","Wed Mar 04 18:46:02 UTC 2026","passed","Wed Mar 04 18:46:02 UTC 2026","","","",""
"Test cases for TestRequireAllEnvironmentAccessMiddleware","0","TestRequireAllEnvironmentAccessMiddleware","","Wed Mar 04 18:42:28 UTC 2026","passed","Wed Mar 04 18:42:28 UTC 2026","","Go Test","github.com/specterops/bloodhound/cmd/api/src/api/middleware/TestRequireAllEnvironmentAccessMiddleware","TestRequireAllEnvironmentAccessMiddleware"
"","183","Close button click causes the callback function to be called","ExploreTable","Wed Mar 04 18:43:25 UTC 2026","passed","Wed Mar 04 18:43:25 UTC 2026","","","",""
"Test cases for TestResources_ListADEntityConstrainedDelegationRights","0","TestResources_ListADEntityConstrainedDelegationRights","","Wed Mar 04 18:42:36 UTC 2026","passed","Wed Mar 04 18:42:36 UTC 2026","","Go Test","github.com/specterops/bloodhound/cmd/api/src/api/v2/TestResources_ListADEntityConstrainedDelegationRights","TestResources_ListADEntityConstrainedDelegationRights"
"Test cases for TestResources_ListADGroupMembers","1","TestResources_ListADGroupMembers","","Wed Mar 04 18:42:36 UTC 2026","passed","Wed Mar 04 18:42:36 UTC 2026","","Go Test","github.com/specterops/bloodhound/cmd/api/src/api/v2/TestResources_ListADGroupMembers","TestResources_ListADGroupMembers"
"Test cases for TestResources_GetContainerEntityInfo","202","TestResources_GetContainerEntityInfo","","Wed Mar 04 18:42:36 UTC 2026","passed","Wed Mar 04 18:42:36 UTC 2026","","Go Test","github.com/specterops/bloodhound/cmd/api/src/api/v2/TestResources_GetContainerEntityInfo","TestResources_GetContainerEntityInfo"
"Test cases for TestResources_GetBaseEntityInfo","171","TestResources_GetBaseEntityInfo","","Wed Mar 04 18:42:36 UTC 2026","passed","Wed Mar 04 18:42:36 UTC 2026","","Go Test","github.com/specterops/bloodhound/cmd/api/src/api/v2/TestResources_GetBaseEntityInfo","TestResources_GetBaseEntityInfo"
"","0","Empty input is provided","Parsing the debounced input for type and keyword values","Wed Mar 04 18:45:47 UTC 2026","passed","Wed Mar 04 18:45:47 UTC 2026","","","",""
"Test cases for TestResources_ListADComputerSessions","0","TestResources_ListADComputerSessions","","Wed Mar 04 18:42:36 UTC 2026","passed","Wed Mar 04 18:42:36 UTC 2026","","Go Test","github.com/specterops/bloodhound/cmd/api/src/api/v2/TestResources_ListADComputerSessions","TestResources_ListADComputerSessions"
"Test cases for TestCreateUser_Success","1097","TestCreateUser_Success","","Wed Mar 04 18:42:42 UTC 2026","passed","Wed Mar 04 18:42:43 UTC 2026","","Go Test","github.com/specterops/bloodhound/cmd/api/src/api/v2/auth/TestCreateUser_Success","TestCreateUser_Success"
"Test cases for TestQueries_BuildEntityQueryParams_InvalidLimit","0","TestQueries_BuildEntityQueryParams_InvalidLimit","","Wed Mar 04 18:42:46 UTC 2026","passed","Wed Mar 04 18:42:46 UTC 2026","","Go Test","github.com/specterops/bloodhound/cmd/api/src/queries/TestQueries_BuildEntityQueryParams_InvalidLimit","TestQueries_BuildEntityQueryParams_InvalidLimit"
"Test cases for FuzzFoldr","0","FuzzFoldr","","Wed Mar 04 18:43:18 UTC 2026","passed","Wed Mar 04 18:43:18 UTC 2026","","Go Test","github.com/specterops/bloodhound/packages/go/slicesext/FuzzFoldr","FuzzFoldr"
"","180","should should reflect the checked state for public query","SavedQueryPermissions","Wed Mar 04 18:46:08 UTC 2026","passed","Wed Mar 04 18:46:08 UTC 2026","","","",""
"Test cases for TestResources_ListAuditLogs_SortingError","0","TestResources_ListAuditLogs_SortingError","","Wed Mar 04 18:42:36 UTC 2026","passed","Wed Mar 04 18:42:36 UTC 2026","","Go Test","github.com/specterops/bloodhound/cmd/api/src/api/v2/TestResources_ListAuditLogs_SortingError","TestResources_ListAuditLogs_SortingError"
"Test cases for TestSelfDestructingTempFile","0","TestSelfDestructingTempFile","","Wed Mar 04 18:42:23 UTC 2026","passed","Wed Mar 04 18:42:23 UTC 2026","","Go Test","github.com/specterops/bloodhound/cmd/api/src/api/TestSelfDestructingTempFile","TestSelfDestructingTempFile"
"","0","properly displays bitwise integers","Formatting number properties","Wed Mar 04 18:44:28 UTC 2026","passed","Wed Mar 04 18:44:28 UTC 2026","","","",""
"","376","should call performSearch on keyboard press alt+R","CypherSearch","Wed Mar 04 18:45:42 UTC 2026","passed","Wed Mar 04 18:45:42 UTC 2026","","","",""
"","234","should display a searchbox with a placeholder when rendered","AssetGroupEdit","Wed Mar 04 18:46:07 UTC 2026","passed","Wed Mar 04 18:46:07 UTC 2026","","","",""
"Test cases for TestFeatureFlagManager","0","TestFeatureFlagManager","","Wed Mar 04 18:42:40 UTC 2026","passed","Wed Mar 04 18:42:40 UTC 2026","","Go Test","github.com/specterops/bloodhound/cmd/api/src/daemons/changelog/TestFeatureFlagManager","TestFeatureFlagManager"
"","1","should recognize azure properties","validating a node property against the shared generated schema","Wed Mar 04 18:44:28 UTC 2026","passed","Wed Mar 04 18:44:28 UTC 2026","","","",""
"Test cases for TestFoldl","2","TestFoldl","","Wed Mar 04 18:43:18 UTC 2026","passed","Wed Mar 04 18:43:18 UTC 2026","","Go Test","github.com/specterops/bloodhound/packages/go/slicesext/TestFoldl","TestFoldl"
"","112","should call ""onCancel one time""","Enable2FADialog","Wed Mar 04 18:46:27 UTC 2026","passed","Wed Mar 04 18:46:27 UTC 2026","","user clicks ""Cancel"" button","",""
"Test cases for TestGC_NewDataPruningDaemon","0","TestGC_NewDataPruningDaemon","","Wed Mar 04 18:42:41 UTC 2026","passed","Wed Mar 04 18:42:41 UTC 2026","","Go Test","github.com/specterops/bloodhound/cmd/api/src/daemons/gc/TestGC_NewDataPruningDaemon","TestGC_NewDataPruningDaemon"
"Test cases for TestJSONFloat_MarshalJSON","0","TestJSONFloat_MarshalJSON","","Wed Mar 04 18:42:43 UTC 2026","passed","Wed Mar 04 18:42:43 UTC 2026","","Go Test","github.com/specterops/bloodhound/cmd/api/src/database/types/nan/TestJSONFloat_MarshalJSON","TestJSONFloat_MarshalJSON"
"Test cases for TestManagementResource_ListRoles_PredicateMismatchWithColumn","0","TestManagementResource_ListRoles_PredicateMismatchWithColumn","","Wed Mar 04 18:42:41 UTC 2026","passed","Wed Mar 04 18:42:41 UTC 2026","","Go Test","github.com/specterops/bloodhound/cmd/api/src/api/v2/auth/TestManagementResource_ListRoles_PredicateMismatchWithColumn","TestManagementResource_ListRoles_PredicateMismatchWithColumn"
"Test cases for TestMarshalTime","1","TestMarshalTime","","Wed Mar 04 18:42:43 UTC 2026","passed","Wed Mar 04 18:42:43 UTC 2026","","Go Test","github.com/specterops/bloodhound/cmd/api/src/database/types/null/TestMarshalTime","TestMarshalTime"
"","2","determines glyphs with the tier_managent_engine feature flag disabled","getNodeGlyphs","Wed Mar 04 18:48:25 UTC 2026","passed","Wed Mar 04 18:48:25 UTC 2026","","","",""
"Test cases for TestConvertOUToNode_InheritanceHashes","0","TestConvertOUToNode_InheritanceHashes","","Wed Mar 04 18:43:06 UTC 2026","passed","Wed Mar 04 18:43:06 UTC 2026","","Go Test","github.com/specterops/bloodhound/packages/go/ein/TestConvertOUToNode_InheritanceHashes","TestConvertOUToNode_InheritanceHashes"
"Test cases for TestGraphQuery_PrepareCypherQuery","42","TestGraphQuery_PrepareCypherQuery","","Wed Mar 04 18:42:46 UTC 2026","passed","Wed Mar 04 18:42:46 UTC 2026","","Go Test","github.com/specterops/bloodhound/cmd/api/src/queries/TestGraphQuery_PrepareCypherQuery","TestGraphQuery_PrepareCypherQuery"
"","9","shows date placeholder if no hint is given","ManagedDatePicker - placeholders","Wed Mar 04 18:45:33 UTC 2026","passed","Wed Mar 04 18:45:33 UTC 2026","","","",""
"","59","passes the check for at least one permission if the user is missing one of many required permissions","usePermissions","Wed Mar 04 18:44:36 UTC 2026","passed","Wed Mar 04 18:44:36 UTC 2026","","","",""
"","10","should render a Field when the provided value is 0","Field","Wed Mar 04 18:47:16 UTC 2026","passed","Wed Mar 04 18:47:16 UTC 2026","","","",""
"","0","calls transformToFlatGraphResponse when graphData matches GraphResponse interface","normalizeGraphDataForSigma","Wed Mar 04 18:48:50 UTC 2026","passed","Wed Mar 04 18:48:50 UTC 2026","","","",""
"Test cases for TestMatches_FailureStatus","0","TestMatches_FailureStatus","","Wed Mar 04 18:42:45 UTC 2026","passed","Wed Mar 04 18:42:45 UTC 2026","","Go Test","github.com/specterops/bloodhound/cmd/api/src/model/TestMatches_FailureStatus","TestMatches_FailureStatus"
"","0","uppercases boolean values","Formatting boolean properties","Wed Mar 04 18:44:28 UTC 2026","passed","Wed Mar 04 18:44:28 UTC 2026","","","",""
"","109","renders a single item when items is an object","<DetailsAccordion />","Wed Mar 04 18:44:20 UTC 2026","passed","Wed Mar 04 18:44:20 UTC 2026","","","",""
"","8","safely handles removing nonexistent key","useObjectState","Wed Mar 04 18:47:02 UTC 2026","passed","Wed Mar 04 18:47:02 UTC 2026","","","",""
"","464","renders trigger button and dropdown items","TagToZoneLabel","Wed Mar 04 18:43:36 UTC 2026","passed","Wed Mar 04 18:43:36 UTC 2026","","","",""
"","458","sets exploreSearchTab param to node when the user clicks the `Search` tab","ExploreSearch sets searchType on tab changing","Wed Mar 04 18:48:14 UTC 2026","passed","Wed Mar 04 18:48:15 UTC 2026","","","",""
"","53","returns when zone limit is reached","useTagLimits","Wed Mar 04 18:43:52 UTC 2026","passed","Wed Mar 04 18:43:52 UTC 2026","","","",""
"","7","when password is expired and on password reset page, no redirect occurs","AuthenticatedRoute","Wed Mar 04 18:48:42 UTC 2026","passed","Wed Mar 04 18:48:42 UTC 2026","","","",""
"Test cases for TestResources_CreateCustomNodeKindsTest","114","TestResources_CreateCustomNodeKindsTest","","Wed Mar 04 18:42:36 UTC 2026","passed","Wed Mar 04 18:42:36 UTC 2026","","Go Test","github.com/specterops/bloodhound/cmd/api/src/api/v2/TestResources_CreateCustomNodeKindsTest","TestResources_CreateCustomNodeKindsTest"
"Test cases for TestTimeExactEqual","0","TestTimeExactEqual","","Wed Mar 04 18:42:43 UTC 2026","passed","Wed Mar 04 18:42:43 UTC 2026","","Go Test","github.com/specterops/bloodhound/cmd/api/src/database/types/null/TestTimeExactEqual","TestTimeExactEqual"
"Test cases for TestURLJoinPathEscapesSlashes","0","TestURLJoinPathEscapesSlashes","","Wed Mar 04 18:42:23 UTC 2026","passed","Wed Mar 04 18:42:23 UTC 2026","","Go Test","github.com/specterops/bloodhound/cmd/api/src/api/TestURLJoinPathEscapesSlashes","TestURLJoinPathEscapesSlashes"
"Test cases for TestResources_ShareSavedQueriesPermissions_CanUpdateSavedQueriesPermission","5","TestResources_ShareSavedQueriesPermissions_CanUpdateSavedQueriesPermission","","Wed Mar 04 18:42:36 UTC 2026","passed","Wed Mar 04 18:42:36 UTC 2026","","Go Test","github.com/specterops/bloodhound/cmd/api/src/api/v2/TestResources_ShareSavedQueriesPermissions_CanUpdateSavedQueriesPermission","TestResources_ShareSavedQueriesPermissions_CanUpdateSavedQueriesPermission"
"Test cases for TestStringScan","0","TestStringScan","","Wed Mar 04 18:42:43 UTC 2026","passed","Wed Mar 04 18:42:43 UTC 2026","","Go Test","github.com/specterops/bloodhound/cmd/api/src/database/types/null/TestStringScan","TestStringScan"
"Test cases for TestRequestWaitDuration","0","TestRequestWaitDuration","","Wed Mar 04 18:42:28 UTC 2026","passed","Wed Mar 04 18:42:28 UTC 2026","","Go Test","github.com/specterops/bloodhound/cmd/api/src/api/middleware/TestRequestWaitDuration","TestRequestWaitDuration"
"Test cases for TestManagementResource_CreateSAMLProviderMultipart","25","TestManagementResource_CreateSAMLProviderMultipart","","Wed Mar 04 18:43:08 UTC 2026","passed","Wed Mar 04 18:43:08 UTC 2026","","Go Test","github.com/specterops/bloodhound/cmd/api/src/api/v2/auth/TestManagementResource_CreateSAMLProviderMultipart","TestManagementResource_CreateSAMLProviderMultipart"
"","3100","The password reset dialog is opened when switching a user from SAML based authentication to username/password based authentication","Users","Wed Mar 04 18:44:54 UTC 2026","passed","Wed Mar 04 18:44:57 UTC 2026","","","",""
"","11","renders disabled prop when flag is not enabled","FeatureFlag","Wed Mar 04 18:46:40 UTC 2026","passed","Wed Mar 04 18:46:40 UTC 2026","","","",""
"","248","Toggles node and edge labels on/off depending on their existing state","GraphControls","Wed Mar 04 18:44:08 UTC 2026","passed","Wed Mar 04 18:44:08 UTC 2026","","Toggling labels","",""
"","235","toggles sort order when clicking sortable header","RulesAccordion","Wed Mar 04 18:45:51 UTC 2026","passed","Wed Mar 04 18:45:51 UTC 2026","","","",""
"","414","renders the form for creating a new zone","Tag Form","Wed Mar 04 18:43:26 UTC 2026","passed","Wed Mar 04 18:43:26 UTC 2026","","","",""
"","104","does not show View in Explore if in object rule type","Seed Selection Results","Wed Mar 04 18:44:16 UTC 2026","passed","Wed Mar 04 18:44:16 UTC 2026","","","",""
"","396","does fires TagToLabelDialog when the Label option is clicked","TagToZoneLabel","Wed Mar 04 18:43:37 UTC 2026","passed","Wed Mar 04 18:43:37 UTC 2026","","","",""
"Test cases for TestManagementResource_UpdateUser_LookupActiveSessionsError","1009","TestManagementResource_UpdateUser_LookupActiveSessionsError","","Wed Mar 04 18:42:50 UTC 2026","passed","Wed Mar 04 18:42:51 UTC 2026","","Go Test","github.com/specterops/bloodhound/cmd/api/src/api/v2/auth/TestManagementResource_UpdateUser_LookupActiveSessionsError","TestManagementResource_UpdateUser_LookupActiveSessionsError"
"","64","when session token or user are null, redirects to /login","AuthenticatedRoute","Wed Mar 04 18:48:42 UTC 2026","passed","Wed Mar 04 18:48:42 UTC 2026","","","",""
"Test cases for TestQueryParameterFilterParser_ParseQueryParameterFilter","1","TestQueryParameterFilterParser_ParseQueryParameterFilter","","Wed Mar 04 18:42:45 UTC 2026","passed","Wed Mar 04 18:42:45 UTC 2026","","Go Test","github.com/specterops/bloodhound/cmd/api/src/model/TestQueryParameterFilterParser_ParseQueryParameterFilter","TestQueryParameterFilterParser_ParseQueryParameterFilter"
"","52","has no checked boxes by default","SourceKindsCheckboxes","Wed Mar 04 18:45:08 UTC 2026","passed","Wed Mar 04 18:45:08 UTC 2026","","","",""
"Test cases for Test_filterNodesToSearchResult_includeOpenGraphNodes","0","Test_filterNodesToSearchResult_includeOpenGraphNodes","","Wed Mar 04 18:42:46 UTC 2026","passed","Wed Mar 04 18:42:46 UTC 2026","","Go Test","github.com/specterops/bloodhound/cmd/api/src/queries/Test_filterNodesToSearchResult_includeOpenGraphNodes","Test_filterNodesToSearchResult_includeOpenGraphNodes"
"","1","should recognize a common properties","validating a node property against the shared generated schema","Wed Mar 04 18:44:28 UTC 2026","passed","Wed Mar 04 18:44:28 UTC 2026","","","",""
"Test cases for TestGetOrderForNeo4jQuery","0","TestGetOrderForNeo4jQuery","","Wed Mar 04 18:43:00 UTC 2026","passed","Wed Mar 04 18:43:00 UTC 2026","","Go Test","github.com/specterops/bloodhound/cmd/api/src/utils/TestGetOrderForNeo4jQuery","TestGetOrderForNeo4jQuery"
"Test cases for TestLoginExpiry","1","TestLoginExpiry","","Wed Mar 04 18:43:08 UTC 2026","passed","Wed Mar 04 18:43:08 UTC 2026","","Go Test","github.com/specterops/bloodhound/cmd/api/src/api/v2/auth/TestLoginExpiry","TestLoginExpiry"
"","117","should have a disabled continue button","TagToZoneLabelDialog","Wed Mar 04 18:45:46 UTC 2026","passed","Wed Mar 04 18:45:46 UTC 2026","","","",""
"Test cases for Test_NewRequestSignature","0","Test_NewRequestSignature","","Wed Mar 04 18:42:22 UTC 2026","passed","Wed Mar 04 18:42:22 UTC 2026","","Go Test","github.com/specterops/bloodhound/cmd/api/src/api/Test_NewRequestSignature","Test_NewRequestSignature"
"Test cases for TestService","1","TestService","","Wed Mar 04 18:42:47 UTC 2026","passed","Wed Mar 04 18:42:47 UTC 2026","","Go Test","github.com/specterops/bloodhound/cmd/api/src/services/dogtags/TestService","TestService"
"","0","returns disabled if relationshipQueryItemId does not have a matching sourceId, edgeType, targetId","useExploreGraph","Wed Mar 04 18:45:11 UTC 2026","passed","Wed Mar 04 18:45:11 UTC 2026","composition search queries","exploreGraphQueryFactory","",""
"Test cases for TestResources_GetDatabaseCompleteness","104","TestResources_GetDatabaseCompleteness","","Wed Mar 04 18:42:36 UTC 2026","passed","Wed Mar 04 18:42:36 UTC 2026","","Go Test","github.com/specterops/bloodhound/cmd/api/src/api/v2/TestResources_GetDatabaseCompleteness","TestResources_GetDatabaseCompleteness"
"","77","displays active styles for the selected layout when explore table is enabled","GraphControls","Wed Mar 04 18:44:08 UTC 2026","passed","Wed Mar 04 18:44:09 UTC 2026","","Selecting a layout","",""
"Test cases for Test_GetAssetGroupMembersBySelector","0","Test_GetAssetGroupMembersBySelector","","Wed Mar 04 18:42:36 UTC 2026","passed","Wed Mar 04 18:42:36 UTC 2026","","Go Test","github.com/specterops/bloodhound/cmd/api/src/api/v2/Test_GetAssetGroupMembersBySelector","Test_GetAssetGroupMembersBySelector"
"","911","handles adding to tier zero asset group","AssetGroupMenuItem","Wed Mar 04 18:48:12 UTC 2026","passed","Wed Mar 04 18:48:13 UTC 2026","","adding to an asset group","",""
"","254","should call the checkbox filter function when clicking on a checkbox input","Checkbox group","Wed Mar 04 18:47:31 UTC 2026","passed","Wed Mar 04 18:47:31 UTC 2026","","","",""
"Test cases for TestManagementResource_ListPermissions_SortingError","0","TestManagementResource_ListPermissions_SortingError","","Wed Mar 04 18:42:41 UTC 2026","passed","Wed Mar 04 18:42:41 UTC 2026","","Go Test","github.com/specterops/bloodhound/cmd/api/src/api/v2/auth/TestManagementResource_ListPermissions_SortingError","TestManagementResource_ListPermissions_SortingError"
"Test cases for TestManagementResource_ListUsers_InvalidFilterPredicate","0","TestManagementResource_ListUsers_InvalidFilterPredicate","","Wed Mar 04 18:42:41 UTC 2026","passed","Wed Mar 04 18:42:41 UTC 2026","","Go Test","github.com/specterops/bloodhound/cmd/api/src/api/v2/auth/TestManagementResource_ListUsers_InvalidFilterPredicate","TestManagementResource_ListUsers_InvalidFilterPredicate"
"","0","returns paramValue as EnvironmentAggregation if paramValue is all","useEnvironmentParams","Wed Mar 04 18:47:43 UTC 2026","passed","Wed Mar 04 18:47:43 UTC 2026","","parseEnvironmentAggregation","",""
"","175","Verify Vault Reader count is the count returned by All Readers","EntityInfoDataTable","Wed Mar 04 18:44:42 UTC 2026","passed","Wed Mar 04 18:44:42 UTC 2026","","Node count for Vault Readers nested table","",""
"Test cases for TestTypes_Value","0","TestTypes_Value","","Wed Mar 04 18:42:43 UTC 2026","passed","Wed Mar 04 18:42:43 UTC 2026","","Go Test","github.com/specterops/bloodhound/cmd/api/src/database/types/TestTypes_Value","TestTypes_Value"
"","15","displays lastlogon cell as NEVER when the value is -1","ExploreTableDataCell","Wed Mar 04 18:47:05 UTC 2026","passed","Wed Mar 04 18:47:05 UTC 2026","","","",""
"","684","displays correct content based on platform filter Azure","CommonSearches","Wed Mar 04 18:44:24 UTC 2026","passed","Wed Mar 04 18:44:25 UTC 2026","","","",""
"","148","fires onSelect prop when a result is clicked","SearchCurrentNodes","Wed Mar 04 18:45:56 UTC 2026","passed","Wed Mar 04 18:45:56 UTC 2026","","","",""
"","152","displays a table of completed ingest logs","FileIngest","Wed Mar 04 18:46:55 UTC 2026","passed","Wed Mar 04 18:46:55 UTC 2026","","","",""
"","166","does not make feature-flag request if user is not fully authenticated","app","Wed Mar 04 18:48:42 UTC 2026","passed","Wed Mar 04 18:48:42 UTC 2026","","<Inner />","",""
"","365","clicking a delete button calls deleteHandler","PrebuiltSearchList","Wed Mar 04 18:46:12 UTC 2026","passed","Wed Mar 04 18:46:12 UTC 2026","","","",""
"Test cases for TestGetADDataQualityStats_Success","0","TestGetADDataQualityStats_Success","","Wed Mar 04 18:42:36 UTC 2026","passed","Wed Mar 04 18:42:36 UTC 2026","","Go Test","github.com/specterops/bloodhound/cmd/api/src/api/v2/TestGetADDataQualityStats_Success","TestGetADDataQualityStats_Success"
"","215","navigates to all rules when clicking ""All Rules""","RulesAccordion","Wed Mar 04 18:45:50 UTC 2026","passed","Wed Mar 04 18:45:51 UTC 2026","","","",""
"","62","passes checks if the user has multiple required permissions","usePermissions","Wed Mar 04 18:44:36 UTC 2026","passed","Wed Mar 04 18:44:36 UTC 2026","","","",""
"Test cases for TestResources_ListUsersMinimal","2","TestResources_ListUsersMinimal","","Wed Mar 04 18:43:08 UTC 2026","passed","Wed Mar 04 18:43:08 UTC 2026","","Go Test","github.com/specterops/bloodhound/cmd/api/src/api/v2/auth/TestResources_ListUsersMinimal","TestResources_ListUsersMinimal"
"","399","should not call onSave when Save button is clicked and form input is invalid","CreateUserDialog","Wed Mar 04 18:43:57 UTC 2026","passed","Wed Mar 04 18:43:57 UTC 2026","","","",""
"Test cases for TestSetValuesFromEnv","0","TestSetValuesFromEnv","","Wed Mar 04 18:42:39 UTC 2026","passed","Wed Mar 04 18:42:39 UTC 2026","","Go Test","github.com/specterops/bloodhound/cmd/api/src/config/TestSetValuesFromEnv","TestSetValuesFromEnv"
"Test cases for TestOpenGraphSchemaService_ListExtensions","2","TestOpenGraphSchemaService_ListExtensions","","Wed Mar 04 18:42:48 UTC 2026","passed","Wed Mar 04 18:42:48 UTC 2026","","Go Test","github.com/specterops/bloodhound/cmd/api/src/services/opengraphschema/TestOpenGraphSchemaService_ListExtensions","TestOpenGraphSchemaService_ListExtensions"
"","180","should call the onClick function when clicked","GraphButton","Wed Mar 04 18:47:47 UTC 2026","passed","Wed Mar 04 18:47:47 UTC 2026","","","",""
"","1","returns false when WebGL is not available in the current browser context","WebGL compatibility check","Wed Mar 04 18:47:51 UTC 2026","passed","Wed Mar 04 18:47:51 UTC 2026","","","",""
"","251","renders a list of pre-built searches","PrebuiltSearchList","Wed Mar 04 18:46:12 UTC 2026","passed","Wed Mar 04 18:46:12 UTC 2026","","","",""
"Test cases for Test_hasCycle","1","Test_hasCycle","","Wed Mar 04 18:43:07 UTC 2026","passed","Wed Mar 04 18:43:07 UTC 2026","","Go Test","github.com/specterops/bloodhound/packages/go/lab/Test_hasCycle","Test_hasCycle"
"","2","isLoading returns as expected based on all queries combined","queriesAreLoadingOrErrored","Wed Mar 04 18:47:43 UTC 2026","passed","Wed Mar 04 18:47:43 UTC 2026","","","",""
"","1191","handles copying the name","CopyMenuItem","Wed Mar 04 18:47:40 UTC 2026","passed","Wed Mar 04 18:47:41 UTC 2026","","","",""
"","256","sets a secondary=id and searchType=pathfinding when primary is truethy","ContextMenu","Wed Mar 04 18:44:18 UTC 2026","passed","Wed Mar 04 18:44:18 UTC 2026","","","",""
"","3","returns paramValue if it is one of the expected values","useExploreParams","Wed Mar 04 18:47:49 UTC 2026","passed","Wed Mar 04 18:47:49 UTC 2026","","parseSearchType","",""
"","181","should render","NoDataDialog","Wed Mar 04 18:47:41 UTC 2026","passed","Wed Mar 04 18:47:41 UTC 2026","","","",""
"","178","opens and closes the dialog with the cancel button","Tag Form","Wed Mar 04 18:43:30 UTC 2026","passed","Wed Mar 04 18:43:30 UTC 2026","","","",""
"Test cases for TestResources_GetAIACAEntityInfo","200","TestResources_GetAIACAEntityInfo","","Wed Mar 04 18:42:36 UTC 2026","passed","Wed Mar 04 18:42:36 UTC 2026","","Go Test","github.com/specterops/bloodhound/cmd/api/src/api/v2/TestResources_GetAIACAEntityInfo","TestResources_GetAIACAEntityInfo"
"Test cases for TestUnmarshalBool","0","TestUnmarshalBool","","Wed Mar 04 18:42:43 UTC 2026","passed","Wed Mar 04 18:42:43 UTC 2026","","Go Test","github.com/specterops/bloodhound/cmd/api/src/database/types/null/TestUnmarshalBool","TestUnmarshalBool"
"","41","applies accent styling to headers when accent is true","<DetailsAccordion />","Wed Mar 04 18:44:20 UTC 2026","passed","Wed Mar 04 18:44:21 UTC 2026","","","",""
"","0","returns Object ID message when ruleType is SeedTypeObjectId and seeds are required","getErrorMessage","Wed Mar 04 18:44:12 UTC 2026","passed","Wed Mar 04 18:44:12 UTC 2026","","","",""
"Test cases for TestSavedQueries_IsSortable","0","TestSavedQueries_IsSortable","","Wed Mar 04 18:42:45 UTC 2026","passed","Wed Mar 04 18:42:45 UTC 2026","","Go Test","github.com/specterops/bloodhound/cmd/api/src/model/TestSavedQueries_IsSortable","TestSavedQueries_IsSortable"
"Test cases for TestResources_ToggleFlag","0","TestResources_ToggleFlag","","Wed Mar 04 18:42:36 UTC 2026","passed","Wed Mar 04 18:42:36 UTC 2026","","Go Test","github.com/specterops/bloodhound/cmd/api/src/api/v2/TestResources_ToggleFlag","TestResources_ToggleFlag"
"Test cases for TestResources_CreateSavedQuery_EmptyBody","0","TestResources_CreateSavedQuery_EmptyBody","","Wed Mar 04 18:42:36 UTC 2026","passed","Wed Mar 04 18:42:36 UTC 2026","","Go Test","github.com/specterops/bloodhound/cmd/api/src/api/v2/TestResources_CreateSavedQuery_EmptyBody","TestResources_CreateSavedQuery_EmptyBody"
"Test cases for TestGenericClone","0","TestGenericClone","","Wed Mar 04 18:43:00 UTC 2026","passed","Wed Mar 04 18:43:00 UTC 2026","","Go Test","github.com/specterops/bloodhound/cmd/api/src/utils/TestGenericClone","TestGenericClone"
"","17","should display hidden label for hidden edge","EdgeInfoHeader","Wed Mar 04 18:46:27 UTC 2026","passed","Wed Mar 04 18:46:27 UTC 2026","","","",""
"","126","renders enabled Zone and Rule tabs and disabled Object tab","Selected Details Tabs","Wed Mar 04 18:44:58 UTC 2026","passed","Wed Mar 04 18:44:58 UTC 2026","","Selected Details Tabs - Params present","",""
"","61","should hide Environmental Targeted Access Control panel when showEnvironmentAccessControls prop is false","CreateUserForm","Wed Mar 04 18:44:03 UTC 2026","passed","Wed Mar 04 18:44:03 UTC 2026","","","",""
"Test cases for TestResources_ListAuditLogs_InvalidPredicate","0","TestResources_ListAuditLogs_InvalidPredicate","","Wed Mar 04 18:42:36 UTC 2026","passed","Wed Mar 04 18:42:36 UTC 2026","","Go Test","github.com/specterops/bloodhound/cmd/api/src/api/v2/TestResources_ListAuditLogs_InvalidPredicate","TestResources_ListAuditLogs_InvalidPredicate"
"Test cases for Test_ParseAndValidate","7","Test_ParseAndValidate","","Wed Mar 04 18:43:05 UTC 2026","passed","Wed Mar 04 18:43:05 UTC 2026","","Go Test","github.com/specterops/bloodhound/packages/go/chow/ingestvalidator/Test_ParseAndValidate","Test_ParseAndValidate"
"","6","does not return when label limit is not reached","useTagLimits","Wed Mar 04 18:43:52 UTC 2026","passed","Wed Mar 04 18:43:52 UTC 2026","","","",""
"Test cases for TestBoolFrom","0","TestBoolFrom","","Wed Mar 04 18:42:43 UTC 2026","passed","Wed Mar 04 18:42:43 UTC 2026","","Go Test","github.com/specterops/bloodhound/cmd/api/src/database/types/null/TestBoolFrom","TestBoolFrom"
"Test cases for TestCache_NewCache","1","TestCache_NewCache","","Wed Mar 04 18:43:05 UTC 2026","passed","Wed Mar 04 18:43:05 UTC 2026","","Go Test","github.com/specterops/bloodhound/packages/go/cache/TestCache_NewCache","TestCache_NewCache"
"","78","clicking a disabled header does not toggle content","<DetailsAccordion />","Wed Mar 04 18:44:21 UTC 2026","passed","Wed Mar 04 18:44:21 UTC 2026","","","",""
"","52","Gets focus on keyboard shortcut","SearchBar","Wed Mar 04 18:47:34 UTC 2026","passed","Wed Mar 04 18:47:34 UTC 2026","","","",""
"","245","sets a primarySearch=id and searchType=node when secondarySearch is falsey","ContextMenu","Wed Mar 04 18:44:17 UTC 2026","passed","Wed Mar 04 18:44:18 UTC 2026","","","",""
"Test cases for TestUrlValidator","0","TestUrlValidator","","Wed Mar 04 18:43:01 UTC 2026","passed","Wed Mar 04 18:43:01 UTC 2026","","Go Test","github.com/specterops/bloodhound/cmd/api/src/utils/validation/TestUrlValidator","TestUrlValidator"
"","56","should hide Environmental Targeted Access Control panel when showEnvironmentAccessControls prop is false","UpdateUserForm","Wed Mar 04 18:43:37 UTC 2026","passed","Wed Mar 04 18:43:37 UTC 2026","","","",""
"Test cases for TestResources_ListADComputerDCOMUsers","1","TestResources_ListADComputerDCOMUsers","","Wed Mar 04 18:42:36 UTC 2026","passed","Wed Mar 04 18:42:36 UTC 2026","","Go Test","github.com/specterops/bloodhound/cmd/api/src/api/v2/TestResources_ListADComputerDCOMUsers","TestResources_ListADComputerDCOMUsers"
"","23","selector members refetches on envrionment change","the useAssetGroupTags utilities","Wed Mar 04 18:44:18 UTC 2026","passed","Wed Mar 04 18:44:18 UTC 2026","","","",""
"","490","renders correctly with requiresCurrentPassword false","PasswordDialog","Wed Mar 04 18:43:50 UTC 2026","passed","Wed Mar 04 18:43:50 UTC 2026","","","",""
"","13","when password is not expired no redirect occurs","AuthenticatedRoute","Wed Mar 04 18:48:42 UTC 2026","passed","Wed Mar 04 18:48:42 UTC 2026","","","",""
"Test cases for TestAuthExtensions","6","TestAuthExtensions","","Wed Mar 04 18:42:23 UTC 2026","passed","Wed Mar 04 18:42:23 UTC 2026","","Go Test","github.com/specterops/bloodhound/cmd/api/src/api/TestAuthExtensions","TestAuthExtensions"
"","394","should render","OneTimePasscodeForm","Wed Mar 04 18:46:58 UTC 2026","passed","Wed Mar 04 18:46:58 UTC 2026","","","",""
"","36","calls getKey for each item (stable keys hook)","<DetailsAccordion />","Wed Mar 04 18:44:20 UTC 2026","passed","Wed Mar 04 18:44:20 UTC 2026","","","",""
"","13","sets autoDisplayTable to false if query type is node","useExploreTableAutoDisplay","Wed Mar 04 18:46:44 UTC 2026","passed","Wed Mar 04 18:46:44 UTC 2026","","","",""
"Test cases for TestUnmarshalString","0","TestUnmarshalString","","Wed Mar 04 18:42:43 UTC 2026","passed","Wed Mar 04 18:42:43 UTC 2026","","Go Test","github.com/specterops/bloodhound/cmd/api/src/database/types/null/TestUnmarshalString","TestUnmarshalString"
"","7","dismisses the ""no permission"" notification on unmount","useFinishedJobs","Wed Mar 04 18:45:15 UTC 2026","passed","Wed Mar 04 18:45:15 UTC 2026","","","",""
"","79","should display the ""Authentication"" header","UserProfile","Wed Mar 04 18:44:39 UTC 2026","passed","Wed Mar 04 18:44:39 UTC 2026","","","",""
"Test cases for TestResources_GetAssetGroupTagHistory","1","TestResources_GetAssetGroupTagHistory","","Wed Mar 04 18:42:36 UTC 2026","passed","Wed Mar 04 18:42:36 UTC 2026","","Go Test","github.com/specterops/bloodhound/cmd/api/src/api/v2/TestResources_GetAssetGroupTagHistory","TestResources_GetAssetGroupTagHistory"
"","101","shows the empty form message when Object Rule Form is empty","Seed Selection Results","Wed Mar 04 18:44:16 UTC 2026","passed","Wed Mar 04 18:44:16 UTC 2026","","","",""
"","593","handles creating a new rule","Rule Form","Wed Mar 04 18:43:45 UTC 2026","passed","Wed Mar 04 18:43:46 UTC 2026","","","",""
"Test cases for TestManagementResource_SSOCallbackHandler","6","TestManagementResource_SSOCallbackHandler","","Wed Mar 04 18:43:08 UTC 2026","passed","Wed Mar 04 18:43:08 UTC 2026","","Go Test","github.com/specterops/bloodhound/cmd/api/src/api/v2/auth/TestManagementResource_SSOCallbackHandler","TestManagementResource_SSOCallbackHandler"
"","7799","filter selections are rolled back if user closes modal with the cancel button","EdgeFilter","Wed Mar 04 18:45:31 UTC 2026","passed","Wed Mar 04 18:45:39 UTC 2026","","","",""
"Test cases for TestGetVersion","0","TestGetVersion","","Wed Mar 04 18:42:36 UTC 2026","passed","Wed Mar 04 18:42:36 UTC 2026","","Go Test","github.com/specterops/bloodhound/cmd/api/src/api/v2/TestGetVersion","TestGetVersion"
"","8","should render a Field when the provided value is -0","Field","Wed Mar 04 18:47:16 UTC 2026","passed","Wed Mar 04 18:47:16 UTC 2026","","","",""
"","25","tag members refetches on sort change","the useAssetGroupTags utilities","Wed Mar 04 18:44:18 UTC 2026","passed","Wed Mar 04 18:44:18 UTC 2026","","","",""
"","525","should display Environmental Targeted Access Control panel when showEnvironmentAccessControls prop is true and read-only role is selected","UpdateUserForm","Wed Mar 04 18:43:35 UTC 2026","passed","Wed Mar 04 18:43:35 UTC 2026","","","",""
"Test cases for TestManagementResource_DeleteUser_UserCannotSelfDelete","680","TestManagementResource_DeleteUser_UserCannotSelfDelete","","Wed Mar 04 18:42:52 UTC 2026","passed","Wed Mar 04 18:42:53 UTC 2026","","Go Test","github.com/specterops/bloodhound/cmd/api/src/api/v2/auth/TestManagementResource_DeleteUser_UserCannotSelfDelete","TestManagementResource_DeleteUser_UserCannotSelfDelete"
"","0","takes setSearchParams and availableParams returns a function","searchParams","Wed Mar 04 18:46:16 UTC 2026","passed","Wed Mar 04 18:46:16 UTC 2026","","setParamsFactory","",""
"Test cases for TestInt64Pointer","0","TestInt64Pointer","","Wed Mar 04 18:42:43 UTC 2026","passed","Wed Mar 04 18:42:43 UTC 2026","","Go Test","github.com/specterops/bloodhound/cmd/api/src/database/types/null/TestInt64Pointer","TestInt64Pointer"
"Test cases for TestInt64SetValid","0","TestInt64SetValid","","Wed Mar 04 18:42:43 UTC 2026","passed","Wed Mar 04 18:42:43 UTC 2026","","Go Test","github.com/specterops/bloodhound/cmd/api/src/database/types/null/TestInt64SetValid","TestInt64SetValid"
"Test cases for TestChangeCache","2","TestChangeCache","","Wed Mar 04 18:42:40 UTC 2026","passed","Wed Mar 04 18:42:40 UTC 2026","","Go Test","github.com/specterops/bloodhound/cmd/api/src/daemons/changelog/TestChangeCache","TestChangeCache"
"Test cases for TestManagementResource_ListPermissions_DBError","0","TestManagementResource_ListPermissions_DBError","","Wed Mar 04 18:42:41 UTC 2026","passed","Wed Mar 04 18:42:41 UTC 2026","","Go Test","github.com/specterops/bloodhound/cmd/api/src/api/v2/auth/TestManagementResource_ListPermissions_DBError","TestManagementResource_ListPermissions_DBError"
"Test cases for TestResources_SearchHandler","0","TestResources_SearchHandler","","Wed Mar 04 18:42:36 UTC 2026","passed","Wed Mar 04 18:42:36 UTC 2026","","Go Test","github.com/specterops/bloodhound/cmd/api/src/api/v2/TestResources_SearchHandler","TestResources_SearchHandler"
"Test cases for TestResources_DeleteAssetGroupTagSelector","3","TestResources_DeleteAssetGroupTagSelector","","Wed Mar 04 18:42:36 UTC 2026","passed","Wed Mar 04 18:42:36 UTC 2026","","Go Test","github.com/specterops/bloodhound/cmd/api/src/api/v2/TestResources_DeleteAssetGroupTagSelector","TestResources_DeleteAssetGroupTagSelector"
"","922","should hide Environmental Targeted Access Control panel when showEnvironmentAccessControls prop is true and power user role is selected","UpdateUserForm","Wed Mar 04 18:43:36 UTC 2026","passed","Wed Mar 04 18:43:37 UTC 2026","","","",""
"","0","should handle an entity that has an empty name property","Evaluating the entity display name from a given entity","Wed Mar 04 18:44:28 UTC 2026","passed","Wed Mar 04 18:44:28 UTC 2026","","","",""
"Test cases for TestManagementResource_OIDCLoginHandler","26","TestManagementResource_OIDCLoginHandler","","Wed Mar 04 18:43:08 UTC 2026","passed","Wed Mar 04 18:43:08 UTC 2026","","Go Test","github.com/specterops/bloodhound/cmd/api/src/api/v2/auth/TestManagementResource_OIDCLoginHandler","TestManagementResource_OIDCLoginHandler"
"","272","has date range input filters","FileIngestFilterDialog","Wed Mar 04 18:44:11 UTC 2026","passed","Wed Mar 04 18:44:11 UTC 2026","","Date Range Inputs","",""
"Test cases for TestReadRFC3339","0","TestReadRFC3339","","Wed Mar 04 18:43:00 UTC 2026","passed","Wed Mar 04 18:43:00 UTC 2026","","Go Test","github.com/specterops/bloodhound/cmd/api/src/utils/TestReadRFC3339","TestReadRFC3339"
"","707","should render an update user form","UpdateUserDialog","Wed Mar 04 18:43:59 UTC 2026","passed","Wed Mar 04 18:43:59 UTC 2026","","","",""
"","1","should compute coordinates along a quadratic bezier curve for a given t value","bezier","Wed Mar 04 18:48:36 UTC 2026","passed","Wed Mar 04 18:48:36 UTC 2026","","","",""
"Test cases for TestResources_ListADUserSessions","0","TestResources_ListADUserSessions","","Wed Mar 04 18:42:36 UTC 2026","passed","Wed Mar 04 18:42:36 UTC 2026","","Go Test","github.com/specterops/bloodhound/cmd/api/src/api/v2/TestResources_ListADUserSessions","TestResources_ListADUserSessions"
"Test cases for TestManagementResource_ListPermissions_PredicateMismatchWithColumn","0","TestManagementResource_ListPermissions_PredicateMismatchWithColumn","","Wed Mar 04 18:42:41 UTC 2026","passed","Wed Mar 04 18:42:41 UTC 2026","","Go Test","github.com/specterops/bloodhound/cmd/api/src/api/v2/auth/TestManagementResource_ListPermissions_PredicateMismatchWithColumn","TestManagementResource_ListPermissions_PredicateMismatchWithColumn"
"Test cases for TestResources_DeleteSavedQuery_RecordNotFound","0","TestResources_DeleteSavedQuery_RecordNotFound","","Wed Mar 04 18:42:36 UTC 2026","passed","Wed Mar 04 18:42:36 UTC 2026","","Go Test","github.com/specterops/bloodhound/cmd/api/src/api/v2/TestResources_DeleteSavedQuery_RecordNotFound","TestResources_DeleteSavedQuery_RecordNotFound"
"Test cases for TestResources_GetAssetGroupMemberCount_DBError","0","TestResources_GetAssetGroupMemberCount_DBError","","Wed Mar 04 18:42:36 UTC 2026","passed","Wed Mar 04 18:42:36 UTC 2026","","Go Test","github.com/specterops/bloodhound/cmd/api/src/api/v2/TestResources_GetAssetGroupMemberCount_DBError","TestResources_GetAssetGroupMemberCount_DBError"
"","9","keeps callbacks stable across renders","useObjectState","Wed Mar 04 18:47:02 UTC 2026","passed","Wed Mar 04 18:47:02 UTC 2026","","","",""
"","0","should handle the well formed entities","Evaluating the entity display name from a given entity","Wed Mar 04 18:44:28 UTC 2026","passed","Wed Mar 04 18:44:28 UTC 2026","","","",""
"Test cases for TestResources_GetGroupEntityInfo","0","TestResources_GetGroupEntityInfo","","Wed Mar 04 18:42:36 UTC 2026","passed","Wed Mar 04 18:42:36 UTC 2026","","Go Test","github.com/specterops/bloodhound/cmd/api/src/api/v2/TestResources_GetGroupEntityInfo","TestResources_GetGroupEntityInfo"
"Test cases for TestResources_ListADDomainForeignAdmins","0","TestResources_ListADDomainForeignAdmins","","Wed Mar 04 18:42:36 UTC 2026","passed","Wed Mar 04 18:42:36 UTC 2026","","Go Test","github.com/specterops/bloodhound/cmd/api/src/api/v2/TestResources_ListADDomainForeignAdmins","TestResources_ListADDomainForeignAdmins"
"Test cases for TestResources_ListADCSEscalations","0","TestResources_ListADCSEscalations","","Wed Mar 04 18:42:36 UTC 2026","passed","Wed Mar 04 18:42:36 UTC 2026","","Go Test","github.com/specterops/bloodhound/cmd/api/src/api/v2/TestResources_ListADCSEscalations","TestResources_ListADCSEscalations"
"Test cases for Test_filterNodesToSearchResult_filterEnvironments","0","Test_filterNodesToSearchResult_filterEnvironments","","Wed Mar 04 18:42:46 UTC 2026","passed","Wed Mar 04 18:42:46 UTC 2026","","Go Test","github.com/specterops/bloodhound/cmd/api/src/queries/Test_filterNodesToSearchResult_filterEnvironments","Test_filterNodesToSearchResult_filterEnvironments"
"","406","should render list of available SSO providers","LoginViaSSOForm","Wed Mar 04 18:46:13 UTC 2026","passed","Wed Mar 04 18:46:14 UTC 2026","","","",""
"","905","shows a table with partially completed jobs","FileIngestTable","Wed Mar 04 18:45:20 UTC 2026","passed","Wed Mar 04 18:45:21 UTC 2026","","","",""
"Test cases for Test_signedRequestDate","0","Test_signedRequestDate","","Wed Mar 04 18:42:28 UTC 2026","passed","Wed Mar 04 18:42:28 UTC 2026","","Go Test","github.com/specterops/bloodhound/cmd/api/src/api/middleware/Test_signedRequestDate","Test_signedRequestDate"
"Test cases for TestResources_ShareSavedQueriesPermissions_NonAdmin","5","TestResources_ShareSavedQueriesPermissions_NonAdmin","","Wed Mar 04 18:42:36 UTC 2026","passed","Wed Mar 04 18:42:36 UTC 2026","","Go Test","github.com/specterops/bloodhound/cmd/api/src/api/v2/TestResources_ShareSavedQueriesPermissions_NonAdmin","TestResources_ShareSavedQueriesPermissions_NonAdmin"
"","128","returns a nodes array","useEdgeInfoItems","Wed Mar 04 18:46:03 UTC 2026","passed","Wed Mar 04 18:46:03 UTC 2026","","","",""
"Test cases for TestFloatSetValid","0","TestFloatSetValid","","Wed Mar 04 18:42:43 UTC 2026","passed","Wed Mar 04 18:42:43 UTC 2026","","Go Test","github.com/specterops/bloodhound/cmd/api/src/database/types/null/TestFloatSetValid","TestFloatSetValid"
"Test cases for TestQueries_BuildEntityQueryParams","0","TestQueries_BuildEntityQueryParams","","Wed Mar 04 18:42:46 UTC 2026","passed","Wed Mar 04 18:42:46 UTC 2026","","Go Test","github.com/specterops/bloodhound/cmd/api/src/queries/TestQueries_BuildEntityQueryParams","TestQueries_BuildEntityQueryParams"
"","48","upon selecting just a destination node, updates the URL with a searchType of 'node' and secondarySearch of the node's objectid","usePathfindingSearch","Wed Mar 04 18:45:23 UTC 2026","passed","Wed Mar 04 18:45:23 UTC 2026","","","",""
"","0","fails for password without digits","testPassword","Wed Mar 04 18:47:44 UTC 2026","passed","Wed Mar 04 18:47:44 UTC 2026","","","",""
"Test cases for TestManagementResource_UpdateSAMLProviderRequest","25","TestManagementResource_UpdateSAMLProviderRequest","","Wed Mar 04 18:43:08 UTC 2026","passed","Wed Mar 04 18:43:08 UTC 2026","","Go Test","github.com/specterops/bloodhound/cmd/api/src/api/v2/auth/TestManagementResource_UpdateSAMLProviderRequest","TestManagementResource_UpdateSAMLProviderRequest"
"","38","should redirect to nested /file-ingest route if user navigates to /","Administration","Wed Mar 04 18:48:42 UTC 2026","passed","Wed Mar 04 18:48:42 UTC 2026","","","",""
"Test cases for TestGetADDataQualityStats_Failure","1","TestGetADDataQualityStats_Failure","","Wed Mar 04 18:42:36 UTC 2026","passed","Wed Mar 04 18:42:36 UTC 2026","","Go Test","github.com/specterops/bloodhound/cmd/api/src/api/v2/TestGetADDataQualityStats_Failure","TestGetADDataQualityStats_Failure"
"Test cases for FuzzFoldlLazy","0","FuzzFoldlLazy","","Wed Mar 04 18:43:18 UTC 2026","passed","Wed Mar 04 18:43:18 UTC 2026","","Go Test","github.com/specterops/bloodhound/packages/go/slicesext/FuzzFoldlLazy","FuzzFoldlLazy"
"Test cases for TestGetNodeKindDisplayLabel","0","TestGetNodeKindDisplayLabel","","Wed Mar 04 18:43:02 UTC 2026","passed","Wed Mar 04 18:43:02 UTC 2026","","Go Test","github.com/specterops/bloodhound/packages/go/analysis/TestGetNodeKindDisplayLabel","TestGetNodeKindDisplayLabel"
"Test cases for TestFormatDatabaseError","0","TestFormatDatabaseError","","Wed Mar 04 18:42:23 UTC 2026","passed","Wed Mar 04 18:42:23 UTC 2026","","Go Test","github.com/specterops/bloodhound/cmd/api/src/api/TestFormatDatabaseError","TestFormatDatabaseError"
"Test cases for TestMap","0","TestMap","","Wed Mar 04 18:43:07 UTC 2026","passed","Wed Mar 04 18:43:07 UTC 2026","","Go Test","github.com/specterops/bloodhound/packages/go/lab/internal/TestMap","TestMap"
"","113","Searching for existing node type returns node properties","useFetchEntityInfo","Wed Mar 04 18:45:27 UTC 2026","passed","Wed Mar 04 18:45:27 UTC 2026","","","",""
"","409","handles removing from a tier zero asset group","AssetGroupMenuItem","Wed Mar 04 18:48:13 UTC 2026","passed","Wed Mar 04 18:48:14 UTC 2026","","removing from an asset group","",""
"","436","navigates to object details when clicking an object row","ObjectsAccordion","Wed Mar 04 18:45:52 UTC 2026","passed","Wed Mar 04 18:45:52 UTC 2026","","","",""
"Test cases for TestAssetGroupMembers_Filter_Equals","0","TestAssetGroupMembers_Filter_Equals","","Wed Mar 04 18:42:22 UTC 2026","passed","Wed Mar 04 18:42:22 UTC 2026","","Go Test","github.com/specterops/bloodhound/cmd/api/src/api/TestAssetGroupMembers_Filter_Equals","TestAssetGroupMembers_Filter_Equals"
"","0","should handle an entity that has no name property","Evaluating the entity display name from a given entity","Wed Mar 04 18:44:28 UTC 2026","passed","Wed Mar 04 18:44:28 UTC 2026","","","",""
"","97","renders enabled Zone and Object tabs and disabled Rule tab","Selected Details Tabs","Wed Mar 04 18:44:58 UTC 2026","passed","Wed Mar 04 18:44:58 UTC 2026","","Selected Details Tabs - Params present","",""
"Test cases for Test_formatSearchResults_sorting","0","Test_formatSearchResults_sorting","","Wed Mar 04 18:42:46 UTC 2026","passed","Wed Mar 04 18:42:46 UTC 2026","","Go Test","github.com/specterops/bloodhound/cmd/api/src/queries/Test_formatSearchResults_sorting","Test_formatSearchResults_sorting"
"","0","runs a cypher search when the query param is set to ""cypher""","useExploreGraph","Wed Mar 04 18:45:11 UTC 2026","passed","Wed Mar 04 18:45:11 UTC 2026","","exploreGraphQueryFactory","",""
"Test cases for TestParseSkipQueryParameter_Invalid","0","TestParseSkipQueryParameter_Invalid","","Wed Mar 04 18:42:36 UTC 2026","passed","Wed Mar 04 18:42:36 UTC 2026","","Go Test","github.com/specterops/bloodhound/cmd/api/src/api/v2/TestParseSkipQueryParameter_Invalid","TestParseSkipQueryParameter_Invalid"
"Test cases for TestArgon2Digest_String","0","TestArgon2Digest_String","","Wed Mar 04 18:43:06 UTC 2026","passed","Wed Mar 04 18:43:06 UTC 2026","","Go Test","github.com/specterops/bloodhound/packages/go/crypto/TestArgon2Digest_String","TestArgon2Digest_String"
"","3","returns a date string only if passed a string with a matching key","Formatting strings via formatPrimive","Wed Mar 04 18:44:28 UTC 2026","passed","Wed Mar 04 18:44:28 UTC 2026","","","",""
"Test cases for TestResources_UpdateAssetGroupSelectors_GetAssetGroupError","0","TestResources_UpdateAssetGroupSelectors_GetAssetGroupError","","Wed Mar 04 18:42:36 UTC 2026","passed","Wed Mar 04 18:42:36 UTC 2026","","Go Test","github.com/specterops/bloodhound/cmd/api/src/api/v2/TestResources_UpdateAssetGroupSelectors_GetAssetGroupError","TestResources_UpdateAssetGroupSelectors_GetAssetGroupError"
"Test cases for TestManagementResource_UpdateUser_DBError","689","TestManagementResource_UpdateUser_DBError","","Wed Mar 04 18:42:51 UTC 2026","passed","Wed Mar 04 18:42:52 UTC 2026","","Go Test","github.com/specterops/bloodhound/cmd/api/src/api/v2/auth/TestManagementResource_UpdateUser_DBError","TestManagementResource_UpdateUser_DBError"
"","0","handles specific Active Directory properties differently than Azure derived properties","Formatting number properties","Wed Mar 04 18:44:28 UTC 2026","passed","Wed Mar 04 18:44:28 UTC 2026","","","",""
"","3607","should render","Pathfinding","Wed Mar 04 18:44:44 UTC 2026","passed","Wed Mar 04 18:44:48 UTC 2026","","","",""
"Test cases for TestFloatFromPtr","0","TestFloatFromPtr","","Wed Mar 04 18:42:43 UTC 2026","passed","Wed Mar 04 18:42:43 UTC 2026","","Go Test","github.com/specterops/bloodhound/cmd/api/src/database/types/null/TestFloatFromPtr","TestFloatFromPtr"
"","163","should display ""Disable Multi-Factor Authentication"" button","Enable2FADialog","Wed Mar 04 18:46:26 UTC 2026","passed","Wed Mar 04 18:46:27 UTC 2026","","","",""
"Test cases for TestResources_CreateSavedQuery_NotAUserAuth","0","TestResources_CreateSavedQuery_NotAUserAuth","","Wed Mar 04 18:42:36 UTC 2026","passed","Wed Mar 04 18:42:36 UTC 2026","","Go Test","github.com/specterops/bloodhound/cmd/api/src/api/v2/TestResources_CreateSavedQuery_NotAUserAuth","TestResources_CreateSavedQuery_NotAUserAuth"
"Test cases for TestResources_UpdateAssetGroupSelectors_SuccessOwned","0","TestResources_UpdateAssetGroupSelectors_SuccessOwned","","Wed Mar 04 18:42:36 UTC 2026","passed","Wed Mar 04 18:42:36 UTC 2026","","Go Test","github.com/specterops/bloodhound/cmd/api/src/api/v2/TestResources_UpdateAssetGroupSelectors_SuccessOwned","TestResources_UpdateAssetGroupSelectors_SuccessOwned"
"","140","renders a confirm dialg","ConfirmDeleteQueryDialog","Wed Mar 04 18:47:37 UTC 2026","passed","Wed Mar 04 18:47:38 UTC 2026","","","",""
"","9","uses the discardQueryParams prop to discard all query params on the redirect","AppNavigate","Wed Mar 04 18:46:33 UTC 2026","passed","Wed Mar 04 18:46:33 UTC 2026","","","",""
"","122","should not display a badge when role based filtering is true and show filter banner is false by default","EntityInfoPanel","Wed Mar 04 18:46:49 UTC 2026","passed","Wed Mar 04 18:46:50 UTC 2026","","","",""
"","1","If for some reason the node size is not defined return 1 as a default","getNodeRadius","Wed Mar 04 18:48:45 UTC 2026","passed","Wed Mar 04 18:48:45 UTC 2026","","","",""
"Test cases for TestResources_DeleteSavedQuery_NotPublicQueryAndUserIsAdmin","0","TestResources_DeleteSavedQuery_NotPublicQueryAndUserIsAdmin","","Wed Mar 04 18:42:36 UTC 2026","passed","Wed Mar 04 18:42:36 UTC 2026","","Go Test","github.com/specterops/bloodhound/cmd/api/src/api/v2/TestResources_DeleteSavedQuery_NotPublicQueryAndUserIsAdmin","TestResources_DeleteSavedQuery_NotPublicQueryAndUserIsAdmin"
"","124","disables the create user button and does not populate a table if the user lacks the permission","Users","Wed Mar 04 18:44:57 UTC 2026","passed","Wed Mar 04 18:44:57 UTC 2026","","","",""
"","1013","should render","ExploreSearch rendering per tab","Wed Mar 04 18:48:12 UTC 2026","passed","Wed Mar 04 18:48:13 UTC 2026","","","",""
"Test cases for Test_UseHooks","1","Test_UseHooks","","Wed Mar 04 18:43:07 UTC 2026","passed","Wed Mar 04 18:43:07 UTC 2026","","Go Test","github.com/specterops/bloodhound/packages/go/lab/Test_UseHooks","Test_UseHooks"
"","4","does not render when selector is default","Delete Selector Button rendering","Wed Mar 04 18:47:26 UTC 2026","passed","Wed Mar 04 18:47:26 UTC 2026","","","",""
"","2","returns {enabled: false} if there is not a match on the switch statement","useExploreGraph","Wed Mar 04 18:45:11 UTC 2026","passed","Wed Mar 04 18:45:11 UTC 2026","","exploreGraphQueryFactory","",""
"","225","fires delete when edit is clicked","ListItemActionMenu","Wed Mar 04 18:46:19 UTC 2026","passed","Wed Mar 04 18:46:19 UTC 2026","","","",""
"","6","removes multiple keys from state","useObjectState","Wed Mar 04 18:47:02 UTC 2026","passed","Wed Mar 04 18:47:02 UTC 2026","","","",""
"","0","returns default error message for unknown API messages","getErrorMessage","Wed Mar 04 18:44:12 UTC 2026","passed","Wed Mar 04 18:44:12 UTC 2026","","","",""
"","8","renders Owned text by default when no Label Selector is available and on a Label page","TagSelector","Wed Mar 04 18:46:02 UTC 2026","passed","Wed Mar 04 18:46:02 UTC 2026","","","",""
"","115","renders an error message without throwing a TypeError","EntityInfoCollapsibleSection","Wed Mar 04 18:47:16 UTC 2026","passed","Wed Mar 04 18:47:16 UTC 2026","","","",""
"Test cases for TestTimePointer","0","TestTimePointer","","Wed Mar 04 18:42:43 UTC 2026","passed","Wed Mar 04 18:42:43 UTC 2026","","Go Test","github.com/specterops/bloodhound/cmd/api/src/database/types/null/TestTimePointer","TestTimePointer"
"Test cases for TestWriteBinaryResponse","0","TestWriteBinaryResponse","","Wed Mar 04 18:42:23 UTC 2026","passed","Wed Mar 04 18:42:23 UTC 2026","","Go Test","github.com/specterops/bloodhound/cmd/api/src/api/TestWriteBinaryResponse","TestWriteBinaryResponse"
"","663","should display all available roles","UpdateUserDialog","Wed Mar 04 18:44:01 UTC 2026","passed","Wed Mar 04 18:44:01 UTC 2026","","","",""
"Test cases for TestNormalizeToUTF8_LargeInput","0","TestNormalizeToUTF8_LargeInput","","Wed Mar 04 18:43:05 UTC 2026","passed","Wed Mar 04 18:43:05 UTC 2026","","Go Test","github.com/specterops/bloodhound/packages/go/bomenc/TestNormalizeToUTF8_LargeInput","TestNormalizeToUTF8_LargeInput"
"Test cases for TestMatches_Success","0","TestMatches_Success","","Wed Mar 04 18:42:45 UTC 2026","passed","Wed Mar 04 18:42:45 UTC 2026","","Go Test","github.com/specterops/bloodhound/cmd/api/src/model/TestMatches_Success","TestMatches_Success"
"Test cases for TestFloatIsZero","0","TestFloatIsZero","","Wed Mar 04 18:42:43 UTC 2026","passed","Wed Mar 04 18:42:43 UTC 2026","","Go Test","github.com/specterops/bloodhound/cmd/api/src/database/types/null/TestFloatIsZero","TestFloatIsZero"
"Test cases for TestResources_ShareSavedQueriesPermissions_SavingPermissionsErrors","0","TestResources_ShareSavedQueriesPermissions_SavingPermissionsErrors","","Wed Mar 04 18:42:36 UTC 2026","passed","Wed Mar 04 18:42:36 UTC 2026","","Go Test","github.com/specterops/bloodhound/cmd/api/src/api/v2/TestResources_ShareSavedQueriesPermissions_SavingPermissionsErrors","TestResources_ShareSavedQueriesPermissions_SavingPermissionsErrors"
"","0","returns disabled config when any required param is falsey","useExploreGraph","Wed Mar 04 18:45:11 UTC 2026","passed","Wed Mar 04 18:45:11 UTC 2026","composition search queries","exploreGraphQueryFactory","",""
"","230","sums nested section node counts","EntityInfoDataTable","Wed Mar 04 18:44:41 UTC 2026","passed","Wed Mar 04 18:44:42 UTC 2026","","Node count for nested table that counts all sections","",""
"Test cases for TestMaybeSubmitRelationshipUpdate","0","TestMaybeSubmitRelationshipUpdate","","Wed Mar 04 18:42:48 UTC 2026","passed","Wed Mar 04 18:42:48 UTC 2026","","Go Test","github.com/specterops/bloodhound/cmd/api/src/services/graphify/TestMaybeSubmitRelationshipUpdate","TestMaybeSubmitRelationshipUpdate"
"Test cases for TestManagementResource_CreateOIDCProvider","4","TestManagementResource_CreateOIDCProvider","","Wed Mar 04 18:43:08 UTC 2026","passed","Wed Mar 04 18:43:08 UTC 2026","","Go Test","github.com/specterops/bloodhound/cmd/api/src/api/v2/auth/TestManagementResource_CreateOIDCProvider","TestManagementResource_CreateOIDCProvider"
"","103","should on clicking collapse all remove expandedPanelSections param from url and set isObjectInfoPanelOpen in context to false","EntityInfoHeader","Wed Mar 04 18:46:09 UTC 2026","passed","Wed Mar 04 18:46:09 UTC 2026","","","",""
"","2","returns true if value is undefined","searchParams","Wed Mar 04 18:46:16 UTC 2026","passed","Wed Mar 04 18:46:16 UTC 2026","","isEmptyParam","",""
"","477","navigates to object details when clicking an object row","ObjectsAccordion","Wed Mar 04 18:46:46 UTC 2026","passed","Wed Mar 04 18:46:46 UTC 2026","","","",""
"","325","displays 0 when a given sections returns empty, and sums the rest of the sections correctly","EntityInfoDataTableGraphed","Wed Mar 04 18:44:41 UTC 2026","passed","Wed Mar 04 18:44:41 UTC 2026","","Node count for nested table that counts all sections","",""
"Test cases for TestDomainSelectors_GetFilterCriteria_InvalidFilterPredicate","0","TestDomainSelectors_GetFilterCriteria_InvalidFilterPredicate","","Wed Mar 04 18:42:45 UTC 2026","passed","Wed Mar 04 18:42:45 UTC 2026","","Go Test","github.com/specterops/bloodhound/cmd/api/src/model/TestDomainSelectors_GetFilterCriteria_InvalidFilterPredicate","TestDomainSelectors_GetFilterCriteria_InvalidFilterPredicate"
"Test cases for TestManagementResource_UpdateUser_DuplicateEmailError","0","TestManagementResource_UpdateUser_DuplicateEmailError","","Wed Mar 04 18:42:49 UTC 2026","passed","Wed Mar 04 18:42:49 UTC 2026","","Go Test","github.com/specterops/bloodhound/cmd/api/src/api/v2/auth/TestManagementResource_UpdateUser_DuplicateEmailError","TestManagementResource_UpdateUser_DuplicateEmailError"
"","15","renders null if network fails to return valid asset group membership list","AssetGroupMenuItem","Wed Mar 04 18:48:13 UTC 2026","passed","Wed Mar 04 18:48:13 UTC 2026","","adding to an asset group","",""
"","191","displays an error when unable to fetch data","EarlyAccessFeatures","Wed Mar 04 18:48:34 UTC 2026","passed","Wed Mar 04 18:48:34 UTC 2026","","","",""
"","490","runs the query and calls dispatch to set the node results","PrivilegeZonesCypherEditor Search component for Zone Management","Wed Mar 04 18:46:41 UTC 2026","passed","Wed Mar 04 18:46:41 UTC 2026","","","",""
"","0","returns true if value is ''","searchParams","Wed Mar 04 18:46:16 UTC 2026","passed","Wed Mar 04 18:46:16 UTC 2026","","isEmptyParam","",""
"Test cases for TestParsePreferHeaderWait","0","TestParsePreferHeaderWait","","Wed Mar 04 18:42:28 UTC 2026","passed","Wed Mar 04 18:42:28 UTC 2026","","Go Test","github.com/specterops/bloodhound/cmd/api/src/api/middleware/TestParsePreferHeaderWait","TestParsePreferHeaderWait"
"","246","sets a primarySearch=id and searchType=pathfinding when secondarySearch is truthy","ContextMenu","Wed Mar 04 18:48:22 UTC 2026","passed","Wed Mar 04 18:48:22 UTC 2026","","","",""
"","170","should display ""Disable Multi-Factor Authentication?"" title","Enable2FADialog","Wed Mar 04 18:46:26 UTC 2026","passed","Wed Mar 04 18:46:26 UTC 2026","","","",""
"","38","renders a button","CreateMenu","Wed Mar 04 18:44:32 UTC 2026","passed","Wed Mar 04 18:44:32 UTC 2026","","oidc_support feature flag disabled","",""
"Test cases for TestUnmarshalInt64OverflowToInt64","0","TestUnmarshalInt64OverflowToInt64","","Wed Mar 04 18:42:43 UTC 2026","passed","Wed Mar 04 18:42:43 UTC 2026","","Go Test","github.com/specterops/bloodhound/cmd/api/src/database/types/null/TestUnmarshalInt64OverflowToInt64","TestUnmarshalInt64OverflowToInt64"
"Test cases for TestMatches_FailureAction","0","TestMatches_FailureAction","","Wed Mar 04 18:42:45 UTC 2026","passed","Wed Mar 04 18:42:45 UTC 2026","","Go Test","github.com/specterops/bloodhound/cmd/api/src/model/TestMatches_FailureAction","TestMatches_FailureAction"
"Test cases for TestResources_CreateSavedQuery_CreateFailure","0","TestResources_CreateSavedQuery_CreateFailure","","Wed Mar 04 18:42:36 UTC 2026","passed","Wed Mar 04 18:42:36 UTC 2026","","Go Test","github.com/specterops/bloodhound/cmd/api/src/api/v2/TestResources_CreateSavedQuery_CreateFailure","TestResources_CreateSavedQuery_CreateFailure"
"","6","returns the remaining amount of zones available for creation","useTagLimits","Wed Mar 04 18:43:52 UTC 2026","passed","Wed Mar 04 18:43:52 UTC 2026","","","",""
"","243","validates that the name input is under the max length","Tag Form","Wed Mar 04 18:43:28 UTC 2026","passed","Wed Mar 04 18:43:28 UTC 2026","","","",""
"","88","should display the logged in user's role","UserProfile","Wed Mar 04 18:44:39 UTC 2026","passed","Wed Mar 04 18:44:39 UTC 2026","","","",""
"","101","calls onClick when toggle button clicked","EarlyAccessFeatureToggle","Wed Mar 04 18:48:48 UTC 2026","passed","Wed Mar 04 18:48:48 UTC 2026","","","",""
"","113","initializes search tab to the exploreSearchTab on initial render","ExploreSearch sets searchType on tab changing","Wed Mar 04 18:48:16 UTC 2026","passed","Wed Mar 04 18:48:16 UTC 2026","","","",""
"Test cases for TestResources_DeleteSavedQuery_NotAUserAuth","4","TestResources_DeleteSavedQuery_NotAUserAuth","","Wed Mar 04 18:42:36 UTC 2026","passed","Wed Mar 04 18:42:36 UTC 2026","","Go Test","github.com/specterops/bloodhound/cmd/api/src/api/v2/TestResources_DeleteSavedQuery_NotAUserAuth","TestResources_DeleteSavedQuery_NotAUserAuth"
"","563","should not call onSubmit when expired password matches current password when reset password button clicked","PasswordResetForm","Wed Mar 04 18:45:24 UTC 2026","passed","Wed Mar 04 18:45:24 UTC 2026","","","",""
"Test cases for Test_ApplyTimeoutReduction","1","Test_ApplyTimeoutReduction","","Wed Mar 04 18:42:46 UTC 2026","passed","Wed Mar 04 18:42:46 UTC 2026","","Go Test","github.com/specterops/bloodhound/cmd/api/src/queries/Test_ApplyTimeoutReduction","Test_ApplyTimeoutReduction"
"","0","Input does not contain a type","Parsing the debounced input for type and keyword values","Wed Mar 04 18:45:47 UTC 2026","passed","Wed Mar 04 18:45:47 UTC 2026","","","",""
"","0","does not abbreviate numbers < 1000","numberFormatting","Wed Mar 04 18:47:32 UTC 2026","passed","Wed Mar 04 18:47:32 UTC 2026","","","",""
"","898","renders group and tenant dropdown selectors","GroupManagement","Wed Mar 04 18:48:31 UTC 2026","passed","Wed Mar 04 18:48:32 UTC 2026","","","",""
"Test cases for TestDatabase_checkError_NotFound","0","TestDatabase_checkError_NotFound","","Wed Mar 04 18:42:42 UTC 2026","passed","Wed Mar 04 18:42:42 UTC 2026","","Go Test","github.com/specterops/bloodhound/cmd/api/src/database/TestDatabase_checkError_NotFound","TestDatabase_checkError_NotFound"
"","683","switches Rule tab to active/selected when clicked","Selected Details Tabs","Wed Mar 04 18:44:57 UTC 2026","passed","Wed Mar 04 18:44:57 UTC 2026","","Selected Details Tabs - Click Interactions","",""
"Test cases for TestManagementResource_ListRoles_InvalidFilterPredicate","0","TestManagementResource_ListRoles_InvalidFilterPredicate","","Wed Mar 04 18:42:41 UTC 2026","passed","Wed Mar 04 18:42:41 UTC 2026","","Go Test","github.com/specterops/bloodhound/cmd/api/src/api/v2/auth/TestManagementResource_ListRoles_InvalidFilterPredicate","TestManagementResource_ListRoles_InvalidFilterPredicate"
"","0","returns the difference between the node and the position","getNodeOffset","Wed Mar 04 18:48:51 UTC 2026","passed","Wed Mar 04 18:48:51 UTC 2026","","","",""
"Test cases for TestResources_ListADComputerAdmins","1","TestResources_ListADComputerAdmins","","Wed Mar 04 18:42:36 UTC 2026","passed","Wed Mar 04 18:42:36 UTC 2026","","Go Test","github.com/specterops/bloodhound/cmd/api/src/api/v2/TestResources_ListADComputerAdmins","TestResources_ListADComputerAdmins"
"Test cases for Test_PrimaryNodeKind","0","Test_PrimaryNodeKind","","Wed Mar 04 18:43:07 UTC 2026","passed","Wed Mar 04 18:43:07 UTC 2026","","Go Test","github.com/specterops/bloodhound/packages/go/graphschema/Test_PrimaryNodeKind","Test_PrimaryNodeKind"
"Test cases for TestResources_CypherQuery","115","TestResources_CypherQuery","","Wed Mar 04 18:42:36 UTC 2026","passed","Wed Mar 04 18:42:36 UTC 2026","","Go Test","github.com/specterops/bloodhound/cmd/api/src/api/v2/TestResources_CypherQuery","TestResources_CypherQuery"
"Test cases for TestHasSequence","2","TestHasSequence","","Wed Mar 04 18:43:05 UTC 2026","passed","Wed Mar 04 18:43:05 UTC 2026","","Go Test","github.com/specterops/bloodhound/packages/go/bomenc/TestHasSequence","TestHasSequence"
"Test cases for TestIntScan","0","TestIntScan","","Wed Mar 04 18:42:43 UTC 2026","passed","Wed Mar 04 18:42:43 UTC 2026","","Go Test","github.com/specterops/bloodhound/cmd/api/src/database/types/null/TestIntScan","TestIntScan"
"","102","should on clicking collapse all remove expandedPanelSections param from url and set isObjectInfoPanelOpen in context to false","EdgeInfoHeader","Wed Mar 04 18:46:27 UTC 2026","passed","Wed Mar 04 18:46:27 UTC 2026","","","",""
"","769","open and closes dialog","DatabaseManagement","Wed Mar 04 18:48:23 UTC 2026","passed","Wed Mar 04 18:48:24 UTC 2026","","","",""
"Test cases for TestMatches_FailureModel","0","TestMatches_FailureModel","","Wed Mar 04 18:42:45 UTC 2026","passed","Wed Mar 04 18:42:45 UTC 2026","","Go Test","github.com/specterops/bloodhound/cmd/api/src/model/TestMatches_FailureModel","TestMatches_FailureModel"
"Test cases for TestInt64From","0","TestInt64From","","Wed Mar 04 18:42:43 UTC 2026","passed","Wed Mar 04 18:42:43 UTC 2026","","Go Test","github.com/specterops/bloodhound/cmd/api/src/database/types/null/TestInt64From","TestInt64From"
"","184","displays no search results message when search yields no matches","ActiveExtensionsCard","Wed Mar 04 18:43:45 UTC 2026","passed","Wed Mar 04 18:43:45 UTC 2026","","","",""
"Test cases for Test_filterNodesToSearchResult_filterEnvironments_domainSIDFail","0","Test_filterNodesToSearchResult_filterEnvironments_domainSIDFail","","Wed Mar 04 18:42:46 UTC 2026","passed","Wed Mar 04 18:42:46 UTC 2026","","Go Test","github.com/specterops/bloodhound/cmd/api/src/queries/Test_filterNodesToSearchResult_filterEnvironments_domainSIDFail","Test_filterNodesToSearchResult_filterEnvironments_domainSIDFail"
"Test cases for Test_filterNodesToSearchResult_filterEnvironments_tenantIDFail","0","Test_filterNodesToSearchResult_filterEnvironments_tenantIDFail","","Wed Mar 04 18:42:46 UTC 2026","passed","Wed Mar 04 18:42:46 UTC 2026","","Go Test","github.com/specterops/bloodhound/cmd/api/src/queries/Test_filterNodesToSearchResult_filterEnvironments_tenantIDFail","Test_filterNodesToSearchResult_filterEnvironments_tenantIDFail"
"","0","succeeds for valid password with unicode characters","testPassword","Wed Mar 04 18:47:44 UTC 2026","passed","Wed Mar 04 18:47:44 UTC 2026","","","",""
"","108","does not trigger search for fewer than 3 characters","SearchBar","Wed Mar 04 18:47:34 UTC 2026","passed","Wed Mar 04 18:47:34 UTC 2026","","","",""
"Test cases for TestUnique","0","TestUnique","","Wed Mar 04 18:43:18 UTC 2026","passed","Wed Mar 04 18:43:18 UTC 2026","","Go Test","github.com/specterops/bloodhound/packages/go/slicesext/TestUnique","TestUnique"
"Test cases for TestManagementResource_SSOLoginHandler","13","TestManagementResource_SSOLoginHandler","","Wed Mar 04 18:43:08 UTC 2026","passed","Wed Mar 04 18:43:08 UTC 2026","","Go Test","github.com/specterops/bloodhound/cmd/api/src/api/v2/auth/TestManagementResource_SSOLoginHandler","TestManagementResource_SSOLoginHandler"
"","1513","""Columns"" button allows user to edit column settings","ExploreTable","Wed Mar 04 18:43:21 UTC 2026","passed","Wed Mar 04 18:43:23 UTC 2026","","","",""
"","0","should appropriately handle edges that contain underscores","getEdgeDataFromKey","Wed Mar 04 18:48:51 UTC 2026","passed","Wed Mar 04 18:48:51 UTC 2026","","","",""
"","0","matches all AZ edges","Make sure pathfinding filterable edges match schemagen","Wed Mar 04 18:47:43 UTC 2026","passed","Wed Mar 04 18:47:43 UTC 2026","","","",""
"Test cases for TestRateLimitMiddleware","0","TestRateLimitMiddleware","","Wed Mar 04 18:42:28 UTC 2026","passed","Wed Mar 04 18:42:28 UTC 2026","","Go Test","github.com/specterops/bloodhound/cmd/api/src/api/middleware/TestRateLimitMiddleware","TestRateLimitMiddleware"
"Test cases for TestResources_ListADDomainContainedUsers","2","TestResources_ListADDomainContainedUsers","","Wed Mar 04 18:42:36 UTC 2026","passed","Wed Mar 04 18:42:36 UTC 2026","","Go Test","github.com/specterops/bloodhound/cmd/api/src/api/v2/TestResources_ListADDomainContainedUsers","TestResources_ListADDomainContainedUsers"
"","55","should style the powered-by to display when nav is expanded","MainNav","Wed Mar 04 18:44:08 UTC 2026","passed","Wed Mar 04 18:44:08 UTC 2026","","","",""
"Test cases for TestBHCEStaticHandler","13","TestBHCEStaticHandler","","Wed Mar 04 18:42:29 UTC 2026","passed","Wed Mar 04 18:42:29 UTC 2026","","Go Test","github.com/specterops/bloodhound/cmd/api/src/api/static/TestBHCEStaticHandler","TestBHCEStaticHandler"
"Test cases for TestUnmarshalTimeJSON","0","TestUnmarshalTimeJSON","","Wed Mar 04 18:42:43 UTC 2026","passed","Wed Mar 04 18:42:43 UTC 2026","","Go Test","github.com/specterops/bloodhound/cmd/api/src/database/types/null/TestUnmarshalTimeJSON","TestUnmarshalTimeJSON"
"Test cases for TestManagementResource_ListRoles","0","TestManagementResource_ListRoles","","Wed Mar 04 18:42:41 UTC 2026","passed","Wed Mar 04 18:42:41 UTC 2026","","Go Test","github.com/specterops/bloodhound/cmd/api/src/api/v2/auth/TestManagementResource_ListRoles","TestManagementResource_ListRoles"
"","406","displays a validation error","ManagedDatePicker - date validation","Wed Mar 04 18:45:32 UTC 2026","passed","Wed Mar 04 18:45:32 UTC 2026","","","",""
"Test cases for TestGetMFAActivationStatus_Success","0","TestGetMFAActivationStatus_Success","","Wed Mar 04 18:43:06 UTC 2026","passed","Wed Mar 04 18:43:06 UTC 2026","","Go Test","github.com/specterops/bloodhound/cmd/api/src/api/v2/auth/TestGetMFAActivationStatus_Success","TestGetMFAActivationStatus_Success"
"","62","skips undefined items gracefully","<DetailsAccordion />","Wed Mar 04 18:44:20 UTC 2026","passed","Wed Mar 04 18:44:20 UTC 2026","","","",""
"Test cases for TestDisenrollMFA_Admin_FailureIncorrectPassword","2826","TestDisenrollMFA_Admin_FailureIncorrectPassword","","Wed Mar 04 18:43:03 UTC 2026","passed","Wed Mar 04 18:43:06 UTC 2026","","Go Test","github.com/specterops/bloodhound/cmd/api/src/api/v2/auth/TestDisenrollMFA_Admin_FailureIncorrectPassword","TestDisenrollMFA_Admin_FailureIncorrectPassword"
"Test cases for TestContextMiddleware_InvalidWait","0","TestContextMiddleware_InvalidWait","","Wed Mar 04 18:42:28 UTC 2026","passed","Wed Mar 04 18:42:28 UTC 2026","","Go Test","github.com/specterops/bloodhound/cmd/api/src/api/middleware/TestContextMiddleware_InvalidWait","TestContextMiddleware_InvalidWait"
"","548","renders the form for creating a new rule","Rule Form","Wed Mar 04 18:43:41 UTC 2026","passed","Wed Mar 04 18:43:41 UTC 2026","","","",""
"","969","renders","Privilege Zones History Filter Dialog","Wed Mar 04 18:45:15 UTC 2026","passed","Wed Mar 04 18:45:16 UTC 2026","","","",""
"","263","AZRole information panel will not display a section for PIM Assignments","EntityInfoContent","Wed Mar 04 18:45:30 UTC 2026","passed","Wed Mar 04 18:45:31 UTC 2026","","","",""
"Test cases for TestManagementResource_ListAuthTokens_NonAdmin","0","TestManagementResource_ListAuthTokens_NonAdmin","","Wed Mar 04 18:42:57 UTC 2026","passed","Wed Mar 04 18:42:57 UTC 2026","","Go Test","github.com/specterops/bloodhound/cmd/api/src/api/v2/auth/TestManagementResource_ListAuthTokens_NonAdmin","TestManagementResource_ListAuthTokens_NonAdmin"
"","168","fires runQuery in context provider","ListItemActionMenu","Wed Mar 04 18:46:19 UTC 2026","passed","Wed Mar 04 18:46:19 UTC 2026","","","",""
"","770","opens a submenu when user hovers over `Copy`","ContextMenu","Wed Mar 04 18:44:18 UTC 2026","passed","Wed Mar 04 18:44:19 UTC 2026","","","",""
"","182","renders with a title","BloodHoundConfiguration","Wed Mar 04 18:48:57 UTC 2026","passed","Wed Mar 04 18:48:57 UTC 2026","","","",""
"","185","renders the form for creating a new label","Tag Form","Wed Mar 04 18:43:26 UTC 2026","passed","Wed Mar 04 18:43:27 UTC 2026","","","",""
"Test cases for TestTimeEqual","0","TestTimeEqual","","Wed Mar 04 18:42:43 UTC 2026","passed","Wed Mar 04 18:42:43 UTC 2026","","Go Test","github.com/specterops/bloodhound/cmd/api/src/database/types/null/TestTimeEqual","TestTimeEqual"
"","889","should render the cypher search controls when user clicks on cypher tab","ExploreSearch rendering per tab","Wed Mar 04 18:48:13 UTC 2026","passed","Wed Mar 04 18:48:14 UTC 2026","","","",""
"","7","constructs correct URLSearchParams with all filters","createHistoryParams","Wed Mar 04 18:46:47 UTC 2026","passed","Wed Mar 04 18:46:47 UTC 2026","","","",""
"","29","sets input text to value","ManagedDatePicker - value","Wed Mar 04 18:45:33 UTC 2026","passed","Wed Mar 04 18:45:33 UTC 2026","","","",""
"","137","renders count for a selected zone if prop is set","DynamicDetails","Wed Mar 04 18:44:48 UTC 2026","passed","Wed Mar 04 18:44:48 UTC 2026","","","",""
"","197","Download button causes the json2csv function to be called","ExploreTable","Wed Mar 04 18:43:24 UTC 2026","passed","Wed Mar 04 18:43:25 UTC 2026","","","",""
"Test cases for TestManagementResource_ListRoles_InvalidColumn","0","TestManagementResource_ListRoles_InvalidColumn","","Wed Mar 04 18:42:41 UTC 2026","passed","Wed Mar 04 18:42:41 UTC 2026","","Go Test","github.com/specterops/bloodhound/cmd/api/src/api/v2/auth/TestManagementResource_ListRoles_InvalidColumn","TestManagementResource_ListRoles_InvalidColumn"
"","558","should render navigation links to all Administration sub-pages","Administration","Wed Mar 04 18:48:41 UTC 2026","passed","Wed Mar 04 18:48:42 UTC 2026","","","",""
"","222","sets secondarySearch=id and searchType=node when primarySearch is falsey","ContextMenu","Wed Mar 04 18:48:22 UTC 2026","passed","Wed Mar 04 18:48:23 UTC 2026","","","",""
"","231","prevents a user from proceeding if the file is not valid","ImportQueryDialog","Wed Mar 04 18:47:36 UTC 2026","passed","Wed Mar 04 18:47:36 UTC 2026","","","",""
"Test cases for TestResources_UpdateSavedQuery_OwnPrivateQuery_Success","0","TestResources_UpdateSavedQuery_OwnPrivateQuery_Success","","Wed Mar 04 18:42:36 UTC 2026","passed","Wed Mar 04 18:42:36 UTC 2026","","Go Test","github.com/specterops/bloodhound/cmd/api/src/api/v2/TestResources_UpdateSavedQuery_OwnPrivateQuery_Success","TestResources_UpdateSavedQuery_OwnPrivateQuery_Success"
"","1340","renders","Glyph Select Dialog","Wed Mar 04 18:47:21 UTC 2026","passed","Wed Mar 04 18:47:22 UTC 2026","","","",""
"","207","calls onToggleEdgeLabels when click show all edge labels","GraphControls","Wed Mar 04 18:44:07 UTC 2026","passed","Wed Mar 04 18:44:07 UTC 2026","","Toggling labels","",""
"Test cases for TestGetLatestQueryParameter_LatestMalformed","0","TestGetLatestQueryParameter_LatestMalformed","","Wed Mar 04 18:42:36 UTC 2026","passed","Wed Mar 04 18:42:36 UTC 2026","","Go Test","github.com/specterops/bloodhound/cmd/api/src/api/v2/TestGetLatestQueryParameter_LatestMalformed","TestGetLatestQueryParameter_LatestMalformed"
"Test cases for TestResources_GetEdgeRelayTargets","87","TestResources_GetEdgeRelayTargets","","Wed Mar 04 18:42:36 UTC 2026","passed","Wed Mar 04 18:42:36 UTC 2026","","Go Test","github.com/specterops/bloodhound/cmd/api/src/api/v2/TestResources_GetEdgeRelayTargets","TestResources_GetEdgeRelayTargets"
"Test cases for TestTimeValueOrZero","0","TestTimeValueOrZero","","Wed Mar 04 18:42:43 UTC 2026","passed","Wed Mar 04 18:42:43 UTC 2026","","Go Test","github.com/specterops/bloodhound/cmd/api/src/database/types/null/TestTimeValueOrZero","TestTimeValueOrZero"
"","562","has status filters","FileIngestFilterDialog","Wed Mar 04 18:44:09 UTC 2026","passed","Wed Mar 04 18:44:10 UTC 2026","","Status Select","",""
"Test cases for TestBuildErrorResponseBadRequest","0","TestBuildErrorResponseBadRequest","","Wed Mar 04 18:42:23 UTC 2026","passed","Wed Mar 04 18:42:23 UTC 2026","","Go Test","github.com/specterops/bloodhound/cmd/api/src/api/TestBuildErrorResponseBadRequest","TestBuildErrorResponseBadRequest"
"Test cases for TestResources_ListADEntityDCOMRights","1","TestResources_ListADEntityDCOMRights","","Wed Mar 04 18:42:36 UTC 2026","passed","Wed Mar 04 18:42:36 UTC 2026","","Go Test","github.com/specterops/bloodhound/cmd/api/src/api/v2/TestResources_ListADEntityDCOMRights","TestResources_ListADEntityDCOMRights"
"Test cases for TestTextUnmarshalInt64","0","TestTextUnmarshalInt64","","Wed Mar 04 18:42:43 UTC 2026","passed","Wed Mar 04 18:42:43 UTC 2026","","Go Test","github.com/specterops/bloodhound/cmd/api/src/database/types/null/TestTextUnmarshalInt64","TestTextUnmarshalInt64"
"","91","shows View in Explore if exploreUrl is supplied","Seed Selection Results","Wed Mar 04 18:44:16 UTC 2026","passed","Wed Mar 04 18:44:16 UTC 2026","","","",""
"Test cases for TestTextUnmarshalInt","0","TestTextUnmarshalInt","","Wed Mar 04 18:42:43 UTC 2026","passed","Wed Mar 04 18:42:43 UTC 2026","","Go Test","github.com/specterops/bloodhound/cmd/api/src/database/types/null/TestTextUnmarshalInt","TestTextUnmarshalInt"
"Test cases for TestResources_ListAuditLogs_InvalidColumn","1","TestResources_ListAuditLogs_InvalidColumn","","Wed Mar 04 18:42:36 UTC 2026","passed","Wed Mar 04 18:42:36 UTC 2026","","Go Test","github.com/specterops/bloodhound/cmd/api/src/api/v2/TestResources_ListAuditLogs_InvalidColumn","TestResources_ListAuditLogs_InvalidColumn"
"","102","renders enabled Label, Rule and Object tabs","Selected Details Tabs","Wed Mar 04 18:44:58 UTC 2026","passed","Wed Mar 04 18:44:58 UTC 2026","","Selected Details Tabs - Params present","",""
"","80","buttons are disabled while loading","PasswordResetForm","Wed Mar 04 18:45:24 UTC 2026","passed","Wed Mar 04 18:45:25 UTC 2026","","","",""
"","184","displays appropriate text when there are no matches for search term","SearchCurrentNodes","Wed Mar 04 18:45:55 UTC 2026","passed","Wed Mar 04 18:45:56 UTC 2026","","","",""
"","989","dark mode should persist between logging in and out","redux store","Wed Mar 04 18:48:48 UTC 2026","passed","Wed Mar 04 18:48:49 UTC 2026","","","",""
"Test cases for TestSavedQueries_IsString","0","TestSavedQueries_IsString","","Wed Mar 04 18:42:45 UTC 2026","passed","Wed Mar 04 18:42:45 UTC 2026","","Go Test","github.com/specterops/bloodhound/cmd/api/src/model/TestSavedQueries_IsString","TestSavedQueries_IsString"
"Test cases for TestAssetGroupSelectorSpec_Validate","0","TestAssetGroupSelectorSpec_Validate","","Wed Mar 04 18:42:45 UTC 2026","passed","Wed Mar 04 18:42:45 UTC 2026","","Go Test","github.com/specterops/bloodhound/cmd/api/src/model/TestAssetGroupSelectorSpec_Validate","TestAssetGroupSelectorSpec_Validate"
"","294","does not render an edit form for the selected asset group when a user does not have graph write permissions","GroupManagement","Wed Mar 04 18:48:33 UTC 2026","passed","Wed Mar 04 18:48:33 UTC 2026","","","",""
"Test cases for TestSIDSuffix_String","0","TestSIDSuffix_String","","Wed Mar 04 18:43:04 UTC 2026","passed","Wed Mar 04 18:43:04 UTC 2026","","Go Test","github.com/specterops/bloodhound/packages/go/analysis/ad/wellknown/TestSIDSuffix_String","TestSIDSuffix_String"
"Test cases for Test_validateGraphExtension","4","Test_validateGraphExtension","","Wed Mar 04 18:42:48 UTC 2026","passed","Wed Mar 04 18:42:48 UTC 2026","","Go Test","github.com/specterops/bloodhound/cmd/api/src/services/opengraphschema/Test_validateGraphExtension","Test_validateGraphExtension"
"Test cases for TestNewAuditLog_Error","0","TestNewAuditLog_Error","","Wed Mar 04 18:42:42 UTC 2026","passed","Wed Mar 04 18:42:42 UTC 2026","","Go Test","github.com/specterops/bloodhound/cmd/api/src/database/TestNewAuditLog_Error","TestNewAuditLog_Error"
"","1","does not add optional filters if not present","createHistoryParams","Wed Mar 04 18:46:47 UTC 2026","passed","Wed Mar 04 18:46:47 UTC 2026","","","",""
"Test cases for TestManagementResource_UpdateUser_GetRolesError","863","TestManagementResource_UpdateUser_GetRolesError","","Wed Mar 04 18:42:48 UTC 2026","passed","Wed Mar 04 18:42:49 UTC 2026","","Go Test","github.com/specterops/bloodhound/cmd/api/src/api/v2/auth/TestManagementResource_UpdateUser_GetRolesError","TestManagementResource_UpdateUser_GetRolesError"
"","221","Hides selector information if additionalSections is false","EntityInfoDataTableList","Wed Mar 04 18:45:50 UTC 2026","passed","Wed Mar 04 18:45:50 UTC 2026","","","",""
"","10","should not render if open === false","ConfirmUpdateQueryDialog","Wed Mar 04 18:47:23 UTC 2026","passed","Wed Mar 04 18:47:23 UTC 2026","","","",""
"","26","renders a preview version by default","PrivilegeZonesCypherEditor Search component for Zone Management","Wed Mar 04 18:46:41 UTC 2026","passed","Wed Mar 04 18:46:41 UTC 2026","","","",""
"","62","includes all traversable OpenGraph edges in their own category when they are available via the API","useEdgeCategories","Wed Mar 04 18:44:45 UTC 2026","passed","Wed Mar 04 18:44:45 UTC 2026","","","",""
"","95","renders Label as first tab and is also the initially selected on first render in Labels View/Tab","Selected Details Tabs","Wed Mar 04 18:44:57 UTC 2026","passed","Wed Mar 04 18:44:57 UTC 2026","","Selected Details Tabs - Params present","",""
"","28","displays a loading message while fetching extensions","ActiveExtensionsCard","Wed Mar 04 18:43:44 UTC 2026","passed","Wed Mar 04 18:43:44 UTC 2026","","","",""
"","1","Will parse an incorrectly cased type and return/use the correct casing for the data fetching","Parsing the debounced input for type and keyword values","Wed Mar 04 18:45:47 UTC 2026","passed","Wed Mar 04 18:45:47 UTC 2026","","","",""
"Test cases for TestConvertComputerToNode","0","TestConvertComputerToNode","","Wed Mar 04 18:43:06 UTC 2026","passed","Wed Mar 04 18:43:06 UTC 2026","","Go Test","github.com/specterops/bloodhound/packages/go/ein/TestConvertComputerToNode","TestConvertComputerToNode"
"","0","No type was provided and no results were available","Getting the text for the disabled item display for a search when there are no results","Wed Mar 04 18:45:47 UTC 2026","passed","Wed Mar 04 18:45:47 UTC 2026","","Empty data states","",""
"Test cases for TestFetchTenants","1","TestFetchTenants","","Wed Mar 04 18:43:05 UTC 2026","passed","Wed Mar 04 18:43:05 UTC 2026","","Go Test","github.com/specterops/bloodhound/packages/go/analysis/azure/TestFetchTenants","TestFetchTenants"
"","211","shows Popper when isCurrentSearchOpen is true","GraphControls","Wed Mar 04 18:44:09 UTC 2026","passed","Wed Mar 04 18:44:09 UTC 2026","","Searching current results","",""
"","60","returns the full environment of the environmentId found in the search params","useAvailableEnvironments","Wed Mar 04 18:46:50 UTC 2026","passed","Wed Mar 04 18:46:50 UTC 2026","","useSelectedEnvironment","",""
"Test cases for TestResources_GetPermissionsForSavedQuery","59","TestResources_GetPermissionsForSavedQuery","","Wed Mar 04 18:42:36 UTC 2026","passed","Wed Mar 04 18:42:36 UTC 2026","","Go Test","github.com/specterops/bloodhound/cmd/api/src/api/v2/TestResources_GetPermissionsForSavedQuery","TestResources_GetPermissionsForSavedQuery"
"","96","renders when all data is available and rule is not default","Delete Selector Button rendering","Wed Mar 04 18:47:26 UTC 2026","passed","Wed Mar 04 18:47:26 UTC 2026","","","",""
"","6","displays lastlogontimestamp cell as NEVER when the value is -1","ExploreTableDataCell","Wed Mar 04 18:47:05 UTC 2026","passed","Wed Mar 04 18:47:05 UTC 2026","","","",""
"","69","prevents a user from proceeding if the file is not valid","File Upload","Wed Mar 04 18:45:19 UTC 2026","passed","Wed Mar 04 18:45:19 UTC 2026","","","",""
"Test cases for TestResources_GetAssetGroupTags","1","TestResources_GetAssetGroupTags","","Wed Mar 04 18:42:36 UTC 2026","passed","Wed Mar 04 18:42:36 UTC 2026","","Go Test","github.com/specterops/bloodhound/cmd/api/src/api/v2/TestResources_GetAssetGroupTags","TestResources_GetAssetGroupTags"
"","3916","should clear state when logout action is dispatched","redux store","Wed Mar 04 18:48:44 UTC 2026","passed","Wed Mar 04 18:48:48 UTC 2026","","","",""
"","702","displays validation error messages when password does not match confirmation","PasswordDialog","Wed Mar 04 18:43:52 UTC 2026","passed","Wed Mar 04 18:43:53 UTC 2026","","","",""
"","2","succeeds for valid password","testPassword","Wed Mar 04 18:47:44 UTC 2026","passed","Wed Mar 04 18:47:44 UTC 2026","","","",""
"","58","should render oidc info provider","SSOProviderTable","Wed Mar 04 18:46:17 UTC 2026","passed","Wed Mar 04 18:46:17 UTC 2026","","","",""
"","677","renders a button that expands the filter section","AssetGroupEdit","Wed Mar 04 18:44:31 UTC 2026","passed","Wed Mar 04 18:44:31 UTC 2026","","","",""
"Test cases for TestStringEqual","0","TestStringEqual","","Wed Mar 04 18:42:43 UTC 2026","passed","Wed Mar 04 18:42:43 UTC 2026","","Go Test","github.com/specterops/bloodhound/cmd/api/src/database/types/null/TestStringEqual","TestStringEqual"
"","0","should compute the midpoint of a line segment","bezier","Wed Mar 04 18:48:36 UTC 2026","passed","Wed Mar 04 18:48:36 UTC 2026","","","",""
"","3","The data is loading","Getting the text for the disabled item display for a search when there are no results","Wed Mar 04 18:45:47 UTC 2026","passed","Wed Mar 04 18:45:47 UTC 2026","","Loading states","",""
"","2","A warning is printed when node positions are not available to apply from","applyNodePositionsFromGraphlibGraph","Wed Mar 04 18:48:43 UTC 2026","passed","Wed Mar 04 18:48:43 UTC 2026","","","",""
"","8","dismisses a notification","AppNotifications","Wed Mar 04 18:46:31 UTC 2026","passed","Wed Mar 04 18:46:31 UTC 2026","","","",""
"Test cases for TestManagementResource_ListRoles_SortingError","0","TestManagementResource_ListRoles_SortingError","","Wed Mar 04 18:42:41 UTC 2026","passed","Wed Mar 04 18:42:41 UTC 2026","","Go Test","github.com/specterops/bloodhound/cmd/api/src/api/v2/auth/TestManagementResource_ListRoles_SortingError","TestManagementResource_ListRoles_SortingError"
"Test cases for TestResources_GetAssetGroup","0","TestResources_GetAssetGroup","","Wed Mar 04 18:42:36 UTC 2026","passed","Wed Mar 04 18:42:36 UTC 2026","","Go Test","github.com/specterops/bloodhound/cmd/api/src/api/v2/TestResources_GetAssetGroup","TestResources_GetAssetGroup"
"","0","returns undefined if graphData is null or not a GraphResponse","getExploreTableData","Wed Mar 04 18:45:45 UTC 2026","passed","Wed Mar 04 18:45:45 UTC 2026","","","",""
"","564","displays a Upload Files button","FileIngest","Wed Mar 04 18:46:54 UTC 2026","passed","Wed Mar 04 18:46:54 UTC 2026","","","",""
"","5","should return null if the edge key does not have enough information","getEdgeDataFromKey","Wed Mar 04 18:48:51 UTC 2026","passed","Wed Mar 04 18:48:51 UTC 2026","","","",""
"","342","should render saml info provider","SSOProviderTable","Wed Mar 04 18:46:16 UTC 2026","passed","Wed Mar 04 18:46:17 UTC 2026","","","",""
"Test cases for TestManagementResource_GetSelf","0","TestManagementResource_GetSelf","","Wed Mar 04 18:42:52 UTC 2026","passed","Wed Mar 04 18:42:52 UTC 2026","","Go Test","github.com/specterops/bloodhound/cmd/api/src/api/v2/auth/TestManagementResource_GetSelf","TestManagementResource_GetSelf"
"","0","The user has yet to type into the search","Getting the text for the disabled item display for a search when there are no results","Wed Mar 04 18:45:47 UTC 2026","passed","Wed Mar 04 18:45:47 UTC 2026","","Empty data states","",""
"Test cases for Test_filterNodesToSearchResult_default","0","Test_filterNodesToSearchResult_default","","Wed Mar 04 18:42:46 UTC 2026","passed","Wed Mar 04 18:42:46 UTC 2026","","Go Test","github.com/specterops/bloodhound/cmd/api/src/queries/Test_filterNodesToSearchResult_default","Test_filterNodesToSearchResult_default"
"","215","calls the onReset prop when the crop button is clicked","GraphControls","Wed Mar 04 18:44:06 UTC 2026","passed","Wed Mar 04 18:44:07 UTC 2026","","Resetting graph","",""
"Test cases for TestManagementResource_DeleteUser_Success","736","TestManagementResource_DeleteUser_Success","","Wed Mar 04 18:42:53 UTC 2026","passed","Wed Mar 04 18:42:54 UTC 2026","","Go Test","github.com/specterops/bloodhound/cmd/api/src/api/v2/auth/TestManagementResource_DeleteUser_Success","TestManagementResource_DeleteUser_Success"
"Test cases for TestResources_GetUserEntityInfo","0","TestResources_GetUserEntityInfo","","Wed Mar 04 18:42:36 UTC 2026","passed","Wed Mar 04 18:42:36 UTC 2026","","Go Test","github.com/specterops/bloodhound/cmd/api/src/api/v2/TestResources_GetUserEntityInfo","TestResources_GetUserEntityInfo"
"Test cases for TestResources_GetShortestPath_ETAC","41","TestResources_GetShortestPath_ETAC","","Wed Mar 04 18:42:36 UTC 2026","passed","Wed Mar 04 18:42:36 UTC 2026","","Go Test","github.com/specterops/bloodhound/cmd/api/src/api/v2/TestResources_GetShortestPath_ETAC","TestResources_GetShortestPath_ETAC"
"","78","renders an input box","SearchBar","Wed Mar 04 18:47:34 UTC 2026","passed","Wed Mar 04 18:47:34 UTC 2026","","","",""
"","8","when there is no ID in the URL and no tags available, no ID is returned (it is undefined)","usePZQueryParams","Wed Mar 04 18:46:00 UTC 2026","passed","Wed Mar 04 18:46:00 UTC 2026","","","",""
"Test cases for TestResources_CancelAnalysisRequest","149","TestResources_CancelAnalysisRequest","","Wed Mar 04 18:42:36 UTC 2026","passed","Wed Mar 04 18:42:36 UTC 2026","","Go Test","github.com/specterops/bloodhound/cmd/api/src/api/v2/TestResources_CancelAnalysisRequest","TestResources_CancelAnalysisRequest"
"","201","displays error if delete button is clicked when no checkbox is selected","DatabaseManagement","Wed Mar 04 18:48:22 UTC 2026","passed","Wed Mar 04 18:48:22 UTC 2026","","","",""
"","47","renders section when no errors occur","EntityInfoCollapsibleSection","Wed Mar 04 18:47:16 UTC 2026","passed","Wed Mar 04 18:47:16 UTC 2026","","","",""
"Test cases for TestPredefinedNodeNamePrefixes","0","TestPredefinedNodeNamePrefixes","","Wed Mar 04 18:43:04 UTC 2026","passed","Wed Mar 04 18:43:04 UTC 2026","","Go Test","github.com/specterops/bloodhound/packages/go/analysis/ad/wellknown/TestPredefinedNodeNamePrefixes","TestPredefinedNodeNamePrefixes"
"","54","Should display a list of the asset group members","AssetGroupMemberList","Wed Mar 04 18:47:01 UTC 2026","passed","Wed Mar 04 18:47:01 UTC 2026","","","",""
"","343","should not allow leading or trailing empty spaces","UpdateUserForm","Wed Mar 04 18:43:34 UTC 2026","passed","Wed Mar 04 18:43:35 UTC 2026","","","",""
"","362","has user filters","FileIngestFilterDialog","Wed Mar 04 18:44:12 UTC 2026","passed","Wed Mar 04 18:44:13 UTC 2026","","User Select","",""
"","1246","should disable save button while input is empty","SaveQueryDialog","Wed Mar 04 18:43:27 UTC 2026","passed","Wed Mar 04 18:43:28 UTC 2026","","","",""
"Test cases for TestResources_UpdateSavedQuery_GetSavedQueryError","0","TestResources_UpdateSavedQuery_GetSavedQueryError","","Wed Mar 04 18:42:36 UTC 2026","passed","Wed Mar 04 18:42:36 UTC 2026","","Go Test","github.com/specterops/bloodhound/cmd/api/src/api/v2/TestResources_UpdateSavedQuery_GetSavedQueryError","TestResources_UpdateSavedQuery_GetSavedQueryError"
"","72","calls setSelected with correct data on click","NoteCell component","Wed Mar 04 18:46:28 UTC 2026","passed","Wed Mar 04 18:46:28 UTC 2026","","","",""
"Test cases for TestRoleAssignments_NodeHasRole","0","TestRoleAssignments_NodeHasRole","","Wed Mar 04 18:43:05 UTC 2026","passed","Wed Mar 04 18:43:05 UTC 2026","","Go Test","github.com/specterops/bloodhound/packages/go/analysis/azure/TestRoleAssignments_NodeHasRole","TestRoleAssignments_NodeHasRole"
"","0","An unknown error occurred when fetching the data","Getting the text for the disabled item display for a search when there are no results","Wed Mar 04 18:45:47 UTC 2026","passed","Wed Mar 04 18:45:47 UTC 2026","","Error states","",""
"Test cases for TestGenerateRandomBase64String","0","TestGenerateRandomBase64String","","Wed Mar 04 18:42:39 UTC 2026","passed","Wed Mar 04 18:42:39 UTC 2026","","Go Test","github.com/specterops/bloodhound/cmd/api/src/config/TestGenerateRandomBase64String","TestGenerateRandomBase64String"
"","225","should display ""Close"" button","UserTokenManagementDialog","Wed Mar 04 18:46:21 UTC 2026","passed","Wed Mar 04 18:46:21 UTC 2026","","","",""
"","215","onCancel is called when cancel is clicked","Enable2FADialog","Wed Mar 04 18:45:43 UTC 2026","passed","Wed Mar 04 18:45:43 UTC 2026","","","",""
"Test cases for TestManagementResource_ListUsers_PredicateMismatchWithColumn","0","TestManagementResource_ListUsers_PredicateMismatchWithColumn","","Wed Mar 04 18:42:41 UTC 2026","passed","Wed Mar 04 18:42:41 UTC 2026","","Go Test","github.com/specterops/bloodhound/cmd/api/src/api/v2/auth/TestManagementResource_ListUsers_PredicateMismatchWithColumn","TestManagementResource_ListUsers_PredicateMismatchWithColumn"
"Test cases for TestResources_ListADDomainInboundTrusts","0","TestResources_ListADDomainInboundTrusts","","Wed Mar 04 18:42:36 UTC 2026","passed","Wed Mar 04 18:42:36 UTC 2026","","Go Test","github.com/specterops/bloodhound/cmd/api/src/api/v2/TestResources_ListADDomainInboundTrusts","TestResources_ListADDomainInboundTrusts"
"","437","displays default text for domain selector when globalDomain is null","GroupManagement","Wed Mar 04 18:48:32 UTC 2026","passed","Wed Mar 04 18:48:32 UTC 2026","","","",""
"Test cases for TestDatabase_GetAssetGroupTag","0","TestDatabase_GetAssetGroupTag","","Wed Mar 04 18:42:36 UTC 2026","passed","Wed Mar 04 18:42:36 UTC 2026","","Go Test","github.com/specterops/bloodhound/cmd/api/src/api/v2/TestDatabase_GetAssetGroupTag","TestDatabase_GetAssetGroupTag"
"","145","renders the Rule Tab content when Rule tab is chosen","Selected Details Tab Content","Wed Mar 04 18:46:57 UTC 2026","passed","Wed Mar 04 18:46:57 UTC 2026","","","",""
"Test cases for TestManagementResource_GetPermission","27291","TestManagementResource_GetPermission","","Wed Mar 04 18:42:41 UTC 2026","passed","Wed Mar 04 18:43:08 UTC 2026","","Go Test","github.com/specterops/bloodhound/cmd/api/src/api/v2/auth/TestManagementResource_GetPermission","TestManagementResource_GetPermission"
"Copyright 2021 The Go Authors. All rights reserved.TestConcat was ripped from go1.22 source and should be replaced with the stdlib implementation when we move to 1.22Original source: https:","3","TestConcat","","Wed Mar 04 18:43:18 UTC 2026","passed","Wed Mar 04 18:43:18 UTC 2026","","Go Test","github.com/specterops/bloodhound/packages/go/slicesext/TestConcat","TestConcat"
"Test cases for TestManagementResource_ListAuthTokens_DBError","1","TestManagementResource_ListAuthTokens_DBError","","Wed Mar 04 18:42:57 UTC 2026","passed","Wed Mar 04 18:42:57 UTC 2026","","Go Test","github.com/specterops/bloodhound/cmd/api/src/api/v2/auth/TestManagementResource_ListAuthTokens_DBError","TestManagementResource_ListAuthTokens_DBError"
"","307","renders","ObjectsAccordion","Wed Mar 04 18:45:51 UTC 2026","passed","Wed Mar 04 18:45:52 UTC 2026","","","",""
"Test cases for TestResources_GetAssetGroupTagSelectors","0","TestResources_GetAssetGroupTagSelectors","","Wed Mar 04 18:42:36 UTC 2026","passed","Wed Mar 04 18:42:36 UTC 2026","","Go Test","github.com/specterops/bloodhound/cmd/api/src/api/v2/TestResources_GetAssetGroupTagSelectors","TestResources_GetAssetGroupTagSelectors"
"","368","renders an edit form for the selected asset group when a user has graph write permissions","GroupManagement","Wed Mar 04 18:48:32 UTC 2026","passed","Wed Mar 04 18:48:33 UTC 2026","","","",""
"Test cases for TestResources_ListADDomainDCSyncers","3","TestResources_ListADDomainDCSyncers","","Wed Mar 04 18:42:36 UTC 2026","passed","Wed Mar 04 18:42:36 UTC 2026","","Go Test","github.com/specterops/bloodhound/cmd/api/src/api/v2/TestResources_ListADDomainDCSyncers","TestResources_ListADDomainDCSyncers"
"Test cases for TestResources_UpdateSavedQuery_InvalidID","0","TestResources_UpdateSavedQuery_InvalidID","","Wed Mar 04 18:42:36 UTC 2026","passed","Wed Mar 04 18:42:36 UTC 2026","","Go Test","github.com/specterops/bloodhound/cmd/api/src/api/v2/TestResources_UpdateSavedQuery_InvalidID","TestResources_UpdateSavedQuery_InvalidID"
"Test cases for TestGetSkipParamForGraphQuery","0","TestGetSkipParamForGraphQuery","","Wed Mar 04 18:43:00 UTC 2026","passed","Wed Mar 04 18:43:00 UTC 2026","","Go Test","github.com/specterops/bloodhound/cmd/api/src/utils/TestGetSkipParamForGraphQuery","TestGetSkipParamForGraphQuery"
"","692","lists all available node kinds as options to filter by","AssetGroupEdit","Wed Mar 04 18:44:31 UTC 2026","passed","Wed Mar 04 18:44:32 UTC 2026","","Node Type dropdown filter","",""
"","2151","should close the edge filtering dialog when user clicks cancel button","EdgeFilter","Wed Mar 04 18:45:27 UTC 2026","passed","Wed Mar 04 18:45:29 UTC 2026","","","",""
"","714","renders a filter search and platform dropdown menu","CommonSearches","Wed Mar 04 18:44:23 UTC 2026","passed","Wed Mar 04 18:44:24 UTC 2026","","","",""
"Test cases for TestTimeSetValid","0","TestTimeSetValid","","Wed Mar 04 18:42:43 UTC 2026","passed","Wed Mar 04 18:42:43 UTC 2026","","Go Test","github.com/specterops/bloodhound/cmd/api/src/database/types/null/TestTimeSetValid","TestTimeSetValid"
"","710","should not allow the input to exceed the allowed length","UpdateUserForm","Wed Mar 04 18:43:33 UTC 2026","passed","Wed Mar 04 18:43:34 UTC 2026","","","",""
"Test cases for TestQueries_GetRequestedType","0","TestQueries_GetRequestedType","","Wed Mar 04 18:42:46 UTC 2026","passed","Wed Mar 04 18:42:46 UTC 2026","","Go Test","github.com/specterops/bloodhound/cmd/api/src/queries/TestQueries_GetRequestedType","TestQueries_GetRequestedType"
"","47","should on clicking remove call clearSelectedItem","EntityInfoHeader","Wed Mar 04 18:46:09 UTC 2026","passed","Wed Mar 04 18:46:09 UTC 2026","","","",""
"","3","prevents Sigma defaults events","preventAllDefaults","Wed Mar 04 18:48:55 UTC 2026","passed","Wed Mar 04 18:48:55 UTC 2026","","","",""
"","61","renders the Cypher Rules Panel when clicking the Rule Tab","Selected Details Tab Content","Wed Mar 04 18:46:57 UTC 2026","passed","Wed Mar 04 18:46:57 UTC 2026","","","",""
"","774","clicking checkbox will remove error if present","DatabaseManagement","Wed Mar 04 18:48:22 UTC 2026","passed","Wed Mar 04 18:48:23 UTC 2026","","","",""
"Test cases for TestGraphQuery_RawCypherQuery","12","TestGraphQuery_RawCypherQuery","","Wed Mar 04 18:42:46 UTC 2026","passed","Wed Mar 04 18:42:46 UTC 2026","","Go Test","github.com/specterops/bloodhound/cmd/api/src/queries/TestGraphQuery_RawCypherQuery","TestGraphQuery_RawCypherQuery"
"Test cases for TestResources_ListADGPOAffectedComputers","1","TestResources_ListADGPOAffectedComputers","","Wed Mar 04 18:42:36 UTC 2026","passed","Wed Mar 04 18:42:36 UTC 2026","","Go Test","github.com/specterops/bloodhound/cmd/api/src/api/v2/TestResources_ListADGPOAffectedComputers","TestResources_ListADGPOAffectedComputers"
"","0","returns true if arrays have same content in different order","areArraysSimilar","Wed Mar 04 18:47:25 UTC 2026","passed","Wed Mar 04 18:47:25 UTC 2026","","","",""
"Test cases for TestResources_ListADDomainOutboundTrusts","0","TestResources_ListADDomainOutboundTrusts","","Wed Mar 04 18:42:36 UTC 2026","passed","Wed Mar 04 18:42:36 UTC 2026","","Go Test","github.com/specterops/bloodhound/cmd/api/src/api/v2/TestResources_ListADDomainOutboundTrusts","TestResources_ListADDomainOutboundTrusts"
"","26","should highlight selected route","Main Nav Route Highlighting","Wed Mar 04 18:44:08 UTC 2026","passed","Wed Mar 04 18:44:08 UTC 2026","","","",""
"Test cases for TestManagementResource_ListAuthTokens_SortingError","0","TestManagementResource_ListAuthTokens_SortingError","","Wed Mar 04 18:42:57 UTC 2026","passed","Wed Mar 04 18:42:57 UTC 2026","","Go Test","github.com/specterops/bloodhound/cmd/api/src/api/v2/auth/TestManagementResource_ListAuthTokens_SortingError","TestManagementResource_ListAuthTokens_SortingError"
"Test cases for TestResources_SearchAssetGroupTags","2","TestResources_SearchAssetGroupTags","","Wed Mar 04 18:42:36 UTC 2026","passed","Wed Mar 04 18:42:36 UTC 2026","","Go Test","github.com/specterops/bloodhound/cmd/api/src/api/v2/TestResources_SearchAssetGroupTags","TestResources_SearchAssetGroupTags"
"","158","upon selecting just a source node, updates the URL with a searchType of 'node' and primarySearch of the node's objectid","usePathfindingSearch","Wed Mar 04 18:45:23 UTC 2026","passed","Wed Mar 04 18:45:23 UTC 2026","","","",""
"Test cases for TestResources_ListADEntityAdminRights","1","TestResources_ListADEntityAdminRights","","Wed Mar 04 18:42:36 UTC 2026","passed","Wed Mar 04 18:42:36 UTC 2026","","Go Test","github.com/specterops/bloodhound/cmd/api/src/api/v2/TestResources_ListADEntityAdminRights","TestResources_ListADEntityAdminRights"
"","680","should open save dialog on keyboard press alt+S","CypherSearch","Wed Mar 04 18:45:42 UTC 2026","passed","Wed Mar 04 18:45:43 UTC 2026","","","",""
"Test cases for TestManagementResource_UpdateUser_GetUserError","719","TestManagementResource_UpdateUser_GetUserError","","Wed Mar 04 18:42:47 UTC 2026","passed","Wed Mar 04 18:42:48 UTC 2026","","Go Test","github.com/specterops/bloodhound/cmd/api/src/api/v2/auth/TestManagementResource_UpdateUser_GetUserError","TestManagementResource_UpdateUser_GetUserError"
"Test cases for TestResources_SearchAssetGroupTagHistory","139","TestResources_SearchAssetGroupTagHistory","","Wed Mar 04 18:42:36 UTC 2026","passed","Wed Mar 04 18:42:36 UTC 2026","","Go Test","github.com/specterops/bloodhound/cmd/api/src/api/v2/TestResources_SearchAssetGroupTagHistory","TestResources_SearchAssetGroupTagHistory"
"","60","sets autoDisplayTable to true if query returns nodes only, searchType = cypher, and and enabled is true","useExploreTableAutoDisplay","Wed Mar 04 18:46:44 UTC 2026","passed","Wed Mar 04 18:46:44 UTC 2026","","","",""
"Test cases for TestResources_SearchHandler_ETAC","8","TestResources_SearchHandler_ETAC","","Wed Mar 04 18:42:36 UTC 2026","passed","Wed Mar 04 18:42:36 UTC 2026","","Go Test","github.com/specterops/bloodhound/cmd/api/src/api/v2/TestResources_SearchHandler_ETAC","TestResources_SearchHandler_ETAC"
"Test cases for TestWriteResponseWrapperWithPagination","0","TestWriteResponseWrapperWithPagination","","Wed Mar 04 18:42:23 UTC 2026","passed","Wed Mar 04 18:42:23 UTC 2026","","Go Test","github.com/specterops/bloodhound/cmd/api/src/api/TestWriteResponseWrapperWithPagination","TestWriteResponseWrapperWithPagination"
"","6","should handle special characters","HighlightedText","Wed Mar 04 18:47:02 UTC 2026","passed","Wed Mar 04 18:47:02 UTC 2026","","","",""
"","129","returns false when no nodes are available","useGraphHasData","Wed Mar 04 18:47:13 UTC 2026","passed","Wed Mar 04 18:47:13 UTC 2026","","","",""
"Test cases for TestResources_ListADDomainContainedGroups","0","TestResources_ListADDomainContainedGroups","","Wed Mar 04 18:42:36 UTC 2026","passed","Wed Mar 04 18:42:36 UTC 2026","","Go Test","github.com/specterops/bloodhound/cmd/api/src/api/v2/TestResources_ListADDomainContainedGroups","TestResources_ListADDomainContainedGroups"
"","30","when `selectedItem` is null, the combobox does not display an icon","icon rendering","Wed Mar 04 18:44:37 UTC 2026","passed","Wed Mar 04 18:44:37 UTC 2026","","","",""
"Test cases for TestPermissionsCheckAtLeastOne","0","TestPermissionsCheckAtLeastOne","","Wed Mar 04 18:42:28 UTC 2026","passed","Wed Mar 04 18:42:28 UTC 2026","","Go Test","github.com/specterops/bloodhound/cmd/api/src/api/middleware/TestPermissionsCheckAtLeastOne","TestPermissionsCheckAtLeastOne"
"Test cases for TestManagementResource_SAMLLoginHandler","22","TestManagementResource_SAMLLoginHandler","","Wed Mar 04 18:43:08 UTC 2026","passed","Wed Mar 04 18:43:08 UTC 2026","","Go Test","github.com/specterops/bloodhound/cmd/api/src/api/v2/auth/TestManagementResource_SAMLLoginHandler","TestManagementResource_SAMLLoginHandler"
"","71","Calls the `Base` endpoint for a LocalUser type node","EntityObjectInformation","Wed Mar 04 18:45:31 UTC 2026","passed","Wed Mar 04 18:45:31 UTC 2026","","","",""
"","7","updates key in state","useObjectState","Wed Mar 04 18:47:02 UTC 2026","passed","Wed Mar 04 18:47:02 UTC 2026","","","",""
"","910","shows tooltip text on hover","ColumnHeaders","Wed Mar 04 18:45:40 UTC 2026","passed","Wed Mar 04 18:45:41 UTC 2026","","SortableHeader with Tooltip","",""
"","262","sets the calendar date to match the valid","ManagedDatePicker - value","Wed Mar 04 18:45:33 UTC 2026","passed","Wed Mar 04 18:45:34 UTC 2026","","","",""
"Test cases for TestResources_GetNTAuthStoreEntityInfo","202","TestResources_GetNTAuthStoreEntityInfo","","Wed Mar 04 18:42:36 UTC 2026","passed","Wed Mar 04 18:42:36 UTC 2026","","Go Test","github.com/specterops/bloodhound/cmd/api/src/api/v2/TestResources_GetNTAuthStoreEntityInfo","TestResources_GetNTAuthStoreEntityInfo"
"Test cases for Test_NewSpec","0","Test_NewSpec","","Wed Mar 04 18:43:07 UTC 2026","passed","Wed Mar 04 18:43:07 UTC 2026","","Go Test","github.com/specterops/bloodhound/packages/go/lab/Test_NewSpec","Test_NewSpec"
"Test cases for TestStringValueOrZero","0","TestStringValueOrZero","","Wed Mar 04 18:42:43 UTC 2026","passed","Wed Mar 04 18:42:43 UTC 2026","","Go Test","github.com/specterops/bloodhound/cmd/api/src/database/types/null/TestStringValueOrZero","TestStringValueOrZero"
"Test cases for TestDomainSelectors_TestIsSortable","0","TestDomainSelectors_TestIsSortable","","Wed Mar 04 18:42:45 UTC 2026","passed","Wed Mar 04 18:42:45 UTC 2026","","Go Test","github.com/specterops/bloodhound/cmd/api/src/model/TestDomainSelectors_TestIsSortable","TestDomainSelectors_TestIsSortable"
"","19","upon performing a search, updates the url params with the base64-encoded current query and sets searchType to 'cypher'","useCypherSearch","Wed Mar 04 18:47:20 UTC 2026","passed","Wed Mar 04 18:47:20 UTC 2026","","","",""
"","0","returns false if value is {}","searchParams","Wed Mar 04 18:46:16 UTC 2026","passed","Wed Mar 04 18:46:16 UTC 2026","","isEmptyParam","",""
"","132","calls exportToJson util when valid non a empty object is passed as the jsonData prop","GraphControls","Wed Mar 04 18:44:09 UTC 2026","passed","Wed Mar 04 18:44:09 UTC 2026","","Exporting json","",""
"","248","The reset password and two-factor authentication options should not appear in profile page if the user is configured for SAML login","UserProfile with SSO User","Wed Mar 04 18:44:38 UTC 2026","passed","Wed Mar 04 18:44:38 UTC 2026","","","",""
"Test cases for TestManagementResource_ListAuthTokens_InvalidColumn","0","TestManagementResource_ListAuthTokens_InvalidColumn","","Wed Mar 04 18:42:57 UTC 2026","passed","Wed Mar 04 18:42:57 UTC 2026","","Go Test","github.com/specterops/bloodhound/cmd/api/src/api/v2/auth/TestManagementResource_ListAuthTokens_InvalidColumn","TestManagementResource_ListAuthTokens_InvalidColumn"
"","5","returns true when WebGL is available in the current browser context","WebGL compatibility check","Wed Mar 04 18:47:51 UTC 2026","passed","Wed Mar 04 18:47:51 UTC 2026","","","",""
"","9","takes a string and copys to the navigator clipboard","copyToClipboard","Wed Mar 04 18:47:53 UTC 2026","passed","Wed Mar 04 18:47:53 UTC 2026","","","",""
"Test cases for TestManagementResource_UpdateUser_Success","707","TestManagementResource_UpdateUser_Success","","Wed Mar 04 18:42:54 UTC 2026","passed","Wed Mar 04 18:42:55 UTC 2026","","Go Test","github.com/specterops/bloodhound/cmd/api/src/api/v2/auth/TestManagementResource_UpdateUser_Success","TestManagementResource_UpdateUser_Success"
"Test cases for TestOpenGraphSchemaService_DeleteExtension","1","TestOpenGraphSchemaService_DeleteExtension","","Wed Mar 04 18:42:48 UTC 2026","passed","Wed Mar 04 18:42:48 UTC 2026","","Go Test","github.com/specterops/bloodhound/cmd/api/src/services/opengraphschema/TestOpenGraphSchemaService_DeleteExtension","TestOpenGraphSchemaService_DeleteExtension"
"Test cases for TestParseVersion","0","TestParseVersion","","Wed Mar 04 18:43:01 UTC 2026","passed","Wed Mar 04 18:43:01 UTC 2026","","Go Test","github.com/specterops/bloodhound/cmd/api/src/version/TestParseVersion","TestParseVersion"
"","371","should not have less characters than the minimum requirement","UpdateUserForm","Wed Mar 04 18:43:34 UTC 2026","passed","Wed Mar 04 18:43:34 UTC 2026","","","",""
"","500","shows success notification after successful deletion","ActiveExtensionsCard","Wed Mar 04 18:43:48 UTC 2026","passed","Wed Mar 04 18:43:48 UTC 2026","","","",""
"","81","renders Empty when items is undefined and Empty is provided","<DetailsAccordion />","Wed Mar 04 18:44:20 UTC 2026","passed","Wed Mar 04 18:44:20 UTC 2026","","","",""
"","0","abbreviates thousands, millions, billions, trillions as expected","numberFormatting","Wed Mar 04 18:47:32 UTC 2026","passed","Wed Mar 04 18:47:32 UTC 2026","","","",""
"Test cases for TestAssetGroupMembers_Filter_NotEquals","0","TestAssetGroupMembers_Filter_NotEquals","","Wed Mar 04 18:42:22 UTC 2026","passed","Wed Mar 04 18:42:22 UTC 2026","","Go Test","github.com/specterops/bloodhound/cmd/api/src/api/TestAssetGroupMembers_Filter_NotEquals","TestAssetGroupMembers_Filter_NotEquals"
"","209","closes","ListItemActionMenu","Wed Mar 04 18:46:19 UTC 2026","passed","Wed Mar 04 18:46:19 UTC 2026","","","",""
"Test cases for TestInt64FromPtr","0","TestInt64FromPtr","","Wed Mar 04 18:42:43 UTC 2026","passed","Wed Mar 04 18:42:43 UTC 2026","","Go Test","github.com/specterops/bloodhound/cmd/api/src/database/types/null/TestInt64FromPtr","TestInt64FromPtr"
"","129","should fire Cancel once with false","ConfirmationDialog","Wed Mar 04 18:47:33 UTC 2026","passed","Wed Mar 04 18:47:33 UTC 2026","","","",""
"","1","runs a node search when the query param is set to ""node""","useExploreGraph","Wed Mar 04 18:45:11 UTC 2026","passed","Wed Mar 04 18:45:11 UTC 2026","","exploreGraphQueryFactory","",""
"","717","calls the passed in cancel handler when clicking the Cancel button","Glyph Select Dialog","Wed Mar 04 18:47:22 UTC 2026","passed","Wed Mar 04 18:47:23 UTC 2026","","","",""
"Test cases for TestResources_ListADEntityControllables","1","TestResources_ListADEntityControllables","","Wed Mar 04 18:42:36 UTC 2026","passed","Wed Mar 04 18:42:36 UTC 2026","","Go Test","github.com/specterops/bloodhound/cmd/api/src/api/v2/TestResources_ListADEntityControllables","TestResources_ListADEntityControllables"
"","76","takes the param appendQueryKey and will append that value to the existing queryKey","useAvailableEnvironments","Wed Mar 04 18:46:50 UTC 2026","passed","Wed Mar 04 18:46:50 UTC 2026","","useAvailableEnvironments","",""
"","62","displays ! icon when one of the Affected Object calls fail","EntityInfoDataTableGraphed","Wed Mar 04 18:44:41 UTC 2026","passed","Wed Mar 04 18:44:41 UTC 2026","","Node count for nested table that counts all sections","",""
"Test cases for TestTimeFrom","0","TestTimeFrom","","Wed Mar 04 18:42:43 UTC 2026","passed","Wed Mar 04 18:42:43 UTC 2026","","Go Test","github.com/specterops/bloodhound/cmd/api/src/database/types/null/TestTimeFrom","TestTimeFrom"
"","825","should render many sections with many navigation items","SubNav","Wed Mar 04 18:46:41 UTC 2026","passed","Wed Mar 04 18:46:42 UTC 2026","","","",""
"","386","renders headers","CommonSearches","Wed Mar 04 18:44:23 UTC 2026","passed","Wed Mar 04 18:44:23 UTC 2026","","","",""
"","365","should display CreateUserTokenDialog","UserTokenManagementDialog","Wed Mar 04 18:46:22 UTC 2026","passed","Wed Mar 04 18:46:22 UTC 2026","","when user clicks ""Create Token"" button","",""
"","1","returns a function that can set arrays query params removes previous values set to that array query param","searchParams","Wed Mar 04 18:46:16 UTC 2026","passed","Wed Mar 04 18:46:16 UTC 2026","","setSingleParamFactory","",""
"","1","returns graphData as is if it doesnt match the GraphResponse interface","normalizeGraphDataForSigma","Wed Mar 04 18:48:50 UTC 2026","passed","Wed Mar 04 18:48:50 UTC 2026","","","",""
"Test cases for TestAssetGroupMembers_SortBy","0","TestAssetGroupMembers_SortBy","","Wed Mar 04 18:42:22 UTC 2026","passed","Wed Mar 04 18:42:22 UTC 2026","","Go Test","github.com/specterops/bloodhound/cmd/api/src/api/TestAssetGroupMembers_SortBy","TestAssetGroupMembers_SortBy"
"Test cases for TestGetPlatformAggregateStats_Failure","0","TestGetPlatformAggregateStats_Failure","","Wed Mar 04 18:42:36 UTC 2026","passed","Wed Mar 04 18:42:36 UTC 2026","","Go Test","github.com/specterops/bloodhound/cmd/api/src/api/v2/TestGetPlatformAggregateStats_Failure","TestGetPlatformAggregateStats_Failure"
"Test cases for TestRequiredValidator","0","TestRequiredValidator","","Wed Mar 04 18:43:01 UTC 2026","passed","Wed Mar 04 18:43:01 UTC 2026","","Go Test","github.com/specterops/bloodhound/cmd/api/src/utils/validation/TestRequiredValidator","TestRequiredValidator"
"","276","should display a ""Reset Password"" button","UserProfile","Wed Mar 04 18:44:39 UTC 2026","passed","Wed Mar 04 18:44:39 UTC 2026","","","",""
"","71","fetches new information when a different databaseId is passed","useFetchEntityInfo","Wed Mar 04 18:45:27 UTC 2026","passed","Wed Mar 04 18:45:27 UTC 2026","","","",""
"","39","is disabled if no filters are active","AssetGroupEdit","Wed Mar 04 18:44:33 UTC 2026","passed","Wed Mar 04 18:44:33 UTC 2026","","Clear Filters button","",""
"","70","indicates the code container is scrollable when the code is unwrapped","CodeController","Wed Mar 04 18:47:30 UTC 2026","passed","Wed Mar 04 18:47:30 UTC 2026","","","",""
"","0","`undefined` input is provided","Parsing the debounced input for type and keyword values","Wed Mar 04 18:45:47 UTC 2026","passed","Wed Mar 04 18:45:47 UTC 2026","","","",""
"Test cases for TestBOMEncoding","0","TestBOMEncoding","","Wed Mar 04 18:43:05 UTC 2026","passed","Wed Mar 04 18:43:05 UTC 2026","","Go Test","github.com/specterops/bloodhound/packages/go/bomenc/TestBOMEncoding","TestBOMEncoding"
"Test cases for TestUnmarshalNonIntegerNumberToInt64","0","TestUnmarshalNonIntegerNumberToInt64","","Wed Mar 04 18:42:43 UTC 2026","passed","Wed Mar 04 18:42:43 UTC 2026","","Go Test","github.com/specterops/bloodhound/cmd/api/src/database/types/null/TestUnmarshalNonIntegerNumberToInt64","TestUnmarshalNonIntegerNumberToInt64"
"","315","renders the Object Tab content when Object tab is chosen","Selected Details Tab Content","Wed Mar 04 18:46:57 UTC 2026","passed","Wed Mar 04 18:46:57 UTC 2026","","","",""
"Test cases for Test_UseFixture","0","Test_UseFixture","","Wed Mar 04 18:43:07 UTC 2026","passed","Wed Mar 04 18:43:07 UTC 2026","","Go Test","github.com/specterops/bloodhound/packages/go/lab/Test_UseFixture","Test_UseFixture"
"","62","renders note header correctly","HistoryNotes Component","Wed Mar 04 18:47:29 UTC 2026","passed","Wed Mar 04 18:47:29 UTC 2026","","","",""
"","87","displays the value thats passed via children","CodeController","Wed Mar 04 18:47:29 UTC 2026","passed","Wed Mar 04 18:47:30 UTC 2026","","","",""
"Test cases for TestResources_ExportSavedQueries","12","TestResources_ExportSavedQueries","","Wed Mar 04 18:42:36 UTC 2026","passed","Wed Mar 04 18:42:36 UTC 2026","","Go Test","github.com/specterops/bloodhound/cmd/api/src/api/v2/TestResources_ExportSavedQueries","TestResources_ExportSavedQueries"
"Test cases for TestRequestWaitDuration_Negative","0","TestRequestWaitDuration_Negative","","Wed Mar 04 18:42:28 UTC 2026","passed","Wed Mar 04 18:42:28 UTC 2026","","Go Test","github.com/specterops/bloodhound/cmd/api/src/api/middleware/TestRequestWaitDuration_Negative","TestRequestWaitDuration_Negative"
"","466","should close the dialog when the Cancel button is clicked","Privilege Zones History Filter Dialog","Wed Mar 04 18:45:17 UTC 2026","passed","Wed Mar 04 18:45:17 UTC 2026","","","",""
"Test cases for TestFloatScan","0","TestFloatScan","","Wed Mar 04 18:42:43 UTC 2026","passed","Wed Mar 04 18:42:43 UTC 2026","","Go Test","github.com/specterops/bloodhound/cmd/api/src/database/types/null/TestFloatScan","TestFloatScan"
"","179","toggles a child off","SourceKindsCheckboxes","Wed Mar 04 18:45:09 UTC 2026","passed","Wed Mar 04 18:45:09 UTC 2026","","","",""
"Test cases for Test_runMaybeCachedEntityQuery","0","Test_runMaybeCachedEntityQuery","","Wed Mar 04 18:42:46 UTC 2026","passed","Wed Mar 04 18:42:46 UTC 2026","","Go Test","github.com/specterops/bloodhound/cmd/api/src/queries/Test_runMaybeCachedEntityQuery","Test_runMaybeCachedEntityQuery"
"","97","renders a ListItemActionMenu component","ListItemActionMenu","Wed Mar 04 18:46:18 UTC 2026","passed","Wed Mar 04 18:46:18 UTC 2026","","","",""
"","98","should call onCancel when return to login button clicked","PasswordResetForm","Wed Mar 04 18:45:24 UTC 2026","passed","Wed Mar 04 18:45:24 UTC 2026","","","",""
"","39","stores the state of a search term without modifying the query params","useCypherSearch","Wed Mar 04 18:47:20 UTC 2026","passed","Wed Mar 04 18:47:20 UTC 2026","","","",""
"","59","shows the direct object list and expanded object list empty, when only direct objects in results","Seed Selection Results","Wed Mar 04 18:44:16 UTC 2026","passed","Wed Mar 04 18:44:17 UTC 2026","","","",""
"Test cases for TestCreateUser_Failure","0","TestCreateUser_Failure","","Wed Mar 04 18:42:41 UTC 2026","passed","Wed Mar 04 18:42:41 UTC 2026","","Go Test","github.com/specterops/bloodhound/cmd/api/src/api/v2/auth/TestCreateUser_Failure","TestCreateUser_Failure"
"","1314","should render","EntityInfoHeader","Wed Mar 04 18:46:08 UTC 2026","passed","Wed Mar 04 18:46:09 UTC 2026","","","",""
"","7","adds new key to state","useObjectState","Wed Mar 04 18:47:02 UTC 2026","passed","Wed Mar 04 18:47:02 UTC 2026","","","",""
"","0","should return an object denoting that the property is not in the schema when it is unrecognized","validating a node property against the shared generated schema","Wed Mar 04 18:44:28 UTC 2026","passed","Wed Mar 04 18:44:28 UTC 2026","","","",""
"Test cases for TestDetectBOMEncoding","1","TestDetectBOMEncoding","","Wed Mar 04 18:43:05 UTC 2026","passed","Wed Mar 04 18:43:05 UTC 2026","","Go Test","github.com/specterops/bloodhound/packages/go/bomenc/TestDetectBOMEncoding","TestDetectBOMEncoding"
"Test cases for TestIngestJobs_IsSortable","2","TestIngestJobs_IsSortable","","Wed Mar 04 18:42:45 UTC 2026","passed","Wed Mar 04 18:42:45 UTC 2026","","Go Test","github.com/specterops/bloodhound/cmd/api/src/model/TestIngestJobs_IsSortable","TestIngestJobs_IsSortable"
"","433","should not allow leading or trailing empty spaces","CreateUserForm","Wed Mar 04 18:44:01 UTC 2026","passed","Wed Mar 04 18:44:01 UTC 2026","","","",""
"Test cases for TestBuildSQLSort","2","TestBuildSQLSort","","Wed Mar 04 18:42:23 UTC 2026","passed","Wed Mar 04 18:42:23 UTC 2026","","Go Test","github.com/specterops/bloodhound/cmd/api/src/api/TestBuildSQLSort","TestBuildSQLSort"
"Test cases for TestEncodingValues","0","TestEncodingValues","","Wed Mar 04 18:43:05 UTC 2026","passed","Wed Mar 04 18:43:05 UTC 2026","","Go Test","github.com/specterops/bloodhound/packages/go/bomenc/TestEncodingValues","TestEncodingValues"
"Test cases for TestBuildErrorResponseUnauthorized","0","TestBuildErrorResponseUnauthorized","","Wed Mar 04 18:42:23 UTC 2026","passed","Wed Mar 04 18:42:23 UTC 2026","","Go Test","github.com/specterops/bloodhound/cmd/api/src/api/TestBuildErrorResponseUnauthorized","TestBuildErrorResponseUnauthorized"
"Test cases for TestTextUnmarshalString","0","TestTextUnmarshalString","","Wed Mar 04 18:42:43 UTC 2026","passed","Wed Mar 04 18:42:43 UTC 2026","","Go Test","github.com/specterops/bloodhound/cmd/api/src/database/types/null/TestTextUnmarshalString","TestTextUnmarshalString"
"","510","should render inputs, labels, and action buttons","UpsertSAMLProviderForm","Wed Mar 04 18:46:35 UTC 2026","passed","Wed Mar 04 18:46:35 UTC 2026","","","",""
"","770","should call onSave when Save button is clicked and form input is valid","CreateUserDialog","Wed Mar 04 18:43:57 UTC 2026","passed","Wed Mar 04 18:43:58 UTC 2026","","","",""
"Test cases for TestDefineNodeName","0","TestDefineNodeName","","Wed Mar 04 18:43:04 UTC 2026","passed","Wed Mar 04 18:43:04 UTC 2026","","Go Test","github.com/specterops/bloodhound/packages/go/analysis/ad/wellknown/TestDefineNodeName","TestDefineNodeName"
"","207","on clicking switch shows modal and when clicking cancel closes it and switch stays enabled","CitrixRDPConfiguration","Wed Mar 04 18:44:32 UTC 2026","passed","Wed Mar 04 18:44:33 UTC 2026","","Click on switch to disable","",""
"","8","returns the remaining amount of labels available for creation","useTagLimits","Wed Mar 04 18:43:52 UTC 2026","passed","Wed Mar 04 18:43:52 UTC 2026","","","",""
"","619","should fire Confirm once with true after typing challenge text","DeleteConfirmationDialog","Wed Mar 04 18:47:16 UTC 2026","passed","Wed Mar 04 18:47:16 UTC 2026","","","",""
"Test cases for Test_FixtureSetup","0","Test_FixtureSetup","","Wed Mar 04 18:43:07 UTC 2026","passed","Wed Mar 04 18:43:07 UTC 2026","","Go Test","github.com/specterops/bloodhound/packages/go/lab/Test_FixtureSetup","Test_FixtureSetup"
"","823","should call onSave when Save button is clicked and form input is valid","UpdateUserDialog","Wed Mar 04 18:44:00 UTC 2026","passed","Wed Mar 04 18:44:01 UTC 2026","","","",""
"Test cases for TestGormLogAdapter_Info","0","TestGormLogAdapter_Info","","Wed Mar 04 18:42:42 UTC 2026","passed","Wed Mar 04 18:42:42 UTC 2026","","Go Test","github.com/specterops/bloodhound/cmd/api/src/database/TestGormLogAdapter_Info","TestGormLogAdapter_Info"
"","34","applies empty state height when no results","ActiveExtensionsCard","Wed Mar 04 18:43:45 UTC 2026","passed","Wed Mar 04 18:43:45 UTC 2026","","","",""
"Test cases for TestGenerateTOTPSecret","0","TestGenerateTOTPSecret","","Wed Mar 04 18:42:37 UTC 2026","passed","Wed Mar 04 18:42:37 UTC 2026","","Go Test","github.com/specterops/bloodhound/cmd/api/src/auth/TestGenerateTOTPSecret","TestGenerateTOTPSecret"
"Test cases for TestResources_ListAcceptedFileUploadTypes","0","TestResources_ListAcceptedFileUploadTypes","","Wed Mar 04 18:42:36 UTC 2026","passed","Wed Mar 04 18:42:36 UTC 2026","","Go Test","github.com/specterops/bloodhound/cmd/api/src/api/v2/TestResources_ListAcceptedFileUploadTypes","TestResources_ListAcceptedFileUploadTypes"
"Test cases for TestAuth_CreateSSOSession","3","TestAuth_CreateSSOSession","","Wed Mar 04 18:42:36 UTC 2026","passed","Wed Mar 04 18:42:36 UTC 2026","","Go Test","github.com/specterops/bloodhound/cmd/api/src/api/v2/auth/TestAuth_CreateSSOSession","TestAuth_CreateSSOSession"
"Test cases for TestDatabaseWipe","0","TestDatabaseWipe","","Wed Mar 04 18:42:36 UTC 2026","passed","Wed Mar 04 18:42:36 UTC 2026","","Go Test","github.com/specterops/bloodhound/cmd/api/src/api/v2/TestDatabaseWipe","TestDatabaseWipe"
"Test cases for TestWriteResponseWrapperWithTimeWindowAndPagination","0","TestWriteResponseWrapperWithTimeWindowAndPagination","","Wed Mar 04 18:42:23 UTC 2026","passed","Wed Mar 04 18:42:23 UTC 2026","","Go Test","github.com/specterops/bloodhound/cmd/api/src/api/TestWriteResponseWrapperWithTimeWindowAndPagination","TestWriteResponseWrapperWithTimeWindowAndPagination"
"Test cases for Test_filterNodesToSearchResult_filterEnvironmentsEmpty","0","Test_filterNodesToSearchResult_filterEnvironmentsEmpty","","Wed Mar 04 18:42:46 UTC 2026","passed","Wed Mar 04 18:42:46 UTC 2026","","Go Test","github.com/specterops/bloodhound/cmd/api/src/queries/Test_filterNodesToSearchResult_filterEnvironmentsEmpty","Test_filterNodesToSearchResult_filterEnvironmentsEmpty"
"Test cases for TestResources_UpdateAssetGroup","0","TestResources_UpdateAssetGroup","","Wed Mar 04 18:42:36 UTC 2026","passed","Wed Mar 04 18:42:36 UTC 2026","","Go Test","github.com/specterops/bloodhound/cmd/api/src/api/v2/TestResources_UpdateAssetGroup","TestResources_UpdateAssetGroup"
"Test cases for TestSortJSONArrays","1","TestSortJSONArrays","","Wed Mar 04 18:43:01 UTC 2026","passed","Wed Mar 04 18:43:01 UTC 2026","","Go Test","github.com/specterops/bloodhound/cmd/api/src/utils/test/TestSortJSONArrays","TestSortJSONArrays"
"Test cases for TestManagementResource_UpdateOIDCProvider","0","TestManagementResource_UpdateOIDCProvider","","Wed Mar 04 18:43:08 UTC 2026","passed","Wed Mar 04 18:43:08 UTC 2026","","Go Test","github.com/specterops/bloodhound/cmd/api/src/api/v2/auth/TestManagementResource_UpdateOIDCProvider","TestManagementResource_UpdateOIDCProvider"
"Test cases for TestFoldr","0","TestFoldr","","Wed Mar 04 18:43:18 UTC 2026","passed","Wed Mar 04 18:43:18 UTC 2026","","Go Test","github.com/specterops/bloodhound/packages/go/slicesext/TestFoldr","TestFoldr"
"","257","fires click handlers","ConfirmDeleteQueryDialog","Wed Mar 04 18:47:38 UTC 2026","passed","Wed Mar 04 18:47:38 UTC 2026","","","",""
"Test cases for TestManagementResource_EnrollMFA","2159","TestManagementResource_EnrollMFA","","Wed Mar 04 18:42:57 UTC 2026","passed","Wed Mar 04 18:42:59 UTC 2026","","Go Test","github.com/specterops/bloodhound/cmd/api/src/api/v2/auth/TestManagementResource_EnrollMFA","TestManagementResource_EnrollMFA"
"","1680","should open edge filtering dialog","EdgeFilter","Wed Mar 04 18:45:25 UTC 2026","passed","Wed Mar 04 18:45:27 UTC 2026","","","",""
"Test cases for TestResources_ListPublishedTemplates","0","TestResources_ListPublishedTemplates","","Wed Mar 04 18:42:36 UTC 2026","passed","Wed Mar 04 18:42:36 UTC 2026","","Go Test","github.com/specterops/bloodhound/cmd/api/src/api/v2/TestResources_ListPublishedTemplates","TestResources_ListPublishedTemplates"
"Test cases for TestFloatEqual","0","TestFloatEqual","","Wed Mar 04 18:42:43 UTC 2026","passed","Wed Mar 04 18:42:43 UTC 2026","","Go Test","github.com/specterops/bloodhound/cmd/api/src/database/types/null/TestFloatEqual","TestFloatEqual"
"","13","renders the tooltip icon when tooltipText prop is passed","ColumnHeaders","Wed Mar 04 18:45:40 UTC 2026","passed","Wed Mar 04 18:45:40 UTC 2026","","SortableHeader with Tooltip","",""
"Test cases for TestResources_GetOUEntityInfo","3","TestResources_GetOUEntityInfo","","Wed Mar 04 18:42:36 UTC 2026","passed","Wed Mar 04 18:42:36 UTC 2026","","Go Test","github.com/specterops/bloodhound/cmd/api/src/api/v2/TestResources_GetOUEntityInfo","TestResources_GetOUEntityInfo"
"Test cases for TestResources_ListAuditLogs_PredicateMismatchWithColumn","0","TestResources_ListAuditLogs_PredicateMismatchWithColumn","","Wed Mar 04 18:42:36 UTC 2026","passed","Wed Mar 04 18:42:36 UTC 2026","","Go Test","github.com/specterops/bloodhound/cmd/api/src/api/v2/TestResources_ListAuditLogs_PredicateMismatchWithColumn","TestResources_ListAuditLogs_PredicateMismatchWithColumn"
"Test cases for TestParseUserIP_XForwardedFor_RemoteAddr","0","TestParseUserIP_XForwardedFor_RemoteAddr","","Wed Mar 04 18:42:28 UTC 2026","passed","Wed Mar 04 18:42:28 UTC 2026","","Go Test","github.com/specterops/bloodhound/cmd/api/src/api/middleware/TestParseUserIP_XForwardedFor_RemoteAddr","TestParseUserIP_XForwardedFor_RemoteAddr"
"","194","opens confirmation dialog when delete button is clicked","ActiveExtensionsCard","Wed Mar 04 18:43:45 UTC 2026","passed","Wed Mar 04 18:43:45 UTC 2026","","","",""
"","110","has styles that hide icon labels when the nav is collapsed and show labels when its expanded","MainNav","Wed Mar 04 18:44:08 UTC 2026","passed","Wed Mar 04 18:44:08 UTC 2026","","","",""
"","337","should call ""onSave"" one time","Enable2FADialog","Wed Mar 04 18:46:27 UTC 2026","passed","Wed Mar 04 18:46:27 UTC 2026","user clicks ""Disable Multi-Factor Authentication"" button","user enters valid password","",""
"","58","updates value when an invalid date typed","ManagedDatePicker - value","Wed Mar 04 18:45:33 UTC 2026","passed","Wed Mar 04 18:45:33 UTC 2026","","","",""
"","134","respects openIndex (default opened panel)","<DetailsAccordion />","Wed Mar 04 18:44:21 UTC 2026","passed","Wed Mar 04 18:44:21 UTC 2026","","","",""
"Test cases for Test_ParseGraphSortParameters_Success","0","Test_ParseGraphSortParameters_Success","","Wed Mar 04 18:42:23 UTC 2026","passed","Wed Mar 04 18:42:23 UTC 2026","","Go Test","github.com/specterops/bloodhound/cmd/api/src/api/Test_ParseGraphSortParameters_Success","Test_ParseGraphSortParameters_Success"
"","0","A type was provided but no keyword follows the typed filter","Getting the text for the disabled item display for a search when there are no results","Wed Mar 04 18:45:47 UTC 2026","passed","Wed Mar 04 18:45:47 UTC 2026","","Empty data states","",""
"","153","calls onCancel when cancel button clicked","EarlyAccessFeaturesWarningDialog","Wed Mar 04 18:48:55 UTC 2026","passed","Wed Mar 04 18:48:55 UTC 2026","","","",""
"","224","Displays a notification when analysis has been requested successfully","AnalyzeNowConfiguration","Wed Mar 04 18:44:50 UTC 2026","passed","Wed Mar 04 18:44:51 UTC 2026","","","",""
"","1","lastlogon, lastlogontimestamp","Handling value formatting for Active Directory entity properties lastlogon, lastlogontimestamp, whencreated, and pwdlastset","Wed Mar 04 18:44:28 UTC 2026","passed","Wed Mar 04 18:44:28 UTC 2026","","","",""
"Test cases for TestUpdateAssetGroupRequest_AuditData","0","TestUpdateAssetGroupRequest_AuditData","","Wed Mar 04 18:42:36 UTC 2026","passed","Wed Mar 04 18:42:36 UTC 2026","","Go Test","github.com/specterops/bloodhound/cmd/api/src/api/v2/TestUpdateAssetGroupRequest_AuditData","TestUpdateAssetGroupRequest_AuditData"
"Test cases for TestManagementResource_DeleteUser_DeleteUserError","675","TestManagementResource_DeleteUser_DeleteUserError","","Wed Mar 04 18:42:53 UTC 2026","passed","Wed Mar 04 18:42:53 UTC 2026","","Go Test","github.com/specterops/bloodhound/cmd/api/src/api/v2/auth/TestManagementResource_DeleteUser_DeleteUserError","TestManagementResource_DeleteUser_DeleteUserError"
"Test cases for TestResources_ListADEntityControllers","1","TestResources_ListADEntityControllers","","Wed Mar 04 18:42:36 UTC 2026","passed","Wed Mar 04 18:42:36 UTC 2026","","Go Test","github.com/specterops/bloodhound/cmd/api/src/api/v2/TestResources_ListADEntityControllers","TestResources_ListADEntityControllers"
"Test cases for TestResources_CreateSavedQuery_InvalidBody","4","TestResources_CreateSavedQuery_InvalidBody","","Wed Mar 04 18:42:36 UTC 2026","passed","Wed Mar 04 18:42:36 UTC 2026","","Go Test","github.com/specterops/bloodhound/cmd/api/src/api/v2/TestResources_CreateSavedQuery_InvalidBody","TestResources_CreateSavedQuery_InvalidBody"
"","382","toggles sort order when clicking sortable header","ObjectsAccordion","Wed Mar 04 18:46:45 UTC 2026","passed","Wed Mar 04 18:46:46 UTC 2026","","","",""
"","77","clicking cancel on the form takes the user back to the page the user was on previously","Tag Form","Wed Mar 04 18:43:27 UTC 2026","passed","Wed Mar 04 18:43:27 UTC 2026","","","",""
"Test cases for TestParseDomainTrusts_TrustAttributes","0","TestParseDomainTrusts_TrustAttributes","","Wed Mar 04 18:43:06 UTC 2026","passed","Wed Mar 04 18:43:06 UTC 2026","","Go Test","github.com/specterops/bloodhound/packages/go/ein/TestParseDomainTrusts_TrustAttributes","TestParseDomainTrusts_TrustAttributes"
"","0","returns true if value is null","searchParams","Wed Mar 04 18:46:16 UTC 2026","passed","Wed Mar 04 18:46:16 UTC 2026","","isEmptyParam","",""
"","83","collapses an open item when its header is clicked again","<DetailsAccordion />","Wed Mar 04 18:44:21 UTC 2026","passed","Wed Mar 04 18:44:21 UTC 2026","","","",""
"","54","renders Tier Zero text by default when no Zone Selector is available and on a Zone page","TagSelector","Wed Mar 04 18:46:02 UTC 2026","passed","Wed Mar 04 18:46:02 UTC 2026","","","",""
"Test cases for TestResources_GetEdgeACLInheritancePath","104","TestResources_GetEdgeACLInheritancePath","","Wed Mar 04 18:42:36 UTC 2026","passed","Wed Mar 04 18:42:36 UTC 2026","","Go Test","github.com/specterops/bloodhound/cmd/api/src/api/v2/TestResources_GetEdgeACLInheritancePath","TestResources_GetEdgeACLInheritancePath"
"","295","opens the dialog when the button is clicked","SchemaUploadDialog","Wed Mar 04 18:45:35 UTC 2026","passed","Wed Mar 04 18:45:35 UTC 2026","","","",""
"Test cases for TestResources_DeleteAssetGroup","0","TestResources_DeleteAssetGroup","","Wed Mar 04 18:42:36 UTC 2026","passed","Wed Mar 04 18:42:36 UTC 2026","","Go Test","github.com/specterops/bloodhound/cmd/api/src/api/v2/TestResources_DeleteAssetGroup","TestResources_DeleteAssetGroup"
"Test cases for TestResources_ListADGroupMembership","0","TestResources_ListADGroupMembership","","Wed Mar 04 18:42:36 UTC 2026","passed","Wed Mar 04 18:42:36 UTC 2026","","Go Test","github.com/specterops/bloodhound/cmd/api/src/api/v2/TestResources_ListADGroupMembership","TestResources_ListADGroupMembership"
"Test cases for TestManagementResource_EnableUserSAML","0","TestManagementResource_EnableUserSAML","","Wed Mar 04 18:42:41 UTC 2026","passed","Wed Mar 04 18:42:41 UTC 2026","","Go Test","github.com/specterops/bloodhound/cmd/api/src/api/v2/auth/TestManagementResource_EnableUserSAML","TestManagementResource_EnableUserSAML"
"Test cases for TestNormalizeToUTF8_ReaderError","0","TestNormalizeToUTF8_ReaderError","","Wed Mar 04 18:43:05 UTC 2026","passed","Wed Mar 04 18:43:05 UTC 2026","","Go Test","github.com/specterops/bloodhound/packages/go/bomenc/TestNormalizeToUTF8_ReaderError","TestNormalizeToUTF8_ReaderError"
"","1","calculates skip correctly for pageParam > 1","createHistoryParams","Wed Mar 04 18:46:47 UTC 2026","passed","Wed Mar 04 18:46:47 UTC 2026","","","",""
"Test cases for TestResources_ListADDomainContainedComputers","0","TestResources_ListADDomainContainedComputers","","Wed Mar 04 18:42:36 UTC 2026","passed","Wed Mar 04 18:42:36 UTC 2026","","Go Test","github.com/specterops/bloodhound/cmd/api/src/api/v2/TestResources_ListADDomainContainedComputers","TestResources_ListADDomainContainedComputers"
"Test cases for TestExpireUserAuthSecret_Failure","0","TestExpireUserAuthSecret_Failure","","Wed Mar 04 18:42:41 UTC 2026","passed","Wed Mar 04 18:42:41 UTC 2026","","Go Test","github.com/specterops/bloodhound/cmd/api/src/api/v2/auth/TestExpireUserAuthSecret_Failure","TestExpireUserAuthSecret_Failure"
"","1073","renders asset group edit options with graph write permissions","ContextMenu","Wed Mar 04 18:48:20 UTC 2026","passed","Wed Mar 04 18:48:21 UTC 2026","","","",""
"","336","navigates to rule details when clicking a rule row","RulesAccordion","Wed Mar 04 18:45:51 UTC 2026","passed","Wed Mar 04 18:45:51 UTC 2026","","","",""
"Test cases for TestAddWhereClauseToNeo4jQuery_WithWhereClause","0","TestAddWhereClauseToNeo4jQuery_WithWhereClause","","Wed Mar 04 18:42:36 UTC 2026","passed","Wed Mar 04 18:42:36 UTC 2026","","Go Test","github.com/specterops/bloodhound/cmd/api/src/api/v2/TestAddWhereClauseToNeo4jQuery_WithWhereClause","TestAddWhereClauseToNeo4jQuery_WithWhereClause"
"Test cases for TestNewManifest","0","TestNewManifest","","Wed Mar 04 18:42:42 UTC 2026","passed","Wed Mar 04 18:42:42 UTC 2026","","Go Test","github.com/specterops/bloodhound/cmd/api/src/database/migration/TestNewManifest","TestNewManifest"
"","66","populates the source and destination node fields when query params are passed","usePathfindingSearch","Wed Mar 04 18:45:23 UTC 2026","passed","Wed Mar 04 18:45:23 UTC 2026","","","",""
"Test cases for TestResources_ListAuditLogs_OnlyOffset","0","TestResources_ListAuditLogs_OnlyOffset","","Wed Mar 04 18:42:36 UTC 2026","passed","Wed Mar 04 18:42:36 UTC 2026","","Go Test","github.com/specterops/bloodhound/cmd/api/src/api/v2/TestResources_ListAuditLogs_OnlyOffset","TestResources_ListAuditLogs_OnlyOffset"
"","1749","executes a pathfinding search when both a source and destination node are provided","Pathfinding: interaction","Wed Mar 04 18:45:07 UTC 2026","passed","Wed Mar 04 18:45:08 UTC 2026","","","",""
"","349","calls setFilters when the Confirm button is clicked","Privilege Zones History Filter Dialog","Wed Mar 04 18:45:17 UTC 2026","passed","Wed Mar 04 18:45:17 UTC 2026","","","",""
"Test cases for TestResources_GetSearchResult_ETAC","37","TestResources_GetSearchResult_ETAC","","Wed Mar 04 18:42:36 UTC 2026","passed","Wed Mar 04 18:42:36 UTC 2026","","Go Test","github.com/specterops/bloodhound/cmd/api/src/api/v2/TestResources_GetSearchResult_ETAC","TestResources_GetSearchResult_ETAC"
"","248","renders a non-primary button as expected","DropdownSelector","Wed Mar 04 18:46:37 UTC 2026","passed","Wed Mar 04 18:46:37 UTC 2026","","","",""
"","2381","when user performs a pathfinding search, the swap button is disabled until both the start and destination nodes are provided","Pathfinding: interaction","Wed Mar 04 18:45:02 UTC 2026","passed","Wed Mar 04 18:45:04 UTC 2026","","","",""
"Test cases for TestResources_ListADGPOAffectedUsers","1","TestResources_ListADGPOAffectedUsers","","Wed Mar 04 18:42:36 UTC 2026","passed","Wed Mar 04 18:42:36 UTC 2026","","Go Test","github.com/specterops/bloodhound/cmd/api/src/api/v2/TestResources_ListADGPOAffectedUsers","TestResources_ListADGPOAffectedUsers"
"","10","fully replaces state","useObjectState","Wed Mar 04 18:47:02 UTC 2026","passed","Wed Mar 04 18:47:02 UTC 2026","","","",""
"Test cases for TestWriteAndValidateJSON","0","TestWriteAndValidateJSON","","Wed Mar 04 18:42:49 UTC 2026","passed","Wed Mar 04 18:42:49 UTC 2026","","Go Test","github.com/specterops/bloodhound/cmd/api/src/services/upload/TestWriteAndValidateJSON","TestWriteAndValidateJSON"
"","62","enables pulling an ordered list of tags by position ascending","the useAssetGroupTags utilities","Wed Mar 04 18:44:17 UTC 2026","passed","Wed Mar 04 18:44:17 UTC 2026","","","",""
"Test cases for TestStringSetValid","0","TestStringSetValid","","Wed Mar 04 18:42:43 UTC 2026","passed","Wed Mar 04 18:42:43 UTC 2026","","Go Test","github.com/specterops/bloodhound/cmd/api/src/database/types/null/TestStringSetValid","TestStringSetValid"
"Test cases for TestResources_GetAssetGroupMemberCount_IDMalformed","0","TestResources_GetAssetGroupMemberCount_IDMalformed","","Wed Mar 04 18:42:36 UTC 2026","passed","Wed Mar 04 18:42:36 UTC 2026","","Go Test","github.com/specterops/bloodhound/cmd/api/src/api/v2/TestResources_GetAssetGroupMemberCount_IDMalformed","TestResources_GetAssetGroupMemberCount_IDMalformed"
"","217","should not render list items for domains that are not collected","Context Selector","Wed Mar 04 18:43:54 UTC 2026","passed","Wed Mar 04 18:43:55 UTC 2026","","","",""
"Test cases for Test_FixtureTeardown","0","Test_FixtureTeardown","","Wed Mar 04 18:43:07 UTC 2026","passed","Wed Mar 04 18:43:07 UTC 2026","","Go Test","github.com/specterops/bloodhound/packages/go/lab/Test_FixtureTeardown","Test_FixtureTeardown"
"Test cases for TestGetLimitParamForGraphQuery","0","TestGetLimitParamForGraphQuery","","Wed Mar 04 18:43:00 UTC 2026","passed","Wed Mar 04 18:43:00 UTC 2026","","Go Test","github.com/specterops/bloodhound/cmd/api/src/utils/TestGetLimitParamForGraphQuery","TestGetLimitParamForGraphQuery"
"Test cases for TestResources_ListFileUploadJobs","0","TestResources_ListFileUploadJobs","","Wed Mar 04 18:42:36 UTC 2026","passed","Wed Mar 04 18:42:36 UTC 2026","","Go Test","github.com/specterops/bloodhound/cmd/api/src/api/v2/TestResources_ListFileUploadJobs","TestResources_ListFileUploadJobs"
"","0","should return false when there is no match","OperationsFilterPlugin","Wed Mar 04 18:47:49 UTC 2026","passed","Wed Mar 04 18:47:49 UTC 2026","","","",""
"","274","should display a ""Configure Multi-Factor Authentication"" modal","UserProfile","Wed Mar 04 18:44:40 UTC 2026","passed","Wed Mar 04 18:44:40 UTC 2026","","""Multi-Factor Authentication Enabled"" switch is enabled","",""
"","114","displays extensions in a table when data is available","ActiveExtensionsCard","Wed Mar 04 18:43:44 UTC 2026","passed","Wed Mar 04 18:43:44 UTC 2026","","","",""
"Test cases for TestPredefinedSIDSuffixes","0","TestPredefinedSIDSuffixes","","Wed Mar 04 18:43:04 UTC 2026","passed","Wed Mar 04 18:43:04 UTC 2026","","Go Test","github.com/specterops/bloodhound/packages/go/analysis/ad/wellknown/TestPredefinedSIDSuffixes","TestPredefinedSIDSuffixes"
"Test cases for TestResources_DeleteSavedQuery_IDMalformed","0","TestResources_DeleteSavedQuery_IDMalformed","","Wed Mar 04 18:42:36 UTC 2026","passed","Wed Mar 04 18:42:36 UTC 2026","","Go Test","github.com/specterops/bloodhound/cmd/api/src/api/v2/TestResources_DeleteSavedQuery_IDMalformed","TestResources_DeleteSavedQuery_IDMalformed"
"Test cases for TestResources_ListADGPOAffectedTierZero","1","TestResources_ListADGPOAffectedTierZero","","Wed Mar 04 18:42:36 UTC 2026","passed","Wed Mar 04 18:42:36 UTC 2026","","Go Test","github.com/specterops/bloodhound/cmd/api/src/api/v2/TestResources_ListADGPOAffectedTierZero","TestResources_ListADGPOAffectedTierZero"
"","2","returns null if paramValue is +0","useEnvironmentParams","Wed Mar 04 18:47:43 UTC 2026","passed","Wed Mar 04 18:47:43 UTC 2026","","parseEnvironmentAggregation","",""
"","0","floors DateTime objects to the nearest minute","floorToNearestMinute","Wed Mar 04 18:47:03 UTC 2026","passed","Wed Mar 04 18:47:03 UTC 2026","","","",""
"Test cases for TestInt64ValueOrZero","0","TestInt64ValueOrZero","","Wed Mar 04 18:42:43 UTC 2026","passed","Wed Mar 04 18:42:43 UTC 2026","","Go Test","github.com/specterops/bloodhound/cmd/api/src/database/types/null/TestInt64ValueOrZero","TestInt64ValueOrZero"
"Test cases for TestResources_ListAuditLogs_Filtered","0","TestResources_ListAuditLogs_Filtered","","Wed Mar 04 18:42:36 UTC 2026","passed","Wed Mar 04 18:42:36 UTC 2026","","Go Test","github.com/specterops/bloodhound/cmd/api/src/api/v2/TestResources_ListAuditLogs_Filtered","TestResources_ListAuditLogs_Filtered"
"TestOpenGraphSchemaService_UpsertGraphSchemaExtension -","2","TestOpenGraphSchemaService_UpsertGraphSchemaExtension","","Wed Mar 04 18:42:48 UTC 2026","passed","Wed Mar 04 18:42:48 UTC 2026","","Go Test","github.com/specterops/bloodhound/cmd/api/src/services/opengraphschema/TestOpenGraphSchemaService_UpsertGraphSchemaExtension","TestOpenGraphSchemaService_UpsertGraphSchemaExtension"
"","148","Verify Vault Reader count is the count returned by All Readers","EntityInfoDataTableGraphed","Wed Mar 04 18:44:41 UTC 2026","passed","Wed Mar 04 18:44:41 UTC 2026","","Node count for Vault Readers nested table","",""
"","1278","should display all available SSO providers","CreateUserDialog","Wed Mar 04 18:43:59 UTC 2026","passed","Wed Mar 04 18:44:00 UTC 2026","","","",""
"Test cases for TestResources_UpdateSavedQuery_ErrorFetchingPublicStatus","0","TestResources_UpdateSavedQuery_ErrorFetchingPublicStatus","","Wed Mar 04 18:42:36 UTC 2026","passed","Wed Mar 04 18:42:36 UTC 2026","","Go Test","github.com/specterops/bloodhound/cmd/api/src/api/v2/TestResources_UpdateSavedQuery_ErrorFetchingPublicStatus","TestResources_UpdateSavedQuery_ErrorFetchingPublicStatus"
"","0","should hide/expand search widget when user clicks minus/plus button","ExploreSearch rendering per tab","Wed Mar 04 18:48:58 UTC 2026","unknown","Wed Mar 04 18:48:58 UTC 2026","","","",""
"","605","calls onSave when valid form inputs are provided","PasswordDialog","Wed Mar 04 18:43:54 UTC 2026","passed","Wed Mar 04 18:43:55 UTC 2026","","","",""
"","22","does not show tooltip text by default","ColumnHeaders","Wed Mar 04 18:45:40 UTC 2026","passed","Wed Mar 04 18:45:40 UTC 2026","","SortableHeader with Tooltip","",""
"","51","displays security warning","Enable2FADialog","Wed Mar 04 18:46:27 UTC 2026","passed","Wed Mar 04 18:46:27 UTC 2026","","","",""
"Test cases for TestInt64Scan","0","TestInt64Scan","","Wed Mar 04 18:42:43 UTC 2026","passed","Wed Mar 04 18:42:43 UTC 2026","","Go Test","github.com/specterops/bloodhound/cmd/api/src/database/types/null/TestInt64Scan","TestInt64Scan"
"Test cases for TestStringFrom","0","TestStringFrom","","Wed Mar 04 18:42:43 UTC 2026","passed","Wed Mar 04 18:42:43 UTC 2026","","Go Test","github.com/specterops/bloodhound/cmd/api/src/database/types/null/TestStringFrom","TestStringFrom"
"Test cases for TestParseGPOData","1","TestParseGPOData","","Wed Mar 04 18:43:06 UTC 2026","passed","Wed Mar 04 18:43:06 UTC 2026","","Go Test","github.com/specterops/bloodhound/packages/go/ein/TestParseGPOData","TestParseGPOData"
"Test cases for TestResources_ListADEntityLinkedGPOs","3","TestResources_ListADEntityLinkedGPOs","","Wed Mar 04 18:42:36 UTC 2026","passed","Wed Mar 04 18:42:36 UTC 2026","","Go Test","github.com/specterops/bloodhound/cmd/api/src/api/v2/TestResources_ListADEntityLinkedGPOs","TestResources_ListADEntityLinkedGPOs"
"Test cases for TestFeatureFlagManagerPoller","89","TestFeatureFlagManagerPoller","","Wed Mar 04 18:42:40 UTC 2026","passed","Wed Mar 04 18:42:40 UTC 2026","","Go Test","github.com/specterops/bloodhound/cmd/api/src/daemons/changelog/TestFeatureFlagManagerPoller","TestFeatureFlagManagerPoller"
"","10","does not return when zone limit is not reached","useTagLimits","Wed Mar 04 18:43:52 UTC 2026","passed","Wed Mar 04 18:43:52 UTC 2026","","","",""
"","233","Displays a notification when an error happened when requesting analysis","AnalyzeNowConfiguration","Wed Mar 04 18:44:50 UTC 2026","passed","Wed Mar 04 18:44:50 UTC 2026","","","",""
"","98","defaults to wrapped and removes .wrapped class when unwrap btn is clicked","CodeController","Wed Mar 04 18:47:30 UTC 2026","passed","Wed Mar 04 18:47:30 UTC 2026","","","",""
"Test cases for TestFormatDatabaseErrorNotFound","0","TestFormatDatabaseErrorNotFound","","Wed Mar 04 18:42:23 UTC 2026","passed","Wed Mar 04 18:42:23 UTC 2026","","Go Test","github.com/specterops/bloodhound/cmd/api/src/api/TestFormatDatabaseErrorNotFound","TestFormatDatabaseErrorNotFound"
"","12","renders an error fallback when flag is not found","FeatureFlag","Wed Mar 04 18:46:40 UTC 2026","passed","Wed Mar 04 18:46:40 UTC 2026","","","",""
"Test cases for TestRoleMembers","2","TestRoleMembers","","Wed Mar 04 18:43:05 UTC 2026","passed","Wed Mar 04 18:43:05 UTC 2026","","Go Test","github.com/specterops/bloodhound/packages/go/analysis/azure/TestRoleMembers","TestRoleMembers"
"","0","returns undefined if graphData is undefined or not a GraphResponse","getExploreTableData","Wed Mar 04 18:45:45 UTC 2026","passed","Wed Mar 04 18:45:45 UTC 2026","","","",""
"Test cases for TestDomainSelectors_GetValidFilterPredicatesAsStrings","0","TestDomainSelectors_GetValidFilterPredicatesAsStrings","","Wed Mar 04 18:42:45 UTC 2026","passed","Wed Mar 04 18:42:45 UTC 2026","","Go Test","github.com/specterops/bloodhound/cmd/api/src/model/TestDomainSelectors_GetValidFilterPredicatesAsStrings","TestDomainSelectors_GetValidFilterPredicatesAsStrings"
"","231","handles adding to non-tier-zero asset group","AssetGroupMenuItem","Wed Mar 04 18:48:13 UTC 2026","passed","Wed Mar 04 18:48:13 UTC 2026","","adding to an asset group","",""
"","3","matches all AD edges","Make sure pathfinding filterable edges match schemagen","Wed Mar 04 18:47:43 UTC 2026","passed","Wed Mar 04 18:47:43 UTC 2026","","","",""
"","222","only sends dirty fields in the request when updating","Tag Form","Wed Mar 04 18:43:29 UTC 2026","passed","Wed Mar 04 18:43:29 UTC 2026","","","",""
"Test cases for TestConvertDomainToNode_InheritanceHashes","0","TestConvertDomainToNode_InheritanceHashes","","Wed Mar 04 18:43:06 UTC 2026","passed","Wed Mar 04 18:43:06 UTC 2026","","Go Test","github.com/specterops/bloodhound/packages/go/ein/TestConvertDomainToNode_InheritanceHashes","TestConvertDomainToNode_InheritanceHashes"
"","150","shows the direct object and expanded object list when results are present for both","Seed Selection Results","Wed Mar 04 18:44:16 UTC 2026","passed","Wed Mar 04 18:44:16 UTC 2026","","","",""
"Test cases for TestGetScheme","0","TestGetScheme","","Wed Mar 04 18:42:28 UTC 2026","passed","Wed Mar 04 18:42:28 UTC 2026","","Go Test","github.com/specterops/bloodhound/cmd/api/src/api/middleware/TestGetScheme","TestGetScheme"
"","199","toggles parent from all to none","SourceKindsCheckboxes","Wed Mar 04 18:45:08 UTC 2026","passed","Wed Mar 04 18:45:09 UTC 2026","","","",""
"Test cases for TestResources_GetEnterpriseCAEntityInfo","202","TestResources_GetEnterpriseCAEntityInfo","","Wed Mar 04 18:42:36 UTC 2026","passed","Wed Mar 04 18:42:36 UTC 2026","","Go Test","github.com/specterops/bloodhound/cmd/api/src/api/v2/TestResources_GetEnterpriseCAEntityInfo","TestResources_GetEnterpriseCAEntityInfo"
"Test cases for TestManagementResource_OIDCCallbackHandler","25","TestManagementResource_OIDCCallbackHandler","","Wed Mar 04 18:43:08 UTC 2026","passed","Wed Mar 04 18:43:08 UTC 2026","","Go Test","github.com/specterops/bloodhound/cmd/api/src/api/v2/auth/TestManagementResource_OIDCCallbackHandler","TestManagementResource_OIDCCallbackHandler"
"Test cases for TestResources_ListADDomainContainedGPOs","0","TestResources_ListADDomainContainedGPOs","","Wed Mar 04 18:42:36 UTC 2026","passed","Wed Mar 04 18:42:36 UTC 2026","","Go Test","github.com/specterops/bloodhound/cmd/api/src/api/v2/TestResources_ListADDomainContainedGPOs","TestResources_ListADDomainContainedGPOs"
"","679","should call onSubmit when input is valid and Submit button is clicked","UpsertSAMLProviderForm","Wed Mar 04 18:46:36 UTC 2026","passed","Wed Mar 04 18:46:36 UTC 2026","","","",""
"Test cases for TestManagementResource_ListPermissions","0","TestManagementResource_ListPermissions","","Wed Mar 04 18:42:41 UTC 2026","passed","Wed Mar 04 18:42:41 UTC 2026","","Go Test","github.com/specterops/bloodhound/cmd/api/src/api/v2/auth/TestManagementResource_ListPermissions","TestManagementResource_ListPermissions"
"Test cases for TestArgon2Digest_Validate","3","TestArgon2Digest_Validate","","Wed Mar 04 18:43:06 UTC 2026","passed","Wed Mar 04 18:43:06 UTC 2026","","Go Test","github.com/specterops/bloodhound/packages/go/crypto/TestArgon2Digest_Validate","TestArgon2Digest_Validate"
"","39","should display the checkbox group title","Checkbox group","Wed Mar 04 18:47:31 UTC 2026","passed","Wed Mar 04 18:47:31 UTC 2026","","","",""
"","762","renders a primary button as expected","DropdownSelector","Wed Mar 04 18:46:36 UTC 2026","passed","Wed Mar 04 18:46:36 UTC 2026","","","",""
"","80","renders a dash when actor is BloodHoundString","NoteCell component","Wed Mar 04 18:46:28 UTC 2026","passed","Wed Mar 04 18:46:28 UTC 2026","","","",""
"","0","A type and keyword were provided but there were no results available","Getting the text for the disabled item display for a search when there are no results","Wed Mar 04 18:45:47 UTC 2026","passed","Wed Mar 04 18:45:47 UTC 2026","","Empty data states","",""
"Test cases for TestParseOptionalBoolEmptyValue","0","TestParseOptionalBoolEmptyValue","","Wed Mar 04 18:42:22 UTC 2026","passed","Wed Mar 04 18:42:22 UTC 2026","","Go Test","github.com/specterops/bloodhound/cmd/api/src/api/TestParseOptionalBoolEmptyValue","TestParseOptionalBoolEmptyValue"
"","0","returns disabled config when any required param is falsey","useExploreGraph","Wed Mar 04 18:45:11 UTC 2026","passed","Wed Mar 04 18:45:11 UTC 2026","relationship search queries","exploreGraphQueryFactory","",""
"","0","returns true if arrays are equal","areArraysSimilar","Wed Mar 04 18:47:25 UTC 2026","passed","Wed Mar 04 18:47:25 UTC 2026","","","",""
"Test cases for Test_SetApplicationConfiguration","0","Test_SetApplicationConfiguration","","Wed Mar 04 18:42:36 UTC 2026","passed","Wed Mar 04 18:42:36 UTC 2026","","Go Test","github.com/specterops/bloodhound/cmd/api/src/api/v2/Test_SetApplicationConfiguration","Test_SetApplicationConfiguration"
"","241","Trying to view the edge info does not crash the app when selecting an unrecognized edge","EdgeInfoContent","Wed Mar 04 18:43:42 UTC 2026","passed","Wed Mar 04 18:43:42 UTC 2026","","","",""
"","381","renders no asset group edit options without graph write permissions","ContextMenu","Wed Mar 04 18:48:21 UTC 2026","passed","Wed Mar 04 18:48:22 UTC 2026","","","",""
"Test cases for Test_HarnessSetup","1","Test_HarnessSetup","","Wed Mar 04 18:43:07 UTC 2026","passed","Wed Mar 04 18:43:07 UTC 2026","","Go Test","github.com/specterops/bloodhound/packages/go/lab/Test_HarnessSetup","Test_HarnessSetup"
"","0","The user has yet to type into the search (for OU and Domain searches that have hard coded types)","Getting the text for the disabled item display for a search when there are no results","Wed Mar 04 18:45:47 UTC 2026","passed","Wed Mar 04 18:45:47 UTC 2026","","Empty data states","",""
"Test cases for TestResources_GetCertTemplateEntityInfo","202","TestResources_GetCertTemplateEntityInfo","","Wed Mar 04 18:42:36 UTC 2026","passed","Wed Mar 04 18:42:36 UTC 2026","","Go Test","github.com/specterops/bloodhound/cmd/api/src/api/v2/TestResources_GetCertTemplateEntityInfo","TestResources_GetCertTemplateEntityInfo"
"","0","returns undefined if paramValue is not an expected value","useExploreParams","Wed Mar 04 18:47:49 UTC 2026","passed","Wed Mar 04 18:47:49 UTC 2026","","parseSearchType","",""
"","29","does not render the analysis toggle when multi tier analysis enabled is false","Tag Form","Wed Mar 04 18:43:27 UTC 2026","passed","Wed Mar 04 18:43:27 UTC 2026","","","",""
"Test cases for TestResources_ProcessIngestTask","3","TestResources_ProcessIngestTask","","Wed Mar 04 18:42:36 UTC 2026","passed","Wed Mar 04 18:42:36 UTC 2026","","Go Test","github.com/specterops/bloodhound/cmd/api/src/api/v2/TestResources_ProcessIngestTask","TestResources_ProcessIngestTask"
"Test cases for TestManagementResource_UpdateUser_SelfDisable","781","TestManagementResource_UpdateUser_SelfDisable","","Wed Mar 04 18:42:49 UTC 2026","passed","Wed Mar 04 18:42:49 UTC 2026","","Go Test","github.com/specterops/bloodhound/cmd/api/src/api/v2/auth/TestManagementResource_UpdateUser_SelfDisable","TestManagementResource_UpdateUser_SelfDisable"
"","15","does not include OpenGraph edges when the associated feature flag is disabled","useEdgeCategories","Wed Mar 04 18:44:45 UTC 2026","passed","Wed Mar 04 18:44:45 UTC 2026","","","",""
"","187","shows all checked boxes","SourceKindsCheckboxes","Wed Mar 04 18:45:08 UTC 2026","passed","Wed Mar 04 18:45:08 UTC 2026","","","",""
"","48","displays a status indicator","StatusIndicator","Wed Mar 04 18:47:37 UTC 2026","passed","Wed Mar 04 18:47:37 UTC 2026","","","",""
"","214","should handle close event","TagToZoneLabelDialog","Wed Mar 04 18:45:46 UTC 2026","passed","Wed Mar 04 18:45:46 UTC 2026","","","",""
"","0","returns query config when searchType is composition and all required params are passed","useExploreGraph","Wed Mar 04 18:45:11 UTC 2026","passed","Wed Mar 04 18:45:11 UTC 2026","composition search queries","exploreGraphQueryFactory","",""
"","194","Expand button causes table to expand to full height","ExploreTable","Wed Mar 04 18:43:24 UTC 2026","passed","Wed Mar 04 18:43:24 UTC 2026","","","",""
"","98","invokes handleFilterChange with eq:true when clicked and custom_member filter is off","AssetGroupEdit","Wed Mar 04 18:44:33 UTC 2026","passed","Wed Mar 04 18:44:33 UTC 2026","","Custom Member checkbox filter","",""
"","348","disables checkboxes by default","SourceKindsCheckboxes","Wed Mar 04 18:45:07 UTC 2026","passed","Wed Mar 04 18:45:08 UTC 2026","","","",""
"Test cases for TestResources_ListAuditLogs","0","TestResources_ListAuditLogs","","Wed Mar 04 18:42:36 UTC 2026","passed","Wed Mar 04 18:42:36 UTC 2026","","Go Test","github.com/specterops/bloodhound/cmd/api/src/api/v2/TestResources_ListAuditLogs","TestResources_ListAuditLogs"
"Test cases for TestGC_Name","1","TestGC_Name","","Wed Mar 04 18:42:41 UTC 2026","passed","Wed Mar 04 18:42:41 UTC 2026","","Go Test","github.com/specterops/bloodhound/cmd/api/src/daemons/gc/TestGC_Name","TestGC_Name"
"Test cases for TestResources_GetCollectorManifest","2","TestResources_GetCollectorManifest","","Wed Mar 04 18:42:36 UTC 2026","passed","Wed Mar 04 18:42:36 UTC 2026","","Go Test","github.com/specterops/bloodhound/cmd/api/src/api/v2/TestResources_GetCollectorManifest","TestResources_GetCollectorManifest"
"Test cases for TestResources_GetComputerEntityInfo","0","TestResources_GetComputerEntityInfo","","Wed Mar 04 18:42:36 UTC 2026","passed","Wed Mar 04 18:42:36 UTC 2026","","Go Test","github.com/specterops/bloodhound/cmd/api/src/api/v2/TestResources_GetComputerEntityInfo","TestResources_GetComputerEntityInfo"
"Test cases for TestResources_DeleteSavedQuery","0","TestResources_DeleteSavedQuery","","Wed Mar 04 18:42:36 UTC 2026","passed","Wed Mar 04 18:42:36 UTC 2026","","Go Test","github.com/specterops/bloodhound/cmd/api/src/api/v2/TestResources_DeleteSavedQuery","TestResources_DeleteSavedQuery"
"","61","returns false on 404","useGraphHasData","Wed Mar 04 18:47:13 UTC 2026","passed","Wed Mar 04 18:47:13 UTC 2026","","","",""
"","247","calls handleError with ruleType when creating a rule fails","Rule Form","Wed Mar 04 18:43:48 UTC 2026","passed","Wed Mar 04 18:43:48 UTC 2026","","","",""
"","21","should display a message to select an object","EntityInfoPanel","Wed Mar 04 18:46:50 UTC 2026","passed","Wed Mar 04 18:46:50 UTC 2026","","","",""
"Test cases for TestDatabase_NullUUID","0","TestDatabase_NullUUID","","Wed Mar 04 18:42:42 UTC 2026","passed","Wed Mar 04 18:42:42 UTC 2026","","Go Test","github.com/specterops/bloodhound/cmd/api/src/database/TestDatabase_NullUUID","TestDatabase_NullUUID"
"Test cases for TestRoleAssignments_NodesWithRolesExclusive","0","TestRoleAssignments_NodesWithRolesExclusive","","Wed Mar 04 18:43:05 UTC 2026","passed","Wed Mar 04 18:43:05 UTC 2026","","Go Test","github.com/specterops/bloodhound/packages/go/analysis/azure/TestRoleAssignments_NodesWithRolesExclusive","TestRoleAssignments_NodesWithRolesExclusive"
"","1063","sets input text on date click","ManagedDatePicker - date validation","Wed Mar 04 18:45:31 UTC 2026","passed","Wed Mar 04 18:45:32 UTC 2026","","","",""
"","80","renders the total count and object counts on success","ObjectCountPanel","Wed Mar 04 18:47:13 UTC 2026","passed","Wed Mar 04 18:47:13 UTC 2026","","","",""
"","1279","handles delete by source kind","DatabaseManagement","Wed Mar 04 18:48:25 UTC 2026","passed","Wed Mar 04 18:48:26 UTC 2026","","","",""
"","437","calls onSave without current password when requireCurrentPassword is false","PasswordDialog","Wed Mar 04 18:43:55 UTC 2026","passed","Wed Mar 04 18:43:55 UTC 2026","","","",""
"","0","returns fallback Cypher message when ruleType is undefined and seeds are required","getErrorMessage","Wed Mar 04 18:44:12 UTC 2026","passed","Wed Mar 04 18:44:12 UTC 2026","","","",""
"","10","does not render note content when selected is null","HistoryNotes Component","Wed Mar 04 18:47:29 UTC 2026","passed","Wed Mar 04 18:47:29 UTC 2026","","","",""
"Test cases for Test_parseRelationshipKindsParam","1","Test_parseRelationshipKindsParam","","Wed Mar 04 18:42:36 UTC 2026","passed","Wed Mar 04 18:42:36 UTC 2026","","Go Test","github.com/specterops/bloodhound/cmd/api/src/api/v2/Test_parseRelationshipKindsParam","Test_parseRelationshipKindsParam"
"","1180","when user performs a single node search, the selected node carries over to the `start node` input field on the pathfinding tab","ExploreSearch interaction","Wed Mar 04 18:48:16 UTC 2026","passed","Wed Mar 04 18:48:17 UTC 2026","","","",""
"","953","allows switching between the Zones and Labels tabs","Zone Management","Wed Mar 04 18:47:08 UTC 2026","passed","Wed Mar 04 18:47:09 UTC 2026","","","",""
"Test cases for TestDatabase_checkError_OtherError","0","TestDatabase_checkError_OtherError","","Wed Mar 04 18:42:42 UTC 2026","passed","Wed Mar 04 18:42:42 UTC 2026","","Go Test","github.com/specterops/bloodhound/cmd/api/src/database/TestDatabase_checkError_OtherError","TestDatabase_checkError_OtherError"
"","0","Origin label and sizing are used when specified","copySigmaNodesToGraphlibGraph","Wed Mar 04 18:48:43 UTC 2026","passed","Wed Mar 04 18:48:43 UTC 2026","","","",""
"","62","should render when search string is at the beginning of the text","HighlightedText","Wed Mar 04 18:47:02 UTC 2026","passed","Wed Mar 04 18:47:02 UTC 2026","","","",""
"Test cases for TestOverwriteQueryParamIfHeaderAndParamExist","1","TestOverwriteQueryParamIfHeaderAndParamExist","","Wed Mar 04 18:43:01 UTC 2026","passed","Wed Mar 04 18:43:01 UTC 2026","","Go Test","github.com/specterops/bloodhound/cmd/api/src/utils/test/TestOverwriteQueryParamIfHeaderAndParamExist","TestOverwriteQueryParamIfHeaderAndParamExist"
"","175","can render","ExploreSearchCombobox","Wed Mar 04 18:44:36 UTC 2026","passed","Wed Mar 04 18:44:36 UTC 2026","","","",""
"","323","renders with applied filters","Privilege Zones History Filter Dialog","Wed Mar 04 18:45:16 UTC 2026","passed","Wed Mar 04 18:45:16 UTC 2026","","","",""
"","255","handles chevron click event","CommonSearches","Wed Mar 04 18:44:25 UTC 2026","passed","Wed Mar 04 18:44:26 UTC 2026","","","",""
"","32","shows the empty form message when Cypher Rule Form is empty","Seed Selection Results","Wed Mar 04 18:44:16 UTC 2026","passed","Wed Mar 04 18:44:16 UTC 2026","","","",""
"Test cases for TestResources_ListADComputerRDPUsers","0","TestResources_ListADComputerRDPUsers","","Wed Mar 04 18:42:36 UTC 2026","passed","Wed Mar 04 18:42:36 UTC 2026","","Go Test","github.com/specterops/bloodhound/cmd/api/src/api/v2/TestResources_ListADComputerRDPUsers","TestResources_ListADComputerRDPUsers"
"Test cases for TestResources_DeleteSavedQuery_UserNotAdmin","0","TestResources_DeleteSavedQuery_UserNotAdmin","","Wed Mar 04 18:42:36 UTC 2026","passed","Wed Mar 04 18:42:36 UTC 2026","","Go Test","github.com/specterops/bloodhound/cmd/api/src/api/v2/TestResources_DeleteSavedQuery_UserNotAdmin","TestResources_DeleteSavedQuery_UserNotAdmin"
"","7","sets autoDisplayTable to false if query type is composition","useExploreTableAutoDisplay","Wed Mar 04 18:46:44 UTC 2026","passed","Wed Mar 04 18:46:44 UTC 2026","","","",""
"Test cases for TestParseLimitQueryParameter_Invalid","0","TestParseLimitQueryParameter_Invalid","","Wed Mar 04 18:42:36 UTC 2026","passed","Wed Mar 04 18:42:36 UTC 2026","","Go Test","github.com/specterops/bloodhound/cmd/api/src/api/v2/TestParseLimitQueryParameter_Invalid","TestParseLimitQueryParameter_Invalid"
"","180","a null response from the server is handled","ExploreSearchCombobox with null response","Wed Mar 04 18:44:37 UTC 2026","passed","Wed Mar 04 18:44:37 UTC 2026","","","",""
"","70","if a hint is given, it show date placeholder on focus, restores hint on blur","ManagedDatePicker - placeholders","Wed Mar 04 18:45:33 UTC 2026","passed","Wed Mar 04 18:45:33 UTC 2026","","","",""
"Test cases for TestResources_GetAssetGroupSelectorMemberCountsByKind","3","TestResources_GetAssetGroupSelectorMemberCountsByKind","","Wed Mar 04 18:42:36 UTC 2026","passed","Wed Mar 04 18:42:36 UTC 2026","","Go Test","github.com/specterops/bloodhound/cmd/api/src/api/v2/TestResources_GetAssetGroupSelectorMemberCountsByKind","TestResources_GetAssetGroupSelectorMemberCountsByKind"
"","113","renders Zone as first tab and is also the initially selected on first render in Zone View/Tab","Selected Details Tabs","Wed Mar 04 18:44:57 UTC 2026","passed","Wed Mar 04 18:44:57 UTC 2026","","Selected Details Tabs - Params present","",""
"Test cases for TestResources_RequestAnalysis","167","TestResources_RequestAnalysis","","Wed Mar 04 18:42:36 UTC 2026","passed","Wed Mar 04 18:42:36 UTC 2026","","Go Test","github.com/specterops/bloodhound/cmd/api/src/api/v2/TestResources_RequestAnalysis","TestResources_RequestAnalysis"
"Test cases for TestGetMFAActivationStatus_Failure","0","TestGetMFAActivationStatus_Failure","","Wed Mar 04 18:43:06 UTC 2026","passed","Wed Mar 04 18:43:06 UTC 2026","","Go Test","github.com/specterops/bloodhound/cmd/api/src/api/v2/auth/TestGetMFAActivationStatus_Failure","TestGetMFAActivationStatus_Failure"
"","290","renders total rules and accordion sections","RulesAccordion","Wed Mar 04 18:45:50 UTC 2026","passed","Wed Mar 04 18:45:50 UTC 2026","","","",""
"Test cases for TestUnmarshalInt64","0","TestUnmarshalInt64","","Wed Mar 04 18:42:43 UTC 2026","passed","Wed Mar 04 18:42:43 UTC 2026","","Go Test","github.com/specterops/bloodhound/cmd/api/src/database/types/null/TestUnmarshalInt64","TestUnmarshalInt64"
"Test cases for TestCache_Set","0","TestCache_Set","","Wed Mar 04 18:43:05 UTC 2026","passed","Wed Mar 04 18:43:05 UTC 2026","","Go Test","github.com/specterops/bloodhound/packages/go/cache/TestCache_Set","TestCache_Set"
"","74","should display a total count of asset group members","AssetGroupEdit","Wed Mar 04 18:46:07 UTC 2026","passed","Wed Mar 04 18:46:07 UTC 2026","","","",""
"","382","when an `inputValue` is provided it eventually displays a list of search results","ExploreSearchCombobox","Wed Mar 04 18:44:36 UTC 2026","passed","Wed Mar 04 18:44:37 UTC 2026","","","",""
"","9","renders nothing if flag is disabled and disabled prop is not provided","FeatureFlag","Wed Mar 04 18:46:40 UTC 2026","passed","Wed Mar 04 18:46:40 UTC 2026","","","",""
"Test cases for TestRoleAssignments_NodesWithRole","1","TestRoleAssignments_NodesWithRole","","Wed Mar 04 18:43:05 UTC 2026","passed","Wed Mar 04 18:43:05 UTC 2026","","Go Test","github.com/specterops/bloodhound/packages/go/analysis/azure/TestRoleAssignments_NodesWithRole","TestRoleAssignments_NodesWithRole"
"","561","calls delete mutation when confirm button is clicked with correct input","ActiveExtensionsCard","Wed Mar 04 18:43:47 UTC 2026","passed","Wed Mar 04 18:43:48 UTC 2026","","","",""
"","62","excludes API edges that are associated with one of our built-in schema types","useEdgeCategories","Wed Mar 04 18:44:45 UTC 2026","passed","Wed Mar 04 18:44:45 UTC 2026","","","",""
"Test cases for TestLoginFailure","1","TestLoginFailure","","Wed Mar 04 18:42:36 UTC 2026","passed","Wed Mar 04 18:42:36 UTC 2026","","Go Test","github.com/specterops/bloodhound/cmd/api/src/api/v2/auth/TestLoginFailure","TestLoginFailure"
"Test cases for Test_setRawValue","0","Test_setRawValue","","Wed Mar 04 18:42:39 UTC 2026","passed","Wed Mar 04 18:42:39 UTC 2026","","Go Test","github.com/specterops/bloodhound/cmd/api/src/config/Test_setRawValue","Test_setRawValue"
"","2111","should close the edge filtering dialog when user clicks apply button","EdgeFilter","Wed Mar 04 18:45:29 UTC 2026","passed","Wed Mar 04 18:45:31 UTC 2026","","","",""
"Test cases for TestHeaderMatches","0","TestHeaderMatches","","Wed Mar 04 18:43:00 UTC 2026","passed","Wed Mar 04 18:43:00 UTC 2026","","Go Test","github.com/specterops/bloodhound/cmd/api/src/utils/TestHeaderMatches","TestHeaderMatches"
"","282","sets secondarySearch=id and searchType=node when primarySearch is falsey","ContextMenu","Wed Mar 04 18:44:18 UTC 2026","passed","Wed Mar 04 18:44:18 UTC 2026","","","",""
"","236","displays a Filters button","FileIngest","Wed Mar 04 18:46:54 UTC 2026","passed","Wed Mar 04 18:46:55 UTC 2026","","","",""
"","7","optionally allows the consumer to pass a query to performSearch() and adds that query to the url","useCypherSearch","Wed Mar 04 18:47:20 UTC 2026","passed","Wed Mar 04 18:47:20 UTC 2026","","","",""
"Test cases for TestBuildErrorResponseConflict","0","TestBuildErrorResponseConflict","","Wed Mar 04 18:42:23 UTC 2026","passed","Wed Mar 04 18:42:23 UTC 2026","","Go Test","github.com/specterops/bloodhound/cmd/api/src/api/TestBuildErrorResponseConflict","TestBuildErrorResponseConflict"
"","5","displays a pulsing indicator","StatusIndicator","Wed Mar 04 18:47:37 UTC 2026","passed","Wed Mar 04 18:47:37 UTC 2026","","","",""
"Test cases for TestMarshalInt64Text","0","TestMarshalInt64Text","","Wed Mar 04 18:42:43 UTC 2026","passed","Wed Mar 04 18:42:43 UTC 2026","","Go Test","github.com/specterops/bloodhound/cmd/api/src/database/types/null/TestMarshalInt64Text","TestMarshalInt64Text"
"Test cases for TestManagementResource_ListUsers_DBError","0","TestManagementResource_ListUsers_DBError","","Wed Mar 04 18:42:41 UTC 2026","passed","Wed Mar 04 18:42:41 UTC 2026","","Go Test","github.com/specterops/bloodhound/cmd/api/src/api/v2/auth/TestManagementResource_ListUsers_DBError","TestManagementResource_ListUsers_DBError"
"","74","indicates that filters are active","AssetGroupEdit","Wed Mar 04 18:44:31 UTC 2026","passed","Wed Mar 04 18:44:31 UTC 2026","","","",""
"","1094","should render with a full list of multiple tenants and domains","Simple Environment Selector","Wed Mar 04 18:43:53 UTC 2026","passed","Wed Mar 04 18:43:54 UTC 2026","","","",""
"","0","returns paramValue as EnvironmentAggregation if paramValue is active-directory","useEnvironmentParams","Wed Mar 04 18:47:43 UTC 2026","passed","Wed Mar 04 18:47:43 UTC 2026","","parseEnvironmentAggregation","",""
"","669","sets exploreSearchTab param to cypher when the user clicks the `cypher` tab","ExploreSearch sets searchType on tab changing","Wed Mar 04 18:48:15 UTC 2026","passed","Wed Mar 04 18:48:16 UTC 2026","","","",""
"Test cases for TestResources_DownloadCollectorChecksumByVersion","3","TestResources_DownloadCollectorChecksumByVersion","","Wed Mar 04 18:42:36 UTC 2026","passed","Wed Mar 04 18:42:36 UTC 2026","","Go Test","github.com/specterops/bloodhound/cmd/api/src/api/v2/TestResources_DownloadCollectorChecksumByVersion","TestResources_DownloadCollectorChecksumByVersion"
"","449","clears applied filters when clicking the Clear button","Privilege Zones History Filter Dialog","Wed Mar 04 18:45:16 UTC 2026","passed","Wed Mar 04 18:45:17 UTC 2026","","","",""
"Test cases for Test_ConvertAzureRoleManagementPolicyAssignment","0","Test_ConvertAzureRoleManagementPolicyAssignment","","Wed Mar 04 18:43:06 UTC 2026","passed","Wed Mar 04 18:43:06 UTC 2026","","Go Test","github.com/specterops/bloodhound/packages/go/ein/Test_ConvertAzureRoleManagementPolicyAssignment","Test_ConvertAzureRoleManagementPolicyAssignment"
"Test cases for TestParseLimitQueryParameter","0","TestParseLimitQueryParameter","","Wed Mar 04 18:42:36 UTC 2026","passed","Wed Mar 04 18:42:36 UTC 2026","","Go Test","github.com/specterops/bloodhound/cmd/api/src/api/v2/TestParseLimitQueryParameter","TestParseLimitQueryParameter"
"","255","should render a TagToZoneLabelDialog component","TagToZoneLabelDialog","Wed Mar 04 18:45:45 UTC 2026","passed","Wed Mar 04 18:45:46 UTC 2026","","","",""
"Test cases for TestIsErrorResponse","0","TestIsErrorResponse","","Wed Mar 04 18:42:23 UTC 2026","passed","Wed Mar 04 18:42:23 UTC 2026","","Go Test","github.com/specterops/bloodhound/cmd/api/src/api/TestIsErrorResponse","TestIsErrorResponse"
"Test cases for TestResources_ListTrustedCAs","1","TestResources_ListTrustedCAs","","Wed Mar 04 18:42:36 UTC 2026","passed","Wed Mar 04 18:42:36 UTC 2026","","Go Test","github.com/specterops/bloodhound/cmd/api/src/api/v2/TestResources_ListTrustedCAs","TestResources_ListTrustedCAs"
"","214","should render a nav element with logo, two lists, a version number and a powered by","MainNav","Wed Mar 04 18:44:07 UTC 2026","passed","Wed Mar 04 18:44:08 UTC 2026","","","",""
"Test cases for TestBoolEqual","1","TestBoolEqual","","Wed Mar 04 18:42:43 UTC 2026","passed","Wed Mar 04 18:42:43 UTC 2026","","Go Test","github.com/specterops/bloodhound/cmd/api/src/database/types/null/TestBoolEqual","TestBoolEqual"
"","33","selector members refetches on sort change","the useAssetGroupTags utilities","Wed Mar 04 18:44:18 UTC 2026","passed","Wed Mar 04 18:44:18 UTC 2026","","","",""
"","18","renders custom icon correctly","NodeIcon","Wed Mar 04 18:47:09 UTC 2026","passed","Wed Mar 04 18:47:09 UTC 2026","","","",""
"Test cases for TestDomainSelectors_GetFilterableColumns","0","TestDomainSelectors_GetFilterableColumns","","Wed Mar 04 18:42:45 UTC 2026","passed","Wed Mar 04 18:42:45 UTC 2026","","Go Test","github.com/specterops/bloodhound/cmd/api/src/model/TestDomainSelectors_GetFilterableColumns","TestDomainSelectors_GetFilterableColumns"
"","1670","requires a password to disable MFA for a user when logged in without SSO","Users","Wed Mar 04 18:45:00 UTC 2026","passed","Wed Mar 04 18:45:02 UTC 2026","","","",""
"","643","renders the Platforms dropdown and handles click event","QuerySearchFilter","Wed Mar 04 18:45:55 UTC 2026","passed","Wed Mar 04 18:45:56 UTC 2026","","","",""
"Test cases for Test_SetNodeProperties","1","Test_SetNodeProperties","","Wed Mar 04 18:42:36 UTC 2026","passed","Wed Mar 04 18:42:36 UTC 2026","","Go Test","github.com/specterops/bloodhound/cmd/api/src/api/v2/Test_SetNodeProperties","Test_SetNodeProperties"
"","103","passes check if the user has a required permission","usePermissions","Wed Mar 04 18:44:36 UTC 2026","passed","Wed Mar 04 18:44:36 UTC 2026","","","",""
"","524","executes a primary search when only a source node is provided","Pathfinding: interaction","Wed Mar 04 18:45:06 UTC 2026","passed","Wed Mar 04 18:45:07 UTC 2026","","","",""
"Test cases for TestGenericMap","0","TestGenericMap","","Wed Mar 04 18:43:00 UTC 2026","passed","Wed Mar 04 18:43:00 UTC 2026","","Go Test","github.com/specterops/bloodhound/cmd/api/src/utils/TestGenericMap","TestGenericMap"
"","0","returns null if paramValue is not an EnvironmentAggregation","useEnvironmentParams","Wed Mar 04 18:47:43 UTC 2026","passed","Wed Mar 04 18:47:43 UTC 2026","","parseEnvironmentAggregation","",""
"","70","renders a filter button","FileIngestFilterDialog","Wed Mar 04 18:44:09 UTC 2026","passed","Wed Mar 04 18:44:09 UTC 2026","","","",""
"Test cases for TestResources_ListAssetGroupMembers","0","TestResources_ListAssetGroupMembers","","Wed Mar 04 18:42:36 UTC 2026","passed","Wed Mar 04 18:42:36 UTC 2026","","Go Test","github.com/specterops/bloodhound/cmd/api/src/api/v2/TestResources_ListAssetGroupMembers","TestResources_ListAssetGroupMembers"
"Test cases for TestTagScanner_NextTopLevelTag","0","TestTagScanner_NextTopLevelTag","","Wed Mar 04 18:42:49 UTC 2026","passed","Wed Mar 04 18:42:49 UTC 2026","","Go Test","github.com/specterops/bloodhound/cmd/api/src/services/upload/TestTagScanner_NextTopLevelTag","TestTagScanner_NextTopLevelTag"
"","52","links to the specified route with global params intact when triggered by a splat route","AppLink","Wed Mar 04 18:46:02 UTC 2026","passed","Wed Mar 04 18:46:02 UTC 2026","","","",""
"","271","should display correctly","ConfirmationDialog","Wed Mar 04 18:47:33 UTC 2026","passed","Wed Mar 04 18:47:33 UTC 2026","","","",""
"Test cases for TestManagementResource_PutUserAuthSecret","5065","TestManagementResource_PutUserAuthSecret","","Wed Mar 04 18:42:36 UTC 2026","passed","Wed Mar 04 18:42:41 UTC 2026","","Go Test","github.com/specterops/bloodhound/cmd/api/src/api/v2/auth/TestManagementResource_PutUserAuthSecret","TestManagementResource_PutUserAuthSecret"
"Test cases for TestManagementResource_DeleteUser_BadUserID","0","TestManagementResource_DeleteUser_BadUserID","","Wed Mar 04 18:42:52 UTC 2026","passed","Wed Mar 04 18:42:52 UTC 2026","","Go Test","github.com/specterops/bloodhound/cmd/api/src/api/v2/auth/TestManagementResource_DeleteUser_BadUserID","TestManagementResource_DeleteUser_BadUserID"
"","1397","should render","EdgeInfoHeader","Wed Mar 04 18:46:26 UTC 2026","passed","Wed Mar 04 18:46:27 UTC 2026","","","",""
"","0","returns undefined if graphData is {} or not a GraphResponse","getExploreTableData","Wed Mar 04 18:45:45 UTC 2026","passed","Wed Mar 04 18:45:45 UTC 2026","","","",""
"Test cases for TestUnmarshalTimeText","0","TestUnmarshalTimeText","","Wed Mar 04 18:42:43 UTC 2026","passed","Wed Mar 04 18:42:43 UTC 2026","","Go Test","github.com/specterops/bloodhound/cmd/api/src/database/types/null/TestUnmarshalTimeText","TestUnmarshalTimeText"
"","27","displays CaretUp icon when the sortOrder is asc","ColumnHeaders","Wed Mar 04 18:45:40 UTC 2026","passed","Wed Mar 04 18:45:40 UTC 2026","","SortableHeader","",""
"","407","should not call onSubmit when expired password is not supplied when reset password button clicked","PasswordResetForm","Wed Mar 04 18:45:23 UTC 2026","passed","Wed Mar 04 18:45:24 UTC 2026","","","",""
"","213","renders the component with all info and switch off","CitrixRDPConfiguration","Wed Mar 04 18:44:32 UTC 2026","passed","Wed Mar 04 18:44:32 UTC 2026","","Initial render","",""
"Test cases for TestMarshalInt","0","TestMarshalInt","","Wed Mar 04 18:42:43 UTC 2026","passed","Wed Mar 04 18:42:43 UTC 2026","","Go Test","github.com/specterops/bloodhound/cmd/api/src/database/types/null/TestMarshalInt","TestMarshalInt"
"","266","handles creating a new label","Tag Form","Wed Mar 04 18:43:29 UTC 2026","passed","Wed Mar 04 18:43:29 UTC 2026","","","",""
"","752","should not call onSubmit when password does not match confirmation password when reset password button clicked","PasswordResetForm","Wed Mar 04 18:45:23 UTC 2026","passed","Wed Mar 04 18:45:23 UTC 2026","","","",""
"Test cases for TestResources_ListCAPKIHierarchy","0","TestResources_ListCAPKIHierarchy","","Wed Mar 04 18:42:36 UTC 2026","passed","Wed Mar 04 18:42:36 UTC 2026","","Go Test","github.com/specterops/bloodhound/cmd/api/src/api/v2/TestResources_ListCAPKIHierarchy","TestResources_ListCAPKIHierarchy"
"Test cases for TestResources_CreateSavedQuery_DuplicateName","0","TestResources_CreateSavedQuery_DuplicateName","","Wed Mar 04 18:42:36 UTC 2026","passed","Wed Mar 04 18:42:36 UTC 2026","","Go Test","github.com/specterops/bloodhound/cmd/api/src/api/v2/TestResources_CreateSavedQuery_DuplicateName","TestResources_CreateSavedQuery_DuplicateName"
"","116","invokes handleFilterChange with eq:false when clicked and custom_member filter is on","AssetGroupEdit","Wed Mar 04 18:44:33 UTC 2026","passed","Wed Mar 04 18:44:33 UTC 2026","","Custom Member checkbox filter","",""
"","33","should display an error message if data does not return from the API","Context Selector Error","Wed Mar 04 18:43:55 UTC 2026","passed","Wed Mar 04 18:43:55 UTC 2026","","","",""
"","56","upon selecting a source and destination node, updates the URL with a searchType of 'pathfinding' and the object ids for the source and destination nodes","usePathfindingSearch","Wed Mar 04 18:45:23 UTC 2026","passed","Wed Mar 04 18:45:23 UTC 2026","","","",""
"Test cases for TestResources_DownloadCollectorByVersion","1","TestResources_DownloadCollectorByVersion","","Wed Mar 04 18:42:36 UTC 2026","passed","Wed Mar 04 18:42:36 UTC 2026","","Go Test","github.com/specterops/bloodhound/cmd/api/src/api/v2/TestResources_DownloadCollectorByVersion","TestResources_DownloadCollectorByVersion"
"","0","returns false if value is 'string'","searchParams","Wed Mar 04 18:46:16 UTC 2026","passed","Wed Mar 04 18:46:16 UTC 2026","","isEmptyParam","",""
"","1184","should call the setCypherQuery handler when the value in the editor changes","CypherSearch","Wed Mar 04 18:45:40 UTC 2026","passed","Wed Mar 04 18:45:41 UTC 2026","","","",""
"","2","Default label and sizing are used when graph of origin does not specify","copySigmaNodesToGraphlibGraph","Wed Mar 04 18:48:43 UTC 2026","passed","Wed Mar 04 18:48:43 UTC 2026","","","",""
"Test cases for TestBuildErrorResponseDefault","0","TestBuildErrorResponseDefault","","Wed Mar 04 18:42:23 UTC 2026","passed","Wed Mar 04 18:42:23 UTC 2026","","Go Test","github.com/specterops/bloodhound/cmd/api/src/api/TestBuildErrorResponseDefault","TestBuildErrorResponseDefault"
"Test cases for TestManagementResource_ListUsers_InvalidColumn","0","TestManagementResource_ListUsers_InvalidColumn","","Wed Mar 04 18:42:41 UTC 2026","passed","Wed Mar 04 18:42:41 UTC 2026","","Go Test","github.com/specterops/bloodhound/cmd/api/src/api/v2/auth/TestManagementResource_ListUsers_InvalidColumn","TestManagementResource_ListUsers_InvalidColumn"
"","18","allows you to update the list of selected filters, only updating the url after calling the apply function","usePathfindingFilters","Wed Mar 04 18:47:12 UTC 2026","passed","Wed Mar 04 18:47:12 UTC 2026","","","",""
"","2","should compute normal vectors for line segments","bezier","Wed Mar 04 18:48:36 UTC 2026","passed","Wed Mar 04 18:48:36 UTC 2026","","","",""
"","282","closes confirmation dialog when cancel is clicked","ActiveExtensionsCard","Wed Mar 04 18:43:45 UTC 2026","passed","Wed Mar 04 18:43:46 UTC 2026","","","",""
"Test cases for TestCORSMiddleware","0","TestCORSMiddleware","","Wed Mar 04 18:42:28 UTC 2026","passed","Wed Mar 04 18:42:28 UTC 2026","","Go Test","github.com/specterops/bloodhound/cmd/api/src/api/middleware/TestCORSMiddleware","TestCORSMiddleware"
"","152","renders the card with title and search input","ActiveExtensionsCard","Wed Mar 04 18:43:44 UTC 2026","passed","Wed Mar 04 18:43:44 UTC 2026","","","",""
"Test cases for TestIntFrom","0","TestIntFrom","","Wed Mar 04 18:42:43 UTC 2026","passed","Wed Mar 04 18:42:43 UTC 2026","","Go Test","github.com/specterops/bloodhound/cmd/api/src/database/types/null/TestIntFrom","TestIntFrom"
"","1","adds email filter if madeBy contains ""@""","createHistoryParams","Wed Mar 04 18:46:47 UTC 2026","passed","Wed Mar 04 18:46:47 UTC 2026","","","",""
"","133","should show a copy button if the cells text if the cell is not a boolean","ExploreTableDataCell","Wed Mar 04 18:47:05 UTC 2026","passed","Wed Mar 04 18:47:05 UTC 2026","","","",""
"","2","formats the date string","toFormatted","Wed Mar 04 18:47:03 UTC 2026","passed","Wed Mar 04 18:47:03 UTC 2026","","","",""
"","130","renders correctly","NodeIcon","Wed Mar 04 18:47:09 UTC 2026","passed","Wed Mar 04 18:47:09 UTC 2026","","","",""
"","133","should fire Cancel once with false","DeleteConfirmationDialog","Wed Mar 04 18:47:16 UTC 2026","passed","Wed Mar 04 18:47:16 UTC 2026","","","",""
"Test cases for TestInvalidValueError","0","TestInvalidValueError","","Wed Mar 04 18:43:05 UTC 2026","passed","Wed Mar 04 18:43:05 UTC 2026","","Go Test","github.com/specterops/bloodhound/packages/go/cache/TestInvalidValueError","TestInvalidValueError"
"","40","returns undefined if environmentId searched for is not found","useAvailableEnvironments","Wed Mar 04 18:46:50 UTC 2026","passed","Wed Mar 04 18:46:50 UTC 2026","","useSelectedEnvironment","",""
"Test cases for TestMarshalBoolText","0","TestMarshalBoolText","","Wed Mar 04 18:42:43 UTC 2026","passed","Wed Mar 04 18:42:43 UTC 2026","","Go Test","github.com/specterops/bloodhound/cmd/api/src/database/types/null/TestMarshalBoolText","TestMarshalBoolText"
"","18","when password is expired and not on password reset page, redirects to password reset page","AuthenticatedRoute","Wed Mar 04 18:48:42 UTC 2026","passed","Wed Mar 04 18:48:42 UTC 2026","","","",""
"Test cases for TestWriteAndValidateJSON_NormalizationError","1","TestWriteAndValidateJSON_NormalizationError","","Wed Mar 04 18:42:49 UTC 2026","passed","Wed Mar 04 18:42:49 UTC 2026","","Go Test","github.com/specterops/bloodhound/cmd/api/src/services/upload/TestWriteAndValidateJSON_NormalizationError","TestWriteAndValidateJSON_NormalizationError"
"","164","should display ""Create Token"" button","UserTokenManagementDialog","Wed Mar 04 18:46:21 UTC 2026","passed","Wed Mar 04 18:46:22 UTC 2026","","","",""
"Test cases for TestManagementResource_ListUsers","0","TestManagementResource_ListUsers","","Wed Mar 04 18:42:41 UTC 2026","passed","Wed Mar 04 18:42:41 UTC 2026","","Go Test","github.com/specterops/bloodhound/cmd/api/src/api/v2/auth/TestManagementResource_ListUsers","TestManagementResource_ListUsers"
"Test cases for TestAggregator_Impact","0","TestAggregator_Impact","","Wed Mar 04 18:43:05 UTC 2026","passed","Wed Mar 04 18:43:05 UTC 2026","","Go Test","github.com/specterops/bloodhound/packages/go/analysis/impact/TestAggregator_Impact","TestAggregator_Impact"
"Test cases for TestSignRequestAtInternalError","0","TestSignRequestAtInternalError","","Wed Mar 04 18:42:23 UTC 2026","passed","Wed Mar 04 18:42:23 UTC 2026","","Go Test","github.com/specterops/bloodhound/cmd/api/src/api/TestSignRequestAtInternalError","TestSignRequestAtInternalError"
"Test cases for TestNewSIDSuffix","0","TestNewSIDSuffix","","Wed Mar 04 18:43:04 UTC 2026","passed","Wed Mar 04 18:43:04 UTC 2026","","Go Test","github.com/specterops/bloodhound/packages/go/analysis/ad/wellknown/TestNewSIDSuffix","TestNewSIDSuffix"
"TestMigrator_GenerateManifest tests the full integrity of a Manifest generatedfrom 3 different Source's:1) Correct number of total migrations detected.2) Correct number of versions detected.3) The VersionTable has all versions, in order.4) All versions have the correct number of migrations.5) Schema files generate v0.0.0 migrations.6) Migrations are ordered within each version, in the order the Source was defined.","1","TestMigrator_GenerateManifest","","Wed Mar 04 18:42:42 UTC 2026","passed","Wed Mar 04 18:42:42 UTC 2026","","Go Test","github.com/specterops/bloodhound/cmd/api/src/database/migration/TestMigrator_GenerateManifest","TestMigrator_GenerateManifest"
"","93","disables the JSON button if the JSON is empty","GraphControls","Wed Mar 04 18:44:09 UTC 2026","passed","Wed Mar 04 18:44:09 UTC 2026","","Exporting json","",""
"Test cases for TestBoolSetValid","0","TestBoolSetValid","","Wed Mar 04 18:42:43 UTC 2026","passed","Wed Mar 04 18:42:43 UTC 2026","","Go Test","github.com/specterops/bloodhound/cmd/api/src/database/types/null/TestBoolSetValid","TestBoolSetValid"
"","13106","checking a category updates all children and grandchildren","Pathfinding","Wed Mar 04 18:44:48 UTC 2026","passed","Wed Mar 04 18:45:01 UTC 2026","","","",""
"","7","removes key from state","useObjectState","Wed Mar 04 18:47:02 UTC 2026","passed","Wed Mar 04 18:47:02 UTC 2026","","","",""
"","57","correctly handles the hygiene ID with value 0 by not omitting it in the params value even though 0 is falsey","usePZQueryParams","Wed Mar 04 18:46:00 UTC 2026","passed","Wed Mar 04 18:46:00 UTC 2026","","","",""
"","11","can composes search params from the search prop and use them in the redirect","AppNavigate","Wed Mar 04 18:46:33 UTC 2026","passed","Wed Mar 04 18:46:33 UTC 2026","","","",""
"Test cases for Test_cacheQueryResult","0","Test_cacheQueryResult","","Wed Mar 04 18:42:46 UTC 2026","passed","Wed Mar 04 18:42:46 UTC 2026","","Go Test","github.com/specterops/bloodhound/cmd/api/src/queries/Test_cacheQueryResult","Test_cacheQueryResult"
"Test cases for TestDisenrollMFA_Admin_SuccessNoPasswordSSO","908","TestDisenrollMFA_Admin_SuccessNoPasswordSSO","","Wed Mar 04 18:43:03 UTC 2026","passed","Wed Mar 04 18:43:03 UTC 2026","","Go Test","github.com/specterops/bloodhound/cmd/api/src/api/v2/auth/TestDisenrollMFA_Admin_SuccessNoPasswordSSO","TestDisenrollMFA_Admin_SuccessNoPasswordSSO"
"Test cases for TestGenerateQRCodeBase64","10","TestGenerateQRCodeBase64","","Wed Mar 04 18:42:37 UTC 2026","passed","Wed Mar 04 18:42:37 UTC 2026","","Go Test","github.com/specterops/bloodhound/cmd/api/src/auth/TestGenerateQRCodeBase64","TestGenerateQRCodeBase64"
"Test cases for TestResources_ShareSavedQueriesPermissions_Admin","0","TestResources_ShareSavedQueriesPermissions_Admin","","Wed Mar 04 18:42:36 UTC 2026","passed","Wed Mar 04 18:42:36 UTC 2026","","Go Test","github.com/specterops/bloodhound/cmd/api/src/api/v2/TestResources_ShareSavedQueriesPermissions_Admin","TestResources_ShareSavedQueriesPermissions_Admin"
"Test cases for TestCreateAssetGroupRequest_AuditData","0","TestCreateAssetGroupRequest_AuditData","","Wed Mar 04 18:42:36 UTC 2026","passed","Wed Mar 04 18:42:36 UTC 2026","","Go Test","github.com/specterops/bloodhound/cmd/api/src/api/v2/TestCreateAssetGroupRequest_AuditData","TestCreateAssetGroupRequest_AuditData"
"","0","reports an Object ID-specific error when ruleType is SeedTypeObjectId and seeds are required","handleError","Wed Mar 04 18:44:12 UTC 2026","passed","Wed Mar 04 18:44:12 UTC 2026","","","",""
"","7","displays lastlogontimestamp cell as UNKNOWN when the value is 0","ExploreTableDataCell","Wed Mar 04 18:47:05 UTC 2026","passed","Wed Mar 04 18:47:05 UTC 2026","","","",""
"","68","displays ! icon when one of the Affected Object calls fail","EntityInfoDataTable","Wed Mar 04 18:44:42 UTC 2026","passed","Wed Mar 04 18:44:42 UTC 2026","","Node count for nested table that counts all sections","",""
"Test cases for Test_formatSearchResults_limit","1","Test_formatSearchResults_limit","","Wed Mar 04 18:42:46 UTC 2026","passed","Wed Mar 04 18:42:46 UTC 2026","","Go Test","github.com/specterops/bloodhound/cmd/api/src/queries/Test_formatSearchResults_limit","Test_formatSearchResults_limit"
"","789","shows a warning for using labels associated with tags in zone forms","Rule Form","Wed Mar 04 18:43:46 UTC 2026","passed","Wed Mar 04 18:43:47 UTC 2026","","","",""
"","193","calls setExploreParams with searchType and relationshipQueryItemId when selecting a composition accordion","EdgeInfoContent","Wed Mar 04 18:43:43 UTC 2026","passed","Wed Mar 04 18:43:43 UTC 2026","","EdgeInfoContent support for Deep Linking","",""
"","1815","should remove the option from the changelog when the corresponding button is clicked","AssetGroupEdit","Wed Mar 04 18:46:11 UTC 2026","passed","Wed Mar 04 18:46:13 UTC 2026","","","",""
"","42","has a button with text Clear Filters","AssetGroupEdit","Wed Mar 04 18:44:33 UTC 2026","passed","Wed Mar 04 18:44:33 UTC 2026","","Clear Filters button","",""
"Test cases for TestResources_UpdateSavedQuery_UpdateFailed","0","TestResources_UpdateSavedQuery_UpdateFailed","","Wed Mar 04 18:42:36 UTC 2026","passed","Wed Mar 04 18:42:36 UTC 2026","","Go Test","github.com/specterops/bloodhound/cmd/api/src/api/v2/TestResources_UpdateSavedQuery_UpdateFailed","TestResources_UpdateSavedQuery_UpdateFailed"
"","247","should render","Rule Object Select","Wed Mar 04 18:46:31 UTC 2026","passed","Wed Mar 04 18:46:31 UTC 2026","","","",""
"","608","should display all available roles","CreateUserDialog","Wed Mar 04 18:43:58 UTC 2026","passed","Wed Mar 04 18:43:59 UTC 2026","","","",""
"Test cases for TestBoolFromPtr","0","TestBoolFromPtr","","Wed Mar 04 18:42:43 UTC 2026","passed","Wed Mar 04 18:42:43 UTC 2026","","Go Test","github.com/specterops/bloodhound/cmd/api/src/database/types/null/TestBoolFromPtr","TestBoolFromPtr"
"","242","toggles sort order when clicking sortable header","ObjectsAccordion","Wed Mar 04 18:45:52 UTC 2026","passed","Wed Mar 04 18:45:52 UTC 2026","","","",""
"Test cases for TestResources_GetEdgeComposition","105","TestResources_GetEdgeComposition","","Wed Mar 04 18:42:36 UTC 2026","passed","Wed Mar 04 18:42:36 UTC 2026","","Go Test","github.com/specterops/bloodhound/cmd/api/src/api/v2/TestResources_GetEdgeComposition","TestResources_GetEdgeComposition"
"","494","filters by the selected user","FileIngestFilterDialog","Wed Mar 04 18:44:13 UTC 2026","passed","Wed Mar 04 18:44:13 UTC 2026","","User Select","",""
"Test cases for TestTypes_Scan_Success","0","TestTypes_Scan_Success","","Wed Mar 04 18:42:43 UTC 2026","passed","Wed Mar 04 18:42:43 UTC 2026","","Go Test","github.com/specterops/bloodhound/cmd/api/src/database/types/TestTypes_Scan_Success","TestTypes_Scan_Success"
"","249","sets a primarySearch=id and searchType=pathfinding when secondarySearch is truethy","ContextMenu","Wed Mar 04 18:44:18 UTC 2026","passed","Wed Mar 04 18:44:18 UTC 2026","","","",""
"","391","should display ""Configure Multi-Factor Authentication"" title","Enable2FADialog","Wed Mar 04 18:45:42 UTC 2026","passed","Wed Mar 04 18:45:43 UTC 2026","","","",""
"","407","On successful upload, displays a completion of 100% and adds a ""Complete"" button that closes the dialog","SchemaUploadDialog","Wed Mar 04 18:45:36 UTC 2026","passed","Wed Mar 04 18:45:36 UTC 2026","","","",""
"","91","renders a button when actor is not BloodHoundString and note exists","NoteCell component","Wed Mar 04 18:46:28 UTC 2026","passed","Wed Mar 04 18:46:28 UTC 2026","","","",""
"","164","calls setExploreParams with only the expandedSection label when selecting any accordion that is not composition","EdgeInfoContent","Wed Mar 04 18:43:43 UTC 2026","passed","Wed Mar 04 18:43:44 UTC 2026","","EdgeInfoContent support for Deep Linking","",""
"","6","sets autoDisplayTable to false if query type is relationship","useExploreTableAutoDisplay","Wed Mar 04 18:46:44 UTC 2026","passed","Wed Mar 04 18:46:44 UTC 2026","","","",""
"","6","applies animation class to the title","ProcessingIndicator","Wed Mar 04 18:47:46 UTC 2026","passed","Wed Mar 04 18:47:46 UTC 2026","","","",""
"","557","should display Environmental Targeted Access Control panel when showEnvironmentAccessControls prop is true and user role is selected","CreateUserForm","Wed Mar 04 18:44:02 UTC 2026","passed","Wed Mar 04 18:44:02 UTC 2026","","","",""
"","211","should display filter dropwdowns","CommonSearches","Wed Mar 04 18:44:23 UTC 2026","passed","Wed Mar 04 18:44:23 UTC 2026","","","",""
"","19","returns a comma separated number when provided with a number > 999","numberFormatting","Wed Mar 04 18:47:32 UTC 2026","passed","Wed Mar 04 18:47:32 UTC 2026","","","",""
"Test cases for TestResources_ListADIssuancePolicyLinkedCertTemplates","171","TestResources_ListADIssuancePolicyLinkedCertTemplates","","Wed Mar 04 18:42:36 UTC 2026","passed","Wed Mar 04 18:42:36 UTC 2026","","Go Test","github.com/specterops/bloodhound/cmd/api/src/api/v2/TestResources_ListADIssuancePolicyLinkedCertTemplates","TestResources_ListADIssuancePolicyLinkedCertTemplates"
"Test cases for TestManagementResource_UpdateUser_ETAC","1964","TestManagementResource_UpdateUser_ETAC","","Wed Mar 04 18:42:55 UTC 2026","passed","Wed Mar 04 18:42:57 UTC 2026","","Go Test","github.com/specterops/bloodhound/cmd/api/src/api/v2/auth/TestManagementResource_UpdateUser_ETAC","TestManagementResource_UpdateUser_ETAC"
"Test cases for TestResources_ListADComputerConstrainedDelegationUsers","1","TestResources_ListADComputerConstrainedDelegationUsers","","Wed Mar 04 18:42:36 UTC 2026","passed","Wed Mar 04 18:42:36 UTC 2026","","Go Test","github.com/specterops/bloodhound/cmd/api/src/api/v2/TestResources_ListADComputerConstrainedDelegationUsers","TestResources_ListADComputerConstrainedDelegationUsers"
"Test cases for TestDisenrollMFA_Failure","0","TestDisenrollMFA_Failure","","Wed Mar 04 18:42:59 UTC 2026","passed","Wed Mar 04 18:42:59 UTC 2026","","Go Test","github.com/specterops/bloodhound/cmd/api/src/api/v2/auth/TestDisenrollMFA_Failure","TestDisenrollMFA_Failure"
"","49","composes search params from the search prop and use them in the link","AppLink","Wed Mar 04 18:46:02 UTC 2026","passed","Wed Mar 04 18:46:02 UTC 2026","","","",""
"Test cases for TestWriteBasicResponse","0","TestWriteBasicResponse","","Wed Mar 04 18:42:23 UTC 2026","passed","Wed Mar 04 18:42:23 UTC 2026","","Go Test","github.com/specterops/bloodhound/cmd/api/src/api/TestWriteBasicResponse","TestWriteBasicResponse"
"Test cases for TestNewAuditLog","0","TestNewAuditLog","","Wed Mar 04 18:42:42 UTC 2026","passed","Wed Mar 04 18:42:42 UTC 2026","","Go Test","github.com/specterops/bloodhound/cmd/api/src/database/TestNewAuditLog","TestNewAuditLog"
"Test cases for TestResources_UpdateSavedQuery_OwnPublicQuery_Success","0","TestResources_UpdateSavedQuery_OwnPublicQuery_Success","","Wed Mar 04 18:42:36 UTC 2026","passed","Wed Mar 04 18:42:36 UTC 2026","","Go Test","github.com/specterops/bloodhound/cmd/api/src/api/v2/TestResources_UpdateSavedQuery_OwnPublicQuery_Success","TestResources_UpdateSavedQuery_OwnPublicQuery_Success"
"","4","determines glyphs with the tier_managent_engine feature flag enabled","getNodeGlyphs","Wed Mar 04 18:48:25 UTC 2026","passed","Wed Mar 04 18:48:25 UTC 2026","","","",""
"","647","should render a SaveQueryDialog","SaveQueryDialog","Wed Mar 04 18:43:26 UTC 2026","passed","Wed Mar 04 18:43:27 UTC 2026","","","",""
"Test cases for TestTextUnmarshalFloat","0","TestTextUnmarshalFloat","","Wed Mar 04 18:42:43 UTC 2026","passed","Wed Mar 04 18:42:43 UTC 2026","","Go Test","github.com/specterops/bloodhound/cmd/api/src/database/types/null/TestTextUnmarshalFloat","TestTextUnmarshalFloat"
"","61","returns the full environment for the environmentid passed","useAvailableEnvironments","Wed Mar 04 18:46:50 UTC 2026","passed","Wed Mar 04 18:46:50 UTC 2026","","useSelectedEnvironment","",""
"Test cases for TestResources_GetFlags","0","TestResources_GetFlags","","Wed Mar 04 18:42:36 UTC 2026","passed","Wed Mar 04 18:42:36 UTC 2026","","Go Test","github.com/specterops/bloodhound/cmd/api/src/api/v2/TestResources_GetFlags","TestResources_GetFlags"
"","335","calls openOIDCProviderDialog when OIDC Provider menu item is clicked","CreateMenu","Wed Mar 04 18:44:32 UTC 2026","passed","Wed Mar 04 18:44:32 UTC 2026","","oidc_support feature flag enabled","",""
"Test cases for TestClearCache_HA","0","TestClearCache_HA","","Wed Mar 04 18:42:40 UTC 2026","passed","Wed Mar 04 18:42:40 UTC 2026","","Go Test","github.com/specterops/bloodhound/cmd/api/src/daemons/changelog/TestClearCache_HA","TestClearCache_HA"
"","712","disables the confirm button until user types required text","Tag Form","Wed Mar 04 18:43:29 UTC 2026","passed","Wed Mar 04 18:43:30 UTC 2026","","","",""
"","60","should display a message","CypherSearchMessage","Wed Mar 04 18:47:52 UTC 2026","passed","Wed Mar 04 18:47:52 UTC 2026","","","",""
"","2067","Clicking on a row causes row to be selected","ExploreTable","Wed Mar 04 18:43:28 UTC 2026","passed","Wed Mar 04 18:43:30 UTC 2026","","","",""
"Test cases for TestNewDefaultConfig","0","TestNewDefaultConfig","","Wed Mar 04 18:42:39 UTC 2026","passed","Wed Mar 04 18:42:39 UTC 2026","","Go Test","github.com/specterops/bloodhound/cmd/api/src/config/TestNewDefaultConfig","TestNewDefaultConfig"
"Test cases for TestBoolPointer","0","TestBoolPointer","","Wed Mar 04 18:42:43 UTC 2026","passed","Wed Mar 04 18:42:43 UTC 2026","","Go Test","github.com/specterops/bloodhound/cmd/api/src/database/types/null/TestBoolPointer","TestBoolPointer"
"","76","displays an error message","GraphView","Wed Mar 04 18:48:30 UTC 2026","passed","Wed Mar 04 18:48:30 UTC 2026","","","",""
"Test cases for TestFloatPointer","0","TestFloatPointer","","Wed Mar 04 18:42:43 UTC 2026","passed","Wed Mar 04 18:42:43 UTC 2026","","Go Test","github.com/specterops/bloodhound/cmd/api/src/database/types/null/TestFloatPointer","TestFloatPointer"
"","145","calls onLayoutChange with the selected layout","GraphControls","Wed Mar 04 18:44:08 UTC 2026","passed","Wed Mar 04 18:44:08 UTC 2026","","Selecting a layout","",""
"Test cases for TestConvertDomainToNode_DomainInvalidProperties","0","TestConvertDomainToNode_DomainInvalidProperties","","Wed Mar 04 18:43:06 UTC 2026","passed","Wed Mar 04 18:43:06 UTC 2026","","Go Test","github.com/specterops/bloodhound/packages/go/ein/TestConvertDomainToNode_DomainInvalidProperties","TestConvertDomainToNode_DomainInvalidProperties"
"Test cases for TestPermissionsCheckAll","0","TestPermissionsCheckAll","","Wed Mar 04 18:42:28 UTC 2026","passed","Wed Mar 04 18:42:28 UTC 2026","","Go Test","github.com/specterops/bloodhound/cmd/api/src/api/middleware/TestPermissionsCheckAll","TestPermissionsCheckAll"
"","2","shows the collection methods for the given job","toCollected","Wed Mar 04 18:47:21 UTC 2026","passed","Wed Mar 04 18:47:21 UTC 2026","","","",""
"Test cases for Test_HarnessTeardown","0","Test_HarnessTeardown","","Wed Mar 04 18:43:07 UTC 2026","passed","Wed Mar 04 18:43:07 UTC 2026","","Go Test","github.com/specterops/bloodhound/packages/go/lab/Test_HarnessTeardown","Test_HarnessTeardown"
"","0","handles unix time values by converting them to our standard date display format","Formatting number properties","Wed Mar 04 18:44:28 UTC 2026","passed","Wed Mar 04 18:44:28 UTC 2026","","","",""
"","482","should display Environmental Targeted Access Control panel when showEnvironmentAccessControls prop is true and user role is selected","UpdateUserForm","Wed Mar 04 18:43:35 UTC 2026","passed","Wed Mar 04 18:43:36 UTC 2026","","","",""
"","5168","checking a single edge type updates its parent and grandparent","Pathfinding","Wed Mar 04 18:45:11 UTC 2026","passed","Wed Mar 04 18:45:16 UTC 2026","","","",""
"","1","Will ignore colons after the first and use them as part of the keyword search","Parsing the debounced input for type and keyword values","Wed Mar 04 18:45:47 UTC 2026","passed","Wed Mar 04 18:45:47 UTC 2026","","","",""
"","631","open and closes dialog with confirm button after user inputs required text","Tag Form","Wed Mar 04 18:43:30 UTC 2026","passed","Wed Mar 04 18:43:31 UTC 2026","","","",""
"","273","The API key management option should appear in profile page if the user is configured for SAML login","UserProfile with SSO User","Wed Mar 04 18:44:38 UTC 2026","passed","Wed Mar 04 18:44:39 UTC 2026","","","",""
"","18","renders custom icon overlap correctly","NodeIcon","Wed Mar 04 18:47:09 UTC 2026","passed","Wed Mar 04 18:47:09 UTC 2026","","","",""
"","220","adds node to asset group tag without confirmation","AssetGroupMenuItem","Wed Mar 04 18:44:26 UTC 2026","passed","Wed Mar 04 18:44:27 UTC 2026","","","",""
"","124","should render tag to Label content","TagToZoneLabelDialog","Wed Mar 04 18:45:46 UTC 2026","passed","Wed Mar 04 18:45:46 UTC 2026","","","",""
"","158","displays expected results when searching by objectid","SearchCurrentNodes","Wed Mar 04 18:45:56 UTC 2026","passed","Wed Mar 04 18:45:56 UTC 2026","","","",""
"","0","abbreviates numbers larger than 1000 and should not round the tenth place digit","numberFormatting","Wed Mar 04 18:47:32 UTC 2026","passed","Wed Mar 04 18:47:32 UTC 2026","","","",""
"","1431","when user performs a pathfinding search, the selection for the start node is carried over to the `search` tab","ExploreSearch interaction","Wed Mar 04 18:48:17 UTC 2026","passed","Wed Mar 04 18:48:19 UTC 2026","","","",""
"Test cases for TestResources_ImportSavedQuery","19","TestResources_ImportSavedQuery","","Wed Mar 04 18:42:36 UTC 2026","passed","Wed Mar 04 18:42:36 UTC 2026","","Go Test","github.com/specterops/bloodhound/cmd/api/src/api/v2/TestResources_ImportSavedQuery","TestResources_ImportSavedQuery"
"Test cases for TestManagementResource_ListSAMLProviders","22","TestManagementResource_ListSAMLProviders","","Wed Mar 04 18:43:08 UTC 2026","passed","Wed Mar 04 18:43:08 UTC 2026","","Go Test","github.com/specterops/bloodhound/cmd/api/src/api/v2/auth/TestManagementResource_ListSAMLProviders","TestManagementResource_ListSAMLProviders"
"","216","toggles parent from none to all","SourceKindsCheckboxes","Wed Mar 04 18:45:09 UTC 2026","passed","Wed Mar 04 18:45:09 UTC 2026","","","",""
"Test cases for TestMarshalFloat","0","TestMarshalFloat","","Wed Mar 04 18:42:43 UTC 2026","passed","Wed Mar 04 18:42:43 UTC 2026","","Go Test","github.com/specterops/bloodhound/cmd/api/src/database/types/null/TestMarshalFloat","TestMarshalFloat"
"","94","renders with a selected icon","Glyph Select Dialog","Wed Mar 04 18:47:22 UTC 2026","passed","Wed Mar 04 18:47:22 UTC 2026","","","",""
"Test cases for TestManagementResource_SAMLCallbackHandler","19","TestManagementResource_SAMLCallbackHandler","","Wed Mar 04 18:43:08 UTC 2026","passed","Wed Mar 04 18:43:08 UTC 2026","","Go Test","github.com/specterops/bloodhound/cmd/api/src/api/v2/auth/TestManagementResource_SAMLCallbackHandler","TestManagementResource_SAMLCallbackHandler"
"","1","takes updatedParams and current URLSearchParams and returns a function","searchParams","Wed Mar 04 18:46:16 UTC 2026","passed","Wed Mar 04 18:46:16 UTC 2026","","setSingleParamFactory","",""
"","520","displays correct content based on platform filter AD","CommonSearches","Wed Mar 04 18:44:25 UTC 2026","passed","Wed Mar 04 18:44:25 UTC 2026","","","",""
"Test cases for TestResources_ListADOUContainedComputers","0","TestResources_ListADOUContainedComputers","","Wed Mar 04 18:42:36 UTC 2026","passed","Wed Mar 04 18:42:36 UTC 2026","","Go Test","github.com/specterops/bloodhound/cmd/api/src/api/v2/TestResources_ListADOUContainedComputers","TestResources_ListADOUContainedComputers"
"","1407","renders","DatabaseManagement","Wed Mar 04 18:48:20 UTC 2026","passed","Wed Mar 04 18:48:21 UTC 2026","","","",""
"","2","returns numbers as strings","numberFormatting","Wed Mar 04 18:47:32 UTC 2026","passed","Wed Mar 04 18:47:32 UTC 2026","","","",""
"","313","Selecting an edge with a Computer target node that haslaps is enabled shows correct Windows Abuse text","EdgeInfoContent","Wed Mar 04 18:43:42 UTC 2026","passed","Wed Mar 04 18:43:43 UTC 2026","","","",""
"","333","shows a loading state","AssetGroupMenuItem","Wed Mar 04 18:44:25 UTC 2026","passed","Wed Mar 04 18:44:26 UTC 2026","","","",""
"Test cases for TestManagementResource_DeleteOIDCProvider","4","TestManagementResource_DeleteOIDCProvider","","Wed Mar 04 18:43:08 UTC 2026","passed","Wed Mar 04 18:43:08 UTC 2026","","Go Test","github.com/specterops/bloodhound/cmd/api/src/api/v2/auth/TestManagementResource_DeleteOIDCProvider","TestManagementResource_DeleteOIDCProvider"
"","168","renders a graph view","GraphView","Wed Mar 04 18:48:30 UTC 2026","passed","Wed Mar 04 18:48:30 UTC 2026","","","",""
"","8","returns when label limit is reached","useTagLimits","Wed Mar 04 18:43:52 UTC 2026","passed","Wed Mar 04 18:43:52 UTC 2026","","","",""
"","754","should render a create user form","CreateUserDialog","Wed Mar 04 18:43:56 UTC 2026","passed","Wed Mar 04 18:43:57 UTC 2026","","","",""
"","74","renders the title passed via title prop","ColumnHeaders","Wed Mar 04 18:45:40 UTC 2026","passed","Wed Mar 04 18:45:40 UTC 2026","","BaseColumnHeader","",""
"","265","should disable Cancel and Save buttons while isLoading is true","UpdateUserDialog","Wed Mar 04 18:44:02 UTC 2026","passed","Wed Mar 04 18:44:03 UTC 2026","","","",""
"","280","should render","SSOProviderTable","Wed Mar 04 18:46:21 UTC 2026","passed","Wed Mar 04 18:46:22 UTC 2026","","","",""
"","306","displays expected results when searching by label","SearchCurrentNodes","Wed Mar 04 18:45:56 UTC 2026","passed","Wed Mar 04 18:45:56 UTC 2026","","","",""
"","12","disables useAvailableEnvironment and does not attempt calling handleInitialEnvironment if queryOptions.enabled","useInitialEnvironment","Wed Mar 04 18:46:36 UTC 2026","passed","Wed Mar 04 18:46:36 UTC 2026","","","",""
"","810","displays validation error messages when password does not meet requirements","PasswordDialog","Wed Mar 04 18:43:51 UTC 2026","passed","Wed Mar 04 18:43:52 UTC 2026","","","",""
"","24","renders details for a selected rule and is of type ""Object""","DynamicDetails","Wed Mar 04 18:44:48 UTC 2026","passed","Wed Mar 04 18:44:48 UTC 2026","","","",""
"Test cases for TestManagementResource_DeleteAuthToken","30","TestManagementResource_DeleteAuthToken","","Wed Mar 04 18:43:08 UTC 2026","passed","Wed Mar 04 18:43:08 UTC 2026","","Go Test","github.com/specterops/bloodhound/cmd/api/src/api/v2/auth/TestManagementResource_DeleteAuthToken","TestManagementResource_DeleteAuthToken"
"","500","renders the popup content with run, edit/share, and delete when the menu trigger","ListItemActionMenu","Wed Mar 04 18:46:18 UTC 2026","passed","Wed Mar 04 18:46:19 UTC 2026","","","",""
"Test cases for TestResources_PatchDomain","2","TestResources_PatchDomain","","Wed Mar 04 18:42:36 UTC 2026","passed","Wed Mar 04 18:42:36 UTC 2026","","Go Test","github.com/specterops/bloodhound/cmd/api/src/api/v2/TestResources_PatchDomain","TestResources_PatchDomain"
"Test cases for TestContextMiddlewareBypassEnabled","0","TestContextMiddlewareBypassEnabled","","Wed Mar 04 18:42:28 UTC 2026","passed","Wed Mar 04 18:42:28 UTC 2026","","Go Test","github.com/specterops/bloodhound/cmd/api/src/api/middleware/TestContextMiddlewareBypassEnabled","TestContextMiddlewareBypassEnabled"
"Test cases for TestModifyCookieAttribute","3","TestModifyCookieAttribute","","Wed Mar 04 18:43:01 UTC 2026","passed","Wed Mar 04 18:43:01 UTC 2026","","Go Test","github.com/specterops/bloodhound/cmd/api/src/utils/test/TestModifyCookieAttribute","TestModifyCookieAttribute"
"","169","toggles parent from some to all","SourceKindsCheckboxes","Wed Mar 04 18:45:09 UTC 2026","passed","Wed Mar 04 18:45:09 UTC 2026","","","",""
"Test cases for TestIsValidClientVersion","0","TestIsValidClientVersion","","Wed Mar 04 18:43:00 UTC 2026","passed","Wed Mar 04 18:43:00 UTC 2026","","Go Test","github.com/specterops/bloodhound/cmd/api/src/utils/TestIsValidClientVersion","TestIsValidClientVersion"
"","138","renders error message on error","ObjectCountPanel","Wed Mar 04 18:47:13 UTC 2026","passed","Wed Mar 04 18:47:13 UTC 2026","","","",""
"Test cases for TestAssetGroupMembers_BuildFilteringConditional_Error","0","TestAssetGroupMembers_BuildFilteringConditional_Error","","Wed Mar 04 18:42:22 UTC 2026","passed","Wed Mar 04 18:42:22 UTC 2026","","Go Test","github.com/specterops/bloodhound/cmd/api/src/api/TestAssetGroupMembers_BuildFilteringConditional_Error","TestAssetGroupMembers_BuildFilteringConditional_Error"
"Test cases for Test_filterNodesToSearchResult","0","Test_filterNodesToSearchResult","","Wed Mar 04 18:42:46 UTC 2026","passed","Wed Mar 04 18:42:46 UTC 2026","","Go Test","github.com/specterops/bloodhound/cmd/api/src/queries/Test_filterNodesToSearchResult","Test_filterNodesToSearchResult"
"","62","Validate Displays all the Roles","useListDisplayRoles","Wed Mar 04 18:44:12 UTC 2026","passed","Wed Mar 04 18:44:12 UTC 2026","","","",""
"Test cases for TestResources_ListRootCAPKIHierarchy","0","TestResources_ListRootCAPKIHierarchy","","Wed Mar 04 18:42:36 UTC 2026","passed","Wed Mar 04 18:42:36 UTC 2026","","Go Test","github.com/specterops/bloodhound/cmd/api/src/api/v2/TestResources_ListRootCAPKIHierarchy","TestResources_ListRootCAPKIHierarchy"
"","4","calls the provided notification method","handleError","Wed Mar 04 18:44:12 UTC 2026","passed","Wed Mar 04 18:44:12 UTC 2026","","","",""
"","2","returns undefined if graphData is undefined","normalizeGraphDataForSigma","Wed Mar 04 18:48:50 UTC 2026","passed","Wed Mar 04 18:48:50 UTC 2026","","","",""
"","0","returns Cypher message when ruleType is SeedTypeCypher and seeds are required","getErrorMessage","Wed Mar 04 18:44:12 UTC 2026","passed","Wed Mar 04 18:44:12 UTC 2026","","","",""
"","161","displays Force Password Reset checkbox when showNeedsPasswordReset is true","PasswordDialog","Wed Mar 04 18:43:50 UTC 2026","passed","Wed Mar 04 18:43:51 UTC 2026","","","",""
"Test cases for TestManagementResource_CreateAuthToken","11258","TestManagementResource_CreateAuthToken","","Wed Mar 04 18:42:57 UTC 2026","passed","Wed Mar 04 18:43:08 UTC 2026","","Go Test","github.com/specterops/bloodhound/cmd/api/src/api/v2/auth/TestManagementResource_CreateAuthToken","TestManagementResource_CreateAuthToken"
"","0","returns null if paramValue is ''","useEnvironmentParams","Wed Mar 04 18:47:43 UTC 2026","passed","Wed Mar 04 18:47:43 UTC 2026","","parseEnvironmentAggregation","",""
"","217","displays validation error messages when Save button is clicked and no form input is provided","PasswordDialog","Wed Mar 04 18:43:51 UTC 2026","passed","Wed Mar 04 18:43:51 UTC 2026","","","",""
"","169","shows a table with finished jobs","FileIngestTable","Wed Mar 04 18:45:20 UTC 2026","passed","Wed Mar 04 18:45:20 UTC 2026","","","",""
"","131","calls onSort when clicked with a tooltip","ColumnHeaders","Wed Mar 04 18:45:41 UTC 2026","passed","Wed Mar 04 18:45:41 UTC 2026","","SortableHeader with Tooltip","",""
"Test cases for TestResources_UpdateSavedQuery_NoQueryMatch","0","TestResources_UpdateSavedQuery_NoQueryMatch","","Wed Mar 04 18:42:36 UTC 2026","passed","Wed Mar 04 18:42:36 UTC 2026","","Go Test","github.com/specterops/bloodhound/cmd/api/src/api/v2/TestResources_UpdateSavedQuery_NoQueryMatch","TestResources_UpdateSavedQuery_NoQueryMatch"
"Test cases for TestManagementResource_SAMLLoginRedirect","25","TestManagementResource_SAMLLoginRedirect","","Wed Mar 04 18:43:08 UTC 2026","passed","Wed Mar 04 18:43:08 UTC 2026","","Go Test","github.com/specterops/bloodhound/cmd/api/src/api/v2/auth/TestManagementResource_SAMLLoginRedirect","TestManagementResource_SAMLLoginRedirect"
"","5","removes a notification","AppNotifications","Wed Mar 04 18:46:31 UTC 2026","passed","Wed Mar 04 18:46:31 UTC 2026","","","",""
"Test cases for TestIsValidEmail","0","TestIsValidEmail","","Wed Mar 04 18:43:00 UTC 2026","passed","Wed Mar 04 18:43:00 UTC 2026","","Go Test","github.com/specterops/bloodhound/cmd/api/src/utils/TestIsValidEmail","TestIsValidEmail"
"","136","should fire Confirm once with true","ConfirmationDialog","Wed Mar 04 18:47:33 UTC 2026","passed","Wed Mar 04 18:47:33 UTC 2026","","","",""
"","57","Calls the cypher search endpoint for a node with a type that is not in our schema","EntityObjectInformation","Wed Mar 04 18:45:31 UTC 2026","passed","Wed Mar 04 18:45:31 UTC 2026","","","",""
"","106","renders enabled prop when flag is enabled","FeatureFlag","Wed Mar 04 18:46:40 UTC 2026","passed","Wed Mar 04 18:46:40 UTC 2026","","","",""
"Test cases for Test_SetDependency","0","Test_SetDependency","","Wed Mar 04 18:43:07 UTC 2026","passed","Wed Mar 04 18:43:07 UTC 2026","","Go Test","github.com/specterops/bloodhound/packages/go/lab/Test_SetDependency","Test_SetDependency"
"","58","shows an error notification if there is an error fetching","useFinishedJobs","Wed Mar 04 18:45:15 UTC 2026","passed","Wed Mar 04 18:45:15 UTC 2026","","","",""
"Test cases for TestParseSkipQueryParameter_BadFormat","3","TestParseSkipQueryParameter_BadFormat","","Wed Mar 04 18:42:36 UTC 2026","passed","Wed Mar 04 18:42:36 UTC 2026","","Go Test","github.com/specterops/bloodhound/cmd/api/src/api/v2/TestParseSkipQueryParameter_BadFormat","TestParseSkipQueryParameter_BadFormat"
"Test cases for TestDisenrollMFA_Success","676","TestDisenrollMFA_Success","","Wed Mar 04 18:42:59 UTC 2026","passed","Wed Mar 04 18:43:00 UTC 2026","","Go Test","github.com/specterops/bloodhound/cmd/api/src/api/v2/auth/TestDisenrollMFA_Success","TestDisenrollMFA_Success"
"","64","enables correctly returning the tag associated with Tier Zero (position value of 1) from the list of tags","the useAssetGroupTags utilities","Wed Mar 04 18:44:17 UTC 2026","passed","Wed Mar 04 18:44:18 UTC 2026","","","",""
"","4","should recognize active directory properties","validating a node property against the shared generated schema","Wed Mar 04 18:44:28 UTC 2026","passed","Wed Mar 04 18:44:28 UTC 2026","","","",""
"","0","shows no collection methods","toCollected","Wed Mar 04 18:47:21 UTC 2026","passed","Wed Mar 04 18:47:21 UTC 2026","","","",""
"Test cases for TestActivateMFA_Failure","788","TestActivateMFA_Failure","","Wed Mar 04 18:43:06 UTC 2026","passed","Wed Mar 04 18:43:07 UTC 2026","","Go Test","github.com/specterops/bloodhound/cmd/api/src/api/v2/auth/TestActivateMFA_Failure","TestActivateMFA_Failure"
"","21","should highlight main nav route when navigating to child route","Main Nav Route Highlighting","Wed Mar 04 18:44:08 UTC 2026","passed","Wed Mar 04 18:44:08 UTC 2026","","","",""
"Test cases for TestResources_UpdateAssetGroupTag","0","TestResources_UpdateAssetGroupTag","","Wed Mar 04 18:42:36 UTC 2026","passed","Wed Mar 04 18:42:36 UTC 2026","","Go Test","github.com/specterops/bloodhound/cmd/api/src/api/v2/TestResources_UpdateAssetGroupTag","TestResources_UpdateAssetGroupTag"
"","202","shows an error state","AssetGroupMenuItem","Wed Mar 04 18:44:26 UTC 2026","passed","Wed Mar 04 18:44:26 UTC 2026","","","",""
"","166","navigates to previous history entry when warning dialog is cancelled","EarlyAccessFeatures","Wed Mar 04 18:48:33 UTC 2026","passed","Wed Mar 04 18:48:34 UTC 2026","","","",""
"Test cases for Test_convertGraphExtensionPayloadToGraphExtension","0","Test_convertGraphExtensionPayloadToGraphExtension","","Wed Mar 04 18:42:36 UTC 2026","passed","Wed Mar 04 18:42:36 UTC 2026","","Go Test","github.com/specterops/bloodhound/cmd/api/src/api/v2/Test_convertGraphExtensionPayloadToGraphExtension","Test_convertGraphExtensionPayloadToGraphExtension"
"Test cases for TestResources_UpdateAssetGroupSelectors_PayloadError","0","TestResources_UpdateAssetGroupSelectors_PayloadError","","Wed Mar 04 18:42:36 UTC 2026","passed","Wed Mar 04 18:42:36 UTC 2026","","Go Test","github.com/specterops/bloodhound/cmd/api/src/api/v2/TestResources_UpdateAssetGroupSelectors_PayloadError","TestResources_UpdateAssetGroupSelectors_PayloadError"
"","124","renders details for a selected rule and is of type ""Cypher""","DynamicDetails","Wed Mar 04 18:44:48 UTC 2026","passed","Wed Mar 04 18:44:48 UTC 2026","","","",""
"","0","reports a Cypher-specific error when ruleType is SeedTypeCypher and seeds are required","handleError","Wed Mar 04 18:44:12 UTC 2026","passed","Wed Mar 04 18:44:12 UTC 2026","","","",""
"Test cases for TestVersion_GreaterThan","1","TestVersion_GreaterThan","","Wed Mar 04 18:43:01 UTC 2026","passed","Wed Mar 04 18:43:01 UTC 2026","","Go Test","github.com/specterops/bloodhound/cmd/api/src/version/TestVersion_GreaterThan","TestVersion_GreaterThan"
"Test cases for TestResources_ListSavedQueries","51","TestResources_ListSavedQueries","","Wed Mar 04 18:42:36 UTC 2026","passed","Wed Mar 04 18:42:36 UTC 2026","","Go Test","github.com/specterops/bloodhound/cmd/api/src/api/v2/TestResources_ListSavedQueries","TestResources_ListSavedQueries"
"","35","tag members refetches on environment change","the useAssetGroupTags utilities","Wed Mar 04 18:44:18 UTC 2026","passed","Wed Mar 04 18:44:18 UTC 2026","","","",""
"Test cases for TestSavedQueries_ValidFilters","0","TestSavedQueries_ValidFilters","","Wed Mar 04 18:42:45 UTC 2026","passed","Wed Mar 04 18:42:45 UTC 2026","","Go Test","github.com/specterops/bloodhound/cmd/api/src/model/TestSavedQueries_ValidFilters","TestSavedQueries_ValidFilters"
"","0","handles null or empty madeBy","createHistoryParams","Wed Mar 04 18:46:47 UTC 2026","passed","Wed Mar 04 18:46:47 UTC 2026","","","",""
"","379","renders","EarlyAccessFeaturesWarningDialog","Wed Mar 04 18:48:54 UTC 2026","passed","Wed Mar 04 18:48:55 UTC 2026","","","",""
"","160","opens when keyboard shortcut is pressed","GraphControls","Wed Mar 04 18:44:09 UTC 2026","passed","Wed Mar 04 18:44:09 UTC 2026","","Searching current results","",""
"Test cases for Test_AuthMiddleware","0","Test_AuthMiddleware","","Wed Mar 04 18:42:28 UTC 2026","passed","Wed Mar 04 18:42:28 UTC 2026","","Go Test","github.com/specterops/bloodhound/cmd/api/src/api/middleware/Test_AuthMiddleware","Test_AuthMiddleware"
"","473","Displays the selectors list if passed in through additional sections","EntityInfoDataTableList","Wed Mar 04 18:45:49 UTC 2026","passed","Wed Mar 04 18:45:50 UTC 2026","","","",""
"Test cases for TestStringPointer","0","TestStringPointer","","Wed Mar 04 18:42:43 UTC 2026","passed","Wed Mar 04 18:42:43 UTC 2026","","Go Test","github.com/specterops/bloodhound/cmd/api/src/database/types/null/TestStringPointer","TestStringPointer"
"Test cases for TestContextMiddlewareBypassDisabled","0","TestContextMiddlewareBypassDisabled","","Wed Mar 04 18:42:28 UTC 2026","passed","Wed Mar 04 18:42:28 UTC 2026","","Go Test","github.com/specterops/bloodhound/cmd/api/src/api/middleware/TestContextMiddlewareBypassDisabled","TestContextMiddlewareBypassDisabled"
"Test cases for TestIntIsZero","0","TestIntIsZero","","Wed Mar 04 18:42:43 UTC 2026","passed","Wed Mar 04 18:42:43 UTC 2026","","Go Test","github.com/specterops/bloodhound/cmd/api/src/database/types/null/TestIntIsZero","TestIntIsZero"
"Test cases for TestToolContainer_GetScheduledAnalysisConfiguration_Errors","2","TestToolContainer_GetScheduledAnalysisConfiguration_Errors","","Wed Mar 04 18:42:33 UTC 2026","passed","Wed Mar 04 18:42:33 UTC 2026","","Go Test","github.com/specterops/bloodhound/cmd/api/src/api/tools/TestToolContainer_GetScheduledAnalysisConfiguration_Errors","TestToolContainer_GetScheduledAnalysisConfiguration_Errors"
"","319","On unsuccessful upload, notifies with an error and displays a retry button","SchemaUploadDialog","Wed Mar 04 18:45:36 UTC 2026","passed","Wed Mar 04 18:45:36 UTC 2026","","","",""
"Test cases for TestManagementResource_ListAuthTokens_Filtered","0","TestManagementResource_ListAuthTokens_Filtered","","Wed Mar 04 18:42:57 UTC 2026","passed","Wed Mar 04 18:42:57 UTC 2026","","Go Test","github.com/specterops/bloodhound/cmd/api/src/api/v2/auth/TestManagementResource_ListAuthTokens_Filtered","TestManagementResource_ListAuthTokens_Filtered"
"","235","shows a loading state","FileIngestTable","Wed Mar 04 18:45:20 UTC 2026","passed","Wed Mar 04 18:45:20 UTC 2026","","","",""
"","680","renders the form for editing an existing rule","Rule Form","Wed Mar 04 18:43:41 UTC 2026","passed","Wed Mar 04 18:43:42 UTC 2026","","","",""
"","1000","should display a dropdown when a user types a partial query that can be autocompleted","CypherSearch","Wed Mar 04 18:45:41 UTC 2026","passed","Wed Mar 04 18:45:42 UTC 2026","","","",""
"","12","renders highlight only for active member when memberId is present","SelectedHighlight","Wed Mar 04 18:46:53 UTC 2026","passed","Wed Mar 04 18:46:53 UTC 2026","","","",""
"Test cases for TestLoginResource_Logout","29","TestLoginResource_Logout","","Wed Mar 04 18:43:08 UTC 2026","passed","Wed Mar 04 18:43:08 UTC 2026","","Go Test","github.com/specterops/bloodhound/cmd/api/src/api/v2/auth/TestLoginResource_Logout","TestLoginResource_Logout"
"Test cases for Test_ParseSortParameters","0","Test_ParseSortParameters","","Wed Mar 04 18:42:23 UTC 2026","passed","Wed Mar 04 18:42:23 UTC 2026","","Go Test","github.com/specterops/bloodhound/cmd/api/src/api/Test_ParseSortParameters","Test_ParseSortParameters"
"Test cases for TestManagementResource_DeleteUser_UserBhCtxNotFound","0","TestManagementResource_DeleteUser_UserBhCtxNotFound","","Wed Mar 04 18:42:52 UTC 2026","passed","Wed Mar 04 18:42:52 UTC 2026","","Go Test","github.com/specterops/bloodhound/cmd/api/src/api/v2/auth/TestManagementResource_DeleteUser_UserBhCtxNotFound","TestManagementResource_DeleteUser_UserBhCtxNotFound"
"","86","temporarily displays the checkmark icon after clicking copy","ExploreTableDataCell","Wed Mar 04 18:47:05 UTC 2026","passed","Wed Mar 04 18:47:05 UTC 2026","","","",""
"Test cases for TestMatches_FailureErrMsg","0","TestMatches_FailureErrMsg","","Wed Mar 04 18:42:45 UTC 2026","passed","Wed Mar 04 18:42:45 UTC 2026","","Go Test","github.com/specterops/bloodhound/cmd/api/src/model/TestMatches_FailureErrMsg","TestMatches_FailureErrMsg"
"Test cases for TestResources_CreateAssetGroup","0","TestResources_CreateAssetGroup","","Wed Mar 04 18:42:36 UTC 2026","passed","Wed Mar 04 18:42:36 UTC 2026","","Go Test","github.com/specterops/bloodhound/cmd/api/src/api/v2/TestResources_CreateAssetGroup","TestResources_CreateAssetGroup"
"Test cases for Test_ValidateGraph","9","Test_ValidateGraph","","Wed Mar 04 18:42:49 UTC 2026","passed","Wed Mar 04 18:42:49 UTC 2026","","Go Test","github.com/specterops/bloodhound/cmd/api/src/services/upload/Test_ValidateGraph","Test_ValidateGraph"
"","0","accepts a sort and compare function","areArraysSimilar","Wed Mar 04 18:47:25 UTC 2026","passed","Wed Mar 04 18:47:25 UTC 2026","","","",""
"Test cases for TestSeekToKey","0","TestSeekToKey","","Wed Mar 04 18:42:48 UTC 2026","passed","Wed Mar 04 18:42:48 UTC 2026","","Go Test","github.com/specterops/bloodhound/cmd/api/src/services/graphify/TestSeekToKey","TestSeekToKey"
"Test cases for TestManagementResource_GetRole","27302","TestManagementResource_GetRole","","Wed Mar 04 18:42:41 UTC 2026","passed","Wed Mar 04 18:43:08 UTC 2026","","Go Test","github.com/specterops/bloodhound/cmd/api/src/api/v2/auth/TestManagementResource_GetRole","TestManagementResource_GetRole"
"","179","renders the QuerySearchFilter component","QuerySearchFilter","Wed Mar 04 18:45:55 UTC 2026","passed","Wed Mar 04 18:45:55 UTC 2026","","","",""
"Test cases for TestManagementResource_ListUsers_Filtered","0","TestManagementResource_ListUsers_Filtered","","Wed Mar 04 18:42:41 UTC 2026","passed","Wed Mar 04 18:42:41 UTC 2026","","Go Test","github.com/specterops/bloodhound/cmd/api/src/api/v2/auth/TestManagementResource_ListUsers_Filtered","TestManagementResource_ListUsers_Filtered"
"Test cases for TestDisenrollMFA_Admin_Success","2910","TestDisenrollMFA_Admin_Success","","Wed Mar 04 18:43:00 UTC 2026","passed","Wed Mar 04 18:43:03 UTC 2026","","Go Test","github.com/specterops/bloodhound/cmd/api/src/api/v2/auth/TestDisenrollMFA_Admin_Success","TestDisenrollMFA_Admin_Success"
"","10","allows you to cancel filter updates before applying them to the url and reset to the default filter state","usePathfindingFilters","Wed Mar 04 18:47:12 UTC 2026","passed","Wed Mar 04 18:47:12 UTC 2026","","","",""
"","225","Selecting an edge with a Computer target node that does not have haslaps enabled shows correct Windows Abuse text","EdgeInfoContent","Wed Mar 04 18:43:43 UTC 2026","passed","Wed Mar 04 18:43:43 UTC 2026","","","",""
"","413","should display ""Generate/Revoke API Tokens"" title","UserTokenManagementDialog","Wed Mar 04 18:46:20 UTC 2026","passed","Wed Mar 04 18:46:21 UTC 2026","","","",""
"Test cases for TestStringIsZero","0","TestStringIsZero","","Wed Mar 04 18:42:43 UTC 2026","passed","Wed Mar 04 18:42:43 UTC 2026","","Go Test","github.com/specterops/bloodhound/cmd/api/src/database/types/null/TestStringIsZero","TestStringIsZero"
"","585","adds node to asset group tag with confirmation","AssetGroupMenuItem","Wed Mar 04 18:44:26 UTC 2026","passed","Wed Mar 04 18:44:26 UTC 2026","","","",""
"","328","renders an empty message for the entity panel before a node is selected","GroupManagement","Wed Mar 04 18:48:34 UTC 2026","passed","Wed Mar 04 18:48:34 UTC 2026","","","",""
"","0","returns false for arrays with different object references","areArraysSimilar","Wed Mar 04 18:47:25 UTC 2026","passed","Wed Mar 04 18:47:25 UTC 2026","","","",""
"","248","should render a single section with a single navigation item","SubNav","Wed Mar 04 18:46:41 UTC 2026","passed","Wed Mar 04 18:46:41 UTC 2026","","","",""
"","64","renders the title","ProcessingIndicator","Wed Mar 04 18:47:46 UTC 2026","passed","Wed Mar 04 18:47:46 UTC 2026","","","",""
"","30","navigates to the specified route with global params intact when triggered by a splat route","AppNavigate","Wed Mar 04 18:46:33 UTC 2026","passed","Wed Mar 04 18:46:33 UTC 2026","","","",""
"Test cases for TestUnmarshalFloat","0","TestUnmarshalFloat","","Wed Mar 04 18:42:43 UTC 2026","passed","Wed Mar 04 18:42:43 UTC 2026","","Go Test","github.com/specterops/bloodhound/cmd/api/src/database/types/null/TestUnmarshalFloat","TestUnmarshalFloat"
"","40","does not render when ruleId is empty","Delete Selector Button rendering","Wed Mar 04 18:47:26 UTC 2026","passed","Wed Mar 04 18:47:26 UTC 2026","","","",""
"","70","applies correct dynamic height based on filtered data","ActiveExtensionsCard","Wed Mar 04 18:43:45 UTC 2026","passed","Wed Mar 04 18:43:45 UTC 2026","","","",""
"Test cases for TestRequestWaitDuration_Failure","0","TestRequestWaitDuration_Failure","","Wed Mar 04 18:42:28 UTC 2026","passed","Wed Mar 04 18:42:28 UTC 2026","","Go Test","github.com/specterops/bloodhound/cmd/api/src/api/middleware/TestRequestWaitDuration_Failure","TestRequestWaitDuration_Failure"
"","243","should eventually display list of tokens","UserTokenManagementDialog","Wed Mar 04 18:46:21 UTC 2026","passed","Wed Mar 04 18:46:21 UTC 2026","","","",""
"","88","Calls the `Base` endpoint for a LocalGroup type node","EntityObjectInformation","Wed Mar 04 18:45:31 UTC 2026","passed","Wed Mar 04 18:45:31 UTC 2026","","","",""
"Test cases for TestResources_ListADComputerSQLAdmins","0","TestResources_ListADComputerSQLAdmins","","Wed Mar 04 18:42:36 UTC 2026","passed","Wed Mar 04 18:42:36 UTC 2026","","Go Test","github.com/specterops/bloodhound/cmd/api/src/api/v2/TestResources_ListADComputerSQLAdmins","TestResources_ListADComputerSQLAdmins"
"Test cases for TestExpireUserAuthSecret_Success","0","TestExpireUserAuthSecret_Success","","Wed Mar 04 18:42:41 UTC 2026","passed","Wed Mar 04 18:42:41 UTC 2026","","Go Test","github.com/specterops/bloodhound/cmd/api/src/api/v2/auth/TestExpireUserAuthSecret_Success","TestExpireUserAuthSecret_Success"
"","746","should initiate data loading when an item is selected","Simple Environment Selector","Wed Mar 04 18:43:54 UTC 2026","passed","Wed Mar 04 18:43:54 UTC 2026","","","",""
"Test cases for TestAuditLogin","1","TestAuditLogin","","Wed Mar 04 18:42:22 UTC 2026","passed","Wed Mar 04 18:42:22 UTC 2026","","Go Test","github.com/specterops/bloodhound/cmd/api/src/api/TestAuditLogin","TestAuditLogin"
"","2","should compute offset vertices for bezier curves at a given intersection","bezier","Wed Mar 04 18:48:36 UTC 2026","passed","Wed Mar 04 18:48:36 UTC 2026","","","",""
"Test cases for TestResources_UpdateSavedQuery_AdminPrivateQuery_Success","0","TestResources_UpdateSavedQuery_AdminPrivateQuery_Success","","Wed Mar 04 18:42:36 UTC 2026","passed","Wed Mar 04 18:42:36 UTC 2026","","Go Test","github.com/specterops/bloodhound/cmd/api/src/api/v2/TestResources_UpdateSavedQuery_AdminPrivateQuery_Success","TestResources_UpdateSavedQuery_AdminPrivateQuery_Success"
"","180","displays loading state","SourceKindsCheckboxes","Wed Mar 04 18:45:07 UTC 2026","passed","Wed Mar 04 18:45:07 UTC 2026","","","",""
"Test cases for TestWriteResultJson","0","TestWriteResultJson","","Wed Mar 04 18:43:00 UTC 2026","passed","Wed Mar 04 18:43:00 UTC 2026","","Go Test","github.com/specterops/bloodhound/cmd/api/src/utils/TestWriteResultJson","TestWriteResultJson"
"","198","toggles a child on","SourceKindsCheckboxes","Wed Mar 04 18:45:09 UTC 2026","passed","Wed Mar 04 18:45:09 UTC 2026","","","",""
"Test cases for TestUnmarshalInt64Overflow","0","TestUnmarshalInt64Overflow","","Wed Mar 04 18:42:43 UTC 2026","passed","Wed Mar 04 18:42:43 UTC 2026","","Go Test","github.com/specterops/bloodhound/cmd/api/src/database/types/null/TestUnmarshalInt64Overflow","TestUnmarshalInt64Overflow"
"","6","renders without label when label is empty string","StatusIndicator","Wed Mar 04 18:47:37 UTC 2026","passed","Wed Mar 04 18:47:37 UTC 2026","","","",""
"Test cases for TestResources_GetAssetGroupTagMemberCountsByKind","2","TestResources_GetAssetGroupTagMemberCountsByKind","","Wed Mar 04 18:42:36 UTC 2026","passed","Wed Mar 04 18:42:36 UTC 2026","","Go Test","github.com/specterops/bloodhound/cmd/api/src/api/v2/TestResources_GetAssetGroupTagMemberCountsByKind","TestResources_GetAssetGroupTagMemberCountsByKind"
"","910","sets the selectedItem param and closes popper when a node is selected","GraphControls","Wed Mar 04 18:44:09 UTC 2026","passed","Wed Mar 04 18:44:10 UTC 2026","","Searching current results","",""
"Test cases for TestMarshalFloatText","0","TestMarshalFloatText","","Wed Mar 04 18:42:43 UTC 2026","passed","Wed Mar 04 18:42:43 UTC 2026","","Go Test","github.com/specterops/bloodhound/cmd/api/src/database/types/null/TestMarshalFloatText","TestMarshalFloatText"
"Test cases for TestGenericAssign","0","TestGenericAssign","","Wed Mar 04 18:43:00 UTC 2026","passed","Wed Mar 04 18:43:00 UTC 2026","","Go Test","github.com/specterops/bloodhound/cmd/api/src/utils/TestGenericAssign","TestGenericAssign"
"","80","initializes search tab to node search if the exploreSearchTab is not a supported tab name on first render","ExploreSearch sets searchType on tab changing","Wed Mar 04 18:48:16 UTC 2026","passed","Wed Mar 04 18:48:16 UTC 2026","","","",""
"Test cases for TestResources_ListADDomainContainedOUs","0","TestResources_ListADDomainContainedOUs","","Wed Mar 04 18:42:36 UTC 2026","passed","Wed Mar 04 18:42:36 UTC 2026","","Go Test","github.com/specterops/bloodhound/cmd/api/src/api/v2/TestResources_ListADDomainContainedOUs","TestResources_ListADDomainContainedOUs"
"Test cases for TestResources_GetIssuancePolicyEntityInfo","202","TestResources_GetIssuancePolicyEntityInfo","","Wed Mar 04 18:42:36 UTC 2026","passed","Wed Mar 04 18:42:36 UTC 2026","","Go Test","github.com/specterops/bloodhound/cmd/api/src/api/v2/TestResources_GetIssuancePolicyEntityInfo","TestResources_GetIssuancePolicyEntityInfo"
"","36","displays no data message when there are no extensions","ActiveExtensionsCard","Wed Mar 04 18:43:44 UTC 2026","passed","Wed Mar 04 18:43:44 UTC 2026","","","",""
"","800","should call onSubmit with email address and password when login button clicked","LoginForm","Wed Mar 04 18:47:07 UTC 2026","passed","Wed Mar 04 18:47:07 UTC 2026","","","",""
"","1","returns query config when searchType is relationship and all required params are passed","useExploreGraph","Wed Mar 04 18:45:11 UTC 2026","passed","Wed Mar 04 18:45:11 UTC 2026","relationship search queries","exploreGraphQueryFactory","",""
"","295","filling in the name value allows updating the selector and navigates back to the details page","Tag Form","Wed Mar 04 18:43:28 UTC 2026","passed","Wed Mar 04 18:43:28 UTC 2026","","","",""
"","643","dispatches an action to add the associated node","Rule Object Select","Wed Mar 04 18:46:31 UTC 2026","passed","Wed Mar 04 18:46:32 UTC 2026","","","",""
"","44","indicates that filters are inactive","AssetGroupEdit","Wed Mar 04 18:44:31 UTC 2026","passed","Wed Mar 04 18:44:31 UTC 2026","","","",""
"Test cases for TestFillAndPopulateDefaultAdminInfo","1","TestFillAndPopulateDefaultAdminInfo","","Wed Mar 04 18:42:37 UTC 2026","passed","Wed Mar 04 18:42:37 UTC 2026","","Go Test","github.com/specterops/bloodhound/cmd/api/src/bootstrap/TestFillAndPopulateDefaultAdminInfo","TestFillAndPopulateDefaultAdminInfo"
"","65","should should reflect the NOT checked state for public query","SavedQueryPermissions","Wed Mar 04 18:46:08 UTC 2026","passed","Wed Mar 04 18:46:08 UTC 2026","","","",""
"","11","sets autoDisplayTable to false if query returns nodes only but the enabled prop is false","useExploreTableAutoDisplay","Wed Mar 04 18:46:44 UTC 2026","passed","Wed Mar 04 18:46:44 UTC 2026","","","",""
"","1","returns the same nodes from the graphData","getExploreTableData","Wed Mar 04 18:45:45 UTC 2026","passed","Wed Mar 04 18:45:45 UTC 2026","","","",""
"","10","function should return 1 when first param is larger, no matter the data type","Compare function for explore table sort","Wed Mar 04 18:45:45 UTC 2026","passed","Wed Mar 04 18:45:45 UTC 2026","","","",""
"","0","should handle an undefined or null entity","Evaluating the entity display name from a given entity","Wed Mar 04 18:44:28 UTC 2026","passed","Wed Mar 04 18:44:28 UTC 2026","","","",""
"Test cases for TestParseUserIP_RemoteAddrOnly","0","TestParseUserIP_RemoteAddrOnly","","Wed Mar 04 18:42:28 UTC 2026","passed","Wed Mar 04 18:42:28 UTC 2026","","Go Test","github.com/specterops/bloodhound/cmd/api/src/api/middleware/TestParseUserIP_RemoteAddrOnly","TestParseUserIP_RemoteAddrOnly"
"","326","should render an SavedQueryPermissions component","SaveQueryDialog","Wed Mar 04 18:43:29 UTC 2026","passed","Wed Mar 04 18:43:29 UTC 2026","","","",""
"","9","populates the cypher search field with the decoded query when the associated query params are set","useCypherSearch","Wed Mar 04 18:47:20 UTC 2026","passed","Wed Mar 04 18:47:20 UTC 2026","","","",""
"","1733","displays a list of available sharphound and azurehound files to download","DownloadCollectors","Wed Mar 04 18:48:12 UTC 2026","passed","Wed Mar 04 18:48:14 UTC 2026","","","",""
"","77","should display ""Password"" input","Enable2FADialog","Wed Mar 04 18:46:26 UTC 2026","passed","Wed Mar 04 18:46:26 UTC 2026","","","",""
"","0","uses the correct entity name in the Object ID message","getErrorMessage","Wed Mar 04 18:44:12 UTC 2026","passed","Wed Mar 04 18:44:12 UTC 2026","","","",""
"Test cases for TestTenantRoles","0","TestTenantRoles","","Wed Mar 04 18:43:05 UTC 2026","passed","Wed Mar 04 18:43:05 UTC 2026","","Go Test","github.com/specterops/bloodhound/packages/go/analysis/azure/TestTenantRoles","TestTenantRoles"
"","178","should display","GenericErrorBoundaryFallback","Wed Mar 04 18:47:49 UTC 2026","passed","Wed Mar 04 18:47:49 UTC 2026","","","",""
"","30","should redirect to nested /file-ingest route if user navigates to an invalid route","Administration","Wed Mar 04 18:48:42 UTC 2026","passed","Wed Mar 04 18:48:42 UTC 2026","","","",""
"","437","disables the delete button and all checkboxes if the user lacks permission","DatabaseManagement","Wed Mar 04 18:48:21 UTC 2026","passed","Wed Mar 04 18:48:22 UTC 2026","","","",""
"","1","returns the node_keys from the graphData with duplicate keys removed and known keys added","getExploreTableData","Wed Mar 04 18:45:45 UTC 2026","passed","Wed Mar 04 18:45:45 UTC 2026","","","",""
"","719","disables confirm button until extension name is typed correctly","ActiveExtensionsCard","Wed Mar 04 18:43:46 UTC 2026","passed","Wed Mar 04 18:43:46 UTC 2026","","","",""
"","11","should render when search string matches text entirely","HighlightedText","Wed Mar 04 18:47:02 UTC 2026","passed","Wed Mar 04 18:47:02 UTC 2026","","","",""
"","38","sets autoDisplayTable to false if enabled param is false","useExploreTableAutoDisplay","Wed Mar 04 18:46:44 UTC 2026","passed","Wed Mar 04 18:46:44 UTC 2026","","","",""
"Test cases for TestArgon2_ParseDigest","0","TestArgon2_ParseDigest","","Wed Mar 04 18:43:06 UTC 2026","passed","Wed Mar 04 18:43:06 UTC 2026","","Go Test","github.com/specterops/bloodhound/packages/go/crypto/TestArgon2_ParseDigest","TestArgon2_ParseDigest"
"Test cases for Test_CheckAccessToEnvironments","104","Test_CheckAccessToEnvironments","","Wed Mar 04 18:42:36 UTC 2026","passed","Wed Mar 04 18:42:36 UTC 2026","","Go Test","github.com/specterops/bloodhound/cmd/api/src/api/v2/Test_CheckAccessToEnvironments","Test_CheckAccessToEnvironments"
"Test cases for TestCreateUser_ResetPassword","706","TestCreateUser_ResetPassword","","Wed Mar 04 18:42:46 UTC 2026","passed","Wed Mar 04 18:42:46 UTC 2026","","Go Test","github.com/specterops/bloodhound/cmd/api/src/api/v2/auth/TestCreateUser_ResetPassword","TestCreateUser_ResetPassword"
"Test cases for TestUnmarshalNonIntegerNumber","0","TestUnmarshalNonIntegerNumber","","Wed Mar 04 18:42:43 UTC 2026","passed","Wed Mar 04 18:42:43 UTC 2026","","Go Test","github.com/specterops/bloodhound/cmd/api/src/database/types/null/TestUnmarshalNonIntegerNumber","TestUnmarshalNonIntegerNumber"
"","21","does not add a query param if the search term is empty","useNodeSearch","Wed Mar 04 18:46:51 UTC 2026","passed","Wed Mar 04 18:46:51 UTC 2026","","","",""
"","850","app does not crash if ""token"" cookie exists and ""persistedState"" localstorage key does not exist","redux store","Wed Mar 04 18:48:49 UTC 2026","passed","Wed Mar 04 18:48:50 UTC 2026","","","",""
"Test cases for TestTypes_Scan_InvalidInput","0","TestTypes_Scan_InvalidInput","","Wed Mar 04 18:42:43 UTC 2026","passed","Wed Mar 04 18:42:43 UTC 2026","","Go Test","github.com/specterops/bloodhound/cmd/api/src/database/types/TestTypes_Scan_InvalidInput","TestTypes_Scan_InvalidInput"
"","249","on clicking switch shows modal and when clicking confirm closes it and switch changes to enabled","CitrixRDPConfiguration","Wed Mar 04 18:44:32 UTC 2026","passed","Wed Mar 04 18:44:32 UTC 2026","","Click on switch to enable","",""
"","234","Selecting an edge that meets ACL inheritance criteria shows the ""ACE Inherited From"" dropdown","EdgeInfoContent","Wed Mar 04 18:43:43 UTC 2026","passed","Wed Mar 04 18:43:43 UTC 2026","","","",""
"","59","hides loading state when data is available","SourceKindsCheckboxes","Wed Mar 04 18:45:07 UTC 2026","passed","Wed Mar 04 18:45:07 UTC 2026","","","",""
"","111","should call onCancel when cancel button clicked","LoginViaSSOForm","Wed Mar 04 18:46:14 UTC 2026","passed","Wed Mar 04 18:46:14 UTC 2026","","","",""
"Test cases for TestCreateUser_FailureDuplicateEmail","995","TestCreateUser_FailureDuplicateEmail","","Wed Mar 04 18:42:41 UTC 2026","passed","Wed Mar 04 18:42:42 UTC 2026","","Go Test","github.com/specterops/bloodhound/cmd/api/src/api/v2/auth/TestCreateUser_FailureDuplicateEmail","TestCreateUser_FailureDuplicateEmail"
"","101","button displays ""Enabled"" when flag is enabled","EarlyAccessFeatureToggle","Wed Mar 04 18:48:48 UTC 2026","passed","Wed Mar 04 18:48:48 UTC 2026","","","",""
"","0","pwdlastset","Handling value formatting for Active Directory entity properties lastlogon, lastlogontimestamp, whencreated, and pwdlastset","Wed Mar 04 18:44:28 UTC 2026","passed","Wed Mar 04 18:44:28 UTC 2026","","","",""
"","1383","handles posting a mutation","DatabaseManagement","Wed Mar 04 18:48:24 UTC 2026","passed","Wed Mar 04 18:48:25 UTC 2026","","","",""
"","449","clears the applied filter","FileIngestFilterDialog","Wed Mar 04 18:44:11 UTC 2026","passed","Wed Mar 04 18:44:11 UTC 2026","","Status Select","",""
"Test cases for TestWriteAndValidateZip","0","TestWriteAndValidateZip","","Wed Mar 04 18:42:49 UTC 2026","passed","Wed Mar 04 18:42:49 UTC 2026","","Go Test","github.com/specterops/bloodhound/cmd/api/src/services/upload/TestWriteAndValidateZip","TestWriteAndValidateZip"
"","1508","shows the ""Disable MFA"" context menu option for users with MFA enabled","Users","Wed Mar 04 18:44:58 UTC 2026","passed","Wed Mar 04 18:45:00 UTC 2026","","","",""
"","0","returns undefined if graphData is %s or not a GraphResponse","getExploreTableData","Wed Mar 04 18:45:45 UTC 2026","passed","Wed Mar 04 18:45:45 UTC 2026","","","",""
"Test cases for Test_TopLevel","0","Test_TopLevel","","Wed Mar 04 18:43:18 UTC 2026","passed","Wed Mar 04 18:43:18 UTC 2026","","Go Test","github.com/specterops/bloodhound/packages/go/schemagen/csgen/Test_TopLevel","Test_TopLevel"
"","194","clicking an enabled header toggles content (single mode)","<DetailsAccordion />","Wed Mar 04 18:44:21 UTC 2026","passed","Wed Mar 04 18:44:21 UTC 2026","","","",""
"","7","does not render highlight for non-active tag","SelectedHighlight","Wed Mar 04 18:46:53 UTC 2026","passed","Wed Mar 04 18:46:53 UTC 2026","","","",""
"Test cases for TestDurationValidator","0","TestDurationValidator","","Wed Mar 04 18:43:01 UTC 2026","passed","Wed Mar 04 18:43:01 UTC 2026","","Go Test","github.com/specterops/bloodhound/cmd/api/src/utils/validation/TestDurationValidator","TestDurationValidator"
"","87","should display the ""User Information"" header","UserProfile","Wed Mar 04 18:44:39 UTC 2026","passed","Wed Mar 04 18:44:39 UTC 2026","","","",""
"Test cases for TestResources_ListEdgeTypes","102","TestResources_ListEdgeTypes","","Wed Mar 04 18:42:36 UTC 2026","passed","Wed Mar 04 18:42:36 UTC 2026","","Go Test","github.com/specterops/bloodhound/cmd/api/src/api/v2/TestResources_ListEdgeTypes","TestResources_ListEdgeTypes"
"","455","on clicking switch shows modal and when clicking cancel closes it and switch stays disabled","CitrixRDPConfiguration","Wed Mar 04 18:44:32 UTC 2026","passed","Wed Mar 04 18:44:32 UTC 2026","","Click on switch to enable","",""
"","203","removes a node from an asset group tag","AssetGroupMenuItem","Wed Mar 04 18:44:27 UTC 2026","passed","Wed Mar 04 18:44:27 UTC 2026","","","",""
"Test cases for TestResources_GetRootCAEntityInfo","202","TestResources_GetRootCAEntityInfo","","Wed Mar 04 18:42:36 UTC 2026","passed","Wed Mar 04 18:42:36 UTC 2026","","Go Test","github.com/specterops/bloodhound/cmd/api/src/api/v2/TestResources_GetRootCAEntityInfo","TestResources_GetRootCAEntityInfo"
"","16","displays CaretDownOutline icon when the sortOrder is undefined","ColumnHeaders","Wed Mar 04 18:45:40 UTC 2026","passed","Wed Mar 04 18:45:40 UTC 2026","","SortableHeader","",""
"Test cases for TestParseClientVersion","0","TestParseClientVersion","","Wed Mar 04 18:43:00 UTC 2026","passed","Wed Mar 04 18:43:00 UTC 2026","","Go Test","github.com/specterops/bloodhound/cmd/api/src/utils/TestParseClientVersion","TestParseClientVersion"
"","21","whencreated","Handling value formatting for Active Directory entity properties lastlogon, lastlogontimestamp, whencreated, and pwdlastset","Wed Mar 04 18:44:28 UTC 2026","passed","Wed Mar 04 18:44:28 UTC 2026","","","",""
"","61","fails checks if the user does not have a matching permission","usePermissions","Wed Mar 04 18:44:36 UTC 2026","passed","Wed Mar 04 18:44:36 UTC 2026","","","",""
"Test cases for TestSupportsETACMiddleware","1","TestSupportsETACMiddleware","","Wed Mar 04 18:42:28 UTC 2026","passed","Wed Mar 04 18:42:28 UTC 2026","","Go Test","github.com/specterops/bloodhound/cmd/api/src/api/middleware/TestSupportsETACMiddleware","TestSupportsETACMiddleware"
"Test cases for TestBuildSQLFilter","4","TestBuildSQLFilter","","Wed Mar 04 18:42:45 UTC 2026","passed","Wed Mar 04 18:42:45 UTC 2026","","Go Test","github.com/specterops/bloodhound/cmd/api/src/model/TestBuildSQLFilter","TestBuildSQLFilter"
"Test cases for TestAddOrderByToNeo4jQuery_NoOrderByClause","0","TestAddOrderByToNeo4jQuery_NoOrderByClause","","Wed Mar 04 18:42:36 UTC 2026","passed","Wed Mar 04 18:42:36 UTC 2026","","Go Test","github.com/specterops/bloodhound/cmd/api/src/api/v2/TestAddOrderByToNeo4jQuery_NoOrderByClause","TestAddOrderByToNeo4jQuery_NoOrderByClause"
"","0","shows some collection methods for the given job","toCollected","Wed Mar 04 18:47:21 UTC 2026","passed","Wed Mar 04 18:47:21 UTC 2026","","","",""
"","366","Should call handler when a member is clicked","AssetGroupMemberList","Wed Mar 04 18:47:01 UTC 2026","passed","Wed Mar 04 18:47:02 UTC 2026","","","",""
"","2500","Sort arrow is visible and direction is correct","ExploreTable","Wed Mar 04 18:43:32 UTC 2026","passed","Wed Mar 04 18:43:35 UTC 2026","","","",""
"","405","does fires TagToZoneDialog when the Zone option is clicked","TagToZoneLabel","Wed Mar 04 18:43:36 UTC 2026","passed","Wed Mar 04 18:43:37 UTC 2026","","","",""
"","0","The data is fetching","Getting the text for the disabled item display for a search when there are no results","Wed Mar 04 18:45:47 UTC 2026","passed","Wed Mar 04 18:45:47 UTC 2026","","Loading states","",""
"","15","makes no count request when neither a Tag or Rule is selected (tagId and ruleId are undefined from path params","useObjectCounts","Wed Mar 04 18:47:20 UTC 2026","passed","Wed Mar 04 18:47:20 UTC 2026","","","",""
"","1986","should allow user to create new SAML provder and then display it in the table","SSOConfiguration","Wed Mar 04 18:44:26 UTC 2026","passed","Wed Mar 04 18:44:28 UTC 2026","","","",""
"Test cases for TestGetLatestQueryParameter","0","TestGetLatestQueryParameter","","Wed Mar 04 18:42:36 UTC 2026","passed","Wed Mar 04 18:42:36 UTC 2026","","Go Test","github.com/specterops/bloodhound/cmd/api/src/api/v2/TestGetLatestQueryParameter","TestGetLatestQueryParameter"
"","294","should display ""Cancel"" button","Enable2FADialog","Wed Mar 04 18:46:26 UTC 2026","passed","Wed Mar 04 18:46:26 UTC 2026","","","",""
"Test cases for TestManagementResource_GetUser","16023","TestManagementResource_GetUser","","Wed Mar 04 18:42:52 UTC 2026","passed","Wed Mar 04 18:43:08 UTC 2026","","Go Test","github.com/specterops/bloodhound/cmd/api/src/api/v2/auth/TestManagementResource_GetUser","TestManagementResource_GetUser"
"Test cases for TestSignRequestSuccess","0","TestSignRequestSuccess","","Wed Mar 04 18:42:23 UTC 2026","passed","Wed Mar 04 18:42:23 UTC 2026","","Go Test","github.com/specterops/bloodhound/cmd/api/src/api/TestSignRequestSuccess","TestSignRequestSuccess"
"Test cases for TestResources_ListAssetGroupMembersCount","1","TestResources_ListAssetGroupMembersCount","","Wed Mar 04 18:42:36 UTC 2026","passed","Wed Mar 04 18:42:36 UTC 2026","","Go Test","github.com/specterops/bloodhound/cmd/api/src/api/v2/TestResources_ListAssetGroupMembersCount","TestResources_ListAssetGroupMembersCount"
"Test cases for TestHandleDatabaseError","0","TestHandleDatabaseError","","Wed Mar 04 18:42:23 UTC 2026","passed","Wed Mar 04 18:42:23 UTC 2026","","Go Test","github.com/specterops/bloodhound/cmd/api/src/api/TestHandleDatabaseError","TestHandleDatabaseError"
"","392","when a search result is clicked it calls `handleNodeSelected`","ExploreSearchCombobox","Wed Mar 04 18:44:37 UTC 2026","passed","Wed Mar 04 18:44:37 UTC 2026","","","",""
"","1200","renders a table if the query has NO node edges","GraphView","Wed Mar 04 18:48:32 UTC 2026","passed","Wed Mar 04 18:48:33 UTC 2026","","","",""
"Test cases for TestResources_GetAZEntityInformation","134","TestResources_GetAZEntityInformation","","Wed Mar 04 18:42:36 UTC 2026","passed","Wed Mar 04 18:42:36 UTC 2026","","Go Test","github.com/specterops/bloodhound/cmd/api/src/api/v2/TestResources_GetAZEntityInformation","TestResources_GetAZEntityInformation"
"","170","a name value is required to submit the form","Tag Form","Wed Mar 04 18:43:27 UTC 2026","passed","Wed Mar 04 18:43:28 UTC 2026","","","",""
"","189","renders the glyph form input when the editing a zone that is not the highest privileged","Tag Form","Wed Mar 04 18:43:27 UTC 2026","passed","Wed Mar 04 18:43:27 UTC 2026","","","",""
"","393","clicking cancel on the form takes the user back to the details page the user was on previously","Rule Form","Wed Mar 04 18:43:44 UTC 2026","passed","Wed Mar 04 18:43:44 UTC 2026","","","",""
"","958","filling in the name value allows updating the rule and navigates back to the details page","Rule Form","Wed Mar 04 18:43:44 UTC 2026","passed","Wed Mar 04 18:43:45 UTC 2026","","","",""
"","249","should render with the correct content","ConfirmUpdateQueryDialog","Wed Mar 04 18:47:23 UTC 2026","passed","Wed Mar 04 18:47:23 UTC 2026","","","",""
"","194","a name value is required to submit the form","Rule Form","Wed Mar 04 18:43:44 UTC 2026","passed","Wed Mar 04 18:43:44 UTC 2026","","","",""
"Test cases for TestManagementResource_SanitizeAndGetRoles","0","TestManagementResource_SanitizeAndGetRoles","","Wed Mar 04 18:43:08 UTC 2026","passed","Wed Mar 04 18:43:08 UTC 2026","","Go Test","github.com/specterops/bloodhound/cmd/api/src/api/v2/auth/TestManagementResource_SanitizeAndGetRoles","TestManagementResource_SanitizeAndGetRoles"
"","8","renders without pulse animation by default","StatusIndicator","Wed Mar 04 18:47:37 UTC 2026","passed","Wed Mar 04 18:47:37 UTC 2026","","","",""
"Test cases for TestResources_PreviewSelectors","3","TestResources_PreviewSelectors","","Wed Mar 04 18:42:36 UTC 2026","passed","Wed Mar 04 18:42:36 UTC 2026","","Go Test","github.com/specterops/bloodhound/cmd/api/src/api/v2/TestResources_PreviewSelectors","TestResources_PreviewSelectors"
"Test cases for TestDefaultRateLimitMiddleware","1","TestDefaultRateLimitMiddleware","","Wed Mar 04 18:42:28 UTC 2026","passed","Wed Mar 04 18:42:28 UTC 2026","","Go Test","github.com/specterops/bloodhound/cmd/api/src/api/middleware/TestDefaultRateLimitMiddleware","TestDefaultRateLimitMiddleware"
"","73","should navigate to the correct page on alt + digit keydown","Keyboard shortcuts","Wed Mar 04 18:44:08 UTC 2026","passed","Wed Mar 04 18:44:08 UTC 2026","","","",""
"Test cases for TestResources_ListADUserSQLAdminRights","1","TestResources_ListADUserSQLAdminRights","","Wed Mar 04 18:42:36 UTC 2026","passed","Wed Mar 04 18:42:36 UTC 2026","","Go Test","github.com/specterops/bloodhound/cmd/api/src/api/v2/TestResources_ListADUserSQLAdminRights","TestResources_ListADUserSQLAdminRights"
"Test cases for TestResources_GetSearchResult","3","TestResources_GetSearchResult","","Wed Mar 04 18:42:36 UTC 2026","passed","Wed Mar 04 18:42:36 UTC 2026","","Go Test","github.com/specterops/bloodhound/cmd/api/src/api/v2/TestResources_GetSearchResult","TestResources_GetSearchResult"
"","1","rounds down fractional minutes/days","getSimpleDuration","Wed Mar 04 18:47:03 UTC 2026","passed","Wed Mar 04 18:47:03 UTC 2026","","","",""
"Test cases for TestResources_ListADGroupSessions","0","TestResources_ListADGroupSessions","","Wed Mar 04 18:42:36 UTC 2026","passed","Wed Mar 04 18:42:36 UTC 2026","","Go Test","github.com/specterops/bloodhound/cmd/api/src/api/v2/TestResources_ListADGroupSessions","TestResources_ListADGroupSessions"
"Test cases for TestManagementResource_ListSAMLSignOnEndpoints","25","TestManagementResource_ListSAMLSignOnEndpoints","","Wed Mar 04 18:43:08 UTC 2026","passed","Wed Mar 04 18:43:08 UTC 2026","","Go Test","github.com/specterops/bloodhound/cmd/api/src/api/v2/auth/TestManagementResource_ListSAMLSignOnEndpoints","TestManagementResource_ListSAMLSignOnEndpoints"
"","15","renders note content when currentNote is present","HistoryNotes Component","Wed Mar 04 18:47:29 UTC 2026","passed","Wed Mar 04 18:47:29 UTC 2026","","","",""
"","0","reports an API error when there is only statusText","handleError","Wed Mar 04 18:44:12 UTC 2026","passed","Wed Mar 04 18:44:12 UTC 2026","","","",""
"Test cases for TestResources_ListADGPOAffectedContainers","0","TestResources_ListADGPOAffectedContainers","","Wed Mar 04 18:42:36 UTC 2026","passed","Wed Mar 04 18:42:36 UTC 2026","","Go Test","github.com/specterops/bloodhound/cmd/api/src/api/v2/TestResources_ListADGPOAffectedContainers","TestResources_ListADGPOAffectedContainers"
"","23","displays contact admin message when hidden edge is true","EdgeInfoContent","Wed Mar 04 18:43:44 UTC 2026","passed","Wed Mar 04 18:43:44 UTC 2026","","EdgeInfoContent support for hidden edges","",""
"","61","returns a list of the users current permissions","usePermissions","Wed Mar 04 18:44:36 UTC 2026","passed","Wed Mar 04 18:44:37 UTC 2026","","","",""
"","60","renders the title passed via title prop","ColumnHeaders","Wed Mar 04 18:45:40 UTC 2026","passed","Wed Mar 04 18:45:40 UTC 2026","","SortableHeader","",""
"","470","changes the text from ""Disabled"" to ""Enabled"" when the Rule Status switch is toggled","Rule Form","Wed Mar 04 18:43:42 UTC 2026","passed","Wed Mar 04 18:43:42 UTC 2026","","","",""
"","70","renders citrix config controls","BloodHoundConfiguration","Wed Mar 04 18:48:57 UTC 2026","passed","Wed Mar 04 18:48:57 UTC 2026","","","",""
"","110","returns Tag Object counts when there is a Tag selected but no Rule selected (ruleId is undefined from path params)","useObjectCounts","Wed Mar 04 18:47:19 UTC 2026","passed","Wed Mar 04 18:47:20 UTC 2026","","","",""
"","1469","Clicking header allows user to sort by column","ExploreTable","Wed Mar 04 18:43:23 UTC 2026","passed","Wed Mar 04 18:43:24 UTC 2026","","","",""
"","0","returns name uniqueness message for ""name must be unique""","getErrorMessage","Wed Mar 04 18:44:12 UTC 2026","passed","Wed Mar 04 18:44:12 UTC 2026","","","",""
"","102","buttons are disabled while loading","LoginForm","Wed Mar 04 18:47:08 UTC 2026","passed","Wed Mar 04 18:47:08 UTC 2026","","","",""
"","869","does not show a warning for using labels associated with tags in label forms (also shows correct View in Explore link)","Rule Form","Wed Mar 04 18:43:47 UTC 2026","passed","Wed Mar 04 18:43:47 UTC 2026","","","",""
"Test cases for TestManagementResource_GetAZEntity","121","TestManagementResource_GetAZEntity","","Wed Mar 04 18:42:36 UTC 2026","passed","Wed Mar 04 18:42:36 UTC 2026","","Go Test","github.com/specterops/bloodhound/cmd/api/src/api/v2/TestManagementResource_GetAZEntity","TestManagementResource_GetAZEntity"
"","82","calls getAssetGroupTags for topTagId","DetailsRoot","Wed Mar 04 18:47:47 UTC 2026","passed","Wed Mar 04 18:47:47 UTC 2026","","","",""
"","0","Fetching the data timed out","Getting the text for the disabled item display for a search when there are no results","Wed Mar 04 18:45:47 UTC 2026","passed","Wed Mar 04 18:45:47 UTC 2026","","Error states","",""
"","51","should on clicking remove call clearSelectedItem","EdgeInfoHeader","Wed Mar 04 18:46:27 UTC 2026","passed","Wed Mar 04 18:46:27 UTC 2026","","","",""
"","1","will return a list of values","Formatting list properties","Wed Mar 04 18:44:28 UTC 2026","passed","Wed Mar 04 18:44:28 UTC 2026","","","",""
"Test cases for TestWriteErrorResponse_V2","1","TestWriteErrorResponse_V2","","Wed Mar 04 18:42:23 UTC 2026","passed","Wed Mar 04 18:42:23 UTC 2026","","Go Test","github.com/specterops/bloodhound/cmd/api/src/api/TestWriteErrorResponse_V2","TestWriteErrorResponse_V2"
"","0","fails for password without lowercase letters","testPassword","Wed Mar 04 18:47:44 UTC 2026","passed","Wed Mar 04 18:47:44 UTC 2026","","","",""
"Test cases for TestSIDSuffix_PrependPrefix","0","TestSIDSuffix_PrependPrefix","","Wed Mar 04 18:43:04 UTC 2026","passed","Wed Mar 04 18:43:04 UTC 2026","","Go Test","github.com/specterops/bloodhound/packages/go/analysis/ad/wellknown/TestSIDSuffix_PrependPrefix","TestSIDSuffix_PrependPrefix"
"","30","shows the direct object empty and expanded object list empty, when no results in both","Seed Selection Results","Wed Mar 04 18:44:17 UTC 2026","passed","Wed Mar 04 18:44:17 UTC 2026","","","",""
"","62","navigates to the specified route with global params intact","AppNavigate","Wed Mar 04 18:46:32 UTC 2026","passed","Wed Mar 04 18:46:33 UTC 2026","","","",""
"Test cases for TestInt64IsZero","0","TestInt64IsZero","","Wed Mar 04 18:42:43 UTC 2026","passed","Wed Mar 04 18:42:43 UTC 2026","","Go Test","github.com/specterops/bloodhound/cmd/api/src/database/types/null/TestInt64IsZero","TestInt64IsZero"
"Test cases for TestReadDomainIDandNameAsString","0","TestReadDomainIDandNameAsString","","Wed Mar 04 18:43:04 UTC 2026","passed","Wed Mar 04 18:43:04 UTC 2026","","Go Test","github.com/specterops/bloodhound/packages/go/analysis/ad/internal/nodeprops/TestReadDomainIDandNameAsString","TestReadDomainIDandNameAsString"
"Test cases for TestResources_DeleteSavedQuery_PublicQueryAndUserIsAdmin","0","TestResources_DeleteSavedQuery_PublicQueryAndUserIsAdmin","","Wed Mar 04 18:42:36 UTC 2026","passed","Wed Mar 04 18:42:36 UTC 2026","","Go Test","github.com/specterops/bloodhound/cmd/api/src/api/v2/TestResources_DeleteSavedQuery_PublicQueryAndUserIsAdmin","TestResources_DeleteSavedQuery_PublicQueryAndUserIsAdmin"
"","104","requests finished jobs","useFinishedJobs","Wed Mar 04 18:45:15 UTC 2026","passed","Wed Mar 04 18:45:15 UTC 2026","","","",""
"","117","should display api key management button","Api Keys","Wed Mar 04 18:44:40 UTC 2026","passed","Wed Mar 04 18:44:40 UTC 2026","","","",""
"Test cases for TestFeatureFlag_HA","301","TestFeatureFlag_HA","","Wed Mar 04 18:42:40 UTC 2026","passed","Wed Mar 04 18:42:40 UTC 2026","","Go Test","github.com/specterops/bloodhound/cmd/api/src/daemons/changelog/TestFeatureFlag_HA","TestFeatureFlag_HA"
"Test cases for TestBoolIsZero","0","TestBoolIsZero","","Wed Mar 04 18:42:43 UTC 2026","passed","Wed Mar 04 18:42:43 UTC 2026","","Go Test","github.com/specterops/bloodhound/cmd/api/src/database/types/null/TestBoolIsZero","TestBoolIsZero"
"","1135","renders asset group edit options with graph write permissions","ContextMenu","Wed Mar 04 18:44:16 UTC 2026","passed","Wed Mar 04 18:44:17 UTC 2026","","","",""
"Test cases for TestResources_DeleteSavedQuery_IsPublicSavedQueryDBError","0","TestResources_DeleteSavedQuery_IsPublicSavedQueryDBError","","Wed Mar 04 18:42:36 UTC 2026","passed","Wed Mar 04 18:42:36 UTC 2026","","Go Test","github.com/specterops/bloodhound/cmd/api/src/api/v2/TestResources_DeleteSavedQuery_IsPublicSavedQueryDBError","TestResources_DeleteSavedQuery_IsPublicSavedQueryDBError"
"","233","dispatches an action to the delete the associated node","Rule Object Select","Wed Mar 04 18:46:31 UTC 2026","passed","Wed Mar 04 18:46:31 UTC 2026","","","",""
"","324","should display correctly","DeleteConfirmationDialog","Wed Mar 04 18:47:15 UTC 2026","passed","Wed Mar 04 18:47:16 UTC 2026","","","",""
"","608","should sort by type","SSOProviderTable","Wed Mar 04 18:46:22 UTC 2026","passed","Wed Mar 04 18:46:22 UTC 2026","","","",""
"Test cases for TestConvertContainerToNode_InheritanceHashes","0","TestConvertContainerToNode_InheritanceHashes","","Wed Mar 04 18:43:06 UTC 2026","passed","Wed Mar 04 18:43:06 UTC 2026","","Go Test","github.com/specterops/bloodhound/packages/go/ein/TestConvertContainerToNode_InheritanceHashes","TestConvertContainerToNode_InheritanceHashes"
"","60","enables filtering out for tags that are treated as Labels (including Owned)","the useAssetGroupTags utilities","Wed Mar 04 18:44:18 UTC 2026","passed","Wed Mar 04 18:44:18 UTC 2026","","","",""
"","0","The node radius is adjusted to take into account the current camera zoom ratio","getNodeRadius","Wed Mar 04 18:48:45 UTC 2026","passed","Wed Mar 04 18:48:45 UTC 2026","","","",""
"","191","has the correct value for the links in the breadcrumbs","Create Update pages","Wed Mar 04 18:46:58 UTC 2026","passed","Wed Mar 04 18:46:59 UTC 2026","","","",""
"","11","Input contains an invalid type","Parsing the debounced input for type and keyword values","Wed Mar 04 18:45:47 UTC 2026","passed","Wed Mar 04 18:45:47 UTC 2026","","","",""
"Test cases for TestErrorReadDomainSIDandNameAsString","1","TestErrorReadDomainSIDandNameAsString","","Wed Mar 04 18:43:04 UTC 2026","passed","Wed Mar 04 18:43:04 UTC 2026","","Go Test","github.com/specterops/bloodhound/packages/go/analysis/ad/internal/nodeprops/TestErrorReadDomainSIDandNameAsString","TestErrorReadDomainSIDandNameAsString"
"","258","renders a graph if the query has any node edges","GraphView","Wed Mar 04 18:48:33 UTC 2026","passed","Wed Mar 04 18:48:34 UTC 2026","","","",""
"Test cases for TestResources_ListExtensions","82","TestResources_ListExtensions","","Wed Mar 04 18:42:36 UTC 2026","passed","Wed Mar 04 18:42:36 UTC 2026","","Go Test","github.com/specterops/bloodhound/cmd/api/src/api/v2/TestResources_ListExtensions","TestResources_ListExtensions"
"","77","copys children value to clipboard after clicking the copy btn","CodeController","Wed Mar 04 18:47:30 UTC 2026","passed","Wed Mar 04 18:47:30 UTC 2026","","","",""
"","376","should render","LoginViaSSOForm","Wed Mar 04 18:46:13 UTC 2026","passed","Wed Mar 04 18:46:13 UTC 2026","","","",""
"","90","calls handleFilterChange with all filter types and empty strings when clicked while filters are active","AssetGroupEdit","Wed Mar 04 18:44:33 UTC 2026","passed","Wed Mar 04 18:44:33 UTC 2026","","Clear Filters button","",""
"","43","initializes with the given state","useObjectState","Wed Mar 04 18:47:02 UTC 2026","passed","Wed Mar 04 18:47:02 UTC 2026","","","",""
"Test cases for TestResources_UpdateAssetGroupTagSelector","4","TestResources_UpdateAssetGroupTagSelector","","Wed Mar 04 18:42:36 UTC 2026","passed","Wed Mar 04 18:42:36 UTC 2026","","Go Test","github.com/specterops/bloodhound/cmd/api/src/api/v2/TestResources_UpdateAssetGroupTagSelector","TestResources_UpdateAssetGroupTagSelector"
"","454","should render an SavedQueryPermissions component","SavedQueryPermissions","Wed Mar 04 18:46:07 UTC 2026","passed","Wed Mar 04 18:46:08 UTC 2026","","","",""
"","106","calls onConfirm when confirm button clicked","EarlyAccessFeaturesWarningDialog","Wed Mar 04 18:48:55 UTC 2026","passed","Wed Mar 04 18:48:55 UTC 2026","","","",""
"Test cases for TestWriteResultRawJson","0","TestWriteResultRawJson","","Wed Mar 04 18:43:00 UTC 2026","passed","Wed Mar 04 18:43:00 UTC 2026","","Go Test","github.com/specterops/bloodhound/cmd/api/src/utils/TestWriteResultRawJson","TestWriteResultRawJson"
"","9","shows hint by default","ManagedDatePicker - placeholders","Wed Mar 04 18:45:33 UTC 2026","passed","Wed Mar 04 18:45:33 UTC 2026","","","",""
"Test cases for TestError","0","TestError","","Wed Mar 04 18:42:23 UTC 2026","passed","Wed Mar 04 18:42:23 UTC 2026","","Go Test","github.com/specterops/bloodhound/cmd/api/src/api/TestError","TestError"
"Test cases for TestGetPageParamsForGraphQuery","0","TestGetPageParamsForGraphQuery","","Wed Mar 04 18:43:00 UTC 2026","passed","Wed Mar 04 18:43:00 UTC 2026","","Go Test","github.com/specterops/bloodhound/cmd/api/src/utils/TestGetPageParamsForGraphQuery","TestGetPageParamsForGraphQuery"
"Test cases for TestNodeNamePrefix_AppendSuffix","0","TestNodeNamePrefix_AppendSuffix","","Wed Mar 04 18:43:04 UTC 2026","passed","Wed Mar 04 18:43:04 UTC 2026","","Go Test","github.com/specterops/bloodhound/packages/go/analysis/ad/wellknown/TestNodeNamePrefix_AppendSuffix","TestNodeNamePrefix_AppendSuffix"
"Test cases for TestSelectGPOContainerCandidateFilter","2","TestSelectGPOContainerCandidateFilter","","Wed Mar 04 18:43:04 UTC 2026","passed","Wed Mar 04 18:43:04 UTC 2026","","Go Test","github.com/specterops/bloodhound/packages/go/analysis/ad/TestSelectGPOContainerCandidateFilter","TestSelectGPOContainerCandidateFilter"
"","174","renders with the Export and Delete buttons disabled","QuerySearchFilter","Wed Mar 04 18:45:56 UTC 2026","passed","Wed Mar 04 18:45:56 UTC 2026","","","",""
"Test cases for TestResources_UpdateCustomNodeKindsTest","125","TestResources_UpdateCustomNodeKindsTest","","Wed Mar 04 18:42:36 UTC 2026","passed","Wed Mar 04 18:42:36 UTC 2026","","Go Test","github.com/specterops/bloodhound/cmd/api/src/api/v2/TestResources_UpdateCustomNodeKindsTest","TestResources_UpdateCustomNodeKindsTest"
"","69","disables items via itemDisabled and hides the chevron icon visually","<DetailsAccordion />","Wed Mar 04 18:44:21 UTC 2026","passed","Wed Mar 04 18:44:21 UTC 2026","","","",""
"","0","returns false if arrays have different elements","areArraysSimilar","Wed Mar 04 18:47:25 UTC 2026","passed","Wed Mar 04 18:47:25 UTC 2026","","","",""
"","0","reports an API error when Cypher is not run first","handleError","Wed Mar 04 18:44:12 UTC 2026","passed","Wed Mar 04 18:44:12 UTC 2026","","","",""
"","7","sets autoDisplayTable to false if query type is pathfinding","useExploreTableAutoDisplay","Wed Mar 04 18:46:44 UTC 2026","passed","Wed Mar 04 18:46:44 UTC 2026","","","",""
"","329","renders icons as expected","DropdownSelector","Wed Mar 04 18:46:36 UTC 2026","passed","Wed Mar 04 18:46:37 UTC 2026","","","",""
"","243","should not display generate/revoke api tokens button","Api Keys","Wed Mar 04 18:46:24 UTC 2026","passed","Wed Mar 04 18:46:24 UTC 2026","","","",""
"","232","renders the form for editing an existing zone","Tag Form","Wed Mar 04 18:43:27 UTC 2026","passed","Wed Mar 04 18:43:27 UTC 2026","","","",""
"","12","displays a status label","StatusIndicator","Wed Mar 04 18:47:37 UTC 2026","passed","Wed Mar 04 18:47:37 UTC 2026","","","",""
"Test cases for TestArgon2_Digest","1","TestArgon2_Digest","","Wed Mar 04 18:43:06 UTC 2026","passed","Wed Mar 04 18:43:06 UTC 2026","","Go Test","github.com/specterops/bloodhound/packages/go/crypto/TestArgon2_Digest","TestArgon2_Digest"
"","7","should not render when data is present","NoDataDialog","Wed Mar 04 18:47:41 UTC 2026","passed","Wed Mar 04 18:47:41 UTC 2026","","","",""
"","208","sums nested section node counts","EntityInfoDataTableGraphed","Wed Mar 04 18:44:41 UTC 2026","passed","Wed Mar 04 18:44:41 UTC 2026","","Node count for nested table that counts all sections","",""
"Test cases for TestResources_UpdateSavedQuery_AdminPublicQuery_Success","0","TestResources_UpdateSavedQuery_AdminPublicQuery_Success","","Wed Mar 04 18:42:36 UTC 2026","passed","Wed Mar 04 18:42:36 UTC 2026","","Go Test","github.com/specterops/bloodhound/cmd/api/src/api/v2/TestResources_UpdateSavedQuery_AdminPublicQuery_Success","TestResources_UpdateSavedQuery_AdminPublicQuery_Success"
"Test cases for TestResources_ListAssetGroupCollections","0","TestResources_ListAssetGroupCollections","","Wed Mar 04 18:42:36 UTC 2026","passed","Wed Mar 04 18:42:36 UTC 2026","","Go Test","github.com/specterops/bloodhound/cmd/api/src/api/v2/TestResources_ListAssetGroupCollections","TestResources_ListAssetGroupCollections"
"","52","calls openSAMLProviderDialog when create provider button is clicked","CreateMenu","Wed Mar 04 18:44:32 UTC 2026","passed","Wed Mar 04 18:44:33 UTC 2026","","oidc_support feature flag disabled","",""
"","1","returns a function that takes a key found in updatedParams and updates the searchParams with that matching value from updatedParams","searchParams","Wed Mar 04 18:46:16 UTC 2026","passed","Wed Mar 04 18:46:16 UTC 2026","","setSingleParamFactory","",""
"","5","shows ""no permission"" notification if lacking permission","useFinishedJobs","Wed Mar 04 18:45:15 UTC 2026","passed","Wed Mar 04 18:45:15 UTC 2026","","","",""
"Test cases for TestResources_UpdateSavedQuery_Admin_NonPublicQuery","0","TestResources_UpdateSavedQuery_Admin_NonPublicQuery","","Wed Mar 04 18:42:36 UTC 2026","passed","Wed Mar 04 18:42:36 UTC 2026","","Go Test","github.com/specterops/bloodhound/cmd/api/src/api/v2/TestResources_UpdateSavedQuery_Admin_NonPublicQuery","TestResources_UpdateSavedQuery_Admin_NonPublicQuery"
"","61","when there is no ID in the URL the highest position tag ID is returned","usePZQueryParams","Wed Mar 04 18:46:00 UTC 2026","passed","Wed Mar 04 18:46:00 UTC 2026","","","",""
"Test cases for TestDomainSelectors_GetFilterCriteria_InvalidFilterColumn","1","TestDomainSelectors_GetFilterCriteria_InvalidFilterColumn","","Wed Mar 04 18:42:45 UTC 2026","passed","Wed Mar 04 18:42:45 UTC 2026","","Go Test","github.com/specterops/bloodhound/cmd/api/src/model/TestDomainSelectors_GetFilterCriteria_InvalidFilterColumn","TestDomainSelectors_GetFilterCriteria_InvalidFilterColumn"
"Test cases for TestEncodingInterface","0","TestEncodingInterface","","Wed Mar 04 18:43:05 UTC 2026","passed","Wed Mar 04 18:43:05 UTC 2026","","Go Test","github.com/specterops/bloodhound/packages/go/bomenc/TestEncodingInterface","TestEncodingInterface"
"","54","renders highlight for the active tag","SelectedHighlight","Wed Mar 04 18:46:53 UTC 2026","passed","Wed Mar 04 18:46:53 UTC 2026","","","",""
"Test cases for TestRoleAssignments_UsersWithoutRoles","0","TestRoleAssignments_UsersWithoutRoles","","Wed Mar 04 18:43:05 UTC 2026","passed","Wed Mar 04 18:43:05 UTC 2026","","Go Test","github.com/specterops/bloodhound/packages/go/analysis/azure/TestRoleAssignments_UsersWithoutRoles","TestRoleAssignments_UsersWithoutRoles"
"","60","displays an error message while fetching fails","ActiveExtensionsCard","Wed Mar 04 18:43:44 UTC 2026","passed","Wed Mar 04 18:43:44 UTC 2026","","","",""
"Test cases for TestJSONFloat_UnmarshalJSON_NaN","0","TestJSONFloat_UnmarshalJSON_NaN","","Wed Mar 04 18:42:43 UTC 2026","passed","Wed Mar 04 18:42:43 UTC 2026","","Go Test","github.com/specterops/bloodhound/cmd/api/src/database/types/nan/TestJSONFloat_UnmarshalJSON_NaN","TestJSONFloat_UnmarshalJSON_NaN"
"","933","opens a submenu when user hovers over `Copy`","ContextMenu","Wed Mar 04 18:48:23 UTC 2026","passed","Wed Mar 04 18:48:24 UTC 2026","","","",""
"Test cases for TestResources_ListADComputerPSRemoteUsers","2","TestResources_ListADComputerPSRemoteUsers","","Wed Mar 04 18:42:36 UTC 2026","passed","Wed Mar 04 18:42:36 UTC 2026","","Go Test","github.com/specterops/bloodhound/cmd/api/src/api/v2/TestResources_ListADComputerPSRemoteUsers","TestResources_ListADComputerPSRemoteUsers"
"","36","renders GraphButton with correct text","GraphControls","Wed Mar 04 18:44:09 UTC 2026","passed","Wed Mar 04 18:44:09 UTC 2026","","Searching current results","",""
"","0","returns false if value is 'array'","searchParams","Wed Mar 04 18:46:16 UTC 2026","passed","Wed Mar 04 18:46:16 UTC 2026","","isEmptyParam","",""
"","0","should compute the length of a line segment","bezier","Wed Mar 04 18:48:36 UTC 2026","passed","Wed Mar 04 18:48:36 UTC 2026","","","",""
"","296","disables GraphButton when isCurrentSearchOpen is true","GraphControls","Wed Mar 04 18:44:09 UTC 2026","passed","Wed Mar 04 18:44:09 UTC 2026","","Searching current results","",""
"","216","should handle click events on apply and cancel","ConfirmUpdateQueryDialog","Wed Mar 04 18:47:23 UTC 2026","passed","Wed Mar 04 18:47:23 UTC 2026","","","",""
"","2001","should clear out the SSO Provider id from submission data when the authentication method is changed","CreateUserDialog","Wed Mar 04 18:44:00 UTC 2026","passed","Wed Mar 04 18:44:02 UTC 2026","","","",""
"","0","should ignore case when filtering","OperationsFilterPlugin","Wed Mar 04 18:47:49 UTC 2026","passed","Wed Mar 04 18:47:49 UTC 2026","","","",""
"","131","should display the logged in user's full name","UserProfile","Wed Mar 04 18:44:39 UTC 2026","passed","Wed Mar 04 18:44:39 UTC 2026","","","",""
"Test cases for TestFilterStructSlice","0","TestFilterStructSlice","","Wed Mar 04 18:42:22 UTC 2026","passed","Wed Mar 04 18:42:22 UTC 2026","","Go Test","github.com/specterops/bloodhound/cmd/api/src/api/TestFilterStructSlice","TestFilterStructSlice"
"Test cases for TestManagementResource_DeleteUser_UserNotFound","0","TestManagementResource_DeleteUser_UserNotFound","","Wed Mar 04 18:42:52 UTC 2026","passed","Wed Mar 04 18:42:52 UTC 2026","","Go Test","github.com/specterops/bloodhound/cmd/api/src/api/v2/auth/TestManagementResource_DeleteUser_UserNotFound","TestManagementResource_DeleteUser_UserNotFound"
"","466","triggers a file download when a download button is clicked","DownloadCollectors","Wed Mar 04 18:48:14 UTC 2026","passed","Wed Mar 04 18:48:14 UTC 2026","","","",""
"Test cases for TestManagementResource_DeleteSAMLProvider","0","TestManagementResource_DeleteSAMLProvider","","Wed Mar 04 18:42:41 UTC 2026","passed","Wed Mar 04 18:42:41 UTC 2026","","Go Test","github.com/specterops/bloodhound/cmd/api/src/api/v2/auth/TestManagementResource_DeleteSAMLProvider","TestManagementResource_DeleteSAMLProvider"
"","14","displays CaretDown icon when the sortOrder is desc","ColumnHeaders","Wed Mar 04 18:45:40 UTC 2026","passed","Wed Mar 04 18:45:40 UTC 2026","","SortableHeader","",""
"Test cases for TestResources_GetDomainEntityInfo","0","TestResources_GetDomainEntityInfo","","Wed Mar 04 18:42:36 UTC 2026","passed","Wed Mar 04 18:42:36 UTC 2026","","Go Test","github.com/specterops/bloodhound/cmd/api/src/api/v2/TestResources_GetDomainEntityInfo","TestResources_GetDomainEntityInfo"
"","170","calls handleInitialEnvironment with the highest impactValue as the initial environment","useInitialEnvironment","Wed Mar 04 18:46:36 UTC 2026","passed","Wed Mar 04 18:46:36 UTC 2026","","","",""
"","925","should hide Environmental Targeted Access Control panel when showEnvironmentAccessControls prop is true and power user role is selected","CreateUserForm","Wed Mar 04 18:44:02 UTC 2026","passed","Wed Mar 04 18:44:03 UTC 2026","","","",""
"Test cases for TestSignRequestValuesSuccess","2","TestSignRequestValuesSuccess","","Wed Mar 04 18:42:22 UTC 2026","passed","Wed Mar 04 18:42:22 UTC 2026","","Go Test","github.com/specterops/bloodhound/cmd/api/src/api/TestSignRequestValuesSuccess","TestSignRequestValuesSuccess"
"Test cases for TestConvertAzureRoleEligibilityScheduleInstanceToRel","0","TestConvertAzureRoleEligibilityScheduleInstanceToRel","","Wed Mar 04 18:43:06 UTC 2026","passed","Wed Mar 04 18:43:06 UTC 2026","","Go Test","github.com/specterops/bloodhound/packages/go/ein/TestConvertAzureRoleEligibilityScheduleInstanceToRel","TestConvertAzureRoleEligibilityScheduleInstanceToRel"
"Test cases for TestResources_ListADEntityPSRemoteRights","0","TestResources_ListADEntityPSRemoteRights","","Wed Mar 04 18:42:36 UTC 2026","passed","Wed Mar 04 18:42:36 UTC 2026","","Go Test","github.com/specterops/bloodhound/cmd/api/src/api/v2/TestResources_ListADEntityPSRemoteRights","TestResources_ListADEntityPSRemoteRights"
"","166","renders details for a selected zone","DynamicDetails","Wed Mar 04 18:44:48 UTC 2026","passed","Wed Mar 04 18:44:48 UTC 2026","","","",""
"","193","handles removing from a non-tier-zero asset group","AssetGroupMenuItem","Wed Mar 04 18:48:14 UTC 2026","passed","Wed Mar 04 18:48:14 UTC 2026","","removing from an asset group","",""
"","214","displays a polite message when there are no user updatable features available","EarlyAccessFeatures","Wed Mar 04 18:48:34 UTC 2026","passed","Wed Mar 04 18:48:34 UTC 2026","","","",""
"Test cases for TestResources_ListADDomainForeignGPOControllers","0","TestResources_ListADDomainForeignGPOControllers","","Wed Mar 04 18:42:36 UTC 2026","passed","Wed Mar 04 18:42:36 UTC 2026","","Go Test","github.com/specterops/bloodhound/cmd/api/src/api/v2/TestResources_ListADDomainForeignGPOControllers","TestResources_ListADDomainForeignGPOControllers"
"Test cases for TestResources_ListAssetGroups","0","TestResources_ListAssetGroups","","Wed Mar 04 18:42:36 UTC 2026","passed","Wed Mar 04 18:42:36 UTC 2026","","Go Test","github.com/specterops/bloodhound/cmd/api/src/api/v2/TestResources_ListAssetGroups","TestResources_ListAssetGroups"
"Test cases for Test_ParseGraphSortParameters_InvalidSortColumn","0","Test_ParseGraphSortParameters_InvalidSortColumn","","Wed Mar 04 18:42:23 UTC 2026","passed","Wed Mar 04 18:42:23 UTC 2026","","Go Test","github.com/specterops/bloodhound/cmd/api/src/api/Test_ParseGraphSortParameters_InvalidSortColumn","Test_ParseGraphSortParameters_InvalidSortColumn"
"","1691","should clear out the sso provider id from submission data when the authentication method is changed","UpdateUserDialog","Wed Mar 04 18:44:03 UTC 2026","passed","Wed Mar 04 18:44:05 UTC 2026","","","",""
"Test cases for TestManagementResource_ServeSigningCertificate","17","TestManagementResource_ServeSigningCertificate","","Wed Mar 04 18:43:08 UTC 2026","passed","Wed Mar 04 18:43:08 UTC 2026","","Go Test","github.com/specterops/bloodhound/cmd/api/src/api/v2/auth/TestManagementResource_ServeSigningCertificate","TestManagementResource_ServeSigningCertificate"
"Test cases for TestResources_ExportSavedQuery","20","TestResources_ExportSavedQuery","","Wed Mar 04 18:42:36 UTC 2026","passed","Wed Mar 04 18:42:36 UTC 2026","","Go Test","github.com/specterops/bloodhound/cmd/api/src/api/v2/TestResources_ExportSavedQuery","TestResources_ExportSavedQuery"
"Test cases for TestManagementResource_SAMLCallbackRedirect","19","TestManagementResource_SAMLCallbackRedirect","","Wed Mar 04 18:43:08 UTC 2026","passed","Wed Mar 04 18:43:08 UTC 2026","","Go Test","github.com/specterops/bloodhound/cmd/api/src/api/v2/auth/TestManagementResource_SAMLCallbackRedirect","TestManagementResource_SAMLCallbackRedirect"
"","132","renders the Zone/Labels Tab content when first tab is chosen","Selected Details Tab Content","Wed Mar 04 18:46:56 UTC 2026","passed","Wed Mar 04 18:46:57 UTC 2026","","","",""
"","20","calculates the running time of a job and converts to a human readable format","getSimpleDuration","Wed Mar 04 18:47:03 UTC 2026","passed","Wed Mar 04 18:47:03 UTC 2026","","","",""
"Test cases for TestFloatInfNaN","0","TestFloatInfNaN","","Wed Mar 04 18:42:43 UTC 2026","passed","Wed Mar 04 18:42:43 UTC 2026","","Go Test","github.com/specterops/bloodhound/cmd/api/src/database/types/null/TestFloatInfNaN","TestFloatInfNaN"
"Test cases for TestTimeScanValue","0","TestTimeScanValue","","Wed Mar 04 18:42:43 UTC 2026","passed","Wed Mar 04 18:42:43 UTC 2026","","Go Test","github.com/specterops/bloodhound/cmd/api/src/database/types/null/TestTimeScanValue","TestTimeScanValue"
"Test cases for TestParseIntQueryParameter","92","TestParseIntQueryParameter","","Wed Mar 04 18:42:36 UTC 2026","passed","Wed Mar 04 18:42:36 UTC 2026","","Go Test","github.com/specterops/bloodhound/cmd/api/src/api/v2/TestParseIntQueryParameter","TestParseIntQueryParameter"
"","8","should render when search string is not found in the text","HighlightedText","Wed Mar 04 18:47:02 UTC 2026","passed","Wed Mar 04 18:47:02 UTC 2026","","","",""
"","131","should call onLoginViaSAML when login via sso button clicked","LoginForm","Wed Mar 04 18:47:07 UTC 2026","passed","Wed Mar 04 18:47:08 UTC 2026","","","",""
"","2","should return true when tag matches term","OperationsFilterPlugin","Wed Mar 04 18:47:49 UTC 2026","passed","Wed Mar 04 18:47:49 UTC 2026","","","",""
"Test cases for TestNewNodeNamePrefix","0","TestNewNodeNamePrefix","","Wed Mar 04 18:43:04 UTC 2026","passed","Wed Mar 04 18:43:04 UTC 2026","","Go Test","github.com/specterops/bloodhound/packages/go/analysis/ad/wellknown/TestNewNodeNamePrefix","TestNewNodeNamePrefix"
"","9","disables the upload button and does not populate a table if the user lacks the permission","File Upload","Wed Mar 04 18:45:19 UTC 2026","passed","Wed Mar 04 18:45:19 UTC 2026","","","",""
"","42","Error handling for fetching edge information","EdgeObjectInformation","Wed Mar 04 18:45:56 UTC 2026","passed","Wed Mar 04 18:45:56 UTC 2026","","","",""
"","245","should call onClose when the Close button is clicked","UpsertSAMLProviderForm","Wed Mar 04 18:46:35 UTC 2026","passed","Wed Mar 04 18:46:36 UTC 2026","","","",""
"","34","displays lastlogon cell as UNKNOWN when the value is 0","ExploreTableDataCell","Wed Mar 04 18:47:05 UTC 2026","passed","Wed Mar 04 18:47:05 UTC 2026","","","",""
"Test cases for TestResources_EndIngestJob","95","TestResources_EndIngestJob","","Wed Mar 04 18:42:36 UTC 2026","passed","Wed Mar 04 18:42:36 UTC 2026","","Go Test","github.com/specterops/bloodhound/cmd/api/src/api/v2/TestResources_EndIngestJob","TestResources_EndIngestJob"
"","71","returns an object with values for assetGroupTagId, params, and setPZQueryParams","usePZQueryParams","Wed Mar 04 18:46:00 UTC 2026","passed","Wed Mar 04 18:46:00 UTC 2026","","","",""
"Test cases for TestParseGroupMiscData","2","TestParseGroupMiscData","","Wed Mar 04 18:43:06 UTC 2026","passed","Wed Mar 04 18:43:06 UTC 2026","","Go Test","github.com/specterops/bloodhound/packages/go/ein/TestParseGroupMiscData","TestParseGroupMiscData"
"Test cases for TestQueries_GetEntityObjectIDFromRequestPath","0","TestQueries_GetEntityObjectIDFromRequestPath","","Wed Mar 04 18:42:46 UTC 2026","passed","Wed Mar 04 18:42:46 UTC 2026","","Go Test","github.com/specterops/bloodhound/cmd/api/src/queries/TestQueries_GetEntityObjectIDFromRequestPath","TestQueries_GetEntityObjectIDFromRequestPath"
"","0","returns true if both arrays are empty","areArraysSimilar","Wed Mar 04 18:47:25 UTC 2026","passed","Wed Mar 04 18:47:25 UTC 2026","","","",""
"Test cases for TestDummyHA","1","TestDummyHA","","Wed Mar 04 18:42:40 UTC 2026","passed","Wed Mar 04 18:42:40 UTC 2026","","Go Test","github.com/specterops/bloodhound/cmd/api/src/daemons/changelog/TestDummyHA","TestDummyHA"
"","14","should be aligned to right of screen","GenericErrorBoundaryFallback","Wed Mar 04 18:47:49 UTC 2026","passed","Wed Mar 04 18:47:49 UTC 2026","","","",""
"","283","eventually displays a list of early access features when warning dialog is accepted","EarlyAccessFeatures","Wed Mar 04 18:48:34 UTC 2026","passed","Wed Mar 04 18:48:34 UTC 2026","","","",""
"","790","should hide Environmental Targeted Access Control panel when showEnvironmentAccessControls prop is true and admin role is selected","UpdateUserForm","Wed Mar 04 18:43:37 UTC 2026","passed","Wed Mar 04 18:43:37 UTC 2026","","","",""
"","269","renders a snackbar notification in the dom and tests autoHideDuration","AppNotifications","Wed Mar 04 18:46:31 UTC 2026","passed","Wed Mar 04 18:46:31 UTC 2026","","","",""
"","20","dedupes edges before adding them to the graph","Explore utils","Wed Mar 04 18:48:25 UTC 2026","passed","Wed Mar 04 18:48:25 UTC 2026","","initGraph","",""
"","339","should render the pathfinding search controls when searchType is pathfinding","ExploreSearch rendering per tab","Wed Mar 04 18:48:13 UTC 2026","passed","Wed Mar 04 18:48:13 UTC 2026","","","",""
"","10","adds expected text alignment class depending on the textAlign prop","ColumnHeaders","Wed Mar 04 18:45:40 UTC 2026","passed","Wed Mar 04 18:45:40 UTC 2026","","BaseColumnHeader","",""
"","336","Displays a modal after clicking Analyze Now button and run analysis after clicking confirm","AnalyzeNowConfiguration","Wed Mar 04 18:44:50 UTC 2026","passed","Wed Mar 04 18:44:50 UTC 2026","","","",""
"","612","should allow user to configure 2fa","Enable2FADialog","Wed Mar 04 18:45:43 UTC 2026","passed","Wed Mar 04 18:45:44 UTC 2026","","","",""
"Copyright 2021 The Go Authors. All rights reserved.TestConcat was ripped from go1.22 source and should be replaced with the stdlib implementation when we move to 1.22Original source: https:","0","TestConcat_too_large","","Wed Mar 04 18:43:18 UTC 2026","passed","Wed Mar 04 18:43:18 UTC 2026","","Go Test","github.com/specterops/bloodhound/packages/go/slicesext/TestConcat_too_large","TestConcat_too_large"
"Test cases for TestIntValueOrZero","0","TestIntValueOrZero","","Wed Mar 04 18:42:43 UTC 2026","passed","Wed Mar 04 18:42:43 UTC 2026","","Go Test","github.com/specterops/bloodhound/cmd/api/src/database/types/null/TestIntValueOrZero","TestIntValueOrZero"
"","318","should display a ""Change Password"" modal","UserProfile","Wed Mar 04 18:44:39 UTC 2026","passed","Wed Mar 04 18:44:40 UTC 2026","","""Reset Password"" button is clicked","",""
"","511","does not display must be new password error messages when current password is not required","PasswordDialog","Wed Mar 04 18:43:54 UTC 2026","passed","Wed Mar 04 18:43:54 UTC 2026","","","",""
"Test cases for TestDefineSID","0","TestDefineSID","","Wed Mar 04 18:43:04 UTC 2026","passed","Wed Mar 04 18:43:04 UTC 2026","","Go Test","github.com/specterops/bloodhound/packages/go/analysis/ad/wellknown/TestDefineSID","TestDefineSID"
"","29","does not call onSort when disable=true","ColumnHeaders","Wed Mar 04 18:45:40 UTC 2026","passed","Wed Mar 04 18:45:40 UTC 2026","","SortableHeader","",""
"Test cases for TestResources_DeleteSavedQuery_RecordNotFound_EdgeCase","0","TestResources_DeleteSavedQuery_RecordNotFound_EdgeCase","","Wed Mar 04 18:42:36 UTC 2026","passed","Wed Mar 04 18:42:36 UTC 2026","","Go Test","github.com/specterops/bloodhound/cmd/api/src/api/v2/TestResources_DeleteSavedQuery_RecordNotFound_EdgeCase","TestResources_DeleteSavedQuery_RecordNotFound_EdgeCase"
"","62","populates the node search field when the 'primarySearch' query param is set","useNodeSearch","Wed Mar 04 18:46:51 UTC 2026","passed","Wed Mar 04 18:46:51 UTC 2026","","","",""
"","0","runs a pathfinding search when the query param is set to ""pathfinding""","useExploreGraph","Wed Mar 04 18:45:11 UTC 2026","passed","Wed Mar 04 18:45:11 UTC 2026","","exploreGraphQueryFactory","",""
"Test cases for TestEndNodes","0","TestEndNodes","","Wed Mar 04 18:43:05 UTC 2026","passed","Wed Mar 04 18:43:05 UTC 2026","","Go Test","github.com/specterops/bloodhound/packages/go/analysis/azure/TestEndNodes","TestEndNodes"
"","421","clears the applied filter","FileIngestFilterDialog","Wed Mar 04 18:44:13 UTC 2026","passed","Wed Mar 04 18:44:14 UTC 2026","","User Select","",""
"","99","initializes the list with all filters checked by default","usePathfindingFilters","Wed Mar 04 18:47:12 UTC 2026","passed","Wed Mar 04 18:47:12 UTC 2026","","","",""
"","188","should not call onSubmit when input is invalid and Submit button is clicked","UpsertSAMLProviderForm","Wed Mar 04 18:46:36 UTC 2026","passed","Wed Mar 04 18:46:36 UTC 2026","","","",""
"Test cases for TestManagementResource_UpdateUser_IDMalformed","818","TestManagementResource_UpdateUser_IDMalformed","","Wed Mar 04 18:42:46 UTC 2026","passed","Wed Mar 04 18:42:47 UTC 2026","","Go Test","github.com/specterops/bloodhound/cmd/api/src/api/v2/auth/TestManagementResource_UpdateUser_IDMalformed","TestManagementResource_UpdateUser_IDMalformed"
"","1","should return the edge parts from the key","getEdgeDataFromKey","Wed Mar 04 18:48:51 UTC 2026","passed","Wed Mar 04 18:48:51 UTC 2026","","","",""
"","734","displays must be new password error messages when current password is the same as new password","PasswordDialog","Wed Mar 04 18:43:53 UTC 2026","passed","Wed Mar 04 18:43:54 UTC 2026","","","",""
"","126","a timeout response from the server is handled","ExploreSearchCombobox with search timeout","Wed Mar 04 18:44:37 UTC 2026","passed","Wed Mar 04 18:44:38 UTC 2026","","","",""
"","895","should call onSave when save button is clicked","SaveQueryDialog","Wed Mar 04 18:43:28 UTC 2026","passed","Wed Mar 04 18:43:29 UTC 2026","","","",""
"","762","Explore URL Accounts for irregular characters in cypher query","Rule Form","Wed Mar 04 18:43:47 UTC 2026","passed","Wed Mar 04 18:43:48 UTC 2026","","","",""
"","0","returns null if paramValue is null","useEnvironmentParams","Wed Mar 04 18:47:43 UTC 2026","passed","Wed Mar 04 18:47:43 UTC 2026","","parseEnvironmentAggregation","",""
"Test cases for TestAddWhereClauseToNeo4jQuery_NoWhereClause","0","TestAddWhereClauseToNeo4jQuery_NoWhereClause","","Wed Mar 04 18:42:36 UTC 2026","passed","Wed Mar 04 18:42:36 UTC 2026","","Go Test","github.com/specterops/bloodhound/cmd/api/src/api/v2/TestAddWhereClauseToNeo4jQuery_NoWhereClause","TestAddWhereClauseToNeo4jQuery_NoWhereClause"
"Test cases for TestResources_GetAssetGroupMemberCount_Success","0","TestResources_GetAssetGroupMemberCount_Success","","Wed Mar 04 18:42:36 UTC 2026","passed","Wed Mar 04 18:42:36 UTC 2026","","Go Test","github.com/specterops/bloodhound/cmd/api/src/api/v2/TestResources_GetAssetGroupMemberCount_Success","TestResources_GetAssetGroupMemberCount_Success"
"","558","should call onSubmit with initiation_url of selected SSO provider","LoginViaSSOForm","Wed Mar 04 18:46:14 UTC 2026","passed","Wed Mar 04 18:46:14 UTC 2026","","","",""
"","1719","should add an option and display the changelog when it is clicked","AssetGroupEdit","Wed Mar 04 18:46:09 UTC 2026","passed","Wed Mar 04 18:46:11 UTC 2026","","","",""
"","176","renders a preview version","PrivilegeZonesCypherEditor Search component for Zone Management","Wed Mar 04 18:46:41 UTC 2026","passed","Wed Mar 04 18:46:41 UTC 2026","","","",""
"","19","the ID value reflects the URL when it is available","usePZQueryParams","Wed Mar 04 18:46:00 UTC 2026","passed","Wed Mar 04 18:46:00 UTC 2026","","","",""
"","10081","checking a subcategory updates all children (edge types) in its group","Pathfinding","Wed Mar 04 18:45:01 UTC 2026","passed","Wed Mar 04 18:45:11 UTC 2026","","","",""
"","163","will request feature-flags when the user is fully authenticated","app","Wed Mar 04 18:48:42 UTC 2026","passed","Wed Mar 04 18:48:42 UTC 2026","","<Inner />","",""
"","372","handles a selection as expected","DropdownSelector","Wed Mar 04 18:46:37 UTC 2026","passed","Wed Mar 04 18:46:37 UTC 2026","","","",""
"","1654","should display search results when the user enters text","AssetGroupEdit","Wed Mar 04 18:46:07 UTC 2026","passed","Wed Mar 04 18:46:09 UTC 2026","","","",""
"","26","Calls the cypher search endpoint for a node that is hidden from user with not all environments access","EntityObjectInformation","Wed Mar 04 18:45:31 UTC 2026","passed","Wed Mar 04 18:45:31 UTC 2026","","","",""
"Test cases for TestGetAzureDataQualityStats_Success","0","TestGetAzureDataQualityStats_Success","","Wed Mar 04 18:42:36 UTC 2026","passed","Wed Mar 04 18:42:36 UTC 2026","","Go Test","github.com/specterops/bloodhound/cmd/api/src/api/v2/TestGetAzureDataQualityStats_Success","TestGetAzureDataQualityStats_Success"
"","133","renders a button for opening the dialog","SchemaUploadDialog","Wed Mar 04 18:45:35 UTC 2026","passed","Wed Mar 04 18:45:35 UTC 2026","","","",""
"","87","allows a consumer to swap the values of the two inputs and update the query params accordingly","usePathfindingSearch","Wed Mar 04 18:45:23 UTC 2026","passed","Wed Mar 04 18:45:24 UTC 2026","","","",""
"Test cases for TestTextUnmarshalBool","0","TestTextUnmarshalBool","","Wed Mar 04 18:42:43 UTC 2026","passed","Wed Mar 04 18:42:43 UTC 2026","","Go Test","github.com/specterops/bloodhound/cmd/api/src/database/types/null/TestTextUnmarshalBool","TestTextUnmarshalBool"
"Test cases for TestResources_GetAssetGroupTagMemberInfo","2","TestResources_GetAssetGroupTagMemberInfo","","Wed Mar 04 18:42:36 UTC 2026","passed","Wed Mar 04 18:42:36 UTC 2026","","Go Test","github.com/specterops/bloodhound/cmd/api/src/api/v2/TestResources_GetAssetGroupTagMemberInfo","TestResources_GetAssetGroupTagMemberInfo"
"","152","should disable the create provider button and not display providers if the user lacks permission","SSOConfiguration","Wed Mar 04 18:44:28 UTC 2026","passed","Wed Mar 04 18:44:28 UTC 2026","","","",""
"Test cases for TestResources_GetShortestPath","9","TestResources_GetShortestPath","","Wed Mar 04 18:42:36 UTC 2026","passed","Wed Mar 04 18:42:36 UTC 2026","","Go Test","github.com/specterops/bloodhound/cmd/api/src/api/v2/TestResources_GetShortestPath","TestResources_GetShortestPath"
"Test cases for TestDatabase_GetAssetGroupTagSelector","2","TestDatabase_GetAssetGroupTagSelector","","Wed Mar 04 18:42:36 UTC 2026","passed","Wed Mar 04 18:42:36 UTC 2026","","Go Test","github.com/specterops/bloodhound/cmd/api/src/api/v2/TestDatabase_GetAssetGroupTagSelector","TestDatabase_GetAssetGroupTagSelector"
"Test cases for TestManagementResource_ListAuthTokens_InvalidFilterPredicate","0","TestManagementResource_ListAuthTokens_InvalidFilterPredicate","","Wed Mar 04 18:42:57 UTC 2026","passed","Wed Mar 04 18:42:57 UTC 2026","","Go Test","github.com/specterops/bloodhound/cmd/api/src/api/v2/auth/TestManagementResource_ListAuthTokens_InvalidFilterPredicate","TestManagementResource_ListAuthTokens_InvalidFilterPredicate"
"Test cases for TestBoolScan","0","TestBoolScan","","Wed Mar 04 18:42:43 UTC 2026","passed","Wed Mar 04 18:42:43 UTC 2026","","Go Test","github.com/specterops/bloodhound/cmd/api/src/database/types/null/TestBoolScan","TestBoolScan"
"Test cases for TestResources_UpdateSavedQuery_InvalidBody","0","TestResources_UpdateSavedQuery_InvalidBody","","Wed Mar 04 18:42:36 UTC 2026","passed","Wed Mar 04 18:42:36 UTC 2026","","Go Test","github.com/specterops/bloodhound/cmd/api/src/api/v2/TestResources_UpdateSavedQuery_InvalidBody","TestResources_UpdateSavedQuery_InvalidBody"
"Test cases for TestResources_GetSavedQuery","50","TestResources_GetSavedQuery","","Wed Mar 04 18:42:36 UTC 2026","passed","Wed Mar 04 18:42:36 UTC 2026","","Go Test","github.com/specterops/bloodhound/cmd/api/src/api/v2/TestResources_GetSavedQuery","TestResources_GetSavedQuery"
"Test cases for TestParseHeaderValues","0","TestParseHeaderValues","","Wed Mar 04 18:42:28 UTC 2026","passed","Wed Mar 04 18:42:28 UTC 2026","","Go Test","github.com/specterops/bloodhound/cmd/api/src/api/middleware/TestParseHeaderValues","TestParseHeaderValues"
"","94","continue button is disabled when no SSO provider has been selected","LoginViaSSOForm","Wed Mar 04 18:46:14 UTC 2026","passed","Wed Mar 04 18:46:14 UTC 2026","","","",""
"","145","Should display headers for member name and count","AssetGroupMemberList","Wed Mar 04 18:47:01 UTC 2026","passed","Wed Mar 04 18:47:01 UTC 2026","","","",""
"Test cases for TestIntPointer","0","TestIntPointer","","Wed Mar 04 18:42:43 UTC 2026","passed","Wed Mar 04 18:42:43 UTC 2026","","Go Test","github.com/specterops/bloodhound/cmd/api/src/database/types/null/TestIntPointer","TestIntPointer"
"Test cases for TestCache_Get","0","TestCache_Get","","Wed Mar 04 18:43:05 UTC 2026","passed","Wed Mar 04 18:43:05 UTC 2026","","Go Test","github.com/specterops/bloodhound/packages/go/cache/TestCache_Get","TestCache_Get"
"","0","The node radius is adjusted for nodes that have their ""highlighted"" property set to true since the highlight adds some padding","getNodeRadius","Wed Mar 04 18:48:45 UTC 2026","passed","Wed Mar 04 18:48:45 UTC 2026","","","",""
"","349","renders the Import Query Dialog","ImportQueryDialog","Wed Mar 04 18:47:36 UTC 2026","passed","Wed Mar 04 18:47:36 UTC 2026","","","",""
"","205","calls onClose when user clicks cancel","PasswordDialog","Wed Mar 04 18:43:51 UTC 2026","passed","Wed Mar 04 18:43:51 UTC 2026","","","",""
"Test cases for TestIntEqual","0","TestIntEqual","","Wed Mar 04 18:42:43 UTC 2026","passed","Wed Mar 04 18:42:43 UTC 2026","","Go Test","github.com/specterops/bloodhound/cmd/api/src/database/types/null/TestIntEqual","TestIntEqual"
"Test cases for TestResources_ListAuditLogs_SkipAndOffset","0","TestResources_ListAuditLogs_SkipAndOffset","","Wed Mar 04 18:42:36 UTC 2026","passed","Wed Mar 04 18:42:36 UTC 2026","","Go Test","github.com/specterops/bloodhound/cmd/api/src/api/v2/TestResources_ListAuditLogs_SkipAndOffset","TestResources_ListAuditLogs_SkipAndOffset"
"Test cases for TestResources_GetAnalysisRequest","0","TestResources_GetAnalysisRequest","","Wed Mar 04 18:42:36 UTC 2026","passed","Wed Mar 04 18:42:36 UTC 2026","","Go Test","github.com/specterops/bloodhound/cmd/api/src/api/v2/TestResources_GetAnalysisRequest","TestResources_GetAnalysisRequest"
"","1","prevents MouseCoords events","preventAllDefaults","Wed Mar 04 18:48:55 UTC 2026","passed","Wed Mar 04 18:48:55 UTC 2026","","","",""
"","389","displays 0 when a given sections returns empty, and sums the rest of the sections correctly","EntityInfoDataTable","Wed Mar 04 18:44:42 UTC 2026","passed","Wed Mar 04 18:44:42 UTC 2026","","Node count for nested table that counts all sections","",""
"","13","should render when search string is in the middle of the text","HighlightedText","Wed Mar 04 18:47:02 UTC 2026","passed","Wed Mar 04 18:47:02 UTC 2026","","","",""
"","0","reports an API error when the name for the rule is not unique","handleError","Wed Mar 04 18:44:12 UTC 2026","passed","Wed Mar 04 18:44:12 UTC 2026","","","",""
"","338","should render","LoginForm","Wed Mar 04 18:47:06 UTC 2026","passed","Wed Mar 04 18:47:07 UTC 2026","","","",""
"","16","returns early if there are no 'collected' environments","useInitialEnvironment","Wed Mar 04 18:46:36 UTC 2026","passed","Wed Mar 04 18:46:36 UTC 2026","","","",""
"","58","does not render count for a selected zone if prop is not set","DynamicDetails","Wed Mar 04 18:44:48 UTC 2026","passed","Wed Mar 04 18:44:48 UTC 2026","","","",""
"","752","should render","CypherSearch","Wed Mar 04 18:45:39 UTC 2026","passed","Wed Mar 04 18:45:40 UTC 2026","","","",""
"Test cases for TestManagementResource_ServeMetadata","22","TestManagementResource_ServeMetadata","","Wed Mar 04 18:43:08 UTC 2026","passed","Wed Mar 04 18:43:08 UTC 2026","","Go Test","github.com/specterops/bloodhound/cmd/api/src/api/v2/auth/TestManagementResource_ServeMetadata","TestManagementResource_ServeMetadata"
"","521","should render","ExploreTable","Wed Mar 04 18:43:21 UTC 2026","passed","Wed Mar 04 18:43:21 UTC 2026","","","",""
"Test cases for TestCache_Reset","0","TestCache_Reset","","Wed Mar 04 18:43:05 UTC 2026","passed","Wed Mar 04 18:43:05 UTC 2026","","Go Test","github.com/specterops/bloodhound/packages/go/cache/TestCache_Reset","TestCache_Reset"
"Test cases for TestResources_ListADOUContainedUsers","0","TestResources_ListADOUContainedUsers","","Wed Mar 04 18:42:36 UTC 2026","passed","Wed Mar 04 18:42:36 UTC 2026","","Go Test","github.com/specterops/bloodhound/cmd/api/src/api/v2/TestResources_ListADOUContainedUsers","TestResources_ListADOUContainedUsers"
"Test cases for TestJSONFloat_MarshalJSON_NaN","3","TestJSONFloat_MarshalJSON_NaN","","Wed Mar 04 18:42:43 UTC 2026","passed","Wed Mar 04 18:42:43 UTC 2026","","Go Test","github.com/specterops/bloodhound/cmd/api/src/database/types/nan/TestJSONFloat_MarshalJSON_NaN","TestJSONFloat_MarshalJSON_NaN"
"Test cases for TestMap","0","TestMap","","Wed Mar 04 18:43:18 UTC 2026","passed","Wed Mar 04 18:43:18 UTC 2026","","Go Test","github.com/specterops/bloodhound/packages/go/slicesext/TestMap","TestMap"
"Test cases for Test_ParseAndValidatePayload","5","Test_ParseAndValidatePayload","","Wed Mar 04 18:42:49 UTC 2026","passed","Wed Mar 04 18:42:49 UTC 2026","","Go Test","github.com/specterops/bloodhound/cmd/api/src/services/upload/Test_ParseAndValidatePayload","Test_ParseAndValidatePayload"
"Test cases for TestJSONFloat_UnmarshalJSON","0","TestJSONFloat_UnmarshalJSON","","Wed Mar 04 18:42:43 UTC 2026","passed","Wed Mar 04 18:42:43 UTC 2026","","Go Test","github.com/specterops/bloodhound/cmd/api/src/database/types/nan/TestJSONFloat_UnmarshalJSON","TestJSONFloat_UnmarshalJSON"
"Test cases for TestLoginSuccess","0","TestLoginSuccess","","Wed Mar 04 18:42:36 UTC 2026","passed","Wed Mar 04 18:42:36 UTC 2026","","Go Test","github.com/specterops/bloodhound/cmd/api/src/api/v2/auth/TestLoginSuccess","TestLoginSuccess"
"","48","renders delete buttons for each extension","ActiveExtensionsCard","Wed Mar 04 18:43:44 UTC 2026","passed","Wed Mar 04 18:43:44 UTC 2026","","","",""
"Test cases for TestIngestJobs_ValidFilters","0","TestIngestJobs_ValidFilters","","Wed Mar 04 18:42:45 UTC 2026","passed","Wed Mar 04 18:42:45 UTC 2026","","Go Test","github.com/specterops/bloodhound/cmd/api/src/model/TestIngestJobs_ValidFilters","TestIngestJobs_ValidFilters"
"Test cases for TestResources_ListADDomainForeignUsers","0","TestResources_ListADDomainForeignUsers","","Wed Mar 04 18:42:36 UTC 2026","passed","Wed Mar 04 18:42:36 UTC 2026","","Go Test","github.com/specterops/bloodhound/cmd/api/src/api/v2/TestResources_ListADDomainForeignUsers","TestResources_ListADDomainForeignUsers"
