"DESCRIPTION","DURATION IN MS","NAME","PARENT SUITE","START TIME","STATUS","STOP TIME","SUB SUITE","SUITE","TEST CLASS","TEST METHOD"
"Test cases for TestOpenGraphSchemaService_GetGraphSchemaExtensions","2","TestOpenGraphSchemaService_GetGraphSchemaExtensions","","Sat Jul 18 06:42:27 UTC 2026","passed","Sat Jul 18 06:42:27 UTC 2026","","Go Test","github.com/specterops/bloodhound/cmd/api/src/services/opengraphschema/TestOpenGraphSchemaService_GetGraphSchemaExtensions","TestOpenGraphSchemaService_GetGraphSchemaExtensions"
"","914","renders a button that expands the filter section","AssetGroupEdit","Sat Jul 18 06:45:35 UTC 2026","passed","Sat Jul 18 06:45:36 UTC 2026","","","",""
"","2539","""Columns"" button allows user to edit column settings","ExploreTable","Sat Jul 18 06:43:02 UTC 2026","passed","Sat Jul 18 06:43:05 UTC 2026","","","",""
"Test cases for TestBuildSQLSort","1","TestBuildSQLSort","","Sat Jul 18 06:42:01 UTC 2026","passed","Sat Jul 18 06:42:01 UTC 2026","","Go Test","github.com/specterops/bloodhound/cmd/api/src/api/TestBuildSQLSort","TestBuildSQLSort"
"","9","renders the LabelSelector when available and on a Label page","TagSelector","Sat Jul 18 06:47:07 UTC 2026","passed","Sat Jul 18 06:47:07 UTC 2026","","","",""
"Test cases for TestStorageFileService_WriteFileFromReader","7","TestStorageFileService_WriteFileFromReader","","Sat Jul 18 06:42:40 UTC 2026","passed","Sat Jul 18 06:42:40 UTC 2026","","Go Test","github.com/specterops/bloodhound/packages/go/storage/TestStorageFileService_WriteFileFromReader","TestStorageFileService_WriteFileFromReader"
"Test cases for TestIntIsZero","0","TestIntIsZero","","Sat Jul 18 06:42:20 UTC 2026","passed","Sat Jul 18 06:42:20 UTC 2026","","Go Test","github.com/specterops/bloodhound/cmd/api/src/database/types/null/TestIntIsZero","TestIntIsZero"
"","69","displays no data message when there are no extensions","ActiveExtensionsCard","Sat Jul 18 06:43:37 UTC 2026","passed","Sat Jul 18 06:43:37 UTC 2026","","","",""
"","106","renders a dash when actor is BloodHoundString","NoteCell component","Sat Jul 18 06:47:42 UTC 2026","passed","Sat Jul 18 06:47:42 UTC 2026","","","",""
"","3","prevents Sigma defaults events","preventAllDefaults","Sat Jul 18 06:50:40 UTC 2026","passed","Sat Jul 18 06:50:40 UTC 2026","","","",""
"Test cases for TestResources_ListADComputerConstrainedDelegationUsers","2","TestResources_ListADComputerConstrainedDelegationUsers","","Sat Jul 18 06:42:14 UTC 2026","passed","Sat Jul 18 06:42:14 UTC 2026","","Go Test","github.com/specterops/bloodhound/cmd/api/src/api/v2/TestResources_ListADComputerConstrainedDelegationUsers","TestResources_ListADComputerConstrainedDelegationUsers"
"","19","re-announces the same message by incrementing the span key","AnnouncementProvider","Sat Jul 18 06:46:45 UTC 2026","passed","Sat Jul 18 06:46:45 UTC 2026","","","",""
"","594","calls openSAMLProviderDialog when SAML Provider menu item is clicked","CreateMenu","Sat Jul 18 06:45:42 UTC 2026","passed","Sat Jul 18 06:45:43 UTC 2026","","oidc_support feature flag enabled","",""
"","374","renders","EarlyAccessFeaturesWarningDialog","Sat Jul 18 06:50:36 UTC 2026","passed","Sat Jul 18 06:50:36 UTC 2026","","","",""
"","17","returns early if there are no 'collected' environments","useInitialEnvironment","Sat Jul 18 06:47:55 UTC 2026","passed","Sat Jul 18 06:47:55 UTC 2026","","","",""
"","1170","clears input when dialog is closed and reopened","ActiveExtensionsCard","Sat Jul 18 06:43:41 UTC 2026","passed","Sat Jul 18 06:43:42 UTC 2026","","","",""
"Test cases for TestOpenGraphSchemaService_GetSchemaFindings","0","TestOpenGraphSchemaService_GetSchemaFindings","","Sat Jul 18 06:42:27 UTC 2026","passed","Sat Jul 18 06:42:27 UTC 2026","","Go Test","github.com/specterops/bloodhound/cmd/api/src/services/opengraphschema/TestOpenGraphSchemaService_GetSchemaFindings","TestOpenGraphSchemaService_GetSchemaFindings"
"","260","clicking an enabled header toggles content (single mode)","<DetailsAccordion />","Sat Jul 18 06:45:30 UTC 2026","passed","Sat Jul 18 06:45:30 UTC 2026","","","",""
"Test cases for Test_UseHooks","1","Test_UseHooks","","Sat Jul 18 06:42:37 UTC 2026","passed","Sat Jul 18 06:42:37 UTC 2026","","Go Test","github.com/specterops/bloodhound/packages/go/lab/Test_UseHooks","Test_UseHooks"
"Test cases for Test_parseRelationshipKindsParam","1","Test_parseRelationshipKindsParam","","Sat Jul 18 06:42:14 UTC 2026","passed","Sat Jul 18 06:42:14 UTC 2026","","Go Test","github.com/specterops/bloodhound/cmd/api/src/api/v2/Test_parseRelationshipKindsParam","Test_parseRelationshipKindsParam"
"Test cases for TestOpenScratchReadSeeker","6","TestOpenScratchReadSeeker","","Sat Jul 18 06:42:27 UTC 2026","passed","Sat Jul 18 06:42:27 UTC 2026","","Go Test","github.com/specterops/bloodhound/cmd/api/src/services/graphify/TestOpenScratchReadSeeker","TestOpenScratchReadSeeker"
"Test cases for TestNewService","1","TestNewService","","Sat Jul 18 06:42:49 UTC 2026","passed","Sat Jul 18 06:42:49 UTC 2026","","Go Test","github.com/specterops/bloodhound/server/featureflags/internal/services/TestNewService","TestNewService"
"","75","should not display api key management button","Api Keys","Sat Jul 18 06:45:56 UTC 2026","passed","Sat Jul 18 06:45:56 UTC 2026","","","",""
"Test cases for TestRegister_PanicsOnNilPool","2","TestRegister_PanicsOnNilPool","","Sat Jul 18 06:42:52 UTC 2026","passed","Sat Jul 18 06:42:52 UTC 2026","","Go Test","github.com/specterops/bloodhound/server/modules/TestRegister_PanicsOnNilPool","TestRegister_PanicsOnNilPool"
"Test cases for TestResources_ListADEntityControllables","0","TestResources_ListADEntityControllables","","Sat Jul 18 06:42:14 UTC 2026","passed","Sat Jul 18 06:42:14 UTC 2026","","Go Test","github.com/specterops/bloodhound/cmd/api/src/api/v2/TestResources_ListADEntityControllables","TestResources_ListADEntityControllables"
"","0","handles empty search string","filterAndSearchEnvironments","Sat Jul 18 06:43:31 UTC 2026","passed","Sat Jul 18 06:43:31 UTC 2026","","search filter","",""
"Test cases for TestResources_GetContainerEntityInfo","224","TestResources_GetContainerEntityInfo","","Sat Jul 18 06:42:14 UTC 2026","passed","Sat Jul 18 06:42:14 UTC 2026","","Go Test","github.com/specterops/bloodhound/cmd/api/src/api/v2/TestResources_GetContainerEntityInfo","TestResources_GetContainerEntityInfo"
"","573","toggles a source kind off from all selected nested graph data options","GraphDataCheckboxes","Sat Jul 18 06:44:41 UTC 2026","passed","Sat Jul 18 06:44:42 UTC 2026","","","",""
"Test cases for TestMarshalInt64Text","0","TestMarshalInt64Text","","Sat Jul 18 06:42:20 UTC 2026","passed","Sat Jul 18 06:42:20 UTC 2026","","Go Test","github.com/specterops/bloodhound/cmd/api/src/database/types/null/TestMarshalInt64Text","TestMarshalInt64Text"
"Test cases for TestTextUnmarshalInt","0","TestTextUnmarshalInt","","Sat Jul 18 06:42:20 UTC 2026","passed","Sat Jul 18 06:42:20 UTC 2026","","Go Test","github.com/specterops/bloodhound/cmd/api/src/database/types/null/TestTextUnmarshalInt","TestTextUnmarshalInt"
"","1844","renders correct search elements after keypresses","GraphView","Sat Jul 18 06:49:52 UTC 2026","passed","Sat Jul 18 06:49:54 UTC 2026","","","",""
"","331","shows a loading state","AssetGroupMenuItem","Sat Jul 18 06:45:45 UTC 2026","passed","Sat Jul 18 06:45:46 UTC 2026","","","",""
"","157","does not show ""API Expiration Date"" column header when expiration is disabled","UserTokenManagementDialog - API Expiration Date column","Sat Jul 18 06:45:24 UTC 2026","passed","Sat Jul 18 06:45:24 UTC 2026","","","",""
"","702","calls delete mutation when confirm button is clicked with correct input","ActiveExtensionsCard","Sat Jul 18 06:43:42 UTC 2026","passed","Sat Jul 18 06:43:43 UTC 2026","","","",""
"","0","abbreviates thousands, millions, billions, trillions as expected","numberFormatting","Sat Jul 18 06:46:44 UTC 2026","passed","Sat Jul 18 06:46:44 UTC 2026","","","",""
"Test cases for TestIntFrom","0","TestIntFrom","","Sat Jul 18 06:42:20 UTC 2026","passed","Sat Jul 18 06:42:20 UTC 2026","","Go Test","github.com/specterops/bloodhound/cmd/api/src/database/types/null/TestIntFrom","TestIntFrom"
"Test cases for TestManagementResource_ListAuthProviders","1","TestManagementResource_ListAuthProviders","","Sat Jul 18 06:42:55 UTC 2026","passed","Sat Jul 18 06:42:55 UTC 2026","","Go Test","github.com/specterops/bloodhound/cmd/api/src/api/v2/auth/TestManagementResource_ListAuthProviders","TestManagementResource_ListAuthProviders"
"Test cases for Test_filterAndFormatSearchResults_filterEnvironments_tenantIDFail","0","Test_filterAndFormatSearchResults_filterEnvironments_tenantIDFail","","Sat Jul 18 06:42:14 UTC 2026","passed","Sat Jul 18 06:42:14 UTC 2026","","Go Test","github.com/specterops/bloodhound/cmd/api/src/api/v2/Test_filterAndFormatSearchResults_filterEnvironments_tenantIDFail","Test_filterAndFormatSearchResults_filterEnvironments_tenantIDFail"
"Test cases for TestResources_ListADComputerAdmins","0","TestResources_ListADComputerAdmins","","Sat Jul 18 06:42:14 UTC 2026","passed","Sat Jul 18 06:42:14 UTC 2026","","Go Test","github.com/specterops/bloodhound/cmd/api/src/api/v2/TestResources_ListADComputerAdmins","TestResources_ListADComputerAdmins"
"Test cases for TestErrorReadDomainSIDandNameAsString","0","TestErrorReadDomainSIDandNameAsString","","Sat Jul 18 06:42:34 UTC 2026","passed","Sat Jul 18 06:42:34 UTC 2026","","Go Test","github.com/specterops/bloodhound/packages/go/analysis/ad/internal/nodeprops/TestErrorReadDomainSIDandNameAsString","TestErrorReadDomainSIDandNameAsString"
"","883","should not allow the input to exceed the allowed length","UpdateUserForm","Sat Jul 18 06:43:17 UTC 2026","passed","Sat Jul 18 06:43:18 UTC 2026","","","",""
"","238","disables checkboxes while loading","GraphDataCheckboxes","Sat Jul 18 06:44:37 UTC 2026","passed","Sat Jul 18 06:44:38 UTC 2026","","","",""
"Test cases for TestRewriter_Enter_NoShortcut_PreservesKinds","0","TestRewriter_Enter_NoShortcut_PreservesKinds","","Sat Jul 18 06:42:22 UTC 2026","passed","Sat Jul 18 06:42:22 UTC 2026","","Go Test","github.com/specterops/bloodhound/cmd/api/src/queries/TestRewriter_Enter_NoShortcut_PreservesKinds","TestRewriter_Enter_NoShortcut_PreservesKinds"
"","38","calculates the running time of a job and converts to a human readable format","getSimpleDuration","Sat Jul 18 06:48:23 UTC 2026","passed","Sat Jul 18 06:48:23 UTC 2026","","","",""
"","5","returns true if arrays are referentially equal","areArraysSimilar","Sat Jul 18 06:48:49 UTC 2026","passed","Sat Jul 18 06:48:49 UTC 2026","","","",""
"","570","should accept passwords with emojis","CreateUserForm","Sat Jul 18 06:43:53 UTC 2026","passed","Sat Jul 18 06:43:53 UTC 2026","","","",""
"Test cases for TestManagementResource_ListUsers_Filtered","0","TestManagementResource_ListUsers_Filtered","","Sat Jul 18 06:42:20 UTC 2026","passed","Sat Jul 18 06:42:20 UTC 2026","","Go Test","github.com/specterops/bloodhound/cmd/api/src/api/v2/auth/TestManagementResource_ListUsers_Filtered","TestManagementResource_ListUsers_Filtered"
"","32","renders without label when label is empty string","StatusIndicator","Sat Jul 18 06:49:10 UTC 2026","passed","Sat Jul 18 06:49:10 UTC 2026","","","",""
"","281","should call onClose when the Close button is clicked","UpsertSAMLProviderForm","Sat Jul 18 06:47:55 UTC 2026","passed","Sat Jul 18 06:47:55 UTC 2026","","","",""
"","124","should call onCancel when return to login button clicked","PasswordResetForm","Sat Jul 18 06:46:30 UTC 2026","passed","Sat Jul 18 06:46:30 UTC 2026","","","",""
"","482","should render a SaveQueryDialog","SaveQueryDialog","Sat Jul 18 06:43:07 UTC 2026","passed","Sat Jul 18 06:43:08 UTC 2026","","","",""
"Test cases for TestMinMaxValidator","0","TestMinMaxValidator","","Sat Jul 18 06:42:31 UTC 2026","passed","Sat Jul 18 06:42:31 UTC 2026","","Go Test","github.com/specterops/bloodhound/cmd/api/src/utils/validation/TestMinMaxValidator","TestMinMaxValidator"
"","817","should render an update user form","UpdateUserDialog","Sat Jul 18 06:44:37 UTC 2026","passed","Sat Jul 18 06:44:38 UTC 2026","","","",""
"Test cases for TestManagementResource_ListUsers_InvalidFilterPredicate","0","TestManagementResource_ListUsers_InvalidFilterPredicate","","Sat Jul 18 06:42:20 UTC 2026","passed","Sat Jul 18 06:42:20 UTC 2026","","Go Test","github.com/specterops/bloodhound/cmd/api/src/api/v2/auth/TestManagementResource_ListUsers_InvalidFilterPredicate","TestManagementResource_ListUsers_InvalidFilterPredicate"
"","90","sorts by title as secondary key when positions are equal","KindInfoItems","Sat Jul 18 06:46:05 UTC 2026","passed","Sat Jul 18 06:46:05 UTC 2026","","","",""
"","5","returns undefined for headers when db config timeout limit setting is enabled and state of is disable query limit is true","useExploreGraph","Sat Jul 18 06:44:56 UTC 2026","passed","Sat Jul 18 06:44:56 UTC 2026","userSettings","exploreGraphQueryFactory","",""
"Test cases for TestParseSkipQueryParameter","0","TestParseSkipQueryParameter","","Sat Jul 18 06:42:14 UTC 2026","passed","Sat Jul 18 06:42:14 UTC 2026","","Go Test","github.com/specterops/bloodhound/cmd/api/src/api/v2/TestParseSkipQueryParameter","TestParseSkipQueryParameter"
"","208","displays appropriate text when there are no matches for search term","SearchCurrentNodes","Sat Jul 18 06:46:59 UTC 2026","passed","Sat Jul 18 06:47:00 UTC 2026","","","",""
"","2","does not fetch more data while a page is already fetching","useInfiniteScroll","Sat Jul 18 06:47:27 UTC 2026","passed","Sat Jul 18 06:47:27 UTC 2026","","","",""
"","51","shows the direct object empty and expanded object list empty, when no results in both","Seed Selection Results","Sat Jul 18 06:45:25 UTC 2026","passed","Sat Jul 18 06:45:25 UTC 2026","","","",""
"Test cases for TestManagementResource_UpdateUser_UserSelfModify","1443","TestManagementResource_UpdateUser_UserSelfModify","","Sat Jul 18 06:42:32 UTC 2026","passed","Sat Jul 18 06:42:33 UTC 2026","","Go Test","github.com/specterops/bloodhound/cmd/api/src/api/v2/auth/TestManagementResource_UpdateUser_UserSelfModify","TestManagementResource_UpdateUser_UserSelfModify"
"TestRegister_RoutesRequireAuthentication dispatches real requests through the wiredrouter to verify that the registered routes are guarded by authentication middleware.The handlers themselves trust the middleware to enforce this contract; if the routewireup ever loses RequirePermissions/RequireAuth, this test will fail.","1","TestRegister_RoutesRequireAuthentication","","Sat Jul 18 06:42:43 UTC 2026","passed","Sat Jul 18 06:42:43 UTC 2026","","Go Test","github.com/specterops/bloodhound/server/analysis/internal/routes/TestRegister_RoutesRequireAuthentication","TestRegister_RoutesRequireAuthentication"
"","0","reports an API error when the name for the rule is not unique","handleError","Sat Jul 18 06:44:58 UTC 2026","passed","Sat Jul 18 06:44:58 UTC 2026","","","",""
"","525","should render the cypher search controls when user clicks on cypher tab","ExploreSearch rendering per tab","Sat Jul 18 06:49:56 UTC 2026","passed","Sat Jul 18 06:49:57 UTC 2026","","","",""
"","22","should be aligned to right of screen","GenericErrorBoundaryFallback","Sat Jul 18 06:49:25 UTC 2026","passed","Sat Jul 18 06:49:25 UTC 2026","","","",""
"","1799","shows an error message when unable to delete a rule","Rule Form","Sat Jul 18 06:43:21 UTC 2026","passed","Sat Jul 18 06:43:23 UTC 2026","","","",""
"Test cases for TestMapExistsError","12","TestMapExistsError","","Sat Jul 18 06:42:40 UTC 2026","passed","Sat Jul 18 06:42:40 UTC 2026","","Go Test","github.com/specterops/bloodhound/packages/go/storage/TestMapExistsError","TestMapExistsError"
"Test cases for TestResources_ListADDomainForeignAdmins","0","TestResources_ListADDomainForeignAdmins","","Sat Jul 18 06:42:14 UTC 2026","passed","Sat Jul 18 06:42:14 UTC 2026","","Go Test","github.com/specterops/bloodhound/cmd/api/src/api/v2/TestResources_ListADDomainForeignAdmins","TestResources_ListADDomainForeignAdmins"
"Test cases for TestNewSIDSuffix","0","TestNewSIDSuffix","","Sat Jul 18 06:42:34 UTC 2026","passed","Sat Jul 18 06:42:34 UTC 2026","","Go Test","github.com/specterops/bloodhound/packages/go/analysis/ad/wellknown/TestNewSIDSuffix","TestNewSIDSuffix"
"Test cases for TestManagementResource_ListRoles_Filtered","0","TestManagementResource_ListRoles_Filtered","","Sat Jul 18 06:42:20 UTC 2026","passed","Sat Jul 18 06:42:20 UTC 2026","","Go Test","github.com/specterops/bloodhound/cmd/api/src/api/v2/auth/TestManagementResource_ListRoles_Filtered","TestManagementResource_ListRoles_Filtered"
"","10","renders OpenGraphInfo for a collected open graph environment with an id","getStatsComponent","Sat Jul 18 06:47:39 UTC 2026","passed","Sat Jul 18 06:47:39 UTC 2026","","","",""
"","1","should handle an undefined entity","Evaluating the entity display name from a given entity","Sat Jul 18 06:45:27 UTC 2026","passed","Sat Jul 18 06:45:27 UTC 2026","","","",""
"","1","returns name uniqueness message for ""name must be unique""","getErrorMessage","Sat Jul 18 06:44:58 UTC 2026","passed","Sat Jul 18 06:44:58 UTC 2026","","","",""
"Test cases for TestResources_GetShortestPath_ETAC","39","TestResources_GetShortestPath_ETAC","","Sat Jul 18 06:42:14 UTC 2026","passed","Sat Jul 18 06:42:14 UTC 2026","","Go Test","github.com/specterops/bloodhound/cmd/api/src/api/v2/TestResources_GetShortestPath_ETAC","TestResources_GetShortestPath_ETAC"
"Test cases for TestNodeAuthorizer_CanAccessNode","4","TestNodeAuthorizer_CanAccessNode","","Sat Jul 18 06:42:50 UTC 2026","passed","Sat Jul 18 06:42:50 UTC 2026","","Go Test","github.com/specterops/bloodhound/server/graphdb/internal/authz/TestNodeAuthorizer_CanAccessNode","TestNodeAuthorizer_CanAccessNode"
"","54","renders note header correctly","HistoryNotes Component","Sat Jul 18 06:48:55 UTC 2026","passed","Sat Jul 18 06:48:55 UTC 2026","","","",""
"Test cases for Test_HarnessSetup","0","Test_HarnessSetup","","Sat Jul 18 06:42:37 UTC 2026","passed","Sat Jul 18 06:42:37 UTC 2026","","Go Test","github.com/specterops/bloodhound/packages/go/lab/Test_HarnessSetup","Test_HarnessSetup"
"Test cases for TestLocalStore_Put","12","TestLocalStore_Put","","Sat Jul 18 06:42:40 UTC 2026","passed","Sat Jul 18 06:42:40 UTC 2026","","Go Test","github.com/specterops/bloodhound/packages/go/storage/TestLocalStore_Put","TestLocalStore_Put"
"","33","whencreated","Handling value formatting for Active Directory entity properties lastlogon, lastlogontimestamp, whencreated, and pwdlastset","Sat Jul 18 06:45:27 UTC 2026","passed","Sat Jul 18 06:45:27 UTC 2026","","","",""
"","257","sums nested section node counts","EntityInfoDataTableGraphed","Sat Jul 18 06:45:52 UTC 2026","passed","Sat Jul 18 06:45:52 UTC 2026","","Node count for nested table that counts all sections","",""
"Test cases for TestParseLimitQueryParameter_BadFormat","0","TestParseLimitQueryParameter_BadFormat","","Sat Jul 18 06:42:14 UTC 2026","passed","Sat Jul 18 06:42:14 UTC 2026","","Go Test","github.com/specterops/bloodhound/cmd/api/src/api/v2/TestParseLimitQueryParameter_BadFormat","TestParseLimitQueryParameter_BadFormat"
"Test cases for TestManagementResource_GetPermission","35300","TestManagementResource_GetPermission","","Sat Jul 18 06:42:20 UTC 2026","passed","Sat Jul 18 06:42:55 UTC 2026","","Go Test","github.com/specterops/bloodhound/cmd/api/src/api/v2/auth/TestManagementResource_GetPermission","TestManagementResource_GetPermission"
"Test cases for TestIntEqual","0","TestIntEqual","","Sat Jul 18 06:42:20 UTC 2026","passed","Sat Jul 18 06:42:20 UTC 2026","","Go Test","github.com/specterops/bloodhound/cmd/api/src/database/types/null/TestIntEqual","TestIntEqual"
"Test cases for TestLoginResource_Logout","16","TestLoginResource_Logout","","Sat Jul 18 06:42:55 UTC 2026","passed","Sat Jul 18 06:42:55 UTC 2026","","Go Test","github.com/specterops/bloodhound/cmd/api/src/api/v2/auth/TestLoginResource_Logout","TestLoginResource_Logout"
"Test cases for TestBHCEStaticHandler","22","TestBHCEStaticHandler","","Sat Jul 18 06:42:04 UTC 2026","passed","Sat Jul 18 06:42:04 UTC 2026","","Go Test","github.com/specterops/bloodhound/cmd/api/src/api/static/TestBHCEStaticHandler","TestBHCEStaticHandler"
"","633","renders no asset group edit options without graph write permissions","ContextMenu","Sat Jul 18 06:45:16 UTC 2026","passed","Sat Jul 18 06:45:17 UTC 2026","","","",""
"","63","excludes API edges that are associated with one of our built-in schema types","useEdgeCategories","Sat Jul 18 06:45:47 UTC 2026","passed","Sat Jul 18 06:45:47 UTC 2026","","","",""
"Test cases for TestFilterStructSlice","1","TestFilterStructSlice","","Sat Jul 18 06:42:01 UTC 2026","passed","Sat Jul 18 06:42:01 UTC 2026","","Go Test","github.com/specterops/bloodhound/cmd/api/src/api/TestFilterStructSlice","TestFilterStructSlice"
"Test cases for TestResources_ListAuditLogs_InvalidColumn","0","TestResources_ListAuditLogs_InvalidColumn","","Sat Jul 18 06:42:14 UTC 2026","passed","Sat Jul 18 06:42:14 UTC 2026","","Go Test","github.com/specterops/bloodhound/cmd/api/src/api/v2/TestResources_ListAuditLogs_InvalidColumn","TestResources_ListAuditLogs_InvalidColumn"
"Test cases for TestQueries_BuildEntityQueryParams","0","TestQueries_BuildEntityQueryParams","","Sat Jul 18 06:42:22 UTC 2026","passed","Sat Jul 18 06:42:22 UTC 2026","","Go Test","github.com/specterops/bloodhound/cmd/api/src/queries/TestQueries_BuildEntityQueryParams","TestQueries_BuildEntityQueryParams"
"","90","renders the title passed via title prop","ColumnHeaders","Sat Jul 18 06:46:35 UTC 2026","passed","Sat Jul 18 06:46:35 UTC 2026","","BaseColumnHeader","",""
"Test cases for TestResources_GetAssetGroupMemberCount_IDMalformed","0","TestResources_GetAssetGroupMemberCount_IDMalformed","","Sat Jul 18 06:42:14 UTC 2026","passed","Sat Jul 18 06:42:14 UTC 2026","","Go Test","github.com/specterops/bloodhound/cmd/api/src/api/v2/TestResources_GetAssetGroupMemberCount_IDMalformed","TestResources_GetAssetGroupMemberCount_IDMalformed"
"","667","should not allow the input to exceed the allowed length","CreateUserForm","Sat Jul 18 06:43:47 UTC 2026","passed","Sat Jul 18 06:43:48 UTC 2026","","","",""
"Helper to verify that encodeAnyValue handles standard types correctly","0","TestEncodeAnyValue","","Sat Jul 18 06:42:27 UTC 2026","passed","Sat Jul 18 06:42:27 UTC 2026","","Go Test","github.com/specterops/bloodhound/cmd/api/src/services/graphify/endpoint/TestEncodeAnyValue","TestEncodeAnyValue"
"Test cases for TestMoveFileBetweenServices","7","TestMoveFileBetweenServices","","Sat Jul 18 06:42:40 UTC 2026","passed","Sat Jul 18 06:42:40 UTC 2026","","Go Test","github.com/specterops/bloodhound/packages/go/storage/TestMoveFileBetweenServices","TestMoveFileBetweenServices"
"","438","displays default text for domain selector when globalDomain is null","GroupManagement","Sat Jul 18 06:50:16 UTC 2026","passed","Sat Jul 18 06:50:16 UTC 2026","","","",""
"","2","Edge is created with correct structure including points array","copySigmaEdgesToGraphlibGraph","Sat Jul 18 06:50:21 UTC 2026","passed","Sat Jul 18 06:50:21 UTC 2026","","","",""
"","951","should allow user to configure 2fa","Enable2FADialog","Sat Jul 18 06:46:42 UTC 2026","passed","Sat Jul 18 06:46:43 UTC 2026","","","",""
"","2501","should add an option and display the changelog when it is clicked","AssetGroupEdit","Sat Jul 18 06:47:14 UTC 2026","passed","Sat Jul 18 06:47:17 UTC 2026","","","",""
"","404","Close button click causes the callback function to be called","ExploreTable","Sat Jul 18 06:43:10 UTC 2026","passed","Sat Jul 18 06:43:10 UTC 2026","","","",""
"","1","should return the edge parts from the key","getEdgeDataFromKey","Sat Jul 18 06:50:36 UTC 2026","passed","Sat Jul 18 06:50:36 UTC 2026","","","",""
"TestRewriteLegacyNameMatchIngestibleEndpoint_CasingGatedByUseRawObjectIDs verifies that theimplicit legacy match_by ""name"" rewrite uses a case-sensitive operator (OperatorEquals) whenuseRawObjectIDs is true, and a case-insensitive operator (OperatorEqualsIgnoreCase) when false.","0","TestRewriteLegacyNameMatchIngestibleEndpoint_CasingGatedByUseRawObjectIDs","","Sat Jul 18 06:42:27 UTC 2026","passed","Sat Jul 18 06:42:27 UTC 2026","","Go Test","github.com/specterops/bloodhound/cmd/api/src/services/graphify/endpoint/TestRewriteLegacyNameMatchIngestibleEndpoint_CasingGatedByUseRawObjectIDs","TestRewriteLegacyNameMatchIngestibleEndpoint_CasingGatedByUseRawObjectIDs"
"","85","should not display the ETAC role-based filtering badge when filtering is disabled","Zone Management","Sat Jul 18 06:47:58 UTC 2026","passed","Sat Jul 18 06:47:58 UTC 2026","","","",""
"Test cases for TestAnalysisStepsValue","29","TestAnalysisStepsValue","","Sat Jul 18 06:42:20 UTC 2026","passed","Sat Jul 18 06:42:20 UTC 2026","","Go Test","github.com/specterops/bloodhound/cmd/api/src/model/TestAnalysisStepsValue","TestAnalysisStepsValue"
"","226","renders a graph view","GraphView","Sat Jul 18 06:49:47 UTC 2026","passed","Sat Jul 18 06:49:47 UTC 2026","","","",""
"","2328","enables the user actions menu when the user is admin role","Users","Sat Jul 18 06:45:06 UTC 2026","passed","Sat Jul 18 06:45:08 UTC 2026","","","",""
"","142","returns a nodes array","useEdgeInfoItems","Sat Jul 18 06:47:13 UTC 2026","passed","Sat Jul 18 06:47:13 UTC 2026","","","",""
"Test cases for TestMergeNodeKinds","0","TestMergeNodeKinds","","Sat Jul 18 06:42:27 UTC 2026","passed","Sat Jul 18 06:42:27 UTC 2026","","Go Test","github.com/specterops/bloodhound/cmd/api/src/services/graphify/TestMergeNodeKinds","TestMergeNodeKinds"
"","222","calls onLayoutChange with the same layout when the currently selected option is clicked, enabling de-selection","GraphControls","Sat Jul 18 06:43:39 UTC 2026","passed","Sat Jul 18 06:43:39 UTC 2026","","Selecting a layout","",""
"Test cases for TestIngestJobs_IsSortable","0","TestIngestJobs_IsSortable","","Sat Jul 18 06:42:20 UTC 2026","passed","Sat Jul 18 06:42:20 UTC 2026","","Go Test","github.com/specterops/bloodhound/cmd/api/src/model/TestIngestJobs_IsSortable","TestIngestJobs_IsSortable"
"Test cases for TestResources_ListAuditLogs_InvalidSkip","0","TestResources_ListAuditLogs_InvalidSkip","","Sat Jul 18 06:42:14 UTC 2026","passed","Sat Jul 18 06:42:14 UTC 2026","","Go Test","github.com/specterops/bloodhound/cmd/api/src/api/v2/TestResources_ListAuditLogs_InvalidSkip","TestResources_ListAuditLogs_InvalidSkip"
"Test cases for TestPagingParseAndValidate_Parsing","0","TestPagingParseAndValidate_Parsing","","Sat Jul 18 06:42:37 UTC 2026","passed","Sat Jul 18 06:42:37 UTC 2026","","Go Test","github.com/specterops/bloodhound/packages/go/params/TestPagingParseAndValidate_Parsing","TestPagingParseAndValidate_Parsing"
"Test cases for TestAddWhereClauseToNeo4jQuery_NoWhereClause","0","TestAddWhereClauseToNeo4jQuery_NoWhereClause","","Sat Jul 18 06:42:14 UTC 2026","passed","Sat Jul 18 06:42:14 UTC 2026","","Go Test","github.com/specterops/bloodhound/cmd/api/src/api/v2/TestAddWhereClauseToNeo4jQuery_NoWhereClause","TestAddWhereClauseToNeo4jQuery_NoWhereClause"
"","915","handles adding to tier zero asset group","AssetGroupMenuItem","Sat Jul 18 06:49:46 UTC 2026","passed","Sat Jul 18 06:49:47 UTC 2026","","adding to an asset group","",""
"Test cases for TestRegister","0","TestRegister","","Sat Jul 18 06:42:49 UTC 2026","passed","Sat Jul 18 06:42:49 UTC 2026","","Go Test","github.com/specterops/bloodhound/server/featureflags/internal/routes/TestRegister","TestRegister"
"","642","displays correct content based on platform filter Azure","CommonSearches","Sat Jul 18 06:45:35 UTC 2026","passed","Sat Jul 18 06:45:36 UTC 2026","","","",""
"","2","dispatches a storage event with null newValue when the key is removed","useLocalStorage","Sat Jul 18 06:46:02 UTC 2026","passed","Sat Jul 18 06:46:02 UTC 2026","","storage event synchronisation","",""
"Test cases for TestHandlers_IsEnabled","0","TestHandlers_IsEnabled","","Sat Jul 18 06:42:48 UTC 2026","passed","Sat Jul 18 06:42:48 UTC 2026","","Go Test","github.com/specterops/bloodhound/server/featureflags/internal/handlers/TestHandlers_IsEnabled","TestHandlers_IsEnabled"
"","257","should render a single section with a single navigation item","SubNav","Sat Jul 18 06:47:46 UTC 2026","passed","Sat Jul 18 06:47:47 UTC 2026","","","",""
"Test cases for TestOpenGraphSchemaService_ListExtensions","1","TestOpenGraphSchemaService_ListExtensions","","Sat Jul 18 06:42:27 UTC 2026","passed","Sat Jul 18 06:42:27 UTC 2026","","Go Test","github.com/specterops/bloodhound/cmd/api/src/services/opengraphschema/TestOpenGraphSchemaService_ListExtensions","TestOpenGraphSchemaService_ListExtensions"
"","2462","should remove the option from the changelog when the corresponding button is clicked","AssetGroupEdit","Sat Jul 18 06:47:17 UTC 2026","passed","Sat Jul 18 06:47:19 UTC 2026","","","",""
"","136","renders Empty when items is undefined and Empty is provided","<DetailsAccordion />","Sat Jul 18 06:45:29 UTC 2026","passed","Sat Jul 18 06:45:29 UTC 2026","","","",""
"Test cases for TestResources_BuildDeleteRequest","0","TestResources_BuildDeleteRequest","","Sat Jul 18 06:42:14 UTC 2026","passed","Sat Jul 18 06:42:14 UTC 2026","","Go Test","github.com/specterops/bloodhound/cmd/api/src/api/v2/TestResources_BuildDeleteRequest","TestResources_BuildDeleteRequest"
"","1","handles percent values by multiplying by 100, truncating to an integer, and adding a ""%"" to the end","Formatting number properties","Sat Jul 18 06:45:27 UTC 2026","passed","Sat Jul 18 06:45:27 UTC 2026","","","",""
"Test cases for TestManagementResource_EnrollMFA","3324","TestManagementResource_EnrollMFA","","Sat Jul 18 06:42:44 UTC 2026","passed","Sat Jul 18 06:42:47 UTC 2026","","Go Test","github.com/specterops/bloodhound/cmd/api/src/api/v2/auth/TestManagementResource_EnrollMFA","TestManagementResource_EnrollMFA"
"","132","should display api key management button","Api Keys","Sat Jul 18 06:45:56 UTC 2026","passed","Sat Jul 18 06:45:56 UTC 2026","","","",""
"Test cases for TestResources_UpdateAssetGroupSelectors_GetAssetGroupError","0","TestResources_UpdateAssetGroupSelectors_GetAssetGroupError","","Sat Jul 18 06:42:14 UTC 2026","passed","Sat Jul 18 06:42:14 UTC 2026","","Go Test","github.com/specterops/bloodhound/cmd/api/src/api/v2/TestResources_UpdateAssetGroupSelectors_GetAssetGroupError","TestResources_UpdateAssetGroupSelectors_GetAssetGroupError"
"Test cases for TestJSONFloat_MarshalJSON","0","TestJSONFloat_MarshalJSON","","Sat Jul 18 06:42:20 UTC 2026","passed","Sat Jul 18 06:42:20 UTC 2026","","Go Test","github.com/specterops/bloodhound/cmd/api/src/database/types/nan/TestJSONFloat_MarshalJSON","TestJSONFloat_MarshalJSON"
"","178","disables the Columns button when the disabled prop is true","ManageColumnsComboBox","Sat Jul 18 06:45:30 UTC 2026","passed","Sat Jul 18 06:45:30 UTC 2026","","","",""
"","2242","search filters edges by name","Pathfinding","Sat Jul 18 06:44:31 UTC 2026","passed","Sat Jul 18 06:44:33 UTC 2026","","","",""
"","0","should handle the well formed entities","Evaluating the entity display name from a given entity","Sat Jul 18 06:45:27 UTC 2026","passed","Sat Jul 18 06:45:27 UTC 2026","","","",""
"","414","should call ""onSave"" one time","Enable2FADialog","Sat Jul 18 06:47:42 UTC 2026","passed","Sat Jul 18 06:47:43 UTC 2026","user clicks ""Disable Multi-Factor Authentication"" button","user enters valid password","",""
"","12","does not set the document title when no title prop is provided","PageWithTitle","Sat Jul 18 06:49:15 UTC 2026","passed","Sat Jul 18 06:49:15 UTC 2026","","","",""
"","0","returns a function that can set arrays query params removes previous values set to that array query param","searchParams","Sat Jul 18 06:47:29 UTC 2026","passed","Sat Jul 18 06:47:29 UTC 2026","","setSingleParamFactory","",""
"Test cases for TestMarshalBoolText","0","TestMarshalBoolText","","Sat Jul 18 06:42:20 UTC 2026","passed","Sat Jul 18 06:42:20 UTC 2026","","Go Test","github.com/specterops/bloodhound/cmd/api/src/database/types/null/TestMarshalBoolText","TestMarshalBoolText"
"Test cases for TestEncodingValues","0","TestEncodingValues","","Sat Jul 18 06:42:35 UTC 2026","passed","Sat Jul 18 06:42:35 UTC 2026","","Go Test","github.com/specterops/bloodhound/packages/go/bomenc/TestEncodingValues","TestEncodingValues"
"Test cases for TestManagementResource_GetRole","35301","TestManagementResource_GetRole","","Sat Jul 18 06:42:20 UTC 2026","passed","Sat Jul 18 06:42:55 UTC 2026","","Go Test","github.com/specterops/bloodhound/cmd/api/src/api/v2/auth/TestManagementResource_GetRole","TestManagementResource_GetRole"
"","81","does not render the analysis toggle when multi tier analysis enabled is false","Tag Form","Sat Jul 18 06:43:09 UTC 2026","passed","Sat Jul 18 06:43:09 UTC 2026","","","",""
"","4","isLoading returns as expected based on all queries combined","queriesAreLoadingOrErrored","Sat Jul 18 06:49:19 UTC 2026","passed","Sat Jul 18 06:49:19 UTC 2026","","","",""
"Test cases for TestResources_SearchHandler_ETAC","0","TestResources_SearchHandler_ETAC","","Sat Jul 18 06:42:14 UTC 2026","passed","Sat Jul 18 06:42:14 UTC 2026","","Go Test","github.com/specterops/bloodhound/cmd/api/src/api/v2/TestResources_SearchHandler_ETAC","TestResources_SearchHandler_ETAC"
"Test cases for TestResources_DeleteSavedQuery_UserNotAdmin","0","TestResources_DeleteSavedQuery_UserNotAdmin","","Sat Jul 18 06:42:14 UTC 2026","passed","Sat Jul 18 06:42:14 UTC 2026","","Go Test","github.com/specterops/bloodhound/cmd/api/src/api/v2/TestResources_DeleteSavedQuery_UserNotAdmin","TestResources_DeleteSavedQuery_UserNotAdmin"
"","21","can composes search params from the search prop and use them in the redirect","AppNavigate","Sat Jul 18 06:47:49 UTC 2026","passed","Sat Jul 18 06:47:49 UTC 2026","","","",""
"Test cases for TestFilterParseAndValidate_Errors","0","TestFilterParseAndValidate_Errors","","Sat Jul 18 06:42:37 UTC 2026","passed","Sat Jul 18 06:42:37 UTC 2026","","Go Test","github.com/specterops/bloodhound/packages/go/params/TestFilterParseAndValidate_Errors","TestFilterParseAndValidate_Errors"
"","261","sums nested section node counts","EntityInfoDataTable","Sat Jul 18 06:45:09 UTC 2026","passed","Sat Jul 18 06:45:09 UTC 2026","","Node count for nested table that counts all sections","",""
"Test cases for TestManagementResource_OIDCCallbackHandler","16","TestManagementResource_OIDCCallbackHandler","","Sat Jul 18 06:42:55 UTC 2026","passed","Sat Jul 18 06:42:55 UTC 2026","","Go Test","github.com/specterops/bloodhound/cmd/api/src/api/v2/auth/TestManagementResource_OIDCCallbackHandler","TestManagementResource_OIDCCallbackHandler"
"","213","does not make feature-flag request if user is not fully authenticated","app","Sat Jul 18 06:50:26 UTC 2026","passed","Sat Jul 18 06:50:26 UTC 2026","","<Inner />","",""
"Test cases for TestResources_GetEdgeComposition","99","TestResources_GetEdgeComposition","","Sat Jul 18 06:42:14 UTC 2026","passed","Sat Jul 18 06:42:14 UTC 2026","","Go Test","github.com/specterops/bloodhound/cmd/api/src/api/v2/TestResources_GetEdgeComposition","TestResources_GetEdgeComposition"
"Test cases for TestStore_GetRelationship","0","TestStore_GetRelationship","","Sat Jul 18 06:42:49 UTC 2026","passed","Sat Jul 18 06:42:49 UTC 2026","","Go Test","github.com/specterops/bloodhound/server/graphdb/internal/appdb/TestStore_GetRelationship","TestStore_GetRelationship"
"","114","displays pinned columns and unselected columns in the dropdown","ManageColumnsComboBox","Sat Jul 18 06:45:33 UTC 2026","passed","Sat Jul 18 06:45:33 UTC 2026","","","",""
"Test cases for TestManagementResource_GetAZEntity","129","TestManagementResource_GetAZEntity","","Sat Jul 18 06:42:14 UTC 2026","passed","Sat Jul 18 06:42:14 UTC 2026","","Go Test","github.com/specterops/bloodhound/cmd/api/src/api/v2/TestManagementResource_GetAZEntity","TestManagementResource_GetAZEntity"
"Test cases for TestAnalysisStepsJSON","17","TestAnalysisStepsJSON","","Sat Jul 18 06:42:20 UTC 2026","passed","Sat Jul 18 06:42:20 UTC 2026","","Go Test","github.com/specterops/bloodhound/cmd/api/src/model/TestAnalysisStepsJSON","TestAnalysisStepsJSON"
"","531","On successful upload, displays a completion of 100% and adds a ""Complete"" button that closes the dialog","SchemaUploadDialog","Sat Jul 18 06:44:50 UTC 2026","passed","Sat Jul 18 06:44:51 UTC 2026","","","",""
"Test cases for TestLoginSuccess","0","TestLoginSuccess","","Sat Jul 18 06:42:14 UTC 2026","passed","Sat Jul 18 06:42:14 UTC 2026","","Go Test","github.com/specterops/bloodhound/cmd/api/src/api/v2/auth/TestLoginSuccess","TestLoginSuccess"
"Test cases for TestCopyMatchExpressionsSorted","1","TestCopyMatchExpressionsSorted","","Sat Jul 18 06:42:27 UTC 2026","passed","Sat Jul 18 06:42:27 UTC 2026","","Go Test","github.com/specterops/bloodhound/cmd/api/src/services/graphify/endpoint/TestCopyMatchExpressionsSorted","TestCopyMatchExpressionsSorted"
"Test cases for TestFloatFromPtr","0","TestFloatFromPtr","","Sat Jul 18 06:42:20 UTC 2026","passed","Sat Jul 18 06:42:20 UTC 2026","","Go Test","github.com/specterops/bloodhound/cmd/api/src/database/types/null/TestFloatFromPtr","TestFloatFromPtr"
"Test cases for TestResources_OpenGraphSchemaIngest","1","TestResources_OpenGraphSchemaIngest","","Sat Jul 18 06:42:14 UTC 2026","passed","Sat Jul 18 06:42:14 UTC 2026","","Go Test","github.com/specterops/bloodhound/cmd/api/src/api/v2/TestResources_OpenGraphSchemaIngest","TestResources_OpenGraphSchemaIngest"
"Test cases for TestNormalizeToUTF8_LargeInput","0","TestNormalizeToUTF8_LargeInput","","Sat Jul 18 06:42:35 UTC 2026","passed","Sat Jul 18 06:42:35 UTC 2026","","Go Test","github.com/specterops/bloodhound/packages/go/bomenc/TestNormalizeToUTF8_LargeInput","TestNormalizeToUTF8_LargeInput"
"Test cases for TestResources_UpdateSavedQuery_GetSavedQueryError","0","TestResources_UpdateSavedQuery_GetSavedQueryError","","Sat Jul 18 06:42:14 UTC 2026","passed","Sat Jul 18 06:42:14 UTC 2026","","Go Test","github.com/specterops/bloodhound/cmd/api/src/api/v2/TestResources_UpdateSavedQuery_GetSavedQueryError","TestResources_UpdateSavedQuery_GetSavedQueryError"
"","125","does not highlight the table option when isExploreTableSelected is true but isExploreLayoutSelected is false","GraphControls","Sat Jul 18 06:43:39 UTC 2026","passed","Sat Jul 18 06:43:40 UTC 2026","","Table view selection state","",""
"","5","returns empty node stats and undefined relationship stats for empty input","getLatestMetricStats","Sat Jul 18 06:45:04 UTC 2026","passed","Sat Jul 18 06:45:04 UTC 2026","","","",""
"Test cases for TestCache_Get","0","TestCache_Get","","Sat Jul 18 06:42:35 UTC 2026","passed","Sat Jul 18 06:42:35 UTC 2026","","Go Test","github.com/specterops/bloodhound/packages/go/cache/TestCache_Get","TestCache_Get"
"","118","should display the logged in user's role","UserProfile","Sat Jul 18 06:45:55 UTC 2026","passed","Sat Jul 18 06:45:55 UTC 2026","","","",""
"","58","does not auto display the table for single node responses with no edges","GraphView","Sat Jul 18 06:49:54 UTC 2026","passed","Sat Jul 18 06:49:54 UTC 2026","","Layout selection and de-selection","",""
"","2","uses the provided threshold when determining whether the scroll is close enough to the bottom","useInfiniteScroll","Sat Jul 18 06:47:27 UTC 2026","passed","Sat Jul 18 06:47:27 UTC 2026","","","",""
"Test cases for TestResources_ListADGPOAffectedUsers","0","TestResources_ListADGPOAffectedUsers","","Sat Jul 18 06:42:14 UTC 2026","passed","Sat Jul 18 06:42:14 UTC 2026","","Go Test","github.com/specterops/bloodhound/cmd/api/src/api/v2/TestResources_ListADGPOAffectedUsers","TestResources_ListADGPOAffectedUsers"
"","0","returns undefined relationship stats when only node stats are present","getLatestMetricStats","Sat Jul 18 06:45:04 UTC 2026","passed","Sat Jul 18 06:45:04 UTC 2026","","","",""
"Test cases for TestManagementResource_CreateAuthToken","11805","TestManagementResource_CreateAuthToken","","Sat Jul 18 06:42:44 UTC 2026","passed","Sat Jul 18 06:42:55 UTC 2026","","Go Test","github.com/specterops/bloodhound/cmd/api/src/api/v2/auth/TestManagementResource_CreateAuthToken","TestManagementResource_CreateAuthToken"
"","948","should not have less characters than the minimum requirement","CreateUserForm","Sat Jul 18 06:43:46 UTC 2026","passed","Sat Jul 18 06:43:47 UTC 2026","","","",""
"Test cases for TestStore_GetNodeKindsByNames","1","TestStore_GetNodeKindsByNames","","Sat Jul 18 06:42:49 UTC 2026","passed","Sat Jul 18 06:42:49 UTC 2026","","Go Test","github.com/specterops/bloodhound/server/graphdb/internal/appdb/TestStore_GetNodeKindsByNames","TestStore_GetNodeKindsByNames"
"Test cases for TestSortParseAndValidate_Parsing","0","TestSortParseAndValidate_Parsing","","Sat Jul 18 06:42:37 UTC 2026","passed","Sat Jul 18 06:42:37 UTC 2026","","Go Test","github.com/specterops/bloodhound/packages/go/params/TestSortParseAndValidate_Parsing","TestSortParseAndValidate_Parsing"
"","3","treats a missing key as null when computing the next value","useLocalStorage","Sat Jul 18 06:46:02 UTC 2026","passed","Sat Jul 18 06:46:02 UTC 2026","","functional updater","",""
"Test cases for TestBoolPointer","0","TestBoolPointer","","Sat Jul 18 06:42:20 UTC 2026","passed","Sat Jul 18 06:42:20 UTC 2026","","Go Test","github.com/specterops/bloodhound/cmd/api/src/database/types/null/TestBoolPointer","TestBoolPointer"
"","70","populates the node search field when the 'primarySearch' query param is set","useNodeSearch","Sat Jul 18 06:48:09 UTC 2026","passed","Sat Jul 18 06:48:09 UTC 2026","","","",""
"Test cases for TestWriteResultJson","0","TestWriteResultJson","","Sat Jul 18 06:42:29 UTC 2026","passed","Sat Jul 18 06:42:29 UTC 2026","","Go Test","github.com/specterops/bloodhound/cmd/api/src/utils/TestWriteResultJson","TestWriteResultJson"
"","69","adds a notification - checks values","AppNotifications","Sat Jul 18 06:47:49 UTC 2026","passed","Sat Jul 18 06:47:49 UTC 2026","","","",""
"Test cases for TestAssetGroupMembers_BuildFilteringConditional_Error","0","TestAssetGroupMembers_BuildFilteringConditional_Error","","Sat Jul 18 06:42:01 UTC 2026","passed","Sat Jul 18 06:42:01 UTC 2026","","Go Test","github.com/specterops/bloodhound/cmd/api/src/api/TestAssetGroupMembers_BuildFilteringConditional_Error","TestAssetGroupMembers_BuildFilteringConditional_Error"
"Test cases for TestIntValueOrZero","0","TestIntValueOrZero","","Sat Jul 18 06:42:20 UTC 2026","passed","Sat Jul 18 06:42:20 UTC 2026","","Go Test","github.com/specterops/bloodhound/cmd/api/src/database/types/null/TestIntValueOrZero","TestIntValueOrZero"
"","70","renders a link to the documentation","BloodHoundConfiguration","Sat Jul 18 06:50:41 UTC 2026","passed","Sat Jul 18 06:50:41 UTC 2026","","","",""
"","131","invokes handleFilterChange with eq:true when clicked and custom_member filter is off","AssetGroupEdit","Sat Jul 18 06:45:38 UTC 2026","passed","Sat Jul 18 06:45:38 UTC 2026","","Custom Member checkbox filter","",""
"","107","renders a ListItemActionMenu component","ListItemActionMenu","Sat Jul 18 06:47:30 UTC 2026","passed","Sat Jul 18 06:47:30 UTC 2026","","","",""
"Test cases for TestJSONFloat_MarshalJSON_NaN","0","TestJSONFloat_MarshalJSON_NaN","","Sat Jul 18 06:42:20 UTC 2026","passed","Sat Jul 18 06:42:20 UTC 2026","","Go Test","github.com/specterops/bloodhound/cmd/api/src/database/types/nan/TestJSONFloat_MarshalJSON_NaN","TestJSONFloat_MarshalJSON_NaN"
"","10165","filter selections are rolled back if user closes modal with the cancel button","EdgeFilter","Sat Jul 18 06:46:38 UTC 2026","passed","Sat Jul 18 06:46:48 UTC 2026","","","",""
"","129","does not list sso providers for a role without both the manage providers and read provider permissions","SSOConfiguration","Sat Jul 18 06:44:54 UTC 2026","passed","Sat Jul 18 06:44:54 UTC 2026","","","",""
"","12","sets autoDisplayTable to false if query returns nodes only but the enabled prop is false","useExploreTableAutoDisplay","Sat Jul 18 06:47:52 UTC 2026","passed","Sat Jul 18 06:47:52 UTC 2026","","","",""
"","48","should display a message","CypherSearchMessage","Sat Jul 18 06:49:29 UTC 2026","passed","Sat Jul 18 06:49:29 UTC 2026","","","",""
"Test cases for TestNewManifest","0","TestNewManifest","","Sat Jul 18 06:42:20 UTC 2026","passed","Sat Jul 18 06:42:20 UTC 2026","","Go Test","github.com/specterops/bloodhound/cmd/api/src/database/migration/TestNewManifest","TestNewManifest"
"","198","The edge properties are fetched through the relationship endpoint which includes lastseen","EdgeObjectInformation","Sat Jul 18 06:48:42 UTC 2026","passed","Sat Jul 18 06:48:43 UTC 2026","","","",""
"Test cases for TestWriteAndValidateJSON","1","TestWriteAndValidateJSON","","Sat Jul 18 06:42:28 UTC 2026","passed","Sat Jul 18 06:42:28 UTC 2026","","Go Test","github.com/specterops/bloodhound/cmd/api/src/services/upload/TestWriteAndValidateJSON","TestWriteAndValidateJSON"
"","1","handles null or empty madeBy","createHistoryParams","Sat Jul 18 06:48:16 UTC 2026","passed","Sat Jul 18 06:48:16 UTC 2026","","","",""
"","99","renders a list of pre-built searches","PrebuiltSearchList","Sat Jul 18 06:46:42 UTC 2026","passed","Sat Jul 18 06:46:42 UTC 2026","","","",""
"","5","returns paramValue if it is one of the expected values","useExploreParams","Sat Jul 18 06:49:26 UTC 2026","passed","Sat Jul 18 06:49:26 UTC 2026","","parseSearchType","",""
"","1277","a cypher search 404 does not render the GraphViewErrorAlert","GraphView","Sat Jul 18 06:49:47 UTC 2026","passed","Sat Jul 18 06:49:48 UTC 2026","","","",""
"","986","should display all available roles","UpdateUserDialog","Sat Jul 18 06:44:39 UTC 2026","passed","Sat Jul 18 06:44:40 UTC 2026","","","",""
"","45","passes data to testing component","SavedQueriesProvider","Sat Jul 18 06:48:52 UTC 2026","passed","Sat Jul 18 06:48:52 UTC 2026","","","",""
"","0","returns a function that does not update searchParams if a key is not found in the updatedParams","searchParams","Sat Jul 18 06:47:29 UTC 2026","passed","Sat Jul 18 06:47:29 UTC 2026","","setSingleParamFactory","",""
"","88","sorts items by position ascending","KindInfoItems","Sat Jul 18 06:46:05 UTC 2026","passed","Sat Jul 18 06:46:05 UTC 2026","","","",""
"Test cases for TestManagementResource_DeleteUser_UserCannotSelfDelete","1049","TestManagementResource_DeleteUser_UserCannotSelfDelete","","Sat Jul 18 06:42:36 UTC 2026","passed","Sat Jul 18 06:42:37 UTC 2026","","Go Test","github.com/specterops/bloodhound/cmd/api/src/api/v2/auth/TestManagementResource_DeleteUser_UserCannotSelfDelete","TestManagementResource_DeleteUser_UserCannotSelfDelete"
"Test cases for TestResources_UpdateSavedQuery_InvalidBody","0","TestResources_UpdateSavedQuery_InvalidBody","","Sat Jul 18 06:42:14 UTC 2026","passed","Sat Jul 18 06:42:14 UTC 2026","","Go Test","github.com/specterops/bloodhound/cmd/api/src/api/v2/TestResources_UpdateSavedQuery_InvalidBody","TestResources_UpdateSavedQuery_InvalidBody"
"","254","displays validation error messages when Save button is clicked and no form input is provided","PasswordDialog","Sat Jul 18 06:44:01 UTC 2026","passed","Sat Jul 18 06:44:02 UTC 2026","","","",""
"Test cases for TestActivateMFA_Failure","667","TestActivateMFA_Failure","","Sat Jul 18 06:42:54 UTC 2026","passed","Sat Jul 18 06:42:55 UTC 2026","","Go Test","github.com/specterops/bloodhound/cmd/api/src/api/v2/auth/TestActivateMFA_Failure","TestActivateMFA_Failure"
"Test cases for TestNewPipelineHandlesAllBHCEAnalysisSteps","0","TestNewPipelineHandlesAllBHCEAnalysisSteps","","Sat Jul 18 06:42:33 UTC 2026","passed","Sat Jul 18 06:42:33 UTC 2026","","Go Test","github.com/specterops/bloodhound/packages/go/analysis/TestNewPipelineHandlesAllBHCEAnalysisSteps","TestNewPipelineHandlesAllBHCEAnalysisSteps"
"","143","renders a single item when items is an object","<DetailsAccordion />","Sat Jul 18 06:45:29 UTC 2026","passed","Sat Jul 18 06:45:29 UTC 2026","","","",""
"","911","does not allow confirmation while dates are invalid","FileIngestFilterDialog","Sat Jul 18 06:45:11 UTC 2026","passed","Sat Jul 18 06:45:12 UTC 2026","","Date Range Inputs","",""
"","4","returns the full inbound and outbound path when selecting a middle node","SigmaChart Utils","Sat Jul 18 06:50:20 UTC 2026","passed","Sat Jul 18 06:50:20 UTC 2026","when a node is selected","getFullPathHighlightedEntities","",""
"","0","does not set environment_kind_id on the known types","getOpenGraphEnvironmentInfoMap","Sat Jul 18 06:43:31 UTC 2026","passed","Sat Jul 18 06:43:31 UTC 2026","","","",""
"","0","should return an object denoting that the property is not in the schema when it is unrecognized","validating a node property against the shared generated schema","Sat Jul 18 06:45:27 UTC 2026","passed","Sat Jul 18 06:45:27 UTC 2026","","","",""
"","28","upon selecting just a destination node, updates the URL with a searchType of 'node' and secondarySearch of the node's objectid","usePathfindingSearch","Sat Jul 18 06:46:19 UTC 2026","passed","Sat Jul 18 06:46:19 UTC 2026","","","",""
"Test cases for TestGetLatestQueryParameter","0","TestGetLatestQueryParameter","","Sat Jul 18 06:42:14 UTC 2026","passed","Sat Jul 18 06:42:14 UTC 2026","","Go Test","github.com/specterops/bloodhound/cmd/api/src/api/v2/TestGetLatestQueryParameter","TestGetLatestQueryParameter"
"","125","shows the direct object and expanded object list when results are present for both","Seed Selection Results","Sat Jul 18 06:45:25 UTC 2026","passed","Sat Jul 18 06:45:25 UTC 2026","","","",""
"","10","sets autoDisplayTable to false if query type is pathfinding","useExploreTableAutoDisplay","Sat Jul 18 06:47:52 UTC 2026","passed","Sat Jul 18 06:47:52 UTC 2026","","","",""
"Test cases for TestResources_ListPublishedTemplates","0","TestResources_ListPublishedTemplates","","Sat Jul 18 06:42:14 UTC 2026","passed","Sat Jul 18 06:42:14 UTC 2026","","Go Test","github.com/specterops/bloodhound/cmd/api/src/api/v2/TestResources_ListPublishedTemplates","TestResources_ListPublishedTemplates"
"Test cases for TestJSONFloat_UnmarshalJSON","0","TestJSONFloat_UnmarshalJSON","","Sat Jul 18 06:42:20 UTC 2026","passed","Sat Jul 18 06:42:20 UTC 2026","","Go Test","github.com/specterops/bloodhound/cmd/api/src/database/types/nan/TestJSONFloat_UnmarshalJSON","TestJSONFloat_UnmarshalJSON"
"Test cases for TestTypes_Value","0","TestTypes_Value","","Sat Jul 18 06:42:20 UTC 2026","passed","Sat Jul 18 06:42:20 UTC 2026","","Go Test","github.com/specterops/bloodhound/cmd/api/src/database/types/TestTypes_Value","TestTypes_Value"
"Test cases for TestContextMiddleware_InvalidWait","0","TestContextMiddleware_InvalidWait","","Sat Jul 18 06:42:04 UTC 2026","passed","Sat Jul 18 06:42:04 UTC 2026","","Go Test","github.com/specterops/bloodhound/cmd/api/src/api/middleware/TestContextMiddleware_InvalidWait","TestContextMiddleware_InvalidWait"
"","109","returns Tag Object counts when there is a Tag selected but no Rule selected (ruleId is undefined from path params)","useObjectCounts","Sat Jul 18 06:48:42 UTC 2026","passed","Sat Jul 18 06:48:42 UTC 2026","","","",""
"Test cases for TestService_CancelAnalysisRequest","0","TestService_CancelAnalysisRequest","","Sat Jul 18 06:42:43 UTC 2026","passed","Sat Jul 18 06:42:43 UTC 2026","","Go Test","github.com/specterops/bloodhound/server/analysis/internal/services/TestService_CancelAnalysisRequest","TestService_CancelAnalysisRequest"
"Test cases for TestStringSetValid","0","TestStringSetValid","","Sat Jul 18 06:42:20 UTC 2026","passed","Sat Jul 18 06:42:20 UTC 2026","","Go Test","github.com/specterops/bloodhound/cmd/api/src/database/types/null/TestStringSetValid","TestStringSetValid"
"","855","should render a create user form","CreateUserDialog","Sat Jul 18 06:44:12 UTC 2026","passed","Sat Jul 18 06:44:13 UTC 2026","","","",""
"Test cases for TestArgon2_ParseDigest","0","TestArgon2_ParseDigest","","Sat Jul 18 06:42:35 UTC 2026","passed","Sat Jul 18 06:42:35 UTC 2026","","Go Test","github.com/specterops/bloodhound/packages/go/crypto/TestArgon2_ParseDigest","TestArgon2_ParseDigest"
"","173","renders details for a selected rule and is of type ""Cypher""","DynamicDetails","Sat Jul 18 06:46:00 UTC 2026","passed","Sat Jul 18 06:46:00 UTC 2026","","","",""
"","1165","renders the form for editing an existing rule","Rule Form","Sat Jul 18 06:43:19 UTC 2026","passed","Sat Jul 18 06:43:20 UTC 2026","","","",""
"","259","renders a preview version","PrivilegeZonesCypherEditor Search component for Zone Management","Sat Jul 18 06:48:00 UTC 2026","passed","Sat Jul 18 06:48:01 UTC 2026","","","",""
"","0","returns paramValue as EnvironmentAggregation for unknown values (custom types)","useEnvironmentParams","Sat Jul 18 06:49:18 UTC 2026","passed","Sat Jul 18 06:49:18 UTC 2026","","parseEnvironmentAggregation","",""
"Test cases for TestStringEqual","0","TestStringEqual","","Sat Jul 18 06:42:20 UTC 2026","passed","Sat Jul 18 06:42:20 UTC 2026","","Go Test","github.com/specterops/bloodhound/cmd/api/src/database/types/null/TestStringEqual","TestStringEqual"
"","0","returns the known info map values for a known type (Active Directory)","getOpenGraphEnvironmentInfo","Sat Jul 18 06:43:31 UTC 2026","passed","Sat Jul 18 06:43:31 UTC 2026","","","",""
"","0","returns the known info map values for a known type (Azure)","getOpenGraphEnvironmentInfo","Sat Jul 18 06:43:31 UTC 2026","passed","Sat Jul 18 06:43:31 UTC 2026","","","",""
"Test cases for TestResources_GetAssetGroupTagMemberInfo","0","TestResources_GetAssetGroupTagMemberInfo","","Sat Jul 18 06:42:14 UTC 2026","passed","Sat Jul 18 06:42:14 UTC 2026","","Go Test","github.com/specterops/bloodhound/cmd/api/src/api/v2/TestResources_GetAssetGroupTagMemberInfo","TestResources_GetAssetGroupTagMemberInfo"
"Test cases for TestResources_ListADDomainContainedGPOs","0","TestResources_ListADDomainContainedGPOs","","Sat Jul 18 06:42:14 UTC 2026","passed","Sat Jul 18 06:42:14 UTC 2026","","Go Test","github.com/specterops/bloodhound/cmd/api/src/api/v2/TestResources_ListADDomainContainedGPOs","TestResources_ListADDomainContainedGPOs"
"Test cases for TestResources_GetSavedQuery","25","TestResources_GetSavedQuery","","Sat Jul 18 06:42:14 UTC 2026","passed","Sat Jul 18 06:42:14 UTC 2026","","Go Test","github.com/specterops/bloodhound/cmd/api/src/api/v2/TestResources_GetSavedQuery","TestResources_GetSavedQuery"
"","29","returns undefined if environmentId searched for is not found","useAvailableEnvironments","Sat Jul 18 06:46:25 UTC 2026","passed","Sat Jul 18 06:46:25 UTC 2026","","useSelectedEnvironment","",""
"","349","filling in the name value allows updating the selector and navigates back to the details page","Tag Form","Sat Jul 18 06:43:09 UTC 2026","passed","Sat Jul 18 06:43:10 UTC 2026","","","",""
"","106","renders a button when actor is not BloodHoundString and note exists","NoteCell component","Sat Jul 18 06:47:42 UTC 2026","passed","Sat Jul 18 06:47:42 UTC 2026","","","",""
"Test cases for TestManagementResource_ListPermissions_PredicateMismatchWithColumn","0","TestManagementResource_ListPermissions_PredicateMismatchWithColumn","","Sat Jul 18 06:42:20 UTC 2026","passed","Sat Jul 18 06:42:20 UTC 2026","","Go Test","github.com/specterops/bloodhound/cmd/api/src/api/v2/auth/TestManagementResource_ListPermissions_PredicateMismatchWithColumn","TestManagementResource_ListPermissions_PredicateMismatchWithColumn"
"","506","should display ""Configure Multi-Factor Authentication"" title","Enable2FADialog","Sat Jul 18 06:46:41 UTC 2026","passed","Sat Jul 18 06:46:42 UTC 2026","","","",""
"","668","should initiate data loading when an item is selected","Simple Environment Selector","Sat Jul 18 06:44:59 UTC 2026","passed","Sat Jul 18 06:45:00 UTC 2026","","","",""
"Test cases for TestResources_ListAuditLogs_SortingError","0","TestResources_ListAuditLogs_SortingError","","Sat Jul 18 06:42:14 UTC 2026","passed","Sat Jul 18 06:42:14 UTC 2026","","Go Test","github.com/specterops/bloodhound/cmd/api/src/api/v2/TestResources_ListAuditLogs_SortingError","TestResources_ListAuditLogs_SortingError"
"","580","toggles a source kind on with all nested graph data options","GraphDataCheckboxes","Sat Jul 18 06:44:41 UTC 2026","passed","Sat Jul 18 06:44:41 UTC 2026","","","",""
"Test cases for Test_ParseGraphSortParameters_Success","0","Test_ParseGraphSortParameters_Success","","Sat Jul 18 06:42:01 UTC 2026","passed","Sat Jul 18 06:42:01 UTC 2026","","Go Test","github.com/specterops/bloodhound/cmd/api/src/api/Test_ParseGraphSortParameters_Success","Test_ParseGraphSortParameters_Success"
"","49","renders relationship kind items with correct test-id","KindInfoItems","Sat Jul 18 06:46:04 UTC 2026","passed","Sat Jul 18 06:46:05 UTC 2026","","","",""
"","83","should on clicking remove call clearSelectedItem","EdgeInfoHeader","Sat Jul 18 06:47:38 UTC 2026","passed","Sat Jul 18 06:47:38 UTC 2026","","","",""
"","190","calls setExploreParams with searchType and relationshipQueryItemId when selecting a composition accordion","EdgeInfoContent","Sat Jul 18 06:43:52 UTC 2026","passed","Sat Jul 18 06:43:52 UTC 2026","","EdgeInfoContent support for Deep Linking","",""
"Test cases for TestParseKind","1","TestParseKind","","Sat Jul 18 06:42:35 UTC 2026","passed","Sat Jul 18 06:42:35 UTC 2026","","Go Test","github.com/specterops/bloodhound/packages/go/ein/TestParseKind","TestParseKind"
"","732","disables the delete button and all checkboxes if the user lacks permission","DatabaseManagement","Sat Jul 18 06:49:48 UTC 2026","passed","Sat Jul 18 06:49:49 UTC 2026","","","",""
"","290","toggles sort order when clicking sortable header","RulesAccordion","Sat Jul 18 06:46:54 UTC 2026","passed","Sat Jul 18 06:46:54 UTC 2026","","","",""
"Test cases for TestLoginExpiry","0","TestLoginExpiry","","Sat Jul 18 06:42:55 UTC 2026","passed","Sat Jul 18 06:42:55 UTC 2026","","Go Test","github.com/specterops/bloodhound/cmd/api/src/api/v2/auth/TestLoginExpiry","TestLoginExpiry"
"Test cases for TestRoleMembers","1","TestRoleMembers","","Sat Jul 18 06:42:34 UTC 2026","passed","Sat Jul 18 06:42:34 UTC 2026","","Go Test","github.com/specterops/bloodhound/packages/go/analysis/azure/TestRoleMembers","TestRoleMembers"
"Test cases for TestNodeNamePrefix_AppendSuffix","0","TestNodeNamePrefix_AppendSuffix","","Sat Jul 18 06:42:34 UTC 2026","passed","Sat Jul 18 06:42:34 UTC 2026","","Go Test","github.com/specterops/bloodhound/packages/go/analysis/ad/wellknown/TestNodeNamePrefix_AppendSuffix","TestNodeNamePrefix_AppendSuffix"
"Test cases for TestResources_DeleteSavedQueryPermissions","1","TestResources_DeleteSavedQueryPermissions","","Sat Jul 18 06:42:14 UTC 2026","passed","Sat Jul 18 06:42:14 UTC 2026","","Go Test","github.com/specterops/bloodhound/cmd/api/src/api/v2/TestResources_DeleteSavedQueryPermissions","TestResources_DeleteSavedQueryPermissions"
"","1936","handles posting a mutation","DatabaseManagement","Sat Jul 18 06:49:52 UTC 2026","passed","Sat Jul 18 06:49:54 UTC 2026","","","",""
"","66","returns when zone limit is reached","useTagLimits","Sat Jul 18 06:43:58 UTC 2026","passed","Sat Jul 18 06:43:58 UTC 2026","","","",""
"","11","does not render when selector data is not defined","Delete Selector Button rendering","Sat Jul 18 06:48:52 UTC 2026","passed","Sat Jul 18 06:48:52 UTC 2026","","","",""
"Test cases for Test_ParseAndValidatePayload","5","Test_ParseAndValidatePayload","","Sat Jul 18 06:42:28 UTC 2026","passed","Sat Jul 18 06:42:28 UTC 2026","","Go Test","github.com/specterops/bloodhound/cmd/api/src/services/upload/Test_ParseAndValidatePayload","Test_ParseAndValidatePayload"
"","0","returns false when the response contains relationship_id instead","isNodeResponse","Sat Jul 18 06:46:09 UTC 2026","passed","Sat Jul 18 06:46:09 UTC 2026","","","",""
"Test cases for TestManagementResource_ListUsers_PredicateMismatchWithColumn","0","TestManagementResource_ListUsers_PredicateMismatchWithColumn","","Sat Jul 18 06:42:20 UTC 2026","passed","Sat Jul 18 06:42:20 UTC 2026","","Go Test","github.com/specterops/bloodhound/cmd/api/src/api/v2/auth/TestManagementResource_ListUsers_PredicateMismatchWithColumn","TestManagementResource_ListUsers_PredicateMismatchWithColumn"
"Test cases for Test_filterAndFormatSearchResults","0","Test_filterAndFormatSearchResults","","Sat Jul 18 06:42:14 UTC 2026","passed","Sat Jul 18 06:42:14 UTC 2026","","Go Test","github.com/specterops/bloodhound/cmd/api/src/api/v2/Test_filterAndFormatSearchResults","Test_filterAndFormatSearchResults"
"","12","does not return when label limit is not reached","useTagLimits","Sat Jul 18 06:43:58 UTC 2026","passed","Sat Jul 18 06:43:58 UTC 2026","","","",""
"Test cases for TestService_CreateRequest","1","TestService_CreateRequest","","Sat Jul 18 06:42:43 UTC 2026","passed","Sat Jul 18 06:42:43 UTC 2026","","Go Test","github.com/specterops/bloodhound/server/analysis/internal/services/TestService_CreateRequest","TestService_CreateRequest"
"","275","Displays a notification when an error happened when requesting analysis","AnalyzeNowConfiguration","Sat Jul 18 06:46:02 UTC 2026","passed","Sat Jul 18 06:46:02 UTC 2026","","","",""
"Test cases for TestMatches_FailureStatus","0","TestMatches_FailureStatus","","Sat Jul 18 06:42:20 UTC 2026","passed","Sat Jul 18 06:42:20 UTC 2026","","Go Test","github.com/specterops/bloodhound/cmd/api/src/model/TestMatches_FailureStatus","TestMatches_FailureStatus"
"","1601","should render","EntityInfoHeader","Sat Jul 18 06:47:16 UTC 2026","passed","Sat Jul 18 06:47:18 UTC 2026","","","",""
"Test cases for TestStringFromPtr","0","TestStringFromPtr","","Sat Jul 18 06:42:20 UTC 2026","passed","Sat Jul 18 06:42:20 UTC 2026","","Go Test","github.com/specterops/bloodhound/cmd/api/src/database/types/null/TestStringFromPtr","TestStringFromPtr"
"Test cases for TestSetValue","1","TestSetValue","","Sat Jul 18 06:42:15 UTC 2026","passed","Sat Jul 18 06:42:15 UTC 2026","","Go Test","github.com/specterops/bloodhound/cmd/api/src/config/TestSetValue","TestSetValue"
"","14","dedupes edges before adding them to the graph","Explore utils","Sat Jul 18 06:50:10 UTC 2026","passed","Sat Jul 18 06:50:10 UTC 2026","","initGraph","",""
"","117","should redirect to nested /file-ingest route if user navigates to /","Administration","Sat Jul 18 06:50:34 UTC 2026","passed","Sat Jul 18 06:50:34 UTC 2026","","","",""
"Test cases for TestManagementResource_SSOCallbackHandler","6","TestManagementResource_SSOCallbackHandler","","Sat Jul 18 06:42:55 UTC 2026","passed","Sat Jul 18 06:42:55 UTC 2026","","Go Test","github.com/specterops/bloodhound/cmd/api/src/api/v2/auth/TestManagementResource_SSOCallbackHandler","TestManagementResource_SSOCallbackHandler"
"Test cases for TestResources_ListTrustedCAs","0","TestResources_ListTrustedCAs","","Sat Jul 18 06:42:14 UTC 2026","passed","Sat Jul 18 06:42:14 UTC 2026","","Go Test","github.com/specterops/bloodhound/cmd/api/src/api/v2/TestResources_ListTrustedCAs","TestResources_ListTrustedCAs"
"","956","should eventually render previously configured SSO providers","SSOConfiguration","Sat Jul 18 06:44:49 UTC 2026","passed","Sat Jul 18 06:44:50 UTC 2026","","","",""
"Test cases for TestQueries_BuildEntityQueryParams_DataTypeCount","0","TestQueries_BuildEntityQueryParams_DataTypeCount","","Sat Jul 18 06:42:22 UTC 2026","passed","Sat Jul 18 06:42:22 UTC 2026","","Go Test","github.com/specterops/bloodhound/cmd/api/src/queries/TestQueries_BuildEntityQueryParams_DataTypeCount","TestQueries_BuildEntityQueryParams_DataTypeCount"
"Test cases for Test_GetAssetGroupMembersByTag","6","Test_GetAssetGroupMembersByTag","","Sat Jul 18 06:42:14 UTC 2026","passed","Sat Jul 18 06:42:14 UTC 2026","","Go Test","github.com/specterops/bloodhound/cmd/api/src/api/v2/Test_GetAssetGroupMembersByTag","Test_GetAssetGroupMembersByTag"
"","6599","closes explore search tab menu when search returns one node, entity info panel remains open","CypherSearch","Sat Jul 18 06:44:20 UTC 2026","passed","Sat Jul 18 06:44:26 UTC 2026","","Minimize explorer page elements when multiple nodes are returned","",""
"Test cases for TestDatabase_GetAssetGroupTag","4","TestDatabase_GetAssetGroupTag","","Sat Jul 18 06:42:14 UTC 2026","passed","Sat Jul 18 06:42:14 UTC 2026","","Go Test","github.com/specterops/bloodhound/cmd/api/src/api/v2/TestDatabase_GetAssetGroupTag","TestDatabase_GetAssetGroupTag"
"Test cases for TestResources_GetAssetGroupTags","3","TestResources_GetAssetGroupTags","","Sat Jul 18 06:42:14 UTC 2026","passed","Sat Jul 18 06:42:14 UTC 2026","","Go Test","github.com/specterops/bloodhound/cmd/api/src/api/v2/TestResources_GetAssetGroupTags","TestResources_GetAssetGroupTags"
"","1","returns empty arrays when kinds data has empty arrays","graphSchema","Sat Jul 18 06:48:37 UTC 2026","passed","Sat Jul 18 06:48:37 UTC 2026","","","",""
"Test cases for TestDomainSelectors_GetFilterCriteria_Success_Empty","0","TestDomainSelectors_GetFilterCriteria_Success_Empty","","Sat Jul 18 06:42:20 UTC 2026","passed","Sat Jul 18 06:42:20 UTC 2026","","Go Test","github.com/specterops/bloodhound/cmd/api/src/model/TestDomainSelectors_GetFilterCriteria_Success_Empty","TestDomainSelectors_GetFilterCriteria_Success_Empty"
"","389","should not call onSave when Save button is clicked and form input is invalid","CreateUserDialog","Sat Jul 18 06:44:13 UTC 2026","passed","Sat Jul 18 06:44:14 UTC 2026","","","",""
"Test cases for TestService","0","TestService","","Sat Jul 18 06:42:25 UTC 2026","passed","Sat Jul 18 06:42:25 UTC 2026","","Go Test","github.com/specterops/bloodhound/cmd/api/src/services/dogtags/TestService","TestService"
"Test cases for TestDetectContentType","9","TestDetectContentType","","Sat Jul 18 06:42:40 UTC 2026","passed","Sat Jul 18 06:42:40 UTC 2026","","Go Test","github.com/specterops/bloodhound/packages/go/storage/TestDetectContentType","TestDetectContentType"
"","381","disables the create provider button for a user with the auditor role","SSOConfiguration","Sat Jul 18 06:44:52 UTC 2026","passed","Sat Jul 18 06:44:53 UTC 2026","","","",""
"","142","calls handleInitialEnvironment with the highest impactValue as the initial environment","useInitialEnvironment","Sat Jul 18 06:47:55 UTC 2026","passed","Sat Jul 18 06:47:55 UTC 2026","","","",""
"","323","handles creating a new zone","Tag Form","Sat Jul 18 06:43:10 UTC 2026","passed","Sat Jul 18 06:43:10 UTC 2026","","","",""
"Test cases for TestUnmarshalFloat","0","TestUnmarshalFloat","","Sat Jul 18 06:42:20 UTC 2026","passed","Sat Jul 18 06:42:20 UTC 2026","","Go Test","github.com/specterops/bloodhound/cmd/api/src/database/types/null/TestUnmarshalFloat","TestUnmarshalFloat"
"","208","invokes handleFilterChange with eq:false when clicked and custom_member filter is on","AssetGroupEdit","Sat Jul 18 06:45:37 UTC 2026","passed","Sat Jul 18 06:45:38 UTC 2026","","Custom Member checkbox filter","",""
"","11","renders TenantInfo for a collected azure environment","getStatsComponent","Sat Jul 18 06:47:39 UTC 2026","passed","Sat Jul 18 06:47:39 UTC 2026","","","",""
"","192","calls setExploreParams with only the expandedSection label when selecting any accordion that is not composition","EdgeInfoContent","Sat Jul 18 06:43:52 UTC 2026","passed","Sat Jul 18 06:43:52 UTC 2026","","EdgeInfoContent support for Deep Linking","",""
"Test cases for TestAnalysisPipelineStepResultString","1","TestAnalysisPipelineStepResultString","","Sat Jul 18 06:42:33 UTC 2026","passed","Sat Jul 18 06:42:33 UTC 2026","","Go Test","github.com/specterops/bloodhound/packages/go/analysis/TestAnalysisPipelineStepResultString","TestAnalysisPipelineStepResultString"
"Test cases for TestNewAuditLog_Error","0","TestNewAuditLog_Error","","Sat Jul 18 06:42:20 UTC 2026","passed","Sat Jul 18 06:42:20 UTC 2026","","Go Test","github.com/specterops/bloodhound/cmd/api/src/database/TestNewAuditLog_Error","TestNewAuditLog_Error"
"","306","should render","Rule Object Select","Sat Jul 18 06:47:34 UTC 2026","passed","Sat Jul 18 06:47:35 UTC 2026","","","",""
"","0","returns paramValue as EnvironmentAggregation if paramValue is active-directory","useEnvironmentParams","Sat Jul 18 06:49:18 UTC 2026","passed","Sat Jul 18 06:49:18 UTC 2026","","parseEnvironmentAggregation","",""
"","0","No type was provided and no results were available","Getting the text for the disabled item display for a search when there are no results","Sat Jul 18 06:48:04 UTC 2026","passed","Sat Jul 18 06:48:04 UTC 2026","","Empty data states","",""
"","962","disables the confirm button until user types required text","Tag Form","Sat Jul 18 06:43:11 UTC 2026","passed","Sat Jul 18 06:43:12 UTC 2026","","","",""
"","14","displays CaretDownOutline icon when the sortOrder is undefined","ColumnHeaders","Sat Jul 18 06:46:36 UTC 2026","passed","Sat Jul 18 06:46:36 UTC 2026","","SortableHeader","",""
"Test cases for TestService_GetFlagByKey","0","TestService_GetFlagByKey","","Sat Jul 18 06:42:49 UTC 2026","passed","Sat Jul 18 06:42:49 UTC 2026","","Go Test","github.com/specterops/bloodhound/server/featureflags/internal/services/TestService_GetFlagByKey","TestService_GetFlagByKey"
"","163","does not show View in Explore if in object rule type","Seed Selection Results","Sat Jul 18 06:45:25 UTC 2026","passed","Sat Jul 18 06:45:25 UTC 2026","","","",""
"","1250","opens a submenu when user hovers over `Copy`","ContextMenu","Sat Jul 18 06:50:10 UTC 2026","passed","Sat Jul 18 06:50:11 UTC 2026","","","",""
"","27","should not render a Field when the provided value is []","Field","Sat Jul 18 06:48:33 UTC 2026","passed","Sat Jul 18 06:48:33 UTC 2026","","","",""
"Test cases for TestResources_ListAuditLogs_PredicateMismatchWithColumn","0","TestResources_ListAuditLogs_PredicateMismatchWithColumn","","Sat Jul 18 06:42:14 UTC 2026","passed","Sat Jul 18 06:42:14 UTC 2026","","Go Test","github.com/specterops/bloodhound/cmd/api/src/api/v2/TestResources_ListAuditLogs_PredicateMismatchWithColumn","TestResources_ListAuditLogs_PredicateMismatchWithColumn"
"Test cases for TestManagementResource_SAMLCallbackHandler","15","TestManagementResource_SAMLCallbackHandler","","Sat Jul 18 06:42:55 UTC 2026","passed","Sat Jul 18 06:42:55 UTC 2026","","Go Test","github.com/specterops/bloodhound/cmd/api/src/api/v2/auth/TestManagementResource_SAMLCallbackHandler","TestManagementResource_SAMLCallbackHandler"
"","177","renders a button for opening the dialog","SchemaUploadDialog","Sat Jul 18 06:44:49 UTC 2026","passed","Sat Jul 18 06:44:49 UTC 2026","","","",""
"","183","navigates to previous history entry when warning dialog is cancelled","EarlyAccessFeatures","Sat Jul 18 06:50:18 UTC 2026","passed","Sat Jul 18 06:50:18 UTC 2026","","","",""
"","0","excludes non-collected environments when risk filter is active","filterAndSearchEnvironments","Sat Jul 18 06:43:31 UTC 2026","passed","Sat Jul 18 06:43:31 UTC 2026","","risk filters","",""
"Test cases for TestAssetGroupMembers_SortBy","0","TestAssetGroupMembers_SortBy","","Sat Jul 18 06:42:01 UTC 2026","passed","Sat Jul 18 06:42:01 UTC 2026","","Go Test","github.com/specterops/bloodhound/cmd/api/src/api/TestAssetGroupMembers_SortBy","TestAssetGroupMembers_SortBy"
"","637","toggles parent from all to none","GraphDataCheckboxes","Sat Jul 18 06:44:39 UTC 2026","passed","Sat Jul 18 06:44:40 UTC 2026","","","",""
"","0","returns all collected environments when aggegation type is all","getEnvironmentAggregationIds","Sat Jul 18 06:43:31 UTC 2026","passed","Sat Jul 18 06:43:31 UTC 2026","","","",""
"Test cases for TestStorageFileService_ListFiles","3","TestStorageFileService_ListFiles","","Sat Jul 18 06:42:40 UTC 2026","passed","Sat Jul 18 06:42:40 UTC 2026","","Go Test","github.com/specterops/bloodhound/packages/go/storage/TestStorageFileService_ListFiles","TestStorageFileService_ListFiles"
"","764","AZRole information panel will not display a section for PIM Assignments","EntityInfoContent","Sat Jul 18 06:48:16 UTC 2026","passed","Sat Jul 18 06:48:17 UTC 2026","","","",""
"","1","should compute coordinates along a quadratic bezier curve for a given t value","bezier","Sat Jul 18 06:50:18 UTC 2026","passed","Sat Jul 18 06:50:18 UTC 2026","","","",""
"Test cases for TestResources_DeleteSavedQuery_DBError","0","TestResources_DeleteSavedQuery_DBError","","Sat Jul 18 06:42:14 UTC 2026","passed","Sat Jul 18 06:42:14 UTC 2026","","Go Test","github.com/specterops/bloodhound/cmd/api/src/api/v2/TestResources_DeleteSavedQuery_DBError","TestResources_DeleteSavedQuery_DBError"
"Test cases for TestResources_GetNTAuthStoreEntityInfo","227","TestResources_GetNTAuthStoreEntityInfo","","Sat Jul 18 06:42:14 UTC 2026","passed","Sat Jul 18 06:42:14 UTC 2026","","Go Test","github.com/specterops/bloodhound/cmd/api/src/api/v2/TestResources_GetNTAuthStoreEntityInfo","TestResources_GetNTAuthStoreEntityInfo"
"Test cases for TestGormLogAdapter_Info","0","TestGormLogAdapter_Info","","Sat Jul 18 06:42:20 UTC 2026","passed","Sat Jul 18 06:42:20 UTC 2026","","Go Test","github.com/specterops/bloodhound/cmd/api/src/database/TestGormLogAdapter_Info","TestGormLogAdapter_Info"
"","0","propagates environment_kind_id when provided","getOpenGraphEnvironmentInfo","Sat Jul 18 06:43:31 UTC 2026","passed","Sat Jul 18 06:43:31 UTC 2026","","","",""
"","0","returns null for an open graph platform aggregate without a kind id","getStatsComponent","Sat Jul 18 06:47:39 UTC 2026","passed","Sat Jul 18 06:47:39 UTC 2026","","","",""
"","13","when password is expired and not on password reset page, redirects to password reset page","AuthenticatedRoute","Sat Jul 18 06:50:17 UTC 2026","passed","Sat Jul 18 06:50:17 UTC 2026","","","",""
"","17","function should return 1 when first param is larger, no matter the data type","Compare function for explore table sort","Sat Jul 18 06:46:47 UTC 2026","passed","Sat Jul 18 06:46:47 UTC 2026","","","",""
"","274","shows ""Select All"" when not all columns are selected","ManageColumnsComboBox","Sat Jul 18 06:45:31 UTC 2026","passed","Sat Jul 18 06:45:31 UTC 2026","","","",""
"","226","calls exportToJson util when valid non a empty object is passed as the jsonData prop","GraphControls","Sat Jul 18 06:43:40 UTC 2026","passed","Sat Jul 18 06:43:40 UTC 2026","","Exporting json","",""
"Test cases for TestStorageFileService_GetFile","7","TestStorageFileService_GetFile","","Sat Jul 18 06:42:40 UTC 2026","passed","Sat Jul 18 06:42:40 UTC 2026","","Go Test","github.com/specterops/bloodhound/packages/go/storage/TestStorageFileService_GetFile","TestStorageFileService_GetFile"
"","306","should render","NoDataDialog","Sat Jul 18 06:49:18 UTC 2026","passed","Sat Jul 18 06:49:18 UTC 2026","","","",""
"","462","renders a snackbar notification in the dom and tests autoHideDuration","AppNotifications","Sat Jul 18 06:47:49 UTC 2026","passed","Sat Jul 18 06:47:50 UTC 2026","","","",""
"","21","the ID value reflects the URL when it is available","usePZQueryParams","Sat Jul 18 06:47:00 UTC 2026","passed","Sat Jul 18 06:47:00 UTC 2026","","","",""
"","1","returns false when WebGL is not available in the current browser context","WebGL compatibility check","Sat Jul 18 06:49:28 UTC 2026","passed","Sat Jul 18 06:49:28 UTC 2026","","","",""
"","1486","renders asset group edit options with graph write permissions","ContextMenu","Sat Jul 18 06:45:15 UTC 2026","passed","Sat Jul 18 06:45:16 UTC 2026","","","",""
"Test cases for TestQueries_BuildEntityQueryParams_InvalidLimit","0","TestQueries_BuildEntityQueryParams_InvalidLimit","","Sat Jul 18 06:42:22 UTC 2026","passed","Sat Jul 18 06:42:22 UTC 2026","","Go Test","github.com/specterops/bloodhound/cmd/api/src/queries/TestQueries_BuildEntityQueryParams_InvalidLimit","TestQueries_BuildEntityQueryParams_InvalidLimit"
"Test cases for TestDisenrollMFA_Failure","0","TestDisenrollMFA_Failure","","Sat Jul 18 06:42:47 UTC 2026","passed","Sat Jul 18 06:42:47 UTC 2026","","Go Test","github.com/specterops/bloodhound/cmd/api/src/api/v2/auth/TestDisenrollMFA_Failure","TestDisenrollMFA_Failure"
"","17","disables useAvailableEnvironment and does not attempt calling handleInitialEnvironment if queryOptions.enabled","useInitialEnvironment","Sat Jul 18 06:47:55 UTC 2026","passed","Sat Jul 18 06:47:55 UTC 2026","","","",""
"","48","has no checked boxes by default","GraphDataCheckboxes","Sat Jul 18 06:44:38 UTC 2026","passed","Sat Jul 18 06:44:38 UTC 2026","","","",""
"Test cases for Test_cacheQueryResult","0","Test_cacheQueryResult","","Sat Jul 18 06:42:22 UTC 2026","passed","Sat Jul 18 06:42:22 UTC 2026","","Go Test","github.com/specterops/bloodhound/cmd/api/src/queries/Test_cacheQueryResult","Test_cacheQueryResult"
"Test cases for TestRoleAssignments_NodesWithRole","0","TestRoleAssignments_NodesWithRole","","Sat Jul 18 06:42:34 UTC 2026","passed","Sat Jul 18 06:42:34 UTC 2026","","Go Test","github.com/specterops/bloodhound/packages/go/analysis/azure/TestRoleAssignments_NodesWithRole","TestRoleAssignments_NodesWithRole"
"","169","buttons are disabled while loading","LoginForm","Sat Jul 18 06:48:27 UTC 2026","passed","Sat Jul 18 06:48:27 UTC 2026","","","",""
"","406","should disable Cancel and Save buttons while isLoading is true","CreateUserDialog","Sat Jul 18 06:44:17 UTC 2026","passed","Sat Jul 18 06:44:18 UTC 2026","","","",""
"","1","reports an Object ID-specific error when creating a rule and ruleType is SeedTypeObjectId and seeds are required","handleError","Sat Jul 18 06:44:58 UTC 2026","passed","Sat Jul 18 06:44:58 UTC 2026","","","",""
"","1","prevents MouseCoords events","preventAllDefaults","Sat Jul 18 06:50:40 UTC 2026","passed","Sat Jul 18 06:50:40 UTC 2026","","","",""
"","7","returns a date string only if passed a string with a matching key","Formatting strings via formatPrimive","Sat Jul 18 06:45:27 UTC 2026","passed","Sat Jul 18 06:45:27 UTC 2026","","","",""
"Test cases for TestResources_DeleteSavedQuery","0","TestResources_DeleteSavedQuery","","Sat Jul 18 06:42:14 UTC 2026","passed","Sat Jul 18 06:42:14 UTC 2026","","Go Test","github.com/specterops/bloodhound/cmd/api/src/api/v2/TestResources_DeleteSavedQuery","TestResources_DeleteSavedQuery"
"","294","displays a Filters button","FileIngest","Sat Jul 18 06:47:25 UTC 2026","passed","Sat Jul 18 06:47:25 UTC 2026","","","",""
"","936","should display all available roles","CreateUserDialog","Sat Jul 18 06:44:15 UTC 2026","passed","Sat Jul 18 06:44:16 UTC 2026","","","",""
"Test cases for Test_PrimaryNodeKind","0","Test_PrimaryNodeKind","","Sat Jul 18 06:42:36 UTC 2026","passed","Sat Jul 18 06:42:36 UTC 2026","","Go Test","github.com/specterops/bloodhound/packages/go/graphschema/Test_PrimaryNodeKind","Test_PrimaryNodeKind"
"","1291","Explore URL Accounts for irregular characters in cypher query","Rule Form","Sat Jul 18 06:43:33 UTC 2026","passed","Sat Jul 18 06:43:34 UTC 2026","","","",""
"Test cases for TestAddWhereClauseToNeo4jQuery_WithWhereClause","6","TestAddWhereClauseToNeo4jQuery_WithWhereClause","","Sat Jul 18 06:42:14 UTC 2026","passed","Sat Jul 18 06:42:14 UTC 2026","","Go Test","github.com/specterops/bloodhound/cmd/api/src/api/v2/TestAddWhereClauseToNeo4jQuery_WithWhereClause","TestAddWhereClauseToNeo4jQuery_WithWhereClause"
"","92","should render oidc info provider","SSOProviderTable","Sat Jul 18 06:47:29 UTC 2026","passed","Sat Jul 18 06:47:30 UTC 2026","","","",""
"","1170","should call onSave when Save button is clicked and form input is valid","CreateUserDialog","Sat Jul 18 06:44:14 UTC 2026","passed","Sat Jul 18 06:44:15 UTC 2026","","","",""
"Test cases for TestManagementResource_ListRoles_InvalidFilterPredicate","0","TestManagementResource_ListRoles_InvalidFilterPredicate","","Sat Jul 18 06:42:20 UTC 2026","passed","Sat Jul 18 06:42:20 UTC 2026","","Go Test","github.com/specterops/bloodhound/cmd/api/src/api/v2/auth/TestManagementResource_ListRoles_InvalidFilterPredicate","TestManagementResource_ListRoles_InvalidFilterPredicate"
"Test cases for TestNewDefaultConfig","0","TestNewDefaultConfig","","Sat Jul 18 06:42:15 UTC 2026","passed","Sat Jul 18 06:42:15 UTC 2026","","Go Test","github.com/specterops/bloodhound/cmd/api/src/config/TestNewDefaultConfig","TestNewDefaultConfig"
"","52","will request feature-flags when the user is fully authenticated","app","Sat Jul 18 06:50:26 UTC 2026","passed","Sat Jul 18 06:50:27 UTC 2026","","<Inner />","",""
"Test cases for TestParseGroupMiscData","0","TestParseGroupMiscData","","Sat Jul 18 06:42:35 UTC 2026","passed","Sat Jul 18 06:42:35 UTC 2026","","Go Test","github.com/specterops/bloodhound/packages/go/ein/TestParseGroupMiscData","TestParseGroupMiscData"
"","3","returns true when the highlighted item is a node in the graph","SigmaChart Utils","Sat Jul 18 06:50:20 UTC 2026","passed","Sat Jul 18 06:50:20 UTC 2026","","getIsHighlightedItemInGraph","",""
"Test cases for TestUnmarshalTimeText","0","TestUnmarshalTimeText","","Sat Jul 18 06:42:20 UTC 2026","passed","Sat Jul 18 06:42:20 UTC 2026","","Go Test","github.com/specterops/bloodhound/cmd/api/src/database/types/null/TestUnmarshalTimeText","TestUnmarshalTimeText"
"","242","closes the dialog when the ""Cancel"" button is clicked","SchemaUploadDialog","Sat Jul 18 06:44:50 UTC 2026","passed","Sat Jul 18 06:44:50 UTC 2026","","","",""
"Test cases for TestOrphanFileSweeper_AddExpectedStoragePath","20","TestOrphanFileSweeper_AddExpectedStoragePath","","Sat Jul 18 06:42:16 UTC 2026","passed","Sat Jul 18 06:42:16 UTC 2026","","Go Test","github.com/specterops/bloodhound/cmd/api/src/daemons/datapipe/TestOrphanFileSweeper_AddExpectedStoragePath","TestOrphanFileSweeper_AddExpectedStoragePath"
"","368","renders total rules and accordion sections","RulesAccordion","Sat Jul 18 06:46:53 UTC 2026","passed","Sat Jul 18 06:46:53 UTC 2026","","","",""
"Test cases for TestGraphQuery_PrepareCypherQuery","47","TestGraphQuery_PrepareCypherQuery","","Sat Jul 18 06:42:22 UTC 2026","passed","Sat Jul 18 06:42:22 UTC 2026","","Go Test","github.com/specterops/bloodhound/cmd/api/src/queries/TestGraphQuery_PrepareCypherQuery","TestGraphQuery_PrepareCypherQuery"
"","172","should call ""onCancel one time""","Enable2FADialog","Sat Jul 18 06:47:42 UTC 2026","passed","Sat Jul 18 06:47:42 UTC 2026","","user clicks ""Cancel"" button","",""
"Test cases for Test_sortAndSliceResults_limit","1","Test_sortAndSliceResults_limit","","Sat Jul 18 06:42:22 UTC 2026","passed","Sat Jul 18 06:42:22 UTC 2026","","Go Test","github.com/specterops/bloodhound/cmd/api/src/queries/Test_sortAndSliceResults_limit","Test_sortAndSliceResults_limit"
"","20","does not show View in Explore if exploreUrl is not supplied","Seed Selection Results","Sat Jul 18 06:45:25 UTC 2026","passed","Sat Jul 18 06:45:25 UTC 2026","","","",""
"Test cases for TestManagementResource_ListSAMLProviders","5","TestManagementResource_ListSAMLProviders","","Sat Jul 18 06:42:55 UTC 2026","passed","Sat Jul 18 06:42:55 UTC 2026","","Go Test","github.com/specterops/bloodhound/cmd/api/src/api/v2/auth/TestManagementResource_ListSAMLProviders","TestManagementResource_ListSAMLProviders"
"Test cases for TestRegister_PanicsOnNilRateLimitMiddleware","0","TestRegister_PanicsOnNilRateLimitMiddleware","","Sat Jul 18 06:42:52 UTC 2026","passed","Sat Jul 18 06:42:52 UTC 2026","","Go Test","github.com/specterops/bloodhound/server/modules/TestRegister_PanicsOnNilRateLimitMiddleware","TestRegister_PanicsOnNilRateLimitMiddleware"
"","141","should render action list item that handles a function","MainNav","Sat Jul 18 06:45:59 UTC 2026","passed","Sat Jul 18 06:45:59 UTC 2026","","","",""
"","281","renders a snackbar notification in the dom and tests the long autoHideDuration","AppNotifications","Sat Jul 18 06:47:50 UTC 2026","passed","Sat Jul 18 06:47:50 UTC 2026","","","",""
"","1210","opens a submenu when user hovers over `Copy`","ContextMenu","Sat Jul 18 06:45:18 UTC 2026","passed","Sat Jul 18 06:45:20 UTC 2026","","","",""
"","0","escapes a backslash","escapeCypherString","Sat Jul 18 06:49:11 UTC 2026","passed","Sat Jul 18 06:49:11 UTC 2026","","","",""
"","61","calls setSelected with correct data on click","NoteCell component","Sat Jul 18 06:47:42 UTC 2026","passed","Sat Jul 18 06:47:42 UTC 2026","","","",""
"","1574","handles copying the name","CopyMenuItem","Sat Jul 18 06:49:00 UTC 2026","passed","Sat Jul 18 06:49:01 UTC 2026","","","",""
"","6","A warning is printed when node positions are not available to apply from","applyNodePositionsFromGraphlibGraph","Sat Jul 18 06:50:21 UTC 2026","passed","Sat Jul 18 06:50:21 UTC 2026","","","",""
"","104","reverts all menu options to an unselected state when isExploreLayoutSelected becomes false","GraphControls","Sat Jul 18 06:43:39 UTC 2026","passed","Sat Jul 18 06:43:39 UTC 2026","","Selecting a layout","",""
"","444","renders with applied filters","Privilege Zones History Filter Dialog","Sat Jul 18 06:46:18 UTC 2026","passed","Sat Jul 18 06:46:19 UTC 2026","","","",""
"","1","should include a tag with only the matching operations when the path matches","opsFilter","Sat Jul 18 06:48:05 UTC 2026","passed","Sat Jul 18 06:48:05 UTC 2026","","","",""
"Test cases for TestManagementResource_ListUsers_InvalidColumn","0","TestManagementResource_ListUsers_InvalidColumn","","Sat Jul 18 06:42:20 UTC 2026","passed","Sat Jul 18 06:42:20 UTC 2026","","Go Test","github.com/specterops/bloodhound/cmd/api/src/api/v2/auth/TestManagementResource_ListUsers_InvalidColumn","TestManagementResource_ListUsers_InvalidColumn"
"","102","enables the user actions menu for a user with the administrator role","User Actions Menu","Sat Jul 18 06:46:30 UTC 2026","passed","Sat Jul 18 06:46:30 UTC 2026","","Button Menu State","",""
"Test cases for TestManagementResource_DeleteUser_BadUserID","0","TestManagementResource_DeleteUser_BadUserID","","Sat Jul 18 06:42:36 UTC 2026","passed","Sat Jul 18 06:42:36 UTC 2026","","Go Test","github.com/specterops/bloodhound/cmd/api/src/api/v2/auth/TestManagementResource_DeleteUser_BadUserID","TestManagementResource_DeleteUser_BadUserID"
"Test cases for TestIngestDNRelationship","0","TestIngestDNRelationship","","Sat Jul 18 06:42:27 UTC 2026","passed","Sat Jul 18 06:42:27 UTC 2026","","Go Test","github.com/specterops/bloodhound/cmd/api/src/services/graphify/TestIngestDNRelationship","TestIngestDNRelationship"
"","405","renders an empty message for the entity panel before a node is selected","GroupManagement","Sat Jul 18 06:50:17 UTC 2026","passed","Sat Jul 18 06:50:18 UTC 2026","","","",""
"Test cases for TestValidateRequestSignature","246","TestValidateRequestSignature","","Sat Jul 18 06:42:01 UTC 2026","passed","Sat Jul 18 06:42:01 UTC 2026","","Go Test","github.com/specterops/bloodhound/cmd/api/src/api/TestValidateRequestSignature","TestValidateRequestSignature"
"","820","should call onSubmit when input is valid and Submit button is clicked","UpsertSAMLProviderForm","Sat Jul 18 06:47:56 UTC 2026","passed","Sat Jul 18 06:47:56 UTC 2026","","","",""
"TestIsValidateGooseTimeStamp to validate different cases of this prefix requirement","1","TestIsValidateGooseTimeStamp","","Sat Jul 18 06:42:20 UTC 2026","passed","Sat Jul 18 06:42:20 UTC 2026","","Go Test","github.com/specterops/bloodhound/cmd/api/src/database/migration/TestIsValidateGooseTimeStamp","TestIsValidateGooseTimeStamp"
"","122","disables the JSON button if the JSON is empty","GraphControls","Sat Jul 18 06:43:40 UTC 2026","passed","Sat Jul 18 06:43:40 UTC 2026","","Exporting json","",""
"","6","mounts an assertive aria-live region","AnnouncementProvider","Sat Jul 18 06:46:45 UTC 2026","passed","Sat Jul 18 06:46:45 UTC 2026","","","",""
"","1","returns false when the response contains node_id instead","isRelationshipResponse","Sat Jul 18 06:46:09 UTC 2026","passed","Sat Jul 18 06:46:09 UTC 2026","","","",""
"Test cases for TestResources_UpdateSavedQuery_AdminPrivateQuery_Success","1","TestResources_UpdateSavedQuery_AdminPrivateQuery_Success","","Sat Jul 18 06:42:14 UTC 2026","passed","Sat Jul 18 06:42:14 UTC 2026","","Go Test","github.com/specterops/bloodhound/cmd/api/src/api/v2/TestResources_UpdateSavedQuery_AdminPrivateQuery_Success","TestResources_UpdateSavedQuery_AdminPrivateQuery_Success"
"Test cases for TestCORSMiddleware","0","TestCORSMiddleware","","Sat Jul 18 06:42:04 UTC 2026","passed","Sat Jul 18 06:42:04 UTC 2026","","Go Test","github.com/specterops/bloodhound/cmd/api/src/api/middleware/TestCORSMiddleware","TestCORSMiddleware"
"Test cases for TestNormalizeToUTF8","0","TestNormalizeToUTF8","","Sat Jul 18 06:42:35 UTC 2026","passed","Sat Jul 18 06:42:35 UTC 2026","","Go Test","github.com/specterops/bloodhound/packages/go/bomenc/TestNormalizeToUTF8","TestNormalizeToUTF8"
"","98","renders the selected query in the cypher editor when editing a query that differs from the active cypher search","SaveQueryDialog","Sat Jul 18 06:43:11 UTC 2026","passed","Sat Jul 18 06:43:11 UTC 2026","","","",""
"","2087","should call the setCypherQuery handler when the value in the editor changes","CypherSearch","Sat Jul 18 06:44:06 UTC 2026","passed","Sat Jul 18 06:44:08 UTC 2026","","","",""
"Test cases for TestManagementResource_ListUsers_DBError","0","TestManagementResource_ListUsers_DBError","","Sat Jul 18 06:42:20 UTC 2026","passed","Sat Jul 18 06:42:20 UTC 2026","","Go Test","github.com/specterops/bloodhound/cmd/api/src/api/v2/auth/TestManagementResource_ListUsers_DBError","TestManagementResource_ListUsers_DBError"
"","1","returns true if arrays are equal","areArraysSimilar","Sat Jul 18 06:48:49 UTC 2026","passed","Sat Jul 18 06:48:49 UTC 2026","","","",""
"","107","does not display notification when user has GRAPH_DB_INGEST_READ permission","FileIngest","Sat Jul 18 06:47:26 UTC 2026","passed","Sat Jul 18 06:47:26 UTC 2026","","","",""
"Test cases for TestCache_NewCache","1","TestCache_NewCache","","Sat Jul 18 06:42:35 UTC 2026","passed","Sat Jul 18 06:42:35 UTC 2026","","Go Test","github.com/specterops/bloodhound/packages/go/cache/TestCache_NewCache","TestCache_NewCache"
"Test cases for TestRoleAssignments_NodeHasRole","0","TestRoleAssignments_NodeHasRole","","Sat Jul 18 06:42:34 UTC 2026","passed","Sat Jul 18 06:42:34 UTC 2026","","Go Test","github.com/specterops/bloodhound/packages/go/analysis/azure/TestRoleAssignments_NodeHasRole","TestRoleAssignments_NodeHasRole"
"","1","reports a Cypher-specific error when ruleType is SeedTypeCypher and seeds are required","handleError","Sat Jul 18 06:44:58 UTC 2026","passed","Sat Jul 18 06:44:58 UTC 2026","","","",""
"Test cases for TestGetDataQualityStats_Success","0","TestGetDataQualityStats_Success","","Sat Jul 18 06:42:14 UTC 2026","passed","Sat Jul 18 06:42:14 UTC 2026","","Go Test","github.com/specterops/bloodhound/cmd/api/src/api/v2/TestGetDataQualityStats_Success","TestGetDataQualityStats_Success"
"","90","requests the user when a userId is provided","useGetUser","Sat Jul 18 06:49:01 UTC 2026","passed","Sat Jul 18 06:49:01 UTC 2026","","","",""
"","68","should render a navigation list item","MainNav","Sat Jul 18 06:45:59 UTC 2026","passed","Sat Jul 18 06:45:59 UTC 2026","","","",""
"Test cases for TestAssetGroupSelectorSpec_Validate","0","TestAssetGroupSelectorSpec_Validate","","Sat Jul 18 06:42:20 UTC 2026","passed","Sat Jul 18 06:42:20 UTC 2026","","Go Test","github.com/specterops/bloodhound/cmd/api/src/model/TestAssetGroupSelectorSpec_Validate","TestAssetGroupSelectorSpec_Validate"
"","78","displays a warning when there is a problem fetching the list of collectors","DownloadCollectors","Sat Jul 18 06:50:08 UTC 2026","passed","Sat Jul 18 06:50:08 UTC 2026","","","",""
"","266","should render with the correct content","ConfirmUpdateQueryDialog","Sat Jul 18 06:48:47 UTC 2026","passed","Sat Jul 18 06:48:47 UTC 2026","","","",""
"Test cases for TestManagementResource_ListAuthTokens_InvalidColumn","0","TestManagementResource_ListAuthTokens_InvalidColumn","","Sat Jul 18 06:42:44 UTC 2026","passed","Sat Jul 18 06:42:44 UTC 2026","","Go Test","github.com/specterops/bloodhound/cmd/api/src/api/v2/auth/TestManagementResource_ListAuthTokens_InvalidColumn","TestManagementResource_ListAuthTokens_InvalidColumn"
"","4","returns true when WebGL is available in the current browser context","WebGL compatibility check","Sat Jul 18 06:49:28 UTC 2026","passed","Sat Jul 18 06:49:28 UTC 2026","","","",""
"","282","prevents a user from proceeding if the file is not valid","ImportQueryDialog","Sat Jul 18 06:49:08 UTC 2026","passed","Sat Jul 18 06:49:08 UTC 2026","","","",""
"Test cases for TestResources_GetGroupEntityInfo","0","TestResources_GetGroupEntityInfo","","Sat Jul 18 06:42:14 UTC 2026","passed","Sat Jul 18 06:42:14 UTC 2026","","Go Test","github.com/specterops/bloodhound/cmd/api/src/api/v2/TestResources_GetGroupEntityInfo","TestResources_GetGroupEntityInfo"
"Test cases for TestLocalStore_Close","8","TestLocalStore_Close","","Sat Jul 18 06:42:40 UTC 2026","passed","Sat Jul 18 06:42:40 UTC 2026","","Go Test","github.com/specterops/bloodhound/packages/go/storage/TestLocalStore_Close","TestLocalStore_Close"
"","0","A type and keyword were provided but there were no results available","Getting the text for the disabled item display for a search when there are no results","Sat Jul 18 06:48:04 UTC 2026","passed","Sat Jul 18 06:48:04 UTC 2026","","Empty data states","",""
"","93","prevents a user from proceeding if the file is not valid","File Upload","Sat Jul 18 06:45:54 UTC 2026","passed","Sat Jul 18 06:45:54 UTC 2026","","","",""
"","1","combines all filter types","filterAndSearchEnvironments","Sat Jul 18 06:43:31 UTC 2026","passed","Sat Jul 18 06:43:31 UTC 2026","","combined filters","",""
"Test cases for TestSet","0","TestSet","","Sat Jul 18 06:42:37 UTC 2026","passed","Sat Jul 18 06:42:37 UTC 2026","","Go Test","github.com/specterops/bloodhound/packages/go/lab/internal/TestSet","TestSet"
"Test cases for TestFoldl","0","TestFoldl","","Sat Jul 18 06:42:38 UTC 2026","passed","Sat Jul 18 06:42:38 UTC 2026","","Go Test","github.com/specterops/bloodhound/packages/go/slicesext/TestFoldl","TestFoldl"
"","0","returns paramValue as EnvironmentAggregation if paramValue is all","useEnvironmentParams","Sat Jul 18 06:49:18 UTC 2026","passed","Sat Jul 18 06:49:18 UTC 2026","","parseEnvironmentAggregation","",""
"Test cases for TestStringValueOrZero","0","TestStringValueOrZero","","Sat Jul 18 06:42:20 UTC 2026","passed","Sat Jul 18 06:42:20 UTC 2026","","Go Test","github.com/specterops/bloodhound/cmd/api/src/database/types/null/TestStringValueOrZero","TestStringValueOrZero"
"","24","does not add a query param if the search term is empty","useNodeSearch","Sat Jul 18 06:48:08 UTC 2026","passed","Sat Jul 18 06:48:09 UTC 2026","","","",""
"Test cases for TestSavedQueries_IsString","0","TestSavedQueries_IsString","","Sat Jul 18 06:42:20 UTC 2026","passed","Sat Jul 18 06:42:20 UTC 2026","","Go Test","github.com/specterops/bloodhound/cmd/api/src/model/TestSavedQueries_IsString","TestSavedQueries_IsString"
"","0","returns false if arrays have different length","areArraysSimilar","Sat Jul 18 06:48:49 UTC 2026","passed","Sat Jul 18 06:48:49 UTC 2026","","","",""
"","1007","Download button opens a menu and selecting ""All Columns"" calls json2csv with all columns","ExploreTable","Sat Jul 18 06:43:08 UTC 2026","passed","Sat Jul 18 06:43:09 UTC 2026","","","",""
"","1488","should render","EdgeInfoHeader","Sat Jul 18 06:47:36 UTC 2026","passed","Sat Jul 18 06:47:37 UTC 2026","","","",""
"Test cases for TestAnalysisStepsMerge","28","TestAnalysisStepsMerge","","Sat Jul 18 06:42:20 UTC 2026","passed","Sat Jul 18 06:42:20 UTC 2026","","Go Test","github.com/specterops/bloodhound/cmd/api/src/model/TestAnalysisStepsMerge","TestAnalysisStepsMerge"
"Test cases for TestResolver_StartDone","16","TestResolver_StartDone","","Sat Jul 18 06:42:27 UTC 2026","passed","Sat Jul 18 06:42:27 UTC 2026","","Go Test","github.com/specterops/bloodhound/cmd/api/src/services/graphify/endpoint/TestResolver_StartDone","TestResolver_StartDone"
"","322","fires click handlers","ConfirmDeleteQueryDialog","Sat Jul 18 06:49:13 UTC 2026","passed","Sat Jul 18 06:49:13 UTC 2026","","","",""
"","108","updates value when an invalid date typed","ManagedDatePicker - value","Sat Jul 18 06:46:37 UTC 2026","passed","Sat Jul 18 06:46:37 UTC 2026","","","",""
"Test cases for TestResources_UpdateSavedQuery_UpdateFailed","0","TestResources_UpdateSavedQuery_UpdateFailed","","Sat Jul 18 06:42:14 UTC 2026","passed","Sat Jul 18 06:42:14 UTC 2026","","Go Test","github.com/specterops/bloodhound/cmd/api/src/api/v2/TestResources_UpdateSavedQuery_UpdateFailed","TestResources_UpdateSavedQuery_UpdateFailed"
"","10","does not render note content when selected is null","HistoryNotes Component","Sat Jul 18 06:48:55 UTC 2026","passed","Sat Jul 18 06:48:55 UTC 2026","","","",""
"","474","should display CreateUserTokenDialog","UserTokenManagementDialog","Sat Jul 18 06:45:24 UTC 2026","passed","Sat Jul 18 06:45:24 UTC 2026","","when user clicks ""Create Token"" button","",""
"","495","should display a ""Change Password"" modal","UserProfile","Sat Jul 18 06:45:55 UTC 2026","passed","Sat Jul 18 06:45:55 UTC 2026","","""Reset Password"" button is clicked","",""
"Test cases for TestNormalizeStoragePrefixes","18","TestNormalizeStoragePrefixes","","Sat Jul 18 06:42:16 UTC 2026","passed","Sat Jul 18 06:42:16 UTC 2026","","Go Test","github.com/specterops/bloodhound/cmd/api/src/daemons/datapipe/TestNormalizeStoragePrefixes","TestNormalizeStoragePrefixes"
"","800","dispatches an action to add the associated node","Rule Object Select","Sat Jul 18 06:47:35 UTC 2026","passed","Sat Jul 18 06:47:36 UTC 2026","","","",""
"Test cases for TestManagementResource_UpdateOIDCProvider","1","TestManagementResource_UpdateOIDCProvider","","Sat Jul 18 06:42:55 UTC 2026","passed","Sat Jul 18 06:42:55 UTC 2026","","Go Test","github.com/specterops/bloodhound/cmd/api/src/api/v2/auth/TestManagementResource_UpdateOIDCProvider","TestManagementResource_UpdateOIDCProvider"
"","780","should display Environmental Targeted Access Control panel when showEnvironmentAccessControls prop is true and read-only role is selected","CreateUserForm","Sat Jul 18 06:43:48 UTC 2026","passed","Sat Jul 18 06:43:49 UTC 2026","","","",""
"","1946","disables the user actions menu when the user is auditor role","Users","Sat Jul 18 06:45:08 UTC 2026","passed","Sat Jul 18 06:45:10 UTC 2026","","","",""
"","544","should reject passwords with no special characters","CreateUserForm","Sat Jul 18 06:43:53 UTC 2026","passed","Sat Jul 18 06:43:54 UTC 2026","","","",""
"","524","renders correctly with requiresCurrentPassword false","PasswordDialog","Sat Jul 18 06:44:00 UTC 2026","passed","Sat Jul 18 06:44:01 UTC 2026","","","",""
"Test cases for TestLocalStore_Delete","13","TestLocalStore_Delete","","Sat Jul 18 06:42:40 UTC 2026","passed","Sat Jul 18 06:42:40 UTC 2026","","Go Test","github.com/specterops/bloodhound/packages/go/storage/TestLocalStore_Delete","TestLocalStore_Delete"
"","2351","does not show the ""Disable MFA"" context menu option for users without MFA enabled","Users","Sat Jul 18 06:45:10 UTC 2026","passed","Sat Jul 18 06:45:12 UTC 2026","","","",""
"","370","displays no search results message when search yields no matches","ActiveExtensionsCard","Sat Jul 18 06:43:38 UTC 2026","passed","Sat Jul 18 06:43:39 UTC 2026","","","",""
"","363","sets a secondary=id and searchType=pathfinding when primary is truthy","ContextMenu","Sat Jul 18 06:50:09 UTC 2026","passed","Sat Jul 18 06:50:10 UTC 2026","","","",""
"Test cases for TestResources_ListAvailableEnvironments","7","TestResources_ListAvailableEnvironments","","Sat Jul 18 06:42:14 UTC 2026","passed","Sat Jul 18 06:42:14 UTC 2026","","Go Test","github.com/specterops/bloodhound/cmd/api/src/api/v2/TestResources_ListAvailableEnvironments","TestResources_ListAvailableEnvironments"
"","0","returns paramValue as EnvironmentAggregation if paramValue is azure","useEnvironmentParams","Sat Jul 18 06:49:18 UTC 2026","passed","Sat Jul 18 06:49:18 UTC 2026","","parseEnvironmentAggregation","",""
"","965","renders a filter search and platform dropdown menu","CommonSearches","Sat Jul 18 06:45:34 UTC 2026","passed","Sat Jul 18 06:45:35 UTC 2026","","","",""
"Test cases for TestRewriter_Enter_CombinedAzureAndADShortcut_ConcatenatesKinds","0","TestRewriter_Enter_CombinedAzureAndADShortcut_ConcatenatesKinds","","Sat Jul 18 06:42:22 UTC 2026","passed","Sat Jul 18 06:42:22 UTC 2026","","Go Test","github.com/specterops/bloodhound/cmd/api/src/queries/TestRewriter_Enter_CombinedAzureAndADShortcut_ConcatenatesKinds","TestRewriter_Enter_CombinedAzureAndADShortcut_ConcatenatesKinds"
"","120","applies correct dynamic height based on filtered data","ActiveExtensionsCard","Sat Jul 18 06:43:39 UTC 2026","passed","Sat Jul 18 06:43:39 UTC 2026","","","",""
"Test cases for TestResources_ProcessIngestTask","8","TestResources_ProcessIngestTask","","Sat Jul 18 06:42:14 UTC 2026","passed","Sat Jul 18 06:42:14 UTC 2026","","Go Test","github.com/specterops/bloodhound/cmd/api/src/api/v2/TestResources_ProcessIngestTask","TestResources_ProcessIngestTask"
"","490","displays a validation error","ManagedDatePicker - date validation","Sat Jul 18 06:46:35 UTC 2026","passed","Sat Jul 18 06:46:36 UTC 2026","","","",""
"Test cases for TestResources_ListADComputerSessions","0","TestResources_ListADComputerSessions","","Sat Jul 18 06:42:14 UTC 2026","passed","Sat Jul 18 06:42:14 UTC 2026","","Go Test","github.com/specterops/bloodhound/cmd/api/src/api/v2/TestResources_ListADComputerSessions","TestResources_ListADComputerSessions"
"","51","renders section when no errors occur","EntityInfoCollapsibleSection","Sat Jul 18 06:48:38 UTC 2026","passed","Sat Jul 18 06:48:38 UTC 2026","","","",""
"Test cases for TestTimeSetValid","0","TestTimeSetValid","","Sat Jul 18 06:42:20 UTC 2026","passed","Sat Jul 18 06:42:20 UTC 2026","","Go Test","github.com/specterops/bloodhound/cmd/api/src/database/types/null/TestTimeSetValid","TestTimeSetValid"
"","53","uses the discardQueryParams prop to discard all query params on the link","AppLink","Sat Jul 18 06:47:09 UTC 2026","passed","Sat Jul 18 06:47:09 UTC 2026","","","",""
"Test cases for TestResources_ListEdgeTypes","77","TestResources_ListEdgeTypes","","Sat Jul 18 06:42:14 UTC 2026","passed","Sat Jul 18 06:42:14 UTC 2026","","Go Test","github.com/specterops/bloodhound/cmd/api/src/api/v2/TestResources_ListEdgeTypes","TestResources_ListEdgeTypes"
"","12","applies animation class to the title","ProcessingIndicator","Sat Jul 18 06:49:22 UTC 2026","passed","Sat Jul 18 06:49:22 UTC 2026","","","",""
"Test cases for TestSaveDataQuality","20","TestSaveDataQuality","","Sat Jul 18 06:42:24 UTC 2026","passed","Sat Jul 18 06:42:24 UTC 2026","","Go Test","github.com/specterops/bloodhound/cmd/api/src/services/dataquality/TestSaveDataQuality","TestSaveDataQuality"
"","221","Selecting an edge that meets ACL inheritance criteria shows the ""ACE Inherited From"" dropdown","EdgeInfoContent","Sat Jul 18 06:43:51 UTC 2026","passed","Sat Jul 18 06:43:52 UTC 2026","","","",""
"","2453","executes a pathfinding search when both a source and destination node are provided","Pathfinding: interaction","Sat Jul 18 06:46:14 UTC 2026","passed","Sat Jul 18 06:46:16 UTC 2026","","","",""
"Test cases for TestBoolSetValid","0","TestBoolSetValid","","Sat Jul 18 06:42:20 UTC 2026","passed","Sat Jul 18 06:42:20 UTC 2026","","Go Test","github.com/specterops/bloodhound/cmd/api/src/database/types/null/TestBoolSetValid","TestBoolSetValid"
"Test cases for TestLocalStore_Move","7","TestLocalStore_Move","","Sat Jul 18 06:42:40 UTC 2026","passed","Sat Jul 18 06:42:40 UTC 2026","","Go Test","github.com/specterops/bloodhound/packages/go/storage/TestLocalStore_Move","TestLocalStore_Move"
"","0","takes setSearchParams and availableParams returns a function","searchParams","Sat Jul 18 06:47:29 UTC 2026","passed","Sat Jul 18 06:47:29 UTC 2026","","setParamsFactory","",""
"","141","shows ""Expired"" in red when the expiration date has already passed","UserTokenManagementDialog - API Expiration Date column","Sat Jul 18 06:45:25 UTC 2026","passed","Sat Jul 18 06:45:25 UTC 2026","","","",""
"","64","includes all traversable OpenGraph edges in their own category when they are available via the API","useEdgeCategories","Sat Jul 18 06:45:47 UTC 2026","passed","Sat Jul 18 06:45:47 UTC 2026","","","",""
"","2","returns all environments when no filters are active","filterAndSearchEnvironments","Sat Jul 18 06:43:31 UTC 2026","passed","Sat Jul 18 06:43:31 UTC 2026","","with no filters applied","",""
"","82","applies accent styling to headers when accent is true","<DetailsAccordion />","Sat Jul 18 06:45:29 UTC 2026","passed","Sat Jul 18 06:45:29 UTC 2026","","","",""
"Test cases for TestResources_GetAssetGroup","0","TestResources_GetAssetGroup","","Sat Jul 18 06:42:14 UTC 2026","passed","Sat Jul 18 06:42:14 UTC 2026","","Go Test","github.com/specterops/bloodhound/cmd/api/src/api/v2/TestResources_GetAssetGroup","TestResources_GetAssetGroup"
"Test cases for TestExpireUserAuthSecret_Success","0","TestExpireUserAuthSecret_Success","","Sat Jul 18 06:42:20 UTC 2026","passed","Sat Jul 18 06:42:20 UTC 2026","","Go Test","github.com/specterops/bloodhound/cmd/api/src/api/v2/auth/TestExpireUserAuthSecret_Success","TestExpireUserAuthSecret_Success"
"","0","The node radius is adjusted to take into account the current camera zoom ratio","getNodeRadius","Sat Jul 18 06:50:28 UTC 2026","passed","Sat Jul 18 06:50:28 UTC 2026","","","",""
"Test cases for TestParseUUID","0","TestParseUUID","","Sat Jul 18 06:42:29 UTC 2026","passed","Sat Jul 18 06:42:29 UTC 2026","","Go Test","github.com/specterops/bloodhound/cmd/api/src/utils/TestParseUUID","TestParseUUID"
"Test cases for TestRewriter_Enter_AllAttackPathsShortcut_ReplacesKinds","0","TestRewriter_Enter_AllAttackPathsShortcut_ReplacesKinds","","Sat Jul 18 06:42:22 UTC 2026","passed","Sat Jul 18 06:42:22 UTC 2026","","Go Test","github.com/specterops/bloodhound/cmd/api/src/queries/TestRewriter_Enter_AllAttackPathsShortcut_ReplacesKinds","TestRewriter_Enter_AllAttackPathsShortcut_ReplacesKinds"
"","15","when user does not have a disallowed role for a route with disallowed roles, they see the normal page","AuthenticatedRoute","Sat Jul 18 06:50:17 UTC 2026","passed","Sat Jul 18 06:50:17 UTC 2026","","","",""
"","130","does not highlight any layout option on first load when no layout has been manually selected","GraphControls","Sat Jul 18 06:43:39 UTC 2026","passed","Sat Jul 18 06:43:39 UTC 2026","","Selecting a layout","",""
"Test cases for TestWriteError","0","TestWriteError","","Sat Jul 18 06:42:37 UTC 2026","passed","Sat Jul 18 06:42:37 UTC 2026","","Go Test","github.com/specterops/bloodhound/packages/go/responses/TestWriteError","TestWriteError"
"","5","returns {enabled: false} if there is not a match on the switch statement","useExploreGraph","Sat Jul 18 06:44:56 UTC 2026","passed","Sat Jul 18 06:44:56 UTC 2026","","exploreGraphQueryFactory","",""
"","1","should exclude operations within a tag when only the path matches but not all paths","opsFilter","Sat Jul 18 06:48:05 UTC 2026","passed","Sat Jul 18 06:48:05 UTC 2026","","","",""
"Test cases for Test_FixtureSetup","0","Test_FixtureSetup","","Sat Jul 18 06:42:37 UTC 2026","passed","Sat Jul 18 06:42:37 UTC 2026","","Go Test","github.com/specterops/bloodhound/packages/go/lab/Test_FixtureSetup","Test_FixtureSetup"
"Test cases for Test_getSearchableNodeKinds","0","Test_getSearchableNodeKinds","","Sat Jul 18 06:42:14 UTC 2026","passed","Sat Jul 18 06:42:14 UTC 2026","","Go Test","github.com/specterops/bloodhound/cmd/api/src/api/v2/Test_getSearchableNodeKinds","Test_getSearchableNodeKinds"
"Test cases for TestIngestGenericData_RegisterNodeKind","7","TestIngestGenericData_RegisterNodeKind","","Sat Jul 18 06:42:27 UTC 2026","passed","Sat Jul 18 06:42:27 UTC 2026","","Go Test","github.com/specterops/bloodhound/cmd/api/src/services/graphify/TestIngestGenericData_RegisterNodeKind","TestIngestGenericData_RegisterNodeKind"
"","12","should not render if open === false","ConfirmUpdateQueryDialog","Sat Jul 18 06:48:47 UTC 2026","passed","Sat Jul 18 06:48:47 UTC 2026","","","",""
"","425","sets exploreSearchTab param to pathfinding when the user clicks the `pathfinding` tab","ExploreSearch sets searchType on tab changing","Sat Jul 18 06:49:58 UTC 2026","passed","Sat Jul 18 06:49:58 UTC 2026","","","",""
"Test cases for TestResources_ListADEntityPSRemoteRights","0","TestResources_ListADEntityPSRemoteRights","","Sat Jul 18 06:42:14 UTC 2026","passed","Sat Jul 18 06:42:14 UTC 2026","","Go Test","github.com/specterops/bloodhound/cmd/api/src/api/v2/TestResources_ListADEntityPSRemoteRights","TestResources_ListADEntityPSRemoteRights"
"","12","sets descending sort state for a new sorted column","useSortParams","Sat Jul 18 06:47:23 UTC 2026","passed","Sat Jul 18 06:47:23 UTC 2026","","","",""
"Test cases for TestManagementResource_DeleteUser_UserNotFound","0","TestManagementResource_DeleteUser_UserNotFound","","Sat Jul 18 06:42:36 UTC 2026","passed","Sat Jul 18 06:42:36 UTC 2026","","Go Test","github.com/specterops/bloodhound/cmd/api/src/api/v2/auth/TestManagementResource_DeleteUser_UserNotFound","TestManagementResource_DeleteUser_UserNotFound"
"","0","fails for password without uppercase letters","testPassword","Sat Jul 18 06:49:17 UTC 2026","passed","Sat Jul 18 06:49:17 UTC 2026","","","",""
"","194","should show a copy button if the cells text if the cell is not a boolean","ExploreTableDataCell","Sat Jul 18 06:48:26 UTC 2026","passed","Sat Jul 18 06:48:26 UTC 2026","","","",""
"","951","renders a link to the explore page when member is clicked","GroupManagement","Sat Jul 18 06:50:19 UTC 2026","passed","Sat Jul 18 06:50:20 UTC 2026","","","",""
"","15","clears an ascending sort when sorting the same column","useSortParams","Sat Jul 18 06:47:23 UTC 2026","passed","Sat Jul 18 06:47:23 UTC 2026","","","",""
"Test cases for TestOrphanFileSweeper_AddExpectedLocalPath","20","TestOrphanFileSweeper_AddExpectedLocalPath","","Sat Jul 18 06:42:16 UTC 2026","passed","Sat Jul 18 06:42:16 UTC 2026","","Go Test","github.com/specterops/bloodhound/cmd/api/src/daemons/datapipe/TestOrphanFileSweeper_AddExpectedLocalPath","TestOrphanFileSweeper_AddExpectedLocalPath"
"","26","does not show the dropdown by default","ManageColumnsComboBox","Sat Jul 18 06:45:30 UTC 2026","passed","Sat Jul 18 06:45:30 UTC 2026","","","",""
"Test cases for TestCreateUser_Failure","2","TestCreateUser_Failure","","Sat Jul 18 06:42:20 UTC 2026","passed","Sat Jul 18 06:42:20 UTC 2026","","Go Test","github.com/specterops/bloodhound/cmd/api/src/api/v2/auth/TestCreateUser_Failure","TestCreateUser_Failure"
"Test cases for Test_ValidateGraph","17","Test_ValidateGraph","","Sat Jul 18 06:42:28 UTC 2026","passed","Sat Jul 18 06:42:28 UTC 2026","","Go Test","github.com/specterops/bloodhound/cmd/api/src/services/upload/Test_ValidateGraph","Test_ValidateGraph"
"Copyright 2021 The Go Authors. All rights reserved.TestConcat was ripped from go1.22 source and should be replaced with the stdlib implementation when we move to 1.22Original source: https:","0","TestConcat","","Sat Jul 18 06:42:38 UTC 2026","passed","Sat Jul 18 06:42:38 UTC 2026","","Go Test","github.com/specterops/bloodhound/packages/go/slicesext/TestConcat","TestConcat"
"","1334","sets input text on date click","ManagedDatePicker - date validation","Sat Jul 18 06:46:34 UTC 2026","passed","Sat Jul 18 06:46:35 UTC 2026","","","",""
"","4649","Clicking on a row causes row to be selected","ExploreTable","Sat Jul 18 06:43:17 UTC 2026","passed","Sat Jul 18 06:43:21 UTC 2026","","","",""
"","483","renders a non-primary button as expected","DropdownSelector","Sat Jul 18 06:47:45 UTC 2026","passed","Sat Jul 18 06:47:45 UTC 2026","","","",""
"","197","renders with a title","BloodHoundConfiguration","Sat Jul 18 06:50:41 UTC 2026","passed","Sat Jul 18 06:50:41 UTC 2026","","","",""
"","131","renders details for a selected zone","DynamicDetails","Sat Jul 18 06:46:00 UTC 2026","passed","Sat Jul 18 06:46:00 UTC 2026","","","",""
"Test cases for TestResources_UpdateAssetGroupSelectors_SuccessT0","0","TestResources_UpdateAssetGroupSelectors_SuccessT0","","Sat Jul 18 06:42:14 UTC 2026","passed","Sat Jul 18 06:42:14 UTC 2026","","Go Test","github.com/specterops/bloodhound/cmd/api/src/api/v2/TestResources_UpdateAssetGroupSelectors_SuccessT0","TestResources_UpdateAssetGroupSelectors_SuccessT0"
"Test cases for TestReconcile","0","TestReconcile","","Sat Jul 18 06:42:20 UTC 2026","passed","Sat Jul 18 06:42:20 UTC 2026","","Go Test","github.com/specterops/bloodhound/cmd/api/src/database/TestReconcile","TestReconcile"
"","0","preserves unicode characters","escapeCypherString","Sat Jul 18 06:49:11 UTC 2026","passed","Sat Jul 18 06:49:11 UTC 2026","","","",""
"","298","calls onChange with initial default columns when ""Reset Default"" is clicked","ManageColumnsComboBox","Sat Jul 18 06:45:32 UTC 2026","passed","Sat Jul 18 06:45:33 UTC 2026","","","",""
"","0","returns false if value is {}","searchParams","Sat Jul 18 06:47:29 UTC 2026","passed","Sat Jul 18 06:47:29 UTC 2026","","isEmptyParam","",""
"","0","propagates environment_kind_id for OpenGraph types","getOpenGraphEnvironmentInfoMap","Sat Jul 18 06:43:31 UTC 2026","passed","Sat Jul 18 06:43:31 UTC 2026","","","",""
"","26","hides items while feature flags are loading","useSubNavRoutes","Sat Jul 18 06:46:23 UTC 2026","passed","Sat Jul 18 06:46:23 UTC 2026","","featureFlag gate","",""
"Test cases for TestResources_ListADOUContainedUsers","1","TestResources_ListADOUContainedUsers","","Sat Jul 18 06:42:14 UTC 2026","passed","Sat Jul 18 06:42:14 UTC 2026","","Go Test","github.com/specterops/bloodhound/cmd/api/src/api/v2/TestResources_ListADOUContainedUsers","TestResources_ListADOUContainedUsers"
"Test cases for TestWriteResultRawJson","0","TestWriteResultRawJson","","Sat Jul 18 06:42:29 UTC 2026","passed","Sat Jul 18 06:42:29 UTC 2026","","Go Test","github.com/specterops/bloodhound/cmd/api/src/utils/TestWriteResultRawJson","TestWriteResultRawJson"
"","146","continue button is disabled when no SSO provider has been selected","LoginViaSSOForm","Sat Jul 18 06:47:23 UTC 2026","passed","Sat Jul 18 06:47:24 UTC 2026","","","",""
"Test cases for TestGetDataQualityAggregations_Success","3","TestGetDataQualityAggregations_Success","","Sat Jul 18 06:42:14 UTC 2026","passed","Sat Jul 18 06:42:14 UTC 2026","","Go Test","github.com/specterops/bloodhound/cmd/api/src/api/v2/TestGetDataQualityAggregations_Success","TestGetDataQualityAggregations_Success"
"","640","should call performSearch on keyboard press alt+R","CypherSearch","Sat Jul 18 06:44:09 UTC 2026","passed","Sat Jul 18 06:44:10 UTC 2026","","","",""
"Test cases for TestResources_SearchHandler","1","TestResources_SearchHandler","","Sat Jul 18 06:42:14 UTC 2026","passed","Sat Jul 18 06:42:14 UTC 2026","","Go Test","github.com/specterops/bloodhound/cmd/api/src/api/v2/TestResources_SearchHandler","TestResources_SearchHandler"
"","544","should accept passwords with unicode symbol characters","CreateUserForm","Sat Jul 18 06:43:52 UTC 2026","passed","Sat Jul 18 06:43:53 UTC 2026","","","",""
"Test cases for TestIngestControl_FetchRetainedIngestFiles","15","TestIngestControl_FetchRetainedIngestFiles","","Sat Jul 18 06:42:05 UTC 2026","passed","Sat Jul 18 06:42:05 UTC 2026","","Go Test","github.com/specterops/bloodhound/cmd/api/src/api/tools/TestIngestControl_FetchRetainedIngestFiles","TestIngestControl_FetchRetainedIngestFiles"
"","20","returns azure environmentInfo when environmentAggregation param is azure","useAvailableEnvironments","Sat Jul 18 06:46:25 UTC 2026","passed","Sat Jul 18 06:46:25 UTC 2026","","useSelectedEnvironment","",""
"","700","does not display must be new password error messages when current password is not required","PasswordDialog","Sat Jul 18 06:44:05 UTC 2026","passed","Sat Jul 18 06:44:06 UTC 2026","","","",""
"","289","removes a node from an asset group tag","AssetGroupMenuItem","Sat Jul 18 06:45:47 UTC 2026","passed","Sat Jul 18 06:45:47 UTC 2026","","","",""
"Test cases for TestManagementResource_ListAuthTokens_SortingError","2","TestManagementResource_ListAuthTokens_SortingError","","Sat Jul 18 06:42:44 UTC 2026","passed","Sat Jul 18 06:42:44 UTC 2026","","Go Test","github.com/specterops/bloodhound/cmd/api/src/api/v2/auth/TestManagementResource_ListAuthTokens_SortingError","TestManagementResource_ListAuthTokens_SortingError"
"","84","should hide Environmental Targeted Access Control panel when showEnvironmentAccessControls prop is false","UpdateUserForm","Sat Jul 18 06:43:23 UTC 2026","passed","Sat Jul 18 06:43:23 UTC 2026","","","",""
"Test cases for TestManagementResource_DeleteUser_UserBhCtxNotFound","0","TestManagementResource_DeleteUser_UserBhCtxNotFound","","Sat Jul 18 06:42:36 UTC 2026","passed","Sat Jul 18 06:42:36 UTC 2026","","Go Test","github.com/specterops/bloodhound/cmd/api/src/api/v2/auth/TestManagementResource_DeleteUser_UserBhCtxNotFound","TestManagementResource_DeleteUser_UserBhCtxNotFound"
"Test cases for TestFloatInfNaN","0","TestFloatInfNaN","","Sat Jul 18 06:42:20 UTC 2026","passed","Sat Jul 18 06:42:20 UTC 2026","","Go Test","github.com/specterops/bloodhound/cmd/api/src/database/types/null/TestFloatInfNaN","TestFloatInfNaN"
"","693","should call onSubmit with initiation_url of selected SSO provider","LoginViaSSOForm","Sat Jul 18 06:47:24 UTC 2026","passed","Sat Jul 18 06:47:24 UTC 2026","","","",""
"Test cases for TestDefineNodeName","0","TestDefineNodeName","","Sat Jul 18 06:42:34 UTC 2026","passed","Sat Jul 18 06:42:34 UTC 2026","","Go Test","github.com/specterops/bloodhound/packages/go/analysis/ad/wellknown/TestDefineNodeName","TestDefineNodeName"
"Test cases for TestHandlers_ToggleFlag","1","TestHandlers_ToggleFlag","","Sat Jul 18 06:42:48 UTC 2026","passed","Sat Jul 18 06:42:48 UTC 2026","","Go Test","github.com/specterops/bloodhound/server/featureflags/internal/handlers/TestHandlers_ToggleFlag","TestHandlers_ToggleFlag"
"","140","does not trigger search for fewer than 3 characters","SearchBar","Sat Jul 18 06:49:02 UTC 2026","passed","Sat Jul 18 06:49:02 UTC 2026","","","",""
"Test cases for TestGetECAHostedChainedDomains_ForestHosting","0","TestGetECAHostedChainedDomains_ForestHosting","","Sat Jul 18 06:42:34 UTC 2026","passed","Sat Jul 18 06:42:34 UTC 2026","","Go Test","github.com/specterops/bloodhound/packages/go/analysis/ad/TestGetECAHostedChainedDomains_ForestHosting","TestGetECAHostedChainedDomains_ForestHosting"
"","686","clears the applied filter","FileIngestFilterDialog","Sat Jul 18 06:45:10 UTC 2026","passed","Sat Jul 18 06:45:10 UTC 2026","","Status Select","",""
"Test cases for TestResources_ListAuditLogs","0","TestResources_ListAuditLogs","","Sat Jul 18 06:42:14 UTC 2026","passed","Sat Jul 18 06:42:14 UTC 2026","","Go Test","github.com/specterops/bloodhound/cmd/api/src/api/v2/TestResources_ListAuditLogs","TestResources_ListAuditLogs"
"","2991","should close the edge filtering dialog when user clicks apply button","EdgeFilter","Sat Jul 18 06:46:35 UTC 2026","passed","Sat Jul 18 06:46:38 UTC 2026","","","",""
"","2","filters by collected=true when ""yes"" filter is active","filterAndSearchEnvironments","Sat Jul 18 06:43:31 UTC 2026","passed","Sat Jul 18 06:43:31 UTC 2026","","collected filters","",""
"","12","displays lastlogontimestamp cell as UNKNOWN when the value is 0","ExploreTableDataCell","Sat Jul 18 06:48:26 UTC 2026","passed","Sat Jul 18 06:48:26 UTC 2026","","","",""
"","379","sets a primarySearch=id and searchType=pathfinding when secondarySearch is truethy","ContextMenu","Sat Jul 18 06:45:17 UTC 2026","passed","Sat Jul 18 06:45:18 UTC 2026","","","",""
"","1","filters by azure platform","filterAndSearchEnvironments","Sat Jul 18 06:43:31 UTC 2026","passed","Sat Jul 18 06:43:31 UTC 2026","","platform filters","",""
"Test cases for TestGetDataQualityAggregations_Failure","3","TestGetDataQualityAggregations_Failure","","Sat Jul 18 06:42:14 UTC 2026","passed","Sat Jul 18 06:42:14 UTC 2026","","Go Test","github.com/specterops/bloodhound/cmd/api/src/api/v2/TestGetDataQualityAggregations_Failure","TestGetDataQualityAggregations_Failure"
"","1","reports when API error response has errors array","handleError","Sat Jul 18 06:44:58 UTC 2026","passed","Sat Jul 18 06:44:58 UTC 2026","","","",""
"","87","returns a list of the users current permissions","usePermissions","Sat Jul 18 06:45:49 UTC 2026","passed","Sat Jul 18 06:45:49 UTC 2026","","","",""
"Test cases for TestManagementResource_UpdateSAMLProviderRequest","10","TestManagementResource_UpdateSAMLProviderRequest","","Sat Jul 18 06:42:55 UTC 2026","passed","Sat Jul 18 06:42:55 UTC 2026","","Go Test","github.com/specterops/bloodhound/cmd/api/src/api/v2/auth/TestManagementResource_UpdateSAMLProviderRequest","TestManagementResource_UpdateSAMLProviderRequest"
"","0","should return true when value partially matches term","compareTerm","Sat Jul 18 06:48:05 UTC 2026","passed","Sat Jul 18 06:48:05 UTC 2026","","","",""
"","232","clears value if input is empty","ManagedDatePicker - input","Sat Jul 18 06:46:37 UTC 2026","passed","Sat Jul 18 06:46:37 UTC 2026","","","",""
"","1","abbreviates numbers larger than 1000 and should not round the tenth place digit","numberFormatting","Sat Jul 18 06:46:44 UTC 2026","passed","Sat Jul 18 06:46:44 UTC 2026","","","",""
"","1","should compute offset vertices for bezier curves at a given intersection","bezier","Sat Jul 18 06:50:18 UTC 2026","passed","Sat Jul 18 06:50:18 UTC 2026","","","",""
"","239","adds node to asset group tag without confirmation","AssetGroupMenuItem","Sat Jul 18 06:45:47 UTC 2026","passed","Sat Jul 18 06:45:47 UTC 2026","","","",""
"Test cases for TestAnalysisPipelineStepString","1","TestAnalysisPipelineStepString","","Sat Jul 18 06:42:33 UTC 2026","passed","Sat Jul 18 06:42:33 UTC 2026","","Go Test","github.com/specterops/bloodhound/packages/go/analysis/TestAnalysisPipelineStepString","TestAnalysisPipelineStepString"
"","1881","reverts to the default unselected state when the user de-selects the currently selected graph layout","GraphView","Sat Jul 18 06:49:55 UTC 2026","passed","Sat Jul 18 06:49:56 UTC 2026","","Layout selection and de-selection","",""
"Test cases for TestDomainSelectors_GetFilterCriteria_InvalidFilterColumn","0","TestDomainSelectors_GetFilterCriteria_InvalidFilterColumn","","Sat Jul 18 06:42:20 UTC 2026","passed","Sat Jul 18 06:42:20 UTC 2026","","Go Test","github.com/specterops/bloodhound/cmd/api/src/model/TestDomainSelectors_GetFilterCriteria_InvalidFilterColumn","TestDomainSelectors_GetFilterCriteria_InvalidFilterColumn"
"","854","renders the Platforms dropdown and handles click event","QuerySearchFilter","Sat Jul 18 06:47:01 UTC 2026","passed","Sat Jul 18 06:47:02 UTC 2026","","","",""
"","570","calls setFilters when the Confirm button is clicked","Privilege Zones History Filter Dialog","Sat Jul 18 06:46:20 UTC 2026","passed","Sat Jul 18 06:46:20 UTC 2026","","","",""
"","4992","does not close explore search tab menu or entity info panel when search returns zero nodes","CypherSearch","Sat Jul 18 06:44:15 UTC 2026","passed","Sat Jul 18 06:44:20 UTC 2026","","Minimize explorer page elements when multiple nodes are returned","",""
"","35","renders details for a selected rule and is of type ""Object""","DynamicDetails","Sat Jul 18 06:46:00 UTC 2026","passed","Sat Jul 18 06:46:00 UTC 2026","","","",""
"Test cases for TestResources_ListSavedQueries","25","TestResources_ListSavedQueries","","Sat Jul 18 06:42:14 UTC 2026","passed","Sat Jul 18 06:42:14 UTC 2026","","Go Test","github.com/specterops/bloodhound/cmd/api/src/api/v2/TestResources_ListSavedQueries","TestResources_ListSavedQueries"
"Test cases for TestContextMiddleware","0","TestContextMiddleware","","Sat Jul 18 06:42:04 UTC 2026","passed","Sat Jul 18 06:42:04 UTC 2026","","Go Test","github.com/specterops/bloodhound/cmd/api/src/api/middleware/TestContextMiddleware","TestContextMiddleware"
"","276","Selecting an edge with a Computer target node that does not have haslaps enabled shows correct Windows Abuse text","EdgeInfoContent","Sat Jul 18 06:43:51 UTC 2026","passed","Sat Jul 18 06:43:51 UTC 2026","","","",""
"Test cases for TestResources_DeleteAssetGroupTagSelector","3","TestResources_DeleteAssetGroupTagSelector","","Sat Jul 18 06:42:14 UTC 2026","passed","Sat Jul 18 06:42:14 UTC 2026","","Go Test","github.com/specterops/bloodhound/cmd/api/src/api/v2/TestResources_DeleteAssetGroupTagSelector","TestResources_DeleteAssetGroupTagSelector"
"Test cases for TestResources_GetRootCAEntityInfo","229","TestResources_GetRootCAEntityInfo","","Sat Jul 18 06:42:14 UTC 2026","passed","Sat Jul 18 06:42:14 UTC 2026","","Go Test","github.com/specterops/bloodhound/cmd/api/src/api/v2/TestResources_GetRootCAEntityInfo","TestResources_GetRootCAEntityInfo"
"Test cases for TestNewService","1","TestNewService","","Sat Jul 18 06:42:45 UTC 2026","passed","Sat Jul 18 06:42:45 UTC 2026","","Go Test","github.com/specterops/bloodhound/server/etac/internal/services/TestNewService","TestNewService"
"Test cases for TestManagementResource_GetSelf","0","TestManagementResource_GetSelf","","Sat Jul 18 06:42:36 UTC 2026","passed","Sat Jul 18 06:42:36 UTC 2026","","Go Test","github.com/specterops/bloodhound/cmd/api/src/api/v2/auth/TestManagementResource_GetSelf","TestManagementResource_GetSelf"
"","16","allows you to update the list of selected filters, only updating the url after calling the apply function","usePathfindingFilters","Sat Jul 18 06:48:32 UTC 2026","passed","Sat Jul 18 06:48:32 UTC 2026","","","",""
"","124","should display locally formatted numbers if they are larger than 999","LoadContainer","Sat Jul 18 06:49:21 UTC 2026","passed","Sat Jul 18 06:49:21 UTC 2026","","","",""
"","164","renders enabled Zone and Object tabs and disabled Rule tab","Selected Details Tabs","Sat Jul 18 06:46:10 UTC 2026","passed","Sat Jul 18 06:46:11 UTC 2026","","Selected Details Tabs - Params present","",""
"","187","disables the create user button when the user is auditor role","Users","Sat Jul 18 06:45:05 UTC 2026","passed","Sat Jul 18 06:45:06 UTC 2026","","","",""
"","3989","categories default to expanded","Pathfinding","Sat Jul 18 06:43:50 UTC 2026","passed","Sat Jul 18 06:43:54 UTC 2026","","","",""
"","351","filters extensions based on search input","ActiveExtensionsCard","Sat Jul 18 06:43:38 UTC 2026","passed","Sat Jul 18 06:43:38 UTC 2026","","","",""
"","13","checks whether more data is needed when loadedCount changes","useInfiniteScroll","Sat Jul 18 06:47:27 UTC 2026","passed","Sat Jul 18 06:47:27 UTC 2026","","","",""
"Test cases for TestDisenrollMFA_Admin_Success","3241","TestDisenrollMFA_Admin_Success","","Sat Jul 18 06:42:48 UTC 2026","passed","Sat Jul 18 06:42:51 UTC 2026","","Go Test","github.com/specterops/bloodhound/cmd/api/src/api/v2/auth/TestDisenrollMFA_Admin_Success","TestDisenrollMFA_Admin_Success"
"","224","should render an SavedQueryPermissions component","SaveQueryDialog","Sat Jul 18 06:43:10 UTC 2026","passed","Sat Jul 18 06:43:11 UTC 2026","","","",""
"","11","takes a string and copys to the navigator clipboard","copyToClipboard","Sat Jul 18 06:49:28 UTC 2026","passed","Sat Jul 18 06:49:28 UTC 2026","","","",""
"","768","app does not crash if ""token"" cookie exists and ""persistedState"" localstorage key does not exist","redux store","Sat Jul 18 06:50:28 UTC 2026","passed","Sat Jul 18 06:50:29 UTC 2026","","","",""
"Test cases for TestUnmarshalInt64","0","TestUnmarshalInt64","","Sat Jul 18 06:42:20 UTC 2026","passed","Sat Jul 18 06:42:20 UTC 2026","","Go Test","github.com/specterops/bloodhound/cmd/api/src/database/types/null/TestUnmarshalInt64","TestUnmarshalInt64"
"","3","does not fetch more data when scrolling outside the default bottom threshold","useInfiniteScroll","Sat Jul 18 06:47:27 UTC 2026","passed","Sat Jul 18 06:47:27 UTC 2026","","","",""
"Test cases for TestResources_GetEdgeACLInheritancePath","99","TestResources_GetEdgeACLInheritancePath","","Sat Jul 18 06:42:14 UTC 2026","passed","Sat Jul 18 06:42:14 UTC 2026","","Go Test","github.com/specterops/bloodhound/cmd/api/src/api/v2/TestResources_GetEdgeACLInheritancePath","TestResources_GetEdgeACLInheritancePath"
"","351","Selecting an edge with a Computer target node that haslaps is enabled shows correct Windows Abuse text","EdgeInfoContent","Sat Jul 18 06:43:51 UTC 2026","passed","Sat Jul 18 06:43:51 UTC 2026","","","",""
"","2","EXTENDED ROUNDING when thresholds are set: abbreviates hundred-thousands, millions, billions, trillions as expected","numberFormatting","Sat Jul 18 06:46:44 UTC 2026","passed","Sat Jul 18 06:46:44 UTC 2026","","","",""
"","0","should return an empty map when no tags or paths match","opsFilter","Sat Jul 18 06:48:05 UTC 2026","passed","Sat Jul 18 06:48:05 UTC 2026","","","",""
"","2","stores a string value in localStorage","useLocalStorage","Sat Jul 18 06:46:02 UTC 2026","passed","Sat Jul 18 06:46:02 UTC 2026","","setValue","",""
"Test cases for TestParseLimitQueryParameter_Invalid","0","TestParseLimitQueryParameter_Invalid","","Sat Jul 18 06:42:14 UTC 2026","passed","Sat Jul 18 06:42:14 UTC 2026","","Go Test","github.com/specterops/bloodhound/cmd/api/src/api/v2/TestParseLimitQueryParameter_Invalid","TestParseLimitQueryParameter_Invalid"
"","4974","should render","Pathfinding","Sat Jul 18 06:43:39 UTC 2026","passed","Sat Jul 18 06:43:44 UTC 2026","","","",""
"","1","handles environment with impactValue at exact threshold boundaries","filterAndSearchEnvironments","Sat Jul 18 06:43:31 UTC 2026","passed","Sat Jul 18 06:43:31 UTC 2026","","edge cases","",""
"","0","A type was provided but no keyword follows the typed filter","Getting the text for the disabled item display for a search when there are no results","Sat Jul 18 06:48:04 UTC 2026","passed","Sat Jul 18 06:48:04 UTC 2026","","Empty data states","",""
"Test cases for TestResources_ShareSavedQueriesPermissions_Admin","6","TestResources_ShareSavedQueriesPermissions_Admin","","Sat Jul 18 06:42:14 UTC 2026","passed","Sat Jul 18 06:42:14 UTC 2026","","Go Test","github.com/specterops/bloodhound/cmd/api/src/api/v2/TestResources_ShareSavedQueriesPermissions_Admin","TestResources_ShareSavedQueriesPermissions_Admin"
"","3","returns true when the response contains relationship_id","isRelationshipResponse","Sat Jul 18 06:46:09 UTC 2026","passed","Sat Jul 18 06:46:09 UTC 2026","","","",""
"Test cases for TestAnalysisPipelineStepShouldRun","3","TestAnalysisPipelineStepShouldRun","","Sat Jul 18 06:42:33 UTC 2026","passed","Sat Jul 18 06:42:33 UTC 2026","","Go Test","github.com/specterops/bloodhound/packages/go/analysis/TestAnalysisPipelineStepShouldRun","TestAnalysisPipelineStepShouldRun"
"Test cases for TestFloatValueOrZero","0","TestFloatValueOrZero","","Sat Jul 18 06:42:20 UTC 2026","passed","Sat Jul 18 06:42:20 UTC 2026","","Go Test","github.com/specterops/bloodhound/cmd/api/src/database/types/null/TestFloatValueOrZero","TestFloatValueOrZero"
"","110","renders the glyph form input when the editing a zone that is not the highest privileged","Tag Form","Sat Jul 18 06:43:08 UTC 2026","passed","Sat Jul 18 06:43:09 UTC 2026","","","",""
"","92","passes the check for at least one permission if the user is missing one of many required permissions","usePermissions","Sat Jul 18 06:45:48 UTC 2026","passed","Sat Jul 18 06:45:49 UTC 2026","","","",""
"Test cases for TestResources_ListADEntityLinkedGPOs","1","TestResources_ListADEntityLinkedGPOs","","Sat Jul 18 06:42:14 UTC 2026","passed","Sat Jul 18 06:42:14 UTC 2026","","Go Test","github.com/specterops/bloodhound/cmd/api/src/api/v2/TestResources_ListADEntityLinkedGPOs","TestResources_ListADEntityLinkedGPOs"
"","253","renders correctly with requiresCurrentPassword true","PasswordDialog","Sat Jul 18 06:44:01 UTC 2026","passed","Sat Jul 18 06:44:01 UTC 2026","","","",""
"","174","renders enabled Label, Rule and Object tabs","Selected Details Tabs","Sat Jul 18 06:46:11 UTC 2026","passed","Sat Jul 18 06:46:11 UTC 2026","","Selected Details Tabs - Params present","",""
"Test cases for TestTimeFrom","0","TestTimeFrom","","Sat Jul 18 06:42:20 UTC 2026","passed","Sat Jul 18 06:42:20 UTC 2026","","Go Test","github.com/specterops/bloodhound/cmd/api/src/database/types/null/TestTimeFrom","TestTimeFrom"
"","1","If for some reason the node size is not defined return 1 as a default","getNodeRadius","Sat Jul 18 06:50:28 UTC 2026","passed","Sat Jul 18 06:50:28 UTC 2026","","","",""
"Test cases for Test_ApplyTimeoutReduction","0","Test_ApplyTimeoutReduction","","Sat Jul 18 06:42:22 UTC 2026","passed","Sat Jul 18 06:42:22 UTC 2026","","Go Test","github.com/specterops/bloodhound/cmd/api/src/queries/Test_ApplyTimeoutReduction","Test_ApplyTimeoutReduction"
"","195","renders enabled Zone and Rule tabs and disabled Object tab","Selected Details Tabs","Sat Jul 18 06:46:10 UTC 2026","passed","Sat Jul 18 06:46:10 UTC 2026","","Selected Details Tabs - Params present","",""
"","2","writes initialValue to localStorage when the key is absent","useLocalStorage","Sat Jul 18 06:46:02 UTC 2026","passed","Sat Jul 18 06:46:02 UTC 2026","","initial value","",""
"Test cases for TestNewFileServiceResolver","1","TestNewFileServiceResolver","","Sat Jul 18 06:42:28 UTC 2026","passed","Sat Jul 18 06:42:28 UTC 2026","","Go Test","github.com/specterops/bloodhound/cmd/api/src/services/storage/TestNewFileServiceResolver","TestNewFileServiceResolver"
"Test cases for TestResources_GetUserEntityInfo","1","TestResources_GetUserEntityInfo","","Sat Jul 18 06:42:14 UTC 2026","passed","Sat Jul 18 06:42:14 UTC 2026","","Go Test","github.com/specterops/bloodhound/cmd/api/src/api/v2/TestResources_GetUserEntityInfo","TestResources_GetUserEntityInfo"
"","2078","displays a list of available sharphound and azurehound files to download","DownloadCollectors","Sat Jul 18 06:50:05 UTC 2026","passed","Sat Jul 18 06:50:07 UTC 2026","","","",""
"Test cases for TestFloatEqual","0","TestFloatEqual","","Sat Jul 18 06:42:20 UTC 2026","passed","Sat Jul 18 06:42:20 UTC 2026","","Go Test","github.com/specterops/bloodhound/cmd/api/src/database/types/null/TestFloatEqual","TestFloatEqual"
"","179","renders the card with title and search input","ActiveExtensionsCard","Sat Jul 18 06:43:37 UTC 2026","passed","Sat Jul 18 06:43:37 UTC 2026","","","",""
"Test cases for TestSetFontIcon","0","TestSetFontIcon","","Sat Jul 18 06:42:01 UTC 2026","passed","Sat Jul 18 06:42:01 UTC 2026","","Go Test","github.com/specterops/bloodhound/cmd/api/src/api/bloodhoundgraph/TestSetFontIcon","TestSetFontIcon"
"","40","renders correctly when an unexpected nodeType is passed","NodeIcon","Sat Jul 18 06:48:28 UTC 2026","passed","Sat Jul 18 06:48:28 UTC 2026","","","",""
"Test cases for TestResources_ListAuditLogs_Filtered","0","TestResources_ListAuditLogs_Filtered","","Sat Jul 18 06:42:14 UTC 2026","passed","Sat Jul 18 06:42:14 UTC 2026","","Go Test","github.com/specterops/bloodhound/cmd/api/src/api/v2/TestResources_ListAuditLogs_Filtered","TestResources_ListAuditLogs_Filtered"
"Test cases for TestContextMiddlewareBypassDisabled","0","TestContextMiddlewareBypassDisabled","","Sat Jul 18 06:42:04 UTC 2026","passed","Sat Jul 18 06:42:04 UTC 2026","","Go Test","github.com/specterops/bloodhound/cmd/api/src/api/middleware/TestContextMiddlewareBypassDisabled","TestContextMiddlewareBypassDisabled"
"","538","should accept passwords with unicode punctuation characters","CreateUserForm","Sat Jul 18 06:43:52 UTC 2026","passed","Sat Jul 18 06:43:52 UTC 2026","","","",""
"","4465","search forces sections to expand when there is a match","Pathfinding","Sat Jul 18 06:44:36 UTC 2026","passed","Sat Jul 18 06:44:40 UTC 2026","","","",""
"","66","Validate Displays all the Roles","useListDisplayRoles","Sat Jul 18 06:45:18 UTC 2026","passed","Sat Jul 18 06:45:18 UTC 2026","","","",""
"Test cases for TestResources_CreateCustomNodeKindsTest","123","TestResources_CreateCustomNodeKindsTest","","Sat Jul 18 06:42:14 UTC 2026","passed","Sat Jul 18 06:42:14 UTC 2026","","Go Test","github.com/specterops/bloodhound/cmd/api/src/api/v2/TestResources_CreateCustomNodeKindsTest","TestResources_CreateCustomNodeKindsTest"
"","1","Origin label and sizing are used when specified","copySigmaNodesToGraphlibGraph","Sat Jul 18 06:50:21 UTC 2026","passed","Sat Jul 18 06:50:21 UTC 2026","","","",""
"Test cases for TestUpload_WriteAndValidateFile","1","TestUpload_WriteAndValidateFile","","Sat Jul 18 06:42:28 UTC 2026","passed","Sat Jul 18 06:42:28 UTC 2026","","Go Test","github.com/specterops/bloodhound/cmd/api/src/services/upload/TestUpload_WriteAndValidateFile","TestUpload_WriteAndValidateFile"
"Test cases for TestClearLocalIngestScratch","20","TestClearLocalIngestScratch","","Sat Jul 18 06:42:16 UTC 2026","passed","Sat Jul 18 06:42:16 UTC 2026","","Go Test","github.com/specterops/bloodhound/cmd/api/src/daemons/datapipe/TestClearLocalIngestScratch","TestClearLocalIngestScratch"
"Test cases for TestResources_DeleteSavedQuery_NotAUserAuth","1","TestResources_DeleteSavedQuery_NotAUserAuth","","Sat Jul 18 06:42:14 UTC 2026","passed","Sat Jul 18 06:42:14 UTC 2026","","Go Test","github.com/specterops/bloodhound/cmd/api/src/api/v2/TestResources_DeleteSavedQuery_NotAUserAuth","TestResources_DeleteSavedQuery_NotAUserAuth"
"","0","handles an empty string","escapeCypherString","Sat Jul 18 06:49:11 UTC 2026","passed","Sat Jul 18 06:49:11 UTC 2026","","","",""
"","1139","renders the node in the entity panel when member is clicked","GroupManagement","Sat Jul 18 06:50:18 UTC 2026","passed","Sat Jul 18 06:50:19 UTC 2026","","","",""
"","123","renders correctly","NodeIcon","Sat Jul 18 06:48:28 UTC 2026","passed","Sat Jul 18 06:48:28 UTC 2026","","","",""
"","0","returns all environments when both ""yes"" and ""no"" filters are active","filterAndSearchEnvironments","Sat Jul 18 06:43:31 UTC 2026","passed","Sat Jul 18 06:43:31 UTC 2026","","collected filters","",""
"Test cases for TestAnalysisStepsFromMode","29","TestAnalysisStepsFromMode","","Sat Jul 18 06:42:20 UTC 2026","passed","Sat Jul 18 06:42:20 UTC 2026","","Go Test","github.com/specterops/bloodhound/cmd/api/src/model/TestAnalysisStepsFromMode","TestAnalysisStepsFromMode"
"","453","toggles parent from some to all","GraphDataCheckboxes","Sat Jul 18 06:44:40 UTC 2026","passed","Sat Jul 18 06:44:41 UTC 2026","","","",""
"Test cases for TestTracker_HasEdge_PropertyChangeDetectedAsDeletion","0","TestTracker_HasEdge_PropertyChangeDetectedAsDeletion","","Sat Jul 18 06:42:34 UTC 2026","passed","Sat Jul 18 06:42:34 UTC 2026","","Go Test","github.com/specterops/bloodhound/packages/go/analysis/post/TestTracker_HasEdge_PropertyChangeDetectedAsDeletion","TestTracker_HasEdge_PropertyChangeDetectedAsDeletion"
"","108","indicates that filters are active","AssetGroupEdit","Sat Jul 18 06:45:36 UTC 2026","passed","Sat Jul 18 06:45:36 UTC 2026","","","",""
"","1","takes updatedParams and current URLSearchParams and returns a function","searchParams","Sat Jul 18 06:47:29 UTC 2026","passed","Sat Jul 18 06:47:29 UTC 2026","","setSingleParamFactory","",""
"","123","renders the title as a visible h1 heading","PageWithTitle","Sat Jul 18 06:49:15 UTC 2026","passed","Sat Jul 18 06:49:15 UTC 2026","","","",""
"Test cases for TestResources_GetAssetGroupMemberCount_DBError","1","TestResources_GetAssetGroupMemberCount_DBError","","Sat Jul 18 06:42:14 UTC 2026","passed","Sat Jul 18 06:42:14 UTC 2026","","Go Test","github.com/specterops/bloodhound/cmd/api/src/api/v2/TestResources_GetAssetGroupMemberCount_DBError","TestResources_GetAssetGroupMemberCount_DBError"
"Test cases for TestCreateUser_ResetPassword","968","TestCreateUser_ResetPassword","","Sat Jul 18 06:42:26 UTC 2026","passed","Sat Jul 18 06:42:27 UTC 2026","","Go Test","github.com/specterops/bloodhound/cmd/api/src/api/v2/auth/TestCreateUser_ResetPassword","TestCreateUser_ResetPassword"
"Test cases for FuzzFoldl","0","FuzzFoldl","","Sat Jul 18 06:42:38 UTC 2026","passed","Sat Jul 18 06:42:38 UTC 2026","","Go Test","github.com/specterops/bloodhound/packages/go/slicesext/FuzzFoldl","FuzzFoldl"
"Test cases for TestHandlers_GetRelationshipByID","2","TestHandlers_GetRelationshipByID","","Sat Jul 18 06:42:50 UTC 2026","passed","Sat Jul 18 06:42:50 UTC 2026","","Go Test","github.com/specterops/bloodhound/server/graphdb/internal/handlers/TestHandlers_GetRelationshipByID","TestHandlers_GetRelationshipByID"
"","34","calls onDataError and renders nothing when the aggregation request fails","OpenGraphPlatformInfo","Sat Jul 18 06:45:04 UTC 2026","passed","Sat Jul 18 06:45:04 UTC 2026","","","",""
"","2","returns false when the highlighted item is not in the graph","SigmaChart Utils","Sat Jul 18 06:50:20 UTC 2026","passed","Sat Jul 18 06:50:20 UTC 2026","","getIsHighlightedItemInGraph","",""
"Test cases for TestMap","0","TestMap","","Sat Jul 18 06:42:37 UTC 2026","passed","Sat Jul 18 06:42:37 UTC 2026","","Go Test","github.com/specterops/bloodhound/packages/go/lab/internal/TestMap","TestMap"
"","136","renders with a selected icon","Glyph Select Dialog","Sat Jul 18 06:48:45 UTC 2026","passed","Sat Jul 18 06:48:45 UTC 2026","","","",""
"Test cases for TestGetADDataQualityStats_Failure","1","TestGetADDataQualityStats_Failure","","Sat Jul 18 06:42:14 UTC 2026","passed","Sat Jul 18 06:42:14 UTC 2026","","Go Test","github.com/specterops/bloodhound/cmd/api/src/api/v2/TestGetADDataQualityStats_Failure","TestGetADDataQualityStats_Failure"
"Test cases for TestRegister","0","TestRegister","","Sat Jul 18 06:42:47 UTC 2026","passed","Sat Jul 18 06:42:47 UTC 2026","","Go Test","github.com/specterops/bloodhound/server/featureflags/TestRegister","TestRegister"
"Test cases for TestResources_ListADComputerPSRemoteUsers","0","TestResources_ListADComputerPSRemoteUsers","","Sat Jul 18 06:42:14 UTC 2026","passed","Sat Jul 18 06:42:14 UTC 2026","","Go Test","github.com/specterops/bloodhound/cmd/api/src/api/v2/TestResources_ListADComputerPSRemoteUsers","TestResources_ListADComputerPSRemoteUsers"
"","67","navigates to the specified route with global params intact","AppNavigate","Sat Jul 18 06:47:49 UTC 2026","passed","Sat Jul 18 06:47:49 UTC 2026","","","",""
"Test cases for TestResources_DownloadCollectorByVersion","3","TestResources_DownloadCollectorByVersion","","Sat Jul 18 06:42:14 UTC 2026","passed","Sat Jul 18 06:42:14 UTC 2026","","Go Test","github.com/specterops/bloodhound/cmd/api/src/api/v2/TestResources_DownloadCollectorByVersion","TestResources_DownloadCollectorByVersion"
"","388","displays a “Disable query timeout” checkbox when timeout limit param config is enabled false","ExploreSearch interaction","Sat Jul 18 06:50:03 UTC 2026","passed","Sat Jul 18 06:50:03 UTC 2026","","","",""
"","359","should render saml info provider","SSOProviderTable","Sat Jul 18 06:47:29 UTC 2026","passed","Sat Jul 18 06:47:29 UTC 2026","","","",""
"Test cases for TestGenericMap","0","TestGenericMap","","Sat Jul 18 06:42:29 UTC 2026","passed","Sat Jul 18 06:42:29 UTC 2026","","Go Test","github.com/specterops/bloodhound/cmd/api/src/utils/TestGenericMap","TestGenericMap"
"Test cases for TestManagementResource_UpdateUser_LookupActiveSessionsError","1014","TestManagementResource_UpdateUser_LookupActiveSessionsError","","Sat Jul 18 06:42:33 UTC 2026","passed","Sat Jul 18 06:42:34 UTC 2026","","Go Test","github.com/specterops/bloodhound/cmd/api/src/api/v2/auth/TestManagementResource_UpdateUser_LookupActiveSessionsError","TestManagementResource_UpdateUser_LookupActiveSessionsError"
"","12","shows items when the user has admin permissions","useSubNavRoutes","Sat Jul 18 06:46:23 UTC 2026","passed","Sat Jul 18 06:46:23 UTC 2026","","adminOnly gate","",""
"","15","keeps callbacks stable across renders","useObjectState","Sat Jul 18 06:48:22 UTC 2026","passed","Sat Jul 18 06:48:22 UTC 2026","","","",""
"","856","dark mode should persist between logging in and out","redux store","Sat Jul 18 06:50:28 UTC 2026","passed","Sat Jul 18 06:50:28 UTC 2026","","","",""
"","3","should compute normal vectors for line segments","bezier","Sat Jul 18 06:50:18 UTC 2026","passed","Sat Jul 18 06:50:18 UTC 2026","","","",""
"Test cases for TestUnmarshalNonIntegerNumberToInt64","0","TestUnmarshalNonIntegerNumberToInt64","","Sat Jul 18 06:42:20 UTC 2026","passed","Sat Jul 18 06:42:20 UTC 2026","","Go Test","github.com/specterops/bloodhound/cmd/api/src/database/types/null/TestUnmarshalNonIntegerNumberToInt64","TestUnmarshalNonIntegerNumberToInt64"
"","12","renders highlight only for active selector when ruleId is present","SelectedHighlight","Sat Jul 18 06:48:13 UTC 2026","passed","Sat Jul 18 06:48:13 UTC 2026","","","",""
"","79","hides loading state when data is available","GraphDataCheckboxes","Sat Jul 18 06:44:37 UTC 2026","passed","Sat Jul 18 06:44:37 UTC 2026","","","",""
"","154","renders a confirm dialg","ConfirmDeleteQueryDialog","Sat Jul 18 06:49:13 UTC 2026","passed","Sat Jul 18 06:49:13 UTC 2026","","","",""
"Test cases for TestManagementResource_ListPermissions","0","TestManagementResource_ListPermissions","","Sat Jul 18 06:42:20 UTC 2026","passed","Sat Jul 18 06:42:20 UTC 2026","","Go Test","github.com/specterops/bloodhound/cmd/api/src/api/v2/auth/TestManagementResource_ListPermissions","TestManagementResource_ListPermissions"
"","175","disables the create user button and does not populate a table if the user lacks the permission","Users","Sat Jul 18 06:45:05 UTC 2026","passed","Sat Jul 18 06:45:05 UTC 2026","","","",""
"","274","calls onClose when user clicks cancel","PasswordDialog","Sat Jul 18 06:44:01 UTC 2026","passed","Sat Jul 18 06:44:01 UTC 2026","","","",""
"","110","should display ""Password"" input","Enable2FADialog","Sat Jul 18 06:47:41 UTC 2026","passed","Sat Jul 18 06:47:42 UTC 2026","","","",""
"","548","should sort by type","SSOProviderTable","Sat Jul 18 06:47:36 UTC 2026","passed","Sat Jul 18 06:47:36 UTC 2026","","","",""
"","0","returns null for an open graph environment without an id","getStatsComponent","Sat Jul 18 06:47:39 UTC 2026","passed","Sat Jul 18 06:47:39 UTC 2026","","","",""
"Test cases for TestStore_GetKindByName","0","TestStore_GetKindByName","","Sat Jul 18 06:42:49 UTC 2026","passed","Sat Jul 18 06:42:49 UTC 2026","","Go Test","github.com/specterops/bloodhound/server/graphdb/internal/appdb/TestStore_GetKindByName","TestStore_GetKindByName"
"","5342","edges are displayed in alphabetical order","Pathfinding","Sat Jul 18 06:44:44 UTC 2026","passed","Sat Jul 18 06:44:49 UTC 2026","","","",""
"","25","tag members refetches on sort change","the useAssetGroupTags utilities","Sat Jul 18 06:45:24 UTC 2026","passed","Sat Jul 18 06:45:24 UTC 2026","","","",""
"Test cases for TestStore_PathHelpers","12","TestStore_PathHelpers","","Sat Jul 18 06:42:40 UTC 2026","passed","Sat Jul 18 06:42:40 UTC 2026","","Go Test","github.com/specterops/bloodhound/packages/go/storage/TestStore_PathHelpers","TestStore_PathHelpers"
"Test cases for TestConvertContainerToNode_InheritanceHashes","0","TestConvertContainerToNode_InheritanceHashes","","Sat Jul 18 06:42:35 UTC 2026","passed","Sat Jul 18 06:42:35 UTC 2026","","Go Test","github.com/specterops/bloodhound/packages/go/ein/TestConvertContainerToNode_InheritanceHashes","TestConvertContainerToNode_InheritanceHashes"
"Test cases for TestResources_ListADCSEscalations","0","TestResources_ListADCSEscalations","","Sat Jul 18 06:42:14 UTC 2026","passed","Sat Jul 18 06:42:14 UTC 2026","","Go Test","github.com/specterops/bloodhound/cmd/api/src/api/v2/TestResources_ListADCSEscalations","TestResources_ListADCSEscalations"
"","103","upon selecting just a source node, updates the URL with a searchType of 'node' and primarySearch of the node's objectid","usePathfindingSearch","Sat Jul 18 06:46:19 UTC 2026","passed","Sat Jul 18 06:46:19 UTC 2026","","","",""
"Test cases for TestParseUserIP_RemoteAddrOnly","0","TestParseUserIP_RemoteAddrOnly","","Sat Jul 18 06:42:04 UTC 2026","passed","Sat Jul 18 06:42:04 UTC 2026","","Go Test","github.com/specterops/bloodhound/cmd/api/src/api/middleware/TestParseUserIP_RemoteAddrOnly","TestParseUserIP_RemoteAddrOnly"
"Test cases for TestManagementResource_GetSAMLProvider","10","TestManagementResource_GetSAMLProvider","","Sat Jul 18 06:42:55 UTC 2026","passed","Sat Jul 18 06:42:55 UTC 2026","","Go Test","github.com/specterops/bloodhound/cmd/api/src/api/v2/auth/TestManagementResource_GetSAMLProvider","TestManagementResource_GetSAMLProvider"
"","82","links to the specified route with global params intact when triggered by a splat route","AppLink","Sat Jul 18 06:47:09 UTC 2026","passed","Sat Jul 18 06:47:09 UTC 2026","","","",""
"Test cases for TestResources_UpdateSavedQuery_OwnPrivateQuery_Success","0","TestResources_UpdateSavedQuery_OwnPrivateQuery_Success","","Sat Jul 18 06:42:14 UTC 2026","passed","Sat Jul 18 06:42:14 UTC 2026","","Go Test","github.com/specterops/bloodhound/cmd/api/src/api/v2/TestResources_UpdateSavedQuery_OwnPrivateQuery_Success","TestResources_UpdateSavedQuery_OwnPrivateQuery_Success"
"Test cases for TestBuildErrorResponseInternalServerError","0","TestBuildErrorResponseInternalServerError","","Sat Jul 18 06:42:01 UTC 2026","passed","Sat Jul 18 06:42:01 UTC 2026","","Go Test","github.com/specterops/bloodhound/cmd/api/src/api/TestBuildErrorResponseInternalServerError","TestBuildErrorResponseInternalServerError"
"","190","should should reflect the checked state for public query","SavedQueryPermissions","Sat Jul 18 06:47:19 UTC 2026","passed","Sat Jul 18 06:47:19 UTC 2026","","","",""
"","67","Gets focus on keyboard shortcut","SearchBar","Sat Jul 18 06:49:01 UTC 2026","passed","Sat Jul 18 06:49:02 UTC 2026","","","",""
"","12","should render when search string matches text entirely","HighlightedText","Sat Jul 18 06:48:22 UTC 2026","passed","Sat Jul 18 06:48:22 UTC 2026","","","",""
"Test cases for TestServeHTTP_Success","0","TestServeHTTP_Success","","Sat Jul 18 06:42:04 UTC 2026","passed","Sat Jul 18 06:42:04 UTC 2026","","Go Test","github.com/specterops/bloodhound/cmd/api/src/api/middleware/TestServeHTTP_Success","TestServeHTTP_Success"
"Test cases for TestOrphanFileSweeper_ClearLegacyLocalIngestFiles","20","TestOrphanFileSweeper_ClearLegacyLocalIngestFiles","","Sat Jul 18 06:42:16 UTC 2026","passed","Sat Jul 18 06:42:16 UTC 2026","","Go Test","github.com/specterops/bloodhound/cmd/api/src/daemons/datapipe/TestOrphanFileSweeper_ClearLegacyLocalIngestFiles","TestOrphanFileSweeper_ClearLegacyLocalIngestFiles"
"","16","dismisses the ""no permission"" notification on unmount","useFinishedJobs","Sat Jul 18 06:46:15 UTC 2026","passed","Sat Jul 18 06:46:15 UTC 2026","","","",""
"","17","shows the item only when both gates pass","useSubNavRoutes","Sat Jul 18 06:46:23 UTC 2026","passed","Sat Jul 18 06:46:23 UTC 2026","","combined gates","",""
"Test cases for TestWriteTimeWindowedResponse","0","TestWriteTimeWindowedResponse","","Sat Jul 18 06:42:01 UTC 2026","passed","Sat Jul 18 06:42:01 UTC 2026","","Go Test","github.com/specterops/bloodhound/cmd/api/src/api/TestWriteTimeWindowedResponse","TestWriteTimeWindowedResponse"
"","1","reads and parses an existing value from localStorage","useLocalStorage","Sat Jul 18 06:46:02 UTC 2026","passed","Sat Jul 18 06:46:02 UTC 2026","","initial value","",""
"Test cases for TestResources_ListADOUContainedComputers","5","TestResources_ListADOUContainedComputers","","Sat Jul 18 06:42:14 UTC 2026","passed","Sat Jul 18 06:42:14 UTC 2026","","Go Test","github.com/specterops/bloodhound/cmd/api/src/api/v2/TestResources_ListADOUContainedComputers","TestResources_ListADOUContainedComputers"
"Test cases for TestManagementResource_UpdateUser_SelfDisable","1333","TestManagementResource_UpdateUser_SelfDisable","","Sat Jul 18 06:42:31 UTC 2026","passed","Sat Jul 18 06:42:32 UTC 2026","","Go Test","github.com/specterops/bloodhound/cmd/api/src/api/v2/auth/TestManagementResource_UpdateUser_SelfDisable","TestManagementResource_UpdateUser_SelfDisable"
"","1","does not change the day, month, or year value of the DateTime object","floorToNearestMinute","Sat Jul 18 06:48:23 UTC 2026","passed","Sat Jul 18 06:48:23 UTC 2026","","","",""
"Test cases for TestResources_UpdateCustomNodeKindsTest","103","TestResources_UpdateCustomNodeKindsTest","","Sat Jul 18 06:42:14 UTC 2026","passed","Sat Jul 18 06:42:14 UTC 2026","","Go Test","github.com/specterops/bloodhound/cmd/api/src/api/v2/TestResources_UpdateCustomNodeKindsTest","TestResources_UpdateCustomNodeKindsTest"
"","4","succeeds for valid password","testPassword","Sat Jul 18 06:49:17 UTC 2026","passed","Sat Jul 18 06:49:17 UTC 2026","","","",""
"","888","should call onSave when save button is clicked","SaveQueryDialog","Sat Jul 18 06:43:09 UTC 2026","passed","Sat Jul 18 06:43:10 UTC 2026","","","",""
"","9","shows hint by default","ManagedDatePicker - placeholders","Sat Jul 18 06:46:36 UTC 2026","passed","Sat Jul 18 06:46:36 UTC 2026","","","",""
"","90","sets autoDisplayTable to false if enabled param is false","useExploreTableAutoDisplay","Sat Jul 18 06:47:51 UTC 2026","passed","Sat Jul 18 06:47:52 UTC 2026","","","",""
"Test cases for TestTextUnmarshalInt64","0","TestTextUnmarshalInt64","","Sat Jul 18 06:42:20 UTC 2026","passed","Sat Jul 18 06:42:20 UTC 2026","","Go Test","github.com/specterops/bloodhound/cmd/api/src/database/types/null/TestTextUnmarshalInt64","TestTextUnmarshalInt64"
"Test cases for TestOrphanFileSweeper_ClearLegacyLocalIngestFilesRemovesOrphanDirectoriesIfOld","19","TestOrphanFileSweeper_ClearLegacyLocalIngestFilesRemovesOrphanDirectoriesIfOld","","Sat Jul 18 06:42:16 UTC 2026","passed","Sat Jul 18 06:42:16 UTC 2026","","Go Test","github.com/specterops/bloodhound/cmd/api/src/daemons/datapipe/TestOrphanFileSweeper_ClearLegacyLocalIngestFilesRemovesOrphanDirectoriesIfOld","TestOrphanFileSweeper_ClearLegacyLocalIngestFilesRemovesOrphanDirectoriesIfOld"
"Test cases for TestStore_GetFlagByID","0","TestStore_GetFlagByID","","Sat Jul 18 06:42:47 UTC 2026","passed","Sat Jul 18 06:42:47 UTC 2026","","Go Test","github.com/specterops/bloodhound/server/featureflags/internal/appdb/TestStore_GetFlagByID","TestStore_GetFlagByID"
"","479","should not call onSave when Save button is clicked and form input is invalid","UpdateUserDialog","Sat Jul 18 06:44:38 UTC 2026","passed","Sat Jul 18 06:44:38 UTC 2026","","","",""
"Test cases for TestResources_GetAssetGroupTagMemberCountsByKind","1","TestResources_GetAssetGroupTagMemberCountsByKind","","Sat Jul 18 06:42:14 UTC 2026","passed","Sat Jul 18 06:42:14 UTC 2026","","Go Test","github.com/specterops/bloodhound/cmd/api/src/api/v2/TestResources_GetAssetGroupTagMemberCountsByKind","TestResources_GetAssetGroupTagMemberCountsByKind"
"","66","returns true when nodes are available","useGraphHasData","Sat Jul 18 06:48:36 UTC 2026","passed","Sat Jul 18 06:48:36 UTC 2026","","","",""
"","1","EXTENDED ROUNDING with different thresholds","numberFormatting","Sat Jul 18 06:46:44 UTC 2026","passed","Sat Jul 18 06:46:44 UTC 2026","","","",""
"Test cases for TestManagementResource_ListRoles_SortingError","0","TestManagementResource_ListRoles_SortingError","","Sat Jul 18 06:42:20 UTC 2026","passed","Sat Jul 18 06:42:20 UTC 2026","","Go Test","github.com/specterops/bloodhound/cmd/api/src/api/v2/auth/TestManagementResource_ListRoles_SortingError","TestManagementResource_ListRoles_SortingError"
"Test cases for TestAddOrderByToNeo4jQuery_NoOrderByClause","0","TestAddOrderByToNeo4jQuery_NoOrderByClause","","Sat Jul 18 06:42:14 UTC 2026","passed","Sat Jul 18 06:42:14 UTC 2026","","Go Test","github.com/specterops/bloodhound/cmd/api/src/api/v2/TestAddOrderByToNeo4jQuery_NoOrderByClause","TestAddOrderByToNeo4jQuery_NoOrderByClause"
"TestMigrator_GenerateManifestAfterVersion builds upon the GenerateManifest testby starting from different version points and spot checking migration counts.","0","TestMigrator_GenerateManifestAfterVersion","","Sat Jul 18 06:42:20 UTC 2026","passed","Sat Jul 18 06:42:20 UTC 2026","","Go Test","github.com/specterops/bloodhound/cmd/api/src/database/migration/TestMigrator_GenerateManifestAfterVersion","TestMigrator_GenerateManifestAfterVersion"
"","4587","Sort arrow is visible and direction is correct","ExploreTable","Sat Jul 18 06:43:25 UTC 2026","passed","Sat Jul 18 06:43:30 UTC 2026","","","",""
"Test cases for TestResources_ListAssetGroupMembersCount","1","TestResources_ListAssetGroupMembersCount","","Sat Jul 18 06:42:14 UTC 2026","passed","Sat Jul 18 06:42:14 UTC 2026","","Go Test","github.com/specterops/bloodhound/cmd/api/src/api/v2/TestResources_ListAssetGroupMembersCount","TestResources_ListAssetGroupMembersCount"
"Test cases for Test_GraphExtensionPayload_ToGraphExtensionInput","8","Test_GraphExtensionPayload_ToGraphExtensionInput","","Sat Jul 18 06:42:20 UTC 2026","passed","Sat Jul 18 06:42:20 UTC 2026","","Go Test","github.com/specterops/bloodhound/cmd/api/src/model/Test_GraphExtensionPayload_ToGraphExtensionInput","Test_GraphExtensionPayload_ToGraphExtensionInput"
"","0","The data is fetching","Getting the text for the disabled item display for a search when there are no results","Sat Jul 18 06:48:04 UTC 2026","passed","Sat Jul 18 06:48:04 UTC 2026","","Loading states","",""
"","1","filters by user-provided platform","filterAndSearchEnvironments","Sat Jul 18 06:43:31 UTC 2026","passed","Sat Jul 18 06:43:31 UTC 2026","","platform filters","",""
"Test cases for TestQueryParameterFilterParser_ParseQueryParameterFilter","0","TestQueryParameterFilterParser_ParseQueryParameterFilter","","Sat Jul 18 06:42:20 UTC 2026","passed","Sat Jul 18 06:42:20 UTC 2026","","Go Test","github.com/specterops/bloodhound/cmd/api/src/model/TestQueryParameterFilterParser_ParseQueryParameterFilter","TestQueryParameterFilterParser_ParseQueryParameterFilter"
"","121","should display the logged in user's email address","UserProfile","Sat Jul 18 06:45:54 UTC 2026","passed","Sat Jul 18 06:45:55 UTC 2026","","","",""
"","0","should handle an entity that has no name property","Evaluating the entity display name from a given entity","Sat Jul 18 06:45:27 UTC 2026","passed","Sat Jul 18 06:45:27 UTC 2026","","","",""
"","120","returns false when no nodes are available","useGraphHasData","Sat Jul 18 06:48:35 UTC 2026","passed","Sat Jul 18 06:48:36 UTC 2026","","","",""
"Test cases for TestParseOptionalBoolEmptyValue","0","TestParseOptionalBoolEmptyValue","","Sat Jul 18 06:42:01 UTC 2026","passed","Sat Jul 18 06:42:01 UTC 2026","","Go Test","github.com/specterops/bloodhound/cmd/api/src/api/TestParseOptionalBoolEmptyValue","TestParseOptionalBoolEmptyValue"
"","297","only sends dirty fields in the request when updating","Tag Form","Sat Jul 18 06:43:11 UTC 2026","passed","Sat Jul 18 06:43:11 UTC 2026","","","",""
"","443","opens the dropdown when the Columns button is clicked","ManageColumnsComboBox","Sat Jul 18 06:45:30 UTC 2026","passed","Sat Jul 18 06:45:31 UTC 2026","","","",""
"Test cases for TestManagementResource_DeleteAuthToken","9","TestManagementResource_DeleteAuthToken","","Sat Jul 18 06:42:55 UTC 2026","passed","Sat Jul 18 06:42:55 UTC 2026","","Go Test","github.com/specterops/bloodhound/cmd/api/src/api/v2/auth/TestManagementResource_DeleteAuthToken","TestManagementResource_DeleteAuthToken"
"","394","Should call handler when a member is clicked","AssetGroupMemberList","Sat Jul 18 06:48:21 UTC 2026","passed","Sat Jul 18 06:48:21 UTC 2026","","","",""
"","517","disables checkboxes by default","GraphDataCheckboxes","Sat Jul 18 06:44:37 UTC 2026","passed","Sat Jul 18 06:44:37 UTC 2026","","","",""
"","5","`undefined` input is provided","parseKeywordAndTypeValue","Sat Jul 18 06:49:03 UTC 2026","passed","Sat Jul 18 06:49:03 UTC 2026","","","",""
"TestRegister_RoutesRequireAuthentication dispatches real unauthenticatedrequests through the wired router to verify that every registered graphdbroute is guarded by authentication middleware. If the route wireup everloses RequirePermissions(), this test will fail.","0","TestRegister_RoutesRequireAuthentication","","Sat Jul 18 06:42:52 UTC 2026","passed","Sat Jul 18 06:42:52 UTC 2026","","Go Test","github.com/specterops/bloodhound/server/graphdb/internal/routes/TestRegister_RoutesRequireAuthentication","TestRegister_RoutesRequireAuthentication"
"","118","highlights the selectedLayout when isExploreLayoutSelected is true","GraphControls","Sat Jul 18 06:43:39 UTC 2026","passed","Sat Jul 18 06:43:39 UTC 2026","","Selecting a layout","",""
"Test cases for TestConvertGenericNode","1","TestConvertGenericNode","","Sat Jul 18 06:42:27 UTC 2026","passed","Sat Jul 18 06:42:27 UTC 2026","","Go Test","github.com/specterops/bloodhound/cmd/api/src/services/graphify/TestConvertGenericNode","TestConvertGenericNode"
"","0","filters by active-directory platform","filterAndSearchEnvironments","Sat Jul 18 06:43:31 UTC 2026","passed","Sat Jul 18 06:43:31 UTC 2026","","platform filters","",""
"","0","shows no collection methods","toCollected","Sat Jul 18 06:48:47 UTC 2026","passed","Sat Jul 18 06:48:47 UTC 2026","","","",""
"","717","handles creating a new rule","Rule Form","Sat Jul 18 06:43:26 UTC 2026","passed","Sat Jul 18 06:43:27 UTC 2026","","","",""
"","378","renders a graph if the query has any node edges","GraphView","Sat Jul 18 06:49:50 UTC 2026","passed","Sat Jul 18 06:49:50 UTC 2026","","","",""
"Test cases for TestContextMiddlewareBypassEnabled","0","TestContextMiddlewareBypassEnabled","","Sat Jul 18 06:42:04 UTC 2026","passed","Sat Jul 18 06:42:04 UTC 2026","","Go Test","github.com/specterops/bloodhound/cmd/api/src/api/middleware/TestContextMiddlewareBypassEnabled","TestContextMiddlewareBypassEnabled"
"","11","renders Owned text by default when no Label Selector is available and on a Label page","TagSelector","Sat Jul 18 06:47:07 UTC 2026","passed","Sat Jul 18 06:47:07 UTC 2026","","","",""
"","466","invalidates the extensions query after a successful upload","SchemaUploadDialog","Sat Jul 18 06:44:52 UTC 2026","passed","Sat Jul 18 06:44:52 UTC 2026","","","",""
"","19","should display hidden label for hidden edge","EdgeInfoHeader","Sat Jul 18 06:47:38 UTC 2026","passed","Sat Jul 18 06:47:38 UTC 2026","","","",""
"Test cases for TestResources_DeleteExtension","70","TestResources_DeleteExtension","","Sat Jul 18 06:42:14 UTC 2026","passed","Sat Jul 18 06:42:14 UTC 2026","","Go Test","github.com/specterops/bloodhound/cmd/api/src/api/v2/TestResources_DeleteExtension","TestResources_DeleteExtension"
"Test cases for TestRegister","0","TestRegister","","Sat Jul 18 06:42:43 UTC 2026","passed","Sat Jul 18 06:42:43 UTC 2026","","Go Test","github.com/specterops/bloodhound/server/analysis/TestRegister","TestRegister"
"Test cases for TestFilterParseAndValidate_IgnoredParameters","0","TestFilterParseAndValidate_IgnoredParameters","","Sat Jul 18 06:42:37 UTC 2026","passed","Sat Jul 18 06:42:37 UTC 2026","","Go Test","github.com/specterops/bloodhound/packages/go/params/TestFilterParseAndValidate_IgnoredParameters","TestFilterParseAndValidate_IgnoredParameters"
"Test cases for TestNodeNamePrefix_String","0","TestNodeNamePrefix_String","","Sat Jul 18 06:42:34 UTC 2026","passed","Sat Jul 18 06:42:34 UTC 2026","","Go Test","github.com/specterops/bloodhound/packages/go/analysis/ad/wellknown/TestNodeNamePrefix_String","TestNodeNamePrefix_String"
"Test cases for TestTenantRoles","0","TestTenantRoles","","Sat Jul 18 06:42:34 UTC 2026","passed","Sat Jul 18 06:42:34 UTC 2026","","Go Test","github.com/specterops/bloodhound/packages/go/analysis/azure/TestTenantRoles","TestTenantRoles"
"","8","omits sections whose items are all filtered out","useSubNavRoutes","Sat Jul 18 06:46:23 UTC 2026","passed","Sat Jul 18 06:46:23 UTC 2026","","","",""
"Test cases for TestWriteErrorResponse_InvalidFormat","2","TestWriteErrorResponse_InvalidFormat","","Sat Jul 18 06:42:01 UTC 2026","passed","Sat Jul 18 06:42:01 UTC 2026","","Go Test","github.com/specterops/bloodhound/cmd/api/src/api/TestWriteErrorResponse_InvalidFormat","TestWriteErrorResponse_InvalidFormat"
"","654","calls onSave without current password when requireCurrentPassword is false","PasswordDialog","Sat Jul 18 06:44:07 UTC 2026","passed","Sat Jul 18 06:44:08 UTC 2026","","","",""
"","11","updates key in state","useObjectState","Sat Jul 18 06:48:22 UTC 2026","passed","Sat Jul 18 06:48:22 UTC 2026","","","",""
"","1349","renders asset group edit options with graph write permissions","ContextMenu","Sat Jul 18 06:50:06 UTC 2026","passed","Sat Jul 18 06:50:07 UTC 2026","","","",""
"","374","opens confirmation dialog when delete button is clicked","ActiveExtensionsCard","Sat Jul 18 06:43:39 UTC 2026","passed","Sat Jul 18 06:43:40 UTC 2026","","","",""
"","26","sets the document title using the app name from AppNameProvider","PageWithTitle","Sat Jul 18 06:49:15 UTC 2026","passed","Sat Jul 18 06:49:15 UTC 2026","","","",""
"","0","fails for password without lowercase letters","testPassword","Sat Jul 18 06:49:17 UTC 2026","passed","Sat Jul 18 06:49:17 UTC 2026","","","",""
"Test cases for TestResources_DeleteSavedQuery_PublicQueryAndUserIsAdmin","0","TestResources_DeleteSavedQuery_PublicQueryAndUserIsAdmin","","Sat Jul 18 06:42:14 UTC 2026","passed","Sat Jul 18 06:42:14 UTC 2026","","Go Test","github.com/specterops/bloodhound/cmd/api/src/api/v2/TestResources_DeleteSavedQuery_PublicQueryAndUserIsAdmin","TestResources_DeleteSavedQuery_PublicQueryAndUserIsAdmin"
"","14","removes a notification","AppNotifications","Sat Jul 18 06:47:49 UTC 2026","passed","Sat Jul 18 06:47:49 UTC 2026","","","",""
"","3","uses sequentialLayout by default","Explore utils","Sat Jul 18 06:50:10 UTC 2026","passed","Sat Jul 18 06:50:10 UTC 2026","","initGraph","",""
"Test cases for TestResources_UpdateSavedQuery_OwnPublicQuery_Success","0","TestResources_UpdateSavedQuery_OwnPublicQuery_Success","","Sat Jul 18 06:42:14 UTC 2026","passed","Sat Jul 18 06:42:14 UTC 2026","","Go Test","github.com/specterops/bloodhound/cmd/api/src/api/v2/TestResources_UpdateSavedQuery_OwnPublicQuery_Success","TestResources_UpdateSavedQuery_OwnPublicQuery_Success"
"Test cases for Test_NewSpecWithHooks","0","Test_NewSpecWithHooks","","Sat Jul 18 06:42:37 UTC 2026","passed","Sat Jul 18 06:42:37 UTC 2026","","Go Test","github.com/specterops/bloodhound/packages/go/lab/Test_NewSpecWithHooks","Test_NewSpecWithHooks"
"Test cases for TestParseAssetGroupTagIdParams","254","TestParseAssetGroupTagIdParams","","Sat Jul 18 06:42:01 UTC 2026","passed","Sat Jul 18 06:42:01 UTC 2026","","Go Test","github.com/specterops/bloodhound/cmd/api/src/api/TestParseAssetGroupTagIdParams","TestParseAssetGroupTagIdParams"
"","24","should display the checkbox group title","Checkbox group","Sat Jul 18 06:48:56 UTC 2026","passed","Sat Jul 18 06:48:56 UTC 2026","","","",""
"","164","should fire Cancel once with false","ConfirmationDialog","Sat Jul 18 06:49:06 UTC 2026","passed","Sat Jul 18 06:49:06 UTC 2026","","","",""
"Test cases for TestExtractIngestFiles","7","TestExtractIngestFiles","","Sat Jul 18 06:42:27 UTC 2026","passed","Sat Jul 18 06:42:27 UTC 2026","","Go Test","github.com/specterops/bloodhound/cmd/api/src/services/graphify/TestExtractIngestFiles","TestExtractIngestFiles"
"Test cases for Test_ConvertAppFederatedIdentityCredential","0","Test_ConvertAppFederatedIdentityCredential","","Sat Jul 18 06:42:35 UTC 2026","passed","Sat Jul 18 06:42:35 UTC 2026","","Go Test","github.com/specterops/bloodhound/packages/go/ein/Test_ConvertAppFederatedIdentityCredential","Test_ConvertAppFederatedIdentityCredential"
"","196","a name value is required to submit the form","Tag Form","Sat Jul 18 06:43:09 UTC 2026","passed","Sat Jul 18 06:43:09 UTC 2026","","","",""
"Test cases for TestWriteArchiveFileToStorage","5","TestWriteArchiveFileToStorage","","Sat Jul 18 06:42:27 UTC 2026","passed","Sat Jul 18 06:42:27 UTC 2026","","Go Test","github.com/specterops/bloodhound/cmd/api/src/services/graphify/TestWriteArchiveFileToStorage","TestWriteArchiveFileToStorage"
"Test cases for TestSignRequestValuesSuccess","0","TestSignRequestValuesSuccess","","Sat Jul 18 06:42:01 UTC 2026","passed","Sat Jul 18 06:42:01 UTC 2026","","Go Test","github.com/specterops/bloodhound/cmd/api/src/api/TestSignRequestValuesSuccess","TestSignRequestValuesSuccess"
"Test cases for TestStore_GetAllFlags","0","TestStore_GetAllFlags","","Sat Jul 18 06:42:47 UTC 2026","passed","Sat Jul 18 06:42:47 UTC 2026","","Go Test","github.com/specterops/bloodhound/server/featureflags/internal/appdb/TestStore_GetAllFlags","TestStore_GetAllFlags"
"","726","navigates to object details when clicking an object row","ObjectsAccordion","Sat Jul 18 06:46:54 UTC 2026","passed","Sat Jul 18 06:46:54 UTC 2026","","","",""
"Test cases for TestKeyEncoder_Key_Deterministic","0","TestKeyEncoder_Key_Deterministic","","Sat Jul 18 06:42:34 UTC 2026","passed","Sat Jul 18 06:42:34 UTC 2026","","Go Test","github.com/specterops/bloodhound/packages/go/analysis/post/TestKeyEncoder_Key_Deterministic","TestKeyEncoder_Key_Deterministic"
"","1","returns the same nodes from the graphData","getExploreTableData","Sat Jul 18 06:46:47 UTC 2026","passed","Sat Jul 18 06:46:47 UTC 2026","","","",""
"","575","opens nested sections and updates URL params correctly","EntityInfoDataTable","Sat Jul 18 06:45:09 UTC 2026","passed","Sat Jul 18 06:45:09 UTC 2026","","Node count for nested table that counts all sections","",""
"Test cases for TestGetAzureDataQualityStats_Success","0","TestGetAzureDataQualityStats_Success","","Sat Jul 18 06:42:14 UTC 2026","passed","Sat Jul 18 06:42:14 UTC 2026","","Go Test","github.com/specterops/bloodhound/cmd/api/src/api/v2/TestGetAzureDataQualityStats_Success","TestGetAzureDataQualityStats_Success"
"","0","should return false when there is no match","compareTerm","Sat Jul 18 06:48:05 UTC 2026","passed","Sat Jul 18 06:48:05 UTC 2026","","","",""
"Test cases for TestTracker_HasEdge_And_DeletedEdges","0","TestTracker_HasEdge_And_DeletedEdges","","Sat Jul 18 06:42:34 UTC 2026","passed","Sat Jul 18 06:42:34 UTC 2026","","Go Test","github.com/specterops/bloodhound/packages/go/analysis/post/TestTracker_HasEdge_And_DeletedEdges","TestTracker_HasEdge_And_DeletedEdges"
"","30","renders custom icon overlap correctly","NodeIcon","Sat Jul 18 06:48:28 UTC 2026","passed","Sat Jul 18 06:48:28 UTC 2026","","","",""
"Test cases for TestRequireAllEnvironmentAccessMiddleware","0","TestRequireAllEnvironmentAccessMiddleware","","Sat Jul 18 06:42:04 UTC 2026","passed","Sat Jul 18 06:42:04 UTC 2026","","Go Test","github.com/specterops/bloodhound/cmd/api/src/api/middleware/TestRequireAllEnvironmentAccessMiddleware","TestRequireAllEnvironmentAccessMiddleware"
"Test cases for TestToolContainer_SetScheduledAnalysisConfiguration","6","TestToolContainer_SetScheduledAnalysisConfiguration","","Sat Jul 18 06:42:05 UTC 2026","passed","Sat Jul 18 06:42:05 UTC 2026","","Go Test","github.com/specterops/bloodhound/cmd/api/src/api/tools/TestToolContainer_SetScheduledAnalysisConfiguration","TestToolContainer_SetScheduledAnalysisConfiguration"
"","195","renders an interactive version when preview is set to false","PrivilegeZonesCypherEditor Search component for Zone Management","Sat Jul 18 06:48:01 UTC 2026","passed","Sat Jul 18 06:48:01 UTC 2026","","","",""
"Test cases for TestResources_ListSourceKinds","68","TestResources_ListSourceKinds","","Sat Jul 18 06:42:14 UTC 2026","passed","Sat Jul 18 06:42:14 UTC 2026","","Go Test","github.com/specterops/bloodhound/cmd/api/src/api/v2/TestResources_ListSourceKinds","TestResources_ListSourceKinds"
"","191","renders the Zone/Labels Tab content when first tab is chosen","Selected Details Tab Content","Sat Jul 18 06:47:08 UTC 2026","passed","Sat Jul 18 06:47:08 UTC 2026","","","",""
"Test cases for TestAnalysisStepNames_ContainsNameForEachDefinedBit","28","TestAnalysisStepNames_ContainsNameForEachDefinedBit","","Sat Jul 18 06:42:20 UTC 2026","passed","Sat Jul 18 06:42:20 UTC 2026","","Go Test","github.com/specterops/bloodhound/cmd/api/src/model/TestAnalysisStepNames_ContainsNameForEachDefinedBit","TestAnalysisStepNames_ContainsNameForEachDefinedBit"
"Test cases for TestBoolValueOrZero","0","TestBoolValueOrZero","","Sat Jul 18 06:42:20 UTC 2026","passed","Sat Jul 18 06:42:20 UTC 2026","","Go Test","github.com/specterops/bloodhound/cmd/api/src/database/types/null/TestBoolValueOrZero","TestBoolValueOrZero"
"","9","populates the cypher search field with the decoded query when the associated query params are set","useCypherSearch","Sat Jul 18 06:48:46 UTC 2026","passed","Sat Jul 18 06:48:46 UTC 2026","","","",""
"Test cases for Test_ParseGraphSortParameters_InvalidSortColumn","0","Test_ParseGraphSortParameters_InvalidSortColumn","","Sat Jul 18 06:42:01 UTC 2026","passed","Sat Jul 18 06:42:01 UTC 2026","","Go Test","github.com/specterops/bloodhound/cmd/api/src/api/Test_ParseGraphSortParameters_InvalidSortColumn","Test_ParseGraphSortParameters_InvalidSortColumn"
"Test cases for TestAnalysisStepsScan","30","TestAnalysisStepsScan","","Sat Jul 18 06:42:20 UTC 2026","passed","Sat Jul 18 06:42:20 UTC 2026","","Go Test","github.com/specterops/bloodhound/cmd/api/src/model/TestAnalysisStepsScan","TestAnalysisStepsScan"
"","64","is not overwritten when node properties contain an id field","useExploreTableRowsAndColumns","Sat Jul 18 06:49:10 UTC 2026","passed","Sat Jul 18 06:49:11 UTC 2026","","bhGraphId","",""
"Test cases for TestService_GetRequest","0","TestService_GetRequest","","Sat Jul 18 06:42:43 UTC 2026","passed","Sat Jul 18 06:42:43 UTC 2026","","Go Test","github.com/specterops/bloodhound/server/analysis/internal/services/TestService_GetRequest","TestService_GetRequest"
"","57","applies empty state height when no results","ActiveExtensionsCard","Sat Jul 18 06:43:39 UTC 2026","passed","Sat Jul 18 06:43:39 UTC 2026","","","",""
"","0","returns null if paramValue is null","useEnvironmentParams","Sat Jul 18 06:49:18 UTC 2026","passed","Sat Jul 18 06:49:18 UTC 2026","","parseEnvironmentAggregation","",""
"","51","displays the checkbox as checked if the filter params value is 'true'","AssetGroupEdit","Sat Jul 18 06:45:37 UTC 2026","passed","Sat Jul 18 06:45:37 UTC 2026","","Custom Member checkbox filter","",""
"","25","enables the upload button when the user has manage ingest permission","File Upload","Sat Jul 18 06:45:54 UTC 2026","passed","Sat Jul 18 06:45:54 UTC 2026","","","",""
"","3590","expand/collapse all buttons are disabled when searching","Pathfinding","Sat Jul 18 06:44:40 UTC 2026","passed","Sat Jul 18 06:44:44 UTC 2026","","","",""
"Test cases for TestAuditLogin_UserNotFound","0","TestAuditLogin_UserNotFound","","Sat Jul 18 06:42:01 UTC 2026","passed","Sat Jul 18 06:42:01 UTC 2026","","Go Test","github.com/specterops/bloodhound/cmd/api/src/api/TestAuditLogin_UserNotFound","TestAuditLogin_UserNotFound"
"","256","does not display a “Disable query timeout” checkbox when timeout limit param config is enabled true","ExploreSearch interaction","Sat Jul 18 06:50:03 UTC 2026","passed","Sat Jul 18 06:50:03 UTC 2026","","","",""
"","4827","collapse all button collapses all sections","Pathfinding","Sat Jul 18 06:44:20 UTC 2026","passed","Sat Jul 18 06:44:25 UTC 2026","","","",""
"","22","disables the upload button and does not populate a table if the user lacks the permission","File Upload","Sat Jul 18 06:45:54 UTC 2026","passed","Sat Jul 18 06:45:54 UTC 2026","","","",""
"","468","should render","OneTimePasscodeForm","Sat Jul 18 06:48:17 UTC 2026","passed","Sat Jul 18 06:48:17 UTC 2026","","","",""
"","1563","reverts to the default graph view when the user de-selects the currently selected table layout","GraphView","Sat Jul 18 06:49:56 UTC 2026","passed","Sat Jul 18 06:49:58 UTC 2026","","Layout selection and de-selection","",""
"","1272","renders the aggregation display name in the tooltip for an open graph platform","Open Graph platform selection","Sat Jul 18 06:45:01 UTC 2026","passed","Sat Jul 18 06:45:02 UTC 2026","","","",""
"","0","matches all AZ edges","Make sure pathfinding filterable edges match schemagen","Sat Jul 18 06:49:18 UTC 2026","passed","Sat Jul 18 06:49:18 UTC 2026","","","",""
"","363","has date range input filters","FileIngestFilterDialog","Sat Jul 18 06:45:10 UTC 2026","passed","Sat Jul 18 06:45:11 UTC 2026","","Date Range Inputs","",""
"","994","should render","ExploreSearch rendering per tab","Sat Jul 18 06:49:55 UTC 2026","passed","Sat Jul 18 06:49:56 UTC 2026","","","",""
"Test cases for TestArgon2Digest_Validate","0","TestArgon2Digest_Validate","","Sat Jul 18 06:42:35 UTC 2026","passed","Sat Jul 18 06:42:35 UTC 2026","","Go Test","github.com/specterops/bloodhound/packages/go/crypto/TestArgon2Digest_Validate","TestArgon2Digest_Validate"
"","71","populates the source and destination node fields when query params are passed","usePathfindingSearch","Sat Jul 18 06:46:19 UTC 2026","passed","Sat Jul 18 06:46:19 UTC 2026","","","",""
"Test cases for TestService_CheckUserAccess","1","TestService_CheckUserAccess","","Sat Jul 18 06:42:45 UTC 2026","passed","Sat Jul 18 06:42:45 UTC 2026","","Go Test","github.com/specterops/bloodhound/server/etac/internal/services/TestService_CheckUserAccess","TestService_CheckUserAccess"
"","12164","checking a category updates all children and grandchildren","Pathfinding","Sat Jul 18 06:43:54 UTC 2026","passed","Sat Jul 18 06:44:06 UTC 2026","","","",""
"Test cases for TestNormalizePath","7","TestNormalizePath","","Sat Jul 18 06:42:40 UTC 2026","passed","Sat Jul 18 06:42:40 UTC 2026","","Go Test","github.com/specterops/bloodhound/packages/go/storage/TestNormalizePath","TestNormalizePath"
"Test cases for TestManagementResource_ListRoles_DBError","0","TestManagementResource_ListRoles_DBError","","Sat Jul 18 06:42:20 UTC 2026","passed","Sat Jul 18 06:42:20 UTC 2026","","Go Test","github.com/specterops/bloodhound/cmd/api/src/api/v2/auth/TestManagementResource_ListRoles_DBError","TestManagementResource_ListRoles_DBError"
"","49","renders highlight for the active tag","SelectedHighlight","Sat Jul 18 06:48:13 UTC 2026","passed","Sat Jul 18 06:48:13 UTC 2026","","","",""
"Test cases for TestLoginFailure","0","TestLoginFailure","","Sat Jul 18 06:42:14 UTC 2026","passed","Sat Jul 18 06:42:14 UTC 2026","","Go Test","github.com/specterops/bloodhound/cmd/api/src/api/v2/auth/TestLoginFailure","TestLoginFailure"
"","0","returns false if value is +0","searchParams","Sat Jul 18 06:47:29 UTC 2026","passed","Sat Jul 18 06:47:29 UTC 2026","","isEmptyParam","",""
"Test cases for TestStore_List","12","TestStore_List","","Sat Jul 18 06:42:40 UTC 2026","passed","Sat Jul 18 06:42:40 UTC 2026","","Go Test","github.com/specterops/bloodhound/packages/go/storage/TestStore_List","TestStore_List"
"","574","renders a list of asset group members","GroupManagement","Sat Jul 18 06:50:17 UTC 2026","passed","Sat Jul 18 06:50:17 UTC 2026","","","",""
"","258","shows all checked boxes","GraphDataCheckboxes","Sat Jul 18 06:44:39 UTC 2026","passed","Sat Jul 18 06:44:39 UTC 2026","","","",""
"","519","navigates to rule details when clicking a rule row","RulesAccordion","Sat Jul 18 06:46:54 UTC 2026","passed","Sat Jul 18 06:46:55 UTC 2026","","","",""
"","13","clears sort state","useSortParams","Sat Jul 18 06:47:23 UTC 2026","passed","Sat Jul 18 06:47:23 UTC 2026","","","",""
"","10","renders AzurePlatformInfo for the azure-platform aggregate","getStatsComponent","Sat Jul 18 06:47:39 UTC 2026","passed","Sat Jul 18 06:47:39 UTC 2026","","","",""
"Test cases for TestManagementResource_UpdateUser_DuplicateEmailError","0","TestManagementResource_UpdateUser_DuplicateEmailError","","Sat Jul 18 06:42:31 UTC 2026","passed","Sat Jul 18 06:42:31 UTC 2026","","Go Test","github.com/specterops/bloodhound/cmd/api/src/api/v2/auth/TestManagementResource_UpdateUser_DuplicateEmailError","TestManagementResource_UpdateUser_DuplicateEmailError"
"","585","changes the text from ""Disabled"" to ""Enabled"" when the Rule Status switch is toggled","Rule Form","Sat Jul 18 06:43:20 UTC 2026","passed","Sat Jul 18 06:43:21 UTC 2026","","","",""
"","0","returns OpenGraph defaults for an unknown type","getOpenGraphEnvironmentInfo","Sat Jul 18 06:43:31 UTC 2026","passed","Sat Jul 18 06:43:31 UTC 2026","","","",""
"","210","renders the Cypher Rules Panel when clicking the Rule Tab","Selected Details Tab Content","Sat Jul 18 06:47:09 UTC 2026","passed","Sat Jul 18 06:47:09 UTC 2026","","","",""
"Test cases for TestStorageFileService_ReadFile","7","TestStorageFileService_ReadFile","","Sat Jul 18 06:42:40 UTC 2026","passed","Sat Jul 18 06:42:40 UTC 2026","","Go Test","github.com/specterops/bloodhound/packages/go/storage/TestStorageFileService_ReadFile","TestStorageFileService_ReadFile"
"Test cases for TestQueries_GetEntityObjectIDFromRequestPath","0","TestQueries_GetEntityObjectIDFromRequestPath","","Sat Jul 18 06:42:22 UTC 2026","passed","Sat Jul 18 06:42:22 UTC 2026","","Go Test","github.com/specterops/bloodhound/cmd/api/src/queries/TestQueries_GetEntityObjectIDFromRequestPath","TestQueries_GetEntityObjectIDFromRequestPath"
"","254","calls onChangePinnedColumns with DEFAULT_PINNED_COLUMN_KEYS when ""Reset Default"" is clicked","ManageColumnsComboBox","Sat Jul 18 06:45:32 UTC 2026","passed","Sat Jul 18 06:45:32 UTC 2026","","","",""
"Test cases for TestConvertDomainToNode_InheritanceHashes","0","TestConvertDomainToNode_InheritanceHashes","","Sat Jul 18 06:42:35 UTC 2026","passed","Sat Jul 18 06:42:35 UTC 2026","","Go Test","github.com/specterops/bloodhound/packages/go/ein/TestConvertDomainToNode_InheritanceHashes","TestConvertDomainToNode_InheritanceHashes"
"","142","defaults to wrapped and removes .wrapped class when unwrap btn is clicked","CodeController","Sat Jul 18 06:48:57 UTC 2026","passed","Sat Jul 18 06:48:57 UTC 2026","","","",""
"Test cases for TestMarshalBool","0","TestMarshalBool","","Sat Jul 18 06:42:20 UTC 2026","passed","Sat Jul 18 06:42:20 UTC 2026","","Go Test","github.com/specterops/bloodhound/cmd/api/src/database/types/null/TestMarshalBool","TestMarshalBool"
"","69","clears selected if same note is clicked again","NoteCell component","Sat Jul 18 06:47:42 UTC 2026","passed","Sat Jul 18 06:47:42 UTC 2026","","","",""
"Test cases for TestResources_GetGPOEntityInfo","0","TestResources_GetGPOEntityInfo","","Sat Jul 18 06:42:14 UTC 2026","passed","Sat Jul 18 06:42:14 UTC 2026","","Go Test","github.com/specterops/bloodhound/cmd/api/src/api/v2/TestResources_GetGPOEntityInfo","TestResources_GetGPOEntityInfo"
"","442","has user filters","FileIngestFilterDialog","Sat Jul 18 06:45:12 UTC 2026","passed","Sat Jul 18 06:45:13 UTC 2026","","User Select","",""
"Test cases for Test_TopLevel","0","Test_TopLevel","","Sat Jul 18 06:42:38 UTC 2026","passed","Sat Jul 18 06:42:38 UTC 2026","","Go Test","github.com/specterops/bloodhound/packages/go/schemagen/csgen/Test_TopLevel","Test_TopLevel"
"Test cases for TestBuildErrorResponseDefault","0","TestBuildErrorResponseDefault","","Sat Jul 18 06:42:01 UTC 2026","passed","Sat Jul 18 06:42:01 UTC 2026","","Go Test","github.com/specterops/bloodhound/cmd/api/src/api/TestBuildErrorResponseDefault","TestBuildErrorResponseDefault"
"","12","disables the upload button when the user does not have manage ingest permission","File Upload","Sat Jul 18 06:45:54 UTC 2026","passed","Sat Jul 18 06:45:54 UTC 2026","","","",""
"","833","filters by the selected status","FileIngestFilterDialog","Sat Jul 18 06:45:09 UTC 2026","passed","Sat Jul 18 06:45:10 UTC 2026","","Status Select","",""
"","41","should render skeletons for both cells while loading","LoadContainer","Sat Jul 18 06:49:21 UTC 2026","passed","Sat Jul 18 06:49:21 UTC 2026","","","",""
"","24","when user has a disallowed role for a route with disallowed roles, they see the disallowed notification.","AuthenticatedRoute","Sat Jul 18 06:50:17 UTC 2026","passed","Sat Jul 18 06:50:17 UTC 2026","","","",""
"","0","should compute the length of a line segment","bezier","Sat Jul 18 06:50:18 UTC 2026","passed","Sat Jul 18 06:50:18 UTC 2026","","","",""
"Test cases for TestMarshalString","0","TestMarshalString","","Sat Jul 18 06:42:20 UTC 2026","passed","Sat Jul 18 06:42:20 UTC 2026","","Go Test","github.com/specterops/bloodhound/cmd/api/src/database/types/null/TestMarshalString","TestMarshalString"
"","227","should disable the create provider button if the user lacks AUTH_MANAGE_PROVIDERS permission","SSOConfiguration","Sat Jul 18 06:44:53 UTC 2026","passed","Sat Jul 18 06:44:53 UTC 2026","","","",""
"","0","isError returns as expected based on all queries combined","queriesAreLoadingOrErrored","Sat Jul 18 06:49:19 UTC 2026","passed","Sat Jul 18 06:49:19 UTC 2026","","","",""
"Test cases for TestSortJSONArrays","0","TestSortJSONArrays","","Sat Jul 18 06:42:31 UTC 2026","passed","Sat Jul 18 06:42:31 UTC 2026","","Go Test","github.com/specterops/bloodhound/cmd/api/src/utils/test/TestSortJSONArrays","TestSortJSONArrays"
"Test cases for TestNewDefaultFileServices","1","TestNewDefaultFileServices","","Sat Jul 18 06:42:28 UTC 2026","passed","Sat Jul 18 06:42:28 UTC 2026","","Go Test","github.com/specterops/bloodhound/cmd/api/src/services/storage/TestNewDefaultFileServices","TestNewDefaultFileServices"
"","11","returns the remaining amount of zones available for creation","useTagLimits","Sat Jul 18 06:43:58 UTC 2026","passed","Sat Jul 18 06:43:58 UTC 2026","","","",""
"Test cases for Test_SetDependency","0","Test_SetDependency","","Sat Jul 18 06:42:37 UTC 2026","passed","Sat Jul 18 06:42:37 UTC 2026","","Go Test","github.com/specterops/bloodhound/packages/go/lab/Test_SetDependency","Test_SetDependency"
"","1","filters by multiple platforms","filterAndSearchEnvironments","Sat Jul 18 06:43:31 UTC 2026","passed","Sat Jul 18 06:43:31 UTC 2026","","platform filters","",""
"","1002","sets the selectedItem param and closes popper when a node is selected","GraphControls","Sat Jul 18 06:43:41 UTC 2026","passed","Sat Jul 18 06:43:42 UTC 2026","","Searching current results","",""
"","170","displays extensions in a table when data is available","ActiveExtensionsCard","Sat Jul 18 06:43:37 UTC 2026","passed","Sat Jul 18 06:43:37 UTC 2026","","","",""
"Test cases for TestPagingParseAndValidate_Errors","0","TestPagingParseAndValidate_Errors","","Sat Jul 18 06:42:37 UTC 2026","passed","Sat Jul 18 06:42:37 UTC 2026","","Go Test","github.com/specterops/bloodhound/packages/go/params/TestPagingParseAndValidate_Errors","TestPagingParseAndValidate_Errors"
"Test cases for TestTimeFromPtr","0","TestTimeFromPtr","","Sat Jul 18 06:42:20 UTC 2026","passed","Sat Jul 18 06:42:20 UTC 2026","","Go Test","github.com/specterops/bloodhound/cmd/api/src/database/types/null/TestTimeFromPtr","TestTimeFromPtr"
"Test cases for TestResources_CreateSavedQuery_EmptyBody","0","TestResources_CreateSavedQuery_EmptyBody","","Sat Jul 18 06:42:14 UTC 2026","passed","Sat Jul 18 06:42:14 UTC 2026","","Go Test","github.com/specterops/bloodhound/cmd/api/src/api/v2/TestResources_CreateSavedQuery_EmptyBody","TestResources_CreateSavedQuery_EmptyBody"
"Test cases for TestRandomDurationBetween","16","TestRandomDurationBetween","","Sat Jul 18 06:42:16 UTC 2026","passed","Sat Jul 18 06:42:16 UTC 2026","","Go Test","github.com/specterops/bloodhound/cmd/api/src/daemons/datapipe/TestRandomDurationBetween","TestRandomDurationBetween"
"","229","calls clickHandler when a line item is clicked","PrebuiltSearchList","Sat Jul 18 06:46:42 UTC 2026","passed","Sat Jul 18 06:46:42 UTC 2026","","","",""
"Test cases for TestSignRequestAtInternalError","0","TestSignRequestAtInternalError","","Sat Jul 18 06:42:01 UTC 2026","passed","Sat Jul 18 06:42:01 UTC 2026","","Go Test","github.com/specterops/bloodhound/cmd/api/src/api/TestSignRequestAtInternalError","TestSignRequestAtInternalError"
"Test cases for TestGetLimitParamForGraphQuery","0","TestGetLimitParamForGraphQuery","","Sat Jul 18 06:42:29 UTC 2026","passed","Sat Jul 18 06:42:29 UTC 2026","","Go Test","github.com/specterops/bloodhound/cmd/api/src/utils/TestGetLimitParamForGraphQuery","TestGetLimitParamForGraphQuery"
"Test cases for TestService_GetAllFlags","0","TestService_GetAllFlags","","Sat Jul 18 06:42:49 UTC 2026","passed","Sat Jul 18 06:42:49 UTC 2026","","Go Test","github.com/specterops/bloodhound/server/featureflags/internal/services/TestService_GetAllFlags","TestService_GetAllFlags"
"Test cases for TestDeduplicateKinds","0","TestDeduplicateKinds","","Sat Jul 18 06:42:27 UTC 2026","passed","Sat Jul 18 06:42:27 UTC 2026","","Go Test","github.com/specterops/bloodhound/cmd/api/src/services/graphify/TestDeduplicateKinds","TestDeduplicateKinds"
"","286","should fire ""onClose"" once","UserTokenManagementDialog","Sat Jul 18 06:45:23 UTC 2026","passed","Sat Jul 18 06:45:23 UTC 2026","","when user clicks ""Close"" button","",""
"","71","falls back to 0 for the relationship row when no relationship stat is present","OpenGraphInfo","Sat Jul 18 06:45:04 UTC 2026","passed","Sat Jul 18 06:45:04 UTC 2026","","","",""
"Test cases for TestDatabase_GetAssetGroupTagSelector","0","TestDatabase_GetAssetGroupTagSelector","","Sat Jul 18 06:42:14 UTC 2026","passed","Sat Jul 18 06:42:14 UTC 2026","","Go Test","github.com/specterops/bloodhound/cmd/api/src/api/v2/TestDatabase_GetAssetGroupTagSelector","TestDatabase_GetAssetGroupTagSelector"
"Test cases for Test_ParseSortParameters","0","Test_ParseSortParameters","","Sat Jul 18 06:42:01 UTC 2026","passed","Sat Jul 18 06:42:01 UTC 2026","","Go Test","github.com/specterops/bloodhound/cmd/api/src/api/Test_ParseSortParameters","Test_ParseSortParameters"
"","375","Displays a notification when analysis has been requested successfully","AnalyzeNowConfiguration","Sat Jul 18 06:46:02 UTC 2026","passed","Sat Jul 18 06:46:02 UTC 2026","","","",""
"Test cases for TestNewFileService","3","TestNewFileService","","Sat Jul 18 06:42:40 UTC 2026","passed","Sat Jul 18 06:42:40 UTC 2026","","Go Test","github.com/specterops/bloodhound/packages/go/storage/TestNewFileService","TestNewFileService"
"Test cases for TestParseAGMembersFromNodes_","0","TestParseAGMembersFromNodes_","","Sat Jul 18 06:42:14 UTC 2026","passed","Sat Jul 18 06:42:14 UTC 2026","","Go Test","github.com/specterops/bloodhound/cmd/api/src/api/v2/TestParseAGMembersFromNodes_","TestParseAGMembersFromNodes_"
"","27","should highlight main nav route when navigating to child route","Main Nav Route Highlighting","Sat Jul 18 06:45:59 UTC 2026","passed","Sat Jul 18 06:45:59 UTC 2026","","","",""
"Test cases for TestBuildGDBNodeFilter","1","TestBuildGDBNodeFilter","","Sat Jul 18 06:42:20 UTC 2026","passed","Sat Jul 18 06:42:20 UTC 2026","","Go Test","github.com/specterops/bloodhound/cmd/api/src/model/TestBuildGDBNodeFilter","TestBuildGDBNodeFilter"
"Test cases for TestCacheEntryDigester_DigestEndpoint_JSONMarshalError","0","TestCacheEntryDigester_DigestEndpoint_JSONMarshalError","","Sat Jul 18 06:42:27 UTC 2026","passed","Sat Jul 18 06:42:27 UTC 2026","","Go Test","github.com/specterops/bloodhound/cmd/api/src/services/graphify/endpoint/TestCacheEntryDigester_DigestEndpoint_JSONMarshalError","TestCacheEntryDigester_DigestEndpoint_JSONMarshalError"
"","1","keeps the first-seen stat when created_at values are missing/invalid","getLatestMetricStats","Sat Jul 18 06:45:04 UTC 2026","passed","Sat Jul 18 06:45:04 UTC 2026","","","",""
"Test cases for TestUnmarshalNonIntegerNumber","0","TestUnmarshalNonIntegerNumber","","Sat Jul 18 06:42:20 UTC 2026","passed","Sat Jul 18 06:42:20 UTC 2026","","Go Test","github.com/specterops/bloodhound/cmd/api/src/database/types/null/TestUnmarshalNonIntegerNumber","TestUnmarshalNonIntegerNumber"
"Test cases for TestRegister_PanicsOnNilGraph","0","TestRegister_PanicsOnNilGraph","","Sat Jul 18 06:42:52 UTC 2026","passed","Sat Jul 18 06:42:52 UTC 2026","","Go Test","github.com/specterops/bloodhound/server/modules/TestRegister_PanicsOnNilGraph","TestRegister_PanicsOnNilGraph"
"Test cases for TestInt64Equal","0","TestInt64Equal","","Sat Jul 18 06:42:20 UTC 2026","passed","Sat Jul 18 06:42:20 UTC 2026","","Go Test","github.com/specterops/bloodhound/cmd/api/src/database/types/null/TestInt64Equal","TestInt64Equal"
"Test cases for TestAnalysisPipelineResultString","1","TestAnalysisPipelineResultString","","Sat Jul 18 06:42:33 UTC 2026","passed","Sat Jul 18 06:42:33 UTC 2026","","Go Test","github.com/specterops/bloodhound/packages/go/analysis/TestAnalysisPipelineResultString","TestAnalysisPipelineResultString"
"Test cases for TestSortJSONArrayElements","0","TestSortJSONArrayElements","","Sat Jul 18 06:42:31 UTC 2026","passed","Sat Jul 18 06:42:31 UTC 2026","","Go Test","github.com/specterops/bloodhound/cmd/api/src/utils/test/TestSortJSONArrayElements","TestSortJSONArrayElements"
"","38","upon selecting a source and destination node, updates the URL with a searchType of 'pathfinding' and the object ids for the source and destination nodes","usePathfindingSearch","Sat Jul 18 06:46:19 UTC 2026","passed","Sat Jul 18 06:46:19 UTC 2026","","","",""
"","87","fetches node data when an id is provided","useGetNodeById","Sat Jul 18 06:46:09 UTC 2026","passed","Sat Jul 18 06:46:09 UTC 2026","","","",""
"Test cases for TestManagementResource_CreateOIDCProvider","1","TestManagementResource_CreateOIDCProvider","","Sat Jul 18 06:42:55 UTC 2026","passed","Sat Jul 18 06:42:55 UTC 2026","","Go Test","github.com/specterops/bloodhound/cmd/api/src/api/v2/auth/TestManagementResource_CreateOIDCProvider","TestManagementResource_CreateOIDCProvider"
"","65","fetches relationship data when an id is provided","useGetRelationshipById","Sat Jul 18 06:46:09 UTC 2026","passed","Sat Jul 18 06:46:09 UTC 2026","","","",""
"","0","should ignore case when filtering","compareTerm","Sat Jul 18 06:48:05 UTC 2026","passed","Sat Jul 18 06:48:05 UTC 2026","","","",""
"","110","renders an input box","SearchBar","Sat Jul 18 06:49:01 UTC 2026","passed","Sat Jul 18 06:49:01 UTC 2026","","","",""
"","403","should display ""Generate/Revoke API Tokens"" title","UserTokenManagementDialog","Sat Jul 18 06:45:22 UTC 2026","passed","Sat Jul 18 06:45:23 UTC 2026","","","",""
"Test cases for TestFeatureFlag_HA","302","TestFeatureFlag_HA","","Sat Jul 18 06:42:16 UTC 2026","passed","Sat Jul 18 06:42:16 UTC 2026","","Go Test","github.com/specterops/bloodhound/cmd/api/src/daemons/changelog/TestFeatureFlag_HA","TestFeatureFlag_HA"
"","0","returns true if both arrays are empty","areArraysSimilar","Sat Jul 18 06:48:49 UTC 2026","passed","Sat Jul 18 06:48:49 UTC 2026","","","",""
"","155","shows ""API Expiration Date"" column header when expiration is enabled","UserTokenManagementDialog - API Expiration Date column","Sat Jul 18 06:45:24 UTC 2026","passed","Sat Jul 18 06:45:25 UTC 2026","","","",""
"","0","combines platform and risk filters","filterAndSearchEnvironments","Sat Jul 18 06:43:31 UTC 2026","passed","Sat Jul 18 06:43:31 UTC 2026","","combined filters","",""
"Test cases for TestPredefinedNodeNamePrefixes","0","TestPredefinedNodeNamePrefixes","","Sat Jul 18 06:42:34 UTC 2026","passed","Sat Jul 18 06:42:34 UTC 2026","","Go Test","github.com/specterops/bloodhound/packages/go/analysis/ad/wellknown/TestPredefinedNodeNamePrefixes","TestPredefinedNodeNamePrefixes"
"Test cases for TestMergedFS_Open","0","TestMergedFS_Open","","Sat Jul 18 06:42:20 UTC 2026","passed","Sat Jul 18 06:42:20 UTC 2026","","Go Test","github.com/specterops/bloodhound/cmd/api/src/database/migration/TestMergedFS_Open","TestMergedFS_Open"
"","14","dismisses a notification","AppNotifications","Sat Jul 18 06:47:49 UTC 2026","passed","Sat Jul 18 06:47:49 UTC 2026","","","",""
"","152","a timeout response from the server is handled","ExploreSearchCombobox with search timeout","Sat Jul 18 06:45:40 UTC 2026","passed","Sat Jul 18 06:45:40 UTC 2026","","","",""
"","10","hides items when the user lacks admin permissions","useSubNavRoutes","Sat Jul 18 06:46:23 UTC 2026","passed","Sat Jul 18 06:46:23 UTC 2026","","adminOnly gate","",""
"","188","should display","GenericErrorBoundaryFallback","Sat Jul 18 06:49:25 UTC 2026","passed","Sat Jul 18 06:49:25 UTC 2026","","","",""
"","0","handles both node_kinds and edge_kinds together","graphSchema","Sat Jul 18 06:48:37 UTC 2026","passed","Sat Jul 18 06:48:37 UTC 2026","","","",""
"","429","Displays a modal after clicking Analyze Now button and run analysis after clicking confirm","AnalyzeNowConfiguration","Sat Jul 18 06:46:01 UTC 2026","passed","Sat Jul 18 06:46:02 UTC 2026","","","",""
"","80","returns undefined for sort params when no initial state is provided","useSortParams","Sat Jul 18 06:47:23 UTC 2026","passed","Sat Jul 18 06:47:23 UTC 2026","","","",""
"Test cases for TestFormatDatabaseError","0","TestFormatDatabaseError","","Sat Jul 18 06:42:01 UTC 2026","passed","Sat Jul 18 06:42:01 UTC 2026","","Go Test","github.com/specterops/bloodhound/cmd/api/src/api/TestFormatDatabaseError","TestFormatDatabaseError"
"","2319","Clicking header allows user to sort by column","ExploreTable","Sat Jul 18 06:43:05 UTC 2026","passed","Sat Jul 18 06:43:07 UTC 2026","","","",""
"","1147","should hide Environmental Targeted Access Control panel when showEnvironmentAccessControls prop is true and power user role is selected","CreateUserForm","Sat Jul 18 06:43:50 UTC 2026","passed","Sat Jul 18 06:43:51 UTC 2026","","","",""
"","295","should display correctly","ConfirmationDialog","Sat Jul 18 06:49:05 UTC 2026","passed","Sat Jul 18 06:49:06 UTC 2026","","","",""
"","534","should accept passwords with standard special characters","CreateUserForm","Sat Jul 18 06:43:51 UTC 2026","passed","Sat Jul 18 06:43:52 UTC 2026","","","",""
"Test cases for Test_parseAuthorizationHeader","1","Test_parseAuthorizationHeader","","Sat Jul 18 06:42:04 UTC 2026","passed","Sat Jul 18 06:42:04 UTC 2026","","Go Test","github.com/specterops/bloodhound/cmd/api/src/api/middleware/Test_parseAuthorizationHeader","Test_parseAuthorizationHeader"
"Test cases for TestRequiredValidator","0","TestRequiredValidator","","Sat Jul 18 06:42:31 UTC 2026","passed","Sat Jul 18 06:42:31 UTC 2026","","Go Test","github.com/specterops/bloodhound/cmd/api/src/utils/validation/TestRequiredValidator","TestRequiredValidator"
"Test cases for TestQueries_GetEntityResults","1","TestQueries_GetEntityResults","","Sat Jul 18 06:42:22 UTC 2026","passed","Sat Jul 18 06:42:22 UTC 2026","","Go Test","github.com/specterops/bloodhound/cmd/api/src/queries/TestQueries_GetEntityResults","TestQueries_GetEntityResults"
"Test cases for TestStore_Exists","12","TestStore_Exists","","Sat Jul 18 06:42:40 UTC 2026","passed","Sat Jul 18 06:42:40 UTC 2026","","Go Test","github.com/specterops/bloodhound/packages/go/storage/TestStore_Exists","TestStore_Exists"
"Test cases for TestStringPointer","0","TestStringPointer","","Sat Jul 18 06:42:20 UTC 2026","passed","Sat Jul 18 06:42:20 UTC 2026","","Go Test","github.com/specterops/bloodhound/cmd/api/src/database/types/null/TestStringPointer","TestStringPointer"
"Test cases for TestGetAzureDataQualityStats_Failure","1","TestGetAzureDataQualityStats_Failure","","Sat Jul 18 06:42:14 UTC 2026","passed","Sat Jul 18 06:42:14 UTC 2026","","Go Test","github.com/specterops/bloodhound/cmd/api/src/api/v2/TestGetAzureDataQualityStats_Failure","TestGetAzureDataQualityStats_Failure"
"Test cases for TestResources_CreateSavedQuery_NotAUserAuth","0","TestResources_CreateSavedQuery_NotAUserAuth","","Sat Jul 18 06:42:14 UTC 2026","passed","Sat Jul 18 06:42:14 UTC 2026","","Go Test","github.com/specterops/bloodhound/cmd/api/src/api/v2/TestResources_CreateSavedQuery_NotAUserAuth","TestResources_CreateSavedQuery_NotAUserAuth"
"","149","should have a disabled continue button","TagToZoneLabelDialog","Sat Jul 18 06:46:48 UTC 2026","passed","Sat Jul 18 06:46:48 UTC 2026","","","",""
"","7","Default label and sizing are used when graph of origin does not specify","copySigmaNodesToGraphlibGraph","Sat Jul 18 06:50:21 UTC 2026","passed","Sat Jul 18 06:50:21 UTC 2026","","","",""
"","112","clicking cancel on the form takes the user back to the page the user was on previously","Tag Form","Sat Jul 18 06:43:09 UTC 2026","passed","Sat Jul 18 06:43:09 UTC 2026","","","",""
"","222","should display ""Close"" button","UserTokenManagementDialog","Sat Jul 18 06:45:23 UTC 2026","passed","Sat Jul 18 06:45:23 UTC 2026","","","",""
"Test cases for TestParseOptionalBoolMisspelledValue","0","TestParseOptionalBoolMisspelledValue","","Sat Jul 18 06:42:01 UTC 2026","passed","Sat Jul 18 06:42:01 UTC 2026","","Go Test","github.com/specterops/bloodhound/cmd/api/src/api/TestParseOptionalBoolMisspelledValue","TestParseOptionalBoolMisspelledValue"
"Test cases for TestFilterParseAndValidate_Parsing","0","TestFilterParseAndValidate_Parsing","","Sat Jul 18 06:42:37 UTC 2026","passed","Sat Jul 18 06:42:37 UTC 2026","","Go Test","github.com/specterops/bloodhound/packages/go/params/TestFilterParseAndValidate_Parsing","TestFilterParseAndValidate_Parsing"
"","0","Empty input is provided","parseKeywordAndTypeValue","Sat Jul 18 06:49:03 UTC 2026","passed","Sat Jul 18 06:49:03 UTC 2026","","","",""
"Copyright 2021 The Go Authors. All rights reserved.TestConcat was ripped from go1.22 source and should be replaced with the stdlib implementation when we move to 1.22Original source: https:","0","TestConcat_too_large","","Sat Jul 18 06:42:38 UTC 2026","passed","Sat Jul 18 06:42:38 UTC 2026","","Go Test","github.com/specterops/bloodhound/packages/go/slicesext/TestConcat_too_large","TestConcat_too_large"
"Test cases for TestRetainedArchiveName","8","TestRetainedArchiveName","","Sat Jul 18 06:42:05 UTC 2026","passed","Sat Jul 18 06:42:05 UTC 2026","","Go Test","github.com/specterops/bloodhound/cmd/api/src/api/tools/TestRetainedArchiveName","TestRetainedArchiveName"
"Test cases for TestConvertComputerToNode","0","TestConvertComputerToNode","","Sat Jul 18 06:42:35 UTC 2026","passed","Sat Jul 18 06:42:35 UTC 2026","","Go Test","github.com/specterops/bloodhound/packages/go/ein/TestConvertComputerToNode","TestConvertComputerToNode"
"Test cases for TestAnalysisPipelineResultErrors","1","TestAnalysisPipelineResultErrors","","Sat Jul 18 06:42:33 UTC 2026","passed","Sat Jul 18 06:42:33 UTC 2026","","Go Test","github.com/specterops/bloodhound/packages/go/analysis/TestAnalysisPipelineResultErrors","TestAnalysisPipelineResultErrors"
"Test cases for TestWriteAndValidateZip","0","TestWriteAndValidateZip","","Sat Jul 18 06:42:28 UTC 2026","passed","Sat Jul 18 06:42:28 UTC 2026","","Go Test","github.com/specterops/bloodhound/cmd/api/src/services/upload/TestWriteAndValidateZip","TestWriteAndValidateZip"
"","1016","should fire Confirm once with true after typing challenge text","DeleteConfirmationDialog","Sat Jul 18 06:48:38 UTC 2026","passed","Sat Jul 18 06:48:39 UTC 2026","","","",""
"","25","tag members refetches on environment change","the useAssetGroupTags utilities","Sat Jul 18 06:45:24 UTC 2026","passed","Sat Jul 18 06:45:24 UTC 2026","","","",""
"","840","should display generate/revoke api tokens button","User Actions Menu","Sat Jul 18 06:46:28 UTC 2026","passed","Sat Jul 18 06:46:29 UTC 2026","","Api Keys","",""
"","11","hides items while permissions are loading","useSubNavRoutes","Sat Jul 18 06:46:23 UTC 2026","passed","Sat Jul 18 06:46:23 UTC 2026","","adminOnly gate","",""
"Test cases for TestResources_ListADEntityDCOMRights","0","TestResources_ListADEntityDCOMRights","","Sat Jul 18 06:42:14 UTC 2026","passed","Sat Jul 18 06:42:14 UTC 2026","","Go Test","github.com/specterops/bloodhound/cmd/api/src/api/v2/TestResources_ListADEntityDCOMRights","TestResources_ListADEntityDCOMRights"
"","0","returns only the known types when environments is null","getOpenGraphEnvironmentInfoMap","Sat Jul 18 06:43:31 UTC 2026","passed","Sat Jul 18 06:43:31 UTC 2026","","","",""
"","533","clears the applied filter","FileIngestFilterDialog","Sat Jul 18 06:45:13 UTC 2026","passed","Sat Jul 18 06:45:14 UTC 2026","","User Select","",""
"","610","when a search result is clicked it calls `handleNodeSelected`","ExploreSearchCombobox","Sat Jul 18 06:45:39 UTC 2026","passed","Sat Jul 18 06:45:40 UTC 2026","","","",""
"","1","returns a comma separated number when provided with a number > 999","numberFormatting","Sat Jul 18 06:46:44 UTC 2026","passed","Sat Jul 18 06:46:44 UTC 2026","","","",""
"Test cases for TestCache_GuardedSet","0","TestCache_GuardedSet","","Sat Jul 18 06:42:35 UTC 2026","passed","Sat Jul 18 06:42:35 UTC 2026","","Go Test","github.com/specterops/bloodhound/packages/go/cache/TestCache_GuardedSet","TestCache_GuardedSet"
"","81","should display the ""Authentication"" header","UserProfile","Sat Jul 18 06:45:55 UTC 2026","passed","Sat Jul 18 06:45:55 UTC 2026","","","",""
"Test cases for TestResources_GetShortestPath","17","TestResources_GetShortestPath","","Sat Jul 18 06:42:14 UTC 2026","passed","Sat Jul 18 06:42:14 UTC 2026","","Go Test","github.com/specterops/bloodhound/cmd/api/src/api/v2/TestResources_GetShortestPath","TestResources_GetShortestPath"
"Test that the digester handles empty property lists gracefully","0","TestCacheEntryDigester_EmptyMatchers","","Sat Jul 18 06:42:27 UTC 2026","passed","Sat Jul 18 06:42:27 UTC 2026","","Go Test","github.com/specterops/bloodhound/cmd/api/src/services/graphify/endpoint/TestCacheEntryDigester_EmptyMatchers","TestCacheEntryDigester_EmptyMatchers"
"Test cases for TestResources_ListADDomainForeignUsers","2","TestResources_ListADDomainForeignUsers","","Sat Jul 18 06:42:14 UTC 2026","passed","Sat Jul 18 06:42:14 UTC 2026","","Go Test","github.com/specterops/bloodhound/cmd/api/src/api/v2/TestResources_ListADDomainForeignUsers","TestResources_ListADDomainForeignUsers"
"Test cases for TestIsValidClientVersion","0","TestIsValidClientVersion","","Sat Jul 18 06:42:29 UTC 2026","passed","Sat Jul 18 06:42:29 UTC 2026","","Go Test","github.com/specterops/bloodhound/cmd/api/src/utils/TestIsValidClientVersion","TestIsValidClientVersion"
"Test cases for Test_filterAndFormatSearchResults_default","0","Test_filterAndFormatSearchResults_default","","Sat Jul 18 06:42:14 UTC 2026","passed","Sat Jul 18 06:42:14 UTC 2026","","Go Test","github.com/specterops/bloodhound/cmd/api/src/api/v2/Test_filterAndFormatSearchResults_default","Test_filterAndFormatSearchResults_default"
"","196","should fire Cancel once with false","DeleteConfirmationDialog","Sat Jul 18 06:48:37 UTC 2026","passed","Sat Jul 18 06:48:38 UTC 2026","","","",""
"Test cases for TestContextMiddleware_InvalidWaitLessThanZero","0","TestContextMiddleware_InvalidWaitLessThanZero","","Sat Jul 18 06:42:04 UTC 2026","passed","Sat Jul 18 06:42:04 UTC 2026","","Go Test","github.com/specterops/bloodhound/cmd/api/src/api/middleware/TestContextMiddleware_InvalidWaitLessThanZero","TestContextMiddleware_InvalidWaitLessThanZero"
"","167","should display ""Disable Multi-Factor Authentication"" button","Enable2FADialog","Sat Jul 18 06:47:42 UTC 2026","passed","Sat Jul 18 06:47:42 UTC 2026","","","",""
"","393","renders","ObjectsAccordion","Sat Jul 18 06:46:53 UTC 2026","passed","Sat Jul 18 06:46:54 UTC 2026","","","",""
"","69","should on clicking remove call clearSelectedItem","EntityInfoHeader","Sat Jul 18 06:47:18 UTC 2026","passed","Sat Jul 18 06:47:18 UTC 2026","","","",""
"Test cases for TestResources_ListADDomainContainedOUs","0","TestResources_ListADDomainContainedOUs","","Sat Jul 18 06:42:14 UTC 2026","passed","Sat Jul 18 06:42:14 UTC 2026","","Go Test","github.com/specterops/bloodhound/cmd/api/src/api/v2/TestResources_ListADDomainContainedOUs","TestResources_ListADDomainContainedOUs"
"Test cases for TestRewriter_Enter_AzureAttackPathsShortcut_ReplacesKinds","0","TestRewriter_Enter_AzureAttackPathsShortcut_ReplacesKinds","","Sat Jul 18 06:42:22 UTC 2026","passed","Sat Jul 18 06:42:22 UTC 2026","","Go Test","github.com/specterops/bloodhound/cmd/api/src/queries/TestRewriter_Enter_AzureAttackPathsShortcut_ReplacesKinds","TestRewriter_Enter_AzureAttackPathsShortcut_ReplacesKinds"
"","93","disables delete button for user without correct permissions","ActiveExtensionsCard","Sat Jul 18 06:43:40 UTC 2026","passed","Sat Jul 18 06:43:40 UTC 2026","","","",""
"","9","should recognize active directory properties","validating a node property against the shared generated schema","Sat Jul 18 06:45:27 UTC 2026","passed","Sat Jul 18 06:45:27 UTC 2026","","","",""
"Test cases for TestResources_EndIngestJob","87","TestResources_EndIngestJob","","Sat Jul 18 06:42:14 UTC 2026","passed","Sat Jul 18 06:42:14 UTC 2026","","Go Test","github.com/specterops/bloodhound/cmd/api/src/api/v2/TestResources_EndIngestJob","TestResources_EndIngestJob"
"Test cases for TestSupportsETACMiddleware","0","TestSupportsETACMiddleware","","Sat Jul 18 06:42:04 UTC 2026","passed","Sat Jul 18 06:42:04 UTC 2026","","Go Test","github.com/specterops/bloodhound/cmd/api/src/api/middleware/TestSupportsETACMiddleware","TestSupportsETACMiddleware"
"","1","filters by critical risk level","filterAndSearchEnvironments","Sat Jul 18 06:43:31 UTC 2026","passed","Sat Jul 18 06:43:31 UTC 2026","","risk filters","",""
"","122","temporarily displays the checkmark icon after clicking copy","ExploreTableDataCell","Sat Jul 18 06:48:26 UTC 2026","passed","Sat Jul 18 06:48:26 UTC 2026","","","",""
"","633","sets exploreSearchTab param to node when the user clicks the `Search` tab","ExploreSearch sets searchType on tab changing","Sat Jul 18 06:49:57 UTC 2026","passed","Sat Jul 18 06:49:58 UTC 2026","","","",""
"Test cases for TestHandleDatabaseErrorNotFound","0","TestHandleDatabaseErrorNotFound","","Sat Jul 18 06:42:01 UTC 2026","passed","Sat Jul 18 06:42:01 UTC 2026","","Go Test","github.com/specterops/bloodhound/cmd/api/src/api/TestHandleDatabaseErrorNotFound","TestHandleDatabaseErrorNotFound"
"Test cases for TestUnmarshalTimeJSON","0","TestUnmarshalTimeJSON","","Sat Jul 18 06:42:20 UTC 2026","passed","Sat Jul 18 06:42:20 UTC 2026","","Go Test","github.com/specterops/bloodhound/cmd/api/src/database/types/null/TestUnmarshalTimeJSON","TestUnmarshalTimeJSON"
"","6164","expand all button expands all sections after collapsing","Pathfinding","Sat Jul 18 06:44:25 UTC 2026","passed","Sat Jul 18 06:44:31 UTC 2026","","","",""
"","155","displays Force Password Reset checkbox when showNeedsPasswordReset is true","PasswordDialog","Sat Jul 18 06:44:01 UTC 2026","passed","Sat Jul 18 06:44:01 UTC 2026","","","",""
"Test cases for TestIntScan","0","TestIntScan","","Sat Jul 18 06:42:20 UTC 2026","passed","Sat Jul 18 06:42:20 UTC 2026","","Go Test","github.com/specterops/bloodhound/cmd/api/src/database/types/null/TestIntScan","TestIntScan"
"","0","returns disabled if relationshipQueryItemId does not have a matching sourceId, edgeType, targetId","useExploreGraph","Sat Jul 18 06:44:56 UTC 2026","passed","Sat Jul 18 06:44:56 UTC 2026","composition search queries","exploreGraphQueryFactory","",""
"Test cases for Test_GetAssetGroupMembersBySelector","0","Test_GetAssetGroupMembersBySelector","","Sat Jul 18 06:42:14 UTC 2026","passed","Sat Jul 18 06:42:14 UTC 2026","","Go Test","github.com/specterops/bloodhound/cmd/api/src/api/v2/Test_GetAssetGroupMembersBySelector","Test_GetAssetGroupMembersBySelector"
"Test cases for TestHandlers_GetAllFlags","1","TestHandlers_GetAllFlags","","Sat Jul 18 06:42:48 UTC 2026","passed","Sat Jul 18 06:42:48 UTC 2026","","Go Test","github.com/specterops/bloodhound/server/featureflags/internal/handlers/TestHandlers_GetAllFlags","TestHandlers_GetAllFlags"
"Test cases for TestOrphanFileSweeper_ClearStoredIngestFiles","20","TestOrphanFileSweeper_ClearStoredIngestFiles","","Sat Jul 18 06:42:16 UTC 2026","passed","Sat Jul 18 06:42:16 UTC 2026","","Go Test","github.com/specterops/bloodhound/cmd/api/src/daemons/datapipe/TestOrphanFileSweeper_ClearStoredIngestFiles","TestOrphanFileSweeper_ClearStoredIngestFiles"
"Test cases for TestResources_UpdateSavedQuery_QueryBelongsToAnotherUser","0","TestResources_UpdateSavedQuery_QueryBelongsToAnotherUser","","Sat Jul 18 06:42:14 UTC 2026","passed","Sat Jul 18 06:42:14 UTC 2026","","Go Test","github.com/specterops/bloodhound/cmd/api/src/api/v2/TestResources_UpdateSavedQuery_QueryBelongsToAnotherUser","TestResources_UpdateSavedQuery_QueryBelongsToAnotherUser"
"","429","renders the popup content with run, edit/share, and delete when the menu trigger","ListItemActionMenu","Sat Jul 18 06:47:30 UTC 2026","passed","Sat Jul 18 06:47:30 UTC 2026","","","",""
"Test cases for TestStore_DeleteAnalysisRequest","0","TestStore_DeleteAnalysisRequest","","Sat Jul 18 06:42:43 UTC 2026","passed","Sat Jul 18 06:42:43 UTC 2026","","Go Test","github.com/specterops/bloodhound/server/analysis/internal/appdb/TestStore_DeleteAnalysisRequest","TestStore_DeleteAnalysisRequest"
"","218","renders with the Export and Delete buttons disabled","QuerySearchFilter","Sat Jul 18 06:47:02 UTC 2026","passed","Sat Jul 18 06:47:02 UTC 2026","","","",""
"","0","returns true if arrays have same content in different order","areArraysSimilar","Sat Jul 18 06:48:49 UTC 2026","passed","Sat Jul 18 06:48:49 UTC 2026","","","",""
"","0","returns empty array when environments is undefined","filterAndSearchEnvironments","Sat Jul 18 06:43:31 UTC 2026","passed","Sat Jul 18 06:43:31 UTC 2026","","with empty environments","",""
"","23","hides the item when only the permission passes","useSubNavRoutes","Sat Jul 18 06:46:23 UTC 2026","passed","Sat Jul 18 06:46:23 UTC 2026","","combined gates","",""
"","2969","search highlights matching substring with text-link class","Pathfinding","Sat Jul 18 06:44:33 UTC 2026","passed","Sat Jul 18 06:44:36 UTC 2026","","","",""
"Test cases for TestQueries_BuildEntityQueryParams_MissingObjectID","0","TestQueries_BuildEntityQueryParams_MissingObjectID","","Sat Jul 18 06:42:22 UTC 2026","passed","Sat Jul 18 06:42:22 UTC 2026","","Go Test","github.com/specterops/bloodhound/cmd/api/src/queries/TestQueries_BuildEntityQueryParams_MissingObjectID","TestQueries_BuildEntityQueryParams_MissingObjectID"
"","105","indicates that filters are inactive","AssetGroupEdit","Sat Jul 18 06:45:36 UTC 2026","passed","Sat Jul 18 06:45:36 UTC 2026","","","",""
"","2","removes the key when undefined is passed to the setter","useLocalStorage","Sat Jul 18 06:46:02 UTC 2026","passed","Sat Jul 18 06:46:02 UTC 2026","","setValue","",""
"Test cases for TestClearCache_HA","0","TestClearCache_HA","","Sat Jul 18 06:42:16 UTC 2026","passed","Sat Jul 18 06:42:16 UTC 2026","","Go Test","github.com/specterops/bloodhound/cmd/api/src/daemons/changelog/TestClearCache_HA","TestClearCache_HA"
"","66","copys children value to clipboard after clicking the copy btn","CodeController","Sat Jul 18 06:48:57 UTC 2026","passed","Sat Jul 18 06:48:57 UTC 2026","","","",""
"Test cases for TestParseAGMembersFromNodes_MissingNodeProperties","0","TestParseAGMembersFromNodes_MissingNodeProperties","","Sat Jul 18 06:42:14 UTC 2026","passed","Sat Jul 18 06:42:14 UTC 2026","","Go Test","github.com/specterops/bloodhound/cmd/api/src/api/v2/TestParseAGMembersFromNodes_MissingNodeProperties","TestParseAGMembersFromNodes_MissingNodeProperties"
"Test cases for TestTrackerBuilder_Build_SortsKeysAndIDs","1","TestTrackerBuilder_Build_SortsKeysAndIDs","","Sat Jul 18 06:42:34 UTC 2026","passed","Sat Jul 18 06:42:34 UTC 2026","","Go Test","github.com/specterops/bloodhound/packages/go/analysis/post/TestTrackerBuilder_Build_SortsKeysAndIDs","TestTrackerBuilder_Build_SortsKeysAndIDs"
"","0","returns true when the highlighted item is an edge in the graph","SigmaChart Utils","Sat Jul 18 06:50:20 UTC 2026","passed","Sat Jul 18 06:50:20 UTC 2026","","getIsHighlightedItemInGraph","",""
"","539","triggers a file download when a download button is clicked","DownloadCollectors","Sat Jul 18 06:50:07 UTC 2026","passed","Sat Jul 18 06:50:08 UTC 2026","","","",""
"Test cases for TestManagementResource_DeleteUser_GetUserError","0","TestManagementResource_DeleteUser_GetUserError","","Sat Jul 18 06:42:37 UTC 2026","passed","Sat Jul 18 06:42:37 UTC 2026","","Go Test","github.com/specterops/bloodhound/cmd/api/src/api/v2/auth/TestManagementResource_DeleteUser_GetUserError","TestManagementResource_DeleteUser_GetUserError"
"Test cases for Test_validateGraphExtension","8","Test_validateGraphExtension","","Sat Jul 18 06:42:20 UTC 2026","passed","Sat Jul 18 06:42:20 UTC 2026","","Go Test","github.com/specterops/bloodhound/cmd/api/src/model/Test_validateGraphExtension","Test_validateGraphExtension"
"","10","shows date placeholder if no hint is given","ManagedDatePicker - placeholders","Sat Jul 18 06:46:36 UTC 2026","passed","Sat Jul 18 06:46:36 UTC 2026","","","",""
"","397","sets a primarySearch=id and searchType=pathfinding when secondarySearch is truthy","ContextMenu","Sat Jul 18 06:50:08 UTC 2026","passed","Sat Jul 18 06:50:09 UTC 2026","","","",""
"","483","toggles sort order when clicking sortable header","ObjectsAccordion","Sat Jul 18 06:48:09 UTC 2026","passed","Sat Jul 18 06:48:09 UTC 2026","","","",""
"","2590","requires a password to disable MFA for a user when logged in without SSO","Users","Sat Jul 18 06:45:14 UTC 2026","passed","Sat Jul 18 06:45:17 UTC 2026","","","",""
"Test cases for TestMarshalIntText","0","TestMarshalIntText","","Sat Jul 18 06:42:20 UTC 2026","passed","Sat Jul 18 06:42:20 UTC 2026","","Go Test","github.com/specterops/bloodhound/cmd/api/src/database/types/null/TestMarshalIntText","TestMarshalIntText"
"","0","fails for password without digits","testPassword","Sat Jul 18 06:49:17 UTC 2026","passed","Sat Jul 18 06:49:17 UTC 2026","","","",""
"","11","adds new key to state","useObjectState","Sat Jul 18 06:48:22 UTC 2026","passed","Sat Jul 18 06:48:22 UTC 2026","","","",""
"Test cases for TestCreateUser_Success","1099","TestCreateUser_Success","","Sat Jul 18 06:42:21 UTC 2026","passed","Sat Jul 18 06:42:22 UTC 2026","","Go Test","github.com/specterops/bloodhound/cmd/api/src/api/v2/auth/TestCreateUser_Success","TestCreateUser_Success"
"","77","when session token or user are null, redirects to /login","AuthenticatedRoute","Sat Jul 18 06:50:17 UTC 2026","passed","Sat Jul 18 06:50:17 UTC 2026","","","",""
"Test cases for TestResources_UpdateAssetGroup","1","TestResources_UpdateAssetGroup","","Sat Jul 18 06:42:14 UTC 2026","passed","Sat Jul 18 06:42:14 UTC 2026","","Go Test","github.com/specterops/bloodhound/cmd/api/src/api/v2/TestResources_UpdateAssetGroup","TestResources_UpdateAssetGroup"
"","91","should render when search string is at the beginning of the text","HighlightedText","Sat Jul 18 06:48:22 UTC 2026","passed","Sat Jul 18 06:48:22 UTC 2026","","","",""
"","336","displays 0 when a given sections returns empty, and sums the rest of the sections correctly","EntityInfoDataTable","Sat Jul 18 06:45:10 UTC 2026","passed","Sat Jul 18 06:45:10 UTC 2026","","Node count for nested table that counts all sections","",""
"Test cases for TestManagementResource_ServeSigningCertificate","14","TestManagementResource_ServeSigningCertificate","","Sat Jul 18 06:42:55 UTC 2026","passed","Sat Jul 18 06:42:55 UTC 2026","","Go Test","github.com/specterops/bloodhound/cmd/api/src/api/v2/auth/TestManagementResource_ServeSigningCertificate","TestManagementResource_ServeSigningCertificate"
"","240","calls onLayoutChange with the selected layout","GraphControls","Sat Jul 18 06:43:39 UTC 2026","passed","Sat Jul 18 06:43:39 UTC 2026","","Selecting a layout","",""
"","225","onCancel is called when cancel is clicked","Enable2FADialog","Sat Jul 18 06:46:42 UTC 2026","passed","Sat Jul 18 06:46:42 UTC 2026","","","",""
"Test cases for TestDomainSelectors_GetFilterCriteria_Domain","0","TestDomainSelectors_GetFilterCriteria_Domain","","Sat Jul 18 06:42:20 UTC 2026","passed","Sat Jul 18 06:42:20 UTC 2026","","Go Test","github.com/specterops/bloodhound/cmd/api/src/model/TestDomainSelectors_GetFilterCriteria_Domain","TestDomainSelectors_GetFilterCriteria_Domain"
"Test cases for TestIntPointer","0","TestIntPointer","","Sat Jul 18 06:42:20 UTC 2026","passed","Sat Jul 18 06:42:20 UTC 2026","","Go Test","github.com/specterops/bloodhound/cmd/api/src/database/types/null/TestIntPointer","TestIntPointer"
"Test cases for TestDatabaseWipe","6","TestDatabaseWipe","","Sat Jul 18 06:42:14 UTC 2026","passed","Sat Jul 18 06:42:14 UTC 2026","","Go Test","github.com/specterops/bloodhound/cmd/api/src/api/v2/TestDatabaseWipe","TestDatabaseWipe"
"","1932","renders","DatabaseManagement","Sat Jul 18 06:49:46 UTC 2026","passed","Sat Jul 18 06:49:48 UTC 2026","","","",""
"Test cases for TestResources_ListADDomainContainedGroups","0","TestResources_ListADDomainContainedGroups","","Sat Jul 18 06:42:14 UTC 2026","passed","Sat Jul 18 06:42:14 UTC 2026","","Go Test","github.com/specterops/bloodhound/cmd/api/src/api/v2/TestResources_ListADDomainContainedGroups","TestResources_ListADDomainContainedGroups"
"Test cases for TestResources_SearchAssetGroupTagHistory","134","TestResources_SearchAssetGroupTagHistory","","Sat Jul 18 06:42:14 UTC 2026","passed","Sat Jul 18 06:42:14 UTC 2026","","Go Test","github.com/specterops/bloodhound/cmd/api/src/api/v2/TestResources_SearchAssetGroupTagHistory","TestResources_SearchAssetGroupTagHistory"
"","94","disables the user actions menu for a user with the auditor role","User Actions Menu","Sat Jul 18 06:46:30 UTC 2026","passed","Sat Jul 18 06:46:30 UTC 2026","","Button Menu State","",""
"","2015","renders","Glyph Select Dialog","Sat Jul 18 06:48:43 UTC 2026","passed","Sat Jul 18 06:48:45 UTC 2026","","","",""
"","1093","displays validation error messages when password does not match confirmation","PasswordDialog","Sat Jul 18 06:44:03 UTC 2026","passed","Sat Jul 18 06:44:04 UTC 2026","","","",""
"","256","should display a toggle switch to enable multi-factor authentication","UserProfile","Sat Jul 18 06:45:55 UTC 2026","passed","Sat Jul 18 06:45:56 UTC 2026","","","",""
"Test cases for TestStore_GetFlagByKey","3","TestStore_GetFlagByKey","","Sat Jul 18 06:42:47 UTC 2026","passed","Sat Jul 18 06:42:47 UTC 2026","","Go Test","github.com/specterops/bloodhound/server/featureflags/internal/appdb/TestStore_GetFlagByKey","TestStore_GetFlagByKey"
"","2549","should clear out the SSO Provider id from submission data when the authentication method is changed","CreateUserDialog","Sat Jul 18 06:44:18 UTC 2026","passed","Sat Jul 18 06:44:20 UTC 2026","","","",""
"","247","can render","ExploreSearchCombobox","Sat Jul 18 06:45:38 UTC 2026","passed","Sat Jul 18 06:45:39 UTC 2026","","","",""
"Test cases for TestManagementResource_DeleteUser_DeleteUserError","1312","TestManagementResource_DeleteUser_DeleteUserError","","Sat Jul 18 06:42:37 UTC 2026","passed","Sat Jul 18 06:42:38 UTC 2026","","Go Test","github.com/specterops/bloodhound/cmd/api/src/api/v2/auth/TestManagementResource_DeleteUser_DeleteUserError","TestManagementResource_DeleteUser_DeleteUserError"
"","3648","should open edge filtering dialog","EdgeFilter","Sat Jul 18 06:46:27 UTC 2026","passed","Sat Jul 18 06:46:31 UTC 2026","","","",""
"","4","returns null if paramValue is +0","useEnvironmentParams","Sat Jul 18 06:49:18 UTC 2026","passed","Sat Jul 18 06:49:18 UTC 2026","","parseEnvironmentAggregation","",""
"","72","sets primarySearch, searchType, exploreSearchTab in URL params when the click handler is executed","useEdgeInfoItems","Sat Jul 18 06:47:13 UTC 2026","passed","Sat Jul 18 06:47:13 UTC 2026","","","",""
"Test cases for TestQueries_GetRequestedType","0","TestQueries_GetRequestedType","","Sat Jul 18 06:42:22 UTC 2026","passed","Sat Jul 18 06:42:22 UTC 2026","","Go Test","github.com/specterops/bloodhound/cmd/api/src/queries/TestQueries_GetRequestedType","TestQueries_GetRequestedType"
"","15","should render a Field when the provided value is 0","Field","Sat Jul 18 06:48:33 UTC 2026","passed","Sat Jul 18 06:48:33 UTC 2026","","","",""
"Test cases for TestIsValidEmail","0","TestIsValidEmail","","Sat Jul 18 06:42:29 UTC 2026","passed","Sat Jul 18 06:42:29 UTC 2026","","Go Test","github.com/specterops/bloodhound/cmd/api/src/utils/TestIsValidEmail","TestIsValidEmail"
"","33","displays contact admin message when hidden edge is true","EdgeInfoContent","Sat Jul 18 06:43:52 UTC 2026","passed","Sat Jul 18 06:43:52 UTC 2026","","EdgeInfoContent support for hidden edges","",""
"Test cases for TestOrphanFileSweeper_Clear","2","TestOrphanFileSweeper_Clear","","Sat Jul 18 06:42:16 UTC 2026","passed","Sat Jul 18 06:42:16 UTC 2026","","Go Test","github.com/specterops/bloodhound/cmd/api/src/daemons/datapipe/TestOrphanFileSweeper_Clear","TestOrphanFileSweeper_Clear"
"","1","determines glyphs with the tier_managent_engine feature flag enabled","getNodeGlyphs","Sat Jul 18 06:50:10 UTC 2026","passed","Sat Jul 18 06:50:10 UTC 2026","","","",""
"Test cases for TestRegister_PanicsOnNilDogTags","2","TestRegister_PanicsOnNilDogTags","","Sat Jul 18 06:42:52 UTC 2026","passed","Sat Jul 18 06:42:52 UTC 2026","","Go Test","github.com/specterops/bloodhound/server/modules/TestRegister_PanicsOnNilDogTags","TestRegister_PanicsOnNilDogTags"
"","520","adds a ""Close"" button that closes the dialog after a failed upload","SchemaUploadDialog","Sat Jul 18 06:44:51 UTC 2026","passed","Sat Jul 18 06:44:52 UTC 2026","","","",""
"","1124","clicking checkbox will remove error if present","DatabaseManagement","Sat Jul 18 06:49:49 UTC 2026","passed","Sat Jul 18 06:49:51 UTC 2026","","","",""
"Test cases for TestStringIsZero","0","TestStringIsZero","","Sat Jul 18 06:42:20 UTC 2026","passed","Sat Jul 18 06:42:20 UTC 2026","","Go Test","github.com/specterops/bloodhound/cmd/api/src/database/types/null/TestStringIsZero","TestStringIsZero"
"Test cases for TestParseIntQueryParameter","77","TestParseIntQueryParameter","","Sat Jul 18 06:42:14 UTC 2026","passed","Sat Jul 18 06:42:14 UTC 2026","","Go Test","github.com/specterops/bloodhound/cmd/api/src/api/v2/TestParseIntQueryParameter","TestParseIntQueryParameter"
"Test cases for TestManagementResource_ListSAMLSignOnEndpoints","5","TestManagementResource_ListSAMLSignOnEndpoints","","Sat Jul 18 06:42:55 UTC 2026","passed","Sat Jul 18 06:42:55 UTC 2026","","Go Test","github.com/specterops/bloodhound/cmd/api/src/api/v2/auth/TestManagementResource_ListSAMLSignOnEndpoints","TestManagementResource_ListSAMLSignOnEndpoints"
"Test cases for Test_filterAndFormatSearchResults_filterEnvironments","0","Test_filterAndFormatSearchResults_filterEnvironments","","Sat Jul 18 06:42:14 UTC 2026","passed","Sat Jul 18 06:42:14 UTC 2026","","Go Test","github.com/specterops/bloodhound/cmd/api/src/api/v2/Test_filterAndFormatSearchResults_filterEnvironments","Test_filterAndFormatSearchResults_filterEnvironments"
"Test cases for TestResources_DeleteAssetGroup","0","TestResources_DeleteAssetGroup","","Sat Jul 18 06:42:14 UTC 2026","passed","Sat Jul 18 06:42:14 UTC 2026","","Go Test","github.com/specterops/bloodhound/cmd/api/src/api/v2/TestResources_DeleteAssetGroup","TestResources_DeleteAssetGroup"
"","144","should on clicking collapse all remove expandedPanelSections param from url and set isObjectInfoPanelOpen in context to false","EdgeInfoHeader","Sat Jul 18 06:47:37 UTC 2026","passed","Sat Jul 18 06:47:38 UTC 2026","","","",""
"","35","renders null if network fails to return valid asset group membership list","AssetGroupMenuItem","Sat Jul 18 06:49:48 UTC 2026","passed","Sat Jul 18 06:49:48 UTC 2026","","adding to an asset group","",""
"Test cases for TestResources_ListKinds","86","TestResources_ListKinds","","Sat Jul 18 06:42:14 UTC 2026","passed","Sat Jul 18 06:42:14 UTC 2026","","Go Test","github.com/specterops/bloodhound/cmd/api/src/api/v2/TestResources_ListKinds","TestResources_ListKinds"
"Test cases for TestPredefinedSIDSuffixes","1","TestPredefinedSIDSuffixes","","Sat Jul 18 06:42:34 UTC 2026","passed","Sat Jul 18 06:42:34 UTC 2026","","Go Test","github.com/specterops/bloodhound/packages/go/analysis/ad/wellknown/TestPredefinedSIDSuffixes","TestPredefinedSIDSuffixes"
"Test cases for TestResources_GetCertTemplateEntityInfo","227","TestResources_GetCertTemplateEntityInfo","","Sat Jul 18 06:42:14 UTC 2026","passed","Sat Jul 18 06:42:14 UTC 2026","","Go Test","github.com/specterops/bloodhound/cmd/api/src/api/v2/TestResources_GetCertTemplateEntityInfo","TestResources_GetCertTemplateEntityInfo"
"Test cases for TestAnalysisErrorsCoversPipelineSteps","0","TestAnalysisErrorsCoversPipelineSteps","","Sat Jul 18 06:42:33 UTC 2026","passed","Sat Jul 18 06:42:33 UTC 2026","","Go Test","github.com/specterops/bloodhound/packages/go/analysis/TestAnalysisErrorsCoversPipelineSteps","TestAnalysisErrorsCoversPipelineSteps"
"","19","returns initialValue when the key is absent from localStorage","useLocalStorage","Sat Jul 18 06:46:02 UTC 2026","passed","Sat Jul 18 06:46:02 UTC 2026","","initial value","",""
"Test cases for TestIsErrorResponse","1","TestIsErrorResponse","","Sat Jul 18 06:42:01 UTC 2026","passed","Sat Jul 18 06:42:01 UTC 2026","","Go Test","github.com/specterops/bloodhound/cmd/api/src/api/TestIsErrorResponse","TestIsErrorResponse"
"Test cases for TestMarshalTime","0","TestMarshalTime","","Sat Jul 18 06:42:20 UTC 2026","passed","Sat Jul 18 06:42:20 UTC 2026","","Go Test","github.com/specterops/bloodhound/cmd/api/src/database/types/null/TestMarshalTime","TestMarshalTime"
"","13","shows ""no permission"" notification if lacking permission","useFinishedJobs","Sat Jul 18 06:46:15 UTC 2026","passed","Sat Jul 18 06:46:15 UTC 2026","","","",""
"Test cases for TestTextUnmarshalString","0","TestTextUnmarshalString","","Sat Jul 18 06:42:20 UTC 2026","passed","Sat Jul 18 06:42:20 UTC 2026","","Go Test","github.com/specterops/bloodhound/cmd/api/src/database/types/null/TestTextUnmarshalString","TestTextUnmarshalString"
"Test cases for Test_sortAndSliceResults_sorting","0","Test_sortAndSliceResults_sorting","","Sat Jul 18 06:42:22 UTC 2026","passed","Sat Jul 18 06:42:22 UTC 2026","","Go Test","github.com/specterops/bloodhound/cmd/api/src/queries/Test_sortAndSliceResults_sorting","Test_sortAndSliceResults_sorting"
"","5787","calls onExploreMenuCollapse again when user reopens widget and runs another multi-node query","CypherSearch","Sat Jul 18 06:44:26 UTC 2026","passed","Sat Jul 18 06:44:32 UTC 2026","","Minimize explorer page elements when multiple nodes are returned","",""
"","11","should not render a Field when the provided value is """"","Field","Sat Jul 18 06:48:33 UTC 2026","passed","Sat Jul 18 06:48:33 UTC 2026","","","",""
"Test cases for TestResources_ListAcceptedFileUploadTypes","1","TestResources_ListAcceptedFileUploadTypes","","Sat Jul 18 06:42:14 UTC 2026","passed","Sat Jul 18 06:42:14 UTC 2026","","Go Test","github.com/specterops/bloodhound/cmd/api/src/api/v2/TestResources_ListAcceptedFileUploadTypes","TestResources_ListAcceptedFileUploadTypes"
"","65","renders DomainInfo for a collected active-directory environment","getStatsComponent","Sat Jul 18 06:47:39 UTC 2026","passed","Sat Jul 18 06:47:39 UTC 2026","","","",""
"Test cases for TestBoolEqual","0","TestBoolEqual","","Sat Jul 18 06:42:20 UTC 2026","passed","Sat Jul 18 06:42:20 UTC 2026","","Go Test","github.com/specterops/bloodhound/cmd/api/src/database/types/null/TestBoolEqual","TestBoolEqual"
"","56","should display a badge when role based filtering is true and show filter banner is true","EntityInfoPanel","Sat Jul 18 06:48:09 UTC 2026","passed","Sat Jul 18 06:48:09 UTC 2026","","","",""
"Test cases for TestUnmarshalInt64Overflow","0","TestUnmarshalInt64Overflow","","Sat Jul 18 06:42:20 UTC 2026","passed","Sat Jul 18 06:42:20 UTC 2026","","Go Test","github.com/specterops/bloodhound/cmd/api/src/database/types/null/TestUnmarshalInt64Overflow","TestUnmarshalInt64Overflow"
"","552","should not allow leading or trailing empty spaces","UpdateUserForm","Sat Jul 18 06:43:19 UTC 2026","passed","Sat Jul 18 06:43:19 UTC 2026","","","",""
"Test cases for TestManagementResource_UpdateUser_Success","1399","TestManagementResource_UpdateUser_Success","","Sat Jul 18 06:42:39 UTC 2026","passed","Sat Jul 18 06:42:41 UTC 2026","","Go Test","github.com/specterops/bloodhound/cmd/api/src/api/v2/auth/TestManagementResource_UpdateUser_Success","TestManagementResource_UpdateUser_Success"
"","232","lists sso providers for a user with manage or read provider permissions","SSOConfiguration","Sat Jul 18 06:44:53 UTC 2026","passed","Sat Jul 18 06:44:54 UTC 2026","","","",""
"Test cases for TestConvertAzureResourceGroupContributorToRels","0","TestConvertAzureResourceGroupContributorToRels","","Sat Jul 18 06:42:35 UTC 2026","passed","Sat Jul 18 06:42:35 UTC 2026","","Go Test","github.com/specterops/bloodhound/packages/go/ein/TestConvertAzureResourceGroupContributorToRels","TestConvertAzureResourceGroupContributorToRels"
"","1","returns graphData as is if it doesnt match the GraphResponse interface","normalizeGraphDataForSigma","Sat Jul 18 06:50:34 UTC 2026","passed","Sat Jul 18 06:50:34 UTC 2026","","","",""
"","904","calls onSave when valid form inputs are provided","PasswordDialog","Sat Jul 18 06:44:06 UTC 2026","passed","Sat Jul 18 06:44:07 UTC 2026","","","",""
"","113","renders the analysis toggle when multi tier analysis enabled is true and when editing an existing zone","Tag Form","Sat Jul 18 06:43:09 UTC 2026","passed","Sat Jul 18 06:43:09 UTC 2026","","","",""
"","209","displays the label for each result","SearchCurrentNodes","Sat Jul 18 06:47:00 UTC 2026","passed","Sat Jul 18 06:47:00 UTC 2026","","","",""
"","66","initializes the categories with just the built-in defaults when edge endpoint returns nothing","useEdgeCategories","Sat Jul 18 06:45:47 UTC 2026","passed","Sat Jul 18 06:45:47 UTC 2026","","","",""
"","48","invalidates the extensions query key when upload succeeds","useSchemaUploadHandlers","Sat Jul 18 06:49:06 UTC 2026","passed","Sat Jul 18 06:49:06 UTC 2026","","","",""
"Test cases for TestManagementResource_CreateSAMLProviderMultipart","14","TestManagementResource_CreateSAMLProviderMultipart","","Sat Jul 18 06:42:55 UTC 2026","passed","Sat Jul 18 06:42:55 UTC 2026","","Go Test","github.com/specterops/bloodhound/cmd/api/src/api/v2/auth/TestManagementResource_CreateSAMLProviderMultipart","TestManagementResource_CreateSAMLProviderMultipart"
"","8","should render when search string at the end of the text","HighlightedText","Sat Jul 18 06:48:22 UTC 2026","passed","Sat Jul 18 06:48:22 UTC 2026","","","",""
"","65","mounts a polite aria-live region","AnnouncementProvider","Sat Jul 18 06:46:45 UTC 2026","passed","Sat Jul 18 06:46:45 UTC 2026","","","",""
"","18","displays CaretDown icon when the sortOrder is desc","ColumnHeaders","Sat Jul 18 06:46:36 UTC 2026","passed","Sat Jul 18 06:46:36 UTC 2026","","SortableHeader","",""
"","364","renders analyze now section","AnalyzeNowConfiguration","Sat Jul 18 06:46:01 UTC 2026","passed","Sat Jul 18 06:46:01 UTC 2026","","","",""
"","68","renders Tier Zero text by default when no Zone Selector is available and on a Zone page","TagSelector","Sat Jul 18 06:47:07 UTC 2026","passed","Sat Jul 18 06:47:07 UTC 2026","","","",""
"Test cases for TestWriteBasicResponse","1","TestWriteBasicResponse","","Sat Jul 18 06:42:01 UTC 2026","passed","Sat Jul 18 06:42:01 UTC 2026","","Go Test","github.com/specterops/bloodhound/cmd/api/src/api/TestWriteBasicResponse","TestWriteBasicResponse"
"","10","does not render when selector is default","Delete Selector Button rendering","Sat Jul 18 06:48:52 UTC 2026","passed","Sat Jul 18 06:48:52 UTC 2026","","","",""
"","0","prefixes each node_kind with a colon for labels","graphSchema","Sat Jul 18 06:48:37 UTC 2026","passed","Sat Jul 18 06:48:37 UTC 2026","","","",""
"","0","EXTENDED ROUNDING when thresholds are set: abbreviates numbers larger than 1000 and should not round the tenth place digit","numberFormatting","Sat Jul 18 06:46:44 UTC 2026","passed","Sat Jul 18 06:46:44 UTC 2026","","","",""
"Test cases for TestNewLocalStore","9","TestNewLocalStore","","Sat Jul 18 06:42:40 UTC 2026","passed","Sat Jul 18 06:42:40 UTC 2026","","Go Test","github.com/specterops/bloodhound/packages/go/storage/TestNewLocalStore","TestNewLocalStore"
"","9","optionally allows the consumer to pass a query to performSearch() and adds that query to the url","useCypherSearch","Sat Jul 18 06:48:46 UTC 2026","passed","Sat Jul 18 06:48:46 UTC 2026","","","",""
"TestManifest_AddMigration tests that migrations are added to the correct locationwithin the migration map and in the correct order.","0","TestManifest_AddMigration","","Sat Jul 18 06:42:20 UTC 2026","passed","Sat Jul 18 06:42:20 UTC 2026","","Go Test","github.com/specterops/bloodhound/cmd/api/src/database/migration/TestManifest_AddMigration","TestManifest_AddMigration"
"","291","should eventually display list of tokens","UserTokenManagementDialog","Sat Jul 18 06:45:23 UTC 2026","passed","Sat Jul 18 06:45:23 UTC 2026","","","",""
"","1","filters by high risk level","filterAndSearchEnvironments","Sat Jul 18 06:43:31 UTC 2026","passed","Sat Jul 18 06:43:31 UTC 2026","","risk filters","",""
"Test cases for TestTextUnmarshalBool","0","TestTextUnmarshalBool","","Sat Jul 18 06:42:20 UTC 2026","passed","Sat Jul 18 06:42:20 UTC 2026","","Go Test","github.com/specterops/bloodhound/cmd/api/src/database/types/null/TestTextUnmarshalBool","TestTextUnmarshalBool"
"Test cases for TestIntFromPtr","0","TestIntFromPtr","","Sat Jul 18 06:42:20 UTC 2026","passed","Sat Jul 18 06:42:20 UTC 2026","","Go Test","github.com/specterops/bloodhound/cmd/api/src/database/types/null/TestIntFromPtr","TestIntFromPtr"
"Test cases for TestCache_FillFifo","0","TestCache_FillFifo","","Sat Jul 18 06:42:35 UTC 2026","passed","Sat Jul 18 06:42:35 UTC 2026","","Go Test","github.com/specterops/bloodhound/packages/go/cache/TestCache_FillFifo","TestCache_FillFifo"
"Test cases for TestResources_CreateSavedQuery","0","TestResources_CreateSavedQuery","","Sat Jul 18 06:42:14 UTC 2026","passed","Sat Jul 18 06:42:14 UTC 2026","","Go Test","github.com/specterops/bloodhound/cmd/api/src/api/v2/TestResources_CreateSavedQuery","TestResources_CreateSavedQuery"
"","0","should appropriately handle edges that contain underscores","getEdgeDataFromKey","Sat Jul 18 06:50:36 UTC 2026","passed","Sat Jul 18 06:50:36 UTC 2026","","","",""
"Test cases for TestResources_ListFileUploadJobs","1","TestResources_ListFileUploadJobs","","Sat Jul 18 06:42:14 UTC 2026","passed","Sat Jul 18 06:42:14 UTC 2026","","Go Test","github.com/specterops/bloodhound/cmd/api/src/api/v2/TestResources_ListFileUploadJobs","TestResources_ListFileUploadJobs"
"","328","on clicking switch shows modal and when clicking cancel closes it and switch stays enabled","CitrixRDPConfiguration","Sat Jul 18 06:45:44 UTC 2026","passed","Sat Jul 18 06:45:44 UTC 2026","","Click on switch to disable","",""
"","42","sets input text to value","ManagedDatePicker - value","Sat Jul 18 06:46:36 UTC 2026","passed","Sat Jul 18 06:46:36 UTC 2026","","","",""
"","54","renders GraphButton with correct text","GraphControls","Sat Jul 18 06:43:40 UTC 2026","passed","Sat Jul 18 06:43:40 UTC 2026","","Searching current results","",""
"","174","shows ""<10 Days to Expire"" warning when token expires within 10 days","UserTokenManagementDialog - API Expiration Date column","Sat Jul 18 06:45:25 UTC 2026","passed","Sat Jul 18 06:45:25 UTC 2026","","","",""
"Test cases for TestResources_GetDatabaseCompleteness","100","TestResources_GetDatabaseCompleteness","","Sat Jul 18 06:42:14 UTC 2026","passed","Sat Jul 18 06:42:14 UTC 2026","","Go Test","github.com/specterops/bloodhound/cmd/api/src/api/v2/TestResources_GetDatabaseCompleteness","TestResources_GetDatabaseCompleteness"
"Test cases for TestResources_ShareSavedQueriesPermissions_CanUpdateSavedQueriesPermission","4","TestResources_ShareSavedQueriesPermissions_CanUpdateSavedQueriesPermission","","Sat Jul 18 06:42:14 UTC 2026","passed","Sat Jul 18 06:42:14 UTC 2026","","Go Test","github.com/specterops/bloodhound/cmd/api/src/api/v2/TestResources_ShareSavedQueriesPermissions_CanUpdateSavedQueriesPermission","TestResources_ShareSavedQueriesPermissions_CanUpdateSavedQueriesPermission"
"","97","returns an object with values for assetGroupTagId, params, and setPZQueryParams","usePZQueryParams","Sat Jul 18 06:46:59 UTC 2026","passed","Sat Jul 18 06:47:00 UTC 2026","","","",""
"Test cases for TestMarshalInt","1","TestMarshalInt","","Sat Jul 18 06:42:20 UTC 2026","passed","Sat Jul 18 06:42:20 UTC 2026","","Go Test","github.com/specterops/bloodhound/cmd/api/src/database/types/null/TestMarshalInt","TestMarshalInt"
"","0","returns false for arrays with different object references","areArraysSimilar","Sat Jul 18 06:48:49 UTC 2026","passed","Sat Jul 18 06:48:49 UTC 2026","","","",""
"Test cases for TestTimeValueOrZero","0","TestTimeValueOrZero","","Sat Jul 18 06:42:20 UTC 2026","passed","Sat Jul 18 06:42:20 UTC 2026","","Go Test","github.com/specterops/bloodhound/cmd/api/src/database/types/null/TestTimeValueOrZero","TestTimeValueOrZero"
"","58","composes search params from the search prop and use them in the link","AppLink","Sat Jul 18 06:47:09 UTC 2026","passed","Sat Jul 18 06:47:09 UTC 2026","","","",""
"","431","displays a polite message when there are no user updatable features available","EarlyAccessFeatures","Sat Jul 18 06:50:19 UTC 2026","passed","Sat Jul 18 06:50:19 UTC 2026","","","",""
"","406","On unsuccessful upload, notifies with an error and displays a retry button","SchemaUploadDialog","Sat Jul 18 06:44:52 UTC 2026","passed","Sat Jul 18 06:44:52 UTC 2026","","","",""
"Test cases for TestParseGPOData","1","TestParseGPOData","","Sat Jul 18 06:42:35 UTC 2026","passed","Sat Jul 18 06:42:35 UTC 2026","","Go Test","github.com/specterops/bloodhound/packages/go/ein/TestParseGPOData","TestParseGPOData"
"","0","returns false if arrays have different elements","areArraysSimilar","Sat Jul 18 06:48:49 UTC 2026","passed","Sat Jul 18 06:48:49 UTC 2026","","","",""
"","91","allows a consumer to swap the values of the two inputs and update the query params accordingly","usePathfindingSearch","Sat Jul 18 06:46:19 UTC 2026","passed","Sat Jul 18 06:46:19 UTC 2026","","","",""
"","542","closes confirmation dialog when cancel is clicked","ActiveExtensionsCard","Sat Jul 18 06:43:40 UTC 2026","passed","Sat Jul 18 06:43:40 UTC 2026","","","",""
"","0","fails for password with control characters","testPassword","Sat Jul 18 06:49:17 UTC 2026","passed","Sat Jul 18 06:49:17 UTC 2026","","","",""
"","279","fires onSelect prop when a result is clicked","SearchCurrentNodes","Sat Jul 18 06:47:00 UTC 2026","passed","Sat Jul 18 06:47:01 UTC 2026","","","",""
"Test cases for TestManagementResource_SAMLLoginRedirect","6","TestManagementResource_SAMLLoginRedirect","","Sat Jul 18 06:42:55 UTC 2026","passed","Sat Jul 18 06:42:55 UTC 2026","","Go Test","github.com/specterops/bloodhound/cmd/api/src/api/v2/auth/TestManagementResource_SAMLLoginRedirect","TestManagementResource_SAMLLoginRedirect"
"","0","handles environment with impactValue of 0","filterAndSearchEnvironments","Sat Jul 18 06:43:31 UTC 2026","passed","Sat Jul 18 06:43:31 UTC 2026","","edge cases","",""
"","0","returns false when the response is undefined","isNodeResponse","Sat Jul 18 06:46:09 UTC 2026","passed","Sat Jul 18 06:46:09 UTC 2026","","","",""
"","4","wraps a plain value in single quotes","escapeCypherString","Sat Jul 18 06:49:11 UTC 2026","passed","Sat Jul 18 06:49:11 UTC 2026","","","",""
"Test cases for TestManagementResource_DeleteOIDCProvider","0","TestManagementResource_DeleteOIDCProvider","","Sat Jul 18 06:42:55 UTC 2026","passed","Sat Jul 18 06:42:55 UTC 2026","","Go Test","github.com/specterops/bloodhound/cmd/api/src/api/v2/auth/TestManagementResource_DeleteOIDCProvider","TestManagementResource_DeleteOIDCProvider"
"","0","returns the difference between the node and the position","getNodeOffset","Sat Jul 18 06:50:36 UTC 2026","passed","Sat Jul 18 06:50:36 UTC 2026","","","",""
"Test cases for TestResources_UpdateAssetGroupSelectors_SuccessOwned","0","TestResources_UpdateAssetGroupSelectors_SuccessOwned","","Sat Jul 18 06:42:14 UTC 2026","passed","Sat Jul 18 06:42:14 UTC 2026","","Go Test","github.com/specterops/bloodhound/cmd/api/src/api/v2/TestResources_UpdateAssetGroupSelectors_SuccessOwned","TestResources_UpdateAssetGroupSelectors_SuccessOwned"
"Test cases for Test_filterAndFormatSearchResults_filterEnvironmentsOG","0","Test_filterAndFormatSearchResults_filterEnvironmentsOG","","Sat Jul 18 06:42:14 UTC 2026","passed","Sat Jul 18 06:42:14 UTC 2026","","Go Test","github.com/specterops/bloodhound/cmd/api/src/api/v2/Test_filterAndFormatSearchResults_filterEnvironmentsOG","Test_filterAndFormatSearchResults_filterEnvironmentsOG"
"","500","calls onToggleNodeLabels when click show all node labels","GraphControls","Sat Jul 18 06:43:36 UTC 2026","passed","Sat Jul 18 06:43:37 UTC 2026","","Toggling labels","",""
"","961","should render","CypherSearch","Sat Jul 18 06:44:05 UTC 2026","passed","Sat Jul 18 06:44:06 UTC 2026","","","",""
"","0","The user has yet to type into the search","Getting the text for the disabled item display for a search when there are no results","Sat Jul 18 06:48:04 UTC 2026","passed","Sat Jul 18 06:48:04 UTC 2026","","Empty data states","",""
"","617","filters by the selected date range","FileIngestFilterDialog","Sat Jul 18 06:45:11 UTC 2026","passed","Sat Jul 18 06:45:11 UTC 2026","","Date Range Inputs","",""
"","151","should call onLoginViaSAML when login via sso button clicked","LoginForm","Sat Jul 18 06:48:27 UTC 2026","passed","Sat Jul 18 06:48:27 UTC 2026","","","",""
"Test cases for TestResources_CreateSavedQuery_InvalidBody","0","TestResources_CreateSavedQuery_InvalidBody","","Sat Jul 18 06:42:14 UTC 2026","passed","Sat Jul 18 06:42:14 UTC 2026","","Go Test","github.com/specterops/bloodhound/cmd/api/src/api/v2/TestResources_CreateSavedQuery_InvalidBody","TestResources_CreateSavedQuery_InvalidBody"
"","67","fetches relationship data when itemId has the rel_ prefix","useGraphItem","Sat Jul 18 06:46:09 UTC 2026","passed","Sat Jul 18 06:46:09 UTC 2026","","","",""
"","414","displays an error when unable to fetch data","EarlyAccessFeatures","Sat Jul 18 06:50:19 UTC 2026","passed","Sat Jul 18 06:50:20 UTC 2026","","","",""
"","477","Expand button causes table to expand to full height","ExploreTable","Sat Jul 18 06:43:07 UTC 2026","passed","Sat Jul 18 06:43:08 UTC 2026","","","",""
"","36","sets autoDisplayTable to false if query returns edges","useExploreTableAutoDisplay","Sat Jul 18 06:47:52 UTC 2026","passed","Sat Jul 18 06:47:52 UTC 2026","","","",""
"","53","displays security warning","Enable2FADialog","Sat Jul 18 06:47:42 UTC 2026","passed","Sat Jul 18 06:47:42 UTC 2026","","","",""
"","0","returns true when the response contains node_id","isNodeResponse","Sat Jul 18 06:46:09 UTC 2026","passed","Sat Jul 18 06:46:09 UTC 2026","","","",""
"Test cases for TestResources_ListADEntityConstrainedDelegationRights","0","TestResources_ListADEntityConstrainedDelegationRights","","Sat Jul 18 06:42:14 UTC 2026","passed","Sat Jul 18 06:42:14 UTC 2026","","Go Test","github.com/specterops/bloodhound/cmd/api/src/api/v2/TestResources_ListADEntityConstrainedDelegationRights","TestResources_ListADEntityConstrainedDelegationRights"
"Test cases for TestGC_Start","1003","TestGC_Start","","Sat Jul 18 06:42:18 UTC 2026","passed","Sat Jul 18 06:42:19 UTC 2026","","Go Test","github.com/specterops/bloodhound/cmd/api/src/daemons/gc/TestGC_Start","TestGC_Start"
"","12","fully replaces state","useObjectState","Sat Jul 18 06:48:22 UTC 2026","passed","Sat Jul 18 06:48:22 UTC 2026","","","",""
"","1467","when user performs a single node search, the selected node carries over to the `start node` input field on the pathfinding tab","ExploreSearch interaction","Sat Jul 18 06:49:59 UTC 2026","passed","Sat Jul 18 06:50:00 UTC 2026","","","",""
"Test cases for TestGC_NewDataPruningDaemon","0","TestGC_NewDataPruningDaemon","","Sat Jul 18 06:42:18 UTC 2026","passed","Sat Jul 18 06:42:18 UTC 2026","","Go Test","github.com/specterops/bloodhound/cmd/api/src/daemons/gc/TestGC_NewDataPruningDaemon","TestGC_NewDataPruningDaemon"
"","500","handles a selection as expected","DropdownSelector","Sat Jul 18 06:47:45 UTC 2026","passed","Sat Jul 18 06:47:46 UTC 2026","","","",""
"Test cases for TestDisenrollMFA_Admin_SuccessNoPasswordSSO","852","TestDisenrollMFA_Admin_SuccessNoPasswordSSO","","Sat Jul 18 06:42:51 UTC 2026","passed","Sat Jul 18 06:42:52 UTC 2026","","Go Test","github.com/specterops/bloodhound/cmd/api/src/api/v2/auth/TestDisenrollMFA_Admin_SuccessNoPasswordSSO","TestDisenrollMFA_Admin_SuccessNoPasswordSSO"
"","251","should display ""Create Token"" button","UserTokenManagementDialog","Sat Jul 18 06:45:23 UTC 2026","passed","Sat Jul 18 06:45:24 UTC 2026","","","",""
"","73","stores the state of a search term without modifying the query params","useCypherSearch","Sat Jul 18 06:48:45 UTC 2026","passed","Sat Jul 18 06:48:46 UTC 2026","","","",""
"","6741","Typing in the search bar filters the results","ExploreTable","Sat Jul 18 06:43:10 UTC 2026","passed","Sat Jul 18 06:43:17 UTC 2026","","","",""
"","157","shows a table with finished jobs","FileIngestTable","Sat Jul 18 06:44:25 UTC 2026","passed","Sat Jul 18 06:44:25 UTC 2026","","","",""
"Test cases for Test_runMaybeCachedEntityQuery","0","Test_runMaybeCachedEntityQuery","","Sat Jul 18 06:42:22 UTC 2026","passed","Sat Jul 18 06:42:22 UTC 2026","","Go Test","github.com/specterops/bloodhound/cmd/api/src/queries/Test_runMaybeCachedEntityQuery","Test_runMaybeCachedEntityQuery"
"Test cases for TestResources_GetOUEntityInfo","2","TestResources_GetOUEntityInfo","","Sat Jul 18 06:42:14 UTC 2026","passed","Sat Jul 18 06:42:14 UTC 2026","","Go Test","github.com/specterops/bloodhound/cmd/api/src/api/v2/TestResources_GetOUEntityInfo","TestResources_GetOUEntityInfo"
"","25","should filter properties that we do not want to display in the entity panel","ObjectInfoFields","Sat Jul 18 06:48:33 UTC 2026","passed","Sat Jul 18 06:48:33 UTC 2026","","","",""
"Test cases for TestSignRequestTeeFailure","0","TestSignRequestTeeFailure","","Sat Jul 18 06:42:01 UTC 2026","passed","Sat Jul 18 06:42:01 UTC 2026","","Go Test","github.com/specterops/bloodhound/cmd/api/src/api/TestSignRequestTeeFailure","TestSignRequestTeeFailure"
"","272","shows an error state","AssetGroupMenuItem","Sat Jul 18 06:45:46 UTC 2026","passed","Sat Jul 18 06:45:46 UTC 2026","","","",""
"","74","sets the document title using the default app name","PageWithTitle","Sat Jul 18 06:49:15 UTC 2026","passed","Sat Jul 18 06:49:15 UTC 2026","","","",""
"","21","selector members refetches on sort change","the useAssetGroupTags utilities","Sat Jul 18 06:45:24 UTC 2026","passed","Sat Jul 18 06:45:24 UTC 2026","","","",""
"","11","toggles a descending sort to ascending when sorting the same column","useSortParams","Sat Jul 18 06:47:23 UTC 2026","passed","Sat Jul 18 06:47:23 UTC 2026","","","",""
"Test cases for TestManagementResource_SAMLCallbackRedirect","4","TestManagementResource_SAMLCallbackRedirect","","Sat Jul 18 06:42:55 UTC 2026","passed","Sat Jul 18 06:42:55 UTC 2026","","Go Test","github.com/specterops/bloodhound/cmd/api/src/api/v2/auth/TestManagementResource_SAMLCallbackRedirect","TestManagementResource_SAMLCallbackRedirect"
"Test cases for TestEncodingInterface","0","TestEncodingInterface","","Sat Jul 18 06:42:35 UTC 2026","passed","Sat Jul 18 06:42:35 UTC 2026","","Go Test","github.com/specterops/bloodhound/packages/go/bomenc/TestEncodingInterface","TestEncodingInterface"
"","5","announces a message with assertive priority","AnnouncementProvider","Sat Jul 18 06:46:45 UTC 2026","passed","Sat Jul 18 06:46:45 UTC 2026","","","",""
"Test cases for TestManagementResource_ListAuthTokens_InvalidFilterPredicate","0","TestManagementResource_ListAuthTokens_InvalidFilterPredicate","","Sat Jul 18 06:42:44 UTC 2026","passed","Sat Jul 18 06:42:44 UTC 2026","","Go Test","github.com/specterops/bloodhound/cmd/api/src/api/v2/auth/TestManagementResource_ListAuthTokens_InvalidFilterPredicate","TestManagementResource_ListAuthTokens_InvalidFilterPredicate"
"Test cases for TestResources_GetAssetGroupTagSelectors","0","TestResources_GetAssetGroupTagSelectors","","Sat Jul 18 06:42:14 UTC 2026","passed","Sat Jul 18 06:42:14 UTC 2026","","Go Test","github.com/specterops/bloodhound/cmd/api/src/api/v2/TestResources_GetAssetGroupTagSelectors","TestResources_GetAssetGroupTagSelectors"
"Test cases for TestFloatIsZero","0","TestFloatIsZero","","Sat Jul 18 06:42:20 UTC 2026","passed","Sat Jul 18 06:42:20 UTC 2026","","Go Test","github.com/specterops/bloodhound/cmd/api/src/database/types/null/TestFloatIsZero","TestFloatIsZero"
"","291","should handle click events on apply and cancel","ConfirmUpdateQueryDialog","Sat Jul 18 06:48:47 UTC 2026","passed","Sat Jul 18 06:48:47 UTC 2026","","","",""
"","53","should display a none selected header and a message to select an object when there is no selected node","EntityInfoPanel","Sat Jul 18 06:48:09 UTC 2026","passed","Sat Jul 18 06:48:09 UTC 2026","","","",""
"","283","calls onResetColumnSize when ""Reset Size"" is clicked","ManageColumnsComboBox","Sat Jul 18 06:45:32 UTC 2026","passed","Sat Jul 18 06:45:32 UTC 2026","","","",""
"","56","calls openSAMLProviderDialog when create provider button is clicked","CreateMenu","Sat Jul 18 06:45:43 UTC 2026","passed","Sat Jul 18 06:45:43 UTC 2026","","oidc_support feature flag disabled","",""
"Test cases for Test_filterAndFormatSearchResults_includeOpenGraphNodes","0","Test_filterAndFormatSearchResults_includeOpenGraphNodes","","Sat Jul 18 06:42:14 UTC 2026","passed","Sat Jul 18 06:42:14 UTC 2026","","Go Test","github.com/specterops/bloodhound/cmd/api/src/api/v2/Test_filterAndFormatSearchResults_includeOpenGraphNodes","Test_filterAndFormatSearchResults_includeOpenGraphNodes"
"Test cases for TestSignRequestSuccess","0","TestSignRequestSuccess","","Sat Jul 18 06:42:01 UTC 2026","passed","Sat Jul 18 06:42:01 UTC 2026","","Go Test","github.com/specterops/bloodhound/cmd/api/src/api/TestSignRequestSuccess","TestSignRequestSuccess"
"","1","calls transformToFlatGraphResponse when graphData matches GraphResponse interface","normalizeGraphDataForSigma","Sat Jul 18 06:50:34 UTC 2026","passed","Sat Jul 18 06:50:34 UTC 2026","","","",""
"","209","should display error message when error prop is provided","UpdateUserDialog","Sat Jul 18 06:44:42 UTC 2026","passed","Sat Jul 18 06:44:42 UTC 2026","","","",""
"","0","reports an Object ID-specific error when editing a rule and ruleType is SeedTypeObjectId and seeds are required","handleError","Sat Jul 18 06:44:58 UTC 2026","passed","Sat Jul 18 06:44:58 UTC 2026","","","",""
"Test cases for TestResources_ListADGPOAffectedTierZero","3","TestResources_ListADGPOAffectedTierZero","","Sat Jul 18 06:42:14 UTC 2026","passed","Sat Jul 18 06:42:14 UTC 2026","","Go Test","github.com/specterops/bloodhound/cmd/api/src/api/v2/TestResources_ListADGPOAffectedTierZero","TestResources_ListADGPOAffectedTierZero"
"Test cases for TestToolContainer_GetScheduledAnalysisConfiguration","0","TestToolContainer_GetScheduledAnalysisConfiguration","","Sat Jul 18 06:42:05 UTC 2026","passed","Sat Jul 18 06:42:05 UTC 2026","","Go Test","github.com/specterops/bloodhound/cmd/api/src/api/tools/TestToolContainer_GetScheduledAnalysisConfiguration","TestToolContainer_GetScheduledAnalysisConfiguration"
"","247","passes item props to Header and Content","<DetailsAccordion />","Sat Jul 18 06:45:29 UTC 2026","passed","Sat Jul 18 06:45:29 UTC 2026","","","",""
"Test cases for TestResources_UpdateSavedQuery_AdminPublicQuery_Success","0","TestResources_UpdateSavedQuery_AdminPublicQuery_Success","","Sat Jul 18 06:42:14 UTC 2026","passed","Sat Jul 18 06:42:14 UTC 2026","","Go Test","github.com/specterops/bloodhound/cmd/api/src/api/v2/TestResources_UpdateSavedQuery_AdminPublicQuery_Success","TestResources_UpdateSavedQuery_AdminPublicQuery_Success"
"Test cases for Test_SetNodeProperties","0","Test_SetNodeProperties","","Sat Jul 18 06:42:14 UTC 2026","passed","Sat Jul 18 06:42:14 UTC 2026","","Go Test","github.com/specterops/bloodhound/cmd/api/src/api/v2/Test_SetNodeProperties","Test_SetNodeProperties"
"Test cases for TestIngestControl_DisableIngestFileRetention","20","TestIngestControl_DisableIngestFileRetention","","Sat Jul 18 06:42:05 UTC 2026","passed","Sat Jul 18 06:42:05 UTC 2026","","Go Test","github.com/specterops/bloodhound/cmd/api/src/api/tools/TestIngestControl_DisableIngestFileRetention","TestIngestControl_DisableIngestFileRetention"
"","0","returns undefined if graphData is {} or not a GraphResponse","getExploreTableData","Sat Jul 18 06:46:47 UTC 2026","passed","Sat Jul 18 06:46:47 UTC 2026","","","",""
"","12","sets autoDisplayTable to false if query type is node","useExploreTableAutoDisplay","Sat Jul 18 06:47:52 UTC 2026","passed","Sat Jul 18 06:47:52 UTC 2026","","","",""
"Test cases for TestTracker_ConcurrentHasEdge","0","TestTracker_ConcurrentHasEdge","","Sat Jul 18 06:42:34 UTC 2026","passed","Sat Jul 18 06:42:34 UTC 2026","","Go Test","github.com/specterops/bloodhound/packages/go/analysis/post/TestTracker_ConcurrentHasEdge","TestTracker_ConcurrentHasEdge"
"","54","renders node and relationship rows from the aggregation endpoint","OpenGraphPlatformInfo","Sat Jul 18 06:45:04 UTC 2026","passed","Sat Jul 18 06:45:04 UTC 2026","","","",""
"Test cases for TestConvertAzureVirtualMachineAvereContributorToRels","0","TestConvertAzureVirtualMachineAvereContributorToRels","","Sat Jul 18 06:42:35 UTC 2026","passed","Sat Jul 18 06:42:35 UTC 2026","","Go Test","github.com/specterops/bloodhound/packages/go/ein/TestConvertAzureVirtualMachineAvereContributorToRels","TestConvertAzureVirtualMachineAvereContributorToRels"
"","538","renders the form for creating a new zone","Tag Form","Sat Jul 18 06:43:07 UTC 2026","passed","Sat Jul 18 06:43:08 UTC 2026","","","",""
"Test cases for TestTracker_HasEdge_NilVsEmptyProperties","0","TestTracker_HasEdge_NilVsEmptyProperties","","Sat Jul 18 06:42:34 UTC 2026","passed","Sat Jul 18 06:42:34 UTC 2026","","Go Test","github.com/specterops/bloodhound/packages/go/analysis/post/TestTracker_HasEdge_NilVsEmptyProperties","TestTracker_HasEdge_NilVsEmptyProperties"
"Test cases for TestBOMEncoding","0","TestBOMEncoding","","Sat Jul 18 06:42:35 UTC 2026","passed","Sat Jul 18 06:42:35 UTC 2026","","Go Test","github.com/specterops/bloodhound/packages/go/bomenc/TestBOMEncoding","TestBOMEncoding"
"Test cases for TestGetPlatformAggregateStats_Failure","1","TestGetPlatformAggregateStats_Failure","","Sat Jul 18 06:42:14 UTC 2026","passed","Sat Jul 18 06:42:14 UTC 2026","","Go Test","github.com/specterops/bloodhound/cmd/api/src/api/v2/TestGetPlatformAggregateStats_Failure","TestGetPlatformAggregateStats_Failure"
"","0","returns empty array when search does not match any environment","filterAndSearchEnvironments","Sat Jul 18 06:43:31 UTC 2026","passed","Sat Jul 18 06:43:31 UTC 2026","","search filter","",""
"","186","renders the form for creating a new label","Tag Form","Sat Jul 18 06:43:08 UTC 2026","passed","Sat Jul 18 06:43:08 UTC 2026","","","",""
"Test cases for TestSortParseAndValidate_Errors","0","TestSortParseAndValidate_Errors","","Sat Jul 18 06:42:37 UTC 2026","passed","Sat Jul 18 06:42:37 UTC 2026","","Go Test","github.com/specterops/bloodhound/packages/go/params/TestSortParseAndValidate_Errors","TestSortParseAndValidate_Errors"
"Test cases for TestResources_GetAssetGroupTagHistory","5","TestResources_GetAssetGroupTagHistory","","Sat Jul 18 06:42:14 UTC 2026","passed","Sat Jul 18 06:42:14 UTC 2026","","Go Test","github.com/specterops/bloodhound/cmd/api/src/api/v2/TestResources_GetAssetGroupTagHistory","TestResources_GetAssetGroupTagHistory"
"","208","has the correct value for the links in the breadcrumbs","Create Update pages","Sat Jul 18 06:48:04 UTC 2026","passed","Sat Jul 18 06:48:04 UTC 2026","","","",""
"Test cases for TestSelectGPOContainerCandidateFilter","0","TestSelectGPOContainerCandidateFilter","","Sat Jul 18 06:42:34 UTC 2026","passed","Sat Jul 18 06:42:34 UTC 2026","","Go Test","github.com/specterops/bloodhound/packages/go/analysis/ad/TestSelectGPOContainerCandidateFilter","TestSelectGPOContainerCandidateFilter"
"","1","returns Object ID message when ruleType is SeedTypeObjectId and seeds are required","getErrorMessage","Sat Jul 18 06:44:58 UTC 2026","passed","Sat Jul 18 06:44:58 UTC 2026","","","",""
"Test cases for TestNewRewriter","0","TestNewRewriter","","Sat Jul 18 06:42:22 UTC 2026","passed","Sat Jul 18 06:42:22 UTC 2026","","Go Test","github.com/specterops/bloodhound/cmd/api/src/queries/TestNewRewriter","TestNewRewriter"
"Test cases for TestCreateUser_ETAC","3375","TestCreateUser_ETAC","","Sat Jul 18 06:42:22 UTC 2026","passed","Sat Jul 18 06:42:26 UTC 2026","","Go Test","github.com/specterops/bloodhound/cmd/api/src/api/v2/auth/TestCreateUser_ETAC","TestCreateUser_ETAC"
"","1","calculates skip correctly for pageParam > 1","createHistoryParams","Sat Jul 18 06:48:16 UTC 2026","passed","Sat Jul 18 06:48:16 UTC 2026","","","",""
"TestRegister_RateLimitingReturns429 verifies that the graphdb routes are wiredwith the rate-limiting middleware and that requests exceeding the per-IP limitare rejected with 429 before reaching the handler.Because the rate limiter is registered as the outermost middleware layer(before the permissions check), even unauthenticated requests count againstthe limit and trigger 429 once the budget is exhausted.","3","TestRegister_RateLimitingReturns429","","Sat Jul 18 06:42:52 UTC 2026","passed","Sat Jul 18 06:42:52 UTC 2026","","Go Test","github.com/specterops/bloodhound/server/graphdb/internal/routes/TestRegister_RateLimitingReturns429","TestRegister_RateLimitingReturns429"
"","498","accepts a valid file and allows the user to continue through the upload process","File Upload","Sat Jul 18 06:45:53 UTC 2026","passed","Sat Jul 18 06:45:54 UTC 2026","","","",""
"","70","if a hint is given, it show date placeholder on focus, restores hint on blur","ManagedDatePicker - placeholders","Sat Jul 18 06:46:36 UTC 2026","passed","Sat Jul 18 06:46:36 UTC 2026","","","",""
"","1","filters by moderate risk level","filterAndSearchEnvironments","Sat Jul 18 06:43:31 UTC 2026","passed","Sat Jul 18 06:43:31 UTC 2026","","risk filters","",""
"","86","indicates the code container is scrollable when the code is unwrapped","CodeController","Sat Jul 18 06:48:57 UTC 2026","passed","Sat Jul 18 06:48:57 UTC 2026","","","",""
"","589","shows success notification after successful deletion","ActiveExtensionsCard","Sat Jul 18 06:43:43 UTC 2026","passed","Sat Jul 18 06:43:43 UTC 2026","","","",""
"","2323","should allow user to create new SAML provder and then display it in the table","SSOConfiguration","Sat Jul 18 06:44:50 UTC 2026","passed","Sat Jul 18 06:44:52 UTC 2026","","","",""
"Test cases for TestResources_ListADUserSessions","0","TestResources_ListADUserSessions","","Sat Jul 18 06:42:14 UTC 2026","passed","Sat Jul 18 06:42:14 UTC 2026","","Go Test","github.com/specterops/bloodhound/cmd/api/src/api/v2/TestResources_ListADUserSessions","TestResources_ListADUserSessions"
"","11","when there is no ID in the URL and no tags available, no ID is returned (it is undefined)","usePZQueryParams","Sat Jul 18 06:47:00 UTC 2026","passed","Sat Jul 18 06:47:00 UTC 2026","","","",""
"Test cases for TestLocalStore_Copy","13","TestLocalStore_Copy","","Sat Jul 18 06:42:40 UTC 2026","passed","Sat Jul 18 06:42:40 UTC 2026","","Go Test","github.com/specterops/bloodhound/packages/go/storage/TestLocalStore_Copy","TestLocalStore_Copy"
"Test cases for TestPasswordValidator","0","TestPasswordValidator","","Sat Jul 18 06:42:31 UTC 2026","passed","Sat Jul 18 06:42:31 UTC 2026","","Go Test","github.com/specterops/bloodhound/cmd/api/src/utils/validation/TestPasswordValidator","TestPasswordValidator"
"","312","should render","SSOProviderTable","Sat Jul 18 06:47:36 UTC 2026","passed","Sat Jul 18 06:47:36 UTC 2026","","","",""
"","300","should not display generate/revoke api tokens button","User Actions Menu","Sat Jul 18 06:46:29 UTC 2026","passed","Sat Jul 18 06:46:30 UTC 2026","","Api Keys","",""
"","318","calls onToggleEdgeLabels when click show all edge labels","GraphControls","Sat Jul 18 06:43:37 UTC 2026","passed","Sat Jul 18 06:43:37 UTC 2026","","Toggling labels","",""
"Test cases for TestResources_DeleteAssetGroupSelector","0","TestResources_DeleteAssetGroupSelector","","Sat Jul 18 06:42:14 UTC 2026","passed","Sat Jul 18 06:42:14 UTC 2026","","Go Test","github.com/specterops/bloodhound/cmd/api/src/api/v2/TestResources_DeleteAssetGroupSelector","TestResources_DeleteAssetGroupSelector"
"Test cases for TestWritePaginated","1","TestWritePaginated","","Sat Jul 18 06:42:37 UTC 2026","passed","Sat Jul 18 06:42:37 UTC 2026","","Go Test","github.com/specterops/bloodhound/packages/go/responses/TestWritePaginated","TestWritePaginated"
"","1","keeps the latest regardless of input ordering","getLatestMetricStats","Sat Jul 18 06:45:04 UTC 2026","passed","Sat Jul 18 06:45:04 UTC 2026","","","",""
"Test cases for TestManagementResource_UpdateUser_GetRolesError","1152","TestManagementResource_UpdateUser_GetRolesError","","Sat Jul 18 06:42:29 UTC 2026","passed","Sat Jul 18 06:42:31 UTC 2026","","Go Test","github.com/specterops/bloodhound/cmd/api/src/api/v2/auth/TestManagementResource_UpdateUser_GetRolesError","TestManagementResource_UpdateUser_GetRolesError"
"","129","should fire Confirm once with true","ConfirmationDialog","Sat Jul 18 06:49:06 UTC 2026","passed","Sat Jul 18 06:49:06 UTC 2026","","","",""
"","805","opens the entity information panel for the auto-selected node","GraphView","Sat Jul 18 06:49:51 UTC 2026","passed","Sat Jul 18 06:49:52 UTC 2026","","","",""
"","47","does not render count for a selected zone if prop is not set","DynamicDetails","Sat Jul 18 06:46:00 UTC 2026","passed","Sat Jul 18 06:46:00 UTC 2026","","","",""
"","0","fails for password without special characters","testPassword","Sat Jul 18 06:49:17 UTC 2026","passed","Sat Jul 18 06:49:17 UTC 2026","","","",""
"","14","makes no count request when neither a Tag or Rule is selected (tagId and ruleId are undefined from path params","useObjectCounts","Sat Jul 18 06:48:42 UTC 2026","passed","Sat Jul 18 06:48:42 UTC 2026","","","",""
"Test cases for TestResources_ListAuditLogs_SkipAndOffset","0","TestResources_ListAuditLogs_SkipAndOffset","","Sat Jul 18 06:42:14 UTC 2026","passed","Sat Jul 18 06:42:14 UTC 2026","","Go Test","github.com/specterops/bloodhound/cmd/api/src/api/v2/TestResources_ListAuditLogs_SkipAndOffset","TestResources_ListAuditLogs_SkipAndOffset"
"Test cases for TestStorageFileService_MoveFile","7","TestStorageFileService_MoveFile","","Sat Jul 18 06:42:40 UTC 2026","passed","Sat Jul 18 06:42:40 UTC 2026","","Go Test","github.com/specterops/bloodhound/packages/go/storage/TestStorageFileService_MoveFile","TestStorageFileService_MoveFile"
"Test cases for Test_filterAndFormatSearchResults_filterEnvironmentsEmpty","0","Test_filterAndFormatSearchResults_filterEnvironmentsEmpty","","Sat Jul 18 06:42:14 UTC 2026","passed","Sat Jul 18 06:42:14 UTC 2026","","Go Test","github.com/specterops/bloodhound/cmd/api/src/api/v2/Test_filterAndFormatSearchResults_filterEnvironmentsEmpty","Test_filterAndFormatSearchResults_filterEnvironmentsEmpty"
"Test cases for TestResources_DeleteSavedQuery_IsPublicSavedQueryDBError","1","TestResources_DeleteSavedQuery_IsPublicSavedQueryDBError","","Sat Jul 18 06:42:14 UTC 2026","passed","Sat Jul 18 06:42:14 UTC 2026","","Go Test","github.com/specterops/bloodhound/cmd/api/src/api/v2/TestResources_DeleteSavedQuery_IsPublicSavedQueryDBError","TestResources_DeleteSavedQuery_IsPublicSavedQueryDBError"
"","165","renders Label as first tab and is also the initially selected on first render in Labels View/Tab","Selected Details Tabs","Sat Jul 18 06:46:10 UTC 2026","passed","Sat Jul 18 06:46:10 UTC 2026","","Selected Details Tabs - Params present","",""
"Test cases for TestNewFeatureFlagRequestAdapter","0","TestNewFeatureFlagRequestAdapter","","Sat Jul 18 06:42:47 UTC 2026","passed","Sat Jul 18 06:42:47 UTC 2026","","Go Test","github.com/specterops/bloodhound/server/featureflags/TestNewFeatureFlagRequestAdapter","TestNewFeatureFlagRequestAdapter"
"Test cases for TestIngestJobs_ValidFilters","0","TestIngestJobs_ValidFilters","","Sat Jul 18 06:42:20 UTC 2026","passed","Sat Jul 18 06:42:20 UTC 2026","","Go Test","github.com/specterops/bloodhound/cmd/api/src/model/TestIngestJobs_ValidFilters","TestIngestJobs_ValidFilters"
"","10","returns the remaining amount of labels available for creation","useTagLimits","Sat Jul 18 06:43:58 UTC 2026","passed","Sat Jul 18 06:43:58 UTC 2026","","","",""
"Test cases for TestAnalysisPipelineString","1","TestAnalysisPipelineString","","Sat Jul 18 06:42:33 UTC 2026","passed","Sat Jul 18 06:42:33 UTC 2026","","Go Test","github.com/specterops/bloodhound/packages/go/analysis/TestAnalysisPipelineString","TestAnalysisPipelineString"
"Test cases for TestBoolFrom","0","TestBoolFrom","","Sat Jul 18 06:42:20 UTC 2026","passed","Sat Jul 18 06:42:20 UTC 2026","","Go Test","github.com/specterops/bloodhound/cmd/api/src/database/types/null/TestBoolFrom","TestBoolFrom"
"","101","initializes search tab to the exploreSearchTab on initial render","ExploreSearch sets searchType on tab changing","Sat Jul 18 06:49:59 UTC 2026","passed","Sat Jul 18 06:49:59 UTC 2026","","","",""
"","249","should handle close event","TagToZoneLabelDialog","Sat Jul 18 06:46:48 UTC 2026","passed","Sat Jul 18 06:46:48 UTC 2026","","","",""
"","61","sums the remaining sections when one of the Affected Object calls fails","EntityInfoDataTableGraphed","Sat Jul 18 06:45:52 UTC 2026","passed","Sat Jul 18 06:45:52 UTC 2026","","Node count for nested table that counts all sections","",""
"","653","displays correct content based on platform filter AD","CommonSearches","Sat Jul 18 06:45:36 UTC 2026","passed","Sat Jul 18 06:45:37 UTC 2026","","","",""
"","112","takes the param appendQueryKey and will append that value to the existing queryKey","useAvailableEnvironments","Sat Jul 18 06:46:24 UTC 2026","passed","Sat Jul 18 06:46:24 UTC 2026","","useAvailableEnvironments","",""
"Test cases for TestBoolFromPtr","0","TestBoolFromPtr","","Sat Jul 18 06:42:20 UTC 2026","passed","Sat Jul 18 06:42:20 UTC 2026","","Go Test","github.com/specterops/bloodhound/cmd/api/src/database/types/null/TestBoolFromPtr","TestBoolFromPtr"
"","94","highlights the table option instead of selectedLayout when table is selected on a cypher query","GraphControls","Sat Jul 18 06:43:39 UTC 2026","passed","Sat Jul 18 06:43:39 UTC 2026","","Table view selection state","",""
"","2437","filling in the name value allows updating the rule and navigates back to the details page","Rule Form","Sat Jul 18 06:43:24 UTC 2026","passed","Sat Jul 18 06:43:26 UTC 2026","","","",""
"Test cases for TestSavedQueries_ValidFilters","0","TestSavedQueries_ValidFilters","","Sat Jul 18 06:42:20 UTC 2026","passed","Sat Jul 18 06:42:20 UTC 2026","","Go Test","github.com/specterops/bloodhound/cmd/api/src/model/TestSavedQueries_ValidFilters","TestSavedQueries_ValidFilters"
"","2","runs a node search when the query param is set to ""node""","useExploreGraph","Sat Jul 18 06:44:56 UTC 2026","passed","Sat Jul 18 06:44:56 UTC 2026","","exploreGraphQueryFactory","",""
"Test cases for TestStorageFileService_WriteTempFile","7","TestStorageFileService_WriteTempFile","","Sat Jul 18 06:42:40 UTC 2026","passed","Sat Jul 18 06:42:40 UTC 2026","","Go Test","github.com/specterops/bloodhound/packages/go/storage/TestStorageFileService_WriteTempFile","TestStorageFileService_WriteTempFile"
"Test cases for TestTimeEqual","0","TestTimeEqual","","Sat Jul 18 06:42:20 UTC 2026","passed","Sat Jul 18 06:42:20 UTC 2026","","Go Test","github.com/specterops/bloodhound/cmd/api/src/database/types/null/TestTimeEqual","TestTimeEqual"
"","91","should on clicking collapse all remove expandedPanelSections param from url and set isObjectInfoPanelOpen in context to false","EntityInfoHeader","Sat Jul 18 06:47:18 UTC 2026","passed","Sat Jul 18 06:47:18 UTC 2026","","","",""
"","287","does not render an edit form for the selected asset group when a user does not have graph write permissions","GroupManagement","Sat Jul 18 06:50:16 UTC 2026","passed","Sat Jul 18 06:50:17 UTC 2026","","","",""
"","39","displays a status label","StatusIndicator","Sat Jul 18 06:49:10 UTC 2026","passed","Sat Jul 18 06:49:10 UTC 2026","","","",""
"","69","returns the full environment for the environmentid passed","useAvailableEnvironments","Sat Jul 18 06:46:24 UTC 2026","passed","Sat Jul 18 06:46:24 UTC 2026","","useSelectedEnvironment","",""
"","298","closes","ListItemActionMenu","Sat Jul 18 06:47:31 UTC 2026","passed","Sat Jul 18 06:47:31 UTC 2026","","","",""
"Test cases for TestNewAuditLog_BadAuthContext","0","TestNewAuditLog_BadAuthContext","","Sat Jul 18 06:42:20 UTC 2026","passed","Sat Jul 18 06:42:20 UTC 2026","","Go Test","github.com/specterops/bloodhound/cmd/api/src/database/TestNewAuditLog_BadAuthContext","TestNewAuditLog_BadAuthContext"
"","1435","renders","Privilege Zones History Filter Dialog","Sat Jul 18 06:46:17 UTC 2026","passed","Sat Jul 18 06:46:18 UTC 2026","","","",""
"Test cases for TestService_GetRelationship","4","TestService_GetRelationship","","Sat Jul 18 06:42:52 UTC 2026","passed","Sat Jul 18 06:42:52 UTC 2026","","Go Test","github.com/specterops/bloodhound/server/graphdb/internal/services/TestService_GetRelationship","TestService_GetRelationship"
"Test cases for TestIngestionCoordinator_FlushBuffer","1","TestIngestionCoordinator_FlushBuffer","","Sat Jul 18 06:42:16 UTC 2026","passed","Sat Jul 18 06:42:16 UTC 2026","","Go Test","github.com/specterops/bloodhound/cmd/api/src/daemons/changelog/TestIngestionCoordinator_FlushBuffer","TestIngestionCoordinator_FlushBuffer"
"","128","buttons are disabled while loading","PasswordResetForm","Sat Jul 18 06:46:30 UTC 2026","passed","Sat Jul 18 06:46:31 UTC 2026","","","",""
"","111","renders delete buttons for each extension","ActiveExtensionsCard","Sat Jul 18 06:43:38 UTC 2026","passed","Sat Jul 18 06:43:38 UTC 2026","","","",""
"Test cases for TestResources_ListAssetGroupMembers","0","TestResources_ListAssetGroupMembers","","Sat Jul 18 06:42:14 UTC 2026","passed","Sat Jul 18 06:42:14 UTC 2026","","Go Test","github.com/specterops/bloodhound/cmd/api/src/api/v2/TestResources_ListAssetGroupMembers","TestResources_ListAssetGroupMembers"
"","1","Fetching the data timed out","Getting the text for the disabled item display for a search when there are no results","Sat Jul 18 06:48:04 UTC 2026","passed","Sat Jul 18 06:48:04 UTC 2026","","Error states","",""
"","5258","subcategory with duplicate name does not show indeterminate when all its children are unchecked","Pathfinding","Sat Jul 18 06:44:49 UTC 2026","passed","Sat Jul 18 06:44:55 UTC 2026","","","",""
"","304","clears selected item when pathfinding search returns results","GraphView","Sat Jul 18 06:49:52 UTC 2026","passed","Sat Jul 18 06:49:52 UTC 2026","","","",""
"Test cases for TestIngestibleRelationshipsToUpdates_ObjectIDCasing","0","TestIngestibleRelationshipsToUpdates_ObjectIDCasing","","Sat Jul 18 06:42:27 UTC 2026","passed","Sat Jul 18 06:42:27 UTC 2026","","Go Test","github.com/specterops/bloodhound/cmd/api/src/services/graphify/TestIngestibleRelationshipsToUpdates_ObjectIDCasing","TestIngestibleRelationshipsToUpdates_ObjectIDCasing"
"Test cases for Test_AuthMiddleware","0","Test_AuthMiddleware","","Sat Jul 18 06:42:04 UTC 2026","passed","Sat Jul 18 06:42:04 UTC 2026","","Go Test","github.com/specterops/bloodhound/cmd/api/src/api/middleware/Test_AuthMiddleware","Test_AuthMiddleware"
"","114","displays an error message","GraphView","Sat Jul 18 06:49:47 UTC 2026","passed","Sat Jul 18 06:49:47 UTC 2026","","","",""
"Test cases for TestResources_ListAuditLogs_OnlyOffset","0","TestResources_ListAuditLogs_OnlyOffset","","Sat Jul 18 06:42:14 UTC 2026","passed","Sat Jul 18 06:42:14 UTC 2026","","Go Test","github.com/specterops/bloodhound/cmd/api/src/api/v2/TestResources_ListAuditLogs_OnlyOffset","TestResources_ListAuditLogs_OnlyOffset"
"Test cases for TestResources_DownloadCollectorChecksumByVersion","1","TestResources_DownloadCollectorChecksumByVersion","","Sat Jul 18 06:42:14 UTC 2026","passed","Sat Jul 18 06:42:14 UTC 2026","","Go Test","github.com/specterops/bloodhound/cmd/api/src/api/v2/TestResources_DownloadCollectorChecksumByVersion","TestResources_DownloadCollectorChecksumByVersion"
"Test cases for TestGetChainedDomains_IgnoresForestHosting","0","TestGetChainedDomains_IgnoresForestHosting","","Sat Jul 18 06:42:34 UTC 2026","passed","Sat Jul 18 06:42:34 UTC 2026","","Go Test","github.com/specterops/bloodhound/packages/go/analysis/ad/TestGetChainedDomains_IgnoresForestHosting","TestGetChainedDomains_IgnoresForestHosting"
"","410","does fires TagToLabelDialog when the Label option is clicked","TagToZoneLabel","Sat Jul 18 06:43:30 UTC 2026","passed","Sat Jul 18 06:43:30 UTC 2026","","","",""
"Test cases for TestRRuleValidator","0","TestRRuleValidator","","Sat Jul 18 06:42:31 UTC 2026","passed","Sat Jul 18 06:42:31 UTC 2026","","Go Test","github.com/specterops/bloodhound/cmd/api/src/utils/validation/TestRRuleValidator","TestRRuleValidator"
"","97","initializes the list with all filters checked by default","usePathfindingFilters","Sat Jul 18 06:48:32 UTC 2026","passed","Sat Jul 18 06:48:32 UTC 2026","","","",""
"","1","returns a function that takes a key found in updatedParams and updates the searchParams with that matching value from updatedParams","searchParams","Sat Jul 18 06:47:29 UTC 2026","passed","Sat Jul 18 06:47:29 UTC 2026","","setSingleParamFactory","",""
"Test cases for TestManagementResource_GetUser","19731","TestManagementResource_GetUser","","Sat Jul 18 06:42:36 UTC 2026","passed","Sat Jul 18 06:42:55 UTC 2026","","Go Test","github.com/specterops/bloodhound/cmd/api/src/api/v2/auth/TestManagementResource_GetUser","TestManagementResource_GetUser"
"Test cases for TestResources_PatchDomain","1","TestResources_PatchDomain","","Sat Jul 18 06:42:14 UTC 2026","passed","Sat Jul 18 06:42:14 UTC 2026","","Go Test","github.com/specterops/bloodhound/cmd/api/src/api/v2/TestResources_PatchDomain","TestResources_PatchDomain"
"","48","calls onDataError and renders nothing when the request fails","OpenGraphInfo","Sat Jul 18 06:45:04 UTC 2026","passed","Sat Jul 18 06:45:04 UTC 2026","","","",""
"","1","floors DateTime objects to the nearest minute","floorToNearestMinute","Sat Jul 18 06:48:23 UTC 2026","passed","Sat Jul 18 06:48:23 UTC 2026","","","",""
"","118","renders a filter button","FileIngestFilterDialog","Sat Jul 18 06:45:07 UTC 2026","passed","Sat Jul 18 06:45:08 UTC 2026","","","",""
"","71","button is disabled when note is falsy","NoteCell component","Sat Jul 18 06:47:42 UTC 2026","passed","Sat Jul 18 06:47:42 UTC 2026","","","",""
"Test cases for TestParseOptionalLimitQueryParameter","77","TestParseOptionalLimitQueryParameter","","Sat Jul 18 06:42:14 UTC 2026","passed","Sat Jul 18 06:42:14 UTC 2026","","Go Test","github.com/specterops/bloodhound/cmd/api/src/api/v2/TestParseOptionalLimitQueryParameter","TestParseOptionalLimitQueryParameter"
"","532","renders the form for creating a new rule","Rule Form","Sat Jul 18 06:43:19 UTC 2026","passed","Sat Jul 18 06:43:19 UTC 2026","","","",""
"Test cases for TestResources_DeleteSavedQuery_NotPublicQueryAndUserIsAdmin","0","TestResources_DeleteSavedQuery_NotPublicQueryAndUserIsAdmin","","Sat Jul 18 06:42:14 UTC 2026","passed","Sat Jul 18 06:42:14 UTC 2026","","Go Test","github.com/specterops/bloodhound/cmd/api/src/api/v2/TestResources_DeleteSavedQuery_NotPublicQueryAndUserIsAdmin","TestResources_DeleteSavedQuery_NotPublicQueryAndUserIsAdmin"
"Test cases for TestAuth_CreateSSOSession","3","TestAuth_CreateSSOSession","","Sat Jul 18 06:42:14 UTC 2026","passed","Sat Jul 18 06:42:14 UTC 2026","","Go Test","github.com/specterops/bloodhound/cmd/api/src/api/v2/auth/TestAuth_CreateSSOSession","TestAuth_CreateSSOSession"
"","2","removes the key when null is passed to the setter","useLocalStorage","Sat Jul 18 06:46:02 UTC 2026","passed","Sat Jul 18 06:46:02 UTC 2026","","setValue","",""
"","309","renders an error message without throwing a TypeError","EntityInfoCollapsibleSection","Sat Jul 18 06:48:37 UTC 2026","passed","Sat Jul 18 06:48:38 UTC 2026","","","",""
"","48","hides items when the flag is disabled","useSubNavRoutes","Sat Jul 18 06:46:22 UTC 2026","passed","Sat Jul 18 06:46:23 UTC 2026","","featureFlag gate","",""
"","770","should not call onSubmit when expired password matches current password when reset password button clicked","PasswordResetForm","Sat Jul 18 06:46:30 UTC 2026","passed","Sat Jul 18 06:46:30 UTC 2026","","","",""
"","2","stores a boolean value in localStorage","useLocalStorage","Sat Jul 18 06:46:02 UTC 2026","passed","Sat Jul 18 06:46:02 UTC 2026","","setValue","",""
"Test cases for TestLocalStore_PathSafety","9","TestLocalStore_PathSafety","","Sat Jul 18 06:42:40 UTC 2026","passed","Sat Jul 18 06:42:40 UTC 2026","","Go Test","github.com/specterops/bloodhound/packages/go/storage/TestLocalStore_PathSafety","TestLocalStore_PathSafety"
"Test cases for TestResources_GetAssetGroupSelectorMemberCountsByKind","3","TestResources_GetAssetGroupSelectorMemberCountsByKind","","Sat Jul 18 06:42:14 UTC 2026","passed","Sat Jul 18 06:42:14 UTC 2026","","Go Test","github.com/specterops/bloodhound/cmd/api/src/api/v2/TestResources_GetAssetGroupSelectorMemberCountsByKind","TestResources_GetAssetGroupSelectorMemberCountsByKind"
"","66","when there is no ID in the URL the highest position tag ID is returned","usePZQueryParams","Sat Jul 18 06:47:00 UTC 2026","passed","Sat Jul 18 06:47:00 UTC 2026","","","",""
"Test cases for TestMarshalFloatText","0","TestMarshalFloatText","","Sat Jul 18 06:42:20 UTC 2026","passed","Sat Jul 18 06:42:20 UTC 2026","","Go Test","github.com/specterops/bloodhound/cmd/api/src/database/types/null/TestMarshalFloatText","TestMarshalFloatText"
"","859","should call onSubmit with email address and password when login button clicked","LoginForm","Sat Jul 18 06:48:26 UTC 2026","passed","Sat Jul 18 06:48:27 UTC 2026","","","",""
"Test cases for TestFillAndPopulateDefaultAdminInfo","0","TestFillAndPopulateDefaultAdminInfo","","Sat Jul 18 06:42:15 UTC 2026","passed","Sat Jul 18 06:42:15 UTC 2026","","Go Test","github.com/specterops/bloodhound/cmd/api/src/bootstrap/TestFillAndPopulateDefaultAdminInfo","TestFillAndPopulateDefaultAdminInfo"
"TestRegister_RoutesRequireAuthentication dispatches real requests through the wiredrouter to verify that the registered routes are guarded by authentication middleware.The handlers themselves trust the middleware to enforce this contract; if the routewireup ever loses RequirePermissions/RequireAuth, this test will fail.","3","TestRegister_RoutesRequireAuthentication","","Sat Jul 18 06:42:49 UTC 2026","passed","Sat Jul 18 06:42:49 UTC 2026","","Go Test","github.com/specterops/bloodhound/server/featureflags/internal/routes/TestRegister_RoutesRequireAuthentication","TestRegister_RoutesRequireAuthentication"
"Test cases for TestGetPageParamsForGraphQuery","0","TestGetPageParamsForGraphQuery","","Sat Jul 18 06:42:29 UTC 2026","passed","Sat Jul 18 06:42:29 UTC 2026","","Go Test","github.com/specterops/bloodhound/cmd/api/src/utils/TestGetPageParamsForGraphQuery","TestGetPageParamsForGraphQuery"
"Test cases for TestParsePreferHeaderWait","1","TestParsePreferHeaderWait","","Sat Jul 18 06:42:04 UTC 2026","passed","Sat Jul 18 06:42:04 UTC 2026","","Go Test","github.com/specterops/bloodhound/cmd/api/src/api/middleware/TestParsePreferHeaderWait","TestParsePreferHeaderWait"
"","0","returns disabled config when any required param is falsey","useExploreGraph","Sat Jul 18 06:44:56 UTC 2026","passed","Sat Jul 18 06:44:56 UTC 2026","relationship search queries","exploreGraphQueryFactory","",""
"","790","renders a primary button as expected","DropdownSelector","Sat Jul 18 06:47:44 UTC 2026","passed","Sat Jul 18 06:47:44 UTC 2026","","","",""
"","157","disables items via itemDisabled and hides the chevron icon visually","<DetailsAccordion />","Sat Jul 18 06:45:29 UTC 2026","passed","Sat Jul 18 06:45:30 UTC 2026","","","",""
"Test cases for TestBuildErrorResponseConflict","0","TestBuildErrorResponseConflict","","Sat Jul 18 06:42:01 UTC 2026","passed","Sat Jul 18 06:42:01 UTC 2026","","Go Test","github.com/specterops/bloodhound/cmd/api/src/api/TestBuildErrorResponseConflict","TestBuildErrorResponseConflict"
"","293","should display filter dropwdowns","CommonSearches","Sat Jul 18 06:45:34 UTC 2026","passed","Sat Jul 18 06:45:34 UTC 2026","","","",""
"","257","a name value is required to submit the form","Rule Form","Sat Jul 18 06:43:23 UTC 2026","passed","Sat Jul 18 06:43:24 UTC 2026","","","",""
"","13","returns the OpenGraph environmentInfo when environmentAggregation param is not a known type","useAvailableEnvironments","Sat Jul 18 06:46:25 UTC 2026","passed","Sat Jul 18 06:46:25 UTC 2026","","useSelectedEnvironment","",""
"","14","renders an error fallback when flag is not found","FeatureFlag","Sat Jul 18 06:48:02 UTC 2026","passed","Sat Jul 18 06:48:02 UTC 2026","","","",""
"Test cases for TestManagementResource_ListAuthTokens_PredicateMismatchWithColumn","0","TestManagementResource_ListAuthTokens_PredicateMismatchWithColumn","","Sat Jul 18 06:42:44 UTC 2026","passed","Sat Jul 18 06:42:44 UTC 2026","","Go Test","github.com/specterops/bloodhound/cmd/api/src/api/v2/auth/TestManagementResource_ListAuthTokens_PredicateMismatchWithColumn","TestManagementResource_ListAuthTokens_PredicateMismatchWithColumn"
"","308","Trying to view the edge info does not crash the app when selecting an unrecognized edge","EdgeInfoContent","Sat Jul 18 06:43:50 UTC 2026","passed","Sat Jul 18 06:43:51 UTC 2026","","","",""
"","394","calls handleError with ruleType when creating a rule fails","Rule Form","Sat Jul 18 06:43:34 UTC 2026","passed","Sat Jul 18 06:43:34 UTC 2026","","","",""
"","0","does not abbreviate numbers < 1000","numberFormatting","Sat Jul 18 06:46:44 UTC 2026","passed","Sat Jul 18 06:46:44 UTC 2026","","","",""
"Test cases for TestResources_ListPublishedToCAs","0","TestResources_ListPublishedToCAs","","Sat Jul 18 06:42:14 UTC 2026","passed","Sat Jul 18 06:42:14 UTC 2026","","Go Test","github.com/specterops/bloodhound/cmd/api/src/api/v2/TestResources_ListPublishedToCAs","TestResources_ListPublishedToCAs"
"","550","should reject passwords where only a space is used as the special character","CreateUserForm","Sat Jul 18 06:43:54 UTC 2026","passed","Sat Jul 18 06:43:54 UTC 2026","","","",""
"Test cases for TestDatabase_checkError_OtherError","0","TestDatabase_checkError_OtherError","","Sat Jul 18 06:42:20 UTC 2026","passed","Sat Jul 18 06:42:20 UTC 2026","","Go Test","github.com/specterops/bloodhound/cmd/api/src/database/TestDatabase_checkError_OtherError","TestDatabase_checkError_OtherError"
"","278","handles creating a new label","Tag Form","Sat Jul 18 06:43:10 UTC 2026","passed","Sat Jul 18 06:43:11 UTC 2026","","","",""
"Test cases for TestResources_ImportSavedQuery","4","TestResources_ImportSavedQuery","","Sat Jul 18 06:42:14 UTC 2026","passed","Sat Jul 18 06:42:14 UTC 2026","","Go Test","github.com/specterops/bloodhound/cmd/api/src/api/v2/TestResources_ImportSavedQuery","TestResources_ImportSavedQuery"
"","437","should render","LoginViaSSOForm","Sat Jul 18 06:47:22 UTC 2026","passed","Sat Jul 18 06:47:23 UTC 2026","","","",""
"","2954","hides the password field and removes the requirement when logged in with SSO","Users","Sat Jul 18 06:45:17 UTC 2026","passed","Sat Jul 18 06:45:20 UTC 2026","","","",""
"Test cases for TestInt64From","0","TestInt64From","","Sat Jul 18 06:42:20 UTC 2026","passed","Sat Jul 18 06:42:20 UTC 2026","","Go Test","github.com/specterops/bloodhound/cmd/api/src/database/types/null/TestInt64From","TestInt64From"
"","9","should not render when data is present","NoDataDialog","Sat Jul 18 06:49:18 UTC 2026","passed","Sat Jul 18 06:49:18 UTC 2026","","","",""
"","149","Disable Analyze Now and change to Analyzing if datapipe status is different from ""idle""","AnalyzeNowConfiguration","Sat Jul 18 06:46:01 UTC 2026","passed","Sat Jul 18 06:46:01 UTC 2026","","","",""
"","11","shows items when all required permissions are granted","useSubNavRoutes","Sat Jul 18 06:46:23 UTC 2026","passed","Sat Jul 18 06:46:23 UTC 2026","","permissions gate","",""
"Test cases for TestAddOwnerRoleIDs","0","TestAddOwnerRoleIDs","","Sat Jul 18 06:42:34 UTC 2026","passed","Sat Jul 18 06:42:34 UTC 2026","","Go Test","github.com/specterops/bloodhound/packages/go/analysis/azure/TestAddOwnerRoleIDs","TestAddOwnerRoleIDs"
"","176","Verify Vault Reader count is the count returned by All Readers","EntityInfoDataTable","Sat Jul 18 06:45:10 UTC 2026","passed","Sat Jul 18 06:45:10 UTC 2026","","Node count for Vault Readers nested table","",""
"Test cases for TestConvertDomainToNode_DomainInvalidProperties","4","TestConvertDomainToNode_DomainInvalidProperties","","Sat Jul 18 06:42:35 UTC 2026","passed","Sat Jul 18 06:42:35 UTC 2026","","Go Test","github.com/specterops/bloodhound/packages/go/ein/TestConvertDomainToNode_DomainInvalidProperties","TestConvertDomainToNode_DomainInvalidProperties"
"","0","returns Cypher message when ruleType is SeedTypeCypher and seeds are required","getErrorMessage","Sat Jul 18 06:44:58 UTC 2026","passed","Sat Jul 18 06:44:58 UTC 2026","","","",""
"Test cases for TestGenericClone","0","TestGenericClone","","Sat Jul 18 06:42:29 UTC 2026","passed","Sat Jul 18 06:42:29 UTC 2026","","Go Test","github.com/specterops/bloodhound/cmd/api/src/utils/TestGenericClone","TestGenericClone"
"","112","displays the value from filterParams.node_type","AssetGroupEdit","Sat Jul 18 06:45:36 UTC 2026","passed","Sat Jul 18 06:45:36 UTC 2026","","Node Type dropdown filter","",""
"","176","links to the specified route with global params intact","AppLink","Sat Jul 18 06:47:09 UTC 2026","passed","Sat Jul 18 06:47:09 UTC 2026","","","",""
"Test cases for TestSavedQueries_GetValidFilterPredicatesAsStrings","0","TestSavedQueries_GetValidFilterPredicatesAsStrings","","Sat Jul 18 06:42:20 UTC 2026","passed","Sat Jul 18 06:42:20 UTC 2026","","Go Test","github.com/specterops/bloodhound/cmd/api/src/model/TestSavedQueries_GetValidFilterPredicatesAsStrings","TestSavedQueries_GetValidFilterPredicatesAsStrings"
"Test cases for TestTextUnmarshalFloat","0","TestTextUnmarshalFloat","","Sat Jul 18 06:42:20 UTC 2026","passed","Sat Jul 18 06:42:20 UTC 2026","","Go Test","github.com/specterops/bloodhound/cmd/api/src/database/types/null/TestTextUnmarshalFloat","TestTextUnmarshalFloat"
"Test cases for TestResources_DeleteSavedQuery_RecordNotFound_EdgeCase","6","TestResources_DeleteSavedQuery_RecordNotFound_EdgeCase","","Sat Jul 18 06:42:14 UTC 2026","passed","Sat Jul 18 06:42:14 UTC 2026","","Go Test","github.com/specterops/bloodhound/cmd/api/src/api/v2/TestResources_DeleteSavedQuery_RecordNotFound_EdgeCase","TestResources_DeleteSavedQuery_RecordNotFound_EdgeCase"
"Test cases for TestFileServiceResolver_Resolve","1","TestFileServiceResolver_Resolve","","Sat Jul 18 06:42:28 UTC 2026","passed","Sat Jul 18 06:42:28 UTC 2026","","Go Test","github.com/specterops/bloodhound/cmd/api/src/services/storage/TestFileServiceResolver_Resolve","TestFileServiceResolver_Resolve"
"","1043","should hide Environmental Targeted Access Control panel when showEnvironmentAccessControls prop is true and power user role is selected","UpdateUserForm","Sat Jul 18 06:43:21 UTC 2026","passed","Sat Jul 18 06:43:22 UTC 2026","","","",""
"Test cases for TestMergedFS_ReadDir","0","TestMergedFS_ReadDir","","Sat Jul 18 06:42:20 UTC 2026","passed","Sat Jul 18 06:42:20 UTC 2026","","Go Test","github.com/specterops/bloodhound/cmd/api/src/database/migration/TestMergedFS_ReadDir","TestMergedFS_ReadDir"
"","0","returns false if value is 'string'","searchParams","Sat Jul 18 06:47:29 UTC 2026","passed","Sat Jul 18 06:47:29 UTC 2026","","isEmptyParam","",""
"","95","initializes search tab to node search if the exploreSearchTab is not a supported tab name on first render","ExploreSearch sets searchType on tab changing","Sat Jul 18 06:49:59 UTC 2026","passed","Sat Jul 18 06:49:59 UTC 2026","","","",""
"Test cases for TestResources_ListADDomainOutboundTrusts","0","TestResources_ListADDomainOutboundTrusts","","Sat Jul 18 06:42:14 UTC 2026","passed","Sat Jul 18 06:42:14 UTC 2026","","Go Test","github.com/specterops/bloodhound/cmd/api/src/api/v2/TestResources_ListADDomainOutboundTrusts","TestResources_ListADDomainOutboundTrusts"
"","8","does not put assertive messages in the polite region","AnnouncementProvider","Sat Jul 18 06:46:45 UTC 2026","passed","Sat Jul 18 06:46:45 UTC 2026","","","",""
"","29","does not set input text if no value is given","ManagedDatePicker - value","Sat Jul 18 06:46:36 UTC 2026","passed","Sat Jul 18 06:46:36 UTC 2026","","","",""
"Test cases for TestGC_Name","0","TestGC_Name","","Sat Jul 18 06:42:18 UTC 2026","passed","Sat Jul 18 06:42:18 UTC 2026","","Go Test","github.com/specterops/bloodhound/cmd/api/src/daemons/gc/TestGC_Name","TestGC_Name"
"","1335","shows a warning for using labels associated with tags in zone forms","Rule Form","Sat Jul 18 06:43:27 UTC 2026","passed","Sat Jul 18 06:43:28 UTC 2026","","","",""
"Test cases for TestSpoolToScratch","3","TestSpoolToScratch","","Sat Jul 18 06:42:27 UTC 2026","passed","Sat Jul 18 06:42:27 UTC 2026","","Go Test","github.com/specterops/bloodhound/cmd/api/src/services/graphify/TestSpoolToScratch","TestSpoolToScratch"
"Test cases for TestCache_Reset","0","TestCache_Reset","","Sat Jul 18 06:42:35 UTC 2026","passed","Sat Jul 18 06:42:35 UTC 2026","","Go Test","github.com/specterops/bloodhound/packages/go/cache/TestCache_Reset","TestCache_Reset"
"","676","adds node to asset group tag with confirmation","AssetGroupMenuItem","Sat Jul 18 06:45:46 UTC 2026","passed","Sat Jul 18 06:45:47 UTC 2026","","","",""
"","704","displays current password error messages when current password is empty","PasswordDialog","Sat Jul 18 06:44:04 UTC 2026","passed","Sat Jul 18 06:44:05 UTC 2026","","","",""
"Test cases for Test_ConvertAzureRoleManagementPolicyAssignment","0","Test_ConvertAzureRoleManagementPolicyAssignment","","Sat Jul 18 06:42:35 UTC 2026","passed","Sat Jul 18 06:42:35 UTC 2026","","Go Test","github.com/specterops/bloodhound/packages/go/ein/Test_ConvertAzureRoleManagementPolicyAssignment","Test_ConvertAzureRoleManagementPolicyAssignment"
"","775","lists all available node kinds as options to filter by","AssetGroupEdit","Sat Jul 18 06:45:36 UTC 2026","passed","Sat Jul 18 06:45:37 UTC 2026","","Node Type dropdown filter","",""
"","14","navigates to the specified route with global params intact when triggered by a splat route","AppNavigate","Sat Jul 18 06:47:49 UTC 2026","passed","Sat Jul 18 06:47:49 UTC 2026","","","",""
"Test cases for FuzzFoldr","0","FuzzFoldr","","Sat Jul 18 06:42:38 UTC 2026","passed","Sat Jul 18 06:42:38 UTC 2026","","Go Test","github.com/specterops/bloodhound/packages/go/slicesext/FuzzFoldr","FuzzFoldr"
"","10","hides items while permissions are loading","useSubNavRoutes","Sat Jul 18 06:46:23 UTC 2026","passed","Sat Jul 18 06:46:23 UTC 2026","","permissions gate","",""
"","1088","should render many sections with many navigation items","SubNav","Sat Jul 18 06:47:47 UTC 2026","passed","Sat Jul 18 06:47:48 UTC 2026","","","",""
"","409","renders the Import Query Dialog","ImportQueryDialog","Sat Jul 18 06:49:08 UTC 2026","passed","Sat Jul 18 06:49:08 UTC 2026","","","",""
"","13","does not return when zone limit is not reached","useTagLimits","Sat Jul 18 06:43:58 UTC 2026","passed","Sat Jul 18 06:43:58 UTC 2026","","","",""
"","155","should display the ""My Profile"" title","UserProfile","Sat Jul 18 06:45:54 UTC 2026","passed","Sat Jul 18 06:45:54 UTC 2026","","","",""
"","382","shows all extensions when search is cleared","ActiveExtensionsCard","Sat Jul 18 06:43:39 UTC 2026","passed","Sat Jul 18 06:43:39 UTC 2026","","","",""
"Test cases for TestConvertOUToNode_InheritanceHashes","0","TestConvertOUToNode_InheritanceHashes","","Sat Jul 18 06:42:35 UTC 2026","passed","Sat Jul 18 06:42:35 UTC 2026","","Go Test","github.com/specterops/bloodhound/packages/go/ein/TestConvertOUToNode_InheritanceHashes","TestConvertOUToNode_InheritanceHashes"
"","437","on clicking switch shows modal and when clicking cancel closes it and switch stays disabled","CitrixRDPConfiguration","Sat Jul 18 06:45:43 UTC 2026","passed","Sat Jul 18 06:45:43 UTC 2026","","Click on switch to enable","",""
"","71","sorts by node_kind_id as tertiary key when position and title are equal","KindInfoItems","Sat Jul 18 06:46:05 UTC 2026","passed","Sat Jul 18 06:46:05 UTC 2026","","","",""
"Test cases for TestGetScheme","0","TestGetScheme","","Sat Jul 18 06:42:04 UTC 2026","passed","Sat Jul 18 06:42:04 UTC 2026","","Go Test","github.com/specterops/bloodhound/cmd/api/src/api/middleware/TestGetScheme","TestGetScheme"
"","204","respects openIndex (default opened panel)","<DetailsAccordion />","Sat Jul 18 06:45:30 UTC 2026","passed","Sat Jul 18 06:45:30 UTC 2026","","","",""
"","238","a null response from the server is handled","ExploreSearchCombobox with null response","Sat Jul 18 06:45:40 UTC 2026","passed","Sat Jul 18 06:45:40 UTC 2026","","","",""
"","939","open and closes dialog with confirm button after user inputs required text","Tag Form","Sat Jul 18 06:43:12 UTC 2026","passed","Sat Jul 18 06:43:13 UTC 2026","","","",""
"","119","collapses an open item when its header is clicked again","<DetailsAccordion />","Sat Jul 18 06:45:30 UTC 2026","passed","Sat Jul 18 06:45:30 UTC 2026","","","",""
"Test cases for TestFileServiceResolver_CopiesServices","1","TestFileServiceResolver_CopiesServices","","Sat Jul 18 06:42:28 UTC 2026","passed","Sat Jul 18 06:42:28 UTC 2026","","Go Test","github.com/specterops/bloodhound/cmd/api/src/services/storage/TestFileServiceResolver_CopiesServices","TestFileServiceResolver_CopiesServices"
"","17","upon performing a search, updates the url params with the base64-encoded current query and sets searchType to 'cypher'","useCypherSearch","Sat Jul 18 06:48:46 UTC 2026","passed","Sat Jul 18 06:48:46 UTC 2026","","","",""
"","13","displays CaretUp icon when the sortOrder is asc","ColumnHeaders","Sat Jul 18 06:46:36 UTC 2026","passed","Sat Jul 18 06:46:36 UTC 2026","","SortableHeader","",""
"","5","returns undefined for headers when db config timeout limit setting is disabled and state of is disable query limit is false","useExploreGraph","Sat Jul 18 06:44:56 UTC 2026","passed","Sat Jul 18 06:44:56 UTC 2026","userSettings","exploreGraphQueryFactory","",""
"Test cases for TestBuildSQLFilter","0","TestBuildSQLFilter","","Sat Jul 18 06:42:20 UTC 2026","passed","Sat Jul 18 06:42:20 UTC 2026","","Go Test","github.com/specterops/bloodhound/cmd/api/src/model/TestBuildSQLFilter","TestBuildSQLFilter"
"","175","renders enabled Zone tab and disabled Rule and Object tabs","Selected Details Tabs","Sat Jul 18 06:46:10 UTC 2026","passed","Sat Jul 18 06:46:10 UTC 2026","","Selected Details Tabs - Params present","",""
"Test cases for TestRewriter_Enter_UpdatingClauseSetsHasMutation","0","TestRewriter_Enter_UpdatingClauseSetsHasMutation","","Sat Jul 18 06:42:22 UTC 2026","passed","Sat Jul 18 06:42:22 UTC 2026","","Go Test","github.com/specterops/bloodhound/cmd/api/src/queries/TestRewriter_Enter_UpdatingClauseSetsHasMutation","TestRewriter_Enter_UpdatingClauseSetsHasMutation"
"Test cases for TestNewPipelineStepsAreRunnable","0","TestNewPipelineStepsAreRunnable","","Sat Jul 18 06:42:33 UTC 2026","passed","Sat Jul 18 06:42:33 UTC 2026","","Go Test","github.com/specterops/bloodhound/packages/go/analysis/TestNewPipelineStepsAreRunnable","TestNewPipelineStepsAreRunnable"
"","89","renders citrix config controls","BloodHoundConfiguration","Sat Jul 18 06:50:41 UTC 2026","passed","Sat Jul 18 06:50:41 UTC 2026","","","",""
"","2","receives the current stored value as the previous state","useLocalStorage","Sat Jul 18 06:46:02 UTC 2026","passed","Sat Jul 18 06:46:02 UTC 2026","","functional updater","",""
"Test cases for TestAssetGroupMembers_Filter_NotEquals","0","TestAssetGroupMembers_Filter_NotEquals","","Sat Jul 18 06:42:01 UTC 2026","passed","Sat Jul 18 06:42:01 UTC 2026","","Go Test","github.com/specterops/bloodhound/cmd/api/src/api/TestAssetGroupMembers_Filter_NotEquals","TestAssetGroupMembers_Filter_NotEquals"
"","55","shows the direct object list and expanded object list empty, when only direct objects in results","Seed Selection Results","Sat Jul 18 06:45:25 UTC 2026","passed","Sat Jul 18 06:45:25 UTC 2026","","","",""
"Test cases for TestSelfDestructingTempFile","0","TestSelfDestructingTempFile","","Sat Jul 18 06:42:01 UTC 2026","passed","Sat Jul 18 06:42:01 UTC 2026","","Go Test","github.com/specterops/bloodhound/cmd/api/src/api/TestSelfDestructingTempFile","TestSelfDestructingTempFile"
"","480","clear validation error on input","ManagedDatePicker - date validation","Sat Jul 18 06:46:36 UTC 2026","passed","Sat Jul 18 06:46:36 UTC 2026","","","",""
"Test cases for TestSetValuesFromEnv","1","TestSetValuesFromEnv","","Sat Jul 18 06:42:15 UTC 2026","passed","Sat Jul 18 06:42:15 UTC 2026","","Go Test","github.com/specterops/bloodhound/cmd/api/src/config/TestSetValuesFromEnv","TestSetValuesFromEnv"
"","148","should display a ""Reset Password"" button","UserProfile","Sat Jul 18 06:45:55 UTC 2026","passed","Sat Jul 18 06:45:55 UTC 2026","","","",""
"","113","calls onSort when clicked with a tooltip","ColumnHeaders","Sat Jul 18 06:46:37 UTC 2026","passed","Sat Jul 18 06:46:37 UTC 2026","","SortableHeader with Tooltip","",""
"","70","applies the given filters","useFinishedJobs","Sat Jul 18 06:46:15 UTC 2026","passed","Sat Jul 18 06:46:15 UTC 2026","","","",""
"Test cases for TestParseLimitQueryParameter","0","TestParseLimitQueryParameter","","Sat Jul 18 06:42:14 UTC 2026","passed","Sat Jul 18 06:42:14 UTC 2026","","Go Test","github.com/specterops/bloodhound/cmd/api/src/api/v2/TestParseLimitQueryParameter","TestParseLimitQueryParameter"
"Test cases for TestTypes_Scan_InvalidInput","0","TestTypes_Scan_InvalidInput","","Sat Jul 18 06:42:20 UTC 2026","passed","Sat Jul 18 06:42:20 UTC 2026","","Go Test","github.com/specterops/bloodhound/cmd/api/src/database/types/TestTypes_Scan_InvalidInput","TestTypes_Scan_InvalidInput"
"","396","does fires TagToZoneDialog when the Zone option is clicked","TagToZoneLabel","Sat Jul 18 06:43:29 UTC 2026","passed","Sat Jul 18 06:43:30 UTC 2026","","","",""
"Test cases for TestResources_ListADOUContainedGroups","0","TestResources_ListADOUContainedGroups","","Sat Jul 18 06:42:14 UTC 2026","passed","Sat Jul 18 06:42:14 UTC 2026","","Go Test","github.com/specterops/bloodhound/cmd/api/src/api/v2/TestResources_ListADOUContainedGroups","TestResources_ListADOUContainedGroups"
"Test cases for TestAssetGroupMembers_Filter_Equals","0","TestAssetGroupMembers_Filter_Equals","","Sat Jul 18 06:42:01 UTC 2026","passed","Sat Jul 18 06:42:01 UTC 2026","","Go Test","github.com/specterops/bloodhound/cmd/api/src/api/TestAssetGroupMembers_Filter_Equals","TestAssetGroupMembers_Filter_Equals"
"Test cases for TestDefineSID","0","TestDefineSID","","Sat Jul 18 06:42:34 UTC 2026","passed","Sat Jul 18 06:42:34 UTC 2026","","Go Test","github.com/specterops/bloodhound/packages/go/analysis/ad/wellknown/TestDefineSID","TestDefineSID"
"","1","reports an API error when Cypher is not run first","handleError","Sat Jul 18 06:44:58 UTC 2026","passed","Sat Jul 18 06:44:58 UTC 2026","","","",""
"","554","toggles parent from none to all","GraphDataCheckboxes","Sat Jul 18 06:44:40 UTC 2026","passed","Sat Jul 18 06:44:40 UTC 2026","","","",""
"Test cases for TestTimeExactEqual","0","TestTimeExactEqual","","Sat Jul 18 06:42:20 UTC 2026","passed","Sat Jul 18 06:42:20 UTC 2026","","Go Test","github.com/specterops/bloodhound/cmd/api/src/database/types/null/TestTimeExactEqual","TestTimeExactEqual"
"","2","should include all operations when the tag matches the term","opsFilter","Sat Jul 18 06:48:05 UTC 2026","passed","Sat Jul 18 06:48:05 UTC 2026","","","",""
"Test cases for TestInt64IsZero","0","TestInt64IsZero","","Sat Jul 18 06:42:20 UTC 2026","passed","Sat Jul 18 06:42:20 UTC 2026","","Go Test","github.com/specterops/bloodhound/cmd/api/src/database/types/null/TestInt64IsZero","TestInt64IsZero"
"Test cases for TestResources_CreateAssetGroupTagSelector","0","TestResources_CreateAssetGroupTagSelector","","Sat Jul 18 06:42:14 UTC 2026","passed","Sat Jul 18 06:42:14 UTC 2026","","Go Test","github.com/specterops/bloodhound/cmd/api/src/api/v2/TestResources_CreateAssetGroupTagSelector","TestResources_CreateAssetGroupTagSelector"
"Test cases for TestResources_CreateSavedQuery_DuplicateName","0","TestResources_CreateSavedQuery_DuplicateName","","Sat Jul 18 06:42:14 UTC 2026","passed","Sat Jul 18 06:42:14 UTC 2026","","Go Test","github.com/specterops/bloodhound/cmd/api/src/api/v2/TestResources_CreateSavedQuery_DuplicateName","TestResources_CreateSavedQuery_DuplicateName"
"Test cases for TestCacheEntryDigester_DigestEndpoint_DefaultObjectID","0","TestCacheEntryDigester_DigestEndpoint_DefaultObjectID","","Sat Jul 18 06:42:27 UTC 2026","passed","Sat Jul 18 06:42:27 UTC 2026","","Go Test","github.com/specterops/bloodhound/cmd/api/src/services/graphify/endpoint/TestCacheEntryDigester_DigestEndpoint_DefaultObjectID","TestCacheEntryDigester_DigestEndpoint_DefaultObjectID"
"Test cases for TestParseVersion","0","TestParseVersion","","Sat Jul 18 06:42:32 UTC 2026","passed","Sat Jul 18 06:42:32 UTC 2026","","Go Test","github.com/specterops/bloodhound/cmd/api/src/version/TestParseVersion","TestParseVersion"
"","115","calls getAssetGroupTags for topTagId","DetailsRoot","Sat Jul 18 06:49:26 UTC 2026","passed","Sat Jul 18 06:49:26 UTC 2026","","","",""
"","121","enables returning a list of tags","the useAssetGroupTags utilities","Sat Jul 18 06:45:24 UTC 2026","passed","Sat Jul 18 06:45:24 UTC 2026","","","",""
"Test cases for TestHandlers_CancelAnalysisRequest","0","TestHandlers_CancelAnalysisRequest","","Sat Jul 18 06:42:43 UTC 2026","passed","Sat Jul 18 06:42:43 UTC 2026","","Go Test","github.com/specterops/bloodhound/server/analysis/internal/handlers/TestHandlers_CancelAnalysisRequest","TestHandlers_CancelAnalysisRequest"
"","14","does not call onSort when disable=true","ColumnHeaders","Sat Jul 18 06:46:36 UTC 2026","passed","Sat Jul 18 06:46:36 UTC 2026","","SortableHeader","",""
"","69","enables pulling an ordered list of tags by position ascending","the useAssetGroupTags utilities","Sat Jul 18 06:45:24 UTC 2026","passed","Sat Jul 18 06:45:24 UTC 2026","","","",""
"Test cases for TestHeaderMatches","0","TestHeaderMatches","","Sat Jul 18 06:42:29 UTC 2026","passed","Sat Jul 18 06:42:29 UTC 2026","","Go Test","github.com/specterops/bloodhound/cmd/api/src/utils/TestHeaderMatches","TestHeaderMatches"
"Test cases for TestStore_GetEnvironmentTargetedAccessControlForUser","1","TestStore_GetEnvironmentTargetedAccessControlForUser","","Sat Jul 18 06:42:44 UTC 2026","passed","Sat Jul 18 06:42:44 UTC 2026","","Go Test","github.com/specterops/bloodhound/server/etac/internal/appdb/TestStore_GetEnvironmentTargetedAccessControlForUser","TestStore_GetEnvironmentTargetedAccessControlForUser"
"","2","stores a number value in localStorage","useLocalStorage","Sat Jul 18 06:46:02 UTC 2026","passed","Sat Jul 18 06:46:02 UTC 2026","","setValue","",""
"Test cases for TestWriteBinaryResponse","0","TestWriteBinaryResponse","","Sat Jul 18 06:42:01 UTC 2026","passed","Sat Jul 18 06:42:01 UTC 2026","","Go Test","github.com/specterops/bloodhound/cmd/api/src/api/TestWriteBinaryResponse","TestWriteBinaryResponse"
"","107","should display an error when error prop is truthy","SaveQueryDialog","Sat Jul 18 06:43:10 UTC 2026","passed","Sat Jul 18 06:43:10 UTC 2026","","","",""
"","1","splits mixed node and relationship stats","getLatestMetricStats","Sat Jul 18 06:45:04 UTC 2026","passed","Sat Jul 18 06:45:04 UTC 2026","","","",""
"Test cases for TestWriteErrorResponse_V2","0","TestWriteErrorResponse_V2","","Sat Jul 18 06:42:01 UTC 2026","passed","Sat Jul 18 06:42:01 UTC 2026","","Go Test","github.com/specterops/bloodhound/cmd/api/src/api/TestWriteErrorResponse_V2","TestWriteErrorResponse_V2"
"","0","Will treat what is to the left of the first colon as a search filter if it matches an existing kind","parseKeywordAndTypeValue","Sat Jul 18 06:49:03 UTC 2026","passed","Sat Jul 18 06:49:03 UTC 2026","","","",""
"Test cases for TestRewriter_Enter_AllAttackPathsShortcut_TakesPrecedenceOverOtherShortcuts","0","TestRewriter_Enter_AllAttackPathsShortcut_TakesPrecedenceOverOtherShortcuts","","Sat Jul 18 06:42:22 UTC 2026","passed","Sat Jul 18 06:42:22 UTC 2026","","Go Test","github.com/specterops/bloodhound/cmd/api/src/queries/TestRewriter_Enter_AllAttackPathsShortcut_TakesPrecedenceOverOtherShortcuts","TestRewriter_Enter_AllAttackPathsShortcut_TakesPrecedenceOverOtherShortcuts"
"","292","The API key management option should appear in profile page if the user is configured for SAML login","UserProfile with SSO User","Sat Jul 18 06:45:54 UTC 2026","passed","Sat Jul 18 06:45:54 UTC 2026","","","",""
"","391","auto-selects when a search result has a matching objectId","GraphView","Sat Jul 18 06:49:50 UTC 2026","passed","Sat Jul 18 06:49:51 UTC 2026","","","",""
"","55","renders null when items is undefined","KindInfoItems","Sat Jul 18 06:46:04 UTC 2026","passed","Sat Jul 18 06:46:04 UTC 2026","","","",""
"Test cases for TestFoldr","0","TestFoldr","","Sat Jul 18 06:42:38 UTC 2026","passed","Sat Jul 18 06:42:38 UTC 2026","","Go Test","github.com/specterops/bloodhound/packages/go/slicesext/TestFoldr","TestFoldr"
"","268","allows a user to upload a single file and displays its name in the dialog","SchemaUploadDialog","Sat Jul 18 06:44:50 UTC 2026","passed","Sat Jul 18 06:44:50 UTC 2026","","","",""
"Test cases for TestChangeCache","2","TestChangeCache","","Sat Jul 18 06:42:16 UTC 2026","passed","Sat Jul 18 06:42:16 UTC 2026","","Go Test","github.com/specterops/bloodhound/cmd/api/src/daemons/changelog/TestChangeCache","TestChangeCache"
"","1090","should call onSave when Save button is clicked and form input is valid","UpdateUserDialog","Sat Jul 18 06:44:38 UTC 2026","passed","Sat Jul 18 06:44:39 UTC 2026","","","",""
"","10","returns undefined query state when itemId is undefined","useGraphItem","Sat Jul 18 06:46:09 UTC 2026","passed","Sat Jul 18 06:46:09 UTC 2026","","","",""
"","11","displays lastlogontimestamp cell as NEVER when the value is -1","ExploreTableDataCell","Sat Jul 18 06:48:26 UTC 2026","passed","Sat Jul 18 06:48:26 UTC 2026","","","",""
"Test cases for TestUnmarshalString","0","TestUnmarshalString","","Sat Jul 18 06:42:20 UTC 2026","passed","Sat Jul 18 06:42:20 UTC 2026","","Go Test","github.com/specterops/bloodhound/cmd/api/src/database/types/null/TestUnmarshalString","TestUnmarshalString"
"","88","renders multiple items with test-ids","KindInfoItems","Sat Jul 18 06:46:05 UTC 2026","passed","Sat Jul 18 06:46:05 UTC 2026","","","",""
"","29","returns numbers as strings","numberFormatting","Sat Jul 18 06:46:44 UTC 2026","passed","Sat Jul 18 06:46:44 UTC 2026","","","",""
"","70","fails checks if the user does not have a matching permission","usePermissions","Sat Jul 18 06:45:48 UTC 2026","passed","Sat Jul 18 06:45:48 UTC 2026","","","",""
"Test cases for TestArgon2Digest_String","0","TestArgon2Digest_String","","Sat Jul 18 06:42:35 UTC 2026","passed","Sat Jul 18 06:42:35 UTC 2026","","Go Test","github.com/specterops/bloodhound/packages/go/crypto/TestArgon2Digest_String","TestArgon2Digest_String"
"Test cases for TestNewAuditLog","1","TestNewAuditLog","","Sat Jul 18 06:42:20 UTC 2026","passed","Sat Jul 18 06:42:20 UTC 2026","","Go Test","github.com/specterops/bloodhound/cmd/api/src/database/TestNewAuditLog","TestNewAuditLog"
"Test cases for TestRegister_PanicsOnNilRouter","0","TestRegister_PanicsOnNilRouter","","Sat Jul 18 06:42:52 UTC 2026","passed","Sat Jul 18 06:42:52 UTC 2026","","Go Test","github.com/specterops/bloodhound/server/modules/TestRegister_PanicsOnNilRouter","TestRegister_PanicsOnNilRouter"
"","13","does not show tooltip text by default","ColumnHeaders","Sat Jul 18 06:46:36 UTC 2026","passed","Sat Jul 18 06:46:36 UTC 2026","","SortableHeader with Tooltip","",""
"Test cases for TestDomainSelectors_GetFilterCriteria_InvalidFilterPredicate","0","TestDomainSelectors_GetFilterCriteria_InvalidFilterPredicate","","Sat Jul 18 06:42:20 UTC 2026","passed","Sat Jul 18 06:42:20 UTC 2026","","Go Test","github.com/specterops/bloodhound/cmd/api/src/model/TestDomainSelectors_GetFilterCriteria_InvalidFilterPredicate","TestDomainSelectors_GetFilterCriteria_InvalidFilterPredicate"
"Test cases for TestUnmarshalInt64OverflowToInt64","0","TestUnmarshalInt64OverflowToInt64","","Sat Jul 18 06:42:20 UTC 2026","passed","Sat Jul 18 06:42:20 UTC 2026","","Go Test","github.com/specterops/bloodhound/cmd/api/src/database/types/null/TestUnmarshalInt64OverflowToInt64","TestUnmarshalInt64OverflowToInt64"
"","3","should return null if the edge key does not have enough information","getEdgeDataFromKey","Sat Jul 18 06:50:36 UTC 2026","passed","Sat Jul 18 06:50:36 UTC 2026","","","",""
"","0","leaves double quotes untouched","escapeCypherString","Sat Jul 18 06:49:11 UTC 2026","passed","Sat Jul 18 06:49:11 UTC 2026","","","",""
"","17","renders nothing if flag is enabled and enabled prop is not provided","FeatureFlag","Sat Jul 18 06:48:02 UTC 2026","passed","Sat Jul 18 06:48:02 UTC 2026","","","",""
"","2598","should render search input","Pathfinding","Sat Jul 18 06:43:44 UTC 2026","passed","Sat Jul 18 06:43:47 UTC 2026","","","",""
"","154","should call onCancel when cancel button clicked","LoginViaSSOForm","Sat Jul 18 06:47:24 UTC 2026","passed","Sat Jul 18 06:47:24 UTC 2026","","","",""
"","3955","should close the edge filtering dialog when user clicks cancel button","EdgeFilter","Sat Jul 18 06:46:31 UTC 2026","passed","Sat Jul 18 06:46:35 UTC 2026","","","",""
"","16","should render a Field when the provided value is -0","Field","Sat Jul 18 06:48:33 UTC 2026","passed","Sat Jul 18 06:48:33 UTC 2026","","","",""
"Test cases for TestNormalizeEinNodeProperties","0","TestNormalizeEinNodeProperties","","Sat Jul 18 06:42:27 UTC 2026","passed","Sat Jul 18 06:42:27 UTC 2026","","Go Test","github.com/specterops/bloodhound/cmd/api/src/services/graphify/TestNormalizeEinNodeProperties","TestNormalizeEinNodeProperties"
"","119","requests finished jobs","useFinishedJobs","Sat Jul 18 06:46:15 UTC 2026","passed","Sat Jul 18 06:46:15 UTC 2026","","","",""
"Test cases for TestUpdateAssetGroupRequest_AuditData","0","TestUpdateAssetGroupRequest_AuditData","","Sat Jul 18 06:42:14 UTC 2026","passed","Sat Jul 18 06:42:14 UTC 2026","","Go Test","github.com/specterops/bloodhound/cmd/api/src/api/v2/TestUpdateAssetGroupRequest_AuditData","TestUpdateAssetGroupRequest_AuditData"
"","4","handles ISO 8601 formatted date strings and converts it into our standard date display format","Formatting string properties","Sat Jul 18 06:45:27 UTC 2026","passed","Sat Jul 18 06:45:27 UTC 2026","","","",""
"Test cases for TestFilter","0","TestFilter","","Sat Jul 18 06:42:38 UTC 2026","passed","Sat Jul 18 06:42:38 UTC 2026","","Go Test","github.com/specterops/bloodhound/packages/go/slicesext/TestFilter","TestFilter"
"Test cases for TestParseSkipQueryParameter_BadFormat","0","TestParseSkipQueryParameter_BadFormat","","Sat Jul 18 06:42:14 UTC 2026","passed","Sat Jul 18 06:42:14 UTC 2026","","Go Test","github.com/specterops/bloodhound/cmd/api/src/api/v2/TestParseSkipQueryParameter_BadFormat","TestParseSkipQueryParameter_BadFormat"
"Test cases for TestTimeIsZero","0","TestTimeIsZero","","Sat Jul 18 06:42:20 UTC 2026","passed","Sat Jul 18 06:42:20 UTC 2026","","Go Test","github.com/specterops/bloodhound/cmd/api/src/database/types/null/TestTimeIsZero","TestTimeIsZero"
"","4297","checking a single edge type updates its parent and grandparent","Pathfinding","Sat Jul 18 06:44:16 UTC 2026","passed","Sat Jul 18 06:44:20 UTC 2026","","","",""
"","146","passes check if the user has a required permission","usePermissions","Sat Jul 18 06:45:48 UTC 2026","passed","Sat Jul 18 06:45:48 UTC 2026","","","",""
"","3","should recognize azure properties","validating a node property against the shared generated schema","Sat Jul 18 06:45:27 UTC 2026","passed","Sat Jul 18 06:45:27 UTC 2026","","","",""
"","149","highlights selectedLayout rather than the table option when searchType is not cypher","GraphControls","Sat Jul 18 06:43:40 UTC 2026","passed","Sat Jul 18 06:43:40 UTC 2026","","Table view selection state","",""
"Test cases for TestWriteAndValidateJSON_NormalizationError","5","TestWriteAndValidateJSON_NormalizationError","","Sat Jul 18 06:42:28 UTC 2026","passed","Sat Jul 18 06:42:28 UTC 2026","","Go Test","github.com/specterops/bloodhound/cmd/api/src/services/upload/TestWriteAndValidateJSON_NormalizationError","TestWriteAndValidateJSON_NormalizationError"
"","316","sets secondarySearch=id and searchType=node when primarySearch is falsey","ContextMenu","Sat Jul 18 06:45:18 UTC 2026","passed","Sat Jul 18 06:45:18 UTC 2026","","","",""
"Test cases for TestLocalStore_Get","12","TestLocalStore_Get","","Sat Jul 18 06:42:40 UTC 2026","passed","Sat Jul 18 06:42:40 UTC 2026","","Go Test","github.com/specterops/bloodhound/packages/go/storage/TestLocalStore_Get","TestLocalStore_Get"
"","322","should render the pathfinding search controls when searchType is pathfinding","ExploreSearch rendering per tab","Sat Jul 18 06:49:56 UTC 2026","passed","Sat Jul 18 06:49:56 UTC 2026","","","",""
"","15","returns active-directory environmentInfo when environmentAggregation param is active-directory","useAvailableEnvironments","Sat Jul 18 06:46:25 UTC 2026","passed","Sat Jul 18 06:46:25 UTC 2026","","useSelectedEnvironment","",""
"Test cases for TestResources_ListADGPOAffectedContainers","1","TestResources_ListADGPOAffectedContainers","","Sat Jul 18 06:42:14 UTC 2026","passed","Sat Jul 18 06:42:14 UTC 2026","","Go Test","github.com/specterops/bloodhound/cmd/api/src/api/v2/TestResources_ListADGPOAffectedContainers","TestResources_ListADGPOAffectedContainers"
"","307","should disable Cancel and Save buttons while isLoading is true","UpdateUserDialog","Sat Jul 18 06:44:42 UTC 2026","passed","Sat Jul 18 06:44:42 UTC 2026","","","",""
"","0","should hide/expand search widget when user clicks minus/plus button","ExploreSearch rendering per tab","Sat Jul 18 06:50:42 UTC 2026","unknown","Sat Jul 18 06:50:42 UTC 2026","","","",""
"","90","should display the ""User Information"" header","UserProfile","Sat Jul 18 06:45:54 UTC 2026","passed","Sat Jul 18 06:45:54 UTC 2026","","","",""
"Test cases for TestManagementResource_PutUserAuthSecret","5578","TestManagementResource_PutUserAuthSecret","","Sat Jul 18 06:42:14 UTC 2026","passed","Sat Jul 18 06:42:20 UTC 2026","","Go Test","github.com/specterops/bloodhound/cmd/api/src/api/v2/auth/TestManagementResource_PutUserAuthSecret","TestManagementResource_PutUserAuthSecret"
"","0","combines platform and collected filters","filterAndSearchEnvironments","Sat Jul 18 06:43:31 UTC 2026","passed","Sat Jul 18 06:43:31 UTC 2026","","combined filters","",""
"Test cases for TestOpenGraphSchemaService_GetEnvironmentKindsAndSchemaEnvironmentData","0","TestOpenGraphSchemaService_GetEnvironmentKindsAndSchemaEnvironmentData","","Sat Jul 18 06:42:27 UTC 2026","passed","Sat Jul 18 06:42:27 UTC 2026","","Go Test","github.com/specterops/bloodhound/cmd/api/src/services/opengraphschema/TestOpenGraphSchemaService_GetEnvironmentKindsAndSchemaEnvironmentData","TestOpenGraphSchemaService_GetEnvironmentKindsAndSchemaEnvironmentData"
"Test cases for TestResources_ExportSavedQueries","15","TestResources_ExportSavedQueries","","Sat Jul 18 06:42:14 UTC 2026","passed","Sat Jul 18 06:42:14 UTC 2026","","Go Test","github.com/specterops/bloodhound/cmd/api/src/api/v2/TestResources_ExportSavedQueries","TestResources_ExportSavedQueries"
"","3603","The password reset dialog is opened when switching a user from SAML based authentication to username/password based authentication","Users","Sat Jul 18 06:45:01 UTC 2026","passed","Sat Jul 18 06:45:05 UTC 2026","","","",""
"","3","shows the collection methods for the given job","toCollected","Sat Jul 18 06:48:47 UTC 2026","passed","Sat Jul 18 06:48:47 UTC 2026","","","",""
"","24","the queries in the list only include nodes and edges that are defined in our schema","common search list","Sat Jul 18 06:48:48 UTC 2026","passed","Sat Jul 18 06:48:48 UTC 2026","","","",""
"Test cases for TestInt64FromPtr","0","TestInt64FromPtr","","Sat Jul 18 06:42:20 UTC 2026","passed","Sat Jul 18 06:42:20 UTC 2026","","Go Test","github.com/specterops/bloodhound/cmd/api/src/database/types/null/TestInt64FromPtr","TestInt64FromPtr"
"Test cases for TestResources_ListAssetGroups","2","TestResources_ListAssetGroups","","Sat Jul 18 06:42:14 UTC 2026","passed","Sat Jul 18 06:42:14 UTC 2026","","Go Test","github.com/specterops/bloodhound/cmd/api/src/api/v2/TestResources_ListAssetGroups","TestResources_ListAssetGroups"
"","0","passes ruleType through optionalParams with empty object","handleError","Sat Jul 18 06:44:58 UTC 2026","passed","Sat Jul 18 06:44:58 UTC 2026","","","",""
"","1","returns empty sets when highlightedItem is null","SigmaChart Utils","Sat Jul 18 06:50:20 UTC 2026","passed","Sat Jul 18 06:50:20 UTC 2026","","getFullPathHighlightedEntities","",""
"","5","returns default empty labels and relationshipTypes when called with no arguments","graphSchema","Sat Jul 18 06:48:37 UTC 2026","passed","Sat Jul 18 06:48:37 UTC 2026","","","",""
"","406","displays 0 when a given sections returns empty, and sums the rest of the sections correctly","EntityInfoDataTableGraphed","Sat Jul 18 06:45:52 UTC 2026","passed","Sat Jul 18 06:45:53 UTC 2026","","Node count for nested table that counts all sections","",""
"","134","should render all of the options as checkboxes","Checkbox group","Sat Jul 18 06:48:56 UTC 2026","passed","Sat Jul 18 06:48:56 UTC 2026","","","",""
"TestMigrator_GenerateManifest tests the full integrity of a Manifest generatedfrom 3 different Source's:1) Correct number of total migrations detected.2) Correct number of versions detected.3) The VersionTable has all versions, in order.4) All versions have the correct number of migrations.5) Schema files generate v0.0.0 migrations.6) Migrations are ordered within each version, in the order the Source was defined.","0","TestMigrator_GenerateManifest","","Sat Jul 18 06:42:20 UTC 2026","passed","Sat Jul 18 06:42:20 UTC 2026","","Go Test","github.com/specterops/bloodhound/cmd/api/src/database/migration/TestMigrator_GenerateManifest","TestMigrator_GenerateManifest"
"","119","shows the Automatic Certification label and the certification dropdown with its full description","BasicInfo","Sat Jul 18 06:46:21 UTC 2026","passed","Sat Jul 18 06:46:21 UTC 2026","","when isCertificationDisabledOnZoneLevel is true","",""
"","0","An unknown error occurred when fetching the data","Getting the text for the disabled item display for a search when there are no results","Sat Jul 18 06:48:04 UTC 2026","passed","Sat Jul 18 06:48:04 UTC 2026","","Error states","",""
"","3335","should render expand all and collapse all buttons","Pathfinding","Sat Jul 18 06:43:47 UTC 2026","passed","Sat Jul 18 06:43:50 UTC 2026","","","",""
"","0","returns undefined if paramValue is not an expected value","useExploreParams","Sat Jul 18 06:49:26 UTC 2026","passed","Sat Jul 18 06:49:26 UTC 2026","","parseSearchType","",""
"Test cases for TestError","0","TestError","","Sat Jul 18 06:42:01 UTC 2026","passed","Sat Jul 18 06:42:01 UTC 2026","","Go Test","github.com/specterops/bloodhound/cmd/api/src/api/TestError","TestError"
"","307","should not render list items for domains that are not collected","Context Selector","Sat Jul 18 06:45:00 UTC 2026","passed","Sat Jul 18 06:45:01 UTC 2026","","","",""
"Test cases for TestAuthExtensions","5","TestAuthExtensions","","Sat Jul 18 06:42:01 UTC 2026","passed","Sat Jul 18 06:42:01 UTC 2026","","Go Test","github.com/specterops/bloodhound/cmd/api/src/api/TestAuthExtensions","TestAuthExtensions"
"Test cases for TestWriteResponseWrapperWithTimeWindowAndPagination","0","TestWriteResponseWrapperWithTimeWindowAndPagination","","Sat Jul 18 06:42:01 UTC 2026","passed","Sat Jul 18 06:42:01 UTC 2026","","Go Test","github.com/specterops/bloodhound/cmd/api/src/api/TestWriteResponseWrapperWithTimeWindowAndPagination","TestWriteResponseWrapperWithTimeWindowAndPagination"
"Test cases for TestConvertAzureManagementGroupContributorToRels","0","TestConvertAzureManagementGroupContributorToRels","","Sat Jul 18 06:42:35 UTC 2026","passed","Sat Jul 18 06:42:35 UTC 2026","","Go Test","github.com/specterops/bloodhound/packages/go/ein/TestConvertAzureManagementGroupContributorToRels","TestConvertAzureManagementGroupContributorToRels"
"","112","should render a button with the passed in display text","GraphButton","Sat Jul 18 06:49:24 UTC 2026","passed","Sat Jul 18 06:49:24 UTC 2026","","","",""
"Test cases for TestDisenrollMFA_Success","1051","TestDisenrollMFA_Success","","Sat Jul 18 06:42:47 UTC 2026","passed","Sat Jul 18 06:42:48 UTC 2026","","Go Test","github.com/specterops/bloodhound/cmd/api/src/api/v2/auth/TestDisenrollMFA_Success","TestDisenrollMFA_Success"
"","758","should open save dialog on keyboard press alt+S","CypherSearch","Sat Jul 18 06:44:10 UTC 2026","passed","Sat Jul 18 06:44:10 UTC 2026","","","",""
"Test cases for TestResources_GetSearchResult_ETAC","37","TestResources_GetSearchResult_ETAC","","Sat Jul 18 06:42:14 UTC 2026","passed","Sat Jul 18 06:42:14 UTC 2026","","Go Test","github.com/specterops/bloodhound/cmd/api/src/api/v2/TestResources_GetSearchResult_ETAC","TestResources_GetSearchResult_ETAC"
"Test cases for TestManagementResource_DeleteSAMLProvider","0","TestManagementResource_DeleteSAMLProvider","","Sat Jul 18 06:42:20 UTC 2026","passed","Sat Jul 18 06:42:20 UTC 2026","","Go Test","github.com/specterops/bloodhound/cmd/api/src/api/v2/auth/TestManagementResource_DeleteSAMLProvider","TestManagementResource_DeleteSAMLProvider"
"","389","sets a primarySearch=id and searchType=node when secondarySearch is falsey","ContextMenu","Sat Jul 18 06:45:17 UTC 2026","passed","Sat Jul 18 06:45:17 UTC 2026","","","",""
"","150","should not display a badge when role based filtering is false","EntityInfoPanel","Sat Jul 18 06:48:09 UTC 2026","passed","Sat Jul 18 06:48:09 UTC 2026","","","",""
"","2","stores an array value in localStorage","useLocalStorage","Sat Jul 18 06:46:02 UTC 2026","passed","Sat Jul 18 06:46:02 UTC 2026","","setValue","",""
"","121","renders error message on error","ObjectCountPanel","Sat Jul 18 06:48:32 UTC 2026","passed","Sat Jul 18 06:48:32 UTC 2026","","","",""
"","1","adds email filter if madeBy contains ""@""","createHistoryParams","Sat Jul 18 06:48:16 UTC 2026","passed","Sat Jul 18 06:48:16 UTC 2026","","","",""
"Test cases for TestResources_ListADGroupSessions","0","TestResources_ListADGroupSessions","","Sat Jul 18 06:42:14 UTC 2026","passed","Sat Jul 18 06:42:14 UTC 2026","","Go Test","github.com/specterops/bloodhound/cmd/api/src/api/v2/TestResources_ListADGroupSessions","TestResources_ListADGroupSessions"
"","36","generates a human-friendly default filename for graph exports","exportGraphData","Sat Jul 18 06:48:29 UTC 2026","passed","Sat Jul 18 06:48:29 UTC 2026","","","",""
"","7","returns all collected environment ids associated to a given aggregation","getEnvironmentAggregationIds","Sat Jul 18 06:43:31 UTC 2026","passed","Sat Jul 18 06:43:31 UTC 2026","","","",""
"Test cases for TestDurationValidator","0","TestDurationValidator","","Sat Jul 18 06:42:31 UTC 2026","passed","Sat Jul 18 06:42:31 UTC 2026","","Go Test","github.com/specterops/bloodhound/cmd/api/src/utils/validation/TestDurationValidator","TestDurationValidator"
"Test cases for TestInt64Scan","0","TestInt64Scan","","Sat Jul 18 06:42:20 UTC 2026","passed","Sat Jul 18 06:42:20 UTC 2026","","Go Test","github.com/specterops/bloodhound/cmd/api/src/database/types/null/TestInt64Scan","TestInt64Scan"
"Test cases for TestManagementResource_ListRoles_PredicateMismatchWithColumn","0","TestManagementResource_ListRoles_PredicateMismatchWithColumn","","Sat Jul 18 06:42:20 UTC 2026","passed","Sat Jul 18 06:42:20 UTC 2026","","Go Test","github.com/specterops/bloodhound/cmd/api/src/api/v2/auth/TestManagementResource_ListRoles_PredicateMismatchWithColumn","TestManagementResource_ListRoles_PredicateMismatchWithColumn"
"","37","renders custom icon correctly","NodeIcon","Sat Jul 18 06:48:28 UTC 2026","passed","Sat Jul 18 06:48:28 UTC 2026","","","",""
"","64","returns the full environment of the environmentId found in the search params","useAvailableEnvironments","Sat Jul 18 06:46:24 UTC 2026","passed","Sat Jul 18 06:46:25 UTC 2026","","useSelectedEnvironment","",""
"Test cases for TestResources_SearchAssetGroupTags","5","TestResources_SearchAssetGroupTags","","Sat Jul 18 06:42:14 UTC 2026","passed","Sat Jul 18 06:42:14 UTC 2026","","Go Test","github.com/specterops/bloodhound/cmd/api/src/api/v2/TestResources_SearchAssetGroupTags","TestResources_SearchAssetGroupTags"
"","1","returns the edge and both of its endpoint nodes","SigmaChart Utils","Sat Jul 18 06:50:20 UTC 2026","passed","Sat Jul 18 06:50:20 UTC 2026","when an edge is selected","getFullPathHighlightedEntities","",""
"","596","should not allow leading or trailing empty spaces","CreateUserForm","Sat Jul 18 06:43:48 UTC 2026","passed","Sat Jul 18 06:43:48 UTC 2026","","","",""
"","0","falls back to the default Cypher message when ruleType is undefined and seeds are required","handleError","Sat Jul 18 06:44:58 UTC 2026","passed","Sat Jul 18 06:44:58 UTC 2026","","","",""
"","718","opens and closes the filter","FileIngestFilterDialog","Sat Jul 18 06:45:08 UTC 2026","passed","Sat Jul 18 06:45:08 UTC 2026","","","",""
"","395","displays an autofocused text input","SearchCurrentNodes","Sat Jul 18 06:46:59 UTC 2026","passed","Sat Jul 18 06:46:59 UTC 2026","","","",""
"","152","shows formatted expiration date (yyyy-MM-dd) when expires_at is set","UserTokenManagementDialog - API Expiration Date column","Sat Jul 18 06:45:25 UTC 2026","passed","Sat Jul 18 06:45:25 UTC 2026","","","",""
"","0","fails for password shorter than 12 characters","testPassword","Sat Jul 18 06:49:17 UTC 2026","passed","Sat Jul 18 06:49:17 UTC 2026","","","",""
"","335","Toggles node and edge labels on/off depending on their existing state","GraphControls","Sat Jul 18 06:43:38 UTC 2026","passed","Sat Jul 18 06:43:39 UTC 2026","","Toggling labels","",""
"Test cases for Test_setRawValue","0","Test_setRawValue","","Sat Jul 18 06:42:15 UTC 2026","passed","Sat Jul 18 06:42:15 UTC 2026","","Go Test","github.com/specterops/bloodhound/cmd/api/src/config/Test_setRawValue","Test_setRawValue"
"Test cases for TestHandlers_GetRequest","4","TestHandlers_GetRequest","","Sat Jul 18 06:42:43 UTC 2026","passed","Sat Jul 18 06:42:43 UTC 2026","","Go Test","github.com/specterops/bloodhound/server/analysis/internal/handlers/TestHandlers_GetRequest","TestHandlers_GetRequest"
"","216","on clicking switch shows modal and when clicking confirm closes it and switch changes to disabled","CitrixRDPConfiguration","Sat Jul 18 06:45:44 UTC 2026","passed","Sat Jul 18 06:45:44 UTC 2026","","Click on switch to disable","",""
"","0","returns null if paramValue is ''","useEnvironmentParams","Sat Jul 18 06:49:18 UTC 2026","passed","Sat Jul 18 06:49:18 UTC 2026","","parseEnvironmentAggregation","",""
"","277","should call the checkbox filter function when clicking on a checkbox input","Checkbox group","Sat Jul 18 06:48:56 UTC 2026","passed","Sat Jul 18 06:48:56 UTC 2026","","","",""
"Test cases for TestMap","0","TestMap","","Sat Jul 18 06:42:38 UTC 2026","passed","Sat Jul 18 06:42:38 UTC 2026","","Go Test","github.com/specterops/bloodhound/packages/go/slicesext/TestMap","TestMap"
"","1","returns query config when searchType is composition and all required params are passed","useExploreGraph","Sat Jul 18 06:44:56 UTC 2026","passed","Sat Jul 18 06:44:56 UTC 2026","composition search queries","exploreGraphQueryFactory","",""
"","514","renders no asset group edit options without graph write permissions","ContextMenu","Sat Jul 18 06:50:07 UTC 2026","passed","Sat Jul 18 06:50:08 UTC 2026","","","",""
"","265","opens the dialog when the button is clicked","SchemaUploadDialog","Sat Jul 18 06:44:49 UTC 2026","passed","Sat Jul 18 06:44:50 UTC 2026","","","",""
"Test cases for TestResources_UpdateAssetGroupTagSelector","0","TestResources_UpdateAssetGroupTagSelector","","Sat Jul 18 06:42:14 UTC 2026","passed","Sat Jul 18 06:42:14 UTC 2026","","Go Test","github.com/specterops/bloodhound/cmd/api/src/api/v2/TestResources_UpdateAssetGroupTagSelector","TestResources_UpdateAssetGroupTagSelector"
"Test cases for TestResources_UpdateAssetGroupTag","7","TestResources_UpdateAssetGroupTag","","Sat Jul 18 06:42:14 UTC 2026","passed","Sat Jul 18 06:42:14 UTC 2026","","Go Test","github.com/specterops/bloodhound/cmd/api/src/api/v2/TestResources_UpdateAssetGroupTag","TestResources_UpdateAssetGroupTag"
"","1634","renders a table if the query has NO node edges","GraphView","Sat Jul 18 06:49:48 UTC 2026","passed","Sat Jul 18 06:49:50 UTC 2026","","","",""
"Test cases for TestParseOptionalBool","0","TestParseOptionalBool","","Sat Jul 18 06:42:01 UTC 2026","passed","Sat Jul 18 06:42:01 UTC 2026","","Go Test","github.com/specterops/bloodhound/cmd/api/src/api/TestParseOptionalBool","TestParseOptionalBool"
"Test cases for TestDefaultRateLimitMiddleware","1","TestDefaultRateLimitMiddleware","","Sat Jul 18 06:42:04 UTC 2026","passed","Sat Jul 18 06:42:04 UTC 2026","","Go Test","github.com/specterops/bloodhound/cmd/api/src/api/middleware/TestDefaultRateLimitMiddleware","TestDefaultRateLimitMiddleware"
"","230","validates that the name input is under the max length","Tag Form","Sat Jul 18 06:43:09 UTC 2026","passed","Sat Jul 18 06:43:09 UTC 2026","","","",""
"","209","renders the component with all info and switch off","CitrixRDPConfiguration","Sat Jul 18 06:45:43 UTC 2026","passed","Sat Jul 18 06:45:43 UTC 2026","","Initial render","",""
"","2","keeps only the latest stat per kind_id by created_at","getLatestMetricStats","Sat Jul 18 06:45:04 UTC 2026","passed","Sat Jul 18 06:45:04 UTC 2026","","","",""
"Test cases for TestConvertAzureRoleEligibilityScheduleInstanceToRel","0","TestConvertAzureRoleEligibilityScheduleInstanceToRel","","Sat Jul 18 06:42:35 UTC 2026","passed","Sat Jul 18 06:42:35 UTC 2026","","Go Test","github.com/specterops/bloodhound/packages/go/ein/TestConvertAzureRoleEligibilityScheduleInstanceToRel","TestConvertAzureRoleEligibilityScheduleInstanceToRel"
"Test cases for TestResources_GetAIACAEntityInfo","228","TestResources_GetAIACAEntityInfo","","Sat Jul 18 06:42:14 UTC 2026","passed","Sat Jul 18 06:42:14 UTC 2026","","Go Test","github.com/specterops/bloodhound/cmd/api/src/api/v2/TestResources_GetAIACAEntityInfo","TestResources_GetAIACAEntityInfo"
"","1","returns query config when searchType is relationship and all required params are passed","useExploreGraph","Sat Jul 18 06:44:56 UTC 2026","passed","Sat Jul 18 06:44:56 UTC 2026","relationship search queries","exploreGraphQueryFactory","",""
"","23","fetches more data when scrolling within the default bottom threshold","useInfiniteScroll","Sat Jul 18 06:47:27 UTC 2026","passed","Sat Jul 18 06:47:27 UTC 2026","","","",""
"Test cases for TestResources_ListADEntityRDPRights","2","TestResources_ListADEntityRDPRights","","Sat Jul 18 06:42:14 UTC 2026","passed","Sat Jul 18 06:42:14 UTC 2026","","Go Test","github.com/specterops/bloodhound/cmd/api/src/api/v2/TestResources_ListADEntityRDPRights","TestResources_ListADEntityRDPRights"
"","12","returns when label limit is reached","useTagLimits","Sat Jul 18 06:43:58 UTC 2026","passed","Sat Jul 18 06:43:58 UTC 2026","","","",""
"Test cases for TestResources_GetAZEntityInformation","129","TestResources_GetAZEntityInformation","","Sat Jul 18 06:42:14 UTC 2026","passed","Sat Jul 18 06:42:14 UTC 2026","","Go Test","github.com/specterops/bloodhound/cmd/api/src/api/v2/TestResources_GetAZEntityInformation","TestResources_GetAZEntityInformation"
"","1","returns null for active-directory without an id","getStatsComponent","Sat Jul 18 06:47:39 UTC 2026","passed","Sat Jul 18 06:47:39 UTC 2026","","","",""
"Test cases for TestDummyHA","0","TestDummyHA","","Sat Jul 18 06:42:16 UTC 2026","passed","Sat Jul 18 06:42:16 UTC 2026","","Go Test","github.com/specterops/bloodhound/cmd/api/src/daemons/changelog/TestDummyHA","TestDummyHA"
"","1270","should display all available SSO providers","UpdateUserDialog","Sat Jul 18 06:44:40 UTC 2026","passed","Sat Jul 18 06:44:42 UTC 2026","","","",""
"","406","should call onClose when cancel button is clicked","SaveQueryDialog","Sat Jul 18 06:43:09 UTC 2026","passed","Sat Jul 18 06:43:09 UTC 2026","","","",""
"Test cases for TestResources_GetComputerEntityInfo","2","TestResources_GetComputerEntityInfo","","Sat Jul 18 06:42:14 UTC 2026","passed","Sat Jul 18 06:42:14 UTC 2026","","Go Test","github.com/specterops/bloodhound/cmd/api/src/api/v2/TestResources_GetComputerEntityInfo","TestResources_GetComputerEntityInfo"
"","56","Should display a list of the asset group members","AssetGroupMemberList","Sat Jul 18 06:48:21 UTC 2026","passed","Sat Jul 18 06:48:21 UTC 2026","","","",""
"Test cases for TestGetVersion","0","TestGetVersion","","Sat Jul 18 06:42:14 UTC 2026","passed","Sat Jul 18 06:42:14 UTC 2026","","Go Test","github.com/specterops/bloodhound/cmd/api/src/api/v2/TestGetVersion","TestGetVersion"
"","0","adds OpenGraph types dynamically alongside the known types","getOpenGraphEnvironmentInfoMap","Sat Jul 18 06:43:31 UTC 2026","passed","Sat Jul 18 06:43:31 UTC 2026","","","",""
"","353","displays expected results when searching by label","SearchCurrentNodes","Sat Jul 18 06:47:00 UTC 2026","passed","Sat Jul 18 06:47:00 UTC 2026","","","",""
"","102","upon selecting a source node, updates the URL with a searchType of 'node' and primarySearch of the node's objectid","useNodeSearch","Sat Jul 18 06:48:08 UTC 2026","passed","Sat Jul 18 06:48:08 UTC 2026","","","",""
"Test cases for TestResources_ListADEntityControllers","2","TestResources_ListADEntityControllers","","Sat Jul 18 06:42:14 UTC 2026","passed","Sat Jul 18 06:42:14 UTC 2026","","Go Test","github.com/specterops/bloodhound/cmd/api/src/api/v2/TestResources_ListADEntityControllers","TestResources_ListADEntityControllers"
"","270","fires delete when edit is clicked","ListItemActionMenu","Sat Jul 18 06:47:30 UTC 2026","passed","Sat Jul 18 06:47:31 UTC 2026","","","",""
"Test cases for TestGraphQuery_RawCypherQuery","16","TestGraphQuery_RawCypherQuery","","Sat Jul 18 06:42:22 UTC 2026","passed","Sat Jul 18 06:42:22 UTC 2026","","Go Test","github.com/specterops/bloodhound/cmd/api/src/queries/TestGraphQuery_RawCypherQuery","TestGraphQuery_RawCypherQuery"
"","0","should handle an entity that has an empty name property","Evaluating the entity display name from a given entity","Sat Jul 18 06:45:27 UTC 2026","passed","Sat Jul 18 06:45:27 UTC 2026","","","",""
"Test cases for TestWriteResponseWrapperWithPagination","0","TestWriteResponseWrapperWithPagination","","Sat Jul 18 06:42:01 UTC 2026","passed","Sat Jul 18 06:42:01 UTC 2026","","Go Test","github.com/specterops/bloodhound/cmd/api/src/api/TestWriteResponseWrapperWithPagination","TestWriteResponseWrapperWithPagination"
"","438","renders an edit form for the selected asset group when a user has graph write permissions","GroupManagement","Sat Jul 18 06:50:16 UTC 2026","passed","Sat Jul 18 06:50:16 UTC 2026","","","",""
"","1058","does not show a warning for using labels associated with tags in label forms (also shows correct View in Explore link)","Rule Form","Sat Jul 18 06:43:28 UTC 2026","passed","Sat Jul 18 06:43:29 UTC 2026","","","",""
"Test cases for TestResources_ListADDomainInboundTrusts","0","TestResources_ListADDomainInboundTrusts","","Sat Jul 18 06:42:14 UTC 2026","passed","Sat Jul 18 06:42:14 UTC 2026","","Go Test","github.com/specterops/bloodhound/cmd/api/src/api/v2/TestResources_ListADDomainInboundTrusts","TestResources_ListADDomainInboundTrusts"
"","1327","calls the passed in select handler when clicking the Confirm button","Glyph Select Dialog","Sat Jul 18 06:48:47 UTC 2026","passed","Sat Jul 18 06:48:48 UTC 2026","","","",""
"","25","does not call getNodeByID when itemId has the rel_ prefix","useGraphItem","Sat Jul 18 06:46:09 UTC 2026","passed","Sat Jul 18 06:46:09 UTC 2026","","","",""
"","3453","Preserves sample results when switching between Object ID and Cypher rule types","Rule Form","Sat Jul 18 06:43:29 UTC 2026","passed","Sat Jul 18 06:43:33 UTC 2026","","","",""
"","235","handles adding to non-tier-zero asset group","AssetGroupMenuItem","Sat Jul 18 06:49:47 UTC 2026","passed","Sat Jul 18 06:49:48 UTC 2026","","adding to an asset group","",""
"Test cases for TestLocalStore_Exists","9","TestLocalStore_Exists","","Sat Jul 18 06:42:40 UTC 2026","passed","Sat Jul 18 06:42:40 UTC 2026","","Go Test","github.com/specterops/bloodhound/packages/go/storage/TestLocalStore_Exists","TestLocalStore_Exists"
"","34","should highlight selected route","Main Nav Route Highlighting","Sat Jul 18 06:45:59 UTC 2026","passed","Sat Jul 18 06:45:59 UTC 2026","","","",""
"Test cases for TestParseUserIP_XForwardedFor_RemoteAddr","0","TestParseUserIP_XForwardedFor_RemoteAddr","","Sat Jul 18 06:42:04 UTC 2026","passed","Sat Jul 18 06:42:04 UTC 2026","","Go Test","github.com/specterops/bloodhound/cmd/api/src/api/middleware/TestParseUserIP_XForwardedFor_RemoteAddr","TestParseUserIP_XForwardedFor_RemoteAddr"
"Test cases for TestWriteCSV","0","TestWriteCSV","","Sat Jul 18 06:42:37 UTC 2026","passed","Sat Jul 18 06:42:37 UTC 2026","","Go Test","github.com/specterops/bloodhound/packages/go/responses/TestWriteCSV","TestWriteCSV"
"","240","toggles sort order when clicking sortable header","ObjectsAccordion","Sat Jul 18 06:46:54 UTC 2026","passed","Sat Jul 18 06:46:54 UTC 2026","","","",""
"Test cases for TestResources_ListCAPKIHierarchy","0","TestResources_ListCAPKIHierarchy","","Sat Jul 18 06:42:14 UTC 2026","passed","Sat Jul 18 06:42:14 UTC 2026","","Go Test","github.com/specterops/bloodhound/cmd/api/src/api/v2/TestResources_ListCAPKIHierarchy","TestResources_ListCAPKIHierarchy"
"","362","disables GraphButton when isCurrentSearchOpen is true","GraphControls","Sat Jul 18 06:43:40 UTC 2026","passed","Sat Jul 18 06:43:40 UTC 2026","","Searching current results","",""
"TestRegister verifies that routes.Register binds the GET /api/v2/relationships/{id}endpoint to the gorilla/mux router so that matching requests are dispatched correctly.","1","TestRegister","","Sat Jul 18 06:42:52 UTC 2026","passed","Sat Jul 18 06:42:52 UTC 2026","","Go Test","github.com/specterops/bloodhound/server/graphdb/internal/routes/TestRegister","TestRegister"
"Test cases for TestTimePointer","0","TestTimePointer","","Sat Jul 18 06:42:20 UTC 2026","passed","Sat Jul 18 06:42:20 UTC 2026","","Go Test","github.com/specterops/bloodhound/cmd/api/src/database/types/null/TestTimePointer","TestTimePointer"
"","0","returns null if paramValue is undefined","useEnvironmentParams","Sat Jul 18 06:49:18 UTC 2026","passed","Sat Jul 18 06:49:18 UTC 2026","","parseEnvironmentAggregation","",""
"Test cases for TestHasValidRolesForETAC","2","TestHasValidRolesForETAC","","Sat Jul 18 06:42:14 UTC 2026","passed","Sat Jul 18 06:42:14 UTC 2026","","Go Test","github.com/specterops/bloodhound/cmd/api/src/api/v2/auth/TestHasValidRolesForETAC","TestHasValidRolesForETAC"
"","467","handles removing from a tier zero asset group","AssetGroupMenuItem","Sat Jul 18 06:49:48 UTC 2026","passed","Sat Jul 18 06:49:48 UTC 2026","","removing from an asset group","",""
"Test cases for TestResources_GetEdgeRelayTargets","102","TestResources_GetEdgeRelayTargets","","Sat Jul 18 06:42:14 UTC 2026","passed","Sat Jul 18 06:42:14 UTC 2026","","Go Test","github.com/specterops/bloodhound/cmd/api/src/api/v2/TestResources_GetEdgeRelayTargets","TestResources_GetEdgeRelayTargets"
"Test cases for TestMatches_FailureModel","1","TestMatches_FailureModel","","Sat Jul 18 06:42:20 UTC 2026","passed","Sat Jul 18 06:42:20 UTC 2026","","Go Test","github.com/specterops/bloodhound/cmd/api/src/model/TestMatches_FailureModel","TestMatches_FailureModel"
"","259","renders the form for editing an existing zone","Tag Form","Sat Jul 18 06:43:08 UTC 2026","passed","Sat Jul 18 06:43:08 UTC 2026","","","",""
"","41","displays lastlogon cell as UNKNOWN when the value is 0","ExploreTableDataCell","Sat Jul 18 06:48:26 UTC 2026","passed","Sat Jul 18 06:48:26 UTC 2026","","","",""
"","5","returns bounds for text rendered to canvas","getLabelBoundsFromContext","Sat Jul 18 06:50:28 UTC 2026","passed","Sat Jul 18 06:50:28 UTC 2026","","","",""
"","258","handles chevron click event","CommonSearches","Sat Jul 18 06:45:37 UTC 2026","passed","Sat Jul 18 06:45:37 UTC 2026","","","",""
"Test cases for TestArgon2_Digest","0","TestArgon2_Digest","","Sat Jul 18 06:42:35 UTC 2026","passed","Sat Jul 18 06:42:35 UTC 2026","","Go Test","github.com/specterops/bloodhound/packages/go/crypto/TestArgon2_Digest","TestArgon2_Digest"
"","62","passes expandedPanelSections from useExploreParams to Accordion","KindInfoItems","Sat Jul 18 06:46:05 UTC 2026","passed","Sat Jul 18 06:46:05 UTC 2026","","","",""
"Test cases for TestResources_DeleteSavedQuery_IDMalformed","0","TestResources_DeleteSavedQuery_IDMalformed","","Sat Jul 18 06:42:14 UTC 2026","passed","Sat Jul 18 06:42:14 UTC 2026","","Go Test","github.com/specterops/bloodhound/cmd/api/src/api/v2/TestResources_DeleteSavedQuery_IDMalformed","TestResources_DeleteSavedQuery_IDMalformed"
"","2","lastlogon, lastlogontimestamp","Handling value formatting for Active Directory entity properties lastlogon, lastlogontimestamp, whencreated, and pwdlastset","Sat Jul 18 06:45:27 UTC 2026","passed","Sat Jul 18 06:45:27 UTC 2026","","","",""
"","300","displays error if delete button is clicked when no checkbox is selected","DatabaseManagement","Sat Jul 18 06:49:49 UTC 2026","passed","Sat Jul 18 06:49:49 UTC 2026","","","",""
"Test cases for TestStore_Get","12","TestStore_Get","","Sat Jul 18 06:42:40 UTC 2026","passed","Sat Jul 18 06:42:40 UTC 2026","","Go Test","github.com/specterops/bloodhound/packages/go/storage/TestStore_Get","TestStore_Get"
"Test cases for TestManagementResource_ListAuthTokens_DBError","0","TestManagementResource_ListAuthTokens_DBError","","Sat Jul 18 06:42:44 UTC 2026","passed","Sat Jul 18 06:42:44 UTC 2026","","Go Test","github.com/specterops/bloodhound/cmd/api/src/api/v2/auth/TestManagementResource_ListAuthTokens_DBError","TestManagementResource_ListAuthTokens_DBError"
"Test cases for TestCacheEntryDigester_PoolStateReuse","0","TestCacheEntryDigester_PoolStateReuse","","Sat Jul 18 06:42:27 UTC 2026","passed","Sat Jul 18 06:42:27 UTC 2026","","Go Test","github.com/specterops/bloodhound/cmd/api/src/services/graphify/endpoint/TestCacheEntryDigester_PoolStateReuse","TestCacheEntryDigester_PoolStateReuse"
"","0","Will ignore what is to the left of the first colon if it doesnt match an existing kind and will treat all as keyword","parseKeywordAndTypeValue","Sat Jul 18 06:49:03 UTC 2026","passed","Sat Jul 18 06:49:03 UTC 2026","","","",""
"","709","switches Rule tab to active/selected when clicked","Selected Details Tabs","Sat Jul 18 06:46:09 UTC 2026","passed","Sat Jul 18 06:46:10 UTC 2026","","Selected Details Tabs - Click Interactions","",""
"Test cases for TestGenericAssign","0","TestGenericAssign","","Sat Jul 18 06:42:29 UTC 2026","passed","Sat Jul 18 06:42:29 UTC 2026","","Go Test","github.com/specterops/bloodhound/cmd/api/src/utils/TestGenericAssign","TestGenericAssign"
"Test cases for TestReadRFC3339","0","TestReadRFC3339","","Sat Jul 18 06:42:29 UTC 2026","passed","Sat Jul 18 06:42:29 UTC 2026","","Go Test","github.com/specterops/bloodhound/cmd/api/src/utils/TestReadRFC3339","TestReadRFC3339"
"","1","runs a pathfinding search when the query param is set to ""pathfinding""","useExploreGraph","Sat Jul 18 06:44:56 UTC 2026","passed","Sat Jul 18 06:44:56 UTC 2026","","exploreGraphQueryFactory","",""
"","0","filters by low risk level","filterAndSearchEnvironments","Sat Jul 18 06:43:31 UTC 2026","passed","Sat Jul 18 06:43:31 UTC 2026","","risk filters","",""
"","691","should display Environmental Targeted Access Control panel when showEnvironmentAccessControls prop is true and user role is selected","CreateUserForm","Sat Jul 18 06:43:49 UTC 2026","passed","Sat Jul 18 06:43:50 UTC 2026","","","",""
"Test cases for TestOverwriteQueryParamIfHeaderAndParamExist","0","TestOverwriteQueryParamIfHeaderAndParamExist","","Sat Jul 18 06:42:31 UTC 2026","passed","Sat Jul 18 06:42:31 UTC 2026","","Go Test","github.com/specterops/bloodhound/cmd/api/src/utils/test/TestOverwriteQueryParamIfHeaderAndParamExist","TestOverwriteQueryParamIfHeaderAndParamExist"
"","12","when password is not expired no redirect occurs","AuthenticatedRoute","Sat Jul 18 06:50:17 UTC 2026","passed","Sat Jul 18 06:50:17 UTC 2026","","","",""
"","77","enables correctly returning the tag associated with Tier Zero (position value of 1) from the list of tags","the useAssetGroupTags utilities","Sat Jul 18 06:45:24 UTC 2026","passed","Sat Jul 18 06:45:24 UTC 2026","","","",""
"","173","does not show ""<10 Days to Expire"" warning when token expires in more than 10 days","UserTokenManagementDialog - API Expiration Date column","Sat Jul 18 06:45:25 UTC 2026","passed","Sat Jul 18 06:45:25 UTC 2026","","","",""
"Test cases for TestResources_UpdateSavedQuery_NotAUserAuth","0","TestResources_UpdateSavedQuery_NotAUserAuth","","Sat Jul 18 06:42:14 UTC 2026","passed","Sat Jul 18 06:42:14 UTC 2026","","Go Test","github.com/specterops/bloodhound/cmd/api/src/api/v2/TestResources_UpdateSavedQuery_NotAUserAuth","TestResources_UpdateSavedQuery_NotAUserAuth"
"Test cases for TestResources_GetEnterpriseCAEntityInfo","230","TestResources_GetEnterpriseCAEntityInfo","","Sat Jul 18 06:42:14 UTC 2026","passed","Sat Jul 18 06:42:14 UTC 2026","","Go Test","github.com/specterops/bloodhound/cmd/api/src/api/v2/TestResources_GetEnterpriseCAEntityInfo","TestResources_GetEnterpriseCAEntityInfo"
"","713","sets exploreSearchTab param to cypher when the user clicks the `cypher` tab","ExploreSearch sets searchType on tab changing","Sat Jul 18 06:49:58 UTC 2026","passed","Sat Jul 18 06:49:59 UTC 2026","","","",""
"","1314","open and closes dialog","DatabaseManagement","Sat Jul 18 06:49:51 UTC 2026","passed","Sat Jul 18 06:49:52 UTC 2026","","","",""
"","387","displays a completion of 100% and adds a ""Close"" button that closes the dialog after a successful upload","SchemaUploadDialog","Sat Jul 18 06:44:51 UTC 2026","passed","Sat Jul 18 06:44:51 UTC 2026","","","",""
"Test cases for TestResources_DeleteSavedQuery_DeleteError","0","TestResources_DeleteSavedQuery_DeleteError","","Sat Jul 18 06:42:14 UTC 2026","passed","Sat Jul 18 06:42:14 UTC 2026","","Go Test","github.com/specterops/bloodhound/cmd/api/src/api/v2/TestResources_DeleteSavedQuery_DeleteError","TestResources_DeleteSavedQuery_DeleteError"
"","451","clicking a delete button calls deleteHandler","PrebuiltSearchList","Sat Jul 18 06:46:42 UTC 2026","passed","Sat Jul 18 06:46:42 UTC 2026","","","",""
"","2157","shows the ""Disable MFA"" context menu option for users with MFA enabled","Users","Sat Jul 18 06:45:12 UTC 2026","passed","Sat Jul 18 06:45:14 UTC 2026","","","",""
"","0","should compute the midpoint of a line segment","bezier","Sat Jul 18 06:50:18 UTC 2026","passed","Sat Jul 18 06:50:18 UTC 2026","","","",""
"","459","eventually displays a list of early access features when warning dialog is accepted","EarlyAccessFeatures","Sat Jul 18 06:50:18 UTC 2026","passed","Sat Jul 18 06:50:19 UTC 2026","","","",""
"Test cases for TestExpireUserAuthSecret_Failure","0","TestExpireUserAuthSecret_Failure","","Sat Jul 18 06:42:20 UTC 2026","passed","Sat Jul 18 06:42:20 UTC 2026","","Go Test","github.com/specterops/bloodhound/cmd/api/src/api/v2/auth/TestExpireUserAuthSecret_Failure","TestExpireUserAuthSecret_Failure"
"","346","should render","LoginForm","Sat Jul 18 06:48:26 UTC 2026","passed","Sat Jul 18 06:48:26 UTC 2026","","","",""
"Test cases for TestSIDSuffix_String","0","TestSIDSuffix_String","","Sat Jul 18 06:42:34 UTC 2026","passed","Sat Jul 18 06:42:34 UTC 2026","","Go Test","github.com/specterops/bloodhound/packages/go/analysis/ad/wellknown/TestSIDSuffix_String","TestSIDSuffix_String"
"Test cases for TestInt64ValueOrZero","0","TestInt64ValueOrZero","","Sat Jul 18 06:42:20 UTC 2026","passed","Sat Jul 18 06:42:20 UTC 2026","","Go Test","github.com/specterops/bloodhound/cmd/api/src/database/types/null/TestInt64ValueOrZero","TestInt64ValueOrZero"
"","158","button displays ""Enabled"" when flag is enabled","EarlyAccessFeatureToggle","Sat Jul 18 06:50:27 UTC 2026","passed","Sat Jul 18 06:50:27 UTC 2026","","","",""
"","22","selector members refetches on envrionment change","the useAssetGroupTags utilities","Sat Jul 18 06:45:24 UTC 2026","passed","Sat Jul 18 06:45:24 UTC 2026","","","",""
"Test cases for TestMarshalInt64","0","TestMarshalInt64","","Sat Jul 18 06:42:20 UTC 2026","passed","Sat Jul 18 06:42:20 UTC 2026","","Go Test","github.com/specterops/bloodhound/cmd/api/src/database/types/null/TestMarshalInt64","TestMarshalInt64"
"Test cases for TestResources_CypherQuery","125","TestResources_CypherQuery","","Sat Jul 18 06:42:14 UTC 2026","passed","Sat Jul 18 06:42:14 UTC 2026","","Go Test","github.com/specterops/bloodhound/cmd/api/src/api/v2/TestResources_CypherQuery","TestResources_CypherQuery"
"","123","skips undefined items gracefully","<DetailsAccordion />","Sat Jul 18 06:45:29 UTC 2026","passed","Sat Jul 18 06:45:29 UTC 2026","","","",""
"","144","calls onSort when clicked","ColumnHeaders","Sat Jul 18 06:46:35 UTC 2026","passed","Sat Jul 18 06:46:36 UTC 2026","","SortableHeader","",""
"Test cases for TestGetLatestQueryParameter_LatestMalformed","0","TestGetLatestQueryParameter_LatestMalformed","","Sat Jul 18 06:42:14 UTC 2026","passed","Sat Jul 18 06:42:14 UTC 2026","","Go Test","github.com/specterops/bloodhound/cmd/api/src/api/v2/TestGetLatestQueryParameter_LatestMalformed","TestGetLatestQueryParameter_LatestMalformed"
"","12","does not request finished jobs if lacking permission","useFinishedJobs","Sat Jul 18 06:46:15 UTC 2026","passed","Sat Jul 18 06:46:15 UTC 2026","","","",""
"","56","calls getKey for each item (stable keys hook)","<DetailsAccordion />","Sat Jul 18 06:45:29 UTC 2026","passed","Sat Jul 18 06:45:29 UTC 2026","","","",""
"Test cases for TestParseFilterOperator","1","TestParseFilterOperator","","Sat Jul 18 06:42:37 UTC 2026","passed","Sat Jul 18 06:42:37 UTC 2026","","Go Test","github.com/specterops/bloodhound/packages/go/params/TestParseFilterOperator","TestParseFilterOperator"
"Test cases for TestResources_ListAssetGroupCollections","7","TestResources_ListAssetGroupCollections","","Sat Jul 18 06:42:14 UTC 2026","passed","Sat Jul 18 06:42:14 UTC 2026","","Go Test","github.com/specterops/bloodhound/cmd/api/src/api/v2/TestResources_ListAssetGroupCollections","TestResources_ListAssetGroupCollections"
"Test cases for TestIsDeadlockError","1","TestIsDeadlockError","","Sat Jul 18 06:42:16 UTC 2026","passed","Sat Jul 18 06:42:16 UTC 2026","","Go Test","github.com/specterops/bloodhound/cmd/api/src/daemons/changelog/TestIsDeadlockError","TestIsDeadlockError"
"Test cases for TestReadDomainIDandNameAsString","0","TestReadDomainIDandNameAsString","","Sat Jul 18 06:42:34 UTC 2026","passed","Sat Jul 18 06:42:34 UTC 2026","","Go Test","github.com/specterops/bloodhound/packages/go/analysis/ad/internal/nodeprops/TestReadDomainIDandNameAsString","TestReadDomainIDandNameAsString"
"Test cases for TestManagementResource_EnableUserSAML","0","TestManagementResource_EnableUserSAML","","Sat Jul 18 06:42:20 UTC 2026","passed","Sat Jul 18 06:42:20 UTC 2026","","Go Test","github.com/specterops/bloodhound/cmd/api/src/api/v2/auth/TestManagementResource_EnableUserSAML","TestManagementResource_EnableUserSAML"
"","847","executes a primary search when only a source node is provided","Pathfinding: interaction","Sat Jul 18 06:46:13 UTC 2026","passed","Sat Jul 18 06:46:14 UTC 2026","","","",""
"","228","fires runQuery in context provider","ListItemActionMenu","Sat Jul 18 06:47:31 UTC 2026","passed","Sat Jul 18 06:47:31 UTC 2026","","","",""
"","1883","handles delete by nested graph data selection","DatabaseManagement","Sat Jul 18 06:49:57 UTC 2026","passed","Sat Jul 18 06:49:59 UTC 2026","","","",""
"","69","does not fetch when no id is provided","useGetNodeById","Sat Jul 18 06:46:09 UTC 2026","passed","Sat Jul 18 06:46:09 UTC 2026","","","",""
"Test cases for TestKindInfo_Validation","20","TestKindInfo_Validation","","Sat Jul 18 06:42:20 UTC 2026","passed","Sat Jul 18 06:42:20 UTC 2026","","Go Test","github.com/specterops/bloodhound/cmd/api/src/model/TestKindInfo_Validation","TestKindInfo_Validation"
"","145","calls onClick when toggle button clicked","EarlyAccessFeatureToggle","Sat Jul 18 06:50:27 UTC 2026","passed","Sat Jul 18 06:50:27 UTC 2026","","","",""
"TestOpenGraphSchemaService_UpsertGraphSchemaExtension -","1","TestOpenGraphSchemaService_UpsertGraphSchemaExtension","","Sat Jul 18 06:42:27 UTC 2026","passed","Sat Jul 18 06:42:27 UTC 2026","","Go Test","github.com/specterops/bloodhound/cmd/api/src/services/opengraphschema/TestOpenGraphSchemaService_UpsertGraphSchemaExtension","TestOpenGraphSchemaService_UpsertGraphSchemaExtension"
"","3","formats the date string","toFormatted","Sat Jul 18 06:48:23 UTC 2026","passed","Sat Jul 18 06:48:23 UTC 2026","","","",""
"Test cases for TestManagementResource_ListAuthTokens_NonAdmin","0","TestManagementResource_ListAuthTokens_NonAdmin","","Sat Jul 18 06:42:44 UTC 2026","passed","Sat Jul 18 06:42:44 UTC 2026","","Go Test","github.com/specterops/bloodhound/cmd/api/src/api/v2/auth/TestManagementResource_ListAuthTokens_NonAdmin","TestManagementResource_ListAuthTokens_NonAdmin"
"","91","does not display notification when user has GRAPH_DB_INGEST_MANAGE permission","FileIngest","Sat Jul 18 06:47:26 UTC 2026","passed","Sat Jul 18 06:47:26 UTC 2026","","","",""
"","363","should display correctly","DeleteConfirmationDialog","Sat Jul 18 06:48:37 UTC 2026","passed","Sat Jul 18 06:48:37 UTC 2026","","","",""
"","302","should display ""Disable Multi-Factor Authentication?"" title","Enable2FADialog","Sat Jul 18 06:47:41 UTC 2026","passed","Sat Jul 18 06:47:41 UTC 2026","","","",""
"","525","should render an SavedQueryPermissions component","SavedQueryPermissions","Sat Jul 18 06:47:19 UTC 2026","passed","Sat Jul 18 06:47:19 UTC 2026","","","",""
"Test cases for TestUnifiedGraph_AddPathSet","0","TestUnifiedGraph_AddPathSet","","Sat Jul 18 06:42:20 UTC 2026","passed","Sat Jul 18 06:42:20 UTC 2026","","Go Test","github.com/specterops/bloodhound/cmd/api/src/model/TestUnifiedGraph_AddPathSet","TestUnifiedGraph_AddPathSet"
"Test cases for TestLocalStore_Stat","9","TestLocalStore_Stat","","Sat Jul 18 06:42:40 UTC 2026","passed","Sat Jul 18 06:42:40 UTC 2026","","Go Test","github.com/specterops/bloodhound/packages/go/storage/TestLocalStore_Stat","TestLocalStore_Stat"
"Test cases for TestGenerateTOTPSecret","2","TestGenerateTOTPSecret","","Sat Jul 18 06:42:15 UTC 2026","passed","Sat Jul 18 06:42:15 UTC 2026","","Go Test","github.com/specterops/bloodhound/cmd/api/src/auth/TestGenerateTOTPSecret","TestGenerateTOTPSecret"
"","0","returns the distance between two coordinates","getDistanceBetween","Sat Jul 18 06:50:36 UTC 2026","passed","Sat Jul 18 06:50:36 UTC 2026","","","",""
"Test cases for TestResources_ListAuditLogs_DBError","0","TestResources_ListAuditLogs_DBError","","Sat Jul 18 06:42:14 UTC 2026","passed","Sat Jul 18 06:42:14 UTC 2026","","Go Test","github.com/specterops/bloodhound/cmd/api/src/api/v2/TestResources_ListAuditLogs_DBError","TestResources_ListAuditLogs_DBError"
"Test cases for TestResources_GetDomainEntityInfo","1","TestResources_GetDomainEntityInfo","","Sat Jul 18 06:42:14 UTC 2026","passed","Sat Jul 18 06:42:14 UTC 2026","","Go Test","github.com/specterops/bloodhound/cmd/api/src/api/v2/TestResources_GetDomainEntityInfo","TestResources_GetDomainEntityInfo"
"","8","does not render highlight for non-active tag","SelectedHighlight","Sat Jul 18 06:48:13 UTC 2026","passed","Sat Jul 18 06:48:13 UTC 2026","","","",""
"","26","should display hidden node label for hidden node","EntityInfoHeader","Sat Jul 18 06:47:18 UTC 2026","passed","Sat Jul 18 06:47:18 UTC 2026","","","",""
"","229","fires editQuery in context provider","ListItemActionMenu","Sat Jul 18 06:47:31 UTC 2026","passed","Sat Jul 18 06:47:31 UTC 2026","","","",""
"Test cases for TestDatabase_NullUUID","0","TestDatabase_NullUUID","","Sat Jul 18 06:42:20 UTC 2026","passed","Sat Jul 18 06:42:20 UTC 2026","","Go Test","github.com/specterops/bloodhound/cmd/api/src/database/TestDatabase_NullUUID","TestDatabase_NullUUID"
"","149","renders Zone as first tab and is also the initially selected on first render in Zone View/Tab","Selected Details Tabs","Sat Jul 18 06:46:10 UTC 2026","passed","Sat Jul 18 06:46:10 UTC 2026","","Selected Details Tabs - Params present","",""
"","99","should navigate to the correct page on alt + digit keydown","Keyboard shortcuts","Sat Jul 18 06:45:59 UTC 2026","passed","Sat Jul 18 06:45:59 UTC 2026","","","",""
"Test cases for TestStore_Stat","12","TestStore_Stat","","Sat Jul 18 06:42:40 UTC 2026","passed","Sat Jul 18 06:42:40 UTC 2026","","Go Test","github.com/specterops/bloodhound/packages/go/storage/TestStore_Stat","TestStore_Stat"
"Test cases for TestConvertAzureSubscriptionContributorToRels","0","TestConvertAzureSubscriptionContributorToRels","","Sat Jul 18 06:42:35 UTC 2026","passed","Sat Jul 18 06:42:35 UTC 2026","","Go Test","github.com/specterops/bloodhound/packages/go/ein/TestConvertAzureSubscriptionContributorToRels","TestConvertAzureSubscriptionContributorToRels"
"","526","disables any available button toggles if the user lacks the permission","EarlyAccessFeatures","Sat Jul 18 06:50:20 UTC 2026","passed","Sat Jul 18 06:50:20 UTC 2026","","","",""
"","5","should return true when value matches term","compareTerm","Sat Jul 18 06:48:05 UTC 2026","passed","Sat Jul 18 06:48:05 UTC 2026","","","",""
"Test cases for TestManagementResource_UpdateUser_ETAC","2737","TestManagementResource_UpdateUser_ETAC","","Sat Jul 18 06:42:41 UTC 2026","passed","Sat Jul 18 06:42:44 UTC 2026","","Go Test","github.com/specterops/bloodhound/cmd/api/src/api/v2/auth/TestManagementResource_UpdateUser_ETAC","TestManagementResource_UpdateUser_ETAC"
"Test cases for TestResources_StartIngestJob","98","TestResources_StartIngestJob","","Sat Jul 18 06:42:14 UTC 2026","passed","Sat Jul 18 06:42:14 UTC 2026","","Go Test","github.com/specterops/bloodhound/cmd/api/src/api/v2/TestResources_StartIngestJob","TestResources_StartIngestJob"
"Test cases for TestParseDomainTrusts_TrustAttributes","1","TestParseDomainTrusts_TrustAttributes","","Sat Jul 18 06:42:35 UTC 2026","passed","Sat Jul 18 06:42:35 UTC 2026","","Go Test","github.com/specterops/bloodhound/packages/go/ein/TestParseDomainTrusts_TrustAttributes","TestParseDomainTrusts_TrustAttributes"
"Test cases for TestResources_ListADComputerRDPUsers","1","TestResources_ListADComputerRDPUsers","","Sat Jul 18 06:42:14 UTC 2026","passed","Sat Jul 18 06:42:14 UTC 2026","","Go Test","github.com/specterops/bloodhound/cmd/api/src/api/v2/TestResources_ListADComputerRDPUsers","TestResources_ListADComputerRDPUsers"
"Test cases for TestManagementResource_DeleteUser_Success","1428","TestManagementResource_DeleteUser_Success","","Sat Jul 18 06:42:38 UTC 2026","passed","Sat Jul 18 06:42:39 UTC 2026","","Go Test","github.com/specterops/bloodhound/cmd/api/src/api/v2/auth/TestManagementResource_DeleteUser_Success","TestManagementResource_DeleteUser_Success"
"Test cases for TestPermissionsCheckAtLeastOne","0","TestPermissionsCheckAtLeastOne","","Sat Jul 18 06:42:04 UTC 2026","passed","Sat Jul 18 06:42:04 UTC 2026","","Go Test","github.com/specterops/bloodhound/cmd/api/src/api/middleware/TestPermissionsCheckAtLeastOne","TestPermissionsCheckAtLeastOne"
"","196","closes the dropdown when clicking outside","ManageColumnsComboBox","Sat Jul 18 06:45:33 UTC 2026","passed","Sat Jul 18 06:45:33 UTC 2026","","","",""
"","75","should render a Field when the provided value is false","Field","Sat Jul 18 06:48:33 UTC 2026","passed","Sat Jul 18 06:48:33 UTC 2026","","","",""
"","1225","should call onSubmit with password when reset password button clicked","PasswordResetForm","Sat Jul 18 06:46:26 UTC 2026","passed","Sat Jul 18 06:46:28 UTC 2026","","","",""
"Test cases for TestRequestWaitDuration","0","TestRequestWaitDuration","","Sat Jul 18 06:42:04 UTC 2026","passed","Sat Jul 18 06:42:04 UTC 2026","","Go Test","github.com/specterops/bloodhound/cmd/api/src/api/middleware/TestRequestWaitDuration","TestRequestWaitDuration"
"Test cases for TestPreMigrationDaemonsResolvesRetainedFileService","0","TestPreMigrationDaemonsResolvesRetainedFileService","","Sat Jul 18 06:42:23 UTC 2026","passed","Sat Jul 18 06:42:23 UTC 2026","","Go Test","github.com/specterops/bloodhound/cmd/api/src/services/TestPreMigrationDaemonsResolvesRetainedFileService","TestPreMigrationDaemonsResolvesRetainedFileService"
"Test cases for TestIntSetValid","0","TestIntSetValid","","Sat Jul 18 06:42:20 UTC 2026","passed","Sat Jul 18 06:42:20 UTC 2026","","Go Test","github.com/specterops/bloodhound/cmd/api/src/database/types/null/TestIntSetValid","TestIntSetValid"
"","134","should render tag to Label content","TagToZoneLabelDialog","Sat Jul 18 06:46:48 UTC 2026","passed","Sat Jul 18 06:46:48 UTC 2026","","","",""
"","165","Hides selector information if additionalSections is false","EntityInfoDataTableList","Sat Jul 18 06:46:55 UTC 2026","passed","Sat Jul 18 06:46:55 UTC 2026","","","",""
"","38","should display an error message if data does not return from the API","Context Selector Error","Sat Jul 18 06:45:01 UTC 2026","passed","Sat Jul 18 06:45:01 UTC 2026","","","",""
"","10","constructs correct URLSearchParams with all filters","createHistoryParams","Sat Jul 18 06:48:16 UTC 2026","passed","Sat Jul 18 06:48:16 UTC 2026","","","",""
"Test cases for TestAnalysisErrorsEvaluateErrors","3","TestAnalysisErrorsEvaluateErrors","","Sat Jul 18 06:42:33 UTC 2026","passed","Sat Jul 18 06:42:33 UTC 2026","","Go Test","github.com/specterops/bloodhound/packages/go/analysis/TestAnalysisErrorsEvaluateErrors","TestAnalysisErrorsEvaluateErrors"
"","1005","should render with a full list of multiple tenants and domains and no open graph environments as feature flag is off","Simple Environment Selector","Sat Jul 18 06:44:58 UTC 2026","passed","Sat Jul 18 06:44:59 UTC 2026","","","",""
"Test cases for TestBoolIsZero","0","TestBoolIsZero","","Sat Jul 18 06:42:20 UTC 2026","passed","Sat Jul 18 06:42:20 UTC 2026","","Go Test","github.com/specterops/bloodhound/cmd/api/src/database/types/null/TestBoolIsZero","TestBoolIsZero"
"Test cases for Test_hasCycle","0","Test_hasCycle","","Sat Jul 18 06:42:37 UTC 2026","passed","Sat Jul 18 06:42:37 UTC 2026","","Go Test","github.com/specterops/bloodhound/packages/go/lab/Test_hasCycle","Test_hasCycle"
"","67","fetches node data when given a plain numeric string id","useGraphItem","Sat Jul 18 06:46:09 UTC 2026","passed","Sat Jul 18 06:46:09 UTC 2026","","","",""
"","0","returns disabled config when any required param is falsey","useExploreGraph","Sat Jul 18 06:44:56 UTC 2026","passed","Sat Jul 18 06:44:56 UTC 2026","composition search queries","exploreGraphQueryFactory","",""
"","1","should be case-insensitive when matching by path","opsFilter","Sat Jul 18 06:48:05 UTC 2026","passed","Sat Jul 18 06:48:05 UTC 2026","","","",""
"","97","renders node kind items with correct test-id","KindInfoItems","Sat Jul 18 06:46:04 UTC 2026","passed","Sat Jul 18 06:46:04 UTC 2026","","","",""
"Test cases for TestIsValidContentTypeForUpload","1","TestIsValidContentTypeForUpload","","Sat Jul 18 06:42:14 UTC 2026","passed","Sat Jul 18 06:42:14 UTC 2026","","Go Test","github.com/specterops/bloodhound/cmd/api/src/api/v2/TestIsValidContentTypeForUpload","TestIsValidContentTypeForUpload"
"","9","should handle special characters","HighlightedText","Sat Jul 18 06:48:22 UTC 2026","passed","Sat Jul 18 06:48:22 UTC 2026","","","",""
"","2","determines glyphs with the tier_managent_engine feature flag disabled","getNodeGlyphs","Sat Jul 18 06:50:10 UTC 2026","passed","Sat Jul 18 06:50:10 UTC 2026","","","",""
"","262","should not call onSubmit when input is invalid and Submit button is clicked","UpsertSAMLProviderForm","Sat Jul 18 06:47:55 UTC 2026","passed","Sat Jul 18 06:47:56 UTC 2026","","","",""
"Test cases for TestResources_ListADDomainForeignGroups","0","TestResources_ListADDomainForeignGroups","","Sat Jul 18 06:42:14 UTC 2026","passed","Sat Jul 18 06:42:14 UTC 2026","","Go Test","github.com/specterops/bloodhound/cmd/api/src/api/v2/TestResources_ListADDomainForeignGroups","TestResources_ListADDomainForeignGroups"
"","261","should render a nav element with logo, two lists, a version number and a powered by","MainNav","Sat Jul 18 06:45:59 UTC 2026","passed","Sat Jul 18 06:45:59 UTC 2026","","","",""
"","0","escapes a single quote","escapeCypherString","Sat Jul 18 06:49:11 UTC 2026","passed","Sat Jul 18 06:49:11 UTC 2026","","","",""
"Test cases for TestHandleDatabaseError","0","TestHandleDatabaseError","","Sat Jul 18 06:42:01 UTC 2026","passed","Sat Jul 18 06:42:01 UTC 2026","","Go Test","github.com/specterops/bloodhound/cmd/api/src/api/TestHandleDatabaseError","TestHandleDatabaseError"
"Test cases for TestSignRequestValuesUnsupportedHMACMethod","0","TestSignRequestValuesUnsupportedHMACMethod","","Sat Jul 18 06:42:01 UTC 2026","passed","Sat Jul 18 06:42:01 UTC 2026","","Go Test","github.com/specterops/bloodhound/cmd/api/src/api/TestSignRequestValuesUnsupportedHMACMethod","TestSignRequestValuesUnsupportedHMACMethod"
"Test cases for TestDomainSelectors_TestIsSortable","0","TestDomainSelectors_TestIsSortable","","Sat Jul 18 06:42:20 UTC 2026","passed","Sat Jul 18 06:42:20 UTC 2026","","Go Test","github.com/specterops/bloodhound/cmd/api/src/model/TestDomainSelectors_TestIsSortable","TestDomainSelectors_TestIsSortable"
"Test cases for TestResources_ListAuditLogs_OnlySkip","0","TestResources_ListAuditLogs_OnlySkip","","Sat Jul 18 06:42:14 UTC 2026","passed","Sat Jul 18 06:42:14 UTC 2026","","Go Test","github.com/specterops/bloodhound/cmd/api/src/api/v2/TestResources_ListAuditLogs_OnlySkip","TestResources_ListAuditLogs_OnlySkip"
"","236","enables the create user button when the user is admin role","Users","Sat Jul 18 06:45:05 UTC 2026","passed","Sat Jul 18 06:45:05 UTC 2026","","","",""
"Test cases for Test_NewRequestSignature","0","Test_NewRequestSignature","","Sat Jul 18 06:42:01 UTC 2026","passed","Sat Jul 18 06:42:01 UTC 2026","","Go Test","github.com/specterops/bloodhound/cmd/api/src/api/Test_NewRequestSignature","Test_NewRequestSignature"
"","18","renders note content when currentNote is present","HistoryNotes Component","Sat Jul 18 06:48:55 UTC 2026","passed","Sat Jul 18 06:48:55 UTC 2026","","","",""
"Test cases for TestRoleAssignments_NodesWithRolesExclusive","0","TestRoleAssignments_NodesWithRolesExclusive","","Sat Jul 18 06:42:34 UTC 2026","passed","Sat Jul 18 06:42:34 UTC 2026","","Go Test","github.com/specterops/bloodhound/packages/go/analysis/azure/TestRoleAssignments_NodesWithRolesExclusive","TestRoleAssignments_NodesWithRolesExclusive"
"","0","shows some collection methods for the given job","toCollected","Sat Jul 18 06:48:47 UTC 2026","passed","Sat Jul 18 06:48:47 UTC 2026","","","",""
"","12","respects the initial sort state parameters passed in","useSortParams","Sat Jul 18 06:47:23 UTC 2026","passed","Sat Jul 18 06:47:23 UTC 2026","","","",""
"","3406","handles delete by source kind","DatabaseManagement","Sat Jul 18 06:49:54 UTC 2026","passed","Sat Jul 18 06:49:57 UTC 2026","","","",""
"","221","calls onConfirm when confirm button clicked","EarlyAccessFeaturesWarningDialog","Sat Jul 18 06:50:36 UTC 2026","passed","Sat Jul 18 06:50:37 UTC 2026","","","",""
"Test cases for TestWriteBasic","1","TestWriteBasic","","Sat Jul 18 06:42:37 UTC 2026","passed","Sat Jul 18 06:42:37 UTC 2026","","Go Test","github.com/specterops/bloodhound/packages/go/responses/TestWriteBasic","TestWriteBasic"
"Test cases for TestResources_ListADComputerDCOMUsers","3","TestResources_ListADComputerDCOMUsers","","Sat Jul 18 06:42:14 UTC 2026","passed","Sat Jul 18 06:42:14 UTC 2026","","Go Test","github.com/specterops/bloodhound/cmd/api/src/api/v2/TestResources_ListADComputerDCOMUsers","TestResources_ListADComputerDCOMUsers"
"","303","calls the onReset prop when the crop button is clicked","GraphControls","Sat Jul 18 06:43:36 UTC 2026","passed","Sat Jul 18 06:43:36 UTC 2026","","Resetting graph","",""
"","70","is disabled if no filters are active","AssetGroupEdit","Sat Jul 18 06:45:38 UTC 2026","passed","Sat Jul 18 06:45:38 UTC 2026","","Clear Filters button","",""
"Test cases for TestService_IsEnabled","1","TestService_IsEnabled","","Sat Jul 18 06:42:49 UTC 2026","passed","Sat Jul 18 06:42:49 UTC 2026","","Go Test","github.com/specterops/bloodhound/server/featureflags/internal/services/TestService_IsEnabled","TestService_IsEnabled"
"","21","returns Rule Object counts when there is a Tag and a Rule selected (tagId and ruleId are in path params)","useObjectCounts","Sat Jul 18 06:48:42 UTC 2026","passed","Sat Jul 18 06:48:42 UTC 2026","","","",""
"Test cases for TestLocalStore_List","9","TestLocalStore_List","","Sat Jul 18 06:42:40 UTC 2026","passed","Sat Jul 18 06:42:40 UTC 2026","","Go Test","github.com/specterops/bloodhound/packages/go/storage/TestLocalStore_List","TestLocalStore_List"
"","13","shows items when the flag is enabled","useSubNavRoutes","Sat Jul 18 06:46:23 UTC 2026","passed","Sat Jul 18 06:46:23 UTC 2026","","featureFlag gate","",""
"Test cases for TestManagementResource_ListRoles","0","TestManagementResource_ListRoles","","Sat Jul 18 06:42:20 UTC 2026","passed","Sat Jul 18 06:42:20 UTC 2026","","Go Test","github.com/specterops/bloodhound/cmd/api/src/api/v2/auth/TestManagementResource_ListRoles","TestManagementResource_ListRoles"
"Test cases for TestEncodingEquality","0","TestEncodingEquality","","Sat Jul 18 06:42:35 UTC 2026","passed","Sat Jul 18 06:42:35 UTC 2026","","Go Test","github.com/specterops/bloodhound/packages/go/bomenc/TestEncodingEquality","TestEncodingEquality"
"Test cases for TestResources_ListADGroupMembers","0","TestResources_ListADGroupMembers","","Sat Jul 18 06:42:14 UTC 2026","passed","Sat Jul 18 06:42:14 UTC 2026","","Go Test","github.com/specterops/bloodhound/cmd/api/src/api/v2/TestResources_ListADGroupMembers","TestResources_ListADGroupMembers"
"","1","pwdlastset","Handling value formatting for Active Directory entity properties lastlogon, lastlogontimestamp, whencreated, and pwdlastset","Sat Jul 18 06:45:27 UTC 2026","passed","Sat Jul 18 06:45:27 UTC 2026","","","",""
"Test cases for TestCacheEntryDigester_DigestEndpoint_MatchByName","0","TestCacheEntryDigester_DigestEndpoint_MatchByName","","Sat Jul 18 06:42:27 UTC 2026","passed","Sat Jul 18 06:42:27 UTC 2026","","Go Test","github.com/specterops/bloodhound/cmd/api/src/services/graphify/endpoint/TestCacheEntryDigester_DigestEndpoint_MatchByName","TestCacheEntryDigester_DigestEndpoint_MatchByName"
"Test cases for TestResources_ListUsersMinimal","8","TestResources_ListUsersMinimal","","Sat Jul 18 06:42:55 UTC 2026","passed","Sat Jul 18 06:42:55 UTC 2026","","Go Test","github.com/specterops/bloodhound/cmd/api/src/api/v2/auth/TestResources_ListUsersMinimal","TestResources_ListUsersMinimal"
"","2","updates state when an external storage event is fired for the same key","useLocalStorage","Sat Jul 18 06:46:02 UTC 2026","passed","Sat Jul 18 06:46:02 UTC 2026","","storage event synchronisation","",""
"Test cases for TestResources_GetIssuancePolicyEntityInfo","230","TestResources_GetIssuancePolicyEntityInfo","","Sat Jul 18 06:42:14 UTC 2026","passed","Sat Jul 18 06:42:14 UTC 2026","","Go Test","github.com/specterops/bloodhound/cmd/api/src/api/v2/TestResources_GetIssuancePolicyEntityInfo","TestResources_GetIssuancePolicyEntityInfo"
"","0","The user has yet to type into the search (for OU and Domain searches that have hard coded types)","Getting the text for the disabled item display for a search when there are no results","Sat Jul 18 06:48:04 UTC 2026","passed","Sat Jul 18 06:48:04 UTC 2026","","Empty data states","",""
"","78","renders three animated dots","ProcessingIndicator","Sat Jul 18 06:49:22 UTC 2026","passed","Sat Jul 18 06:49:22 UTC 2026","","","",""
"Test cases for TestManagementResource_ListRoles_InvalidColumn","0","TestManagementResource_ListRoles_InvalidColumn","","Sat Jul 18 06:42:20 UTC 2026","passed","Sat Jul 18 06:42:20 UTC 2026","","Go Test","github.com/specterops/bloodhound/cmd/api/src/api/v2/auth/TestManagementResource_ListRoles_InvalidColumn","TestManagementResource_ListRoles_InvalidColumn"
"TestRegister_WiresFeatureRoutes verifies that the composition root correctlyattaches the feature module routes to the shared router. Matching arepresentative route from each module proves that Register successfullydelegated to the feature modules.","0","TestRegister_WiresFeatureModuleRoutes","","Sat Jul 18 06:42:52 UTC 2026","passed","Sat Jul 18 06:42:52 UTC 2026","","Go Test","github.com/specterops/bloodhound/server/modules/TestRegister_WiresFeatureModuleRoutes","TestRegister_WiresFeatureModuleRoutes"
"","520","calls handleFilterChange when a node type is selected","AssetGroupEdit","Sat Jul 18 06:45:37 UTC 2026","passed","Sat Jul 18 06:45:37 UTC 2026","","Node Type dropdown filter","",""
"","3","stores an object value in localStorage","useLocalStorage","Sat Jul 18 06:46:02 UTC 2026","passed","Sat Jul 18 06:46:02 UTC 2026","","setValue","",""
"Test cases for TestResources_GetBaseEntityInfo","197","TestResources_GetBaseEntityInfo","","Sat Jul 18 06:42:14 UTC 2026","passed","Sat Jul 18 06:42:14 UTC 2026","","Go Test","github.com/specterops/bloodhound/cmd/api/src/api/v2/TestResources_GetBaseEntityInfo","TestResources_GetBaseEntityInfo"
"Test cases for TestService_GetNode","2","TestService_GetNode","","Sat Jul 18 06:42:52 UTC 2026","passed","Sat Jul 18 06:42:52 UTC 2026","","Go Test","github.com/specterops/bloodhound/server/graphdb/internal/services/TestService_GetNode","TestService_GetNode"
"","127","should call onCancel when return to login button clicked","OneTimePasscodeForm","Sat Jul 18 06:48:18 UTC 2026","passed","Sat Jul 18 06:48:18 UTC 2026","","","",""
"Test cases for TestBuildErrorResponseUnauthorized","0","TestBuildErrorResponseUnauthorized","","Sat Jul 18 06:42:01 UTC 2026","passed","Sat Jul 18 06:42:01 UTC 2026","","Go Test","github.com/specterops/bloodhound/cmd/api/src/api/TestBuildErrorResponseUnauthorized","TestBuildErrorResponseUnauthorized"
"Test cases for TestStore_GetAnalysisRequest","1","TestStore_GetAnalysisRequest","","Sat Jul 18 06:42:43 UTC 2026","passed","Sat Jul 18 06:42:43 UTC 2026","","Go Test","github.com/specterops/bloodhound/server/analysis/internal/appdb/TestStore_GetAnalysisRequest","TestStore_GetAnalysisRequest"
"","0","escapes multiple single quotes","escapeCypherString","Sat Jul 18 06:49:11 UTC 2026","passed","Sat Jul 18 06:49:11 UTC 2026","","","",""
"Test cases for TestKeyEncoder_Key_VaryingInputs","0","TestKeyEncoder_Key_VaryingInputs","","Sat Jul 18 06:42:34 UTC 2026","passed","Sat Jul 18 06:42:34 UTC 2026","","Go Test","github.com/specterops/bloodhound/packages/go/analysis/post/TestKeyEncoder_Key_VaryingInputs","TestKeyEncoder_Key_VaryingInputs"
"Test cases for TestURLJoinPathNoPrefix","0","TestURLJoinPathNoPrefix","","Sat Jul 18 06:42:01 UTC 2026","passed","Sat Jul 18 06:42:01 UTC 2026","","Go Test","github.com/specterops/bloodhound/cmd/api/src/api/TestURLJoinPathNoPrefix","TestURLJoinPathNoPrefix"
"Test cases for TestInt64SetValid","0","TestInt64SetValid","","Sat Jul 18 06:42:20 UTC 2026","passed","Sat Jul 18 06:42:20 UTC 2026","","Go Test","github.com/specterops/bloodhound/cmd/api/src/database/types/null/TestInt64SetValid","TestInt64SetValid"
"Test cases for TestGetADDataQualityStats_Success","0","TestGetADDataQualityStats_Success","","Sat Jul 18 06:42:14 UTC 2026","passed","Sat Jul 18 06:42:14 UTC 2026","","Go Test","github.com/specterops/bloodhound/cmd/api/src/api/v2/TestGetADDataQualityStats_Success","TestGetADDataQualityStats_Success"
"","3238","when user performs a pathfinding search, the swap button is disabled until both the start and destination nodes are provided","Pathfinding: interaction","Sat Jul 18 06:46:07 UTC 2026","passed","Sat Jul 18 06:46:10 UTC 2026","","","",""
"","1465","should display all available SSO providers","CreateUserDialog","Sat Jul 18 06:44:16 UTC 2026","passed","Sat Jul 18 06:44:17 UTC 2026","","","",""
"","528","filters by the selected user","FileIngestFilterDialog","Sat Jul 18 06:45:13 UTC 2026","passed","Sat Jul 18 06:45:13 UTC 2026","","User Select","",""
"","140","renders object information for an OpenGraph object","Selected Details Tab Content","Sat Jul 18 06:47:09 UTC 2026","passed","Sat Jul 18 06:47:09 UTC 2026","","","",""
"Test cases for TestFloatFrom","0","TestFloatFrom","","Sat Jul 18 06:42:20 UTC 2026","passed","Sat Jul 18 06:42:20 UTC 2026","","Go Test","github.com/specterops/bloodhound/cmd/api/src/database/types/null/TestFloatFrom","TestFloatFrom"
"Test cases for TestUnmarshalBool","0","TestUnmarshalBool","","Sat Jul 18 06:42:20 UTC 2026","passed","Sat Jul 18 06:42:20 UTC 2026","","Go Test","github.com/specterops/bloodhound/cmd/api/src/database/types/null/TestUnmarshalBool","TestUnmarshalBool"
"Test cases for TestMaybeSubmitNodeUpdate","0","TestMaybeSubmitNodeUpdate","","Sat Jul 18 06:42:27 UTC 2026","passed","Sat Jul 18 06:42:27 UTC 2026","","Go Test","github.com/specterops/bloodhound/cmd/api/src/services/graphify/TestMaybeSubmitNodeUpdate","TestMaybeSubmitNodeUpdate"
"","106","renders a row per node stat plus the relationship row when populated","OpenGraphInfo","Sat Jul 18 06:45:04 UTC 2026","passed","Sat Jul 18 06:45:04 UTC 2026","","","",""
"","25","sets autoDisplayTable to false if query returns no results","useExploreTableAutoDisplay","Sat Jul 18 06:47:52 UTC 2026","passed","Sat Jul 18 06:47:52 UTC 2026","","","",""
"","1","returns a single node stat and no relationship stat","getLatestMetricStats","Sat Jul 18 06:45:04 UTC 2026","passed","Sat Jul 18 06:45:04 UTC 2026","","","",""
"Test cases for TestGetSkipParamForGraphQuery","0","TestGetSkipParamForGraphQuery","","Sat Jul 18 06:42:29 UTC 2026","passed","Sat Jul 18 06:42:29 UTC 2026","","Go Test","github.com/specterops/bloodhound/cmd/api/src/utils/TestGetSkipParamForGraphQuery","TestGetSkipParamForGraphQuery"
"","112","disables delete button for built-in extensions","ActiveExtensionsCard","Sat Jul 18 06:43:40 UTC 2026","passed","Sat Jul 18 06:43:40 UTC 2026","","","",""
"Test cases for TestTypes_Scan_Success","0","TestTypes_Scan_Success","","Sat Jul 18 06:42:20 UTC 2026","passed","Sat Jul 18 06:42:20 UTC 2026","","Go Test","github.com/specterops/bloodhound/cmd/api/src/database/types/TestTypes_Scan_Success","TestTypes_Scan_Success"
"Test cases for TestURLJoinPathEscapesSlashes","0","TestURLJoinPathEscapesSlashes","","Sat Jul 18 06:42:01 UTC 2026","passed","Sat Jul 18 06:42:01 UTC 2026","","Go Test","github.com/specterops/bloodhound/cmd/api/src/api/TestURLJoinPathEscapesSlashes","TestURLJoinPathEscapesSlashes"
"","0","returns only the known types when no environments are provided","getOpenGraphEnvironmentInfoMap","Sat Jul 18 06:43:31 UTC 2026","passed","Sat Jul 18 06:43:31 UTC 2026","","","",""
"Test cases for TestManagementResource_ListAuthTokens_UserIDFilter","1","TestManagementResource_ListAuthTokens_UserIDFilter","","Sat Jul 18 06:42:44 UTC 2026","passed","Sat Jul 18 06:42:44 UTC 2026","","Go Test","github.com/specterops/bloodhound/cmd/api/src/api/v2/auth/TestManagementResource_ListAuthTokens_UserIDFilter","TestManagementResource_ListAuthTokens_UserIDFilter"
"","88","calls setExploreParams with expanded sections when accordion value changes","KindInfoItems","Sat Jul 18 06:46:05 UTC 2026","passed","Sat Jul 18 06:46:05 UTC 2026","","","",""
"Test cases for TestNormalizeToUTF8_ReaderError","0","TestNormalizeToUTF8_ReaderError","","Sat Jul 18 06:42:35 UTC 2026","passed","Sat Jul 18 06:42:35 UTC 2026","","Go Test","github.com/specterops/bloodhound/packages/go/bomenc/TestNormalizeToUTF8_ReaderError","TestNormalizeToUTF8_ReaderError"
"Test cases for TestRequestWaitDuration_Failure","0","TestRequestWaitDuration_Failure","","Sat Jul 18 06:42:04 UTC 2026","passed","Sat Jul 18 06:42:04 UTC 2026","","Go Test","github.com/specterops/bloodhound/cmd/api/src/api/middleware/TestRequestWaitDuration_Failure","TestRequestWaitDuration_Failure"
"Test cases for TestAuditLogin","1","TestAuditLogin","","Sat Jul 18 06:42:01 UTC 2026","passed","Sat Jul 18 06:42:01 UTC 2026","","Go Test","github.com/specterops/bloodhound/cmd/api/src/api/TestAuditLogin","TestAuditLogin"
"Test cases for FuzzFoldlLazy","0","FuzzFoldlLazy","","Sat Jul 18 06:42:38 UTC 2026","passed","Sat Jul 18 06:42:38 UTC 2026","","Go Test","github.com/specterops/bloodhound/packages/go/slicesext/FuzzFoldlLazy","FuzzFoldlLazy"
"","2","does not add optional filters if not present","createHistoryParams","Sat Jul 18 06:48:16 UTC 2026","passed","Sat Jul 18 06:48:16 UTC 2026","","","",""
"Test cases for TestGetOrderForNeo4jQuery","0","TestGetOrderForNeo4jQuery","","Sat Jul 18 06:42:29 UTC 2026","passed","Sat Jul 18 06:42:29 UTC 2026","","Go Test","github.com/specterops/bloodhound/cmd/api/src/utils/TestGetOrderForNeo4jQuery","TestGetOrderForNeo4jQuery"
"Test cases for TestResources_ListADDomainContainedComputers","6","TestResources_ListADDomainContainedComputers","","Sat Jul 18 06:42:14 UTC 2026","passed","Sat Jul 18 06:42:14 UTC 2026","","Go Test","github.com/specterops/bloodhound/cmd/api/src/api/v2/TestResources_ListADDomainContainedComputers","TestResources_ListADDomainContainedComputers"
"Test cases for TestPermissionsCheckAll","0","TestPermissionsCheckAll","","Sat Jul 18 06:42:04 UTC 2026","passed","Sat Jul 18 06:42:04 UTC 2026","","Go Test","github.com/specterops/bloodhound/cmd/api/src/api/middleware/TestPermissionsCheckAll","TestPermissionsCheckAll"
"Test cases for TestResources_UpdateSavedQuery_Admin_NonPublicQuery","0","TestResources_UpdateSavedQuery_Admin_NonPublicQuery","","Sat Jul 18 06:42:14 UTC 2026","passed","Sat Jul 18 06:42:14 UTC 2026","","Go Test","github.com/specterops/bloodhound/cmd/api/src/api/v2/TestResources_UpdateSavedQuery_Admin_NonPublicQuery","TestResources_UpdateSavedQuery_Admin_NonPublicQuery"
"Test cases for TestDomainSelectors_GetFilterableColumns","0","TestDomainSelectors_GetFilterableColumns","","Sat Jul 18 06:42:20 UTC 2026","passed","Sat Jul 18 06:42:20 UTC 2026","","Go Test","github.com/specterops/bloodhound/cmd/api/src/model/TestDomainSelectors_GetFilterableColumns","TestDomainSelectors_GetFilterableColumns"
"Test cases for TestDatabase_checkError_NotFound","0","TestDatabase_checkError_NotFound","","Sat Jul 18 06:42:20 UTC 2026","passed","Sat Jul 18 06:42:20 UTC 2026","","Go Test","github.com/specterops/bloodhound/cmd/api/src/database/TestDatabase_checkError_NotFound","TestDatabase_checkError_NotFound"
"","66","enables filtering out for tags that are treated as Labels (including Owned)","the useAssetGroupTags utilities","Sat Jul 18 06:45:24 UTC 2026","passed","Sat Jul 18 06:45:24 UTC 2026","","","",""
"","154","buttons are disabled while loading","OneTimePasscodeForm","Sat Jul 18 06:48:18 UTC 2026","passed","Sat Jul 18 06:48:18 UTC 2026","","","",""
"","0","prefixes each edge_kind with a colon for relationshipTypes","graphSchema","Sat Jul 18 06:48:37 UTC 2026","passed","Sat Jul 18 06:48:37 UTC 2026","","","",""
"","90","passes checks if the user has multiple required permissions","usePermissions","Sat Jul 18 06:45:48 UTC 2026","passed","Sat Jul 18 06:45:48 UTC 2026","","","",""
"","20","live regions have aria-atomic set to true","AnnouncementProvider","Sat Jul 18 06:46:45 UTC 2026","passed","Sat Jul 18 06:46:45 UTC 2026","","","",""
"","5","does not put polite messages in the assertive region","AnnouncementProvider","Sat Jul 18 06:46:45 UTC 2026","passed","Sat Jul 18 06:46:45 UTC 2026","","","",""
"","2","does not overwrite an existing localStorage value with initialValue","useLocalStorage","Sat Jul 18 06:46:02 UTC 2026","passed","Sat Jul 18 06:46:02 UTC 2026","","initial value","",""
"","69","when `selectedItem` is null, the combobox does not display an icon","icon rendering","Sat Jul 18 06:45:40 UTC 2026","passed","Sat Jul 18 06:45:40 UTC 2026","","","",""
"","7","uses the default filename generator when exporting JSON","exportGraphData","Sat Jul 18 06:48:29 UTC 2026","passed","Sat Jul 18 06:48:29 UTC 2026","","","",""
"","155","does not open the dialog when the user does not have the opengraph write permission","SchemaUploadDialog","Sat Jul 18 06:44:49 UTC 2026","passed","Sat Jul 18 06:44:49 UTC 2026","","","",""
"","1","succeeds for valid password with unicode characters","testPassword","Sat Jul 18 06:49:17 UTC 2026","passed","Sat Jul 18 06:49:17 UTC 2026","","","",""
"","464","Displays the rules list if passed in through additional sections","EntityInfoDataTableList","Sat Jul 18 06:46:55 UTC 2026","passed","Sat Jul 18 06:46:55 UTC 2026","","","",""
"","0","handles only escapable characters","escapeCypherString","Sat Jul 18 06:49:11 UTC 2026","passed","Sat Jul 18 06:49:11 UTC 2026","","","",""
"Test cases for TestResources_ListADComputerSQLAdmins","0","TestResources_ListADComputerSQLAdmins","","Sat Jul 18 06:42:14 UTC 2026","passed","Sat Jul 18 06:42:14 UTC 2026","","Go Test","github.com/specterops/bloodhound/cmd/api/src/api/v2/TestResources_ListADComputerSQLAdmins","TestResources_ListADComputerSQLAdmins"
"","158","renders the form for editing an existing label","Tag Form","Sat Jul 18 06:43:08 UTC 2026","passed","Sat Jul 18 06:43:08 UTC 2026","","","",""
"Test cases for TestFormatDatabaseErrorNotFound","0","TestFormatDatabaseErrorNotFound","","Sat Jul 18 06:42:01 UTC 2026","passed","Sat Jul 18 06:42:01 UTC 2026","","Go Test","github.com/specterops/bloodhound/cmd/api/src/api/TestFormatDatabaseErrorNotFound","TestFormatDatabaseErrorNotFound"
"","0","returns undefined if graphData is null or not a GraphResponse","getExploreTableData","Sat Jul 18 06:46:47 UTC 2026","passed","Sat Jul 18 06:46:47 UTC 2026","","","",""
"","66","has a button with text Clear Filters","AssetGroupEdit","Sat Jul 18 06:45:38 UTC 2026","passed","Sat Jul 18 06:45:38 UTC 2026","","Clear Filters button","",""
"Test cases for TestService_ToggleFlag","0","TestService_ToggleFlag","","Sat Jul 18 06:42:49 UTC 2026","passed","Sat Jul 18 06:42:49 UTC 2026","","Go Test","github.com/specterops/bloodhound/server/featureflags/internal/services/TestService_ToggleFlag","TestService_ToggleFlag"
"Test cases for TestResources_ListADUserSQLAdminRights","3","TestResources_ListADUserSQLAdminRights","","Sat Jul 18 06:42:14 UTC 2026","passed","Sat Jul 18 06:42:14 UTC 2026","","Go Test","github.com/specterops/bloodhound/cmd/api/src/api/v2/TestResources_ListADUserSQLAdminRights","TestResources_ListADUserSQLAdminRights"
"Test cases for TestResources_PreviewSelectors","0","TestResources_PreviewSelectors","","Sat Jul 18 06:42:14 UTC 2026","passed","Sat Jul 18 06:42:14 UTC 2026","","Go Test","github.com/specterops/bloodhound/cmd/api/src/api/v2/TestResources_PreviewSelectors","TestResources_PreviewSelectors"
"","443","should call onSubmit with one time passcode when check code button clicked","OneTimePasscodeForm","Sat Jul 18 06:48:17 UTC 2026","passed","Sat Jul 18 06:48:18 UTC 2026","","","",""
"","66","does not request a user when no userId is provided","useGetUser","Sat Jul 18 06:49:01 UTC 2026","passed","Sat Jul 18 06:49:01 UTC 2026","","","",""
"Test cases for TestResources_GetPathfindingResult","1","TestResources_GetPathfindingResult","","Sat Jul 18 06:42:14 UTC 2026","passed","Sat Jul 18 06:42:14 UTC 2026","","Go Test","github.com/specterops/bloodhound/cmd/api/src/api/v2/TestResources_GetPathfindingResult","TestResources_GetPathfindingResult"
"","13","renders highlight only for active member when memberId is present","SelectedHighlight","Sat Jul 18 06:48:13 UTC 2026","passed","Sat Jul 18 06:48:13 UTC 2026","","","",""
"Test cases for TestManagementResource_SAMLLoginHandler","15","TestManagementResource_SAMLLoginHandler","","Sat Jul 18 06:42:55 UTC 2026","passed","Sat Jul 18 06:42:55 UTC 2026","","Go Test","github.com/specterops/bloodhound/cmd/api/src/api/v2/auth/TestManagementResource_SAMLLoginHandler","TestManagementResource_SAMLLoginHandler"
"Test cases for TestTimeScanValue","0","TestTimeScanValue","","Sat Jul 18 06:42:20 UTC 2026","passed","Sat Jul 18 06:42:20 UTC 2026","","Go Test","github.com/specterops/bloodhound/cmd/api/src/database/types/null/TestTimeScanValue","TestTimeScanValue"
"","235","renders the Columns trigger button","ManageColumnsComboBox","Sat Jul 18 06:45:30 UTC 2026","passed","Sat Jul 18 06:45:30 UTC 2026","","","",""
"","141","Verify Vault Reader count is the count returned by All Readers","EntityInfoDataTableGraphed","Sat Jul 18 06:45:53 UTC 2026","passed","Sat Jul 18 06:45:53 UTC 2026","","Node count for Vault Readers nested table","",""
"","20","throws when used outside of AnnouncementProvider","useAnnounce","Sat Jul 18 06:46:45 UTC 2026","passed","Sat Jul 18 06:46:46 UTC 2026","","","",""
"Test cases for TestRewriter_Enter_ADAttackPathsShortcut_ReplacesKinds","0","TestRewriter_Enter_ADAttackPathsShortcut_ReplacesKinds","","Sat Jul 18 06:42:22 UTC 2026","passed","Sat Jul 18 06:42:22 UTC 2026","","Go Test","github.com/specterops/bloodhound/cmd/api/src/queries/TestRewriter_Enter_ADAttackPathsShortcut_ReplacesKinds","TestRewriter_Enter_ADAttackPathsShortcut_ReplacesKinds"
"","86","when `selectedItem` is provided, the combobox displays the icon","icon rendering","Sat Jul 18 06:45:40 UTC 2026","passed","Sat Jul 18 06:45:40 UTC 2026","","","",""
"Test cases for TestResources_ShareSavedQueriesPermissions_NonAdmin","3","TestResources_ShareSavedQueriesPermissions_NonAdmin","","Sat Jul 18 06:42:14 UTC 2026","passed","Sat Jul 18 06:42:14 UTC 2026","","Go Test","github.com/specterops/bloodhound/cmd/api/src/api/v2/TestResources_ShareSavedQueriesPermissions_NonAdmin","TestResources_ShareSavedQueriesPermissions_NonAdmin"
"","25","should redirect to nested /file-ingest route if user navigates to an invalid route","Administration","Sat Jul 18 06:50:34 UTC 2026","passed","Sat Jul 18 06:50:34 UTC 2026","","","",""
"Test cases for TestFetchTenants","0","TestFetchTenants","","Sat Jul 18 06:42:34 UTC 2026","passed","Sat Jul 18 06:42:34 UTC 2026","","Go Test","github.com/specterops/bloodhound/packages/go/analysis/azure/TestFetchTenants","TestFetchTenants"
"Test cases for TestOrphanFileSweeper_IsExcludedStoragePath","20","TestOrphanFileSweeper_IsExcludedStoragePath","","Sat Jul 18 06:42:16 UTC 2026","passed","Sat Jul 18 06:42:16 UTC 2026","","Go Test","github.com/specterops/bloodhound/cmd/api/src/daemons/datapipe/TestOrphanFileSweeper_IsExcludedStoragePath","TestOrphanFileSweeper_IsExcludedStoragePath"
"Test cases for TestGetMFAActivationStatus_Failure","0","TestGetMFAActivationStatus_Failure","","Sat Jul 18 06:42:54 UTC 2026","passed","Sat Jul 18 06:42:54 UTC 2026","","Go Test","github.com/specterops/bloodhound/cmd/api/src/api/v2/auth/TestGetMFAActivationStatus_Failure","TestGetMFAActivationStatus_Failure"
"Test cases for TestStore_CreateAnalysisRequest","0","TestStore_CreateAnalysisRequest","","Sat Jul 18 06:42:43 UTC 2026","passed","Sat Jul 18 06:42:43 UTC 2026","","Go Test","github.com/specterops/bloodhound/server/analysis/internal/appdb/TestStore_CreateAnalysisRequest","TestStore_CreateAnalysisRequest"
"","976","Download button opens a menu and selecting ""Selected Columns"" calls json2csv with selected columns only","ExploreTable","Sat Jul 18 06:43:09 UTC 2026","passed","Sat Jul 18 06:43:10 UTC 2026","","","",""
"","9260","checking a subcategory updates all children (edge types) in its group","Pathfinding","Sat Jul 18 06:44:06 UTC 2026","passed","Sat Jul 18 06:44:16 UTC 2026","","","",""
"","150","updates value when a valid date typed","ManagedDatePicker - value","Sat Jul 18 06:46:36 UTC 2026","passed","Sat Jul 18 06:46:37 UTC 2026","","","",""
"Test cases for TestGenerateQRCodeBase64","8","TestGenerateQRCodeBase64","","Sat Jul 18 06:42:15 UTC 2026","passed","Sat Jul 18 06:42:15 UTC 2026","","Go Test","github.com/specterops/bloodhound/cmd/api/src/auth/TestGenerateQRCodeBase64","TestGenerateQRCodeBase64"
"","333","does not auto-display the table for a node-only cypher response when the user has already selected a graph layout","GraphView","Sat Jul 18 06:49:54 UTC 2026","passed","Sat Jul 18 06:49:54 UTC 2026","","Layout selection and de-selection","",""
"","679","has status filters","FileIngestFilterDialog","Sat Jul 18 06:45:08 UTC 2026","passed","Sat Jul 18 06:45:09 UTC 2026","","Status Select","",""
"","162","calls onCancel when cancel button clicked","EarlyAccessFeaturesWarningDialog","Sat Jul 18 06:50:36 UTC 2026","passed","Sat Jul 18 06:50:36 UTC 2026","","","",""
"","17","does not call getRelationshipByID when itemId is a plain node id","useGraphItem","Sat Jul 18 06:46:09 UTC 2026","passed","Sat Jul 18 06:46:09 UTC 2026","","","",""
"Test cases for TestParseHeaderValues","0","TestParseHeaderValues","","Sat Jul 18 06:42:04 UTC 2026","passed","Sat Jul 18 06:42:04 UTC 2026","","Go Test","github.com/specterops/bloodhound/cmd/api/src/api/middleware/TestParseHeaderValues","TestParseHeaderValues"
"","2","should recognize a common properties","validating a node property against the shared generated schema","Sat Jul 18 06:45:27 UTC 2026","passed","Sat Jul 18 06:45:27 UTC 2026","","","",""
"Test cases for TestResources_GetPermissionsForSavedQuery","37","TestResources_GetPermissionsForSavedQuery","","Sat Jul 18 06:42:14 UTC 2026","passed","Sat Jul 18 06:42:14 UTC 2026","","Go Test","github.com/specterops/bloodhound/cmd/api/src/api/v2/TestResources_GetPermissionsForSavedQuery","TestResources_GetPermissionsForSavedQuery"
"","174","shows the empty form message when Object Rule Form is empty","Seed Selection Results","Sat Jul 18 06:45:25 UTC 2026","passed","Sat Jul 18 06:45:25 UTC 2026","","","",""
"Test cases for TestTracker_HasEdge_DuplicateCalls","0","TestTracker_HasEdge_DuplicateCalls","","Sat Jul 18 06:42:34 UTC 2026","passed","Sat Jul 18 06:42:34 UTC 2026","","Go Test","github.com/specterops/bloodhound/packages/go/analysis/post/TestTracker_HasEdge_DuplicateCalls","TestTracker_HasEdge_DuplicateCalls"
"","4853","should clear state when logout action is dispatched","redux store","Sat Jul 18 06:50:23 UTC 2026","passed","Sat Jul 18 06:50:28 UTC 2026","","","",""
"","325","should render a TagToZoneLabelDialog component","TagToZoneLabelDialog","Sat Jul 18 06:46:48 UTC 2026","passed","Sat Jul 18 06:46:48 UTC 2026","","","",""
"","961","shows a table with partially completed jobs","FileIngestTable","Sat Jul 18 06:44:25 UTC 2026","passed","Sat Jul 18 06:44:26 UTC 2026","","","",""
"","85","should should reflect the NOT checked state for public query","SavedQueryPermissions","Sat Jul 18 06:47:19 UTC 2026","passed","Sat Jul 18 06:47:20 UTC 2026","","","",""
"Test cases for Test_UseFixture","0","Test_UseFixture","","Sat Jul 18 06:42:37 UTC 2026","passed","Sat Jul 18 06:42:37 UTC 2026","","Go Test","github.com/specterops/bloodhound/packages/go/lab/Test_UseFixture","Test_UseFixture"
"","73","displays a status indicator","StatusIndicator","Sat Jul 18 06:49:10 UTC 2026","passed","Sat Jul 18 06:49:10 UTC 2026","","","",""
"","3205","resets skip to 0 when filters change so rows are visible on the new result set","FileIngestTable","Sat Jul 18 06:44:26 UTC 2026","passed","Sat Jul 18 06:44:29 UTC 2026","","pagination reset","",""
"","522","displays a warning dialog when mounted","EarlyAccessFeatures","Sat Jul 18 06:50:18 UTC 2026","passed","Sat Jul 18 06:50:18 UTC 2026","","","",""
"","244","should display ""Cancel"" button","Enable2FADialog","Sat Jul 18 06:47:42 UTC 2026","passed","Sat Jul 18 06:47:42 UTC 2026","","","",""
"Test cases for TestResources_CreateAssetGroup","1","TestResources_CreateAssetGroup","","Sat Jul 18 06:42:14 UTC 2026","passed","Sat Jul 18 06:42:14 UTC 2026","","Go Test","github.com/specterops/bloodhound/cmd/api/src/api/v2/TestResources_CreateAssetGroup","TestResources_CreateAssetGroup"
"Test cases for TestResources_UpdateAssetGroupSelectors_PayloadError","0","TestResources_UpdateAssetGroupSelectors_PayloadError","","Sat Jul 18 06:42:14 UTC 2026","passed","Sat Jul 18 06:42:14 UTC 2026","","Go Test","github.com/specterops/bloodhound/cmd/api/src/api/v2/TestResources_UpdateAssetGroupSelectors_PayloadError","TestResources_UpdateAssetGroupSelectors_PayloadError"
"Test cases for TestStore_GetNode","1","TestStore_GetNode","","Sat Jul 18 06:42:49 UTC 2026","passed","Sat Jul 18 06:42:49 UTC 2026","","Go Test","github.com/specterops/bloodhound/server/graphdb/internal/appdb/TestStore_GetNode","TestStore_GetNode"
"","399","enables the create provider button for a user with the admin role","SSOConfiguration","Sat Jul 18 06:44:52 UTC 2026","passed","Sat Jul 18 06:44:52 UTC 2026","","","",""
"","53","renders a button","CreateMenu","Sat Jul 18 06:45:43 UTC 2026","passed","Sat Jul 18 06:45:43 UTC 2026","","oidc_support feature flag disabled","",""
"Test cases for TestGetMFAActivationStatus_Success","0","TestGetMFAActivationStatus_Success","","Sat Jul 18 06:42:54 UTC 2026","passed","Sat Jul 18 06:42:54 UTC 2026","","Go Test","github.com/specterops/bloodhound/cmd/api/src/api/v2/auth/TestGetMFAActivationStatus_Success","TestGetMFAActivationStatus_Success"
"","735","displays a Upload Files button","FileIngest","Sat Jul 18 06:47:24 UTC 2026","passed","Sat Jul 18 06:47:25 UTC 2026","","","",""
"","13","uses the discardQueryParams prop to discard all query params on the redirect","AppNavigate","Sat Jul 18 06:47:49 UTC 2026","passed","Sat Jul 18 06:47:49 UTC 2026","","","",""
"Test cases for TestDisenrollMFA_Admin_FailureIncorrectPassword","2022","TestDisenrollMFA_Admin_FailureIncorrectPassword","","Sat Jul 18 06:42:52 UTC 2026","passed","Sat Jul 18 06:42:54 UTC 2026","","Go Test","github.com/specterops/bloodhound/cmd/api/src/api/v2/auth/TestDisenrollMFA_Admin_FailureIncorrectPassword","TestDisenrollMFA_Admin_FailureIncorrectPassword"
"","2","does not fetch more data when there are no more pages","useInfiniteScroll","Sat Jul 18 06:47:27 UTC 2026","passed","Sat Jul 18 06:47:27 UTC 2026","","","",""
"","80","should render a label and version number when expanded","MainNav","Sat Jul 18 06:45:59 UTC 2026","passed","Sat Jul 18 06:45:59 UTC 2026","","","",""
"","170","Should display headers for member name and count","AssetGroupMemberList","Sat Jul 18 06:48:20 UTC 2026","passed","Sat Jul 18 06:48:21 UTC 2026","","","",""
"","15","renders disabled prop when flag is not enabled","FeatureFlag","Sat Jul 18 06:48:02 UTC 2026","passed","Sat Jul 18 06:48:02 UTC 2026","","","",""
"","65","returns false on 404","useGraphHasData","Sat Jul 18 06:48:36 UTC 2026","passed","Sat Jul 18 06:48:36 UTC 2026","","","",""
"","191","opens when keyboard shortcut is pressed","GraphControls","Sat Jul 18 06:43:41 UTC 2026","passed","Sat Jul 18 06:43:41 UTC 2026","","Searching current results","",""
"","0","handles specific Active Directory properties differently than Azure derived properties","Formatting number properties","Sat Jul 18 06:45:27 UTC 2026","passed","Sat Jul 18 06:45:27 UTC 2026","","","",""
"","10","removes key from state","useObjectState","Sat Jul 18 06:48:22 UTC 2026","passed","Sat Jul 18 06:48:22 UTC 2026","","","",""
"Test cases for TestOrphanFileSweeper_ClearStoredIngestFilesNormalizesListedPaths","20","TestOrphanFileSweeper_ClearStoredIngestFilesNormalizesListedPaths","","Sat Jul 18 06:42:16 UTC 2026","passed","Sat Jul 18 06:42:16 UTC 2026","","Go Test","github.com/specterops/bloodhound/cmd/api/src/daemons/datapipe/TestOrphanFileSweeper_ClearStoredIngestFilesNormalizesListedPaths","TestOrphanFileSweeper_ClearStoredIngestFilesNormalizesListedPaths"
"Test cases for TestResources_ExportSavedQuery","11","TestResources_ExportSavedQuery","","Sat Jul 18 06:42:14 UTC 2026","passed","Sat Jul 18 06:42:14 UTC 2026","","Go Test","github.com/specterops/bloodhound/cmd/api/src/api/v2/TestResources_ExportSavedQuery","TestResources_ExportSavedQuery"
"","864","renders group and tenant dropdown selectors","GroupManagement","Sat Jul 18 06:50:15 UTC 2026","passed","Sat Jul 18 06:50:16 UTC 2026","","","",""
"Test cases for TestQueries_BuildEntityQueryParams_InvalidSkip","6","TestQueries_BuildEntityQueryParams_InvalidSkip","","Sat Jul 18 06:42:22 UTC 2026","passed","Sat Jul 18 06:42:22 UTC 2026","","Go Test","github.com/specterops/bloodhound/cmd/api/src/queries/TestQueries_BuildEntityQueryParams_InvalidSkip","TestQueries_BuildEntityQueryParams_InvalidSkip"
"Test cases for TestResources_ListExtensions","67","TestResources_ListExtensions","","Sat Jul 18 06:42:14 UTC 2026","passed","Sat Jul 18 06:42:14 UTC 2026","","Go Test","github.com/specterops/bloodhound/cmd/api/src/api/v2/TestResources_ListExtensions","TestResources_ListExtensions"
"","519","should render","PasswordResetForm","Sat Jul 18 06:46:26 UTC 2026","passed","Sat Jul 18 06:46:26 UTC 2026","","","",""
"","62","sets autoDisplayTable to true if query returns nodes only, searchType = cypher, and and enabled is true","useExploreTableAutoDisplay","Sat Jul 18 06:47:52 UTC 2026","passed","Sat Jul 18 06:47:52 UTC 2026","","","",""
"Test cases for TestManagementResource_ListUsers","1","TestManagementResource_ListUsers","","Sat Jul 18 06:42:20 UTC 2026","passed","Sat Jul 18 06:42:20 UTC 2026","","Go Test","github.com/specterops/bloodhound/cmd/api/src/api/v2/auth/TestManagementResource_ListUsers","TestManagementResource_ListUsers"
"Test cases for TestResources_UpdateSavedQuery_ErrorFetchingPublicStatus","0","TestResources_UpdateSavedQuery_ErrorFetchingPublicStatus","","Sat Jul 18 06:42:14 UTC 2026","passed","Sat Jul 18 06:42:14 UTC 2026","","Go Test","github.com/specterops/bloodhound/cmd/api/src/api/v2/TestResources_UpdateSavedQuery_ErrorFetchingPublicStatus","TestResources_UpdateSavedQuery_ErrorFetchingPublicStatus"
"Test cases for TestResources_ListADDomainContainedUsers","1","TestResources_ListADDomainContainedUsers","","Sat Jul 18 06:42:14 UTC 2026","passed","Sat Jul 18 06:42:14 UTC 2026","","Go Test","github.com/specterops/bloodhound/cmd/api/src/api/v2/TestResources_ListADDomainContainedUsers","TestResources_ListADDomainContainedUsers"
"","1","runs a cypher search when the query param is set to ""cypher""","useExploreGraph","Sat Jul 18 06:44:56 UTC 2026","passed","Sat Jul 18 06:44:56 UTC 2026","","exploreGraphQueryFactory","",""
"","0","Input does not contain a type","parseKeywordAndTypeValue","Sat Jul 18 06:49:03 UTC 2026","passed","Sat Jul 18 06:49:03 UTC 2026","","","",""
"","3","returns true if value is undefined","searchParams","Sat Jul 18 06:47:29 UTC 2026","passed","Sat Jul 18 06:47:29 UTC 2026","","isEmptyParam","",""
"","80","should display the logged in user's full name","UserProfile","Sat Jul 18 06:45:55 UTC 2026","passed","Sat Jul 18 06:45:55 UTC 2026","","","",""
"Test cases for TestStringScan","0","TestStringScan","","Sat Jul 18 06:42:20 UTC 2026","passed","Sat Jul 18 06:42:20 UTC 2026","","Go Test","github.com/specterops/bloodhound/cmd/api/src/database/types/null/TestStringScan","TestStringScan"
"Test cases for TestRateLimitMiddleware","0","TestRateLimitMiddleware","","Sat Jul 18 06:42:04 UTC 2026","passed","Sat Jul 18 06:42:04 UTC 2026","","Go Test","github.com/specterops/bloodhound/cmd/api/src/api/middleware/TestRateLimitMiddleware","TestRateLimitMiddleware"
"Test cases for Test_filterAndFormatSearchResults_filterEnvironments_domainSIDFail","0","Test_filterAndFormatSearchResults_filterEnvironments_domainSIDFail","","Sat Jul 18 06:42:14 UTC 2026","passed","Sat Jul 18 06:42:14 UTC 2026","","Go Test","github.com/specterops/bloodhound/cmd/api/src/api/v2/Test_filterAndFormatSearchResults_filterEnvironments_domainSIDFail","Test_filterAndFormatSearchResults_filterEnvironments_domainSIDFail"
"","41","renders a list of pre-built searches and displays categories and subcategories one time","PrebuiltSearchList","Sat Jul 18 06:46:42 UTC 2026","passed","Sat Jul 18 06:46:42 UTC 2026","","","",""
"","208","handles close event","ImportQueryDialog","Sat Jul 18 06:49:08 UTC 2026","passed","Sat Jul 18 06:49:08 UTC 2026","","","",""
"Test cases for Test_UseHarness","0","Test_UseHarness","","Sat Jul 18 06:42:37 UTC 2026","passed","Sat Jul 18 06:42:37 UTC 2026","","Go Test","github.com/specterops/bloodhound/packages/go/lab/Test_UseHarness","Test_UseHarness"
"","694","should not call onSubmit when expired password is not supplied when reset password button clicked","PasswordResetForm","Sat Jul 18 06:46:29 UTC 2026","passed","Sat Jul 18 06:46:30 UTC 2026","","","",""
"","789","should display Environmental Targeted Access Control panel when showEnvironmentAccessControls prop is true and read-only role is selected","UpdateUserForm","Sat Jul 18 06:43:19 UTC 2026","passed","Sat Jul 18 06:43:20 UTC 2026","","","",""
"","475","should show open graph environment options when the feature flag is enabled","Open Graph feature flag","Sat Jul 18 06:45:00 UTC 2026","passed","Sat Jul 18 06:45:00 UTC 2026","","","",""
"","165","renders when all data is available and rule is not default","Delete Selector Button rendering","Sat Jul 18 06:48:52 UTC 2026","passed","Sat Jul 18 06:48:52 UTC 2026","","","",""
"Test cases for TestOpenGraphSchemaService_DeleteExtension","1","TestOpenGraphSchemaService_DeleteExtension","","Sat Jul 18 06:42:27 UTC 2026","passed","Sat Jul 18 06:42:27 UTC 2026","","Go Test","github.com/specterops/bloodhound/cmd/api/src/services/opengraphschema/TestOpenGraphSchemaService_DeleteExtension","TestOpenGraphSchemaService_DeleteExtension"
"","12","renders the ZoneSelector when available and on a Zone page","TagSelector","Sat Jul 18 06:47:07 UTC 2026","passed","Sat Jul 18 06:47:07 UTC 2026","","","",""
"Test cases for TestManagementResource_UpdateUser_DBError","1227","TestManagementResource_UpdateUser_DBError","","Sat Jul 18 06:42:34 UTC 2026","passed","Sat Jul 18 06:42:36 UTC 2026","","Go Test","github.com/specterops/bloodhound/cmd/api/src/api/v2/auth/TestManagementResource_UpdateUser_DBError","TestManagementResource_UpdateUser_DBError"
"Test cases for TestResources_GetAssetGroupMemberCount_Success","0","TestResources_GetAssetGroupMemberCount_Success","","Sat Jul 18 06:42:14 UTC 2026","passed","Sat Jul 18 06:42:14 UTC 2026","","Go Test","github.com/specterops/bloodhound/cmd/api/src/api/v2/TestResources_GetAssetGroupMemberCount_Success","TestResources_GetAssetGroupMemberCount_Success"
"","960","shows tooltip text on hover","ColumnHeaders","Sat Jul 18 06:46:36 UTC 2026","passed","Sat Jul 18 06:46:37 UTC 2026","","SortableHeader with Tooltip","",""
"","10","removes multiple keys from state","useObjectState","Sat Jul 18 06:48:22 UTC 2026","passed","Sat Jul 18 06:48:22 UTC 2026","","","",""
"Test cases for TestMatches_FailureAction","0","TestMatches_FailureAction","","Sat Jul 18 06:42:20 UTC 2026","passed","Sat Jul 18 06:42:20 UTC 2026","","Go Test","github.com/specterops/bloodhound/cmd/api/src/model/TestMatches_FailureAction","TestMatches_FailureAction"
"","2262","should display search results when the user enters text","AssetGroupEdit","Sat Jul 18 06:47:12 UTC 2026","passed","Sat Jul 18 06:47:14 UTC 2026","","","",""
"","15","renders OpenGraphPlatformInfo for an open graph platform aggregate with a kind id","getStatsComponent","Sat Jul 18 06:47:39 UTC 2026","passed","Sat Jul 18 06:47:39 UTC 2026","","","",""
"Test cases for TestResources_ListADDomainForeignGPOControllers","3","TestResources_ListADDomainForeignGPOControllers","","Sat Jul 18 06:42:14 UTC 2026","passed","Sat Jul 18 06:42:14 UTC 2026","","Go Test","github.com/specterops/bloodhound/cmd/api/src/api/v2/TestResources_ListADDomainForeignGPOControllers","TestResources_ListADDomainForeignGPOControllers"
"Test cases for Test_parseInfoPayload","8","Test_parseInfoPayload","","Sat Jul 18 06:42:20 UTC 2026","passed","Sat Jul 18 06:42:20 UTC 2026","","Go Test","github.com/specterops/bloodhound/cmd/api/src/model/Test_parseInfoPayload","Test_parseInfoPayload"
"","177","renders nothing in the expiration cell when a token has no expires_at","UserTokenManagementDialog - API Expiration Date column","Sat Jul 18 06:45:25 UTC 2026","passed","Sat Jul 18 06:45:25 UTC 2026","","","",""
"Test cases for TestUrlValidator","0","TestUrlValidator","","Sat Jul 18 06:42:31 UTC 2026","passed","Sat Jul 18 06:42:31 UTC 2026","","Go Test","github.com/specterops/bloodhound/cmd/api/src/utils/validation/TestUrlValidator","TestUrlValidator"
"Test cases for TestTracker_HasEdge_PropertyMismatchTriggersInsert","0","TestTracker_HasEdge_PropertyMismatchTriggersInsert","","Sat Jul 18 06:42:34 UTC 2026","passed","Sat Jul 18 06:42:34 UTC 2026","","Go Test","github.com/specterops/bloodhound/packages/go/analysis/post/TestTracker_HasEdge_PropertyMismatchTriggersInsert","TestTracker_HasEdge_PropertyMismatchTriggersInsert"
"","2","returns the node_keys from the graphData with duplicate keys removed and known keys added","getExploreTableData","Sat Jul 18 06:46:47 UTC 2026","passed","Sat Jul 18 06:46:47 UTC 2026","","","",""
"","218","displays loading state","GraphDataCheckboxes","Sat Jul 18 06:44:37 UTC 2026","passed","Sat Jul 18 06:44:37 UTC 2026","","","",""
"","2670","when user performs a pathfinding search, and then clicks the swap button, the start and destination inputs are swapped","Pathfinding: interaction","Sat Jul 18 06:46:10 UTC 2026","passed","Sat Jul 18 06:46:13 UTC 2026","","","",""
"Test cases for TestUnique","0","TestUnique","","Sat Jul 18 06:42:38 UTC 2026","passed","Sat Jul 18 06:42:38 UTC 2026","","Go Test","github.com/specterops/bloodhound/packages/go/slicesext/TestUnique","TestUnique"
"Test cases for TestMatches_FailureErrMsg","0","TestMatches_FailureErrMsg","","Sat Jul 18 06:42:20 UTC 2026","passed","Sat Jul 18 06:42:20 UTC 2026","","Go Test","github.com/specterops/bloodhound/cmd/api/src/model/TestMatches_FailureErrMsg","TestMatches_FailureErrMsg"
"Test cases for TestManagementResource_ServeMetadata","14","TestManagementResource_ServeMetadata","","Sat Jul 18 06:42:55 UTC 2026","passed","Sat Jul 18 06:42:55 UTC 2026","","Go Test","github.com/specterops/bloodhound/cmd/api/src/api/v2/auth/TestManagementResource_ServeMetadata","TestManagementResource_ServeMetadata"
"","42","initializes with the given state","useObjectState","Sat Jul 18 06:48:22 UTC 2026","passed","Sat Jul 18 06:48:22 UTC 2026","","","",""
"","432","sets secondarySearch=id and searchType=node when primarySearch is falsey","ContextMenu","Sat Jul 18 06:50:09 UTC 2026","passed","Sat Jul 18 06:50:09 UTC 2026","","","",""
"TestService_checkUserAccessToEnvironments_AllEnvironments covers theshort-circuit branch that is unreachable through CheckUserAccess (becauseshouldFilterForETAC already excludes all-environment users).","0","TestService_checkUserAccessToEnvironments_AllEnvironments","","Sat Jul 18 06:42:45 UTC 2026","passed","Sat Jul 18 06:42:45 UTC 2026","","Go Test","github.com/specterops/bloodhound/server/etac/internal/services/TestService_checkUserAccessToEnvironments_AllEnvironments","TestService_checkUserAccessToEnvironments_AllEnvironments"
"","615","should close the dialog when the Cancel button is clicked","Privilege Zones History Filter Dialog","Sat Jul 18 06:46:19 UTC 2026","passed","Sat Jul 18 06:46:20 UTC 2026","","","",""
"","49","should have a .z-nav class","MainNav","Sat Jul 18 06:45:59 UTC 2026","passed","Sat Jul 18 06:45:59 UTC 2026","","","",""
"Test cases for TestJSONFloat_UnmarshalJSON_NaN","0","TestJSONFloat_UnmarshalJSON_NaN","","Sat Jul 18 06:42:20 UTC 2026","passed","Sat Jul 18 06:42:20 UTC 2026","","Go Test","github.com/specterops/bloodhound/cmd/api/src/database/types/nan/TestJSONFloat_UnmarshalJSON_NaN","TestJSONFloat_UnmarshalJSON_NaN"
"Test cases for TestInt64Pointer","0","TestInt64Pointer","","Sat Jul 18 06:42:20 UTC 2026","passed","Sat Jul 18 06:42:20 UTC 2026","","Go Test","github.com/specterops/bloodhound/cmd/api/src/database/types/null/TestInt64Pointer","TestInt64Pointer"
"","3","The data is loading","Getting the text for the disabled item display for a search when there are no results","Sat Jul 18 06:48:04 UTC 2026","passed","Sat Jul 18 06:48:04 UTC 2026","","Loading states","",""
"Test cases for TestHasSequence","1","TestHasSequence","","Sat Jul 18 06:42:35 UTC 2026","passed","Sat Jul 18 06:42:35 UTC 2026","","Go Test","github.com/specterops/bloodhound/packages/go/bomenc/TestHasSequence","TestHasSequence"
"Test cases for Test_CheckAccessToEnvironments","100","Test_CheckAccessToEnvironments","","Sat Jul 18 06:42:14 UTC 2026","passed","Sat Jul 18 06:42:14 UTC 2026","","Go Test","github.com/specterops/bloodhound/cmd/api/src/api/v2/Test_CheckAccessToEnvironments","Test_CheckAccessToEnvironments"
"","567","runs the query and calls dispatch to set the node results","PrivilegeZonesCypherEditor Search component for Zone Management","Sat Jul 18 06:48:01 UTC 2026","passed","Sat Jul 18 06:48:02 UTC 2026","","","",""
"","1","EXTENDED ROUNDING when thresholds are set: does not abbreviate numbers < 10000","numberFormatting","Sat Jul 18 06:46:44 UTC 2026","passed","Sat Jul 18 06:46:44 UTC 2026","","","",""
"","15","when password is expired and on password reset page, no redirect occurs","AuthenticatedRoute","Sat Jul 18 06:50:17 UTC 2026","passed","Sat Jul 18 06:50:17 UTC 2026","","","",""
"Test cases for TestGenerateRandomBase64String","0","TestGenerateRandomBase64String","","Sat Jul 18 06:42:15 UTC 2026","passed","Sat Jul 18 06:42:15 UTC 2026","","Go Test","github.com/specterops/bloodhound/cmd/api/src/config/TestGenerateRandomBase64String","TestGenerateRandomBase64String"
"Test cases for Test_NewSpec","0","Test_NewSpec","","Sat Jul 18 06:42:37 UTC 2026","passed","Sat Jul 18 06:42:37 UTC 2026","","Go Test","github.com/specterops/bloodhound/packages/go/lab/Test_NewSpec","Test_NewSpec"
"","0","returns empty array when combined filters match nothing","filterAndSearchEnvironments","Sat Jul 18 06:43:31 UTC 2026","passed","Sat Jul 18 06:43:31 UTC 2026","","combined filters","",""
"Test cases for TestAddOrderByToNeo4jQuery_WithOrderByClause","0","TestAddOrderByToNeo4jQuery_WithOrderByClause","","Sat Jul 18 06:42:14 UTC 2026","passed","Sat Jul 18 06:42:14 UTC 2026","","Go Test","github.com/specterops/bloodhound/cmd/api/src/api/v2/TestAddOrderByToNeo4jQuery_WithOrderByClause","TestAddOrderByToNeo4jQuery_WithOrderByClause"
"","1","Null input is provided","parseKeywordAndTypeValue","Sat Jul 18 06:49:03 UTC 2026","passed","Sat Jul 18 06:49:03 UTC 2026","","","",""
"","1","EXTENDED ROUNDING when thresholds are set: returns a comma separated number when provided with a number > 999","numberFormatting","Sat Jul 18 06:46:44 UTC 2026","passed","Sat Jul 18 06:46:44 UTC 2026","","","",""
"Test cases for TestManagementResource_UpdateUser_GetUserError","1431","TestManagementResource_UpdateUser_GetUserError","","Sat Jul 18 06:42:28 UTC 2026","passed","Sat Jul 18 06:42:29 UTC 2026","","Go Test","github.com/specterops/bloodhound/cmd/api/src/api/v2/auth/TestManagementResource_UpdateUser_GetUserError","TestManagementResource_UpdateUser_GetUserError"
"","302","should display a ""Configure Multi-Factor Authentication"" modal","UserProfile","Sat Jul 18 06:45:56 UTC 2026","passed","Sat Jul 18 06:45:56 UTC 2026","","""Multi-Factor Authentication"" switch","",""
"","260","sets the calendar date to match the valid","ManagedDatePicker - value","Sat Jul 18 06:46:37 UTC 2026","passed","Sat Jul 18 06:46:37 UTC 2026","","","",""
"Test cases for TestFeatureFlagManager","0","TestFeatureFlagManager","","Sat Jul 18 06:42:16 UTC 2026","passed","Sat Jul 18 06:42:16 UTC 2026","","Go Test","github.com/specterops/bloodhound/cmd/api/src/daemons/changelog/TestFeatureFlagManager","TestFeatureFlagManager"
"Test cases for TestManagementResource_ListAuthTokens_Filtered","0","TestManagementResource_ListAuthTokens_Filtered","","Sat Jul 18 06:42:44 UTC 2026","passed","Sat Jul 18 06:42:44 UTC 2026","","Go Test","github.com/specterops/bloodhound/cmd/api/src/api/v2/auth/TestManagementResource_ListAuthTokens_Filtered","TestManagementResource_ListAuthTokens_Filtered"
"","1157","calls the passed in cancel handler when clicking the Cancel button","Glyph Select Dialog","Sat Jul 18 06:48:45 UTC 2026","passed","Sat Jul 18 06:48:47 UTC 2026","","","",""
"Test cases for TestResources_ListADIssuancePolicyLinkedCertTemplates","187","TestResources_ListADIssuancePolicyLinkedCertTemplates","","Sat Jul 18 06:42:14 UTC 2026","passed","Sat Jul 18 06:42:14 UTC 2026","","Go Test","github.com/specterops/bloodhound/cmd/api/src/api/v2/TestResources_ListADIssuancePolicyLinkedCertTemplates","TestResources_ListADIssuancePolicyLinkedCertTemplates"
"Test cases for TestEndNodes","2","TestEndNodes","","Sat Jul 18 06:42:34 UTC 2026","passed","Sat Jul 18 06:42:34 UTC 2026","","Go Test","github.com/specterops/bloodhound/packages/go/analysis/azure/TestEndNodes","TestEndNodes"
"","1413","should display a dropdown when a user types a partial query that can be autocompleted","CypherSearch","Sat Jul 18 06:44:08 UTC 2026","passed","Sat Jul 18 06:44:09 UTC 2026","","","",""
"","3","returns undefined if graphData is undefined","normalizeGraphDataForSigma","Sat Jul 18 06:50:34 UTC 2026","passed","Sat Jul 18 06:50:34 UTC 2026","","","",""
"Test cases for TestRewriter_Enter_CombinedADAndAzureShortcut_PreservesOrder","0","TestRewriter_Enter_CombinedADAndAzureShortcut_PreservesOrder","","Sat Jul 18 06:42:22 UTC 2026","passed","Sat Jul 18 06:42:22 UTC 2026","","Go Test","github.com/specterops/bloodhound/cmd/api/src/queries/TestRewriter_Enter_CombinedADAndAzureShortcut_PreservesOrder","TestRewriter_Enter_CombinedADAndAzureShortcut_PreservesOrder"
"Test cases for TestTagScanner_NextTopLevelTag","0","TestTagScanner_NextTopLevelTag","","Sat Jul 18 06:42:28 UTC 2026","passed","Sat Jul 18 06:42:28 UTC 2026","","Go Test","github.com/specterops/bloodhound/cmd/api/src/services/upload/TestTagScanner_NextTopLevelTag","TestTagScanner_NextTopLevelTag"
"","514","reflects the persisted selected layout in the controls menu","GraphView","Sat Jul 18 06:49:54 UTC 2026","passed","Sat Jul 18 06:49:55 UTC 2026","","Layout selection and de-selection","",""
"","0","maps cypher 504 errors to timeout messaging","useExploreGraph","Sat Jul 18 06:44:56 UTC 2026","passed","Sat Jul 18 06:44:56 UTC 2026","","exploreGraphQueryFactory","",""
"Test cases for TestVersion_GreaterThan","0","TestVersion_GreaterThan","","Sat Jul 18 06:42:32 UTC 2026","passed","Sat Jul 18 06:42:32 UTC 2026","","Go Test","github.com/specterops/bloodhound/cmd/api/src/version/TestVersion_GreaterThan","TestVersion_GreaterThan"
"Test cases for TestNewDefaultFileServices_ReturnsError","1","TestNewDefaultFileServices_ReturnsError","","Sat Jul 18 06:42:28 UTC 2026","passed","Sat Jul 18 06:42:28 UTC 2026","","Go Test","github.com/specterops/bloodhound/cmd/api/src/services/storage/TestNewDefaultFileServices_ReturnsError","TestNewDefaultFileServices_ReturnsError"
"Test cases for TestActivateMFA_Success","638","TestActivateMFA_Success","","Sat Jul 18 06:42:55 UTC 2026","passed","Sat Jul 18 06:42:55 UTC 2026","","Go Test","github.com/specterops/bloodhound/cmd/api/src/api/v2/auth/TestActivateMFA_Success","TestActivateMFA_Success"
"Test cases for Test_HarnessTeardown","0","Test_HarnessTeardown","","Sat Jul 18 06:42:37 UTC 2026","passed","Sat Jul 18 06:42:37 UTC 2026","","Go Test","github.com/specterops/bloodhound/packages/go/lab/Test_HarnessTeardown","Test_HarnessTeardown"
"Test cases for TestCreateAssetGroupRequest_AuditData","0","TestCreateAssetGroupRequest_AuditData","","Sat Jul 18 06:42:14 UTC 2026","passed","Sat Jul 18 06:42:14 UTC 2026","","Go Test","github.com/specterops/bloodhound/cmd/api/src/api/v2/TestCreateAssetGroupRequest_AuditData","TestCreateAssetGroupRequest_AuditData"
"","285","calls onChange with all columns when ""Select All"" is clicked","ManageColumnsComboBox","Sat Jul 18 06:45:32 UTC 2026","passed","Sat Jul 18 06:45:32 UTC 2026","","","",""
"","22","will update the selected filters based on the values stored in query params when the initialize function is called","usePathfindingFilters","Sat Jul 18 06:48:32 UTC 2026","passed","Sat Jul 18 06:48:32 UTC 2026","","","",""
"","381","includes the platform environment_kind_id in the onSelect payload when an open graph aggregate is clicked","Open Graph platform selection","Sat Jul 18 06:45:01 UTC 2026","passed","Sat Jul 18 06:45:01 UTC 2026","","","",""
"Test cases for TestBoolScan","0","TestBoolScan","","Sat Jul 18 06:42:20 UTC 2026","passed","Sat Jul 18 06:42:20 UTC 2026","","Go Test","github.com/specterops/bloodhound/cmd/api/src/database/types/null/TestBoolScan","TestBoolScan"
"Test cases for TestInvalidValueError","0","TestInvalidValueError","","Sat Jul 18 06:42:35 UTC 2026","passed","Sat Jul 18 06:42:35 UTC 2026","","Go Test","github.com/specterops/bloodhound/packages/go/cache/TestInvalidValueError","TestInvalidValueError"
"","237","opens and closes the dialog with the cancel button","Tag Form","Sat Jul 18 06:43:12 UTC 2026","passed","Sat Jul 18 06:43:12 UTC 2026","","","",""
"","26","hides the item when only the feature flag passes","useSubNavRoutes","Sat Jul 18 06:46:23 UTC 2026","passed","Sat Jul 18 06:46:23 UTC 2026","","combined gates","",""
"","18","renders nothing if flag is disabled and disabled prop is not provided","FeatureFlag","Sat Jul 18 06:48:02 UTC 2026","passed","Sat Jul 18 06:48:02 UTC 2026","","","",""
"","4","matches all AD edges","Make sure pathfinding filterable edges match schemagen","Sat Jul 18 06:49:18 UTC 2026","passed","Sat Jul 18 06:49:18 UTC 2026","","","",""
"","637","clicking cancel on the form takes the user back to the details page the user was on previously","Rule Form","Sat Jul 18 06:43:23 UTC 2026","passed","Sat Jul 18 06:43:23 UTC 2026","","","",""
"","70","does not mutate the original items array when sorting","KindInfoItems","Sat Jul 18 06:46:05 UTC 2026","passed","Sat Jul 18 06:46:05 UTC 2026","","","",""
"","48","renders the title passed via title prop","ColumnHeaders","Sat Jul 18 06:46:35 UTC 2026","passed","Sat Jul 18 06:46:35 UTC 2026","","SortableHeader","",""
"Test cases for TestEnsureServerDirectoriesCreatesRequiredDirectories","1","TestEnsureServerDirectoriesCreatesRequiredDirectories","","Sat Jul 18 06:42:15 UTC 2026","passed","Sat Jul 18 06:42:15 UTC 2026","","Go Test","github.com/specterops/bloodhound/cmd/api/src/bootstrap/TestEnsureServerDirectoriesCreatesRequiredDirectories","TestEnsureServerDirectoriesCreatesRequiredDirectories"
"","30","returns a prefer wait in the header when db config timeout limit setting is disabled and state of is disable query limit is true","useExploreGraph","Sat Jul 18 06:44:56 UTC 2026","passed","Sat Jul 18 06:44:56 UTC 2026","userSettings","exploreGraphQueryFactory","",""
"Test cases for TestSeekToKey","0","TestSeekToKey","","Sat Jul 18 06:42:27 UTC 2026","passed","Sat Jul 18 06:42:27 UTC 2026","","Go Test","github.com/specterops/bloodhound/cmd/api/src/services/graphify/TestSeekToKey","TestSeekToKey"
"","1169","should not call onSubmit when password does not match confirmation password when reset password button clicked","PasswordResetForm","Sat Jul 18 06:46:28 UTC 2026","passed","Sat Jul 18 06:46:29 UTC 2026","","","",""
"Test cases for TestMaybeSubmitRelationshipUpdate","0","TestMaybeSubmitRelationshipUpdate","","Sat Jul 18 06:42:27 UTC 2026","passed","Sat Jul 18 06:42:27 UTC 2026","","Go Test","github.com/specterops/bloodhound/cmd/api/src/services/graphify/TestMaybeSubmitRelationshipUpdate","TestMaybeSubmitRelationshipUpdate"
"Test cases for TestResources_ListADGroupMembership","0","TestResources_ListADGroupMembership","","Sat Jul 18 06:42:14 UTC 2026","passed","Sat Jul 18 06:42:14 UTC 2026","","Go Test","github.com/specterops/bloodhound/cmd/api/src/api/v2/TestResources_ListADGroupMembership","TestResources_ListADGroupMembership"
"Test cases for TestFilterParseAndValidate_Enrichment","0","TestFilterParseAndValidate_Enrichment","","Sat Jul 18 06:42:37 UTC 2026","passed","Sat Jul 18 06:42:37 UTC 2026","","Go Test","github.com/specterops/bloodhound/packages/go/params/TestFilterParseAndValidate_Enrichment","TestFilterParseAndValidate_Enrichment"
"","99","should hide Environmental Targeted Access Control panel when showEnvironmentAccessControls prop is false","CreateUserForm","Sat Jul 18 06:43:51 UTC 2026","passed","Sat Jul 18 06:43:51 UTC 2026","","","",""
"Test cases for TestStorageFileService_WriteFile","7","TestStorageFileService_WriteFile","","Sat Jul 18 06:42:40 UTC 2026","passed","Sat Jul 18 06:42:40 UTC 2026","","Go Test","github.com/specterops/bloodhound/packages/go/storage/TestStorageFileService_WriteFile","TestStorageFileService_WriteFile"
"","63","correctly handles the hygiene ID with value 0 by not omitting it in the params value even though 0 is falsey","usePZQueryParams","Sat Jul 18 06:47:00 UTC 2026","passed","Sat Jul 18 06:47:00 UTC 2026","","","",""
"","664","displays must be new password error messages when current password is the same as new password","PasswordDialog","Sat Jul 18 06:44:05 UTC 2026","passed","Sat Jul 18 06:44:05 UTC 2026","","","",""
"","128","clicking a disabled header does not toggle content","<DetailsAccordion />","Sat Jul 18 06:45:30 UTC 2026","passed","Sat Jul 18 06:45:30 UTC 2026","","","",""
"","79","renders the Object Tab content when Object tab is chosen","Selected Details Tab Content","Sat Jul 18 06:47:09 UTC 2026","passed","Sat Jul 18 06:47:09 UTC 2026","","","",""
"","72","List Display Roles Hook is Loading","useListDisplayRoles","Sat Jul 18 06:45:18 UTC 2026","passed","Sat Jul 18 06:45:18 UTC 2026","","","",""
"","55","shows the empty form message when Cypher Rule Form is empty","Seed Selection Results","Sat Jul 18 06:45:25 UTC 2026","passed","Sat Jul 18 06:45:25 UTC 2026","","","",""
"","0","returns undefined if graphData is undefined or not a GraphResponse","getExploreTableData","Sat Jul 18 06:46:47 UTC 2026","passed","Sat Jul 18 06:46:47 UTC 2026","","","",""
"","173","handles removing from a non-tier-zero asset group","AssetGroupMenuItem","Sat Jul 18 06:49:48 UTC 2026","passed","Sat Jul 18 06:49:48 UTC 2026","","removing from an asset group","",""
"","263","should display a searchbox with a placeholder when rendered","AssetGroupEdit","Sat Jul 18 06:47:12 UTC 2026","passed","Sat Jul 18 06:47:12 UTC 2026","","","",""
"","66","should display a total count of asset group members","AssetGroupEdit","Sat Jul 18 06:47:12 UTC 2026","passed","Sat Jul 18 06:47:12 UTC 2026","","","",""
"","331","The reset password and two-factor authentication options should not appear in profile page if the user is configured for SAML login","UserProfile with SSO User","Sat Jul 18 06:45:54 UTC 2026","passed","Sat Jul 18 06:45:54 UTC 2026","","","",""
"Test cases for TestManagementResource_UpdateUser_IDMalformed","1256","TestManagementResource_UpdateUser_IDMalformed","","Sat Jul 18 06:42:27 UTC 2026","passed","Sat Jul 18 06:42:28 UTC 2026","","Go Test","github.com/specterops/bloodhound/cmd/api/src/api/v2/auth/TestManagementResource_UpdateUser_IDMalformed","TestManagementResource_UpdateUser_IDMalformed"
"TestGooseMigrationFilenamesUseCurrentVersionPrefix is utilized to ensure that all migration files are named accordingto the set naming convention.","4","TestGooseMigrationFilenamesUseCurrentVersionPrefix","","Sat Jul 18 06:42:20 UTC 2026","passed","Sat Jul 18 06:42:20 UTC 2026","","Go Test","github.com/specterops/bloodhound/cmd/api/src/database/migration/TestGooseMigrationFilenamesUseCurrentVersionPrefix","TestGooseMigrationFilenamesUseCurrentVersionPrefix"
"Test cases for TestResources_ListADEntityAdminRights","1","TestResources_ListADEntityAdminRights","","Sat Jul 18 06:42:14 UTC 2026","passed","Sat Jul 18 06:42:14 UTC 2026","","Go Test","github.com/specterops/bloodhound/cmd/api/src/api/v2/TestResources_ListADEntityAdminRights","TestResources_ListADEntityAdminRights"
"","178","calls onChangePinnedColumns to unpin a column when its pin icon is clicked","ManageColumnsComboBox","Sat Jul 18 06:45:33 UTC 2026","passed","Sat Jul 18 06:45:33 UTC 2026","","","",""
"","514","renders icons as expected","DropdownSelector","Sat Jul 18 06:47:44 UTC 2026","passed","Sat Jul 18 06:47:45 UTC 2026","","","",""
"Test cases for TestResources_UpdateSavedQuery_NoQueryMatch","0","TestResources_UpdateSavedQuery_NoQueryMatch","","Sat Jul 18 06:42:14 UTC 2026","passed","Sat Jul 18 06:42:14 UTC 2026","","Go Test","github.com/specterops/bloodhound/cmd/api/src/api/v2/TestResources_UpdateSavedQuery_NoQueryMatch","TestResources_UpdateSavedQuery_NoQueryMatch"
"","51","displays a loading message while fetching extensions","ActiveExtensionsCard","Sat Jul 18 06:43:37 UTC 2026","passed","Sat Jul 18 06:43:37 UTC 2026","","","",""
"","33","renders nothing when the response contains no stats","OpenGraphInfo","Sat Jul 18 06:45:04 UTC 2026","passed","Sat Jul 18 06:45:04 UTC 2026","","","",""
"","383","disables a nested graph data option while its source kind is selected","GraphDataCheckboxes","Sat Jul 18 06:44:42 UTC 2026","passed","Sat Jul 18 06:44:43 UTC 2026","","","",""
"Test cases for TestResources_DeleteSavedQuery_RecordNotFound","0","TestResources_DeleteSavedQuery_RecordNotFound","","Sat Jul 18 06:42:14 UTC 2026","passed","Sat Jul 18 06:42:14 UTC 2026","","Go Test","github.com/specterops/bloodhound/cmd/api/src/api/v2/TestResources_DeleteSavedQuery_RecordNotFound","TestResources_DeleteSavedQuery_RecordNotFound"
"Test cases for TestParseSkipQueryParameter_Invalid","0","TestParseSkipQueryParameter_Invalid","","Sat Jul 18 06:42:14 UTC 2026","passed","Sat Jul 18 06:42:14 UTC 2026","","Go Test","github.com/specterops/bloodhound/cmd/api/src/api/v2/TestParseSkipQueryParameter_Invalid","TestParseSkipQueryParameter_Invalid"
"","505","renders trigger button and dropdown items","TagToZoneLabel","Sat Jul 18 06:43:29 UTC 2026","passed","Sat Jul 18 06:43:29 UTC 2026","","","",""
"Test cases for TestResources_ListADGPOAffectedComputers","0","TestResources_ListADGPOAffectedComputers","","Sat Jul 18 06:42:14 UTC 2026","passed","Sat Jul 18 06:42:14 UTC 2026","","Go Test","github.com/specterops/bloodhound/cmd/api/src/api/v2/TestResources_ListADGPOAffectedComputers","TestResources_ListADGPOAffectedComputers"
"","474","renders the Rule Tab content when Rule tab is chosen","Selected Details Tab Content","Sat Jul 18 06:47:08 UTC 2026","passed","Sat Jul 18 06:47:09 UTC 2026","","","",""
"","1345","should disable save button while input is empty","SaveQueryDialog","Sat Jul 18 06:43:08 UTC 2026","passed","Sat Jul 18 06:43:09 UTC 2026","","","",""
"Test cases for Test_signedRequestDate","0","Test_signedRequestDate","","Sat Jul 18 06:42:04 UTC 2026","passed","Sat Jul 18 06:42:04 UTC 2026","","Go Test","github.com/specterops/bloodhound/cmd/api/src/api/middleware/Test_signedRequestDate","Test_signedRequestDate"
"Test cases for TestResources_GetAZRelatedEntities","131","TestResources_GetAZRelatedEntities","","Sat Jul 18 06:42:14 UTC 2026","passed","Sat Jul 18 06:42:14 UTC 2026","","Go Test","github.com/specterops/bloodhound/cmd/api/src/api/v2/TestResources_GetAZRelatedEntities","TestResources_GetAZRelatedEntities"
"Test cases for Test_GetApplicationConfigurations","2","Test_GetApplicationConfigurations","","Sat Jul 18 06:42:14 UTC 2026","passed","Sat Jul 18 06:42:14 UTC 2026","","Go Test","github.com/specterops/bloodhound/cmd/api/src/api/v2/Test_GetApplicationConfigurations","Test_GetApplicationConfigurations"
"TestCacheEntryDigester_DigestEndpoint_MatchByProperty tests the sorting and hashinglogic when MatchBy is set to MatchByProperty.","1","TestCacheEntryDigester_DigestEndpoint_MatchByProperty","","Sat Jul 18 06:42:27 UTC 2026","passed","Sat Jul 18 06:42:27 UTC 2026","","Go Test","github.com/specterops/bloodhound/cmd/api/src/services/graphify/endpoint/TestCacheEntryDigester_DigestEndpoint_MatchByProperty","TestCacheEntryDigester_DigestEndpoint_MatchByProperty"
"","260","dispatches an action to the delete the associated node","Rule Object Select","Sat Jul 18 06:47:35 UTC 2026","passed","Sat Jul 18 06:47:35 UTC 2026","","","",""
"","0","combines collected and risk filters","filterAndSearchEnvironments","Sat Jul 18 06:43:31 UTC 2026","passed","Sat Jul 18 06:43:31 UTC 2026","","combined filters","",""
"Test cases for TestResources_CreateSavedQuery_CreateFailure","0","TestResources_CreateSavedQuery_CreateFailure","","Sat Jul 18 06:42:14 UTC 2026","passed","Sat Jul 18 06:42:14 UTC 2026","","Go Test","github.com/specterops/bloodhound/cmd/api/src/api/v2/TestResources_CreateSavedQuery_CreateFailure","TestResources_CreateSavedQuery_CreateFailure"
"","13","resets to descending sort when sorting a different column","useSortParams","Sat Jul 18 06:47:23 UTC 2026","passed","Sat Jul 18 06:47:23 UTC 2026","","","",""
"","0","fails for empty password","testPassword","Sat Jul 18 06:49:17 UTC 2026","passed","Sat Jul 18 06:49:17 UTC 2026","","","",""
"Test cases for TestGetPlatformAggregateStats_Success","0","TestGetPlatformAggregateStats_Success","","Sat Jul 18 06:42:14 UTC 2026","passed","Sat Jul 18 06:42:14 UTC 2026","","Go Test","github.com/specterops/bloodhound/cmd/api/src/api/v2/TestGetPlatformAggregateStats_Success","TestGetPlatformAggregateStats_Success"
"","2","dispatches a storage event when a value is set","useLocalStorage","Sat Jul 18 06:46:02 UTC 2026","passed","Sat Jul 18 06:46:02 UTC 2026","","storage event synchronisation","",""
"","977","should hide Environmental Targeted Access Control panel when showEnvironmentAccessControls prop is true and admin role is selected","UpdateUserForm","Sat Jul 18 06:43:22 UTC 2026","passed","Sat Jul 18 06:43:23 UTC 2026","","","",""
"Test cases for TestGetDataQualityStats_Failure","3","TestGetDataQualityStats_Failure","","Sat Jul 18 06:42:14 UTC 2026","passed","Sat Jul 18 06:42:14 UTC 2026","","Go Test","github.com/specterops/bloodhound/cmd/api/src/api/v2/TestGetDataQualityStats_Failure","TestGetDataQualityStats_Failure"
"","768","should display Environmental Targeted Access Control panel when showEnvironmentAccessControls prop is true and user role is selected","UpdateUserForm","Sat Jul 18 06:43:20 UTC 2026","passed","Sat Jul 18 06:43:21 UTC 2026","","","",""
"","481","should not have less characters than the minimum requirement","UpdateUserForm","Sat Jul 18 06:43:18 UTC 2026","passed","Sat Jul 18 06:43:19 UTC 2026","","","",""
"","273","displays expected results when searching by objectid","SearchCurrentNodes","Sat Jul 18 06:47:00 UTC 2026","passed","Sat Jul 18 06:47:00 UTC 2026","","","",""
"","7","should render when search string is not found in the text","HighlightedText","Sat Jul 18 06:48:22 UTC 2026","passed","Sat Jul 18 06:48:22 UTC 2026","","","",""
"Test cases for TestValidateTOTPSecret","0","TestValidateTOTPSecret","","Sat Jul 18 06:42:15 UTC 2026","passed","Sat Jul 18 06:42:15 UTC 2026","","Go Test","github.com/specterops/bloodhound/cmd/api/src/auth/TestValidateTOTPSecret","TestValidateTOTPSecret"
"","1185","shows indeterminate states when some graph data is selected","GraphDataCheckboxes","Sat Jul 18 06:44:38 UTC 2026","passed","Sat Jul 18 06:44:39 UTC 2026","","","",""
"Test cases for TestNewAnalysisRequestAdapter","1","TestNewAnalysisRequestAdapter","","Sat Jul 18 06:42:43 UTC 2026","passed","Sat Jul 18 06:42:43 UTC 2026","","Go Test","github.com/specterops/bloodhound/server/analysis/TestNewAnalysisRequestAdapter","TestNewAnalysisRequestAdapter"
"Test cases for TestManagementResource_ListAuthTokens_Admin","0","TestManagementResource_ListAuthTokens_Admin","","Sat Jul 18 06:42:44 UTC 2026","passed","Sat Jul 18 06:42:44 UTC 2026","","Go Test","github.com/specterops/bloodhound/cmd/api/src/api/v2/auth/TestManagementResource_ListAuthTokens_Admin","TestManagementResource_ListAuthTokens_Admin"
"","12","announces a polite message (default priority)","AnnouncementProvider","Sat Jul 18 06:46:45 UTC 2026","passed","Sat Jul 18 06:46:45 UTC 2026","","","",""
"","391","shows ""Clear All"" when all columns are selected","ManageColumnsComboBox","Sat Jul 18 06:45:31 UTC 2026","passed","Sat Jul 18 06:45:32 UTC 2026","","","",""
"Test cases for TestIngestControl_LockConflict","7","TestIngestControl_LockConflict","","Sat Jul 18 06:42:05 UTC 2026","passed","Sat Jul 18 06:42:05 UTC 2026","","Go Test","github.com/specterops/bloodhound/cmd/api/src/api/tools/TestIngestControl_LockConflict","TestIngestControl_LockConflict"
"","0","accepts a sort and compare function","areArraysSimilar","Sat Jul 18 06:48:49 UTC 2026","passed","Sat Jul 18 06:48:49 UTC 2026","","","",""
"Test cases for TestCache_Set","0","TestCache_Set","","Sat Jul 18 06:42:35 UTC 2026","passed","Sat Jul 18 06:42:35 UTC 2026","","Go Test","github.com/specterops/bloodhound/packages/go/cache/TestCache_Set","TestCache_Set"
"","586","navigates to object details when clicking an object row","ObjectsAccordion","Sat Jul 18 06:48:09 UTC 2026","passed","Sat Jul 18 06:48:10 UTC 2026","","","",""
"","16","does not render the tooltip icon when tooltipText prop is not passed","ColumnHeaders","Sat Jul 18 06:46:36 UTC 2026","passed","Sat Jul 18 06:46:36 UTC 2026","","SortableHeader with Tooltip","",""
"","212","shows a loading state","FileIngestTable","Sat Jul 18 06:44:25 UTC 2026","passed","Sat Jul 18 06:44:25 UTC 2026","","","",""
"","583","when an `inputValue` is provided it eventually displays a list of search results","ExploreSearchCombobox","Sat Jul 18 06:45:39 UTC 2026","passed","Sat Jul 18 06:45:39 UTC 2026","","","",""
"","0","returns undefined when highlightedItem is null","SigmaChart Utils","Sat Jul 18 06:50:20 UTC 2026","passed","Sat Jul 18 06:50:20 UTC 2026","","getIsHighlightedItemInGraph","",""
"","1","uppercases boolean values","Formatting boolean properties","Sat Jul 18 06:45:27 UTC 2026","passed","Sat Jul 18 06:45:27 UTC 2026","","","",""
"","0","returns true if value is null","searchParams","Sat Jul 18 06:47:29 UTC 2026","passed","Sat Jul 18 06:47:29 UTC 2026","","isEmptyParam","",""
"","498","disables confirm button until extension name is typed correctly","ActiveExtensionsCard","Sat Jul 18 06:43:40 UTC 2026","passed","Sat Jul 18 06:43:41 UTC 2026","","","",""
"","11","sets autoDisplayTable to false if query type is relationship","useExploreTableAutoDisplay","Sat Jul 18 06:47:52 UTC 2026","passed","Sat Jul 18 06:47:52 UTC 2026","","","",""
"","13","does not open the Schema Upload dialog via drag when the Quick Upload dialog is already open","SchemaUploadDialog","Sat Jul 18 06:44:49 UTC 2026","passed","Sat Jul 18 06:44:49 UTC 2026","","","",""
"","233","shows Popper when isCurrentSearchOpen is true","GraphControls","Sat Jul 18 06:43:40 UTC 2026","passed","Sat Jul 18 06:43:41 UTC 2026","","Searching current results","",""
"Test cases for TestUnmarshalInt","0","TestUnmarshalInt","","Sat Jul 18 06:42:20 UTC 2026","passed","Sat Jul 18 06:42:20 UTC 2026","","Go Test","github.com/specterops/bloodhound/cmd/api/src/database/types/null/TestUnmarshalInt","TestUnmarshalInt"
"","12","displays lastlogon cell as NEVER when the value is -1","ExploreTableDataCell","Sat Jul 18 06:48:26 UTC 2026","passed","Sat Jul 18 06:48:26 UTC 2026","","","",""
"Test cases for TestIngestControl_writeRetainedFileToTar","21","TestIngestControl_writeRetainedFileToTar","","Sat Jul 18 06:42:05 UTC 2026","passed","Sat Jul 18 06:42:05 UTC 2026","","Go Test","github.com/specterops/bloodhound/cmd/api/src/api/tools/TestIngestControl_writeRetainedFileToTar","TestIngestControl_writeRetainedFileToTar"
"","0","returns null for azure without an id","getStatsComponent","Sat Jul 18 06:47:39 UTC 2026","passed","Sat Jul 18 06:47:39 UTC 2026","","","",""
"","2159","when user performs a pathfinding search, the selection for the start node is carried over to the `search` tab","ExploreSearch interaction","Sat Jul 18 06:50:00 UTC 2026","passed","Sat Jul 18 06:50:03 UTC 2026","","","",""
"","12","renders ActiveDirectoryPlatformInfo for the active-directory-platform aggregate","getStatsComponent","Sat Jul 18 06:47:39 UTC 2026","passed","Sat Jul 18 06:47:39 UTC 2026","","","",""
"","11","returns undefined query state when itemId is null","useGraphItem","Sat Jul 18 06:46:09 UTC 2026","passed","Sat Jul 18 06:46:09 UTC 2026","","","",""
"Test cases for TestCreateUser_FailureDuplicateEmail","1266","TestCreateUser_FailureDuplicateEmail","","Sat Jul 18 06:42:20 UTC 2026","passed","Sat Jul 18 06:42:21 UTC 2026","","Go Test","github.com/specterops/bloodhound/cmd/api/src/api/v2/auth/TestCreateUser_FailureDuplicateEmail","TestCreateUser_FailureDuplicateEmail"
"","161","displays a table of completed ingest logs","FileIngest","Sat Jul 18 06:47:25 UTC 2026","passed","Sat Jul 18 06:47:26 UTC 2026","","","",""
"Test cases for TestFloatSetValid","0","TestFloatSetValid","","Sat Jul 18 06:42:20 UTC 2026","passed","Sat Jul 18 06:42:20 UTC 2026","","Go Test","github.com/specterops/bloodhound/cmd/api/src/database/types/null/TestFloatSetValid","TestFloatSetValid"
"","106","shows the Automatic Certification label and the zone-level disabled message","BasicInfo","Sat Jul 18 06:46:21 UTC 2026","passed","Sat Jul 18 06:46:21 UTC 2026","","when isCertificationDisabledOnZoneLevel is false","",""
"Test cases for Test_FixtureTeardown","0","Test_FixtureTeardown","","Sat Jul 18 06:42:37 UTC 2026","passed","Sat Jul 18 06:42:37 UTC 2026","","Go Test","github.com/specterops/bloodhound/packages/go/lab/Test_FixtureTeardown","Test_FixtureTeardown"
"","1","will return a list of values","Formatting list properties","Sat Jul 18 06:45:27 UTC 2026","passed","Sat Jul 18 06:45:27 UTC 2026","","","",""
"Test cases for TestHandlers_CreateRequest","1","TestHandlers_CreateRequest","","Sat Jul 18 06:42:43 UTC 2026","passed","Sat Jul 18 06:42:43 UTC 2026","","Go Test","github.com/specterops/bloodhound/server/analysis/internal/handlers/TestHandlers_CreateRequest","TestHandlers_CreateRequest"
"","1","filters by name search (case insensitive)","filterAndSearchEnvironments","Sat Jul 18 06:43:31 UTC 2026","passed","Sat Jul 18 06:43:31 UTC 2026","","search filter","",""
"Test cases for TestStore_SetFlag","0","TestStore_SetFlag","","Sat Jul 18 06:42:47 UTC 2026","passed","Sat Jul 18 06:42:47 UTC 2026","","Go Test","github.com/specterops/bloodhound/server/featureflags/internal/appdb/TestStore_SetFlag","TestStore_SetFlag"
"","322","on clicking switch shows modal and when clicking confirm closes it and switch changes to enabled","CitrixRDPConfiguration","Sat Jul 18 06:45:43 UTC 2026","passed","Sat Jul 18 06:45:44 UTC 2026","","Click on switch to enable","",""
"","1168","displays validation error messages when password does not meet requirements","PasswordDialog","Sat Jul 18 06:44:02 UTC 2026","passed","Sat Jul 18 06:44:03 UTC 2026","","","",""
"Test cases for TestRequestWaitDuration_Negative","0","TestRequestWaitDuration_Negative","","Sat Jul 18 06:42:04 UTC 2026","passed","Sat Jul 18 06:42:04 UTC 2026","","Go Test","github.com/specterops/bloodhound/cmd/api/src/api/middleware/TestRequestWaitDuration_Negative","TestRequestWaitDuration_Negative"
"","15","should render when search string is in the middle of the text","HighlightedText","Sat Jul 18 06:48:22 UTC 2026","passed","Sat Jul 18 06:48:22 UTC 2026","","","",""
"Test cases for TestManagementResource_ListPermissions_InvalidFilterPredicate","0","TestManagementResource_ListPermissions_InvalidFilterPredicate","","Sat Jul 18 06:42:20 UTC 2026","passed","Sat Jul 18 06:42:20 UTC 2026","","Go Test","github.com/specterops/bloodhound/cmd/api/src/api/v2/auth/TestManagementResource_ListPermissions_InvalidFilterPredicate","TestManagementResource_ListPermissions_InvalidFilterPredicate"
"","65","does not render when ruleId is empty","Delete Selector Button rendering","Sat Jul 18 06:48:52 UTC 2026","passed","Sat Jul 18 06:48:52 UTC 2026","","","",""
"","0","returns null when no environment is selected","getStatsComponent","Sat Jul 18 06:47:39 UTC 2026","passed","Sat Jul 18 06:47:39 UTC 2026","","","",""
"Test cases for TestCreateRuntimeDependenciesInitializesDefaultFileServices","0","TestCreateRuntimeDependenciesInitializesDefaultFileServices","","Sat Jul 18 06:42:23 UTC 2026","passed","Sat Jul 18 06:42:23 UTC 2026","","Go Test","github.com/specterops/bloodhound/cmd/api/src/services/TestCreateRuntimeDependenciesInitializesDefaultFileServices","TestCreateRuntimeDependenciesInitializesDefaultFileServices"
"","83","should display the ETAC role-based filtering badge when filtering is enabled","Zone Management","Sat Jul 18 06:47:58 UTC 2026","passed","Sat Jul 18 06:47:58 UTC 2026","","","",""
"","11","displays a pulsing indicator","StatusIndicator","Sat Jul 18 06:49:10 UTC 2026","passed","Sat Jul 18 06:49:10 UTC 2026","","","",""
"Test cases for TestDispatchAnalysisSteps","1","TestDispatchAnalysisSteps","","Sat Jul 18 06:42:33 UTC 2026","passed","Sat Jul 18 06:42:33 UTC 2026","","Go Test","github.com/specterops/bloodhound/packages/go/analysis/TestDispatchAnalysisSteps","TestDispatchAnalysisSteps"
"","222","renders","EarlyAccessFeatureToggle","Sat Jul 18 06:50:27 UTC 2026","passed","Sat Jul 18 06:50:27 UTC 2026","","","",""
"","2990","resets skip to 0 when rows per page changes so rows are visible on the new page size","FileIngestTable","Sat Jul 18 06:44:29 UTC 2026","passed","Sat Jul 18 06:44:32 UTC 2026","","pagination reset","",""
"","282","sets a secondary=id and searchType=pathfinding when primary is truethy","ContextMenu","Sat Jul 18 06:45:18 UTC 2026","passed","Sat Jul 18 06:45:18 UTC 2026","","","",""
"","0","returns false if value is 'array'","searchParams","Sat Jul 18 06:47:29 UTC 2026","passed","Sat Jul 18 06:47:29 UTC 2026","","isEmptyParam","",""
"Test cases for TestRegister","0","TestRegister","","Sat Jul 18 06:42:43 UTC 2026","passed","Sat Jul 18 06:42:43 UTC 2026","","Go Test","github.com/specterops/bloodhound/server/analysis/internal/routes/TestRegister","TestRegister"
"","658","shows error notification when deletion fails","ActiveExtensionsCard","Sat Jul 18 06:43:43 UTC 2026","passed","Sat Jul 18 06:43:44 UTC 2026","","","",""
"Test cases for TestResources_ShareSavedQueriesPermissions_SavingPermissionsErrors","0","TestResources_ShareSavedQueriesPermissions_SavingPermissionsErrors","","Sat Jul 18 06:42:14 UTC 2026","passed","Sat Jul 18 06:42:14 UTC 2026","","Go Test","github.com/specterops/bloodhound/cmd/api/src/api/v2/TestResources_ShareSavedQueriesPermissions_SavingPermissionsErrors","TestResources_ShareSavedQueriesPermissions_SavingPermissionsErrors"
"","1","returns propertyKeys from all three kind property enums","graphSchema","Sat Jul 18 06:48:37 UTC 2026","passed","Sat Jul 18 06:48:37 UTC 2026","","","",""
"","98","displays ! icon when one of the Affected Object calls fail","EntityInfoDataTable","Sat Jul 18 06:45:09 UTC 2026","passed","Sat Jul 18 06:45:10 UTC 2026","","Node count for nested table that counts all sections","",""
"Test cases for TestConvertAzureManagedCluster_NodeResourceGroupID","1","TestConvertAzureManagedCluster_NodeResourceGroupID","","Sat Jul 18 06:42:27 UTC 2026","passed","Sat Jul 18 06:42:27 UTC 2026","","Go Test","github.com/specterops/bloodhound/cmd/api/src/services/graphify/TestConvertAzureManagedCluster_NodeResourceGroupID","TestConvertAzureManagedCluster_NodeResourceGroupID"
"Test cases for TestSavedQueries_IsSortable","0","TestSavedQueries_IsSortable","","Sat Jul 18 06:42:20 UTC 2026","passed","Sat Jul 18 06:42:20 UTC 2026","","Go Test","github.com/specterops/bloodhound/cmd/api/src/model/TestSavedQueries_IsSortable","TestSavedQueries_IsSortable"
"","748","should render inputs, labels, and action buttons","UpsertSAMLProviderForm","Sat Jul 18 06:47:54 UTC 2026","passed","Sat Jul 18 06:47:55 UTC 2026","","","",""
"Test cases for TestNewNodeNamePrefix","0","TestNewNodeNamePrefix","","Sat Jul 18 06:42:34 UTC 2026","passed","Sat Jul 18 06:42:34 UTC 2026","","Go Test","github.com/specterops/bloodhound/packages/go/analysis/ad/wellknown/TestNewNodeNamePrefix","TestNewNodeNamePrefix"
"Test cases for TestManagementResource_ListPermissions_SortingError","0","TestManagementResource_ListPermissions_SortingError","","Sat Jul 18 06:42:20 UTC 2026","passed","Sat Jul 18 06:42:20 UTC 2026","","Go Test","github.com/specterops/bloodhound/cmd/api/src/api/v2/auth/TestManagementResource_ListPermissions_SortingError","TestManagementResource_ListPermissions_SortingError"
"Test cases for TestStorageFileService_DeleteFile","7","TestStorageFileService_DeleteFile","","Sat Jul 18 06:42:40 UTC 2026","passed","Sat Jul 18 06:42:40 UTC 2026","","Go Test","github.com/specterops/bloodhound/packages/go/storage/TestStorageFileService_DeleteFile","TestStorageFileService_DeleteFile"
"","15","hides items when the user is missing a required permission","useSubNavRoutes","Sat Jul 18 06:46:23 UTC 2026","passed","Sat Jul 18 06:46:23 UTC 2026","","permissions gate","",""
"","628","clears applied filters when clicking the Clear button","Privilege Zones History Filter Dialog","Sat Jul 18 06:46:19 UTC 2026","passed","Sat Jul 18 06:46:19 UTC 2026","","","",""
"","43","renders a preview version by default","PrivilegeZonesCypherEditor Search component for Zone Management","Sat Jul 18 06:48:01 UTC 2026","passed","Sat Jul 18 06:48:01 UTC 2026","","","",""
"","2228","should clear out the sso provider id from submission data when the authentication method is changed","UpdateUserDialog","Sat Jul 18 06:44:42 UTC 2026","passed","Sat Jul 18 06:44:44 UTC 2026","","","",""
"Test cases for TestResources_GetCollectorManifest","4","TestResources_GetCollectorManifest","","Sat Jul 18 06:42:14 UTC 2026","passed","Sat Jul 18 06:42:14 UTC 2026","","Go Test","github.com/specterops/bloodhound/cmd/api/src/api/v2/TestResources_GetCollectorManifest","TestResources_GetCollectorManifest"
"","241","filters unselected columns when typing in the filter input","ManageColumnsComboBox","Sat Jul 18 06:45:33 UTC 2026","passed","Sat Jul 18 06:45:33 UTC 2026","","","",""
"","255","renders the QuerySearchFilter component","QuerySearchFilter","Sat Jul 18 06:47:00 UTC 2026","passed","Sat Jul 18 06:47:01 UTC 2026","","","",""
"Test cases for TestStringFrom","0","TestStringFrom","","Sat Jul 18 06:42:20 UTC 2026","passed","Sat Jul 18 06:42:20 UTC 2026","","Go Test","github.com/specterops/bloodhound/cmd/api/src/database/types/null/TestStringFrom","TestStringFrom"
"Test cases for TestBuildErrorResponseBadRequest","0","TestBuildErrorResponseBadRequest","","Sat Jul 18 06:42:01 UTC 2026","passed","Sat Jul 18 06:42:01 UTC 2026","","Go Test","github.com/specterops/bloodhound/cmd/api/src/api/TestBuildErrorResponseBadRequest","TestBuildErrorResponseBadRequest"
"","125","renders count for a selected zone if prop is set","DynamicDetails","Sat Jul 18 06:46:00 UTC 2026","passed","Sat Jul 18 06:46:00 UTC 2026","","","",""
"","340","navigates to all rules when clicking ""All Rules""","RulesAccordion","Sat Jul 18 06:46:53 UTC 2026","passed","Sat Jul 18 06:46:54 UTC 2026","","","",""
"","3","returns empty array when environments is empty","filterAndSearchEnvironments","Sat Jul 18 06:43:31 UTC 2026","passed","Sat Jul 18 06:43:31 UTC 2026","","with empty environments","",""
"","13","safely handles removing nonexistent key","useObjectState","Sat Jul 18 06:48:22 UTC 2026","passed","Sat Jul 18 06:48:22 UTC 2026","","","",""
"","90","disables the upload file button when the user does not have the opengraph write permission","SchemaUploadDialog","Sat Jul 18 06:44:49 UTC 2026","passed","Sat Jul 18 06:44:49 UTC 2026","","","",""
"","1","should exclude tags and operations that do not match the term","opsFilter","Sat Jul 18 06:48:05 UTC 2026","passed","Sat Jul 18 06:48:05 UTC 2026","","","",""
"","0","returns true if value is ''","searchParams","Sat Jul 18 06:47:29 UTC 2026","passed","Sat Jul 18 06:47:29 UTC 2026","","isEmptyParam","",""
"Test cases for Test_SetApplicationConfiguration","1","Test_SetApplicationConfiguration","","Sat Jul 18 06:42:14 UTC 2026","passed","Sat Jul 18 06:42:14 UTC 2026","","Go Test","github.com/specterops/bloodhound/cmd/api/src/api/v2/Test_SetApplicationConfiguration","Test_SetApplicationConfiguration"
"","0","uses the correct entity name in the Object ID message","getErrorMessage","Sat Jul 18 06:44:58 UTC 2026","passed","Sat Jul 18 06:44:58 UTC 2026","","","",""
"Test cases for TestManagementResource_SSOLoginHandler","7","TestManagementResource_SSOLoginHandler","","Sat Jul 18 06:42:55 UTC 2026","passed","Sat Jul 18 06:42:55 UTC 2026","","Go Test","github.com/specterops/bloodhound/cmd/api/src/api/v2/auth/TestManagementResource_SSOLoginHandler","TestManagementResource_SSOLoginHandler"
"","373","sets a primarySearch=id and searchType=node when secondarySearch is falsey","ContextMenu","Sat Jul 18 06:50:08 UTC 2026","passed","Sat Jul 18 06:50:08 UTC 2026","","","",""
"","81","renders the title","ProcessingIndicator","Sat Jul 18 06:49:22 UTC 2026","passed","Sat Jul 18 06:49:22 UTC 2026","","","",""
"Test cases for TestHandlers_GetNodeByID","2","TestHandlers_GetNodeByID","","Sat Jul 18 06:42:50 UTC 2026","passed","Sat Jul 18 06:42:50 UTC 2026","","Go Test","github.com/specterops/bloodhound/server/graphdb/internal/handlers/TestHandlers_GetNodeByID","TestHandlers_GetNodeByID"
"","98","renders the total count and object counts on success","ObjectCountPanel","Sat Jul 18 06:48:32 UTC 2026","passed","Sat Jul 18 06:48:32 UTC 2026","","","",""
"Test cases for TestDetectBOMEncoding","0","TestDetectBOMEncoding","","Sat Jul 18 06:42:35 UTC 2026","passed","Sat Jul 18 06:42:35 UTC 2026","","Go Test","github.com/specterops/bloodhound/packages/go/bomenc/TestDetectBOMEncoding","TestDetectBOMEncoding"
"Test cases for TestSIDSuffix_PrependPrefix","0","TestSIDSuffix_PrependPrefix","","Sat Jul 18 06:42:34 UTC 2026","passed","Sat Jul 18 06:42:34 UTC 2026","","Go Test","github.com/specterops/bloodhound/packages/go/analysis/ad/wellknown/TestSIDSuffix_PrependPrefix","TestSIDSuffix_PrependPrefix"
"","1","handles unix time values by converting them to our standard date display format","Formatting number properties","Sat Jul 18 06:45:27 UTC 2026","passed","Sat Jul 18 06:45:27 UTC 2026","","","",""
"","0","returns fallback Cypher message when ruleType is undefined and seeds are required","getErrorMessage","Sat Jul 18 06:44:58 UTC 2026","passed","Sat Jul 18 06:44:58 UTC 2026","","","",""
"","1","reports an API error when there is only statusText","handleError","Sat Jul 18 06:44:58 UTC 2026","passed","Sat Jul 18 06:44:58 UTC 2026","","","",""
"Test cases for TestResources_UpdateSavedQuery_InvalidID","0","TestResources_UpdateSavedQuery_InvalidID","","Sat Jul 18 06:42:14 UTC 2026","passed","Sat Jul 18 06:42:14 UTC 2026","","Go Test","github.com/specterops/bloodhound/cmd/api/src/api/v2/TestResources_UpdateSavedQuery_InvalidID","TestResources_UpdateSavedQuery_InvalidID"
"","11","renders without pulse animation by default","StatusIndicator","Sat Jul 18 06:49:10 UTC 2026","passed","Sat Jul 18 06:49:10 UTC 2026","","","",""
"Test cases for TestManagementResource_SanitizeAndGetRoles","1","TestManagementResource_SanitizeAndGetRoles","","Sat Jul 18 06:42:55 UTC 2026","passed","Sat Jul 18 06:42:55 UTC 2026","","Go Test","github.com/specterops/bloodhound/cmd/api/src/api/v2/auth/TestManagementResource_SanitizeAndGetRoles","TestManagementResource_SanitizeAndGetRoles"
"","426","calls openOIDCProviderDialog when OIDC Provider menu item is clicked","CreateMenu","Sat Jul 18 06:45:43 UTC 2026","passed","Sat Jul 18 06:45:43 UTC 2026","","oidc_support feature flag enabled","",""
"Test cases for TestParseClientVersion","0","TestParseClientVersion","","Sat Jul 18 06:42:29 UTC 2026","passed","Sat Jul 18 06:42:29 UTC 2026","","Go Test","github.com/specterops/bloodhound/cmd/api/src/utils/TestParseClientVersion","TestParseClientVersion"
"","17","does not include OpenGraph edges when the associated feature flag is disabled","useEdgeCategories","Sat Jul 18 06:45:47 UTC 2026","passed","Sat Jul 18 06:45:47 UTC 2026","","","",""
"","549","renders the Namespace column header with focusable info icon","ActiveExtensionsCard","Sat Jul 18 06:43:37 UTC 2026","passed","Sat Jul 18 06:43:38 UTC 2026","","","",""
"Test cases for TestRegisterBHCEMetrics","2","TestRegisterBHCEMetrics","","Sat Jul 18 06:42:37 UTC 2026","passed","Sat Jul 18 06:42:37 UTC 2026","","Go Test","github.com/specterops/bloodhound/packages/go/metricsregistration/TestRegisterBHCEMetrics","TestRegisterBHCEMetrics"
"Test cases for TestFlatMap","0","TestFlatMap","","Sat Jul 18 06:42:38 UTC 2026","passed","Sat Jul 18 06:42:38 UTC 2026","","Go Test","github.com/specterops/bloodhound/packages/go/slicesext/TestFlatMap","TestFlatMap"
"Test cases for TestFeatureFlagManagerPoller","88","TestFeatureFlagManagerPoller","","Sat Jul 18 06:42:16 UTC 2026","passed","Sat Jul 18 06:42:16 UTC 2026","","Go Test","github.com/specterops/bloodhound/cmd/api/src/daemons/changelog/TestFeatureFlagManagerPoller","TestFeatureFlagManagerPoller"
"","516","toggles a nested graph data option off","GraphDataCheckboxes","Sat Jul 18 06:44:42 UTC 2026","passed","Sat Jul 18 06:44:42 UTC 2026","","","",""
"","0","properly displays bitwise integers","Formatting number properties","Sat Jul 18 06:45:27 UTC 2026","passed","Sat Jul 18 06:45:27 UTC 2026","","","",""
"","0","returns default error message for unknown API messages","getErrorMessage","Sat Jul 18 06:44:58 UTC 2026","passed","Sat Jul 18 06:44:58 UTC 2026","","","",""
"Test cases for TestResources_ListRootCAPKIHierarchy","1","TestResources_ListRootCAPKIHierarchy","","Sat Jul 18 06:42:14 UTC 2026","passed","Sat Jul 18 06:42:14 UTC 2026","","Go Test","github.com/specterops/bloodhound/cmd/api/src/api/v2/TestResources_ListRootCAPKIHierarchy","TestResources_ListRootCAPKIHierarchy"
"Test cases for TestResources_ListAuditLogs_InvalidPredicate","1","TestResources_ListAuditLogs_InvalidPredicate","","Sat Jul 18 06:42:14 UTC 2026","passed","Sat Jul 18 06:42:14 UTC 2026","","Go Test","github.com/specterops/bloodhound/cmd/api/src/api/v2/TestResources_ListAuditLogs_InvalidPredicate","TestResources_ListAuditLogs_InvalidPredicate"
"","3","rounds down fractional minutes/days","getSimpleDuration","Sat Jul 18 06:48:23 UTC 2026","passed","Sat Jul 18 06:48:23 UTC 2026","","","",""
"","181","renders loading skeletons while the query is pending","OpenGraphInfo","Sat Jul 18 06:45:04 UTC 2026","passed","Sat Jul 18 06:45:04 UTC 2026","","","",""
"","1230","allows switching between the Zones and Labels tabs","Zone Management","Sat Jul 18 06:47:56 UTC 2026","passed","Sat Jul 18 06:47:58 UTC 2026","","","",""
"","17","renders the tooltip icon when tooltipText prop is passed","ColumnHeaders","Sat Jul 18 06:46:36 UTC 2026","passed","Sat Jul 18 06:46:36 UTC 2026","","SortableHeader with Tooltip","",""
"Test cases for TestFloatPointer","0","TestFloatPointer","","Sat Jul 18 06:42:20 UTC 2026","passed","Sat Jul 18 06:42:20 UTC 2026","","Go Test","github.com/specterops/bloodhound/cmd/api/src/database/types/null/TestFloatPointer","TestFloatPointer"
"","578","should render list of available SSO providers","LoginViaSSOForm","Sat Jul 18 06:47:23 UTC 2026","passed","Sat Jul 18 06:47:23 UTC 2026","","","",""
"","64","shows an error notification if there is an error fetching","useFinishedJobs","Sat Jul 18 06:46:15 UTC 2026","passed","Sat Jul 18 06:46:15 UTC 2026","","","",""
"Test cases for TestResources_GetSearchResult","0","TestResources_GetSearchResult","","Sat Jul 18 06:42:14 UTC 2026","passed","Sat Jul 18 06:42:14 UTC 2026","","Go Test","github.com/specterops/bloodhound/cmd/api/src/api/v2/TestResources_GetSearchResult","TestResources_GetSearchResult"
"Test cases for TestManagementResource_ListUsers_SortingError","0","TestManagementResource_ListUsers_SortingError","","Sat Jul 18 06:42:20 UTC 2026","passed","Sat Jul 18 06:42:20 UTC 2026","","Go Test","github.com/specterops/bloodhound/cmd/api/src/api/v2/auth/TestManagementResource_ListUsers_SortingError","TestManagementResource_ListUsers_SortingError"
"","0","filters by multiple risk levels","filterAndSearchEnvironments","Sat Jul 18 06:43:31 UTC 2026","passed","Sat Jul 18 06:43:31 UTC 2026","","risk filters","",""
"Test cases for TestModifyCookieAttribute","0","TestModifyCookieAttribute","","Sat Jul 18 06:42:31 UTC 2026","passed","Sat Jul 18 06:42:31 UTC 2026","","Go Test","github.com/specterops/bloodhound/cmd/api/src/utils/test/TestModifyCookieAttribute","TestModifyCookieAttribute"
"","224","should call the onClick function when clicked","GraphButton","Sat Jul 18 06:49:24 UTC 2026","passed","Sat Jul 18 06:49:25 UTC 2026","","","",""
"","1","filters by collected=false when ""no"" filter is active","filterAndSearchEnvironments","Sat Jul 18 06:43:31 UTC 2026","passed","Sat Jul 18 06:43:31 UTC 2026","","collected filters","",""
"","109","renders enabled prop when flag is enabled","FeatureFlag","Sat Jul 18 06:48:02 UTC 2026","passed","Sat Jul 18 06:48:02 UTC 2026","","","",""
"","7","calls the provided notification method","handleError","Sat Jul 18 06:44:58 UTC 2026","passed","Sat Jul 18 06:44:58 UTC 2026","","","",""
"","4079","closes explore search tab menu and clears selected item when a cypher query returns multiple nodes","CypherSearch","Sat Jul 18 06:44:10 UTC 2026","passed","Sat Jul 18 06:44:15 UTC 2026","","Minimize explorer page elements when multiple nodes are returned","",""
"","162","calls handleFilterChange with all filter types and empty strings when clicked while filters are active","AssetGroupEdit","Sat Jul 18 06:45:38 UTC 2026","passed","Sat Jul 18 06:45:38 UTC 2026","","Clear Filters button","",""
"","11","does not fetch when no id is provided","useGetRelationshipById","Sat Jul 18 06:46:09 UTC 2026","passed","Sat Jul 18 06:46:09 UTC 2026","","","",""
"","3634","Kebab menu click causes the callback function to be called with the correct parameters","ExploreTable","Sat Jul 18 06:43:21 UTC 2026","passed","Sat Jul 18 06:43:25 UTC 2026","","","",""
"Test cases for TestManagementResource_OIDCLoginHandler","16","TestManagementResource_OIDCLoginHandler","","Sat Jul 18 06:42:55 UTC 2026","passed","Sat Jul 18 06:42:55 UTC 2026","","Go Test","github.com/specterops/bloodhound/cmd/api/src/api/v2/auth/TestManagementResource_OIDCLoginHandler","TestManagementResource_OIDCLoginHandler"
"","12","adds expected text alignment class depending on the textAlign prop","ColumnHeaders","Sat Jul 18 06:46:35 UTC 2026","passed","Sat Jul 18 06:46:35 UTC 2026","","BaseColumnHeader","",""
"Test cases for TestMarshalFloat","0","TestMarshalFloat","","Sat Jul 18 06:42:20 UTC 2026","passed","Sat Jul 18 06:42:20 UTC 2026","","Go Test","github.com/specterops/bloodhound/cmd/api/src/database/types/null/TestMarshalFloat","TestMarshalFloat"
"","729","should render","ExploreTable","Sat Jul 18 06:43:02 UTC 2026","passed","Sat Jul 18 06:43:02 UTC 2026","","","",""
"Test cases for Test_parseLatestVersion","0","Test_parseLatestVersion","","Sat Jul 18 06:42:40 UTC 2026","passed","Sat Jul 18 06:42:40 UTC 2026","","Go Test","github.com/specterops/bloodhound/packages/go/stbernard/git/Test_parseLatestVersion","Test_parseLatestVersion"
"Test cases for TestDomainSelectors_GetValidFilterPredicatesAsStrings","0","TestDomainSelectors_GetValidFilterPredicatesAsStrings","","Sat Jul 18 06:42:20 UTC 2026","passed","Sat Jul 18 06:42:20 UTC 2026","","Go Test","github.com/specterops/bloodhound/cmd/api/src/model/TestDomainSelectors_GetValidFilterPredicatesAsStrings","TestDomainSelectors_GetValidFilterPredicatesAsStrings"
"","927","renders a button and a menu","CreateMenu","Sat Jul 18 06:45:41 UTC 2026","passed","Sat Jul 18 06:45:42 UTC 2026","","oidc_support feature flag enabled","",""
"","1","The node radius is adjusted for nodes that have their ""highlighted"" property set to true since the highlight adds some padding","getNodeRadius","Sat Jul 18 06:50:28 UTC 2026","passed","Sat Jul 18 06:50:28 UTC 2026","","","",""
"Test cases for TestFloatScan","0","TestFloatScan","","Sat Jul 18 06:42:20 UTC 2026","passed","Sat Jul 18 06:42:20 UTC 2026","","Go Test","github.com/specterops/bloodhound/cmd/api/src/database/types/null/TestFloatScan","TestFloatScan"
"","83","displays an error message while fetching fails","ActiveExtensionsCard","Sat Jul 18 06:43:37 UTC 2026","passed","Sat Jul 18 06:43:37 UTC 2026","","","",""
"","359","renders headers","CommonSearches","Sat Jul 18 06:45:34 UTC 2026","passed","Sat Jul 18 06:45:34 UTC 2026","","","",""
"Test cases for TestManagementResource_ListPermissions_DBError","0","TestManagementResource_ListPermissions_DBError","","Sat Jul 18 06:42:20 UTC 2026","passed","Sat Jul 18 06:42:20 UTC 2026","","Go Test","github.com/specterops/bloodhound/cmd/api/src/api/v2/auth/TestManagementResource_ListPermissions_DBError","TestManagementResource_ListPermissions_DBError"
"","11","sets autoDisplayTable to false if query type is composition","useExploreTableAutoDisplay","Sat Jul 18 06:47:52 UTC 2026","passed","Sat Jul 18 06:47:52 UTC 2026","","","",""
"Test cases for TestMatches_Success","0","TestMatches_Success","","Sat Jul 18 06:42:20 UTC 2026","passed","Sat Jul 18 06:42:20 UTC 2026","","Go Test","github.com/specterops/bloodhound/cmd/api/src/model/TestMatches_Success","TestMatches_Success"
"Test cases for TestWriteInternalServerError","0","TestWriteInternalServerError","","Sat Jul 18 06:42:37 UTC 2026","passed","Sat Jul 18 06:42:37 UTC 2026","","Go Test","github.com/specterops/bloodhound/packages/go/responses/TestWriteInternalServerError","TestWriteInternalServerError"
"","0","escapes backslashes before quotes so they do not combine","escapeCypherString","Sat Jul 18 06:49:11 UTC 2026","passed","Sat Jul 18 06:49:11 UTC 2026","","","",""
"Test cases for TestResources_ListADDomainDCSyncers","0","TestResources_ListADDomainDCSyncers","","Sat Jul 18 06:42:14 UTC 2026","passed","Sat Jul 18 06:42:14 UTC 2026","","Go Test","github.com/specterops/bloodhound/cmd/api/src/api/v2/TestResources_ListADDomainDCSyncers","TestResources_ListADDomainDCSyncers"
"","118","shows View in Explore if exploreUrl is supplied","Seed Selection Results","Sat Jul 18 06:45:25 UTC 2026","passed","Sat Jul 18 06:45:25 UTC 2026","","","",""
"","11","allows you to cancel filter updates before applying them to the url and reset to the default filter state","usePathfindingFilters","Sat Jul 18 06:48:32 UTC 2026","passed","Sat Jul 18 06:48:32 UTC 2026","","","",""
"","99","displays the value thats passed via children","CodeController","Sat Jul 18 06:48:57 UTC 2026","passed","Sat Jul 18 06:48:57 UTC 2026","","","",""
