"DESCRIPTION","DURATION IN MS","NAME","PARENT SUITE","START TIME","STATUS","STOP TIME","SUB SUITE","SUITE","TEST CLASS","TEST METHOD"
"Test cases for TestResources_ListADDomainContainedGroups","0","TestResources_ListADDomainContainedGroups","","Mon Jul 13 18:06:53 UTC 2026","passed","Mon Jul 13 18:06:53 UTC 2026","","Go Test","github.com/specterops/bloodhound/cmd/api/src/api/v2/TestResources_ListADDomainContainedGroups","TestResources_ListADDomainContainedGroups"
"","202","shows ""Select All"" when not all columns are selected","ManageColumnsComboBox","Mon Jul 13 18:09:55 UTC 2026","passed","Mon Jul 13 18:09:55 UTC 2026","","","",""
"","76","should display ""Password"" input","Enable2FADialog","Mon Jul 13 18:11:57 UTC 2026","passed","Mon Jul 13 18:11:57 UTC 2026","","","",""
"","135","renders a list of pre-built searches","PrebuiltSearchList","Mon Jul 13 18:11:04 UTC 2026","passed","Mon Jul 13 18:11:04 UTC 2026","","","",""
"TestRegister_RoutesRequireAuthentication dispatches real requests through the wiredrouter to verify that the registered routes are guarded by authentication middleware.The handlers themselves trust the middleware to enforce this contract; if the routewireup ever loses RequirePermissions/RequireAuth, this test will fail.","1","TestRegister_RoutesRequireAuthentication","","Mon Jul 13 18:07:50 UTC 2026","passed","Mon Jul 13 18:07:50 UTC 2026","","Go Test","github.com/specterops/bloodhound/server/featureflags/internal/routes/TestRegister_RoutesRequireAuthentication","TestRegister_RoutesRequireAuthentication"
"Test cases for TestReconcile","0","TestReconcile","","Mon Jul 13 18:06:57 UTC 2026","passed","Mon Jul 13 18:06:57 UTC 2026","","Go Test","github.com/specterops/bloodhound/cmd/api/src/database/TestReconcile","TestReconcile"
"","111","Searching for existing node type returns node properties","useFetchEntityInfo","Mon Jul 13 18:11:08 UTC 2026","passed","Mon Jul 13 18:11:08 UTC 2026","","","",""
"","6086","closes explore search tab menu when search returns one node, entity info panel remains open","CypherSearch","Mon Jul 13 18:08:56 UTC 2026","passed","Mon Jul 13 18:09:02 UTC 2026","","Minimize explorer page elements when multiple nodes are returned","",""
"Test cases for TestFloatFrom","0","TestFloatFrom","","Mon Jul 13 18:06:57 UTC 2026","passed","Mon Jul 13 18:06:57 UTC 2026","","Go Test","github.com/specterops/bloodhound/cmd/api/src/database/types/null/TestFloatFrom","TestFloatFrom"
"Test cases for TestSignRequestValuesSuccess","0","TestSignRequestValuesSuccess","","Mon Jul 13 18:06:40 UTC 2026","passed","Mon Jul 13 18:06:40 UTC 2026","","Go Test","github.com/specterops/bloodhound/cmd/api/src/api/TestSignRequestValuesSuccess","TestSignRequestValuesSuccess"
"","176","renders the form for editing an existing label","Tag Form","Mon Jul 13 18:07:47 UTC 2026","passed","Mon Jul 13 18:07:47 UTC 2026","","","",""
"","106","passes check if the user has a required permission","usePermissions","Mon Jul 13 18:10:10 UTC 2026","passed","Mon Jul 13 18:10:10 UTC 2026","","","",""
"","2527","""Columns"" button allows user to edit column settings","ExploreTable","Mon Jul 13 18:07:42 UTC 2026","passed","Mon Jul 13 18:07:45 UTC 2026","","","",""
"","77","clears selected if same note is clicked again","NoteCell component","Mon Jul 13 18:11:58 UTC 2026","passed","Mon Jul 13 18:11:58 UTC 2026","","","",""
"Test cases for TestFilterParseAndValidate_IgnoredParameters","0","TestFilterParseAndValidate_IgnoredParameters","","Mon Jul 13 18:07:26 UTC 2026","passed","Mon Jul 13 18:07:26 UTC 2026","","Go Test","github.com/specterops/bloodhound/packages/go/params/TestFilterParseAndValidate_IgnoredParameters","TestFilterParseAndValidate_IgnoredParameters"
"","1128","should hide Environmental Targeted Access Control panel when showEnvironmentAccessControls prop is true and power user role is selected","CreateUserForm","Mon Jul 13 18:08:26 UTC 2026","passed","Mon Jul 13 18:08:27 UTC 2026","","","",""
"Test cases for TestWriteBasicResponse","0","TestWriteBasicResponse","","Mon Jul 13 18:06:41 UTC 2026","passed","Mon Jul 13 18:06:41 UTC 2026","","Go Test","github.com/specterops/bloodhound/cmd/api/src/api/TestWriteBasicResponse","TestWriteBasicResponse"
"Test cases for Test_cacheQueryResult","0","Test_cacheQueryResult","","Mon Jul 13 18:07:00 UTC 2026","passed","Mon Jul 13 18:07:00 UTC 2026","","Go Test","github.com/specterops/bloodhound/cmd/api/src/queries/Test_cacheQueryResult","Test_cacheQueryResult"
"","0","prefixes each node_kind with a colon for labels","graphSchema","Mon Jul 13 18:12:45 UTC 2026","passed","Mon Jul 13 18:12:45 UTC 2026","","","",""
"Test cases for TestTimeExactEqual","0","TestTimeExactEqual","","Mon Jul 13 18:06:57 UTC 2026","passed","Mon Jul 13 18:06:57 UTC 2026","","Go Test","github.com/specterops/bloodhound/cmd/api/src/database/types/null/TestTimeExactEqual","TestTimeExactEqual"
"","136","renders enabled Label, Rule and Object tabs","Selected Details Tabs","Mon Jul 13 18:10:31 UTC 2026","passed","Mon Jul 13 18:10:31 UTC 2026","","Selected Details Tabs - Params present","",""
"","433","accepts a valid file and allows the user to continue through the upload process","File Upload","Mon Jul 13 18:10:20 UTC 2026","passed","Mon Jul 13 18:10:20 UTC 2026","","","",""
"Test cases for TestMatches_FailureModel","0","TestMatches_FailureModel","","Mon Jul 13 18:06:58 UTC 2026","passed","Mon Jul 13 18:06:58 UTC 2026","","Go Test","github.com/specterops/bloodhound/cmd/api/src/model/TestMatches_FailureModel","TestMatches_FailureModel"
"","772","should call onSubmit with email address and password when login button clicked","LoginForm","Mon Jul 13 18:12:35 UTC 2026","passed","Mon Jul 13 18:12:36 UTC 2026","","","",""
"","1184","should disable save button while input is empty","SaveQueryDialog","Mon Jul 13 18:07:47 UTC 2026","passed","Mon Jul 13 18:07:48 UTC 2026","","","",""
"Test cases for TestResources_GetAssetGroupSelectorMemberCountsByKind","5","TestResources_GetAssetGroupSelectorMemberCountsByKind","","Mon Jul 13 18:06:53 UTC 2026","passed","Mon Jul 13 18:06:53 UTC 2026","","Go Test","github.com/specterops/bloodhound/cmd/api/src/api/v2/TestResources_GetAssetGroupSelectorMemberCountsByKind","TestResources_GetAssetGroupSelectorMemberCountsByKind"
"","3699","The password reset dialog is opened when switching a user from SAML based authentication to username/password based authentication","Users","Mon Jul 13 18:09:28 UTC 2026","passed","Mon Jul 13 18:09:31 UTC 2026","","","",""
"","436","runs the query and calls dispatch to set the node results","PrivilegeZonesCypherEditor Search component for Zone Management","Mon Jul 13 18:12:15 UTC 2026","passed","Mon Jul 13 18:12:15 UTC 2026","","","",""
"Test cases for TestFloatInfNaN","0","TestFloatInfNaN","","Mon Jul 13 18:06:57 UTC 2026","passed","Mon Jul 13 18:06:57 UTC 2026","","Go Test","github.com/specterops/bloodhound/cmd/api/src/database/types/null/TestFloatInfNaN","TestFloatInfNaN"
"Test cases for TestResources_PatchDomain","0","TestResources_PatchDomain","","Mon Jul 13 18:06:53 UTC 2026","passed","Mon Jul 13 18:06:53 UTC 2026","","Go Test","github.com/specterops/bloodhound/cmd/api/src/api/v2/TestResources_PatchDomain","TestResources_PatchDomain"
"","2914","Preserves sample results when switching between Object ID and Cypher rule types","Rule Form","Mon Jul 13 18:08:05 UTC 2026","passed","Mon Jul 13 18:08:08 UTC 2026","","","",""
"Test cases for TestGenerateTOTPSecret","1","TestGenerateTOTPSecret","","Mon Jul 13 18:06:54 UTC 2026","passed","Mon Jul 13 18:06:54 UTC 2026","","Go Test","github.com/specterops/bloodhound/cmd/api/src/auth/TestGenerateTOTPSecret","TestGenerateTOTPSecret"
"","97","renders a ListItemActionMenu component","ListItemActionMenu","Mon Jul 13 18:11:46 UTC 2026","passed","Mon Jul 13 18:11:47 UTC 2026","","","",""
"","397","displays a Filters button","FileIngest","Mon Jul 13 18:11:45 UTC 2026","passed","Mon Jul 13 18:11:46 UTC 2026","","","",""
"","494","should call onSubmit with one time passcode when check code button clicked","OneTimePasscodeForm","Mon Jul 13 18:12:27 UTC 2026","passed","Mon Jul 13 18:12:27 UTC 2026","","","",""
"","213","a name value is required to submit the form","Tag Form","Mon Jul 13 18:07:48 UTC 2026","passed","Mon Jul 13 18:07:48 UTC 2026","","","",""
"","11","removes a notification","AppNotifications","Mon Jul 13 18:12:03 UTC 2026","passed","Mon Jul 13 18:12:03 UTC 2026","","","",""
"Test cases for TestStringSetValid","0","TestStringSetValid","","Mon Jul 13 18:06:57 UTC 2026","passed","Mon Jul 13 18:06:57 UTC 2026","","Go Test","github.com/specterops/bloodhound/cmd/api/src/database/types/null/TestStringSetValid","TestStringSetValid"
"Test cases for TestManagementResource_ListUsers","0","TestManagementResource_ListUsers","","Mon Jul 13 18:07:00 UTC 2026","passed","Mon Jul 13 18:07:00 UTC 2026","","Go Test","github.com/specterops/bloodhound/cmd/api/src/api/v2/auth/TestManagementResource_ListUsers","TestManagementResource_ListUsers"
"","1117","should render many sections with many navigation items","SubNav","Mon Jul 13 18:12:02 UTC 2026","passed","Mon Jul 13 18:12:03 UTC 2026","","","",""
"","5","mounts an assertive aria-live region","AnnouncementProvider","Mon Jul 13 18:11:06 UTC 2026","passed","Mon Jul 13 18:11:06 UTC 2026","","","",""
"Test cases for TestResources_ListAuditLogs_SkipAndOffset","0","TestResources_ListAuditLogs_SkipAndOffset","","Mon Jul 13 18:06:53 UTC 2026","passed","Mon Jul 13 18:06:53 UTC 2026","","Go Test","github.com/specterops/bloodhound/cmd/api/src/api/v2/TestResources_ListAuditLogs_SkipAndOffset","TestResources_ListAuditLogs_SkipAndOffset"
"","1","falls back to the default Cypher message when ruleType is undefined and seeds are required","handleError","Mon Jul 13 18:09:28 UTC 2026","passed","Mon Jul 13 18:09:28 UTC 2026","","","",""
"Test cases for TestDetectContentType","63","TestDetectContentType","","Mon Jul 13 18:07:45 UTC 2026","passed","Mon Jul 13 18:07:45 UTC 2026","","Go Test","github.com/specterops/bloodhound/packages/go/storage/TestDetectContentType","TestDetectContentType"
"","3","does not fetch more data when there are no more pages","useInfiniteScroll","Mon Jul 13 18:11:47 UTC 2026","passed","Mon Jul 13 18:11:47 UTC 2026","","","",""
"","1","takes updatedParams and current URLSearchParams and returns a function","searchParams","Mon Jul 13 18:11:47 UTC 2026","passed","Mon Jul 13 18:11:47 UTC 2026","","setSingleParamFactory","",""
"","3","does not fetch more data when scrolling outside the default bottom threshold","useInfiniteScroll","Mon Jul 13 18:11:47 UTC 2026","passed","Mon Jul 13 18:11:47 UTC 2026","","","",""
"","1","filters by critical risk level","filterAndSearchEnvironments","Mon Jul 13 18:08:12 UTC 2026","passed","Mon Jul 13 18:08:12 UTC 2026","","risk filters","",""
"Test cases for TestConvertAzureResourceGroupContributorToRels","0","TestConvertAzureResourceGroupContributorToRels","","Mon Jul 13 18:07:24 UTC 2026","passed","Mon Jul 13 18:07:24 UTC 2026","","Go Test","github.com/specterops/bloodhound/packages/go/ein/TestConvertAzureResourceGroupContributorToRels","TestConvertAzureResourceGroupContributorToRels"
"","40","sets autoDisplayTable to false if query returns edges","useExploreTableAutoDisplay","Mon Jul 13 18:12:06 UTC 2026","passed","Mon Jul 13 18:12:07 UTC 2026","","","",""
"Test cases for TestResources_ListAssetGroupMembersCount","3","TestResources_ListAssetGroupMembersCount","","Mon Jul 13 18:06:53 UTC 2026","passed","Mon Jul 13 18:06:53 UTC 2026","","Go Test","github.com/specterops/bloodhound/cmd/api/src/api/v2/TestResources_ListAssetGroupMembersCount","TestResources_ListAssetGroupMembersCount"
"","37","calculates the running time of a job and converts to a human readable format","getSimpleDuration","Mon Jul 13 18:12:32 UTC 2026","passed","Mon Jul 13 18:12:32 UTC 2026","","","",""
"","20","sets autoDisplayTable to false if query returns no results","useExploreTableAutoDisplay","Mon Jul 13 18:12:07 UTC 2026","passed","Mon Jul 13 18:12:07 UTC 2026","","","",""
"Test cases for Test_ParseGraphSortParameters_Success","0","Test_ParseGraphSortParameters_Success","","Mon Jul 13 18:06:41 UTC 2026","passed","Mon Jul 13 18:06:41 UTC 2026","","Go Test","github.com/specterops/bloodhound/cmd/api/src/api/Test_ParseGraphSortParameters_Success","Test_ParseGraphSortParameters_Success"
"Test cases for TestService_CancelAnalysisRequest","0","TestService_CancelAnalysisRequest","","Mon Jul 13 18:07:48 UTC 2026","passed","Mon Jul 13 18:07:48 UTC 2026","","Go Test","github.com/specterops/bloodhound/server/analysis/internal/services/TestService_CancelAnalysisRequest","TestService_CancelAnalysisRequest"
"","2272","shows the ""Disable MFA"" context menu option for users with MFA enabled","Users","Mon Jul 13 18:09:38 UTC 2026","passed","Mon Jul 13 18:09:40 UTC 2026","","","",""
"","1","returns propertyKeys from all three kind property enums","graphSchema","Mon Jul 13 18:12:45 UTC 2026","passed","Mon Jul 13 18:12:45 UTC 2026","","","",""
"Test cases for TestHandlers_GetAllFlags","3","TestHandlers_GetAllFlags","","Mon Jul 13 18:07:50 UTC 2026","passed","Mon Jul 13 18:07:50 UTC 2026","","Go Test","github.com/specterops/bloodhound/server/featureflags/internal/handlers/TestHandlers_GetAllFlags","TestHandlers_GetAllFlags"
"","34","should display the checkbox group title","Checkbox group","Mon Jul 13 18:13:02 UTC 2026","passed","Mon Jul 13 18:13:02 UTC 2026","","","",""
"","75","calls setSelected with correct data on click","NoteCell component","Mon Jul 13 18:11:58 UTC 2026","passed","Mon Jul 13 18:11:58 UTC 2026","","","",""
"","65","renders a link to the documentation","BloodHoundConfiguration","Mon Jul 13 18:14:35 UTC 2026","passed","Mon Jul 13 18:14:35 UTC 2026","","","",""
"Test cases for TestOverwriteQueryParamIfHeaderAndParamExist","1","TestOverwriteQueryParamIfHeaderAndParamExist","","Mon Jul 13 18:07:22 UTC 2026","passed","Mon Jul 13 18:07:22 UTC 2026","","Go Test","github.com/specterops/bloodhound/cmd/api/src/utils/test/TestOverwriteQueryParamIfHeaderAndParamExist","TestOverwriteQueryParamIfHeaderAndParamExist"
"Test cases for TestLoginExpiry","0","TestLoginExpiry","","Mon Jul 13 18:07:40 UTC 2026","passed","Mon Jul 13 18:07:40 UTC 2026","","Go Test","github.com/specterops/bloodhound/cmd/api/src/api/v2/auth/TestLoginExpiry","TestLoginExpiry"
"Test cases for TestResources_UpdateSavedQuery_NotAUserAuth","0","TestResources_UpdateSavedQuery_NotAUserAuth","","Mon Jul 13 18:06:53 UTC 2026","passed","Mon Jul 13 18:06:53 UTC 2026","","Go Test","github.com/specterops/bloodhound/cmd/api/src/api/v2/TestResources_UpdateSavedQuery_NotAUserAuth","TestResources_UpdateSavedQuery_NotAUserAuth"
"Test cases for TestStore_CreateAnalysisRequest","0","TestStore_CreateAnalysisRequest","","Mon Jul 13 18:07:46 UTC 2026","passed","Mon Jul 13 18:07:46 UTC 2026","","Go Test","github.com/specterops/bloodhound/server/analysis/internal/appdb/TestStore_CreateAnalysisRequest","TestStore_CreateAnalysisRequest"
"","34","Calls the cypher search endpoint for a node that is hidden from user with not all environments access","EntityObjectInformation","Mon Jul 13 18:10:55 UTC 2026","passed","Mon Jul 13 18:10:55 UTC 2026","","","",""
"Test cases for TestResources_ListAvailableEnvironments","11","TestResources_ListAvailableEnvironments","","Mon Jul 13 18:06:53 UTC 2026","passed","Mon Jul 13 18:06:53 UTC 2026","","Go Test","github.com/specterops/bloodhound/cmd/api/src/api/v2/TestResources_ListAvailableEnvironments","TestResources_ListAvailableEnvironments"
"Test cases for TestResources_ListADIssuancePolicyLinkedCertTemplates","191","TestResources_ListADIssuancePolicyLinkedCertTemplates","","Mon Jul 13 18:06:53 UTC 2026","passed","Mon Jul 13 18:06:53 UTC 2026","","Go Test","github.com/specterops/bloodhound/cmd/api/src/api/v2/TestResources_ListADIssuancePolicyLinkedCertTemplates","TestResources_ListADIssuancePolicyLinkedCertTemplates"
"","281","Selecting an edge that meets ACL inheritance criteria shows the ""ACE Inherited From"" dropdown","EdgeInfoContent","Mon Jul 13 18:08:18 UTC 2026","passed","Mon Jul 13 18:08:18 UTC 2026","","","",""
"","66","Validate Displays all the Roles","useListDisplayRoles","Mon Jul 13 18:09:42 UTC 2026","passed","Mon Jul 13 18:09:42 UTC 2026","","","",""
"","796","renders a button that expands the filter section","AssetGroupEdit","Mon Jul 13 18:10:04 UTC 2026","passed","Mon Jul 13 18:10:04 UTC 2026","","","",""
"","127","renders delete buttons for each extension","ActiveExtensionsCard","Mon Jul 13 18:08:15 UTC 2026","passed","Mon Jul 13 18:08:15 UTC 2026","","","",""
"","142","renders a single item when items is an object","<DetailsAccordion />","Mon Jul 13 18:09:54 UTC 2026","passed","Mon Jul 13 18:09:54 UTC 2026","","","",""
"Test cases for Test_filterAndFormatSearchResults_filterEnvironments","0","Test_filterAndFormatSearchResults_filterEnvironments","","Mon Jul 13 18:06:53 UTC 2026","passed","Mon Jul 13 18:06:53 UTC 2026","","Go Test","github.com/specterops/bloodhound/cmd/api/src/api/v2/Test_filterAndFormatSearchResults_filterEnvironments","Test_filterAndFormatSearchResults_filterEnvironments"
"Test cases for TestWritePaginated","0","TestWritePaginated","","Mon Jul 13 18:07:28 UTC 2026","passed","Mon Jul 13 18:07:28 UTC 2026","","Go Test","github.com/specterops/bloodhound/packages/go/responses/TestWritePaginated","TestWritePaginated"
"Test cases for TestManagementResource_DeleteUser_DeleteUserError","1028","TestManagementResource_DeleteUser_DeleteUserError","","Mon Jul 13 18:07:16 UTC 2026","passed","Mon Jul 13 18:07:17 UTC 2026","","Go Test","github.com/specterops/bloodhound/cmd/api/src/api/v2/auth/TestManagementResource_DeleteUser_DeleteUserError","TestManagementResource_DeleteUser_DeleteUserError"
"","91","initializes the categories with just the built-in defaults when edge endpoint returns nothing","useEdgeCategories","Mon Jul 13 18:10:10 UTC 2026","passed","Mon Jul 13 18:10:10 UTC 2026","","","",""
"","5163","edges are displayed in alphabetical order","Pathfinding","Mon Jul 13 18:09:24 UTC 2026","passed","Mon Jul 13 18:09:29 UTC 2026","","","",""
"Test cases for TestBuildErrorResponseConflict","0","TestBuildErrorResponseConflict","","Mon Jul 13 18:06:41 UTC 2026","passed","Mon Jul 13 18:06:41 UTC 2026","","Go Test","github.com/specterops/bloodhound/cmd/api/src/api/TestBuildErrorResponseConflict","TestBuildErrorResponseConflict"
"","251","does not display a “Disable query timeout” checkbox when timeout limit param config is enabled true","ExploreSearch interaction","Mon Jul 13 18:14:01 UTC 2026","passed","Mon Jul 13 18:14:01 UTC 2026","","","",""
"","2","runs a node search when the query param is set to ""node""","useExploreGraph","Mon Jul 13 18:09:22 UTC 2026","passed","Mon Jul 13 18:09:22 UTC 2026","","exploreGraphQueryFactory","",""
"","0","fails for empty password","testPassword","Mon Jul 13 18:13:18 UTC 2026","passed","Mon Jul 13 18:13:18 UTC 2026","","","",""
"Test cases for TestStringFrom","0","TestStringFrom","","Mon Jul 13 18:06:57 UTC 2026","passed","Mon Jul 13 18:06:57 UTC 2026","","Go Test","github.com/specterops/bloodhound/cmd/api/src/database/types/null/TestStringFrom","TestStringFrom"
"","12","dismisses a notification","AppNotifications","Mon Jul 13 18:12:03 UTC 2026","passed","Mon Jul 13 18:12:03 UTC 2026","","","",""
"","149","updates value when a valid date typed","ManagedDatePicker - value","Mon Jul 13 18:10:54 UTC 2026","passed","Mon Jul 13 18:10:54 UTC 2026","","","",""
"Test cases for TestResources_ListADGPOAffectedTierZero","0","TestResources_ListADGPOAffectedTierZero","","Mon Jul 13 18:06:53 UTC 2026","passed","Mon Jul 13 18:06:53 UTC 2026","","Go Test","github.com/specterops/bloodhound/cmd/api/src/api/v2/TestResources_ListADGPOAffectedTierZero","TestResources_ListADGPOAffectedTierZero"
"","1092","clicking checkbox will remove error if present","DatabaseManagement","Mon Jul 13 18:13:48 UTC 2026","passed","Mon Jul 13 18:13:49 UTC 2026","","","",""
"Test cases for TestIntIsZero","0","TestIntIsZero","","Mon Jul 13 18:06:57 UTC 2026","passed","Mon Jul 13 18:06:57 UTC 2026","","Go Test","github.com/specterops/bloodhound/cmd/api/src/database/types/null/TestIntIsZero","TestIntIsZero"
"Test cases for TestFloatSetValid","0","TestFloatSetValid","","Mon Jul 13 18:06:57 UTC 2026","passed","Mon Jul 13 18:06:57 UTC 2026","","Go Test","github.com/specterops/bloodhound/cmd/api/src/database/types/null/TestFloatSetValid","TestFloatSetValid"
"Test cases for TestResources_ListADDomainForeignAdmins","0","TestResources_ListADDomainForeignAdmins","","Mon Jul 13 18:06:53 UTC 2026","passed","Mon Jul 13 18:06:53 UTC 2026","","Go Test","github.com/specterops/bloodhound/cmd/api/src/api/v2/TestResources_ListADDomainForeignAdmins","TestResources_ListADDomainForeignAdmins"
"Test cases for TestTimeFrom","0","TestTimeFrom","","Mon Jul 13 18:06:57 UTC 2026","passed","Mon Jul 13 18:06:57 UTC 2026","","Go Test","github.com/specterops/bloodhound/cmd/api/src/database/types/null/TestTimeFrom","TestTimeFrom"
"Test cases for TestDisenrollMFA_Admin_SuccessNoPasswordSSO","1354","TestDisenrollMFA_Admin_SuccessNoPasswordSSO","","Mon Jul 13 18:07:32 UTC 2026","passed","Mon Jul 13 18:07:34 UTC 2026","","Go Test","github.com/specterops/bloodhound/cmd/api/src/api/v2/auth/TestDisenrollMFA_Admin_SuccessNoPasswordSSO","TestDisenrollMFA_Admin_SuccessNoPasswordSSO"
"","0","should appropriately handle edges that contain underscores","getEdgeDataFromKey","Mon Jul 13 18:14:29 UTC 2026","passed","Mon Jul 13 18:14:29 UTC 2026","","","",""
"Test cases for TestResources_ListADDomainForeignGroups","3","TestResources_ListADDomainForeignGroups","","Mon Jul 13 18:06:53 UTC 2026","passed","Mon Jul 13 18:06:53 UTC 2026","","Go Test","github.com/specterops/bloodhound/cmd/api/src/api/v2/TestResources_ListADDomainForeignGroups","TestResources_ListADDomainForeignGroups"
"","46","displays a loading message while fetching extensions","ActiveExtensionsCard","Mon Jul 13 18:08:14 UTC 2026","passed","Mon Jul 13 18:08:14 UTC 2026","","","",""
"Test cases for TestManagementResource_ServeSigningCertificate","18","TestManagementResource_ServeSigningCertificate","","Mon Jul 13 18:07:40 UTC 2026","passed","Mon Jul 13 18:07:40 UTC 2026","","Go Test","github.com/specterops/bloodhound/cmd/api/src/api/v2/auth/TestManagementResource_ServeSigningCertificate","TestManagementResource_ServeSigningCertificate"
"Test cases for TestManagementResource_DeleteUser_UserBhCtxNotFound","0","TestManagementResource_DeleteUser_UserBhCtxNotFound","","Mon Jul 13 18:07:15 UTC 2026","passed","Mon Jul 13 18:07:15 UTC 2026","","Go Test","github.com/specterops/bloodhound/cmd/api/src/api/v2/auth/TestManagementResource_DeleteUser_UserBhCtxNotFound","TestManagementResource_DeleteUser_UserBhCtxNotFound"
"Test cases for TestGetScheme","0","TestGetScheme","","Mon Jul 13 18:06:45 UTC 2026","passed","Mon Jul 13 18:06:45 UTC 2026","","Go Test","github.com/specterops/bloodhound/cmd/api/src/api/middleware/TestGetScheme","TestGetScheme"
"Test cases for TestResources_UpdateCustomNodeKindsTest","110","TestResources_UpdateCustomNodeKindsTest","","Mon Jul 13 18:06:53 UTC 2026","passed","Mon Jul 13 18:06:53 UTC 2026","","Go Test","github.com/specterops/bloodhound/cmd/api/src/api/v2/TestResources_UpdateCustomNodeKindsTest","TestResources_UpdateCustomNodeKindsTest"
"Test cases for Test_convertGraphExtensionPayloadToGraphExtension","0","Test_convertGraphExtensionPayloadToGraphExtension","","Mon Jul 13 18:06:53 UTC 2026","passed","Mon Jul 13 18:06:53 UTC 2026","","Go Test","github.com/specterops/bloodhound/cmd/api/src/api/v2/Test_convertGraphExtensionPayloadToGraphExtension","Test_convertGraphExtensionPayloadToGraphExtension"
"Test cases for TestSupportsETACMiddleware","3","TestSupportsETACMiddleware","","Mon Jul 13 18:06:45 UTC 2026","passed","Mon Jul 13 18:06:45 UTC 2026","","Go Test","github.com/specterops/bloodhound/cmd/api/src/api/middleware/TestSupportsETACMiddleware","TestSupportsETACMiddleware"
"","2045","requires a password to disable MFA for a user when logged in without SSO","Users","Mon Jul 13 18:09:40 UTC 2026","passed","Mon Jul 13 18:09:42 UTC 2026","","","",""
"","176","shows ""Expired"" in red when the expiration date has already passed","UserTokenManagementDialog - API Expiration Date column","Mon Jul 13 18:09:45 UTC 2026","passed","Mon Jul 13 18:09:45 UTC 2026","","","",""
"Test cases for TestResources_SearchHandler_ETAC","1","TestResources_SearchHandler_ETAC","","Mon Jul 13 18:06:53 UTC 2026","passed","Mon Jul 13 18:06:53 UTC 2026","","Go Test","github.com/specterops/bloodhound/cmd/api/src/api/v2/TestResources_SearchHandler_ETAC","TestResources_SearchHandler_ETAC"
"","557","filters by the selected date range","FileIngestFilterDialog","Mon Jul 13 18:09:35 UTC 2026","passed","Mon Jul 13 18:09:36 UTC 2026","","Date Range Inputs","",""
"Copyright 2021 The Go Authors. All rights reserved.TestConcat was ripped from go1.22 source and should be replaced with the stdlib implementation when we move to 1.22Original source: https:","6","TestConcat","","Mon Jul 13 18:07:41 UTC 2026","passed","Mon Jul 13 18:07:41 UTC 2026","","Go Test","github.com/specterops/bloodhound/packages/go/slicesext/TestConcat","TestConcat"
"Test cases for TestArgon2Digest_Validate","18","TestArgon2Digest_Validate","","Mon Jul 13 18:07:24 UTC 2026","passed","Mon Jul 13 18:07:24 UTC 2026","","Go Test","github.com/specterops/bloodhound/packages/go/crypto/TestArgon2Digest_Validate","TestArgon2Digest_Validate"
"Test cases for TestManagementResource_ListRoles","0","TestManagementResource_ListRoles","","Mon Jul 13 18:07:00 UTC 2026","passed","Mon Jul 13 18:07:00 UTC 2026","","Go Test","github.com/specterops/bloodhound/cmd/api/src/api/v2/auth/TestManagementResource_ListRoles","TestManagementResource_ListRoles"
"Test cases for TestPredefinedSIDSuffixes","0","TestPredefinedSIDSuffixes","","Mon Jul 13 18:07:23 UTC 2026","passed","Mon Jul 13 18:07:23 UTC 2026","","Go Test","github.com/specterops/bloodhound/packages/go/analysis/ad/wellknown/TestPredefinedSIDSuffixes","TestPredefinedSIDSuffixes"
"Test cases for TestResources_DeleteSavedQuery_DBError","0","TestResources_DeleteSavedQuery_DBError","","Mon Jul 13 18:06:53 UTC 2026","passed","Mon Jul 13 18:06:53 UTC 2026","","Go Test","github.com/specterops/bloodhound/cmd/api/src/api/v2/TestResources_DeleteSavedQuery_DBError","TestResources_DeleteSavedQuery_DBError"
"","172","Should display headers for member name and count","AssetGroupMemberList","Mon Jul 13 18:12:30 UTC 2026","passed","Mon Jul 13 18:12:30 UTC 2026","","","",""
"","510","closes confirmation dialog when cancel is clicked","ActiveExtensionsCard","Mon Jul 13 18:08:16 UTC 2026","passed","Mon Jul 13 18:08:17 UTC 2026","","","",""
"","8643","filter selections are rolled back if user closes modal with the cancel button","EdgeFilter","Mon Jul 13 18:10:55 UTC 2026","passed","Mon Jul 13 18:11:04 UTC 2026","","","",""
"","311","filling in the name value allows updating the selector and navigates back to the details page","Tag Form","Mon Jul 13 18:07:48 UTC 2026","passed","Mon Jul 13 18:07:49 UTC 2026","","","",""
"","2","determines glyphs with the tier_managent_engine feature flag disabled","getNodeGlyphs","Mon Jul 13 18:14:07 UTC 2026","passed","Mon Jul 13 18:14:07 UTC 2026","","","",""
"Test cases for TestResources_UpdateAssetGroupSelectors_SuccessT0","0","TestResources_UpdateAssetGroupSelectors_SuccessT0","","Mon Jul 13 18:06:53 UTC 2026","passed","Mon Jul 13 18:06:53 UTC 2026","","Go Test","github.com/specterops/bloodhound/cmd/api/src/api/v2/TestResources_UpdateAssetGroupSelectors_SuccessT0","TestResources_UpdateAssetGroupSelectors_SuccessT0"
"Test cases for TestEncodingInterface","1","TestEncodingInterface","","Mon Jul 13 18:07:24 UTC 2026","passed","Mon Jul 13 18:07:24 UTC 2026","","Go Test","github.com/specterops/bloodhound/packages/go/bomenc/TestEncodingInterface","TestEncodingInterface"
"Test cases for TestStore_GetNode","3","TestStore_GetNode","","Mon Jul 13 18:07:50 UTC 2026","passed","Mon Jul 13 18:07:50 UTC 2026","","Go Test","github.com/specterops/bloodhound/server/graphdb/internal/appdb/TestStore_GetNode","TestStore_GetNode"
"","0","No type was provided and no results were available","Getting the text for the disabled item display for a search when there are no results","Mon Jul 13 18:12:17 UTC 2026","passed","Mon Jul 13 18:12:17 UTC 2026","","Empty data states","",""
"Test cases for TestIngestControl_DisableIngestFileRetention","15","TestIngestControl_DisableIngestFileRetention","","Mon Jul 13 18:06:45 UTC 2026","passed","Mon Jul 13 18:06:45 UTC 2026","","Go Test","github.com/specterops/bloodhound/cmd/api/src/api/tools/TestIngestControl_DisableIngestFileRetention","TestIngestControl_DisableIngestFileRetention"
"","568","when a search result is clicked it calls `handleNodeSelected`","ExploreSearchCombobox","Mon Jul 13 18:10:05 UTC 2026","passed","Mon Jul 13 18:10:05 UTC 2026","","","",""
"","1072","should hide Environmental Targeted Access Control panel when showEnvironmentAccessControls prop is true and power user role is selected","UpdateUserForm","Mon Jul 13 18:08:00 UTC 2026","passed","Mon Jul 13 18:08:01 UTC 2026","","","",""
"","28","does not render count for a selected zone if prop is not set","DynamicDetails","Mon Jul 13 18:10:24 UTC 2026","passed","Mon Jul 13 18:10:24 UTC 2026","","","",""
"Test cases for TestParseLimitQueryParameter_BadFormat","0","TestParseLimitQueryParameter_BadFormat","","Mon Jul 13 18:06:53 UTC 2026","passed","Mon Jul 13 18:06:53 UTC 2026","","Go Test","github.com/specterops/bloodhound/cmd/api/src/api/v2/TestParseLimitQueryParameter_BadFormat","TestParseLimitQueryParameter_BadFormat"
"Test cases for TestCreateUser_Failure","0","TestCreateUser_Failure","","Mon Jul 13 18:07:00 UTC 2026","passed","Mon Jul 13 18:07:00 UTC 2026","","Go Test","github.com/specterops/bloodhound/cmd/api/src/api/v2/auth/TestCreateUser_Failure","TestCreateUser_Failure"
"","174","lists sso providers for a user with manage or read provider permissions","SSOConfiguration","Mon Jul 13 18:09:19 UTC 2026","passed","Mon Jul 13 18:09:19 UTC 2026","","","",""
"Test cases for TestResources_ListADEntityLinkedGPOs","0","TestResources_ListADEntityLinkedGPOs","","Mon Jul 13 18:06:53 UTC 2026","passed","Mon Jul 13 18:06:53 UTC 2026","","Go Test","github.com/specterops/bloodhound/cmd/api/src/api/v2/TestResources_ListADEntityLinkedGPOs","TestResources_ListADEntityLinkedGPOs"
"Test cases for TestWriteAndValidateZip","1","TestWriteAndValidateZip","","Mon Jul 13 18:07:07 UTC 2026","passed","Mon Jul 13 18:07:07 UTC 2026","","Go Test","github.com/specterops/bloodhound/cmd/api/src/services/upload/TestWriteAndValidateZip","TestWriteAndValidateZip"
"","2085","should call the setCypherQuery handler when the value in the editor changes","CypherSearch","Mon Jul 13 18:08:40 UTC 2026","passed","Mon Jul 13 18:08:43 UTC 2026","","","",""
"","410","clicking cancel on the form takes the user back to the details page the user was on previously","Rule Form","Mon Jul 13 18:08:00 UTC 2026","passed","Mon Jul 13 18:08:01 UTC 2026","","","",""
"","0","returns false when the highlighted item is not in the graph","SigmaChart Utils","Mon Jul 13 18:14:14 UTC 2026","passed","Mon Jul 13 18:14:14 UTC 2026","","getIsHighlightedItemInGraph","",""
"Test cases for TestResources_UpdateAssetGroupTag","10","TestResources_UpdateAssetGroupTag","","Mon Jul 13 18:06:53 UTC 2026","passed","Mon Jul 13 18:06:53 UTC 2026","","Go Test","github.com/specterops/bloodhound/cmd/api/src/api/v2/TestResources_UpdateAssetGroupTag","TestResources_UpdateAssetGroupTag"
"Test cases for TestNewDefaultFileServices_ReturnsError","3","TestNewDefaultFileServices_ReturnsError","","Mon Jul 13 18:07:05 UTC 2026","passed","Mon Jul 13 18:07:05 UTC 2026","","Go Test","github.com/specterops/bloodhound/cmd/api/src/services/storage/TestNewDefaultFileServices_ReturnsError","TestNewDefaultFileServices_ReturnsError"
"Test cases for Test_signedRequestDate","0","Test_signedRequestDate","","Mon Jul 13 18:06:45 UTC 2026","passed","Mon Jul 13 18:06:45 UTC 2026","","Go Test","github.com/specterops/bloodhound/cmd/api/src/api/middleware/Test_signedRequestDate","Test_signedRequestDate"
"Test cases for TestQueries_BuildEntityQueryParams_InvalidLimit","0","TestQueries_BuildEntityQueryParams_InvalidLimit","","Mon Jul 13 18:07:00 UTC 2026","passed","Mon Jul 13 18:07:00 UTC 2026","","Go Test","github.com/specterops/bloodhound/cmd/api/src/queries/TestQueries_BuildEntityQueryParams_InvalidLimit","TestQueries_BuildEntityQueryParams_InvalidLimit"
"","2412","search highlights matching substring with text-link class","Pathfinding","Mon Jul 13 18:09:14 UTC 2026","passed","Mon Jul 13 18:09:16 UTC 2026","","","",""
"","182","renders the card with title and search input","ActiveExtensionsCard","Mon Jul 13 18:08:14 UTC 2026","passed","Mon Jul 13 18:08:14 UTC 2026","","","",""
"Test cases for TestResources_ListADGPOAffectedComputers","1","TestResources_ListADGPOAffectedComputers","","Mon Jul 13 18:06:53 UTC 2026","passed","Mon Jul 13 18:06:53 UTC 2026","","Go Test","github.com/specterops/bloodhound/cmd/api/src/api/v2/TestResources_ListADGPOAffectedComputers","TestResources_ListADGPOAffectedComputers"
"Test cases for TestOrphanFileSweeper_AddExpectedLocalPath","15","TestOrphanFileSweeper_AddExpectedLocalPath","","Mon Jul 13 18:06:55 UTC 2026","passed","Mon Jul 13 18:06:55 UTC 2026","","Go Test","github.com/specterops/bloodhound/cmd/api/src/daemons/datapipe/TestOrphanFileSweeper_AddExpectedLocalPath","TestOrphanFileSweeper_AddExpectedLocalPath"
"","30","does not show the dropdown by default","ManageColumnsComboBox","Mon Jul 13 18:09:55 UTC 2026","passed","Mon Jul 13 18:09:55 UTC 2026","","","",""
"Test cases for TestManagementResource_SAMLLoginHandler","28","TestManagementResource_SAMLLoginHandler","","Mon Jul 13 18:07:40 UTC 2026","passed","Mon Jul 13 18:07:40 UTC 2026","","Go Test","github.com/specterops/bloodhound/cmd/api/src/api/v2/auth/TestManagementResource_SAMLLoginHandler","TestManagementResource_SAMLLoginHandler"
"Test cases for TestSavedQueries_IsSortable","0","TestSavedQueries_IsSortable","","Mon Jul 13 18:06:58 UTC 2026","passed","Mon Jul 13 18:06:58 UTC 2026","","Go Test","github.com/specterops/bloodhound/cmd/api/src/model/TestSavedQueries_IsSortable","TestSavedQueries_IsSortable"
"Test cases for TestManagementResource_EnrollMFA","3981","TestManagementResource_EnrollMFA","","Mon Jul 13 18:07:22 UTC 2026","passed","Mon Jul 13 18:07:26 UTC 2026","","Go Test","github.com/specterops/bloodhound/cmd/api/src/api/v2/auth/TestManagementResource_EnrollMFA","TestManagementResource_EnrollMFA"
"Test cases for TestResources_GetEdgeComposition","94","TestResources_GetEdgeComposition","","Mon Jul 13 18:06:53 UTC 2026","passed","Mon Jul 13 18:06:53 UTC 2026","","Go Test","github.com/specterops/bloodhound/cmd/api/src/api/v2/TestResources_GetEdgeComposition","TestResources_GetEdgeComposition"
"Test cases for TestResources_ListExtensions","68","TestResources_ListExtensions","","Mon Jul 13 18:06:53 UTC 2026","passed","Mon Jul 13 18:06:53 UTC 2026","","Go Test","github.com/specterops/bloodhound/cmd/api/src/api/v2/TestResources_ListExtensions","TestResources_ListExtensions"
"","14","returns the OpenGraph environmentInfo when environmentAggregation param is not a known type","useAvailableEnvironments","Mon Jul 13 18:10:43 UTC 2026","passed","Mon Jul 13 18:10:43 UTC 2026","","useSelectedEnvironment","",""
"","1328","shows a table with partially completed jobs","FileIngestTable","Mon Jul 13 18:08:50 UTC 2026","passed","Mon Jul 13 18:08:52 UTC 2026","","","",""
"","1590","renders a table if the query has NO node edges","GraphView","Mon Jul 13 18:13:47 UTC 2026","passed","Mon Jul 13 18:13:49 UTC 2026","","","",""
"","177","a timeout response from the server is handled","ExploreSearchCombobox with search timeout","Mon Jul 13 18:10:06 UTC 2026","passed","Mon Jul 13 18:10:06 UTC 2026","","","",""
"Test cases for TestIngestJobs_ValidFilters","0","TestIngestJobs_ValidFilters","","Mon Jul 13 18:06:58 UTC 2026","passed","Mon Jul 13 18:06:58 UTC 2026","","Go Test","github.com/specterops/bloodhound/cmd/api/src/model/TestIngestJobs_ValidFilters","TestIngestJobs_ValidFilters"
"","10","navigates to the specified route with global params intact when triggered by a splat route","AppNavigate","Mon Jul 13 18:12:04 UTC 2026","passed","Mon Jul 13 18:12:04 UTC 2026","","","",""
"","0","abbreviates thousands, millions, billions, trillions as expected","numberFormatting","Mon Jul 13 18:11:02 UTC 2026","passed","Mon Jul 13 18:11:02 UTC 2026","","","",""
"Test cases for TestStore_GetFlagByKey","3","TestStore_GetFlagByKey","","Mon Jul 13 18:07:49 UTC 2026","passed","Mon Jul 13 18:07:49 UTC 2026","","Go Test","github.com/specterops/bloodhound/server/featureflags/internal/appdb/TestStore_GetFlagByKey","TestStore_GetFlagByKey"
"","472","disables any available button toggles if the user lacks the permission","EarlyAccessFeatures","Mon Jul 13 18:14:14 UTC 2026","passed","Mon Jul 13 18:14:15 UTC 2026","","","",""
"Test cases for TestUnmarshalNonIntegerNumberToInt64","0","TestUnmarshalNonIntegerNumberToInt64","","Mon Jul 13 18:06:57 UTC 2026","passed","Mon Jul 13 18:06:57 UTC 2026","","Go Test","github.com/specterops/bloodhound/cmd/api/src/database/types/null/TestUnmarshalNonIntegerNumberToInt64","TestUnmarshalNonIntegerNumberToInt64"
"Test cases for TestManagementResource_UpdateUser_UserSelfModify","1027","TestManagementResource_UpdateUser_UserSelfModify","","Mon Jul 13 18:07:11 UTC 2026","passed","Mon Jul 13 18:07:12 UTC 2026","","Go Test","github.com/specterops/bloodhound/cmd/api/src/api/v2/auth/TestManagementResource_UpdateUser_UserSelfModify","TestManagementResource_UpdateUser_UserSelfModify"
"","1718","renders correct search elements after keypresses","GraphView","Mon Jul 13 18:13:50 UTC 2026","passed","Mon Jul 13 18:13:52 UTC 2026","","","",""
"Test cases for TestGetLatestQueryParameter_LatestMalformed","0","TestGetLatestQueryParameter_LatestMalformed","","Mon Jul 13 18:06:53 UTC 2026","passed","Mon Jul 13 18:06:53 UTC 2026","","Go Test","github.com/specterops/bloodhound/cmd/api/src/api/v2/TestGetLatestQueryParameter_LatestMalformed","TestGetLatestQueryParameter_LatestMalformed"
"Test cases for TestGetPageParamsForGraphQuery","0","TestGetPageParamsForGraphQuery","","Mon Jul 13 18:07:22 UTC 2026","passed","Mon Jul 13 18:07:22 UTC 2026","","Go Test","github.com/specterops/bloodhound/cmd/api/src/utils/TestGetPageParamsForGraphQuery","TestGetPageParamsForGraphQuery"
"","892","should render with a full list of multiple tenants and domains","Simple Environment Selector","Mon Jul 13 18:10:16 UTC 2026","passed","Mon Jul 13 18:10:16 UTC 2026","","","",""
"Test cases for TestResources_ListAssetGroupCollections","2","TestResources_ListAssetGroupCollections","","Mon Jul 13 18:06:53 UTC 2026","passed","Mon Jul 13 18:06:53 UTC 2026","","Go Test","github.com/specterops/bloodhound/cmd/api/src/api/v2/TestResources_ListAssetGroupCollections","TestResources_ListAssetGroupCollections"
"","1450","shows an error message when unable to delete a rule","Rule Form","Mon Jul 13 18:07:59 UTC 2026","passed","Mon Jul 13 18:08:00 UTC 2026","","","",""
"Test cases for TestResources_GetAssetGroup","0","TestResources_GetAssetGroup","","Mon Jul 13 18:06:53 UTC 2026","passed","Mon Jul 13 18:06:53 UTC 2026","","Go Test","github.com/specterops/bloodhound/cmd/api/src/api/v2/TestResources_GetAssetGroup","TestResources_GetAssetGroup"
"Test cases for TestCreateRuntimeDependenciesInitializesDefaultFileServices","3","TestCreateRuntimeDependenciesInitializesDefaultFileServices","","Mon Jul 13 18:07:02 UTC 2026","passed","Mon Jul 13 18:07:02 UTC 2026","","Go Test","github.com/specterops/bloodhound/cmd/api/src/services/TestCreateRuntimeDependenciesInitializesDefaultFileServices","TestCreateRuntimeDependenciesInitializesDefaultFileServices"
"Test cases for TestResources_GetEdgeRelayTargets","94","TestResources_GetEdgeRelayTargets","","Mon Jul 13 18:06:53 UTC 2026","passed","Mon Jul 13 18:06:53 UTC 2026","","Go Test","github.com/specterops/bloodhound/cmd/api/src/api/v2/TestResources_GetEdgeRelayTargets","TestResources_GetEdgeRelayTargets"
"","218","calls onClose when user clicks cancel","PasswordDialog","Mon Jul 13 18:08:29 UTC 2026","passed","Mon Jul 13 18:08:29 UTC 2026","","","",""
"","4","wraps a plain value in single quotes","escapeCypherString","Mon Jul 13 18:13:12 UTC 2026","passed","Mon Jul 13 18:13:12 UTC 2026","","","",""
"","257","closes","ListItemActionMenu","Mon Jul 13 18:11:47 UTC 2026","passed","Mon Jul 13 18:11:47 UTC 2026","","","",""
"Test cases for TestResolver_StartDone","22","TestResolver_StartDone","","Mon Jul 13 18:07:03 UTC 2026","passed","Mon Jul 13 18:07:03 UTC 2026","","Go Test","github.com/specterops/bloodhound/cmd/api/src/services/graphify/endpoint/TestResolver_StartDone","TestResolver_StartDone"
"TestMigrator_GenerateManifestAfterVersion builds upon the GenerateManifest testby starting from different version points and spot checking migration counts.","0","TestMigrator_GenerateManifestAfterVersion","","Mon Jul 13 18:06:57 UTC 2026","passed","Mon Jul 13 18:06:57 UTC 2026","","Go Test","github.com/specterops/bloodhound/cmd/api/src/database/migration/TestMigrator_GenerateManifestAfterVersion","TestMigrator_GenerateManifestAfterVersion"
"","84","fetches new information when a different databaseId is passed","useFetchEntityInfo","Mon Jul 13 18:11:08 UTC 2026","passed","Mon Jul 13 18:11:08 UTC 2026","","","",""
"","419","displays a validation error","ManagedDatePicker - date validation","Mon Jul 13 18:10:53 UTC 2026","passed","Mon Jul 13 18:10:53 UTC 2026","","","",""
"","1706","handles posting a mutation","DatabaseManagement","Mon Jul 13 18:13:50 UTC 2026","passed","Mon Jul 13 18:13:52 UTC 2026","","","",""
"","1","filters by azure platform","filterAndSearchEnvironments","Mon Jul 13 18:08:12 UTC 2026","passed","Mon Jul 13 18:08:12 UTC 2026","","platform filters","",""
"Test cases for TestManagementResource_GetUser","25497","TestManagementResource_GetUser","","Mon Jul 13 18:07:15 UTC 2026","passed","Mon Jul 13 18:07:40 UTC 2026","","Go Test","github.com/specterops/bloodhound/cmd/api/src/api/v2/auth/TestManagementResource_GetUser","TestManagementResource_GetUser"
"","461","filters by the selected user","FileIngestFilterDialog","Mon Jul 13 18:09:37 UTC 2026","passed","Mon Jul 13 18:09:38 UTC 2026","","User Select","",""
"","67","returns when zone limit is reached","useTagLimits","Mon Jul 13 18:08:34 UTC 2026","passed","Mon Jul 13 18:08:34 UTC 2026","","","",""
"","9","fully replaces state","useObjectState","Mon Jul 13 18:12:31 UTC 2026","passed","Mon Jul 13 18:12:31 UTC 2026","","","",""
"","2","writes initialValue to localStorage when the key is absent","useLocalStorage","Mon Jul 13 18:10:25 UTC 2026","passed","Mon Jul 13 18:10:25 UTC 2026","","initial value","",""
"","24","returns numbers as strings","numberFormatting","Mon Jul 13 18:11:02 UTC 2026","passed","Mon Jul 13 18:11:02 UTC 2026","","","",""
"","481","should render list of available SSO providers","LoginViaSSOForm","Mon Jul 13 18:11:39 UTC 2026","passed","Mon Jul 13 18:11:39 UTC 2026","","","",""
"Test cases for TestStore_GetFlagByID","0","TestStore_GetFlagByID","","Mon Jul 13 18:07:49 UTC 2026","passed","Mon Jul 13 18:07:49 UTC 2026","","Go Test","github.com/specterops/bloodhound/server/featureflags/internal/appdb/TestStore_GetFlagByID","TestStore_GetFlagByID"
"Test cases for TestFilter","0","TestFilter","","Mon Jul 13 18:07:41 UTC 2026","passed","Mon Jul 13 18:07:41 UTC 2026","","Go Test","github.com/specterops/bloodhound/packages/go/slicesext/TestFilter","TestFilter"
"Test cases for TestUnmarshalTimeText","0","TestUnmarshalTimeText","","Mon Jul 13 18:06:57 UTC 2026","passed","Mon Jul 13 18:06:57 UTC 2026","","Go Test","github.com/specterops/bloodhound/cmd/api/src/database/types/null/TestUnmarshalTimeText","TestUnmarshalTimeText"
"","382","invalidates the extensions query after a successful upload","SchemaUploadDialog","Mon Jul 13 18:09:25 UTC 2026","passed","Mon Jul 13 18:09:26 UTC 2026","","","",""
"","126","upon selecting a source node, updates the URL with a searchType of 'node' and primarySearch of the node's objectid","useNodeSearch","Mon Jul 13 18:12:21 UTC 2026","passed","Mon Jul 13 18:12:22 UTC 2026","","","",""
"","92","initializes search tab to node search if the exploreSearchTab is not a supported tab name on first render","ExploreSearch sets searchType on tab changing","Mon Jul 13 18:13:57 UTC 2026","passed","Mon Jul 13 18:13:57 UTC 2026","","","",""
"","161","should display ""Disable Multi-Factor Authentication"" button","Enable2FADialog","Mon Jul 13 18:11:57 UTC 2026","passed","Mon Jul 13 18:11:57 UTC 2026","","","",""
"Test cases for TestGetADDataQualityStats_Success","0","TestGetADDataQualityStats_Success","","Mon Jul 13 18:06:53 UTC 2026","passed","Mon Jul 13 18:06:53 UTC 2026","","Go Test","github.com/specterops/bloodhound/cmd/api/src/api/v2/TestGetADDataQualityStats_Success","TestGetADDataQualityStats_Success"
"","1","returns empty arrays when kinds data has empty arrays","graphSchema","Mon Jul 13 18:12:45 UTC 2026","passed","Mon Jul 13 18:12:45 UTC 2026","","","",""
"Test cases for TestDomainSelectors_GetFilterCriteria_Success_Empty","0","TestDomainSelectors_GetFilterCriteria_Success_Empty","","Mon Jul 13 18:06:58 UTC 2026","passed","Mon Jul 13 18:06:58 UTC 2026","","Go Test","github.com/specterops/bloodhound/cmd/api/src/model/TestDomainSelectors_GetFilterCriteria_Success_Empty","TestDomainSelectors_GetFilterCriteria_Success_Empty"
"","85","should display the ETAC role-based filtering badge when filtering is enabled","Zone Management","Mon Jul 13 18:12:12 UTC 2026","passed","Mon Jul 13 18:12:12 UTC 2026","","","",""
"Test cases for TestResources_GetNTAuthStoreEntityInfo","228","TestResources_GetNTAuthStoreEntityInfo","","Mon Jul 13 18:06:53 UTC 2026","passed","Mon Jul 13 18:06:53 UTC 2026","","Go Test","github.com/specterops/bloodhound/cmd/api/src/api/v2/TestResources_GetNTAuthStoreEntityInfo","TestResources_GetNTAuthStoreEntityInfo"
"Test cases for TestOpenScratchReadSeeker","1","TestOpenScratchReadSeeker","","Mon Jul 13 18:07:03 UTC 2026","passed","Mon Jul 13 18:07:03 UTC 2026","","Go Test","github.com/specterops/bloodhound/cmd/api/src/services/graphify/TestOpenScratchReadSeeker","TestOpenScratchReadSeeker"
"Test cases for TestResources_GetAZEntityInformation","132","TestResources_GetAZEntityInformation","","Mon Jul 13 18:06:53 UTC 2026","passed","Mon Jul 13 18:06:53 UTC 2026","","Go Test","github.com/specterops/bloodhound/cmd/api/src/api/v2/TestResources_GetAZEntityInformation","TestResources_GetAZEntityInformation"
"","257","should render","Rule Object Select","Mon Jul 13 18:11:51 UTC 2026","passed","Mon Jul 13 18:11:52 UTC 2026","","","",""
"Test cases for TestService_GetFlagByKey","1","TestService_GetFlagByKey","","Mon Jul 13 18:07:50 UTC 2026","passed","Mon Jul 13 18:07:50 UTC 2026","","Go Test","github.com/specterops/bloodhound/server/featureflags/internal/services/TestService_GetFlagByKey","TestService_GetFlagByKey"
"Copyright 2021 The Go Authors. All rights reserved.TestConcat was ripped from go1.22 source and should be replaced with the stdlib implementation when we move to 1.22Original source: https:","0","TestConcat_too_large","","Mon Jul 13 18:07:41 UTC 2026","passed","Mon Jul 13 18:07:41 UTC 2026","","Go Test","github.com/specterops/bloodhound/packages/go/slicesext/TestConcat_too_large","TestConcat_too_large"
"","245","should render a nav element with logo, two lists, a version number and a powered by","MainNav","Mon Jul 13 18:10:23 UTC 2026","passed","Mon Jul 13 18:10:24 UTC 2026","","","",""
"Test cases for TestSIDSuffix_PrependPrefix","0","TestSIDSuffix_PrependPrefix","","Mon Jul 13 18:07:23 UTC 2026","passed","Mon Jul 13 18:07:23 UTC 2026","","Go Test","github.com/specterops/bloodhound/packages/go/analysis/ad/wellknown/TestSIDSuffix_PrependPrefix","TestSIDSuffix_PrependPrefix"
"Test cases for TestSelfDestructingTempFile","0","TestSelfDestructingTempFile","","Mon Jul 13 18:06:41 UTC 2026","passed","Mon Jul 13 18:06:41 UTC 2026","","Go Test","github.com/specterops/bloodhound/cmd/api/src/api/TestSelfDestructingTempFile","TestSelfDestructingTempFile"
"Test cases for TestCORSMiddleware","0","TestCORSMiddleware","","Mon Jul 13 18:06:45 UTC 2026","passed","Mon Jul 13 18:06:45 UTC 2026","","Go Test","github.com/specterops/bloodhound/cmd/api/src/api/middleware/TestCORSMiddleware","TestCORSMiddleware"
"","483","should close the dialog when the Cancel button is clicked","Privilege Zones History Filter Dialog","Mon Jul 13 18:10:35 UTC 2026","passed","Mon Jul 13 18:10:35 UTC 2026","","","",""
"Test cases for TestManagementResource_ListPermissions","0","TestManagementResource_ListPermissions","","Mon Jul 13 18:07:00 UTC 2026","passed","Mon Jul 13 18:07:00 UTC 2026","","Go Test","github.com/specterops/bloodhound/cmd/api/src/api/v2/auth/TestManagementResource_ListPermissions","TestManagementResource_ListPermissions"
"","0","fails for password without digits","testPassword","Mon Jul 13 18:13:18 UTC 2026","passed","Mon Jul 13 18:13:18 UTC 2026","","","",""
"","4","announces a message with assertive priority","AnnouncementProvider","Mon Jul 13 18:11:06 UTC 2026","passed","Mon Jul 13 18:11:06 UTC 2026","","","",""
"","166","can render","ExploreSearchCombobox","Mon Jul 13 18:10:04 UTC 2026","passed","Mon Jul 13 18:10:04 UTC 2026","","","",""
"Test cases for TestUnmarshalTimeJSON","0","TestUnmarshalTimeJSON","","Mon Jul 13 18:06:57 UTC 2026","passed","Mon Jul 13 18:06:57 UTC 2026","","Go Test","github.com/specterops/bloodhound/cmd/api/src/database/types/null/TestUnmarshalTimeJSON","TestUnmarshalTimeJSON"
"","9","optionally allows the consumer to pass a query to performSearch() and adds that query to the url","useCypherSearch","Mon Jul 13 18:12:49 UTC 2026","passed","Mon Jul 13 18:12:49 UTC 2026","","","",""
"","7","omits sections whose items are all filtered out","useSubNavRoutes","Mon Jul 13 18:10:42 UTC 2026","passed","Mon Jul 13 18:10:42 UTC 2026","","","",""
"","82","Calls the `Base` endpoint for a LocalUser type node","EntityObjectInformation","Mon Jul 13 18:10:55 UTC 2026","passed","Mon Jul 13 18:10:55 UTC 2026","","","",""
"Test cases for TestGetLatestQueryParameter","0","TestGetLatestQueryParameter","","Mon Jul 13 18:06:53 UTC 2026","passed","Mon Jul 13 18:06:53 UTC 2026","","Go Test","github.com/specterops/bloodhound/cmd/api/src/api/v2/TestGetLatestQueryParameter","TestGetLatestQueryParameter"
"","437","sets exploreSearchTab param to pathfinding when the user clicks the `pathfinding` tab","ExploreSearch sets searchType on tab changing","Mon Jul 13 18:13:56 UTC 2026","passed","Mon Jul 13 18:13:56 UTC 2026","","","",""
"Test cases for TestManagementResource_UpdateUser_GetRolesError","1048","TestManagementResource_UpdateUser_GetRolesError","","Mon Jul 13 18:07:09 UTC 2026","passed","Mon Jul 13 18:07:10 UTC 2026","","Go Test","github.com/specterops/bloodhound/cmd/api/src/api/v2/auth/TestManagementResource_UpdateUser_GetRolesError","TestManagementResource_UpdateUser_GetRolesError"
"","0","should handle the well formed entities","Evaluating the entity display name from a given entity","Mon Jul 13 18:10:00 UTC 2026","passed","Mon Jul 13 18:10:00 UTC 2026","","","",""
"Test cases for Test_HarnessSetup","0","Test_HarnessSetup","","Mon Jul 13 18:07:25 UTC 2026","passed","Mon Jul 13 18:07:25 UTC 2026","","Go Test","github.com/specterops/bloodhound/packages/go/lab/Test_HarnessSetup","Test_HarnessSetup"
"","186","should call the onClick function when clicked","GraphButton","Mon Jul 13 18:13:23 UTC 2026","passed","Mon Jul 13 18:13:24 UTC 2026","","","",""
"Test cases for TestResources_GetAssetGroupTagMemberInfo","1","TestResources_GetAssetGroupTagMemberInfo","","Mon Jul 13 18:06:53 UTC 2026","passed","Mon Jul 13 18:06:53 UTC 2026","","Go Test","github.com/specterops/bloodhound/cmd/api/src/api/v2/TestResources_GetAssetGroupTagMemberInfo","TestResources_GetAssetGroupTagMemberInfo"
"Test cases for TestWriteTimeWindowedResponse","0","TestWriteTimeWindowedResponse","","Mon Jul 13 18:06:41 UTC 2026","passed","Mon Jul 13 18:06:41 UTC 2026","","Go Test","github.com/specterops/bloodhound/cmd/api/src/api/TestWriteTimeWindowedResponse","TestWriteTimeWindowedResponse"
"Test cases for Test_NewRequestSignature","0","Test_NewRequestSignature","","Mon Jul 13 18:06:40 UTC 2026","passed","Mon Jul 13 18:06:40 UTC 2026","","Go Test","github.com/specterops/bloodhound/cmd/api/src/api/Test_NewRequestSignature","Test_NewRequestSignature"
"Test cases for TestOrphanFileSweeper_ClearLegacyLocalIngestFiles","15","TestOrphanFileSweeper_ClearLegacyLocalIngestFiles","","Mon Jul 13 18:06:55 UTC 2026","passed","Mon Jul 13 18:06:55 UTC 2026","","Go Test","github.com/specterops/bloodhound/cmd/api/src/daemons/datapipe/TestOrphanFileSweeper_ClearLegacyLocalIngestFiles","TestOrphanFileSweeper_ClearLegacyLocalIngestFiles"
"","84","should not display api key management button","Api Keys","Mon Jul 13 18:10:19 UTC 2026","passed","Mon Jul 13 18:10:19 UTC 2026","","","",""
"Test cases for TestBoolEqual","0","TestBoolEqual","","Mon Jul 13 18:06:57 UTC 2026","passed","Mon Jul 13 18:06:57 UTC 2026","","Go Test","github.com/specterops/bloodhound/cmd/api/src/database/types/null/TestBoolEqual","TestBoolEqual"
"Test cases for TestFloatValueOrZero","1","TestFloatValueOrZero","","Mon Jul 13 18:06:57 UTC 2026","passed","Mon Jul 13 18:06:57 UTC 2026","","Go Test","github.com/specterops/bloodhound/cmd/api/src/database/types/null/TestFloatValueOrZero","TestFloatValueOrZero"
"Test cases for TestFloatFromPtr","0","TestFloatFromPtr","","Mon Jul 13 18:06:57 UTC 2026","passed","Mon Jul 13 18:06:57 UTC 2026","","Go Test","github.com/specterops/bloodhound/cmd/api/src/database/types/null/TestFloatFromPtr","TestFloatFromPtr"
"Test cases for Test_FixtureSetup","0","Test_FixtureSetup","","Mon Jul 13 18:07:25 UTC 2026","passed","Mon Jul 13 18:07:25 UTC 2026","","Go Test","github.com/specterops/bloodhound/packages/go/lab/Test_FixtureSetup","Test_FixtureSetup"
"Test cases for TestResources_ListADEntityPSRemoteRights","0","TestResources_ListADEntityPSRemoteRights","","Mon Jul 13 18:06:53 UTC 2026","passed","Mon Jul 13 18:06:53 UTC 2026","","Go Test","github.com/specterops/bloodhound/cmd/api/src/api/v2/TestResources_ListADEntityPSRemoteRights","TestResources_ListADEntityPSRemoteRights"
"Test cases for TestSignRequestAtInternalError","0","TestSignRequestAtInternalError","","Mon Jul 13 18:06:41 UTC 2026","passed","Mon Jul 13 18:06:41 UTC 2026","","Go Test","github.com/specterops/bloodhound/cmd/api/src/api/TestSignRequestAtInternalError","TestSignRequestAtInternalError"
"","289","should display filter dropwdowns","CommonSearches","Mon Jul 13 18:09:56 UTC 2026","passed","Mon Jul 13 18:09:57 UTC 2026","","","",""
"Test cases for TestResources_ListADDomainDCSyncers","2","TestResources_ListADDomainDCSyncers","","Mon Jul 13 18:06:53 UTC 2026","passed","Mon Jul 13 18:06:53 UTC 2026","","Go Test","github.com/specterops/bloodhound/cmd/api/src/api/v2/TestResources_ListADDomainDCSyncers","TestResources_ListADDomainDCSyncers"
"","149","shows formatted expiration date (yyyy-MM-dd) when expires_at is set","UserTokenManagementDialog - API Expiration Date column","Mon Jul 13 18:09:45 UTC 2026","passed","Mon Jul 13 18:09:46 UTC 2026","","","",""
"","127","should render action list item that handles a function","MainNav","Mon Jul 13 18:10:24 UTC 2026","passed","Mon Jul 13 18:10:24 UTC 2026","","","",""
"","294","shows all checked boxes","GraphDataCheckboxes","Mon Jul 13 18:09:14 UTC 2026","passed","Mon Jul 13 18:09:15 UTC 2026","","","",""
"","0","returns undefined if graphData is null or not a GraphResponse","getExploreTableData","Mon Jul 13 18:11:08 UTC 2026","passed","Mon Jul 13 18:11:08 UTC 2026","","","",""
"Test cases for TestGetLimitParamForGraphQuery","0","TestGetLimitParamForGraphQuery","","Mon Jul 13 18:07:22 UTC 2026","passed","Mon Jul 13 18:07:22 UTC 2026","","Go Test","github.com/specterops/bloodhound/cmd/api/src/utils/TestGetLimitParamForGraphQuery","TestGetLimitParamForGraphQuery"
"","947","renders a link to the explore page when member is clicked","GroupManagement","Mon Jul 13 18:14:17 UTC 2026","passed","Mon Jul 13 18:14:18 UTC 2026","","","",""
"","332","sets a secondary=id and searchType=pathfinding when primary is truethy","ContextMenu","Mon Jul 13 18:09:49 UTC 2026","passed","Mon Jul 13 18:09:49 UTC 2026","","","",""
"","0","preserves unicode characters","escapeCypherString","Mon Jul 13 18:13:12 UTC 2026","passed","Mon Jul 13 18:13:12 UTC 2026","","","",""
"","116","returns a nodes array","useEdgeInfoItems","Mon Jul 13 18:11:29 UTC 2026","passed","Mon Jul 13 18:11:29 UTC 2026","","","",""
"","484","Displays a modal after clicking Analyze Now button and run analysis after clicking confirm","AnalyzeNowConfiguration","Mon Jul 13 18:10:25 UTC 2026","passed","Mon Jul 13 18:10:26 UTC 2026","","","",""
"","345","does not auto-display the table for a node-only cypher response when the user has already selected a graph layout","GraphView","Mon Jul 13 18:13:52 UTC 2026","passed","Mon Jul 13 18:13:52 UTC 2026","","Layout selection and de-selection","",""
"Test cases for TestStore_PathHelpers","74","TestStore_PathHelpers","","Mon Jul 13 18:07:45 UTC 2026","passed","Mon Jul 13 18:07:45 UTC 2026","","Go Test","github.com/specterops/bloodhound/packages/go/storage/TestStore_PathHelpers","TestStore_PathHelpers"
"Test cases for TestArgon2Digest_String","0","TestArgon2Digest_String","","Mon Jul 13 18:07:24 UTC 2026","passed","Mon Jul 13 18:07:24 UTC 2026","","Go Test","github.com/specterops/bloodhound/packages/go/crypto/TestArgon2Digest_String","TestArgon2Digest_String"
"Test cases for TestResources_GetGPOEntityInfo","0","TestResources_GetGPOEntityInfo","","Mon Jul 13 18:06:53 UTC 2026","passed","Mon Jul 13 18:06:53 UTC 2026","","Go Test","github.com/specterops/bloodhound/cmd/api/src/api/v2/TestResources_GetGPOEntityInfo","TestResources_GetGPOEntityInfo"
"Test cases for TestResources_DownloadCollectorChecksumByVersion","9","TestResources_DownloadCollectorChecksumByVersion","","Mon Jul 13 18:06:53 UTC 2026","passed","Mon Jul 13 18:06:53 UTC 2026","","Go Test","github.com/specterops/bloodhound/cmd/api/src/api/v2/TestResources_DownloadCollectorChecksumByVersion","TestResources_DownloadCollectorChecksumByVersion"
"","9","displays lastlogontimestamp cell as NEVER when the value is -1","ExploreTableDataCell","Mon Jul 13 18:12:35 UTC 2026","passed","Mon Jul 13 18:12:35 UTC 2026","","","",""
"","0","returns empty array when environments is undefined","filterAndSearchEnvironments","Mon Jul 13 18:08:12 UTC 2026","passed","Mon Jul 13 18:08:12 UTC 2026","","with empty environments","",""
"","0","returns true if value is ''","searchParams","Mon Jul 13 18:11:47 UTC 2026","passed","Mon Jul 13 18:11:47 UTC 2026","","isEmptyParam","",""
"","274","calls the onReset prop when the crop button is clicked","GraphControls","Mon Jul 13 18:08:12 UTC 2026","passed","Mon Jul 13 18:08:13 UTC 2026","","Resetting graph","",""
"Test cases for TestManagementResource_ListUsers_DBError","0","TestManagementResource_ListUsers_DBError","","Mon Jul 13 18:07:00 UTC 2026","passed","Mon Jul 13 18:07:00 UTC 2026","","Go Test","github.com/specterops/bloodhound/cmd/api/src/api/v2/auth/TestManagementResource_ListUsers_DBError","TestManagementResource_ListUsers_DBError"
"","589","toggles parent from none to all","GraphDataCheckboxes","Mon Jul 13 18:09:15 UTC 2026","passed","Mon Jul 13 18:09:16 UTC 2026","","","",""
"","626","calls onSave without current password when requireCurrentPassword is false","PasswordDialog","Mon Jul 13 18:08:34 UTC 2026","passed","Mon Jul 13 18:08:34 UTC 2026","","","",""
"Test cases for TestResources_ShareSavedQueriesPermissions_CanUpdateSavedQueriesPermission","5","TestResources_ShareSavedQueriesPermissions_CanUpdateSavedQueriesPermission","","Mon Jul 13 18:06:53 UTC 2026","passed","Mon Jul 13 18:06:53 UTC 2026","","Go Test","github.com/specterops/bloodhound/cmd/api/src/api/v2/TestResources_ShareSavedQueriesPermissions_CanUpdateSavedQueriesPermission","TestResources_ShareSavedQueriesPermissions_CanUpdateSavedQueriesPermission"
"Test cases for Test_parseLatestVersion","1","Test_parseLatestVersion","","Mon Jul 13 18:07:44 UTC 2026","passed","Mon Jul 13 18:07:44 UTC 2026","","Go Test","github.com/specterops/bloodhound/packages/go/stbernard/git/Test_parseLatestVersion","Test_parseLatestVersion"
"","359","disables a nested graph data option while its source kind is selected","GraphDataCheckboxes","Mon Jul 13 18:09:18 UTC 2026","passed","Mon Jul 13 18:09:18 UTC 2026","","","",""
"","21","disables the upload button and does not populate a table if the user lacks the permission","File Upload","Mon Jul 13 18:10:20 UTC 2026","passed","Mon Jul 13 18:10:20 UTC 2026","","","",""
"","547","clear validation error on input","ManagedDatePicker - date validation","Mon Jul 13 18:10:53 UTC 2026","passed","Mon Jul 13 18:10:54 UTC 2026","","","",""
"Test cases for TestDatabaseWipe","0","TestDatabaseWipe","","Mon Jul 13 18:06:53 UTC 2026","passed","Mon Jul 13 18:06:53 UTC 2026","","Go Test","github.com/specterops/bloodhound/cmd/api/src/api/v2/TestDatabaseWipe","TestDatabaseWipe"
"","9","disables the upload button when the user does not have manage ingest permission","File Upload","Mon Jul 13 18:10:20 UTC 2026","passed","Mon Jul 13 18:10:20 UTC 2026","","","",""
"Test cases for TestAnalysisPipelineStepResultString","2","TestAnalysisPipelineStepResultString","","Mon Jul 13 18:07:23 UTC 2026","passed","Mon Jul 13 18:07:23 UTC 2026","","Go Test","github.com/specterops/bloodhound/packages/go/analysis/TestAnalysisPipelineStepResultString","TestAnalysisPipelineStepResultString"
"","26","does not add a query param if the search term is empty","useNodeSearch","Mon Jul 13 18:12:22 UTC 2026","passed","Mon Jul 13 18:12:22 UTC 2026","","","",""
"Test cases for TestStore_DeleteAnalysisRequest","4","TestStore_DeleteAnalysisRequest","","Mon Jul 13 18:07:46 UTC 2026","passed","Mon Jul 13 18:07:46 UTC 2026","","Go Test","github.com/specterops/bloodhound/server/analysis/internal/appdb/TestStore_DeleteAnalysisRequest","TestStore_DeleteAnalysisRequest"
"","104","prevents a user from proceeding if the file is not valid","File Upload","Mon Jul 13 18:10:20 UTC 2026","passed","Mon Jul 13 18:10:20 UTC 2026","","","",""
"Test cases for TestTracker_HasEdge_And_DeletedEdges","0","TestTracker_HasEdge_And_DeletedEdges","","Mon Jul 13 18:07:23 UTC 2026","passed","Mon Jul 13 18:07:23 UTC 2026","","Go Test","github.com/specterops/bloodhound/packages/go/analysis/post/TestTracker_HasEdge_And_DeletedEdges","TestTracker_HasEdge_And_DeletedEdges"
"Test cases for TestResources_DeleteSavedQuery_PublicQueryAndUserIsAdmin","1","TestResources_DeleteSavedQuery_PublicQueryAndUserIsAdmin","","Mon Jul 13 18:06:53 UTC 2026","passed","Mon Jul 13 18:06:53 UTC 2026","","Go Test","github.com/specterops/bloodhound/cmd/api/src/api/v2/TestResources_DeleteSavedQuery_PublicQueryAndUserIsAdmin","TestResources_DeleteSavedQuery_PublicQueryAndUserIsAdmin"
"","106","calls getAssetGroupTags for topTagId","DetailsRoot","Mon Jul 13 18:13:26 UTC 2026","passed","Mon Jul 13 18:13:26 UTC 2026","","","",""
"Test cases for TestDomainSelectors_GetFilterCriteria_InvalidFilterPredicate","0","TestDomainSelectors_GetFilterCriteria_InvalidFilterPredicate","","Mon Jul 13 18:06:58 UTC 2026","passed","Mon Jul 13 18:06:58 UTC 2026","","Go Test","github.com/specterops/bloodhound/cmd/api/src/model/TestDomainSelectors_GetFilterCriteria_InvalidFilterPredicate","TestDomainSelectors_GetFilterCriteria_InvalidFilterPredicate"
"","162","should show a copy button if the cells text if the cell is not a boolean","ExploreTableDataCell","Mon Jul 13 18:12:34 UTC 2026","passed","Mon Jul 13 18:12:34 UTC 2026","","","",""
"","413","handles removing from a tier zero asset group","AssetGroupMenuItem","Mon Jul 13 18:13:46 UTC 2026","passed","Mon Jul 13 18:13:47 UTC 2026","","removing from an asset group","",""
"","15","does not include OpenGraph edges when the associated feature flag is disabled","useEdgeCategories","Mon Jul 13 18:10:10 UTC 2026","passed","Mon Jul 13 18:10:10 UTC 2026","","","",""
"Test cases for TestSignRequestTeeFailure","0","TestSignRequestTeeFailure","","Mon Jul 13 18:06:40 UTC 2026","passed","Mon Jul 13 18:06:40 UTC 2026","","Go Test","github.com/specterops/bloodhound/cmd/api/src/api/TestSignRequestTeeFailure","TestSignRequestTeeFailure"
"","7","does not set the document title when no title prop is provided","PageWithTitle","Mon Jul 13 18:13:18 UTC 2026","passed","Mon Jul 13 18:13:18 UTC 2026","","","",""
"","3795","Kebab menu click causes the callback function to be called with the correct parameters","ExploreTable","Mon Jul 13 18:08:00 UTC 2026","passed","Mon Jul 13 18:08:03 UTC 2026","","","",""
"Test cases for FuzzFoldr","0","FuzzFoldr","","Mon Jul 13 18:07:41 UTC 2026","passed","Mon Jul 13 18:07:41 UTC 2026","","Go Test","github.com/specterops/bloodhound/packages/go/slicesext/FuzzFoldr","FuzzFoldr"
"","59","has no checked boxes by default","GraphDataCheckboxes","Mon Jul 13 18:09:13 UTC 2026","passed","Mon Jul 13 18:09:13 UTC 2026","","","",""
"","86","renders an input box","SearchBar","Mon Jul 13 18:13:06 UTC 2026","passed","Mon Jul 13 18:13:06 UTC 2026","","","",""
"","531","handles a selection as expected","DropdownSelector","Mon Jul 13 18:12:00 UTC 2026","passed","Mon Jul 13 18:12:00 UTC 2026","","","",""
"","64","Searching for custom node type with databaseId returns node properties","useFetchEntityInfo","Mon Jul 13 18:11:08 UTC 2026","passed","Mon Jul 13 18:11:08 UTC 2026","","","",""
"","115","does not show View in Explore if in object rule type","Seed Selection Results","Mon Jul 13 18:09:50 UTC 2026","passed","Mon Jul 13 18:09:50 UTC 2026","","","",""
"","8","hides items while feature flags are loading","useSubNavRoutes","Mon Jul 13 18:10:42 UTC 2026","passed","Mon Jul 13 18:10:42 UTC 2026","","featureFlag gate","",""
"","22","returns a prefer wait in the header when db config timeout limit setting is disabled and state of is disable query limit is true","useExploreGraph","Mon Jul 13 18:09:22 UTC 2026","passed","Mon Jul 13 18:09:22 UTC 2026","userSettings","exploreGraphQueryFactory","",""
"Test cases for TestVersion_GreaterThan","1","TestVersion_GreaterThan","","Mon Jul 13 18:07:23 UTC 2026","passed","Mon Jul 13 18:07:23 UTC 2026","","Go Test","github.com/specterops/bloodhound/cmd/api/src/version/TestVersion_GreaterThan","TestVersion_GreaterThan"
"","73","should on clicking remove call clearSelectedItem","EntityInfoHeader","Mon Jul 13 18:11:37 UTC 2026","passed","Mon Jul 13 18:11:37 UTC 2026","","","",""
"","66","should render oidc info provider","SSOProviderTable","Mon Jul 13 18:11:45 UTC 2026","passed","Mon Jul 13 18:11:45 UTC 2026","","","",""
"","508","changes the text from ""Disabled"" to ""Enabled"" when the Rule Status switch is toggled","Rule Form","Mon Jul 13 18:07:58 UTC 2026","passed","Mon Jul 13 18:07:59 UTC 2026","","","",""
"Test cases for TestKeyEncoder_Key_Deterministic","0","TestKeyEncoder_Key_Deterministic","","Mon Jul 13 18:07:23 UTC 2026","passed","Mon Jul 13 18:07:23 UTC 2026","","Go Test","github.com/specterops/bloodhound/packages/go/analysis/post/TestKeyEncoder_Key_Deterministic","TestKeyEncoder_Key_Deterministic"
"","1","reports an Object ID-specific error when creating a rule and ruleType is SeedTypeObjectId and seeds are required","handleError","Mon Jul 13 18:09:28 UTC 2026","passed","Mon Jul 13 18:09:28 UTC 2026","","","",""
"Test cases for TestCreateUser_FailureDuplicateEmail","1107","TestCreateUser_FailureDuplicateEmail","","Mon Jul 13 18:07:00 UTC 2026","passed","Mon Jul 13 18:07:01 UTC 2026","","Go Test","github.com/specterops/bloodhound/cmd/api/src/api/v2/auth/TestCreateUser_FailureDuplicateEmail","TestCreateUser_FailureDuplicateEmail"
"","0","A type and keyword were provided but there were no results available","Getting the text for the disabled item display for a search when there are no results","Mon Jul 13 18:12:17 UTC 2026","passed","Mon Jul 13 18:12:17 UTC 2026","","Empty data states","",""
"Test cases for TestParseLimitQueryParameter_Invalid","0","TestParseLimitQueryParameter_Invalid","","Mon Jul 13 18:06:53 UTC 2026","passed","Mon Jul 13 18:06:53 UTC 2026","","Go Test","github.com/specterops/bloodhound/cmd/api/src/api/v2/TestParseLimitQueryParameter_Invalid","TestParseLimitQueryParameter_Invalid"
"Test cases for TestResources_SearchAssetGroupTags","2","TestResources_SearchAssetGroupTags","","Mon Jul 13 18:06:53 UTC 2026","passed","Mon Jul 13 18:06:53 UTC 2026","","Go Test","github.com/specterops/bloodhound/cmd/api/src/api/v2/TestResources_SearchAssetGroupTags","TestResources_SearchAssetGroupTags"
"","22","renders custom icon overlap correctly","NodeIcon","Mon Jul 13 18:12:37 UTC 2026","passed","Mon Jul 13 18:12:37 UTC 2026","","","",""
"","1346","should display all available SSO providers","CreateUserDialog","Mon Jul 13 18:08:42 UTC 2026","passed","Mon Jul 13 18:08:43 UTC 2026","","","",""
"","246","should display ""Create Token"" button","UserTokenManagementDialog","Mon Jul 13 18:09:44 UTC 2026","passed","Mon Jul 13 18:09:44 UTC 2026","","","",""
"","724","opens the entity information panel for the auto-selected node","GraphView","Mon Jul 13 18:13:49 UTC 2026","passed","Mon Jul 13 18:13:50 UTC 2026","","","",""
"Test cases for TestManagementResource_ListPermissions_PredicateMismatchWithColumn","0","TestManagementResource_ListPermissions_PredicateMismatchWithColumn","","Mon Jul 13 18:07:00 UTC 2026","passed","Mon Jul 13 18:07:00 UTC 2026","","Go Test","github.com/specterops/bloodhound/cmd/api/src/api/v2/auth/TestManagementResource_ListPermissions_PredicateMismatchWithColumn","TestManagementResource_ListPermissions_PredicateMismatchWithColumn"
"Test cases for TestLoginFailure","0","TestLoginFailure","","Mon Jul 13 18:06:53 UTC 2026","passed","Mon Jul 13 18:06:53 UTC 2026","","Go Test","github.com/specterops/bloodhound/cmd/api/src/api/v2/auth/TestLoginFailure","TestLoginFailure"
"Test cases for TestRoleAssignments_NodesWithRolesExclusive","0","TestRoleAssignments_NodesWithRolesExclusive","","Mon Jul 13 18:07:23 UTC 2026","passed","Mon Jul 13 18:07:23 UTC 2026","","Go Test","github.com/specterops/bloodhound/packages/go/analysis/azure/TestRoleAssignments_NodesWithRolesExclusive","TestRoleAssignments_NodesWithRolesExclusive"
"Test cases for TestHandlers_CancelAnalysisRequest","0","TestHandlers_CancelAnalysisRequest","","Mon Jul 13 18:07:47 UTC 2026","passed","Mon Jul 13 18:07:47 UTC 2026","","Go Test","github.com/specterops/bloodhound/server/analysis/internal/handlers/TestHandlers_CancelAnalysisRequest","TestHandlers_CancelAnalysisRequest"
"Test cases for TestInt64SetValid","0","TestInt64SetValid","","Mon Jul 13 18:06:57 UTC 2026","passed","Mon Jul 13 18:06:57 UTC 2026","","Go Test","github.com/specterops/bloodhound/cmd/api/src/database/types/null/TestInt64SetValid","TestInt64SetValid"
"Test cases for TestResources_GetAssetGroupTagMemberCountsByKind","0","TestResources_GetAssetGroupTagMemberCountsByKind","","Mon Jul 13 18:06:53 UTC 2026","passed","Mon Jul 13 18:06:53 UTC 2026","","Go Test","github.com/specterops/bloodhound/cmd/api/src/api/v2/TestResources_GetAssetGroupTagMemberCountsByKind","TestResources_GetAssetGroupTagMemberCountsByKind"
"Test cases for Test_filterAndFormatSearchResults","0","Test_filterAndFormatSearchResults","","Mon Jul 13 18:06:53 UTC 2026","passed","Mon Jul 13 18:06:53 UTC 2026","","Go Test","github.com/specterops/bloodhound/cmd/api/src/api/v2/Test_filterAndFormatSearchResults","Test_filterAndFormatSearchResults"
"Test cases for TestInvalidValueError","0","TestInvalidValueError","","Mon Jul 13 18:07:24 UTC 2026","passed","Mon Jul 13 18:07:24 UTC 2026","","Go Test","github.com/specterops/bloodhound/packages/go/cache/TestInvalidValueError","TestInvalidValueError"
"","824","should eventually render previously configured SSO providers","SSOConfiguration","Mon Jul 13 18:09:15 UTC 2026","passed","Mon Jul 13 18:09:16 UTC 2026","","","",""
"","20","selector members refetches on envrionment change","the useAssetGroupTags utilities","Mon Jul 13 18:09:50 UTC 2026","passed","Mon Jul 13 18:09:50 UTC 2026","","","",""
"","2","returns all environments when no filters are active","filterAndSearchEnvironments","Mon Jul 13 18:08:12 UTC 2026","passed","Mon Jul 13 18:08:12 UTC 2026","","with no filters applied","",""
"Test cases for TestUnmarshalFloat","0","TestUnmarshalFloat","","Mon Jul 13 18:06:57 UTC 2026","passed","Mon Jul 13 18:06:57 UTC 2026","","Go Test","github.com/specterops/bloodhound/cmd/api/src/database/types/null/TestUnmarshalFloat","TestUnmarshalFloat"
"","0","handles environment with impactValue of 0","filterAndSearchEnvironments","Mon Jul 13 18:08:12 UTC 2026","passed","Mon Jul 13 18:08:12 UTC 2026","","edge cases","",""
"Test cases for TestLocalStore_Get","59","TestLocalStore_Get","","Mon Jul 13 18:07:45 UTC 2026","passed","Mon Jul 13 18:07:45 UTC 2026","","Go Test","github.com/specterops/bloodhound/packages/go/storage/TestLocalStore_Get","TestLocalStore_Get"
"Test cases for TestFilterParseAndValidate_Enrichment","0","TestFilterParseAndValidate_Enrichment","","Mon Jul 13 18:07:26 UTC 2026","passed","Mon Jul 13 18:07:26 UTC 2026","","Go Test","github.com/specterops/bloodhound/packages/go/params/TestFilterParseAndValidate_Enrichment","TestFilterParseAndValidate_Enrichment"
"","0","returns disabled config when any required param is falsey","useExploreGraph","Mon Jul 13 18:09:22 UTC 2026","passed","Mon Jul 13 18:09:22 UTC 2026","composition search queries","exploreGraphQueryFactory","",""
"Test cases for TestManagementResource_ListRoles_Filtered","0","TestManagementResource_ListRoles_Filtered","","Mon Jul 13 18:07:00 UTC 2026","passed","Mon Jul 13 18:07:00 UTC 2026","","Go Test","github.com/specterops/bloodhound/cmd/api/src/api/v2/auth/TestManagementResource_ListRoles_Filtered","TestManagementResource_ListRoles_Filtered"
"Test cases for TestClearCache_HA","0","TestClearCache_HA","","Mon Jul 13 18:06:55 UTC 2026","passed","Mon Jul 13 18:06:55 UTC 2026","","Go Test","github.com/specterops/bloodhound/cmd/api/src/daemons/changelog/TestClearCache_HA","TestClearCache_HA"
"","254","should handle close event","TagToZoneLabelDialog","Mon Jul 13 18:11:07 UTC 2026","passed","Mon Jul 13 18:11:07 UTC 2026","","","",""
"","17","shows date placeholder if no hint is given","ManagedDatePicker - placeholders","Mon Jul 13 18:10:54 UTC 2026","passed","Mon Jul 13 18:10:54 UTC 2026","","","",""
"","19","renders the tooltip icon when tooltipText prop is passed","ColumnHeaders","Mon Jul 13 18:10:59 UTC 2026","passed","Mon Jul 13 18:10:59 UTC 2026","","SortableHeader with Tooltip","",""
"","1","Fetching the data timed out","Getting the text for the disabled item display for a search when there are no results","Mon Jul 13 18:12:17 UTC 2026","passed","Mon Jul 13 18:12:17 UTC 2026","","Error states","",""
"Test cases for TestResources_StartIngestJob","93","TestResources_StartIngestJob","","Mon Jul 13 18:06:53 UTC 2026","passed","Mon Jul 13 18:06:53 UTC 2026","","Go Test","github.com/specterops/bloodhound/cmd/api/src/api/v2/TestResources_StartIngestJob","TestResources_StartIngestJob"
"Test cases for TestService_GetAllFlags","0","TestService_GetAllFlags","","Mon Jul 13 18:07:50 UTC 2026","passed","Mon Jul 13 18:07:50 UTC 2026","","Go Test","github.com/specterops/bloodhound/server/featureflags/internal/services/TestService_GetAllFlags","TestService_GetAllFlags"
"","536","Expand button causes table to expand to full height","ExploreTable","Mon Jul 13 18:07:47 UTC 2026","passed","Mon Jul 13 18:07:47 UTC 2026","","","",""
"Test cases for TestCache_FillFifo","0","TestCache_FillFifo","","Mon Jul 13 18:07:24 UTC 2026","passed","Mon Jul 13 18:07:24 UTC 2026","","Go Test","github.com/specterops/bloodhound/packages/go/cache/TestCache_FillFifo","TestCache_FillFifo"
"Test cases for TestNewService","0","TestNewService","","Mon Jul 13 18:07:50 UTC 2026","passed","Mon Jul 13 18:07:50 UTC 2026","","Go Test","github.com/specterops/bloodhound/server/featureflags/internal/services/TestNewService","TestNewService"
"","226","calls onChange with all columns when ""Select All"" is clicked","ManageColumnsComboBox","Mon Jul 13 18:09:56 UTC 2026","passed","Mon Jul 13 18:09:56 UTC 2026","","","",""
"","202","renders an interactive version when preview is set to false","PrivilegeZonesCypherEditor Search component for Zone Management","Mon Jul 13 18:12:15 UTC 2026","passed","Mon Jul 13 18:12:15 UTC 2026","","","",""
"Test cases for TestQueries_BuildEntityQueryParams","0","TestQueries_BuildEntityQueryParams","","Mon Jul 13 18:07:00 UTC 2026","passed","Mon Jul 13 18:07:00 UTC 2026","","Go Test","github.com/specterops/bloodhound/cmd/api/src/queries/TestQueries_BuildEntityQueryParams","TestQueries_BuildEntityQueryParams"
"","545","toggles a source kind off from all selected nested graph data options","GraphDataCheckboxes","Mon Jul 13 18:09:17 UTC 2026","passed","Mon Jul 13 18:09:17 UTC 2026","","","",""
"Test cases for TestStore_Exists","63","TestStore_Exists","","Mon Jul 13 18:07:45 UTC 2026","passed","Mon Jul 13 18:07:45 UTC 2026","","Go Test","github.com/specterops/bloodhound/packages/go/storage/TestStore_Exists","TestStore_Exists"
"","9","does not render note content when selected is null","HistoryNotes Component","Mon Jul 13 18:13:00 UTC 2026","passed","Mon Jul 13 18:13:00 UTC 2026","","","",""
"Test cases for TestBuildErrorResponseDefault","1","TestBuildErrorResponseDefault","","Mon Jul 13 18:06:41 UTC 2026","passed","Mon Jul 13 18:06:41 UTC 2026","","Go Test","github.com/specterops/bloodhound/cmd/api/src/api/TestBuildErrorResponseDefault","TestBuildErrorResponseDefault"
"Test cases for TestGetPlatformAggregateStats_Success","3","TestGetPlatformAggregateStats_Success","","Mon Jul 13 18:06:53 UTC 2026","passed","Mon Jul 13 18:06:53 UTC 2026","","Go Test","github.com/specterops/bloodhound/cmd/api/src/api/v2/TestGetPlatformAggregateStats_Success","TestGetPlatformAggregateStats_Success"
"","85","hides loading state when data is available","GraphDataCheckboxes","Mon Jul 13 18:09:12 UTC 2026","passed","Mon Jul 13 18:09:12 UTC 2026","","","",""
"","104","temporarily displays the checkmark icon after clicking copy","ExploreTableDataCell","Mon Jul 13 18:12:34 UTC 2026","passed","Mon Jul 13 18:12:35 UTC 2026","","","",""
"","3","stores an array value in localStorage","useLocalStorage","Mon Jul 13 18:10:25 UTC 2026","passed","Mon Jul 13 18:10:25 UTC 2026","","setValue","",""
"","640","toggles parent from all to none","GraphDataCheckboxes","Mon Jul 13 18:09:15 UTC 2026","passed","Mon Jul 13 18:09:15 UTC 2026","","","",""
"Test cases for TestQueries_BuildEntityQueryParams_MissingObjectID","0","TestQueries_BuildEntityQueryParams_MissingObjectID","","Mon Jul 13 18:07:00 UTC 2026","passed","Mon Jul 13 18:07:00 UTC 2026","","Go Test","github.com/specterops/bloodhound/cmd/api/src/queries/TestQueries_BuildEntityQueryParams_MissingObjectID","TestQueries_BuildEntityQueryParams_MissingObjectID"
"Test cases for TestManagementResource_GetRole","40590","TestManagementResource_GetRole","","Mon Jul 13 18:07:00 UTC 2026","passed","Mon Jul 13 18:07:40 UTC 2026","","Go Test","github.com/specterops/bloodhound/cmd/api/src/api/v2/auth/TestManagementResource_GetRole","TestManagementResource_GetRole"
"","2","returns undefined for headers when db config timeout limit setting is disabled and state of is disable query limit is false","useExploreGraph","Mon Jul 13 18:09:22 UTC 2026","passed","Mon Jul 13 18:09:22 UTC 2026","userSettings","exploreGraphQueryFactory","",""
"","975","sets the selectedItem param and closes popper when a node is selected","GraphControls","Mon Jul 13 18:08:17 UTC 2026","passed","Mon Jul 13 18:08:18 UTC 2026","","Searching current results","",""
"","300","shows a loading state","AssetGroupMenuItem","Mon Jul 13 18:09:59 UTC 2026","passed","Mon Jul 13 18:10:00 UTC 2026","","","",""
"Test cases for TestBHCEStaticHandler","14","TestBHCEStaticHandler","","Mon Jul 13 18:06:45 UTC 2026","passed","Mon Jul 13 18:06:45 UTC 2026","","Go Test","github.com/specterops/bloodhound/cmd/api/src/api/static/TestBHCEStaticHandler","TestBHCEStaticHandler"
"","295","should not call onSubmit when input is invalid and Submit button is clicked","UpsertSAMLProviderForm","Mon Jul 13 18:12:09 UTC 2026","passed","Mon Jul 13 18:12:09 UTC 2026","","","",""
"Test cases for TestGetECAHostedChainedDomains_ForestHosting","1","TestGetECAHostedChainedDomains_ForestHosting","","Mon Jul 13 18:07:23 UTC 2026","passed","Mon Jul 13 18:07:23 UTC 2026","","Go Test","github.com/specterops/bloodhound/packages/go/analysis/ad/TestGetECAHostedChainedDomains_ForestHosting","TestGetECAHostedChainedDomains_ForestHosting"
"Test cases for TestEncodingEquality","1","TestEncodingEquality","","Mon Jul 13 18:07:24 UTC 2026","passed","Mon Jul 13 18:07:24 UTC 2026","","Go Test","github.com/specterops/bloodhound/packages/go/bomenc/TestEncodingEquality","TestEncodingEquality"
"","10","should recognize active directory properties","validating a node property against the shared generated schema","Mon Jul 13 18:10:00 UTC 2026","passed","Mon Jul 13 18:10:00 UTC 2026","","","",""
"Test cases for TestDomainSelectors_GetValidFilterPredicatesAsStrings","0","TestDomainSelectors_GetValidFilterPredicatesAsStrings","","Mon Jul 13 18:06:58 UTC 2026","passed","Mon Jul 13 18:06:58 UTC 2026","","Go Test","github.com/specterops/bloodhound/cmd/api/src/model/TestDomainSelectors_GetValidFilterPredicatesAsStrings","TestDomainSelectors_GetValidFilterPredicatesAsStrings"
"Test cases for TestResources_UpdateSavedQuery_ErrorFetchingPublicStatus","0","TestResources_UpdateSavedQuery_ErrorFetchingPublicStatus","","Mon Jul 13 18:06:53 UTC 2026","passed","Mon Jul 13 18:06:53 UTC 2026","","Go Test","github.com/specterops/bloodhound/cmd/api/src/api/v2/TestResources_UpdateSavedQuery_ErrorFetchingPublicStatus","TestResources_UpdateSavedQuery_ErrorFetchingPublicStatus"
"","5","matches all AD edges","Make sure pathfinding filterable edges match schemagen","Mon Jul 13 18:13:20 UTC 2026","passed","Mon Jul 13 18:13:20 UTC 2026","","","",""
"Test cases for TestGraphQuery_RawCypherQuery","15","TestGraphQuery_RawCypherQuery","","Mon Jul 13 18:07:00 UTC 2026","passed","Mon Jul 13 18:07:00 UTC 2026","","Go Test","github.com/specterops/bloodhound/cmd/api/src/queries/TestGraphQuery_RawCypherQuery","TestGraphQuery_RawCypherQuery"
"","104","renders object information for an OpenGraph object","Selected Details Tab Content","Mon Jul 13 18:11:34 UTC 2026","passed","Mon Jul 13 18:11:34 UTC 2026","","","",""
"Test cases for Test_ApplyTimeoutReduction","0","Test_ApplyTimeoutReduction","","Mon Jul 13 18:07:00 UTC 2026","passed","Mon Jul 13 18:07:00 UTC 2026","","Go Test","github.com/specterops/bloodhound/cmd/api/src/queries/Test_ApplyTimeoutReduction","Test_ApplyTimeoutReduction"
"","80","indicates the code container is scrollable when the code is unwrapped","CodeController","Mon Jul 13 18:13:00 UTC 2026","passed","Mon Jul 13 18:13:00 UTC 2026","","","",""
"Test cases for TestResources_ListSavedQueries","9","TestResources_ListSavedQueries","","Mon Jul 13 18:06:53 UTC 2026","passed","Mon Jul 13 18:06:53 UTC 2026","","Go Test","github.com/specterops/bloodhound/cmd/api/src/api/v2/TestResources_ListSavedQueries","TestResources_ListSavedQueries"
"Test cases for TestDisenrollMFA_Success","1366","TestDisenrollMFA_Success","","Mon Jul 13 18:07:26 UTC 2026","passed","Mon Jul 13 18:07:28 UTC 2026","","Go Test","github.com/specterops/bloodhound/cmd/api/src/api/v2/auth/TestDisenrollMFA_Success","TestDisenrollMFA_Success"
"Test cases for TestSignRequestValuesUnsupportedHMACMethod","2","TestSignRequestValuesUnsupportedHMACMethod","","Mon Jul 13 18:06:40 UTC 2026","passed","Mon Jul 13 18:06:40 UTC 2026","","Go Test","github.com/specterops/bloodhound/cmd/api/src/api/TestSignRequestValuesUnsupportedHMACMethod","TestSignRequestValuesUnsupportedHMACMethod"
"","129","clicking cancel on the form takes the user back to the page the user was on previously","Tag Form","Mon Jul 13 18:07:48 UTC 2026","passed","Mon Jul 13 18:07:48 UTC 2026","","","",""
"","371","renders an edit form for the selected asset group when a user has graph write permissions","GroupManagement","Mon Jul 13 18:14:15 UTC 2026","passed","Mon Jul 13 18:14:15 UTC 2026","","","",""
"","280","handles chevron click event","CommonSearches","Mon Jul 13 18:09:59 UTC 2026","passed","Mon Jul 13 18:09:59 UTC 2026","","","",""
"","29","should display a none selected header and a message to select an object","EntityInfoPanel","Mon Jul 13 18:12:22 UTC 2026","passed","Mon Jul 13 18:12:22 UTC 2026","","","",""
"Test cases for TestResources_ListAcceptedFileUploadTypes","4","TestResources_ListAcceptedFileUploadTypes","","Mon Jul 13 18:06:53 UTC 2026","passed","Mon Jul 13 18:06:53 UTC 2026","","Go Test","github.com/specterops/bloodhound/cmd/api/src/api/v2/TestResources_ListAcceptedFileUploadTypes","TestResources_ListAcceptedFileUploadTypes"
"Test cases for TestFloatPointer","0","TestFloatPointer","","Mon Jul 13 18:06:57 UTC 2026","passed","Mon Jul 13 18:06:57 UTC 2026","","Go Test","github.com/specterops/bloodhound/cmd/api/src/database/types/null/TestFloatPointer","TestFloatPointer"
"","16","returns early if there are no 'collected' environments","useInitialEnvironment","Mon Jul 13 18:12:10 UTC 2026","passed","Mon Jul 13 18:12:10 UTC 2026","","","",""
"","31","should display an error message if data does not return from the API","Context Selector Error","Mon Jul 13 18:10:17 UTC 2026","passed","Mon Jul 13 18:10:18 UTC 2026","","","",""
"","312","on clicking switch shows modal and when clicking confirm closes it and switch changes to enabled","CitrixRDPConfiguration","Mon Jul 13 18:10:11 UTC 2026","passed","Mon Jul 13 18:10:11 UTC 2026","","Click on switch to enable","",""
"","666","displays correct content based on platform filter Azure","CommonSearches","Mon Jul 13 18:09:58 UTC 2026","passed","Mon Jul 13 18:09:58 UTC 2026","","","",""
"","2269","when user performs a pathfinding search, and then clicks the swap button, the start and destination inputs are swapped","Pathfinding: interaction","Mon Jul 13 18:10:33 UTC 2026","passed","Mon Jul 13 18:10:35 UTC 2026","","","",""
"","390","should render","LoginViaSSOForm","Mon Jul 13 18:11:39 UTC 2026","passed","Mon Jul 13 18:11:39 UTC 2026","","","",""
"Test cases for TestDomainSelectors_TestIsSortable","0","TestDomainSelectors_TestIsSortable","","Mon Jul 13 18:06:58 UTC 2026","passed","Mon Jul 13 18:06:58 UTC 2026","","Go Test","github.com/specterops/bloodhound/cmd/api/src/model/TestDomainSelectors_TestIsSortable","TestDomainSelectors_TestIsSortable"
"","360","Selecting an edge with a Computer target node that haslaps is enabled shows correct Windows Abuse text","EdgeInfoContent","Mon Jul 13 18:08:17 UTC 2026","passed","Mon Jul 13 18:08:17 UTC 2026","","","",""
"Test cases for TestParseSkipQueryParameter","0","TestParseSkipQueryParameter","","Mon Jul 13 18:06:53 UTC 2026","passed","Mon Jul 13 18:06:53 UTC 2026","","Go Test","github.com/specterops/bloodhound/cmd/api/src/api/v2/TestParseSkipQueryParameter","TestParseSkipQueryParameter"
"","6","should not render a Field when the provided value is []","Field","Mon Jul 13 18:12:42 UTC 2026","passed","Mon Jul 13 18:12:42 UTC 2026","","","",""
"","77","Calls the `Base` endpoint for a LocalGroup type node","EntityObjectInformation","Mon Jul 13 18:10:55 UTC 2026","passed","Mon Jul 13 18:10:55 UTC 2026","","","",""
"","1","passes ruleType through optionalParams with empty object","handleError","Mon Jul 13 18:09:28 UTC 2026","passed","Mon Jul 13 18:09:28 UTC 2026","","","",""
"","1","should return false when there is no match","compareTerm","Mon Jul 13 18:12:18 UTC 2026","passed","Mon Jul 13 18:12:18 UTC 2026","","","",""
"Test cases for TestManagementResource_CreateOIDCProvider","1","TestManagementResource_CreateOIDCProvider","","Mon Jul 13 18:07:40 UTC 2026","passed","Mon Jul 13 18:07:40 UTC 2026","","Go Test","github.com/specterops/bloodhound/cmd/api/src/api/v2/auth/TestManagementResource_CreateOIDCProvider","TestManagementResource_CreateOIDCProvider"
"Test cases for TestAnalysisStepsFromMode","11","TestAnalysisStepsFromMode","","Mon Jul 13 18:06:58 UTC 2026","passed","Mon Jul 13 18:06:58 UTC 2026","","Go Test","github.com/specterops/bloodhound/cmd/api/src/model/TestAnalysisStepsFromMode","TestAnalysisStepsFromMode"
"","267","displays loading state","GraphDataCheckboxes","Mon Jul 13 18:09:12 UTC 2026","passed","Mon Jul 13 18:09:12 UTC 2026","","","",""
"Test cases for TestTimeIsZero","0","TestTimeIsZero","","Mon Jul 13 18:06:57 UTC 2026","passed","Mon Jul 13 18:06:57 UTC 2026","","Go Test","github.com/specterops/bloodhound/cmd/api/src/database/types/null/TestTimeIsZero","TestTimeIsZero"
"Test cases for TestRandomDurationBetween","13","TestRandomDurationBetween","","Mon Jul 13 18:06:55 UTC 2026","passed","Mon Jul 13 18:06:55 UTC 2026","","Go Test","github.com/specterops/bloodhound/cmd/api/src/daemons/datapipe/TestRandomDurationBetween","TestRandomDurationBetween"
"","27","tag members refetches on sort change","the useAssetGroupTags utilities","Mon Jul 13 18:09:50 UTC 2026","passed","Mon Jul 13 18:09:50 UTC 2026","","","",""
"Test cases for TestResources_ListAuditLogs_InvalidSkip","0","TestResources_ListAuditLogs_InvalidSkip","","Mon Jul 13 18:06:53 UTC 2026","passed","Mon Jul 13 18:06:53 UTC 2026","","Go Test","github.com/specterops/bloodhound/cmd/api/src/api/v2/TestResources_ListAuditLogs_InvalidSkip","TestResources_ListAuditLogs_InvalidSkip"
"Test cases for TestStorageFileService_GetFile","24","TestStorageFileService_GetFile","","Mon Jul 13 18:07:45 UTC 2026","passed","Mon Jul 13 18:07:45 UTC 2026","","Go Test","github.com/specterops/bloodhound/packages/go/storage/TestStorageFileService_GetFile","TestStorageFileService_GetFile"
"","1420","renders asset group edit options with graph write permissions","ContextMenu","Mon Jul 13 18:09:46 UTC 2026","passed","Mon Jul 13 18:09:48 UTC 2026","","","",""
"","344","sets a primarySearch=id and searchType=pathfinding when secondarySearch is truthy","ContextMenu","Mon Jul 13 18:14:04 UTC 2026","passed","Mon Jul 13 18:14:05 UTC 2026","","","",""
"Test cases for TestTimeValueOrZero","0","TestTimeValueOrZero","","Mon Jul 13 18:06:57 UTC 2026","passed","Mon Jul 13 18:06:57 UTC 2026","","Go Test","github.com/specterops/bloodhound/cmd/api/src/database/types/null/TestTimeValueOrZero","TestTimeValueOrZero"
"","172","handles removing from a non-tier-zero asset group","AssetGroupMenuItem","Mon Jul 13 18:13:47 UTC 2026","passed","Mon Jul 13 18:13:47 UTC 2026","","removing from an asset group","",""
"Test cases for TestStore_GetNodeKindsByNames","3","TestStore_GetNodeKindsByNames","","Mon Jul 13 18:07:50 UTC 2026","passed","Mon Jul 13 18:07:50 UTC 2026","","Go Test","github.com/specterops/bloodhound/server/graphdb/internal/appdb/TestStore_GetNodeKindsByNames","TestStore_GetNodeKindsByNames"
"Test cases for TestTextUnmarshalInt64","0","TestTextUnmarshalInt64","","Mon Jul 13 18:06:57 UTC 2026","passed","Mon Jul 13 18:06:57 UTC 2026","","Go Test","github.com/specterops/bloodhound/cmd/api/src/database/types/null/TestTextUnmarshalInt64","TestTextUnmarshalInt64"
"Test cases for TestTypes_Scan_InvalidInput","0","TestTypes_Scan_InvalidInput","","Mon Jul 13 18:06:57 UTC 2026","passed","Mon Jul 13 18:06:57 UTC 2026","","Go Test","github.com/specterops/bloodhound/cmd/api/src/database/types/TestTypes_Scan_InvalidInput","TestTypes_Scan_InvalidInput"
"","285","fires delete when edit is clicked","ListItemActionMenu","Mon Jul 13 18:11:47 UTC 2026","passed","Mon Jul 13 18:11:47 UTC 2026","","","",""
"","204","enables the create user button when the user is admin role","Users","Mon Jul 13 18:09:32 UTC 2026","passed","Mon Jul 13 18:09:32 UTC 2026","","","",""
"","716","should render a create user form","CreateUserDialog","Mon Jul 13 18:08:39 UTC 2026","passed","Mon Jul 13 18:08:40 UTC 2026","","","",""
"Test cases for TestMarshalBoolText","0","TestMarshalBoolText","","Mon Jul 13 18:06:57 UTC 2026","passed","Mon Jul 13 18:06:57 UTC 2026","","Go Test","github.com/specterops/bloodhound/cmd/api/src/database/types/null/TestMarshalBoolText","TestMarshalBoolText"
"Test cases for TestResources_UpdateSavedQuery_OwnPrivateQuery_Success","1","TestResources_UpdateSavedQuery_OwnPrivateQuery_Success","","Mon Jul 13 18:06:53 UTC 2026","passed","Mon Jul 13 18:06:53 UTC 2026","","Go Test","github.com/specterops/bloodhound/cmd/api/src/api/v2/TestResources_UpdateSavedQuery_OwnPrivateQuery_Success","TestResources_UpdateSavedQuery_OwnPrivateQuery_Success"
"Test cases for TestLocalStore_Move","43","TestLocalStore_Move","","Mon Jul 13 18:07:45 UTC 2026","passed","Mon Jul 13 18:07:45 UTC 2026","","Go Test","github.com/specterops/bloodhound/packages/go/storage/TestLocalStore_Move","TestLocalStore_Move"
"","175","should fire Cancel once with false","ConfirmationDialog","Mon Jul 13 18:13:05 UTC 2026","passed","Mon Jul 13 18:13:05 UTC 2026","","","",""
"Test cases for TestNodeNamePrefix_String","2","TestNodeNamePrefix_String","","Mon Jul 13 18:07:23 UTC 2026","passed","Mon Jul 13 18:07:23 UTC 2026","","Go Test","github.com/specterops/bloodhound/packages/go/analysis/ad/wellknown/TestNodeNamePrefix_String","TestNodeNamePrefix_String"
"","187","dispatches an action to the delete the associated node","Rule Object Select","Mon Jul 13 18:11:52 UTC 2026","passed","Mon Jul 13 18:11:52 UTC 2026","","","",""
"Test cases for TestParseAssetGroupTagIdParams","215","TestParseAssetGroupTagIdParams","","Mon Jul 13 18:06:40 UTC 2026","passed","Mon Jul 13 18:06:41 UTC 2026","","Go Test","github.com/specterops/bloodhound/cmd/api/src/api/TestParseAssetGroupTagIdParams","TestParseAssetGroupTagIdParams"
"Test cases for TestResources_ListADComputerPSRemoteUsers","0","TestResources_ListADComputerPSRemoteUsers","","Mon Jul 13 18:06:53 UTC 2026","passed","Mon Jul 13 18:06:53 UTC 2026","","Go Test","github.com/specterops/bloodhound/cmd/api/src/api/v2/TestResources_ListADComputerPSRemoteUsers","TestResources_ListADComputerPSRemoteUsers"
"TestCacheEntryDigester_DigestEndpoint_MatchByProperty tests the sorting and hashinglogic when MatchBy is set to MatchByProperty.","1","TestCacheEntryDigester_DigestEndpoint_MatchByProperty","","Mon Jul 13 18:07:03 UTC 2026","passed","Mon Jul 13 18:07:03 UTC 2026","","Go Test","github.com/specterops/bloodhound/cmd/api/src/services/graphify/endpoint/TestCacheEntryDigester_DigestEndpoint_MatchByProperty","TestCacheEntryDigester_DigestEndpoint_MatchByProperty"
"Test cases for TestResources_GetAIACAEntityInfo","232","TestResources_GetAIACAEntityInfo","","Mon Jul 13 18:06:53 UTC 2026","passed","Mon Jul 13 18:06:53 UTC 2026","","Go Test","github.com/specterops/bloodhound/cmd/api/src/api/v2/TestResources_GetAIACAEntityInfo","TestResources_GetAIACAEntityInfo"
"Test cases for TestResources_UpdateSavedQuery_GetSavedQueryError","0","TestResources_UpdateSavedQuery_GetSavedQueryError","","Mon Jul 13 18:06:53 UTC 2026","passed","Mon Jul 13 18:06:53 UTC 2026","","Go Test","github.com/specterops/bloodhound/cmd/api/src/api/v2/TestResources_UpdateSavedQuery_GetSavedQueryError","TestResources_UpdateSavedQuery_GetSavedQueryError"
"","147","requests finished jobs","useFinishedJobs","Mon Jul 13 18:10:35 UTC 2026","passed","Mon Jul 13 18:10:35 UTC 2026","","","",""
"","749","has status filters","FileIngestFilterDialog","Mon Jul 13 18:09:33 UTC 2026","passed","Mon Jul 13 18:09:34 UTC 2026","","Status Select","",""
"Test cases for TestManagementResource_ListAuthTokens_InvalidColumn","1","TestManagementResource_ListAuthTokens_InvalidColumn","","Mon Jul 13 18:07:22 UTC 2026","passed","Mon Jul 13 18:07:22 UTC 2026","","Go Test","github.com/specterops/bloodhound/cmd/api/src/api/v2/auth/TestManagementResource_ListAuthTokens_InvalidColumn","TestManagementResource_ListAuthTokens_InvalidColumn"
"","686","should display Environmental Targeted Access Control panel when showEnvironmentAccessControls prop is true and user role is selected","UpdateUserForm","Mon Jul 13 18:07:59 UTC 2026","passed","Mon Jul 13 18:08:00 UTC 2026","","","",""
"Test cases for TestNewAuditLog_Error","0","TestNewAuditLog_Error","","Mon Jul 13 18:06:57 UTC 2026","passed","Mon Jul 13 18:06:57 UTC 2026","","Go Test","github.com/specterops/bloodhound/cmd/api/src/database/TestNewAuditLog_Error","TestNewAuditLog_Error"
"Test cases for TestStorageFileService_WriteFile","77","TestStorageFileService_WriteFile","","Mon Jul 13 18:07:45 UTC 2026","passed","Mon Jul 13 18:07:45 UTC 2026","","Go Test","github.com/specterops/bloodhound/packages/go/storage/TestStorageFileService_WriteFile","TestStorageFileService_WriteFile"
"","0","escapes a single quote","escapeCypherString","Mon Jul 13 18:13:12 UTC 2026","passed","Mon Jul 13 18:13:12 UTC 2026","","","",""
"Test cases for TestAuditLogin_UserNotFound","0","TestAuditLogin_UserNotFound","","Mon Jul 13 18:06:40 UTC 2026","passed","Mon Jul 13 18:06:40 UTC 2026","","Go Test","github.com/specterops/bloodhound/cmd/api/src/api/TestAuditLogin_UserNotFound","TestAuditLogin_UserNotFound"
"Test cases for TestParseClientVersion","0","TestParseClientVersion","","Mon Jul 13 18:07:22 UTC 2026","passed","Mon Jul 13 18:07:22 UTC 2026","","Go Test","github.com/specterops/bloodhound/cmd/api/src/utils/TestParseClientVersion","TestParseClientVersion"
"Test cases for TestInt64IsZero","0","TestInt64IsZero","","Mon Jul 13 18:06:57 UTC 2026","passed","Mon Jul 13 18:06:57 UTC 2026","","Go Test","github.com/specterops/bloodhound/cmd/api/src/database/types/null/TestInt64IsZero","TestInt64IsZero"
"Test cases for TestManagementResource_ListUsers_Filtered","1","TestManagementResource_ListUsers_Filtered","","Mon Jul 13 18:07:00 UTC 2026","passed","Mon Jul 13 18:07:00 UTC 2026","","Go Test","github.com/specterops/bloodhound/cmd/api/src/api/v2/auth/TestManagementResource_ListUsers_Filtered","TestManagementResource_ListUsers_Filtered"
"","10","returns the remaining amount of zones available for creation","useTagLimits","Mon Jul 13 18:08:34 UTC 2026","passed","Mon Jul 13 18:08:34 UTC 2026","","","",""
"","221","displays expected results when searching by objectid","SearchCurrentNodes","Mon Jul 13 18:11:19 UTC 2026","passed","Mon Jul 13 18:11:19 UTC 2026","","","",""
"","385","renders","EarlyAccessFeaturesWarningDialog","Mon Jul 13 18:14:32 UTC 2026","passed","Mon Jul 13 18:14:32 UTC 2026","","","",""
"Test cases for TestManagementResource_DeleteUser_UserNotFound","1","TestManagementResource_DeleteUser_UserNotFound","","Mon Jul 13 18:07:15 UTC 2026","passed","Mon Jul 13 18:07:15 UTC 2026","","Go Test","github.com/specterops/bloodhound/cmd/api/src/api/v2/auth/TestManagementResource_DeleteUser_UserNotFound","TestManagementResource_DeleteUser_UserNotFound"
"Test cases for TestParseSkipQueryParameter_Invalid","1","TestParseSkipQueryParameter_Invalid","","Mon Jul 13 18:06:53 UTC 2026","passed","Mon Jul 13 18:06:53 UTC 2026","","Go Test","github.com/specterops/bloodhound/cmd/api/src/api/v2/TestParseSkipQueryParameter_Invalid","TestParseSkipQueryParameter_Invalid"
"Test cases for TestIngestControl_writeRetainedFileToTar","5","TestIngestControl_writeRetainedFileToTar","","Mon Jul 13 18:06:45 UTC 2026","passed","Mon Jul 13 18:06:45 UTC 2026","","Go Test","github.com/specterops/bloodhound/cmd/api/src/api/tools/TestIngestControl_writeRetainedFileToTar","TestIngestControl_writeRetainedFileToTar"
"Test cases for TestJSONFloat_UnmarshalJSON_NaN","0","TestJSONFloat_UnmarshalJSON_NaN","","Mon Jul 13 18:06:57 UTC 2026","passed","Mon Jul 13 18:06:57 UTC 2026","","Go Test","github.com/specterops/bloodhound/cmd/api/src/database/types/nan/TestJSONFloat_UnmarshalJSON_NaN","TestJSONFloat_UnmarshalJSON_NaN"
"","11","shows ""no permission"" notification if lacking permission","useFinishedJobs","Mon Jul 13 18:10:35 UTC 2026","passed","Mon Jul 13 18:10:35 UTC 2026","","","",""
"Test cases for TestResources_ListADOUContainedGroups","5","TestResources_ListADOUContainedGroups","","Mon Jul 13 18:06:53 UTC 2026","passed","Mon Jul 13 18:06:53 UTC 2026","","Go Test","github.com/specterops/bloodhound/cmd/api/src/api/v2/TestResources_ListADOUContainedGroups","TestResources_ListADOUContainedGroups"
"","737","should not call onSubmit when expired password matches current password when reset password button clicked","PasswordResetForm","Mon Jul 13 18:10:47 UTC 2026","passed","Mon Jul 13 18:10:48 UTC 2026","","","",""
"","10","clears sort state","useSortParams","Mon Jul 13 18:11:41 UTC 2026","passed","Mon Jul 13 18:11:41 UTC 2026","","","",""
"","3","returns true if value is undefined","searchParams","Mon Jul 13 18:11:47 UTC 2026","passed","Mon Jul 13 18:11:47 UTC 2026","","isEmptyParam","",""
"","9","shows items when all required permissions are granted","useSubNavRoutes","Mon Jul 13 18:10:42 UTC 2026","passed","Mon Jul 13 18:10:42 UTC 2026","","permissions gate","",""
"Test cases for TestResources_GetOUEntityInfo","0","TestResources_GetOUEntityInfo","","Mon Jul 13 18:06:53 UTC 2026","passed","Mon Jul 13 18:06:53 UTC 2026","","Go Test","github.com/specterops/bloodhound/cmd/api/src/api/v2/TestResources_GetOUEntityInfo","TestResources_GetOUEntityInfo"
"","10","sets descending sort state for a new sorted column","useSortParams","Mon Jul 13 18:11:40 UTC 2026","passed","Mon Jul 13 18:11:40 UTC 2026","","","",""
"","4","handles ISO 8601 formatted date strings and converts it into our standard date display format","Formatting string properties","Mon Jul 13 18:10:00 UTC 2026","passed","Mon Jul 13 18:10:00 UTC 2026","","","",""
"","1785","handles delete by nested graph data selection","DatabaseManagement","Mon Jul 13 18:13:54 UTC 2026","passed","Mon Jul 13 18:13:56 UTC 2026","","","",""
"","1","filters by high risk level","filterAndSearchEnvironments","Mon Jul 13 18:08:12 UTC 2026","passed","Mon Jul 13 18:08:12 UTC 2026","","risk filters","",""
"Test cases for TestResources_SearchAssetGroupTagHistory","139","TestResources_SearchAssetGroupTagHistory","","Mon Jul 13 18:06:53 UTC 2026","passed","Mon Jul 13 18:06:53 UTC 2026","","Go Test","github.com/specterops/bloodhound/cmd/api/src/api/v2/TestResources_SearchAssetGroupTagHistory","TestResources_SearchAssetGroupTagHistory"
"Test cases for TestDatabase_checkError_OtherError","0","TestDatabase_checkError_OtherError","","Mon Jul 13 18:06:57 UTC 2026","passed","Mon Jul 13 18:06:57 UTC 2026","","Go Test","github.com/specterops/bloodhound/cmd/api/src/database/TestDatabase_checkError_OtherError","TestDatabase_checkError_OtherError"
"","53","when session token or user are null, redirects to /login","AuthenticatedRoute","Mon Jul 13 18:14:12 UTC 2026","passed","Mon Jul 13 18:14:12 UTC 2026","","","",""
"Test cases for TestAnalysisErrorsEvaluateErrors","3","TestAnalysisErrorsEvaluateErrors","","Mon Jul 13 18:07:23 UTC 2026","passed","Mon Jul 13 18:07:23 UTC 2026","","Go Test","github.com/specterops/bloodhound/packages/go/analysis/TestAnalysisErrorsEvaluateErrors","TestAnalysisErrorsEvaluateErrors"
"","150","renders Empty when items is undefined and Empty is provided","<DetailsAccordion />","Mon Jul 13 18:09:54 UTC 2026","passed","Mon Jul 13 18:09:54 UTC 2026","","","",""
"Test cases for TestLocalStore_Stat","74","TestLocalStore_Stat","","Mon Jul 13 18:07:45 UTC 2026","passed","Mon Jul 13 18:07:45 UTC 2026","","Go Test","github.com/specterops/bloodhound/packages/go/storage/TestLocalStore_Stat","TestLocalStore_Stat"
"","9","returns default empty labels and relationshipTypes when called with no arguments","graphSchema","Mon Jul 13 18:12:45 UTC 2026","passed","Mon Jul 13 18:12:45 UTC 2026","","","",""
"","63","should display a total count of asset group members","AssetGroupEdit","Mon Jul 13 18:11:28 UTC 2026","passed","Mon Jul 13 18:11:28 UTC 2026","","","",""
"","1","reports an Object ID-specific error when editing a rule and ruleType is SeedTypeObjectId and seeds are required","handleError","Mon Jul 13 18:09:28 UTC 2026","passed","Mon Jul 13 18:09:28 UTC 2026","","","",""
"Test cases for TestModifyCookieAttribute","1","TestModifyCookieAttribute","","Mon Jul 13 18:07:22 UTC 2026","passed","Mon Jul 13 18:07:22 UTC 2026","","Go Test","github.com/specterops/bloodhound/cmd/api/src/utils/test/TestModifyCookieAttribute","TestModifyCookieAttribute"
"","1","returns the same nodes from the graphData","getExploreTableData","Mon Jul 13 18:11:08 UTC 2026","passed","Mon Jul 13 18:11:08 UTC 2026","","","",""
"","361","should display ""Configure Multi-Factor Authentication"" title","Enable2FADialog","Mon Jul 13 18:11:00 UTC 2026","passed","Mon Jul 13 18:11:00 UTC 2026","","","",""
"Test cases for TestResources_ListAuditLogs_PredicateMismatchWithColumn","0","TestResources_ListAuditLogs_PredicateMismatchWithColumn","","Mon Jul 13 18:06:53 UTC 2026","passed","Mon Jul 13 18:06:53 UTC 2026","","Go Test","github.com/specterops/bloodhound/cmd/api/src/api/v2/TestResources_ListAuditLogs_PredicateMismatchWithColumn","TestResources_ListAuditLogs_PredicateMismatchWithColumn"
"Test cases for TestGetSkipParamForGraphQuery","0","TestGetSkipParamForGraphQuery","","Mon Jul 13 18:07:22 UTC 2026","passed","Mon Jul 13 18:07:22 UTC 2026","","Go Test","github.com/specterops/bloodhound/cmd/api/src/utils/TestGetSkipParamForGraphQuery","TestGetSkipParamForGraphQuery"
"","2","prevents Sigma defaults events","preventAllDefaults","Mon Jul 13 18:14:34 UTC 2026","passed","Mon Jul 13 18:14:34 UTC 2026","","","",""
"","77","sets the document title using the default app name","PageWithTitle","Mon Jul 13 18:13:18 UTC 2026","passed","Mon Jul 13 18:13:18 UTC 2026","","","",""
"","314","should call onClose when the Close button is clicked","UpsertSAMLProviderForm","Mon Jul 13 18:12:09 UTC 2026","passed","Mon Jul 13 18:12:09 UTC 2026","","","",""
"","4","The data is loading","Getting the text for the disabled item display for a search when there are no results","Mon Jul 13 18:12:17 UTC 2026","passed","Mon Jul 13 18:12:17 UTC 2026","","Loading states","",""
"Test cases for TestContextMiddleware_InvalidWaitLessThanZero","0","TestContextMiddleware_InvalidWaitLessThanZero","","Mon Jul 13 18:06:45 UTC 2026","passed","Mon Jul 13 18:06:45 UTC 2026","","Go Test","github.com/specterops/bloodhound/cmd/api/src/api/middleware/TestContextMiddleware_InvalidWaitLessThanZero","TestContextMiddleware_InvalidWaitLessThanZero"
"","11","should render when search string matches text entirely","HighlightedText","Mon Jul 13 18:12:31 UTC 2026","passed","Mon Jul 13 18:12:31 UTC 2026","","","",""
"Test cases for TestIntEqual","0","TestIntEqual","","Mon Jul 13 18:06:57 UTC 2026","passed","Mon Jul 13 18:06:57 UTC 2026","","Go Test","github.com/specterops/bloodhound/cmd/api/src/database/types/null/TestIntEqual","TestIntEqual"
"","2","updates state when an external storage event is fired for the same key","useLocalStorage","Mon Jul 13 18:10:25 UTC 2026","passed","Mon Jul 13 18:10:25 UTC 2026","","storage event synchronisation","",""
"Test cases for TestInt64Scan","0","TestInt64Scan","","Mon Jul 13 18:06:57 UTC 2026","passed","Mon Jul 13 18:06:57 UTC 2026","","Go Test","github.com/specterops/bloodhound/cmd/api/src/database/types/null/TestInt64Scan","TestInt64Scan"
"","0","returns disabled if relationshipQueryItemId does not have a matching sourceId, edgeType, targetId","useExploreGraph","Mon Jul 13 18:09:22 UTC 2026","passed","Mon Jul 13 18:09:22 UTC 2026","composition search queries","exploreGraphQueryFactory","",""
"Test cases for TestAnalysisPipelineResultErrors","2","TestAnalysisPipelineResultErrors","","Mon Jul 13 18:07:23 UTC 2026","passed","Mon Jul 13 18:07:23 UTC 2026","","Go Test","github.com/specterops/bloodhound/packages/go/analysis/TestAnalysisPipelineResultErrors","TestAnalysisPipelineResultErrors"
"","38","renders a preview version by default","PrivilegeZonesCypherEditor Search component for Zone Management","Mon Jul 13 18:12:15 UTC 2026","passed","Mon Jul 13 18:12:15 UTC 2026","","","",""
"","0","prefixes each edge_kind with a colon for relationshipTypes","graphSchema","Mon Jul 13 18:12:45 UTC 2026","passed","Mon Jul 13 18:12:45 UTC 2026","","","",""
"","2137","search filters edges by name","Pathfinding","Mon Jul 13 18:09:11 UTC 2026","passed","Mon Jul 13 18:09:14 UTC 2026","","","",""
"","1","returns a comma separated number when provided with a number > 999","numberFormatting","Mon Jul 13 18:11:02 UTC 2026","passed","Mon Jul 13 18:11:02 UTC 2026","","","",""
"Test cases for TestCacheEntryDigester_DigestEndpoint_MatchByName","0","TestCacheEntryDigester_DigestEndpoint_MatchByName","","Mon Jul 13 18:07:03 UTC 2026","passed","Mon Jul 13 18:07:03 UTC 2026","","Go Test","github.com/specterops/bloodhound/cmd/api/src/services/graphify/endpoint/TestCacheEntryDigester_DigestEndpoint_MatchByName","TestCacheEntryDigester_DigestEndpoint_MatchByName"
"","0","should compute the length of a line segment","bezier","Mon Jul 13 18:14:13 UTC 2026","passed","Mon Jul 13 18:14:13 UTC 2026","","","",""
"Test cases for TestManagementResource_CreateAuthToken","17878","TestManagementResource_CreateAuthToken","","Mon Jul 13 18:07:22 UTC 2026","passed","Mon Jul 13 18:07:40 UTC 2026","","Go Test","github.com/specterops/bloodhound/cmd/api/src/api/v2/auth/TestManagementResource_CreateAuthToken","TestManagementResource_CreateAuthToken"
"","1","reports when API error response has errors array","handleError","Mon Jul 13 18:09:28 UTC 2026","passed","Mon Jul 13 18:09:28 UTC 2026","","","",""
"","92","does not list sso providers for a role without both the manage providers and read provider permissions","SSOConfiguration","Mon Jul 13 18:09:19 UTC 2026","passed","Mon Jul 13 18:09:19 UTC 2026","","","",""
"Test cases for TestAuditLogin","1","TestAuditLogin","","Mon Jul 13 18:06:40 UTC 2026","passed","Mon Jul 13 18:06:40 UTC 2026","","Go Test","github.com/specterops/bloodhound/cmd/api/src/api/TestAuditLogin","TestAuditLogin"
"","346","calls handleError with ruleType when creating a rule fails","Rule Form","Mon Jul 13 18:08:10 UTC 2026","passed","Mon Jul 13 18:08:10 UTC 2026","","","",""
"Test cases for TestManagementResource_UpdateUser_Success","1111","TestManagementResource_UpdateUser_Success","","Mon Jul 13 18:07:18 UTC 2026","passed","Mon Jul 13 18:07:19 UTC 2026","","Go Test","github.com/specterops/bloodhound/cmd/api/src/api/v2/auth/TestManagementResource_UpdateUser_Success","TestManagementResource_UpdateUser_Success"
"","0","returns undefined if graphData is {} or not a GraphResponse","getExploreTableData","Mon Jul 13 18:11:08 UTC 2026","passed","Mon Jul 13 18:11:08 UTC 2026","","","",""
"","115","renders a filter button","FileIngestFilterDialog","Mon Jul 13 18:09:32 UTC 2026","passed","Mon Jul 13 18:09:32 UTC 2026","","","",""
"Test cases for TestLocalStore_Delete","63","TestLocalStore_Delete","","Mon Jul 13 18:07:45 UTC 2026","passed","Mon Jul 13 18:07:45 UTC 2026","","Go Test","github.com/specterops/bloodhound/packages/go/storage/TestLocalStore_Delete","TestLocalStore_Delete"
"","0","returns empty array when search does not match any environment","filterAndSearchEnvironments","Mon Jul 13 18:08:12 UTC 2026","passed","Mon Jul 13 18:08:12 UTC 2026","","search filter","",""
"","5","`undefined` input is provided","parseKeywordAndTypeValue","Mon Jul 13 18:13:06 UTC 2026","passed","Mon Jul 13 18:13:06 UTC 2026","","","",""
"","56","displays no data message when there are no extensions","ActiveExtensionsCard","Mon Jul 13 18:08:14 UTC 2026","passed","Mon Jul 13 18:08:14 UTC 2026","","","",""
"Test cases for TestWriteAndValidateJSON","3","TestWriteAndValidateJSON","","Mon Jul 13 18:07:07 UTC 2026","passed","Mon Jul 13 18:07:07 UTC 2026","","Go Test","github.com/specterops/bloodhound/cmd/api/src/services/upload/TestWriteAndValidateJSON","TestWriteAndValidateJSON"
"","64","displays the checkbox as checked if the filter params value is 'true'","AssetGroupEdit","Mon Jul 13 18:10:06 UTC 2026","passed","Mon Jul 13 18:10:06 UTC 2026","","Custom Member checkbox filter","",""
"","77","should navigate to the correct page on alt + digit keydown","Keyboard shortcuts","Mon Jul 13 18:10:24 UTC 2026","passed","Mon Jul 13 18:10:24 UTC 2026","","","",""
"Test cases for TestWriteInternalServerError","0","TestWriteInternalServerError","","Mon Jul 13 18:07:28 UTC 2026","passed","Mon Jul 13 18:07:28 UTC 2026","","Go Test","github.com/specterops/bloodhound/packages/go/responses/TestWriteInternalServerError","TestWriteInternalServerError"
"","102","renders Label as first tab and is also the initially selected on first render in Labels View/Tab","Selected Details Tabs","Mon Jul 13 18:10:31 UTC 2026","passed","Mon Jul 13 18:10:31 UTC 2026","","Selected Details Tabs - Params present","",""
"","5","does not put polite messages in the assertive region","AnnouncementProvider","Mon Jul 13 18:11:06 UTC 2026","passed","Mon Jul 13 18:11:06 UTC 2026","","","",""
"Test cases for TestManagementResource_ListAuthTokens_Admin","0","TestManagementResource_ListAuthTokens_Admin","","Mon Jul 13 18:07:22 UTC 2026","passed","Mon Jul 13 18:07:22 UTC 2026","","Go Test","github.com/specterops/bloodhound/cmd/api/src/api/v2/auth/TestManagementResource_ListAuthTokens_Admin","TestManagementResource_ListAuthTokens_Admin"
"","1442","reverts to the default graph view when the user de-selects the currently selected table layout","GraphView","Mon Jul 13 18:13:55 UTC 2026","passed","Mon Jul 13 18:13:56 UTC 2026","","Layout selection and de-selection","",""
"","193","clicking an enabled header toggles content (single mode)","<DetailsAccordion />","Mon Jul 13 18:09:55 UTC 2026","passed","Mon Jul 13 18:09:55 UTC 2026","","","",""
"Test cases for TestParseAGMembersFromNodes_","0","TestParseAGMembersFromNodes_","","Mon Jul 13 18:06:53 UTC 2026","passed","Mon Jul 13 18:06:53 UTC 2026","","Go Test","github.com/specterops/bloodhound/cmd/api/src/api/v2/TestParseAGMembersFromNodes_","TestParseAGMembersFromNodes_"
"","339","Displays a notification when an error happened when requesting analysis","AnalyzeNowConfiguration","Mon Jul 13 18:10:26 UTC 2026","passed","Mon Jul 13 18:10:26 UTC 2026","","","",""
"","1","should handle an undefined or null entity","Evaluating the entity display name from a given entity","Mon Jul 13 18:10:00 UTC 2026","passed","Mon Jul 13 18:10:00 UTC 2026","","","",""
"","15","shows hint by default","ManagedDatePicker - placeholders","Mon Jul 13 18:10:54 UTC 2026","passed","Mon Jul 13 18:10:54 UTC 2026","","","",""
"Test cases for TestResources_ListADComputerAdmins","1","TestResources_ListADComputerAdmins","","Mon Jul 13 18:06:53 UTC 2026","passed","Mon Jul 13 18:06:53 UTC 2026","","Go Test","github.com/specterops/bloodhound/cmd/api/src/api/v2/TestResources_ListADComputerAdmins","TestResources_ListADComputerAdmins"
"","1","returns query config when searchType is composition and all required params are passed","useExploreGraph","Mon Jul 13 18:09:22 UTC 2026","passed","Mon Jul 13 18:09:22 UTC 2026","composition search queries","exploreGraphQueryFactory","",""
"Test cases for TestRegister_PanicsOnNilRateLimitMiddleware","0","TestRegister_PanicsOnNilRateLimitMiddleware","","Mon Jul 13 18:07:52 UTC 2026","passed","Mon Jul 13 18:07:52 UTC 2026","","Go Test","github.com/specterops/bloodhound/server/modules/TestRegister_PanicsOnNilRateLimitMiddleware","TestRegister_PanicsOnNilRateLimitMiddleware"
"Test cases for TestManagementResource_ListAuthTokens_NonAdmin","0","TestManagementResource_ListAuthTokens_NonAdmin","","Mon Jul 13 18:07:22 UTC 2026","passed","Mon Jul 13 18:07:22 UTC 2026","","Go Test","github.com/specterops/bloodhound/cmd/api/src/api/v2/auth/TestManagementResource_ListAuthTokens_NonAdmin","TestManagementResource_ListAuthTokens_NonAdmin"
"","2","returns undefined for headers when db config timeout limit setting is enabled and state of is disable query limit is true","useExploreGraph","Mon Jul 13 18:09:22 UTC 2026","passed","Mon Jul 13 18:09:22 UTC 2026","userSettings","exploreGraphQueryFactory","",""
"Test cases for TestIngestControl_FetchRetainedIngestFiles","15","TestIngestControl_FetchRetainedIngestFiles","","Mon Jul 13 18:06:45 UTC 2026","passed","Mon Jul 13 18:06:45 UTC 2026","","Go Test","github.com/specterops/bloodhound/cmd/api/src/api/tools/TestIngestControl_FetchRetainedIngestFiles","TestIngestControl_FetchRetainedIngestFiles"
"Test cases for TestManagementResource_ListRoles_InvalidColumn","0","TestManagementResource_ListRoles_InvalidColumn","","Mon Jul 13 18:07:00 UTC 2026","passed","Mon Jul 13 18:07:00 UTC 2026","","Go Test","github.com/specterops/bloodhound/cmd/api/src/api/v2/auth/TestManagementResource_ListRoles_InvalidColumn","TestManagementResource_ListRoles_InvalidColumn"
"","142","renders enabled Zone tab and disabled Rule and Object tabs","Selected Details Tabs","Mon Jul 13 18:10:31 UTC 2026","passed","Mon Jul 13 18:10:31 UTC 2026","","Selected Details Tabs - Params present","",""
"","0","escapes a backslash","escapeCypherString","Mon Jul 13 18:13:12 UTC 2026","passed","Mon Jul 13 18:13:12 UTC 2026","","","",""
"Test cases for TestMap","0","TestMap","","Mon Jul 13 18:07:41 UTC 2026","passed","Mon Jul 13 18:07:41 UTC 2026","","Go Test","github.com/specterops/bloodhound/packages/go/slicesext/TestMap","TestMap"
"Test cases for TestInt64From","0","TestInt64From","","Mon Jul 13 18:06:57 UTC 2026","passed","Mon Jul 13 18:06:57 UTC 2026","","Go Test","github.com/specterops/bloodhound/cmd/api/src/database/types/null/TestInt64From","TestInt64From"
"Test cases for TestResources_DeleteSavedQueryPermissions","3","TestResources_DeleteSavedQueryPermissions","","Mon Jul 13 18:06:53 UTC 2026","passed","Mon Jul 13 18:06:53 UTC 2026","","Go Test","github.com/specterops/bloodhound/cmd/api/src/api/v2/TestResources_DeleteSavedQueryPermissions","TestResources_DeleteSavedQueryPermissions"
"","11","uses the discardQueryParams prop to discard all query params on the redirect","AppNavigate","Mon Jul 13 18:12:04 UTC 2026","passed","Mon Jul 13 18:12:04 UTC 2026","","","",""
"Test cases for TestManagementResource_DeleteOIDCProvider","0","TestManagementResource_DeleteOIDCProvider","","Mon Jul 13 18:07:40 UTC 2026","passed","Mon Jul 13 18:07:40 UTC 2026","","Go Test","github.com/specterops/bloodhound/cmd/api/src/api/v2/auth/TestManagementResource_DeleteOIDCProvider","TestManagementResource_DeleteOIDCProvider"
"","91","displays an error message while fetching fails","ActiveExtensionsCard","Mon Jul 13 18:08:14 UTC 2026","passed","Mon Jul 13 18:08:14 UTC 2026","","","",""
"","142","renders error message on error","ObjectCountPanel","Mon Jul 13 18:12:40 UTC 2026","passed","Mon Jul 13 18:12:40 UTC 2026","","","",""
"","2","filters by collected=true when ""yes"" filter is active","filterAndSearchEnvironments","Mon Jul 13 18:08:12 UTC 2026","passed","Mon Jul 13 18:08:12 UTC 2026","","collected filters","",""
"","3230","should open edge filtering dialog","EdgeFilter","Mon Jul 13 18:10:46 UTC 2026","passed","Mon Jul 13 18:10:49 UTC 2026","","","",""
"","316","renders the Rule Tab content when Rule tab is chosen","Selected Details Tab Content","Mon Jul 13 18:11:33 UTC 2026","passed","Mon Jul 13 18:11:33 UTC 2026","","","",""
"Test cases for TestManagementResource_ListAuthTokens_UserIDFilter","0","TestManagementResource_ListAuthTokens_UserIDFilter","","Mon Jul 13 18:07:22 UTC 2026","passed","Mon Jul 13 18:07:22 UTC 2026","","Go Test","github.com/specterops/bloodhound/cmd/api/src/api/v2/auth/TestManagementResource_ListAuthTokens_UserIDFilter","TestManagementResource_ListAuthTokens_UserIDFilter"
"","272","shows Popper when isCurrentSearchOpen is true","GraphControls","Mon Jul 13 18:08:17 UTC 2026","passed","Mon Jul 13 18:08:17 UTC 2026","","Searching current results","",""
"","1","succeeds for valid password with unicode characters","testPassword","Mon Jul 13 18:13:18 UTC 2026","passed","Mon Jul 13 18:13:18 UTC 2026","","","",""
"","97","disables delete button for built-in extensions","ActiveExtensionsCard","Mon Jul 13 18:08:17 UTC 2026","passed","Mon Jul 13 18:08:17 UTC 2026","","","",""
"","26","fetches more data when scrolling within the default bottom threshold","useInfiniteScroll","Mon Jul 13 18:11:46 UTC 2026","passed","Mon Jul 13 18:11:47 UTC 2026","","","",""
"Test cases for TestGetPlatformAggregateStats_Failure","3","TestGetPlatformAggregateStats_Failure","","Mon Jul 13 18:06:53 UTC 2026","passed","Mon Jul 13 18:06:53 UTC 2026","","Go Test","github.com/specterops/bloodhound/cmd/api/src/api/v2/TestGetPlatformAggregateStats_Failure","TestGetPlatformAggregateStats_Failure"
"","32","should display a badge when role based filtering is true and show filter banner is true","EntityInfoPanel","Mon Jul 13 18:12:22 UTC 2026","passed","Mon Jul 13 18:12:22 UTC 2026","","","",""
"","253","renders total rules and accordion sections","RulesAccordion","Mon Jul 13 18:11:12 UTC 2026","passed","Mon Jul 13 18:11:13 UTC 2026","","","",""
"","307","sets secondarySearch=id and searchType=node when primarySearch is falsey","ContextMenu","Mon Jul 13 18:14:05 UTC 2026","passed","Mon Jul 13 18:14:05 UTC 2026","","","",""
"","0","returns true if value is null","searchParams","Mon Jul 13 18:11:47 UTC 2026","passed","Mon Jul 13 18:11:47 UTC 2026","","isEmptyParam","",""
"Test cases for TestRegister_PanicsOnNilPool","0","TestRegister_PanicsOnNilPool","","Mon Jul 13 18:07:52 UTC 2026","passed","Mon Jul 13 18:07:52 UTC 2026","","Go Test","github.com/specterops/bloodhound/server/modules/TestRegister_PanicsOnNilPool","TestRegister_PanicsOnNilPool"
"Test cases for TestConvertAzureManagementGroupContributorToRels","0","TestConvertAzureManagementGroupContributorToRels","","Mon Jul 13 18:07:24 UTC 2026","passed","Mon Jul 13 18:07:24 UTC 2026","","Go Test","github.com/specterops/bloodhound/packages/go/ein/TestConvertAzureManagementGroupContributorToRels","TestConvertAzureManagementGroupContributorToRels"
"","3060","should render expand all and collapse all buttons","Pathfinding","Mon Jul 13 18:08:29 UTC 2026","passed","Mon Jul 13 18:08:32 UTC 2026","","","",""
"","333","should display a ""Configure Multi-Factor Authentication"" modal","UserProfile","Mon Jul 13 18:10:18 UTC 2026","passed","Mon Jul 13 18:10:19 UTC 2026","","""Multi-Factor Authentication"" switch","",""
"","3","should return null if the edge key does not have enough information","getEdgeDataFromKey","Mon Jul 13 18:14:29 UTC 2026","passed","Mon Jul 13 18:14:29 UTC 2026","","","",""
"","124","should display a ""Reset Password"" button","UserProfile","Mon Jul 13 18:10:17 UTC 2026","passed","Mon Jul 13 18:10:18 UTC 2026","","","",""
"","39","sets input text to value","ManagedDatePicker - value","Mon Jul 13 18:10:54 UTC 2026","passed","Mon Jul 13 18:10:54 UTC 2026","","","",""
"","0","EXTENDED ROUNDING when thresholds are set: abbreviates numbers larger than 1000 and should not round the tenth place digit","numberFormatting","Mon Jul 13 18:11:02 UTC 2026","passed","Mon Jul 13 18:11:02 UTC 2026","","","",""
"","139","displays Force Password Reset checkbox when showNeedsPasswordReset is true","PasswordDialog","Mon Jul 13 18:08:28 UTC 2026","passed","Mon Jul 13 18:08:29 UTC 2026","","","",""
"Test cases for Test_ConvertAppFederatedIdentityCredential","1","Test_ConvertAppFederatedIdentityCredential","","Mon Jul 13 18:07:24 UTC 2026","passed","Mon Jul 13 18:07:24 UTC 2026","","Go Test","github.com/specterops/bloodhound/packages/go/ein/Test_ConvertAppFederatedIdentityCredential","Test_ConvertAppFederatedIdentityCredential"
"Test cases for TestHasValidRolesForETAC","0","TestHasValidRolesForETAC","","Mon Jul 13 18:06:53 UTC 2026","passed","Mon Jul 13 18:06:53 UTC 2026","","Go Test","github.com/specterops/bloodhound/cmd/api/src/api/v2/auth/TestHasValidRolesForETAC","TestHasValidRolesForETAC"
"Test cases for TestAnalysisPipelineStepString","3","TestAnalysisPipelineStepString","","Mon Jul 13 18:07:23 UTC 2026","passed","Mon Jul 13 18:07:23 UTC 2026","","Go Test","github.com/specterops/bloodhound/packages/go/analysis/TestAnalysisPipelineStepString","TestAnalysisPipelineStepString"
"","337","should call the checkbox filter function when clicking on a checkbox input","Checkbox group","Mon Jul 13 18:13:01 UTC 2026","passed","Mon Jul 13 18:13:02 UTC 2026","","","",""
"","185","a name value is required to submit the form","Rule Form","Mon Jul 13 18:08:01 UTC 2026","passed","Mon Jul 13 18:08:01 UTC 2026","","","",""
"","147","should display the ""My Profile"" title","UserProfile","Mon Jul 13 18:10:17 UTC 2026","passed","Mon Jul 13 18:10:17 UTC 2026","","","",""
"Test cases for TestGC_Name","0","TestGC_Name","","Mon Jul 13 18:06:55 UTC 2026","passed","Mon Jul 13 18:06:55 UTC 2026","","Go Test","github.com/specterops/bloodhound/cmd/api/src/daemons/gc/TestGC_Name","TestGC_Name"
"Test cases for TestErrorReadDomainSIDandNameAsString","4","TestErrorReadDomainSIDandNameAsString","","Mon Jul 13 18:07:23 UTC 2026","passed","Mon Jul 13 18:07:23 UTC 2026","","Go Test","github.com/specterops/bloodhound/packages/go/analysis/ad/internal/nodeprops/TestErrorReadDomainSIDandNameAsString","TestErrorReadDomainSIDandNameAsString"
"Test cases for TestResources_UpdateAssetGroup","0","TestResources_UpdateAssetGroup","","Mon Jul 13 18:06:53 UTC 2026","passed","Mon Jul 13 18:06:53 UTC 2026","","Go Test","github.com/specterops/bloodhound/cmd/api/src/api/v2/TestResources_UpdateAssetGroup","TestResources_UpdateAssetGroup"
"","341","sets a primarySearch=id and searchType=node when secondarySearch is falsey","ContextMenu","Mon Jul 13 18:14:04 UTC 2026","passed","Mon Jul 13 18:14:04 UTC 2026","","","",""
"","373","renders headers","CommonSearches","Mon Jul 13 18:09:56 UTC 2026","passed","Mon Jul 13 18:09:56 UTC 2026","","","",""
"Test cases for TestContextMiddleware_InvalidWait","0","TestContextMiddleware_InvalidWait","","Mon Jul 13 18:06:45 UTC 2026","passed","Mon Jul 13 18:06:45 UTC 2026","","Go Test","github.com/specterops/bloodhound/cmd/api/src/api/middleware/TestContextMiddleware_InvalidWait","TestContextMiddleware_InvalidWait"
"","324","The reset password and two-factor authentication options should not appear in profile page if the user is configured for SAML login","UserProfile with SSO User","Mon Jul 13 18:10:16 UTC 2026","passed","Mon Jul 13 18:10:17 UTC 2026","","","",""
"Test cases for TestParseOptionalBoolMisspelledValue","0","TestParseOptionalBoolMisspelledValue","","Mon Jul 13 18:06:40 UTC 2026","passed","Mon Jul 13 18:06:40 UTC 2026","","Go Test","github.com/specterops/bloodhound/cmd/api/src/api/TestParseOptionalBoolMisspelledValue","TestParseOptionalBoolMisspelledValue"
"","89","initializes search tab to the exploreSearchTab on initial render","ExploreSearch sets searchType on tab changing","Mon Jul 13 18:13:57 UTC 2026","passed","Mon Jul 13 18:13:57 UTC 2026","","","",""
"","291","renders the Columns trigger button","ManageColumnsComboBox","Mon Jul 13 18:09:54 UTC 2026","passed","Mon Jul 13 18:09:55 UTC 2026","","","",""
"Test cases for TestManagementResource_UpdateUser_DBError","1173","TestManagementResource_UpdateUser_DBError","","Mon Jul 13 18:07:14 UTC 2026","passed","Mon Jul 13 18:07:15 UTC 2026","","Go Test","github.com/specterops/bloodhound/cmd/api/src/api/v2/auth/TestManagementResource_UpdateUser_DBError","TestManagementResource_UpdateUser_DBError"
"TestGooseMigrationFilenamesUseCurrentVersionPrefix is utilized to ensure that all migration files are named accordingto the set naming convention.","8","TestGooseMigrationFilenamesUseCurrentVersionPrefix","","Mon Jul 13 18:06:57 UTC 2026","passed","Mon Jul 13 18:06:57 UTC 2026","","Go Test","github.com/specterops/bloodhound/cmd/api/src/database/migration/TestGooseMigrationFilenamesUseCurrentVersionPrefix","TestGooseMigrationFilenamesUseCurrentVersionPrefix"
"Test cases for TestAuth_CreateSSOSession","0","TestAuth_CreateSSOSession","","Mon Jul 13 18:06:53 UTC 2026","passed","Mon Jul 13 18:06:53 UTC 2026","","Go Test","github.com/specterops/bloodhound/cmd/api/src/api/v2/auth/TestAuth_CreateSSOSession","TestAuth_CreateSSOSession"
"","4056","Clicking on a row causes row to be selected","ExploreTable","Mon Jul 13 18:07:56 UTC 2026","passed","Mon Jul 13 18:08:00 UTC 2026","","","",""
"Test cases for TestLocalStore_Close","23","TestLocalStore_Close","","Mon Jul 13 18:07:45 UTC 2026","passed","Mon Jul 13 18:07:45 UTC 2026","","Go Test","github.com/specterops/bloodhound/packages/go/storage/TestLocalStore_Close","TestLocalStore_Close"
"Test cases for TestUnmarshalInt64Overflow","0","TestUnmarshalInt64Overflow","","Mon Jul 13 18:06:57 UTC 2026","passed","Mon Jul 13 18:06:57 UTC 2026","","Go Test","github.com/specterops/bloodhound/cmd/api/src/database/types/null/TestUnmarshalInt64Overflow","TestUnmarshalInt64Overflow"
"Test cases for TestResources_ListPublishedTemplates","0","TestResources_ListPublishedTemplates","","Mon Jul 13 18:06:53 UTC 2026","passed","Mon Jul 13 18:06:53 UTC 2026","","Go Test","github.com/specterops/bloodhound/cmd/api/src/api/v2/TestResources_ListPublishedTemplates","TestResources_ListPublishedTemplates"
"","65","sets primarySearch, searchType, exploreSearchTab in URL params when the click handler is executed","useEdgeInfoItems","Mon Jul 13 18:11:29 UTC 2026","passed","Mon Jul 13 18:11:29 UTC 2026","","","",""
"Test cases for TestNewPipelineHandlesAllBHCEAnalysisSteps","0","TestNewPipelineHandlesAllBHCEAnalysisSteps","","Mon Jul 13 18:07:23 UTC 2026","passed","Mon Jul 13 18:07:23 UTC 2026","","Go Test","github.com/specterops/bloodhound/packages/go/analysis/TestNewPipelineHandlesAllBHCEAnalysisSteps","TestNewPipelineHandlesAllBHCEAnalysisSteps"
"Test cases for TestManagementResource_ListAuthTokens_Filtered","0","TestManagementResource_ListAuthTokens_Filtered","","Mon Jul 13 18:07:22 UTC 2026","passed","Mon Jul 13 18:07:22 UTC 2026","","Go Test","github.com/specterops/bloodhound/cmd/api/src/api/v2/auth/TestManagementResource_ListAuthTokens_Filtered","TestManagementResource_ListAuthTokens_Filtered"
"","743","clears the applied filter","FileIngestFilterDialog","Mon Jul 13 18:09:34 UTC 2026","passed","Mon Jul 13 18:09:35 UTC 2026","","Status Select","",""
"","872","Download button opens a menu and selecting ""All Columns"" calls json2csv with all columns","ExploreTable","Mon Jul 13 18:07:47 UTC 2026","passed","Mon Jul 13 18:07:48 UTC 2026","","","",""
"Test cases for Test_filterAndFormatSearchResults_filterEnvironmentsOG","0","Test_filterAndFormatSearchResults_filterEnvironmentsOG","","Mon Jul 13 18:06:53 UTC 2026","passed","Mon Jul 13 18:06:53 UTC 2026","","Go Test","github.com/specterops/bloodhound/cmd/api/src/api/v2/Test_filterAndFormatSearchResults_filterEnvironmentsOG","Test_filterAndFormatSearchResults_filterEnvironmentsOG"
"Test cases for TestManagementResource_ListRoles_PredicateMismatchWithColumn","0","TestManagementResource_ListRoles_PredicateMismatchWithColumn","","Mon Jul 13 18:07:00 UTC 2026","passed","Mon Jul 13 18:07:00 UTC 2026","","Go Test","github.com/specterops/bloodhound/cmd/api/src/api/v2/auth/TestManagementResource_ListRoles_PredicateMismatchWithColumn","TestManagementResource_ListRoles_PredicateMismatchWithColumn"
"","3","formats the date string","toFormatted","Mon Jul 13 18:12:32 UTC 2026","passed","Mon Jul 13 18:12:32 UTC 2026","","","",""
"","397","renders trigger button and dropdown items","TagToZoneLabel","Mon Jul 13 18:08:07 UTC 2026","passed","Mon Jul 13 18:08:07 UTC 2026","","","",""
"","291","should display ""Disable Multi-Factor Authentication?"" title","Enable2FADialog","Mon Jul 13 18:11:57 UTC 2026","passed","Mon Jul 13 18:11:57 UTC 2026","","","",""
"Test cases for TestLocalStore_Put","24","TestLocalStore_Put","","Mon Jul 13 18:07:45 UTC 2026","passed","Mon Jul 13 18:07:45 UTC 2026","","Go Test","github.com/specterops/bloodhound/packages/go/storage/TestLocalStore_Put","TestLocalStore_Put"
"","283","Selecting an edge with a Computer target node that does not have haslaps enabled shows correct Windows Abuse text","EdgeInfoContent","Mon Jul 13 18:08:17 UTC 2026","passed","Mon Jul 13 18:08:18 UTC 2026","","","",""
"Test cases for TestJSONFloat_MarshalJSON_NaN","0","TestJSONFloat_MarshalJSON_NaN","","Mon Jul 13 18:06:57 UTC 2026","passed","Mon Jul 13 18:06:57 UTC 2026","","Go Test","github.com/specterops/bloodhound/cmd/api/src/database/types/nan/TestJSONFloat_MarshalJSON_NaN","TestJSONFloat_MarshalJSON_NaN"
"","145","renders when all data is available and rule is not default","Delete Selector Button rendering","Mon Jul 13 18:12:56 UTC 2026","passed","Mon Jul 13 18:12:56 UTC 2026","","","",""
"","8","hides items while permissions are loading","useSubNavRoutes","Mon Jul 13 18:10:42 UTC 2026","passed","Mon Jul 13 18:10:42 UTC 2026","","adminOnly gate","",""
"Test cases for TestManagementResource_SAMLLoginRedirect","29","TestManagementResource_SAMLLoginRedirect","","Mon Jul 13 18:07:40 UTC 2026","passed","Mon Jul 13 18:07:40 UTC 2026","","Go Test","github.com/specterops/bloodhound/cmd/api/src/api/v2/auth/TestManagementResource_SAMLLoginRedirect","TestManagementResource_SAMLLoginRedirect"
"","187","renders with a title","BloodHoundConfiguration","Mon Jul 13 18:14:35 UTC 2026","passed","Mon Jul 13 18:14:35 UTC 2026","","","",""
"Test cases for TestConvertComputerToNode","0","TestConvertComputerToNode","","Mon Jul 13 18:07:24 UTC 2026","passed","Mon Jul 13 18:07:24 UTC 2026","","Go Test","github.com/specterops/bloodhound/packages/go/ein/TestConvertComputerToNode","TestConvertComputerToNode"
"Test cases for TestStore_Get","77","TestStore_Get","","Mon Jul 13 18:07:45 UTC 2026","passed","Mon Jul 13 18:07:45 UTC 2026","","Go Test","github.com/specterops/bloodhound/packages/go/storage/TestStore_Get","TestStore_Get"
"Test cases for TestManagementResource_ListPermissions_SortingError","0","TestManagementResource_ListPermissions_SortingError","","Mon Jul 13 18:07:00 UTC 2026","passed","Mon Jul 13 18:07:00 UTC 2026","","Go Test","github.com/specterops/bloodhound/cmd/api/src/api/v2/auth/TestManagementResource_ListPermissions_SortingError","TestManagementResource_ListPermissions_SortingError"
"Test cases for TestMergedFS_Open","0","TestMergedFS_Open","","Mon Jul 13 18:06:57 UTC 2026","passed","Mon Jul 13 18:06:57 UTC 2026","","Go Test","github.com/specterops/bloodhound/cmd/api/src/database/migration/TestMergedFS_Open","TestMergedFS_Open"
"","360","filters unselected columns when typing in the filter input","ManageColumnsComboBox","Mon Jul 13 18:09:57 UTC 2026","passed","Mon Jul 13 18:09:57 UTC 2026","","","",""
"Test cases for TestWriteBinaryResponse","0","TestWriteBinaryResponse","","Mon Jul 13 18:06:41 UTC 2026","passed","Mon Jul 13 18:06:41 UTC 2026","","Go Test","github.com/specterops/bloodhound/cmd/api/src/api/TestWriteBinaryResponse","TestWriteBinaryResponse"
"Test cases for TestMergeNodeKinds","0","TestMergeNodeKinds","","Mon Jul 13 18:07:03 UTC 2026","passed","Mon Jul 13 18:07:03 UTC 2026","","Go Test","github.com/specterops/bloodhound/cmd/api/src/services/graphify/TestMergeNodeKinds","TestMergeNodeKinds"
"","74","renders three animated dots","ProcessingIndicator","Mon Jul 13 18:13:23 UTC 2026","passed","Mon Jul 13 18:13:23 UTC 2026","","","",""
"","259","disables GraphButton when isCurrentSearchOpen is true","GraphControls","Mon Jul 13 18:08:16 UTC 2026","passed","Mon Jul 13 18:08:17 UTC 2026","","Searching current results","",""
"","402","should display ""Generate/Revoke API Tokens"" title","UserTokenManagementDialog","Mon Jul 13 18:09:43 UTC 2026","passed","Mon Jul 13 18:09:43 UTC 2026","","","",""
"","15","will update the selected filters based on the values stored in query params when the initialize function is called","usePathfindingFilters","Mon Jul 13 18:12:40 UTC 2026","passed","Mon Jul 13 18:12:40 UTC 2026","","","",""
"","347","renders","ObjectsAccordion","Mon Jul 13 18:11:13 UTC 2026","passed","Mon Jul 13 18:11:13 UTC 2026","","","",""
"Test cases for TestParseGroupMiscData","2","TestParseGroupMiscData","","Mon Jul 13 18:07:24 UTC 2026","passed","Mon Jul 13 18:07:24 UTC 2026","","Go Test","github.com/specterops/bloodhound/packages/go/ein/TestParseGroupMiscData","TestParseGroupMiscData"
"Test cases for TestDatabase_GetAssetGroupTag","0","TestDatabase_GetAssetGroupTag","","Mon Jul 13 18:06:53 UTC 2026","passed","Mon Jul 13 18:06:53 UTC 2026","","Go Test","github.com/specterops/bloodhound/cmd/api/src/api/v2/TestDatabase_GetAssetGroupTag","TestDatabase_GetAssetGroupTag"
"Test cases for TestResources_ListADComputerSQLAdmins","0","TestResources_ListADComputerSQLAdmins","","Mon Jul 13 18:06:53 UTC 2026","passed","Mon Jul 13 18:06:53 UTC 2026","","Go Test","github.com/specterops/bloodhound/cmd/api/src/api/v2/TestResources_ListADComputerSQLAdmins","TestResources_ListADComputerSQLAdmins"
"Test cases for Test_SetApplicationConfiguration","0","Test_SetApplicationConfiguration","","Mon Jul 13 18:06:53 UTC 2026","passed","Mon Jul 13 18:06:53 UTC 2026","","Go Test","github.com/specterops/bloodhound/cmd/api/src/api/v2/Test_SetApplicationConfiguration","Test_SetApplicationConfiguration"
"Test cases for TestResources_ListADComputerDCOMUsers","0","TestResources_ListADComputerDCOMUsers","","Mon Jul 13 18:06:53 UTC 2026","passed","Mon Jul 13 18:06:53 UTC 2026","","Go Test","github.com/specterops/bloodhound/cmd/api/src/api/v2/TestResources_ListADComputerDCOMUsers","TestResources_ListADComputerDCOMUsers"
"","293","prevents a user from proceeding if the file is not valid","ImportQueryDialog","Mon Jul 13 18:13:11 UTC 2026","passed","Mon Jul 13 18:13:11 UTC 2026","","","",""
"","4","shows the collection methods for the given job","toCollected","Mon Jul 13 18:12:51 UTC 2026","passed","Mon Jul 13 18:12:51 UTC 2026","","","",""
"Test cases for TestTimeFromPtr","0","TestTimeFromPtr","","Mon Jul 13 18:06:57 UTC 2026","passed","Mon Jul 13 18:06:57 UTC 2026","","Go Test","github.com/specterops/bloodhound/cmd/api/src/database/types/null/TestTimeFromPtr","TestTimeFromPtr"
"","314","renders an error message without throwing a TypeError","EntityInfoCollapsibleSection","Mon Jul 13 18:12:46 UTC 2026","passed","Mon Jul 13 18:12:46 UTC 2026","","","",""
"Test cases for TestGetAzureDataQualityStats_Success","0","TestGetAzureDataQualityStats_Success","","Mon Jul 13 18:06:53 UTC 2026","passed","Mon Jul 13 18:06:53 UTC 2026","","Go Test","github.com/specterops/bloodhound/cmd/api/src/api/v2/TestGetAzureDataQualityStats_Success","TestGetAzureDataQualityStats_Success"
"","162","displays extensions in a table when data is available","ActiveExtensionsCard","Mon Jul 13 18:08:14 UTC 2026","passed","Mon Jul 13 18:08:14 UTC 2026","","","",""
"","238","disables checkboxes while loading","GraphDataCheckboxes","Mon Jul 13 18:09:13 UTC 2026","passed","Mon Jul 13 18:09:13 UTC 2026","","","",""
"","22","renders custom icon correctly","NodeIcon","Mon Jul 13 18:12:37 UTC 2026","passed","Mon Jul 13 18:12:37 UTC 2026","","","",""
"Test cases for TestFeatureFlag_HA","304","TestFeatureFlag_HA","","Mon Jul 13 18:06:55 UTC 2026","passed","Mon Jul 13 18:06:55 UTC 2026","","Go Test","github.com/specterops/bloodhound/cmd/api/src/daemons/changelog/TestFeatureFlag_HA","TestFeatureFlag_HA"
"","3","A warning is printed when node positions are not available to apply from","applyNodePositionsFromGraphlibGraph","Mon Jul 13 18:14:16 UTC 2026","passed","Mon Jul 13 18:14:16 UTC 2026","","","",""
"Test cases for TestInt64FromPtr","0","TestInt64FromPtr","","Mon Jul 13 18:06:57 UTC 2026","passed","Mon Jul 13 18:06:57 UTC 2026","","Go Test","github.com/specterops/bloodhound/cmd/api/src/database/types/null/TestInt64FromPtr","TestInt64FromPtr"
"","187","has the correct value for the links in the breadcrumbs","Create Update pages","Mon Jul 13 18:12:16 UTC 2026","passed","Mon Jul 13 18:12:17 UTC 2026","","","",""
"Test cases for TestFeatureFlagManagerPoller","84","TestFeatureFlagManagerPoller","","Mon Jul 13 18:06:55 UTC 2026","passed","Mon Jul 13 18:06:55 UTC 2026","","Go Test","github.com/specterops/bloodhound/cmd/api/src/daemons/changelog/TestFeatureFlagManagerPoller","TestFeatureFlagManagerPoller"
"","130","renders enabled Zone and Object tabs and disabled Rule tab","Selected Details Tabs","Mon Jul 13 18:10:31 UTC 2026","passed","Mon Jul 13 18:10:31 UTC 2026","","Selected Details Tabs - Params present","",""
"","137","buttons are disabled while loading","OneTimePasscodeForm","Mon Jul 13 18:12:27 UTC 2026","passed","Mon Jul 13 18:12:27 UTC 2026","","","",""
"","141","should call onCancel when cancel button clicked","LoginViaSSOForm","Mon Jul 13 18:11:40 UTC 2026","passed","Mon Jul 13 18:11:40 UTC 2026","","","",""
"Test cases for TestRegister","0","TestRegister","","Mon Jul 13 18:07:49 UTC 2026","passed","Mon Jul 13 18:07:49 UTC 2026","","Go Test","github.com/specterops/bloodhound/server/featureflags/TestRegister","TestRegister"
"","2157","should display search results when the user enters text","AssetGroupEdit","Mon Jul 13 18:11:28 UTC 2026","passed","Mon Jul 13 18:11:30 UTC 2026","","","",""
"","16","renders highlight only for active selector when ruleId is present","SelectedHighlight","Mon Jul 13 18:12:25 UTC 2026","passed","Mon Jul 13 18:12:25 UTC 2026","","","",""
"Test cases for TestIsErrorResponse","0","TestIsErrorResponse","","Mon Jul 13 18:06:41 UTC 2026","passed","Mon Jul 13 18:06:41 UTC 2026","","Go Test","github.com/specterops/bloodhound/cmd/api/src/api/TestIsErrorResponse","TestIsErrorResponse"
"","158","disables items via itemDisabled and hides the chevron icon visually","<DetailsAccordion />","Mon Jul 13 18:09:54 UTC 2026","passed","Mon Jul 13 18:09:55 UTC 2026","","","",""
"Test cases for TestResources_CreateSavedQuery_InvalidBody","0","TestResources_CreateSavedQuery_InvalidBody","","Mon Jul 13 18:06:53 UTC 2026","passed","Mon Jul 13 18:06:53 UTC 2026","","Go Test","github.com/specterops/bloodhound/cmd/api/src/api/v2/TestResources_CreateSavedQuery_InvalidBody","TestResources_CreateSavedQuery_InvalidBody"
"","114","skips undefined items gracefully","<DetailsAccordion />","Mon Jul 13 18:09:54 UTC 2026","passed","Mon Jul 13 18:09:54 UTC 2026","","","",""
"","399","should eventually display list of tokens","UserTokenManagementDialog","Mon Jul 13 18:09:43 UTC 2026","passed","Mon Jul 13 18:09:44 UTC 2026","","","",""
"","16","does not render the tooltip icon when tooltipText prop is not passed","ColumnHeaders","Mon Jul 13 18:10:59 UTC 2026","passed","Mon Jul 13 18:10:59 UTC 2026","","SortableHeader with Tooltip","",""
"","538","should call performSearch on keyboard press alt+R","CypherSearch","Mon Jul 13 18:08:44 UTC 2026","passed","Mon Jul 13 18:08:44 UTC 2026","","","",""
"","8","adds expected text alignment class depending on the textAlign prop","ColumnHeaders","Mon Jul 13 18:10:59 UTC 2026","passed","Mon Jul 13 18:10:59 UTC 2026","","BaseColumnHeader","",""
"","54","shows the direct object list and expanded object list empty, when only direct objects in results","Seed Selection Results","Mon Jul 13 18:09:50 UTC 2026","passed","Mon Jul 13 18:09:50 UTC 2026","","","",""
"","851","opens and closes the filter","FileIngestFilterDialog","Mon Jul 13 18:09:32 UTC 2026","passed","Mon Jul 13 18:09:33 UTC 2026","","","",""
"","10","displays lastlogontimestamp cell as UNKNOWN when the value is 0","ExploreTableDataCell","Mon Jul 13 18:12:35 UTC 2026","passed","Mon Jul 13 18:12:35 UTC 2026","","","",""
"","403","Close button click causes the callback function to be called","ExploreTable","Mon Jul 13 18:07:49 UTC 2026","passed","Mon Jul 13 18:07:50 UTC 2026","","","",""
"","3662","categories default to expanded","Pathfinding","Mon Jul 13 18:08:32 UTC 2026","passed","Mon Jul 13 18:08:36 UTC 2026","","","",""
"","0","returns all collected environments when aggegation type is all","getEnvironmentAggregationIds","Mon Jul 13 18:08:12 UTC 2026","passed","Mon Jul 13 18:08:12 UTC 2026","","","",""
"","66","enables filtering out for tags that are treated as Labels (including Owned)","the useAssetGroupTags utilities","Mon Jul 13 18:09:50 UTC 2026","passed","Mon Jul 13 18:09:50 UTC 2026","","","",""
"","86","renders the total count and object counts on success","ObjectCountPanel","Mon Jul 13 18:12:40 UTC 2026","passed","Mon Jul 13 18:12:41 UTC 2026","","","",""
"Test cases for TestCacheEntryDigester_PoolStateReuse","0","TestCacheEntryDigester_PoolStateReuse","","Mon Jul 13 18:07:03 UTC 2026","passed","Mon Jul 13 18:07:03 UTC 2026","","Go Test","github.com/specterops/bloodhound/cmd/api/src/services/graphify/endpoint/TestCacheEntryDigester_PoolStateReuse","TestCacheEntryDigester_PoolStateReuse"
"","1","determines glyphs with the tier_managent_engine feature flag enabled","getNodeGlyphs","Mon Jul 13 18:14:07 UTC 2026","passed","Mon Jul 13 18:14:07 UTC 2026","","","",""
"","351","closes the dialog when the ""Cancel"" button is clicked","SchemaUploadDialog","Mon Jul 13 18:09:23 UTC 2026","passed","Mon Jul 13 18:09:24 UTC 2026","","","",""
"","19","sets autoDisplayTable to false if query type is relationship","useExploreTableAutoDisplay","Mon Jul 13 18:12:07 UTC 2026","passed","Mon Jul 13 18:12:07 UTC 2026","","","",""
"","573","renders a list of asset group members","GroupManagement","Mon Jul 13 18:14:15 UTC 2026","passed","Mon Jul 13 18:14:16 UTC 2026","","","",""
"Test cases for Test_filterAndFormatSearchResults_filterEnvironments_domainSIDFail","0","Test_filterAndFormatSearchResults_filterEnvironments_domainSIDFail","","Mon Jul 13 18:06:53 UTC 2026","passed","Mon Jul 13 18:06:53 UTC 2026","","Go Test","github.com/specterops/bloodhound/cmd/api/src/api/v2/Test_filterAndFormatSearchResults_filterEnvironments_domainSIDFail","Test_filterAndFormatSearchResults_filterEnvironments_domainSIDFail"
"Test cases for TestAnalysisStepsJSON","10","TestAnalysisStepsJSON","","Mon Jul 13 18:06:58 UTC 2026","passed","Mon Jul 13 18:06:58 UTC 2026","","Go Test","github.com/specterops/bloodhound/cmd/api/src/model/TestAnalysisStepsJSON","TestAnalysisStepsJSON"
"Test cases for TestUpload_WriteAndValidateFile","4","TestUpload_WriteAndValidateFile","","Mon Jul 13 18:07:07 UTC 2026","passed","Mon Jul 13 18:07:07 UTC 2026","","Go Test","github.com/specterops/bloodhound/cmd/api/src/services/upload/TestUpload_WriteAndValidateFile","TestUpload_WriteAndValidateFile"
"","47","renders a button","CreateMenu","Mon Jul 13 18:10:06 UTC 2026","passed","Mon Jul 13 18:10:06 UTC 2026","","oidc_support feature flag disabled","",""
"","73","invalidates the extensions query key when upload succeeds","useSchemaUploadHandlers","Mon Jul 13 18:13:06 UTC 2026","passed","Mon Jul 13 18:13:06 UTC 2026","","","",""
"Test cases for Test_filterAndFormatSearchResults_filterEnvironments_tenantIDFail","0","Test_filterAndFormatSearchResults_filterEnvironments_tenantIDFail","","Mon Jul 13 18:06:53 UTC 2026","passed","Mon Jul 13 18:06:53 UTC 2026","","Go Test","github.com/specterops/bloodhound/cmd/api/src/api/v2/Test_filterAndFormatSearchResults_filterEnvironments_tenantIDFail","Test_filterAndFormatSearchResults_filterEnvironments_tenantIDFail"
"Test cases for TestManagementResource_ListRoles_DBError","0","TestManagementResource_ListRoles_DBError","","Mon Jul 13 18:07:00 UTC 2026","passed","Mon Jul 13 18:07:00 UTC 2026","","Go Test","github.com/specterops/bloodhound/cmd/api/src/api/v2/auth/TestManagementResource_ListRoles_DBError","TestManagementResource_ListRoles_DBError"
"Test cases for TestResources_CreateAssetGroupTagSelector","3","TestResources_CreateAssetGroupTagSelector","","Mon Jul 13 18:06:53 UTC 2026","passed","Mon Jul 13 18:06:53 UTC 2026","","Go Test","github.com/specterops/bloodhound/cmd/api/src/api/v2/TestResources_CreateAssetGroupTagSelector","TestResources_CreateAssetGroupTagSelector"
"","19","the ID value reflects the URL when it is available","usePZQueryParams","Mon Jul 13 18:11:23 UTC 2026","passed","Mon Jul 13 18:11:23 UTC 2026","","","",""
"","228","calls setExploreParams with searchType and relationshipQueryItemId when selecting a composition accordion","EdgeInfoContent","Mon Jul 13 18:08:18 UTC 2026","passed","Mon Jul 13 18:08:18 UTC 2026","","EdgeInfoContent support for Deep Linking","",""
"Test cases for TestOrphanFileSweeper_ClearLegacyLocalIngestFilesRemovesOrphanDirectoriesIfOld","14","TestOrphanFileSweeper_ClearLegacyLocalIngestFilesRemovesOrphanDirectoriesIfOld","","Mon Jul 13 18:06:55 UTC 2026","passed","Mon Jul 13 18:06:55 UTC 2026","","Go Test","github.com/specterops/bloodhound/cmd/api/src/daemons/datapipe/TestOrphanFileSweeper_ClearLegacyLocalIngestFilesRemovesOrphanDirectoriesIfOld","TestOrphanFileSweeper_ClearLegacyLocalIngestFilesRemovesOrphanDirectoriesIfOld"
"","736","should call onSubmit when input is valid and Submit button is clicked","UpsertSAMLProviderForm","Mon Jul 13 18:12:09 UTC 2026","passed","Mon Jul 13 18:12:10 UTC 2026","","","",""
"","36","renders the title passed via title prop","ColumnHeaders","Mon Jul 13 18:10:59 UTC 2026","passed","Mon Jul 13 18:10:59 UTC 2026","","SortableHeader","",""
"Test cases for TestParseUserIP_XForwardedFor_RemoteAddr","0","TestParseUserIP_XForwardedFor_RemoteAddr","","Mon Jul 13 18:06:45 UTC 2026","passed","Mon Jul 13 18:06:45 UTC 2026","","Go Test","github.com/specterops/bloodhound/cmd/api/src/api/middleware/TestParseUserIP_XForwardedFor_RemoteAddr","TestParseUserIP_XForwardedFor_RemoteAddr"
"","68","displays a status indicator","StatusIndicator","Mon Jul 13 18:13:10 UTC 2026","passed","Mon Jul 13 18:13:10 UTC 2026","","","",""
"","820","renders a button and a menu","CreateMenu","Mon Jul 13 18:10:05 UTC 2026","passed","Mon Jul 13 18:10:06 UTC 2026","","oidc_support feature flag enabled","",""
"","336","calls onChangePinnedColumns with DEFAULT_PINNED_COLUMN_KEYS when ""Reset Default"" is clicked","ManageColumnsComboBox","Mon Jul 13 18:09:56 UTC 2026","passed","Mon Jul 13 18:09:56 UTC 2026","","","",""
"","412","has date range input filters","FileIngestFilterDialog","Mon Jul 13 18:09:35 UTC 2026","passed","Mon Jul 13 18:09:35 UTC 2026","","Date Range Inputs","",""
"Test cases for TestManagementResource_GetSelf","0","TestManagementResource_GetSelf","","Mon Jul 13 18:07:15 UTC 2026","passed","Mon Jul 13 18:07:15 UTC 2026","","Go Test","github.com/specterops/bloodhound/cmd/api/src/api/v2/auth/TestManagementResource_GetSelf","TestManagementResource_GetSelf"
"Test cases for TestMarshalBool","0","TestMarshalBool","","Mon Jul 13 18:06:57 UTC 2026","passed","Mon Jul 13 18:06:57 UTC 2026","","Go Test","github.com/specterops/bloodhound/cmd/api/src/database/types/null/TestMarshalBool","TestMarshalBool"
"","71","returns true when nodes are available","useGraphHasData","Mon Jul 13 18:12:44 UTC 2026","passed","Mon Jul 13 18:12:44 UTC 2026","","","",""
"","1778","when user performs a pathfinding search, the selection for the start node is carried over to the `search` tab","ExploreSearch interaction","Mon Jul 13 18:13:58 UTC 2026","passed","Mon Jul 13 18:14:00 UTC 2026","","","",""
"","10","does not return when label limit is not reached","useTagLimits","Mon Jul 13 18:08:34 UTC 2026","passed","Mon Jul 13 18:08:34 UTC 2026","","","",""
"Test cases for Test_filterAndFormatSearchResults_includeOpenGraphNodes","0","Test_filterAndFormatSearchResults_includeOpenGraphNodes","","Mon Jul 13 18:06:53 UTC 2026","passed","Mon Jul 13 18:06:53 UTC 2026","","Go Test","github.com/specterops/bloodhound/cmd/api/src/api/v2/Test_filterAndFormatSearchResults_includeOpenGraphNodes","Test_filterAndFormatSearchResults_includeOpenGraphNodes"
"Test cases for TestCreateAssetGroupRequest_AuditData","0","TestCreateAssetGroupRequest_AuditData","","Mon Jul 13 18:06:53 UTC 2026","passed","Mon Jul 13 18:06:53 UTC 2026","","Go Test","github.com/specterops/bloodhound/cmd/api/src/api/v2/TestCreateAssetGroupRequest_AuditData","TestCreateAssetGroupRequest_AuditData"
"","1","prevents MouseCoords events","preventAllDefaults","Mon Jul 13 18:14:34 UTC 2026","passed","Mon Jul 13 18:14:34 UTC 2026","","","",""
"","189","does not show ""<10 Days to Expire"" warning when token expires in more than 10 days","UserTokenManagementDialog - API Expiration Date column","Mon Jul 13 18:09:46 UTC 2026","passed","Mon Jul 13 18:09:46 UTC 2026","","","",""
"","1","reports a Cypher-specific error when ruleType is SeedTypeCypher and seeds are required","handleError","Mon Jul 13 18:09:28 UTC 2026","passed","Mon Jul 13 18:09:28 UTC 2026","","","",""
"Test cases for Test_runMaybeCachedEntityQuery","3","Test_runMaybeCachedEntityQuery","","Mon Jul 13 18:07:00 UTC 2026","passed","Mon Jul 13 18:07:00 UTC 2026","","Go Test","github.com/specterops/bloodhound/cmd/api/src/queries/Test_runMaybeCachedEntityQuery","Test_runMaybeCachedEntityQuery"
"","11","when user does not have a disallowed role for a route with disallowed roles, they see the normal page","AuthenticatedRoute","Mon Jul 13 18:14:12 UTC 2026","passed","Mon Jul 13 18:14:12 UTC 2026","","","",""
"Test cases for TestManagementResource_UpdateUser_IDMalformed","1264","TestManagementResource_UpdateUser_IDMalformed","","Mon Jul 13 18:07:07 UTC 2026","passed","Mon Jul 13 18:07:08 UTC 2026","","Go Test","github.com/specterops/bloodhound/cmd/api/src/api/v2/auth/TestManagementResource_UpdateUser_IDMalformed","TestManagementResource_UpdateUser_IDMalformed"
"","0","takes setSearchParams and availableParams returns a function","searchParams","Mon Jul 13 18:11:47 UTC 2026","passed","Mon Jul 13 18:11:47 UTC 2026","","setParamsFactory","",""
"Test cases for TestManagementResource_ListUsers_SortingError","0","TestManagementResource_ListUsers_SortingError","","Mon Jul 13 18:07:00 UTC 2026","passed","Mon Jul 13 18:07:00 UTC 2026","","Go Test","github.com/specterops/bloodhound/cmd/api/src/api/v2/auth/TestManagementResource_ListUsers_SortingError","TestManagementResource_ListUsers_SortingError"
"Test cases for TestManagementResource_DeleteUser_GetUserError","0","TestManagementResource_DeleteUser_GetUserError","","Mon Jul 13 18:07:16 UTC 2026","passed","Mon Jul 13 18:07:16 UTC 2026","","Go Test","github.com/specterops/bloodhound/cmd/api/src/api/v2/auth/TestManagementResource_DeleteUser_GetUserError","TestManagementResource_DeleteUser_GetUserError"
"","0","EXTENDED ROUNDING when thresholds are set: returns a comma separated number when provided with a number > 999","numberFormatting","Mon Jul 13 18:11:02 UTC 2026","passed","Mon Jul 13 18:11:02 UTC 2026","","","",""
"","13","calls the provided notification method","handleError","Mon Jul 13 18:09:28 UTC 2026","passed","Mon Jul 13 18:09:28 UTC 2026","","","",""
"","0","handles empty search string","filterAndSearchEnvironments","Mon Jul 13 18:08:12 UTC 2026","passed","Mon Jul 13 18:08:12 UTC 2026","","search filter","",""
"Test cases for TestMarshalInt64Text","0","TestMarshalInt64Text","","Mon Jul 13 18:06:57 UTC 2026","passed","Mon Jul 13 18:06:57 UTC 2026","","Go Test","github.com/specterops/bloodhound/cmd/api/src/database/types/null/TestMarshalInt64Text","TestMarshalInt64Text"
"","1177","a cypher search 404 does not render the GraphViewErrorAlert","GraphView","Mon Jul 13 18:13:46 UTC 2026","passed","Mon Jul 13 18:13:47 UTC 2026","","","",""
"Test cases for TestQueryParameterFilterParser_ParseQueryParameterFilter","0","TestQueryParameterFilterParser_ParseQueryParameterFilter","","Mon Jul 13 18:06:58 UTC 2026","passed","Mon Jul 13 18:06:58 UTC 2026","","Go Test","github.com/specterops/bloodhound/cmd/api/src/model/TestQueryParameterFilterParser_ParseQueryParameterFilter","TestQueryParameterFilterParser_ParseQueryParameterFilter"
"Test cases for TestBoolPointer","0","TestBoolPointer","","Mon Jul 13 18:06:57 UTC 2026","passed","Mon Jul 13 18:06:57 UTC 2026","","Go Test","github.com/specterops/bloodhound/cmd/api/src/database/types/null/TestBoolPointer","TestBoolPointer"
"Test cases for TestResources_GetSavedQuery","9","TestResources_GetSavedQuery","","Mon Jul 13 18:06:53 UTC 2026","passed","Mon Jul 13 18:06:53 UTC 2026","","Go Test","github.com/specterops/bloodhound/cmd/api/src/api/v2/TestResources_GetSavedQuery","TestResources_GetSavedQuery"
"Test cases for TestStorageFileService_ReadFile","74","TestStorageFileService_ReadFile","","Mon Jul 13 18:07:45 UTC 2026","passed","Mon Jul 13 18:07:45 UTC 2026","","Go Test","github.com/specterops/bloodhound/packages/go/storage/TestStorageFileService_ReadFile","TestStorageFileService_ReadFile"
"","0","returns false if arrays have different elements","areArraysSimilar","Mon Jul 13 18:12:55 UTC 2026","passed","Mon Jul 13 18:12:55 UTC 2026","","","",""
"","1416","does not show a warning for using labels associated with tags in label forms (also shows correct View in Explore link)","Rule Form","Mon Jul 13 18:08:04 UTC 2026","passed","Mon Jul 13 18:08:05 UTC 2026","","","",""
"","113","displays the value from filterParams.node_type","AssetGroupEdit","Mon Jul 13 18:10:04 UTC 2026","passed","Mon Jul 13 18:10:05 UTC 2026","","Node Type dropdown filter","",""
"Test cases for TestResources_ListSourceKinds","73","TestResources_ListSourceKinds","","Mon Jul 13 18:06:53 UTC 2026","passed","Mon Jul 13 18:06:53 UTC 2026","","Go Test","github.com/specterops/bloodhound/cmd/api/src/api/v2/TestResources_ListSourceKinds","TestResources_ListSourceKinds"
"","580","renders the form for creating a new rule","Rule Form","Mon Jul 13 18:07:57 UTC 2026","passed","Mon Jul 13 18:07:57 UTC 2026","","","",""
"","2174","does not show the ""Disable MFA"" context menu option for users without MFA enabled","Users","Mon Jul 13 18:09:35 UTC 2026","passed","Mon Jul 13 18:09:38 UTC 2026","","","",""
"","1","filters by name search (case insensitive)","filterAndSearchEnvironments","Mon Jul 13 18:08:12 UTC 2026","passed","Mon Jul 13 18:08:12 UTC 2026","","search filter","",""
"","12","upon performing a search, updates the url params with the base64-encoded current query and sets searchType to 'cypher'","useCypherSearch","Mon Jul 13 18:12:49 UTC 2026","passed","Mon Jul 13 18:12:49 UTC 2026","","","",""
"","2215","should clear out the sso provider id from submission data when the authentication method is changed","UpdateUserDialog","Mon Jul 13 18:09:07 UTC 2026","passed","Mon Jul 13 18:09:09 UTC 2026","","","",""
"","2277","should add an option and display the changelog when it is clicked","AssetGroupEdit","Mon Jul 13 18:11:30 UTC 2026","passed","Mon Jul 13 18:11:32 UTC 2026","","","",""
"Test cases for TestMaybeSubmitNodeUpdate","0","TestMaybeSubmitNodeUpdate","","Mon Jul 13 18:07:03 UTC 2026","passed","Mon Jul 13 18:07:03 UTC 2026","","Go Test","github.com/specterops/bloodhound/cmd/api/src/services/graphify/TestMaybeSubmitNodeUpdate","TestMaybeSubmitNodeUpdate"
"Test cases for TestParseIntQueryParameter","80","TestParseIntQueryParameter","","Mon Jul 13 18:06:53 UTC 2026","passed","Mon Jul 13 18:06:53 UTC 2026","","Go Test","github.com/specterops/bloodhound/cmd/api/src/api/v2/TestParseIntQueryParameter","TestParseIntQueryParameter"
"","37","displays lastlogon cell as UNKNOWN when the value is 0","ExploreTableDataCell","Mon Jul 13 18:12:35 UTC 2026","passed","Mon Jul 13 18:12:35 UTC 2026","","","",""
"Test cases for TestResources_CreateSavedQuery_EmptyBody","0","TestResources_CreateSavedQuery_EmptyBody","","Mon Jul 13 18:06:53 UTC 2026","passed","Mon Jul 13 18:06:53 UTC 2026","","Go Test","github.com/specterops/bloodhound/cmd/api/src/api/v2/TestResources_CreateSavedQuery_EmptyBody","TestResources_CreateSavedQuery_EmptyBody"
"","12","when password is not expired no redirect occurs","AuthenticatedRoute","Mon Jul 13 18:14:12 UTC 2026","passed","Mon Jul 13 18:14:12 UTC 2026","","","",""
"","80","allows a consumer to swap the values of the two inputs and update the query params accordingly","usePathfindingSearch","Mon Jul 13 18:10:39 UTC 2026","passed","Mon Jul 13 18:10:39 UTC 2026","","","",""
"","86","renders count for a selected zone if prop is set","DynamicDetails","Mon Jul 13 18:10:24 UTC 2026","passed","Mon Jul 13 18:10:24 UTC 2026","","","",""
"","1","handles percent values by multiplying by 100, truncating to an integer, and adding a ""%"" to the end","Formatting number properties","Mon Jul 13 18:10:00 UTC 2026","passed","Mon Jul 13 18:10:00 UTC 2026","","","",""
"","8","re-announces the same message by incrementing the span key","AnnouncementProvider","Mon Jul 13 18:11:06 UTC 2026","passed","Mon Jul 13 18:11:06 UTC 2026","","","",""
"","1099","calls the passed in cancel handler when clicking the Cancel button","Glyph Select Dialog","Mon Jul 13 18:12:53 UTC 2026","passed","Mon Jul 13 18:12:54 UTC 2026","","","",""
"","415","should not call onSave when Save button is clicked and form input is invalid","UpdateUserDialog","Mon Jul 13 18:09:02 UTC 2026","passed","Mon Jul 13 18:09:02 UTC 2026","","","",""
"Test cases for TestParseOptionalBoolEmptyValue","0","TestParseOptionalBoolEmptyValue","","Mon Jul 13 18:06:40 UTC 2026","passed","Mon Jul 13 18:06:40 UTC 2026","","Go Test","github.com/specterops/bloodhound/cmd/api/src/api/TestParseOptionalBoolEmptyValue","TestParseOptionalBoolEmptyValue"
"","313","displays no search results message when search yields no matches","ActiveExtensionsCard","Mon Jul 13 18:08:15 UTC 2026","passed","Mon Jul 13 18:08:15 UTC 2026","","","",""
"","116","enables returning a list of tags","the useAssetGroupTags utilities","Mon Jul 13 18:09:49 UTC 2026","passed","Mon Jul 13 18:09:49 UTC 2026","","","",""
"","316","does fires TagToLabelDialog when the Label option is clicked","TagToZoneLabel","Mon Jul 13 18:08:08 UTC 2026","passed","Mon Jul 13 18:08:08 UTC 2026","","","",""
"","13","sets autoDisplayTable to false if query type is node","useExploreTableAutoDisplay","Mon Jul 13 18:12:07 UTC 2026","passed","Mon Jul 13 18:12:07 UTC 2026","","","",""
"","13","sets autoDisplayTable to false if query type is composition","useExploreTableAutoDisplay","Mon Jul 13 18:12:07 UTC 2026","passed","Mon Jul 13 18:12:07 UTC 2026","","","",""
"Test cases for TestManagementResource_ListUsers_PredicateMismatchWithColumn","0","TestManagementResource_ListUsers_PredicateMismatchWithColumn","","Mon Jul 13 18:07:00 UTC 2026","passed","Mon Jul 13 18:07:00 UTC 2026","","Go Test","github.com/specterops/bloodhound/cmd/api/src/api/v2/auth/TestManagementResource_ListUsers_PredicateMismatchWithColumn","TestManagementResource_ListUsers_PredicateMismatchWithColumn"
"","210","invokes handleFilterChange with eq:true when clicked and custom_member filter is off","AssetGroupEdit","Mon Jul 13 18:10:06 UTC 2026","passed","Mon Jul 13 18:10:06 UTC 2026","","Custom Member checkbox filter","",""
"Test cases for TestResources_GetIssuancePolicyEntityInfo","232","TestResources_GetIssuancePolicyEntityInfo","","Mon Jul 13 18:06:53 UTC 2026","passed","Mon Jul 13 18:06:53 UTC 2026","","Go Test","github.com/specterops/bloodhound/cmd/api/src/api/v2/TestResources_GetIssuancePolicyEntityInfo","TestResources_GetIssuancePolicyEntityInfo"
"Test cases for TestGetDataQualityStats_Success","0","TestGetDataQualityStats_Success","","Mon Jul 13 18:06:53 UTC 2026","passed","Mon Jul 13 18:06:53 UTC 2026","","Go Test","github.com/specterops/bloodhound/cmd/api/src/api/v2/TestGetDataQualityStats_Success","TestGetDataQualityStats_Success"
"","1","returns true when the highlighted item is an edge in the graph","SigmaChart Utils","Mon Jul 13 18:14:14 UTC 2026","passed","Mon Jul 13 18:14:14 UTC 2026","","getIsHighlightedItemInGraph","",""
"Test cases for TestNewFileService","2","TestNewFileService","","Mon Jul 13 18:07:45 UTC 2026","passed","Mon Jul 13 18:07:45 UTC 2026","","Go Test","github.com/specterops/bloodhound/packages/go/storage/TestNewFileService","TestNewFileService"
"","1080","opens a submenu when user hovers over `Copy`","ContextMenu","Mon Jul 13 18:14:05 UTC 2026","passed","Mon Jul 13 18:14:06 UTC 2026","","","",""
"Test cases for TestLoginResource_Logout","21","TestLoginResource_Logout","","Mon Jul 13 18:07:40 UTC 2026","passed","Mon Jul 13 18:07:40 UTC 2026","","Go Test","github.com/specterops/bloodhound/cmd/api/src/api/v2/auth/TestLoginResource_Logout","TestLoginResource_Logout"
"","303","should display a searchbox with a placeholder when rendered","AssetGroupEdit","Mon Jul 13 18:11:27 UTC 2026","passed","Mon Jul 13 18:11:28 UTC 2026","","","",""
"","457","renders no asset group edit options without graph write permissions","ContextMenu","Mon Jul 13 18:09:48 UTC 2026","passed","Mon Jul 13 18:09:48 UTC 2026","","","",""
"","0","returns the distance between two coordinates","getDistanceBetween","Mon Jul 13 18:14:29 UTC 2026","passed","Mon Jul 13 18:14:29 UTC 2026","","","",""
"","1","EXTENDED ROUNDING when thresholds are set: abbreviates hundred-thousands, millions, billions, trillions as expected","numberFormatting","Mon Jul 13 18:11:02 UTC 2026","passed","Mon Jul 13 18:11:02 UTC 2026","","","",""
"Test cases for TestResources_OpenGraphSchemaIngest","4","TestResources_OpenGraphSchemaIngest","","Mon Jul 13 18:06:53 UTC 2026","passed","Mon Jul 13 18:06:53 UTC 2026","","Go Test","github.com/specterops/bloodhound/cmd/api/src/api/v2/TestResources_OpenGraphSchemaIngest","TestResources_OpenGraphSchemaIngest"
"","406","displays a completion of 100% and adds a ""Close"" button that closes the dialog after a successful upload","SchemaUploadDialog","Mon Jul 13 18:09:24 UTC 2026","passed","Mon Jul 13 18:09:25 UTC 2026","","","",""
"","1","should recognize a common properties","validating a node property against the shared generated schema","Mon Jul 13 18:10:00 UTC 2026","passed","Mon Jul 13 18:10:00 UTC 2026","","","",""
"Test cases for TestSetValue","0","TestSetValue","","Mon Jul 13 18:06:54 UTC 2026","passed","Mon Jul 13 18:06:54 UTC 2026","","Go Test","github.com/specterops/bloodhound/cmd/api/src/config/TestSetValue","TestSetValue"
"","77","should render a label and version number when expanded","MainNav","Mon Jul 13 18:10:24 UTC 2026","passed","Mon Jul 13 18:10:24 UTC 2026","","","",""
"Test cases for TestService","0","TestService","","Mon Jul 13 18:07:02 UTC 2026","passed","Mon Jul 13 18:07:02 UTC 2026","","Go Test","github.com/specterops/bloodhound/cmd/api/src/services/dogtags/TestService","TestService"
"Test cases for TestGormLogAdapter_Info","0","TestGormLogAdapter_Info","","Mon Jul 13 18:06:57 UTC 2026","passed","Mon Jul 13 18:06:57 UTC 2026","","Go Test","github.com/specterops/bloodhound/cmd/api/src/database/TestGormLogAdapter_Info","TestGormLogAdapter_Info"
"","10","returns the remaining amount of labels available for creation","useTagLimits","Mon Jul 13 18:08:34 UTC 2026","passed","Mon Jul 13 18:08:34 UTC 2026","","","",""
"","71","applies the given filters","useFinishedJobs","Mon Jul 13 18:10:35 UTC 2026","passed","Mon Jul 13 18:10:35 UTC 2026","","","",""
"","427","displays an error when unable to fetch data","EarlyAccessFeatures","Mon Jul 13 18:14:14 UTC 2026","passed","Mon Jul 13 18:14:14 UTC 2026","","","",""
"Test cases for TestNewAuditLog_BadAuthContext","0","TestNewAuditLog_BadAuthContext","","Mon Jul 13 18:06:57 UTC 2026","passed","Mon Jul 13 18:06:57 UTC 2026","","Go Test","github.com/specterops/bloodhound/cmd/api/src/database/TestNewAuditLog_BadAuthContext","TestNewAuditLog_BadAuthContext"
"","71","renders note header correctly","HistoryNotes Component","Mon Jul 13 18:13:00 UTC 2026","passed","Mon Jul 13 18:13:00 UTC 2026","","","",""
"Test cases for TestWriteError","0","TestWriteError","","Mon Jul 13 18:07:28 UTC 2026","passed","Mon Jul 13 18:07:28 UTC 2026","","Go Test","github.com/specterops/bloodhound/packages/go/responses/TestWriteError","TestWriteError"
"Test cases for TestContextMiddleware","0","TestContextMiddleware","","Mon Jul 13 18:06:45 UTC 2026","passed","Mon Jul 13 18:06:45 UTC 2026","","Go Test","github.com/specterops/bloodhound/cmd/api/src/api/middleware/TestContextMiddleware","TestContextMiddleware"
"Test cases for TestAnalysisStepsScan","11","TestAnalysisStepsScan","","Mon Jul 13 18:06:58 UTC 2026","passed","Mon Jul 13 18:06:58 UTC 2026","","Go Test","github.com/specterops/bloodhound/cmd/api/src/model/TestAnalysisStepsScan","TestAnalysisStepsScan"
"","16","should render when search string at the end of the text","HighlightedText","Mon Jul 13 18:12:31 UTC 2026","passed","Mon Jul 13 18:12:31 UTC 2026","","","",""
"Test cases for TestRewriter_Enter_ADAttackPathsShortcut_ReplacesKinds","0","TestRewriter_Enter_ADAttackPathsShortcut_ReplacesKinds","","Mon Jul 13 18:07:00 UTC 2026","passed","Mon Jul 13 18:07:00 UTC 2026","","Go Test","github.com/specterops/bloodhound/cmd/api/src/queries/TestRewriter_Enter_ADAttackPathsShortcut_ReplacesKinds","TestRewriter_Enter_ADAttackPathsShortcut_ReplacesKinds"
"","20","does not show View in Explore if exploreUrl is not supplied","Seed Selection Results","Mon Jul 13 18:09:50 UTC 2026","passed","Mon Jul 13 18:09:50 UTC 2026","","","",""
"Test cases for TestBoolSetValid","0","TestBoolSetValid","","Mon Jul 13 18:06:57 UTC 2026","passed","Mon Jul 13 18:06:57 UTC 2026","","Go Test","github.com/specterops/bloodhound/cmd/api/src/database/types/null/TestBoolSetValid","TestBoolSetValid"
"","0","The data is fetching","Getting the text for the disabled item display for a search when there are no results","Mon Jul 13 18:12:17 UTC 2026","passed","Mon Jul 13 18:12:17 UTC 2026","","Loading states","",""
"","11","does not request finished jobs if lacking permission","useFinishedJobs","Mon Jul 13 18:10:35 UTC 2026","passed","Mon Jul 13 18:10:35 UTC 2026","","","",""
"Test cases for TestIntSetValid","0","TestIntSetValid","","Mon Jul 13 18:06:57 UTC 2026","passed","Mon Jul 13 18:06:57 UTC 2026","","Go Test","github.com/specterops/bloodhound/cmd/api/src/database/types/null/TestIntSetValid","TestIntSetValid"
"","259","displays expected results when searching by label","SearchCurrentNodes","Mon Jul 13 18:11:18 UTC 2026","passed","Mon Jul 13 18:11:19 UTC 2026","","","",""
"","421","navigates to rule details when clicking a rule row","RulesAccordion","Mon Jul 13 18:11:13 UTC 2026","passed","Mon Jul 13 18:11:13 UTC 2026","","","",""
"","1","lastlogon, lastlogontimestamp","Handling value formatting for Active Directory entity properties lastlogon, lastlogontimestamp, whencreated, and pwdlastset","Mon Jul 13 18:10:00 UTC 2026","passed","Mon Jul 13 18:10:00 UTC 2026","","","",""
"Test cases for TestManagementResource_ServeMetadata","18","TestManagementResource_ServeMetadata","","Mon Jul 13 18:07:40 UTC 2026","passed","Mon Jul 13 18:07:40 UTC 2026","","Go Test","github.com/specterops/bloodhound/cmd/api/src/api/v2/auth/TestManagementResource_ServeMetadata","TestManagementResource_ServeMetadata"
"","0","leaves double quotes untouched","escapeCypherString","Mon Jul 13 18:13:12 UTC 2026","passed","Mon Jul 13 18:13:12 UTC 2026","","","",""
"Test cases for TestBuildGDBNodeFilter","0","TestBuildGDBNodeFilter","","Mon Jul 13 18:06:58 UTC 2026","passed","Mon Jul 13 18:06:58 UTC 2026","","Go Test","github.com/specterops/bloodhound/cmd/api/src/model/TestBuildGDBNodeFilter","TestBuildGDBNodeFilter"
"Test cases for TestRewriter_Enter_AllAttackPathsShortcut_ReplacesKinds","0","TestRewriter_Enter_AllAttackPathsShortcut_ReplacesKinds","","Mon Jul 13 18:07:00 UTC 2026","passed","Mon Jul 13 18:07:00 UTC 2026","","Go Test","github.com/specterops/bloodhound/cmd/api/src/queries/TestRewriter_Enter_AllAttackPathsShortcut_ReplacesKinds","TestRewriter_Enter_AllAttackPathsShortcut_ReplacesKinds"
"Test cases for TestKeyEncoder_Key_VaryingInputs","1","TestKeyEncoder_Key_VaryingInputs","","Mon Jul 13 18:07:23 UTC 2026","passed","Mon Jul 13 18:07:23 UTC 2026","","Go Test","github.com/specterops/bloodhound/packages/go/analysis/post/TestKeyEncoder_Key_VaryingInputs","TestKeyEncoder_Key_VaryingInputs"
"","228","fires runQuery in context provider","ListItemActionMenu","Mon Jul 13 18:11:47 UTC 2026","passed","Mon Jul 13 18:11:48 UTC 2026","","","",""
"","12","should render a Field when the provided value is 0","Field","Mon Jul 13 18:12:42 UTC 2026","passed","Mon Jul 13 18:12:42 UTC 2026","","","",""
"","949","clears input when dialog is closed and reopened","ActiveExtensionsCard","Mon Jul 13 18:08:18 UTC 2026","passed","Mon Jul 13 18:08:18 UTC 2026","","","",""
"Test cases for TestParsePreferHeaderWait","0","TestParsePreferHeaderWait","","Mon Jul 13 18:06:45 UTC 2026","passed","Mon Jul 13 18:06:45 UTC 2026","","Go Test","github.com/specterops/bloodhound/cmd/api/src/api/middleware/TestParsePreferHeaderWait","TestParsePreferHeaderWait"
"","55","Gets focus on keyboard shortcut","SearchBar","Mon Jul 13 18:13:06 UTC 2026","passed","Mon Jul 13 18:13:06 UTC 2026","","","",""
"","10","shows items when the flag is enabled","useSubNavRoutes","Mon Jul 13 18:10:42 UTC 2026","passed","Mon Jul 13 18:10:42 UTC 2026","","featureFlag gate","",""
"","154","does not make feature-flag request if user is not fully authenticated","app","Mon Jul 13 18:14:21 UTC 2026","passed","Mon Jul 13 18:14:21 UTC 2026","","<Inner />","",""
"Test cases for TestRewriter_Enter_UpdatingClauseSetsHasMutation","0","TestRewriter_Enter_UpdatingClauseSetsHasMutation","","Mon Jul 13 18:07:00 UTC 2026","passed","Mon Jul 13 18:07:00 UTC 2026","","Go Test","github.com/specterops/bloodhound/cmd/api/src/queries/TestRewriter_Enter_UpdatingClauseSetsHasMutation","TestRewriter_Enter_UpdatingClauseSetsHasMutation"
"","129","renders details for a selected zone","DynamicDetails","Mon Jul 13 18:10:24 UTC 2026","passed","Mon Jul 13 18:10:24 UTC 2026","","","",""
"Test cases for TestResources_ListCAPKIHierarchy","0","TestResources_ListCAPKIHierarchy","","Mon Jul 13 18:06:53 UTC 2026","passed","Mon Jul 13 18:06:53 UTC 2026","","Go Test","github.com/specterops/bloodhound/cmd/api/src/api/v2/TestResources_ListCAPKIHierarchy","TestResources_ListCAPKIHierarchy"
"Test cases for TestResources_ListADOUContainedComputers","0","TestResources_ListADOUContainedComputers","","Mon Jul 13 18:06:53 UTC 2026","passed","Mon Jul 13 18:06:53 UTC 2026","","Go Test","github.com/specterops/bloodhound/cmd/api/src/api/v2/TestResources_ListADOUContainedComputers","TestResources_ListADOUContainedComputers"
"","78","does not render the analysis toggle when multi tier analysis enabled is false","Tag Form","Mon Jul 13 18:07:48 UTC 2026","passed","Mon Jul 13 18:07:48 UTC 2026","","","",""
"Test cases for TestRegister_PanicsOnNilRouter","0","TestRegister_PanicsOnNilRouter","","Mon Jul 13 18:07:52 UTC 2026","passed","Mon Jul 13 18:07:52 UTC 2026","","Go Test","github.com/specterops/bloodhound/server/modules/TestRegister_PanicsOnNilRouter","TestRegister_PanicsOnNilRouter"
"Test cases for TestManagementResource_UpdateUser_DuplicateEmailError","0","TestManagementResource_UpdateUser_DuplicateEmailError","","Mon Jul 13 18:07:10 UTC 2026","passed","Mon Jul 13 18:07:10 UTC 2026","","Go Test","github.com/specterops/bloodhound/cmd/api/src/api/v2/auth/TestManagementResource_UpdateUser_DuplicateEmailError","TestManagementResource_UpdateUser_DuplicateEmailError"
"","0","abbreviates numbers larger than 1000 and should not round the tenth place digit","numberFormatting","Mon Jul 13 18:11:02 UTC 2026","passed","Mon Jul 13 18:11:02 UTC 2026","","","",""
"Test cases for TestResources_DeleteExtension","69","TestResources_DeleteExtension","","Mon Jul 13 18:06:53 UTC 2026","passed","Mon Jul 13 18:06:53 UTC 2026","","Go Test","github.com/specterops/bloodhound/cmd/api/src/api/v2/TestResources_DeleteExtension","TestResources_DeleteExtension"
"","8","should not render a Field when the provided value is """"","Field","Mon Jul 13 18:12:42 UTC 2026","passed","Mon Jul 13 18:12:42 UTC 2026","","","",""
"","1","filters by user-provided platform","filterAndSearchEnvironments","Mon Jul 13 18:08:12 UTC 2026","passed","Mon Jul 13 18:08:12 UTC 2026","","platform filters","",""
"","371","enables the create provider button for a user with the admin role","SSOConfiguration","Mon Jul 13 18:09:18 UTC 2026","passed","Mon Jul 13 18:09:18 UTC 2026","","","",""
"","432","renders correctly with requiresCurrentPassword false","PasswordDialog","Mon Jul 13 18:08:28 UTC 2026","passed","Mon Jul 13 18:08:28 UTC 2026","","","",""
"","476","disables checkboxes by default","GraphDataCheckboxes","Mon Jul 13 18:09:12 UTC 2026","passed","Mon Jul 13 18:09:13 UTC 2026","","","",""
"Test cases for TestHandlers_GetRequest","4","TestHandlers_GetRequest","","Mon Jul 13 18:07:47 UTC 2026","passed","Mon Jul 13 18:07:47 UTC 2026","","Go Test","github.com/specterops/bloodhound/server/analysis/internal/handlers/TestHandlers_GetRequest","TestHandlers_GetRequest"
"","0","returns all environments when both ""yes"" and ""no"" filters are active","filterAndSearchEnvironments","Mon Jul 13 18:08:12 UTC 2026","passed","Mon Jul 13 18:08:12 UTC 2026","","collected filters","",""
"","223","sums nested section node counts","EntityInfoDataTable","Mon Jul 13 18:09:37 UTC 2026","passed","Mon Jul 13 18:09:37 UTC 2026","","Node count for nested table that counts all sections","",""
"Test cases for TestArgon2_ParseDigest","0","TestArgon2_ParseDigest","","Mon Jul 13 18:07:24 UTC 2026","passed","Mon Jul 13 18:07:24 UTC 2026","","Go Test","github.com/specterops/bloodhound/packages/go/crypto/TestArgon2_ParseDigest","TestArgon2_ParseDigest"
"","0","handles specific Active Directory properties differently than Azure derived properties","Formatting number properties","Mon Jul 13 18:10:00 UTC 2026","passed","Mon Jul 13 18:10:00 UTC 2026","","","",""
"","0","returns the difference between the node and the position","getNodeOffset","Mon Jul 13 18:14:29 UTC 2026","passed","Mon Jul 13 18:14:29 UTC 2026","","","",""
"","5722","closes explore search tab menu and clears selected item when a cypher query returns multiple nodes","CypherSearch","Mon Jul 13 18:08:45 UTC 2026","passed","Mon Jul 13 18:08:51 UTC 2026","","Minimize explorer page elements when multiple nodes are returned","",""
"Test cases for TestResources_ListADCSEscalations","0","TestResources_ListADCSEscalations","","Mon Jul 13 18:06:53 UTC 2026","passed","Mon Jul 13 18:06:53 UTC 2026","","Go Test","github.com/specterops/bloodhound/cmd/api/src/api/v2/TestResources_ListADCSEscalations","TestResources_ListADCSEscalations"
"","72","populates the source and destination node fields when query params are passed","usePathfindingSearch","Mon Jul 13 18:10:39 UTC 2026","passed","Mon Jul 13 18:10:39 UTC 2026","","","",""
"Test cases for TestRewriter_Enter_CombinedADAndAzureShortcut_PreservesOrder","0","TestRewriter_Enter_CombinedADAndAzureShortcut_PreservesOrder","","Mon Jul 13 18:07:00 UTC 2026","passed","Mon Jul 13 18:07:00 UTC 2026","","Go Test","github.com/specterops/bloodhound/cmd/api/src/queries/TestRewriter_Enter_CombinedADAndAzureShortcut_PreservesOrder","TestRewriter_Enter_CombinedADAndAzureShortcut_PreservesOrder"
"","282","fires click handlers","ConfirmDeleteQueryDialog","Mon Jul 13 18:13:14 UTC 2026","passed","Mon Jul 13 18:13:14 UTC 2026","","","",""
"Test cases for TestResources_PreviewSelectors","0","TestResources_PreviewSelectors","","Mon Jul 13 18:06:53 UTC 2026","passed","Mon Jul 13 18:06:53 UTC 2026","","Go Test","github.com/specterops/bloodhound/cmd/api/src/api/v2/TestResources_PreviewSelectors","TestResources_PreviewSelectors"
"","91","sets autoDisplayTable to false if enabled param is false","useExploreTableAutoDisplay","Mon Jul 13 18:12:06 UTC 2026","passed","Mon Jul 13 18:12:06 UTC 2026","","","",""
"Test cases for TestLocalStore_PathSafety","52","TestLocalStore_PathSafety","","Mon Jul 13 18:07:45 UTC 2026","passed","Mon Jul 13 18:07:45 UTC 2026","","Go Test","github.com/specterops/bloodhound/packages/go/storage/TestLocalStore_PathSafety","TestLocalStore_PathSafety"
"Test cases for Test_setRawValue","0","Test_setRawValue","","Mon Jul 13 18:06:54 UTC 2026","passed","Mon Jul 13 18:06:54 UTC 2026","","Go Test","github.com/specterops/bloodhound/cmd/api/src/config/Test_setRawValue","Test_setRawValue"
"","1","EXTENDED ROUNDING with different thresholds","numberFormatting","Mon Jul 13 18:11:02 UTC 2026","passed","Mon Jul 13 18:11:02 UTC 2026","","","",""
"Test cases for TestParseSkipQueryParameter_BadFormat","0","TestParseSkipQueryParameter_BadFormat","","Mon Jul 13 18:06:53 UTC 2026","passed","Mon Jul 13 18:06:53 UTC 2026","","Go Test","github.com/specterops/bloodhound/cmd/api/src/api/v2/TestParseSkipQueryParameter_BadFormat","TestParseSkipQueryParameter_BadFormat"
"TestRegister_WiresFeatureRoutes verifies that the composition root correctlyattaches the feature module routes to the shared router. Matching arepresentative route from each module proves that Register successfullydelegated to the feature modules.","0","TestRegister_WiresFeatureModuleRoutes","","Mon Jul 13 18:07:52 UTC 2026","passed","Mon Jul 13 18:07:52 UTC 2026","","Go Test","github.com/specterops/bloodhound/server/modules/TestRegister_WiresFeatureModuleRoutes","TestRegister_WiresFeatureModuleRoutes"
"","9","dismisses the ""no permission"" notification on unmount","useFinishedJobs","Mon Jul 13 18:10:35 UTC 2026","passed","Mon Jul 13 18:10:35 UTC 2026","","","",""
"","1","filters by multiple platforms","filterAndSearchEnvironments","Mon Jul 13 18:08:12 UTC 2026","passed","Mon Jul 13 18:08:12 UTC 2026","","platform filters","",""
"","176","updates value when an invalid date typed","ManagedDatePicker - value","Mon Jul 13 18:10:54 UTC 2026","passed","Mon Jul 13 18:10:55 UTC 2026","","","",""
"Test cases for TestHandlers_CreateRequest","3","TestHandlers_CreateRequest","","Mon Jul 13 18:07:47 UTC 2026","passed","Mon Jul 13 18:07:47 UTC 2026","","Go Test","github.com/specterops/bloodhound/server/analysis/internal/handlers/TestHandlers_CreateRequest","TestHandlers_CreateRequest"
"Test cases for TestManagementResource_GetSAMLProvider","28","TestManagementResource_GetSAMLProvider","","Mon Jul 13 18:07:40 UTC 2026","passed","Mon Jul 13 18:07:40 UTC 2026","","Go Test","github.com/specterops/bloodhound/cmd/api/src/api/v2/auth/TestManagementResource_GetSAMLProvider","TestManagementResource_GetSAMLProvider"
"Test cases for TestStore_GetRelationship","1","TestStore_GetRelationship","","Mon Jul 13 18:07:50 UTC 2026","passed","Mon Jul 13 18:07:50 UTC 2026","","Go Test","github.com/specterops/bloodhound/server/graphdb/internal/appdb/TestStore_GetRelationship","TestStore_GetRelationship"
"","1323","when user performs a single node search, the selected node carries over to the `start node` input field on the pathfinding tab","ExploreSearch interaction","Mon Jul 13 18:13:57 UTC 2026","passed","Mon Jul 13 18:13:58 UTC 2026","","","",""
"","137","continue button is disabled when no SSO provider has been selected","LoginViaSSOForm","Mon Jul 13 18:11:39 UTC 2026","passed","Mon Jul 13 18:11:40 UTC 2026","","","",""
"","9","respects the initial sort state parameters passed in","useSortParams","Mon Jul 13 18:11:40 UTC 2026","passed","Mon Jul 13 18:11:40 UTC 2026","","","",""
"","947","shows tooltip text on hover","ColumnHeaders","Mon Jul 13 18:10:59 UTC 2026","passed","Mon Jul 13 18:11:00 UTC 2026","","SortableHeader with Tooltip","",""
"","96","renders the title as a visible h1 heading","PageWithTitle","Mon Jul 13 18:13:18 UTC 2026","passed","Mon Jul 13 18:13:18 UTC 2026","","","",""
"","1198","shows indeterminate states when some graph data is selected","GraphDataCheckboxes","Mon Jul 13 18:09:13 UTC 2026","passed","Mon Jul 13 18:09:14 UTC 2026","","","",""
"Test cases for TestStorageFileService_DeleteFile","2","TestStorageFileService_DeleteFile","","Mon Jul 13 18:07:45 UTC 2026","passed","Mon Jul 13 18:07:45 UTC 2026","","Go Test","github.com/specterops/bloodhound/packages/go/storage/TestStorageFileService_DeleteFile","TestStorageFileService_DeleteFile"
"Test cases for TestResources_ListKinds","74","TestResources_ListKinds","","Mon Jul 13 18:06:53 UTC 2026","passed","Mon Jul 13 18:06:53 UTC 2026","","Go Test","github.com/specterops/bloodhound/cmd/api/src/api/v2/TestResources_ListKinds","TestResources_ListKinds"
"Test cases for TestIngestionCoordinator_FlushBuffer","1","TestIngestionCoordinator_FlushBuffer","","Mon Jul 13 18:06:55 UTC 2026","passed","Mon Jul 13 18:06:55 UTC 2026","","Go Test","github.com/specterops/bloodhound/cmd/api/src/daemons/changelog/TestIngestionCoordinator_FlushBuffer","TestIngestionCoordinator_FlushBuffer"
"","1306","filling in the name value allows updating the rule and navigates back to the details page","Rule Form","Mon Jul 13 18:08:01 UTC 2026","passed","Mon Jul 13 18:08:02 UTC 2026","","","",""
"","36","should highlight main nav route when navigating to child route","Main Nav Route Highlighting","Mon Jul 13 18:10:24 UTC 2026","passed","Mon Jul 13 18:10:24 UTC 2026","","","",""
"","342","should disable Cancel and Save buttons while isLoading is true","CreateUserDialog","Mon Jul 13 18:08:43 UTC 2026","passed","Mon Jul 13 18:08:44 UTC 2026","","","",""
"","313","handles creating a new zone","Tag Form","Mon Jul 13 18:07:49 UTC 2026","passed","Mon Jul 13 18:07:49 UTC 2026","","","",""
"","67","enables pulling an ordered list of tags by position ascending","the useAssetGroupTags utilities","Mon Jul 13 18:09:49 UTC 2026","passed","Mon Jul 13 18:09:49 UTC 2026","","","",""
"","8","should return true when value matches term","compareTerm","Mon Jul 13 18:12:18 UTC 2026","passed","Mon Jul 13 18:12:18 UTC 2026","","","",""
"Test cases for TestGetOrderForNeo4jQuery","0","TestGetOrderForNeo4jQuery","","Mon Jul 13 18:07:22 UTC 2026","passed","Mon Jul 13 18:07:22 UTC 2026","","Go Test","github.com/specterops/bloodhound/cmd/api/src/utils/TestGetOrderForNeo4jQuery","TestGetOrderForNeo4jQuery"
"","0","does not abbreviate numbers < 1000","numberFormatting","Mon Jul 13 18:11:02 UTC 2026","passed","Mon Jul 13 18:11:02 UTC 2026","","","",""
"","1","filters by low risk level","filterAndSearchEnvironments","Mon Jul 13 18:08:12 UTC 2026","passed","Mon Jul 13 18:08:12 UTC 2026","","risk filters","",""
"","0","returns false if value is 'array'","searchParams","Mon Jul 13 18:11:47 UTC 2026","passed","Mon Jul 13 18:11:47 UTC 2026","","isEmptyParam","",""
"","11","does not render when selector data is not defined","Delete Selector Button rendering","Mon Jul 13 18:12:56 UTC 2026","passed","Mon Jul 13 18:12:56 UTC 2026","","","",""
"","435","toggles a nested graph data option off","GraphDataCheckboxes","Mon Jul 13 18:09:17 UTC 2026","passed","Mon Jul 13 18:09:18 UTC 2026","","","",""
"","143","displays a table of completed ingest logs","FileIngest","Mon Jul 13 18:11:46 UTC 2026","passed","Mon Jul 13 18:11:46 UTC 2026","","","",""
"","554","calls delete mutation when confirm button is clicked with correct input","ActiveExtensionsCard","Mon Jul 13 18:08:18 UTC 2026","passed","Mon Jul 13 18:08:19 UTC 2026","","","",""
"Test cases for TestCacheEntryDigester_DigestEndpoint_DefaultObjectID","0","TestCacheEntryDigester_DigestEndpoint_DefaultObjectID","","Mon Jul 13 18:07:03 UTC 2026","passed","Mon Jul 13 18:07:03 UTC 2026","","Go Test","github.com/specterops/bloodhound/cmd/api/src/services/graphify/endpoint/TestCacheEntryDigester_DigestEndpoint_DefaultObjectID","TestCacheEntryDigester_DigestEndpoint_DefaultObjectID"
"","2639","should remove the option from the changelog when the corresponding button is clicked","AssetGroupEdit","Mon Jul 13 18:11:32 UTC 2026","passed","Mon Jul 13 18:11:35 UTC 2026","","","",""
"","1","filters by moderate risk level","filterAndSearchEnvironments","Mon Jul 13 18:08:12 UTC 2026","passed","Mon Jul 13 18:08:12 UTC 2026","","risk filters","",""
"","512","should reject passwords with no special characters","CreateUserForm","Mon Jul 13 18:08:29 UTC 2026","passed","Mon Jul 13 18:08:30 UTC 2026","","","",""
"","11","should handle special characters","HighlightedText","Mon Jul 13 18:12:31 UTC 2026","passed","Mon Jul 13 18:12:31 UTC 2026","","","",""
"","136","does not trigger search for fewer than 3 characters","SearchBar","Mon Jul 13 18:13:06 UTC 2026","passed","Mon Jul 13 18:13:06 UTC 2026","","","",""
"","7","shows the item only when both gates pass","useSubNavRoutes","Mon Jul 13 18:10:42 UTC 2026","passed","Mon Jul 13 18:10:42 UTC 2026","","combined gates","",""
"","305","renders the form for editing an existing zone","Tag Form","Mon Jul 13 18:07:47 UTC 2026","passed","Mon Jul 13 18:07:47 UTC 2026","","","",""
"","682","should display Environmental Targeted Access Control panel when showEnvironmentAccessControls prop is true and read-only role is selected","CreateUserForm","Mon Jul 13 18:08:25 UTC 2026","passed","Mon Jul 13 18:08:25 UTC 2026","","","",""
"Test cases for TestRequestWaitDuration_Failure","0","TestRequestWaitDuration_Failure","","Mon Jul 13 18:06:45 UTC 2026","passed","Mon Jul 13 18:06:45 UTC 2026","","Go Test","github.com/specterops/bloodhound/cmd/api/src/api/middleware/TestRequestWaitDuration_Failure","TestRequestWaitDuration_Failure"
"Test cases for TestResources_ListAuditLogs_DBError","0","TestResources_ListAuditLogs_DBError","","Mon Jul 13 18:06:53 UTC 2026","passed","Mon Jul 13 18:06:53 UTC 2026","","Go Test","github.com/specterops/bloodhound/cmd/api/src/api/v2/TestResources_ListAuditLogs_DBError","TestResources_ListAuditLogs_DBError"
"","244","calls onResetColumnSize when ""Reset Size"" is clicked","ManageColumnsComboBox","Mon Jul 13 18:09:56 UTC 2026","passed","Mon Jul 13 18:09:56 UTC 2026","","","",""
"Test cases for TestResources_ListADGPOAffectedContainers","0","TestResources_ListADGPOAffectedContainers","","Mon Jul 13 18:06:53 UTC 2026","passed","Mon Jul 13 18:06:53 UTC 2026","","Go Test","github.com/specterops/bloodhound/cmd/api/src/api/v2/TestResources_ListADGPOAffectedContainers","TestResources_ListADGPOAffectedContainers"
"","258","passes item props to Header and Content","<DetailsAccordion />","Mon Jul 13 18:09:54 UTC 2026","passed","Mon Jul 13 18:09:54 UTC 2026","","","",""
"","44","stores the state of a search term without modifying the query params","useCypherSearch","Mon Jul 13 18:12:49 UTC 2026","passed","Mon Jul 13 18:12:49 UTC 2026","","","",""
"","14","when there is no ID in the URL and no tags available, no ID is returned (it is undefined)","usePZQueryParams","Mon Jul 13 18:11:23 UTC 2026","passed","Mon Jul 13 18:11:23 UTC 2026","","","",""
"","0","returns fallback Cypher message when ruleType is undefined and seeds are required","getErrorMessage","Mon Jul 13 18:09:28 UTC 2026","passed","Mon Jul 13 18:09:28 UTC 2026","","","",""
"Test cases for TestRetainedArchiveName","10","TestRetainedArchiveName","","Mon Jul 13 18:06:45 UTC 2026","passed","Mon Jul 13 18:06:45 UTC 2026","","Go Test","github.com/specterops/bloodhound/cmd/api/src/api/tools/TestRetainedArchiveName","TestRetainedArchiveName"
"","262","should render a single section with a single navigation item","SubNav","Mon Jul 13 18:12:02 UTC 2026","passed","Mon Jul 13 18:12:02 UTC 2026","","","",""
"Test cases for TestResources_ListADComputerRDPUsers","2","TestResources_ListADComputerRDPUsers","","Mon Jul 13 18:06:53 UTC 2026","passed","Mon Jul 13 18:06:53 UTC 2026","","Go Test","github.com/specterops/bloodhound/cmd/api/src/api/v2/TestResources_ListADComputerRDPUsers","TestResources_ListADComputerRDPUsers"
"Test cases for TestResources_ListADDomainInboundTrusts","0","TestResources_ListADDomainInboundTrusts","","Mon Jul 13 18:06:53 UTC 2026","passed","Mon Jul 13 18:06:53 UTC 2026","","Go Test","github.com/specterops/bloodhound/cmd/api/src/api/v2/TestResources_ListADDomainInboundTrusts","TestResources_ListADDomainInboundTrusts"
"","302","should fire ""onClose"" once","UserTokenManagementDialog","Mon Jul 13 18:09:44 UTC 2026","passed","Mon Jul 13 18:09:44 UTC 2026","","when user clicks ""Close"" button","",""
"","0","isError returns as expected based on all queries combined","queriesAreLoadingOrErrored","Mon Jul 13 18:13:20 UTC 2026","passed","Mon Jul 13 18:13:20 UTC 2026","","","",""
"","12","should not render when data is present","NoDataDialog","Mon Jul 13 18:13:20 UTC 2026","passed","Mon Jul 13 18:13:20 UTC 2026","","","",""
"Test cases for TestOrphanFileSweeper_ClearStoredIngestFilesNormalizesListedPaths","15","TestOrphanFileSweeper_ClearStoredIngestFilesNormalizesListedPaths","","Mon Jul 13 18:06:55 UTC 2026","passed","Mon Jul 13 18:06:55 UTC 2026","","Go Test","github.com/specterops/bloodhound/cmd/api/src/daemons/datapipe/TestOrphanFileSweeper_ClearStoredIngestFilesNormalizesListedPaths","TestOrphanFileSweeper_ClearStoredIngestFilesNormalizesListedPaths"
"Test cases for TestResources_UpdateAssetGroupSelectors_GetAssetGroupError","0","TestResources_UpdateAssetGroupSelectors_GetAssetGroupError","","Mon Jul 13 18:06:53 UTC 2026","passed","Mon Jul 13 18:06:53 UTC 2026","","Go Test","github.com/specterops/bloodhound/cmd/api/src/api/v2/TestResources_UpdateAssetGroupSelectors_GetAssetGroupError","TestResources_UpdateAssetGroupSelectors_GetAssetGroupError"
"Test cases for TestIngestGenericData_RegisterNodeKind","0","TestIngestGenericData_RegisterNodeKind","","Mon Jul 13 18:07:03 UTC 2026","passed","Mon Jul 13 18:07:03 UTC 2026","","Go Test","github.com/specterops/bloodhound/cmd/api/src/services/graphify/TestIngestGenericData_RegisterNodeKind","TestIngestGenericData_RegisterNodeKind"
"","413","should render","PasswordResetForm","Mon Jul 13 18:10:44 UTC 2026","passed","Mon Jul 13 18:10:45 UTC 2026","","","",""
"","218","renders a graph view","GraphView","Mon Jul 13 18:13:45 UTC 2026","passed","Mon Jul 13 18:13:46 UTC 2026","","","",""
"Test cases for TestMatches_Success","0","TestMatches_Success","","Mon Jul 13 18:06:58 UTC 2026","passed","Mon Jul 13 18:06:58 UTC 2026","","Go Test","github.com/specterops/bloodhound/cmd/api/src/model/TestMatches_Success","TestMatches_Success"
"","1424","Explore URL Accounts for irregular characters in cypher query","Rule Form","Mon Jul 13 18:08:08 UTC 2026","passed","Mon Jul 13 18:08:10 UTC 2026","","","",""
"","7","adds new key to state","useObjectState","Mon Jul 13 18:12:31 UTC 2026","passed","Mon Jul 13 18:12:31 UTC 2026","","","",""
"Test cases for TestTypes_Scan_Success","0","TestTypes_Scan_Success","","Mon Jul 13 18:06:57 UTC 2026","passed","Mon Jul 13 18:06:57 UTC 2026","","Go Test","github.com/specterops/bloodhound/cmd/api/src/database/types/TestTypes_Scan_Success","TestTypes_Scan_Success"
"Test cases for TestUnmarshalBool","0","TestUnmarshalBool","","Mon Jul 13 18:06:57 UTC 2026","passed","Mon Jul 13 18:06:57 UTC 2026","","Go Test","github.com/specterops/bloodhound/cmd/api/src/database/types/null/TestUnmarshalBool","TestUnmarshalBool"
"Test cases for TestCreateUser_ResetPassword","1081","TestCreateUser_ResetPassword","","Mon Jul 13 18:07:06 UTC 2026","passed","Mon Jul 13 18:07:07 UTC 2026","","Go Test","github.com/specterops/bloodhound/cmd/api/src/api/v2/auth/TestCreateUser_ResetPassword","TestCreateUser_ResetPassword"
"","1988","renders","Glyph Select Dialog","Mon Jul 13 18:12:51 UTC 2026","passed","Mon Jul 13 18:12:53 UTC 2026","","","",""
"Test cases for TestAnalysisPipelineString","2","TestAnalysisPipelineString","","Mon Jul 13 18:07:23 UTC 2026","passed","Mon Jul 13 18:07:23 UTC 2026","","Go Test","github.com/specterops/bloodhound/packages/go/analysis/TestAnalysisPipelineString","TestAnalysisPipelineString"
"","1545","handles copying the name","CopyMenuItem","Mon Jul 13 18:13:15 UTC 2026","passed","Mon Jul 13 18:13:16 UTC 2026","","","",""
"","1","shows no collection methods","toCollected","Mon Jul 13 18:12:51 UTC 2026","passed","Mon Jul 13 18:12:51 UTC 2026","","","",""
"","243","opens when keyboard shortcut is pressed","GraphControls","Mon Jul 13 18:08:17 UTC 2026","passed","Mon Jul 13 18:08:17 UTC 2026","","Searching current results","",""
"Test cases for TestSavedQueries_IsString","0","TestSavedQueries_IsString","","Mon Jul 13 18:06:58 UTC 2026","passed","Mon Jul 13 18:06:58 UTC 2026","","Go Test","github.com/specterops/bloodhound/cmd/api/src/model/TestSavedQueries_IsString","TestSavedQueries_IsString"
"Test cases for TestResources_DeleteSavedQuery_UserNotAdmin","0","TestResources_DeleteSavedQuery_UserNotAdmin","","Mon Jul 13 18:06:53 UTC 2026","passed","Mon Jul 13 18:06:53 UTC 2026","","Go Test","github.com/specterops/bloodhound/cmd/api/src/api/v2/TestResources_DeleteSavedQuery_UserNotAdmin","TestResources_DeleteSavedQuery_UserNotAdmin"
"","53","applies empty state height when no results","ActiveExtensionsCard","Mon Jul 13 18:08:16 UTC 2026","passed","Mon Jul 13 18:08:16 UTC 2026","","","",""
"Test cases for TestResources_DeleteSavedQuery_IDMalformed","0","TestResources_DeleteSavedQuery_IDMalformed","","Mon Jul 13 18:06:53 UTC 2026","passed","Mon Jul 13 18:06:53 UTC 2026","","Go Test","github.com/specterops/bloodhound/cmd/api/src/api/v2/TestResources_DeleteSavedQuery_IDMalformed","TestResources_DeleteSavedQuery_IDMalformed"
"","17","allows you to cancel filter updates before applying them to the url and reset to the default filter state","usePathfindingFilters","Mon Jul 13 18:12:40 UTC 2026","passed","Mon Jul 13 18:12:40 UTC 2026","","","",""
"","377","should render","LoginForm","Mon Jul 13 18:12:35 UTC 2026","passed","Mon Jul 13 18:12:35 UTC 2026","","","",""
"","567","clears the applied filter","FileIngestFilterDialog","Mon Jul 13 18:09:38 UTC 2026","passed","Mon Jul 13 18:09:38 UTC 2026","","User Select","",""
"Test cases for TestStore_GetAnalysisRequest","2","TestStore_GetAnalysisRequest","","Mon Jul 13 18:07:46 UTC 2026","passed","Mon Jul 13 18:07:46 UTC 2026","","Go Test","github.com/specterops/bloodhound/server/analysis/internal/appdb/TestStore_GetAnalysisRequest","TestStore_GetAnalysisRequest"
"Test cases for TestIsDeadlockError","1","TestIsDeadlockError","","Mon Jul 13 18:06:55 UTC 2026","passed","Mon Jul 13 18:06:55 UTC 2026","","Go Test","github.com/specterops/bloodhound/cmd/api/src/daemons/changelog/TestIsDeadlockError","TestIsDeadlockError"
"","1","returns name uniqueness message for ""name must be unique""","getErrorMessage","Mon Jul 13 18:09:28 UTC 2026","passed","Mon Jul 13 18:09:28 UTC 2026","","","",""
"","0","handles an empty string","escapeCypherString","Mon Jul 13 18:13:12 UTC 2026","passed","Mon Jul 13 18:13:12 UTC 2026","","","",""
"","4","handles environment with impactValue at exact threshold boundaries","filterAndSearchEnvironments","Mon Jul 13 18:08:12 UTC 2026","passed","Mon Jul 13 18:08:12 UTC 2026","","edge cases","",""
"Test cases for TestParseLimitQueryParameter","0","TestParseLimitQueryParameter","","Mon Jul 13 18:06:53 UTC 2026","passed","Mon Jul 13 18:06:53 UTC 2026","","Go Test","github.com/specterops/bloodhound/cmd/api/src/api/v2/TestParseLimitQueryParameter","TestParseLimitQueryParameter"
"Test cases for TestSpoolToScratch","5","TestSpoolToScratch","","Mon Jul 13 18:07:03 UTC 2026","passed","Mon Jul 13 18:07:03 UTC 2026","","Go Test","github.com/specterops/bloodhound/cmd/api/src/services/graphify/TestSpoolToScratch","TestSpoolToScratch"
"Test cases for TestTenantRoles","0","TestTenantRoles","","Mon Jul 13 18:07:23 UTC 2026","passed","Mon Jul 13 18:07:23 UTC 2026","","Go Test","github.com/specterops/bloodhound/packages/go/analysis/azure/TestTenantRoles","TestTenantRoles"
"Test cases for TestManagementResource_ListSAMLProviders","29","TestManagementResource_ListSAMLProviders","","Mon Jul 13 18:07:40 UTC 2026","passed","Mon Jul 13 18:07:40 UTC 2026","","Go Test","github.com/specterops/bloodhound/cmd/api/src/api/v2/auth/TestManagementResource_ListSAMLProviders","TestManagementResource_ListSAMLProviders"
"Test cases for TestParseFilterOperator","1","TestParseFilterOperator","","Mon Jul 13 18:07:26 UTC 2026","passed","Mon Jul 13 18:07:26 UTC 2026","","Go Test","github.com/specterops/bloodhound/packages/go/params/TestParseFilterOperator","TestParseFilterOperator"
"Test cases for TestManagementResource_SSOCallbackHandler","19","TestManagementResource_SSOCallbackHandler","","Mon Jul 13 18:07:40 UTC 2026","passed","Mon Jul 13 18:07:40 UTC 2026","","Go Test","github.com/specterops/bloodhound/cmd/api/src/api/v2/auth/TestManagementResource_SSOCallbackHandler","TestManagementResource_SSOCallbackHandler"
"","1","maps cypher 504 errors to timeout messaging","useExploreGraph","Mon Jul 13 18:09:22 UTC 2026","passed","Mon Jul 13 18:09:22 UTC 2026","","exploreGraphQueryFactory","",""
"Test cases for TestActivateMFA_Failure","1168","TestActivateMFA_Failure","","Mon Jul 13 18:07:38 UTC 2026","passed","Mon Jul 13 18:07:39 UTC 2026","","Go Test","github.com/specterops/bloodhound/cmd/api/src/api/v2/auth/TestActivateMFA_Failure","TestActivateMFA_Failure"
"","4","returns the full inbound and outbound path when selecting a middle node","SigmaChart Utils","Mon Jul 13 18:14:14 UTC 2026","passed","Mon Jul 13 18:14:14 UTC 2026","when a node is selected","getFullPathHighlightedEntities","",""
"","540","renders a non-primary button as expected","DropdownSelector","Mon Jul 13 18:11:59 UTC 2026","passed","Mon Jul 13 18:12:00 UTC 2026","","","",""
"","211","a null response from the server is handled","ExploreSearchCombobox with null response","Mon Jul 13 18:10:05 UTC 2026","passed","Mon Jul 13 18:10:06 UTC 2026","","","",""
"","78","renders citrix config controls","BloodHoundConfiguration","Mon Jul 13 18:14:35 UTC 2026","passed","Mon Jul 13 18:14:35 UTC 2026","","","",""
"Test cases for TestParseAGMembersFromNodes_MissingNodeProperties","0","TestParseAGMembersFromNodes_MissingNodeProperties","","Mon Jul 13 18:06:53 UTC 2026","passed","Mon Jul 13 18:06:53 UTC 2026","","Go Test","github.com/specterops/bloodhound/cmd/api/src/api/v2/TestParseAGMembersFromNodes_MissingNodeProperties","TestParseAGMembersFromNodes_MissingNodeProperties"
"","13","renders without label when label is empty string","StatusIndicator","Mon Jul 13 18:13:10 UTC 2026","passed","Mon Jul 13 18:13:10 UTC 2026","","","",""
"Test cases for TestIntScan","0","TestIntScan","","Mon Jul 13 18:06:57 UTC 2026","passed","Mon Jul 13 18:06:57 UTC 2026","","Go Test","github.com/specterops/bloodhound/cmd/api/src/database/types/null/TestIntScan","TestIntScan"
"Test cases for TestPermissionsCheckAtLeastOne","0","TestPermissionsCheckAtLeastOne","","Mon Jul 13 18:06:45 UTC 2026","passed","Mon Jul 13 18:06:45 UTC 2026","","Go Test","github.com/specterops/bloodhound/cmd/api/src/api/middleware/TestPermissionsCheckAtLeastOne","TestPermissionsCheckAtLeastOne"
"Test cases for TestGetDataQualityStats_Failure","3","TestGetDataQualityStats_Failure","","Mon Jul 13 18:06:53 UTC 2026","passed","Mon Jul 13 18:06:53 UTC 2026","","Go Test","github.com/specterops/bloodhound/cmd/api/src/api/v2/TestGetDataQualityStats_Failure","TestGetDataQualityStats_Failure"
"Test cases for TestManagementResource_SanitizeAndGetRoles","0","TestManagementResource_SanitizeAndGetRoles","","Mon Jul 13 18:07:40 UTC 2026","passed","Mon Jul 13 18:07:40 UTC 2026","","Go Test","github.com/specterops/bloodhound/cmd/api/src/api/v2/auth/TestManagementResource_SanitizeAndGetRoles","TestManagementResource_SanitizeAndGetRoles"
"","15","live regions have aria-atomic set to true","AnnouncementProvider","Mon Jul 13 18:11:06 UTC 2026","passed","Mon Jul 13 18:11:06 UTC 2026","","","",""
"Test cases for TestRegister","0","TestRegister","","Mon Jul 13 18:07:46 UTC 2026","passed","Mon Jul 13 18:07:46 UTC 2026","","Go Test","github.com/specterops/bloodhound/server/analysis/TestRegister","TestRegister"
"Test cases for TestGetAzureDataQualityStats_Failure","0","TestGetAzureDataQualityStats_Failure","","Mon Jul 13 18:06:53 UTC 2026","passed","Mon Jul 13 18:06:53 UTC 2026","","Go Test","github.com/specterops/bloodhound/cmd/api/src/api/v2/TestGetAzureDataQualityStats_Failure","TestGetAzureDataQualityStats_Failure"
"","133","should display the ""User Information"" header","UserProfile","Mon Jul 13 18:10:17 UTC 2026","passed","Mon Jul 13 18:10:17 UTC 2026","","","",""
"","294","calls onToggleEdgeLabels when click show all edge labels","GraphControls","Mon Jul 13 18:08:13 UTC 2026","passed","Mon Jul 13 18:08:13 UTC 2026","","Toggling labels","",""
"","0","Null input is provided","parseKeywordAndTypeValue","Mon Jul 13 18:13:06 UTC 2026","passed","Mon Jul 13 18:13:06 UTC 2026","","","",""
"","2","treats a missing key as null when computing the next value","useLocalStorage","Mon Jul 13 18:10:25 UTC 2026","passed","Mon Jul 13 18:10:25 UTC 2026","","functional updater","",""
"Test cases for TestResources_UpdateSavedQuery_NoQueryMatch","0","TestResources_UpdateSavedQuery_NoQueryMatch","","Mon Jul 13 18:06:53 UTC 2026","passed","Mon Jul 13 18:06:53 UTC 2026","","Go Test","github.com/specterops/bloodhound/cmd/api/src/api/v2/TestResources_UpdateSavedQuery_NoQueryMatch","TestResources_UpdateSavedQuery_NoQueryMatch"
"","86","collapses an open item when its header is clicked again","<DetailsAccordion />","Mon Jul 13 18:09:55 UTC 2026","passed","Mon Jul 13 18:09:55 UTC 2026","","","",""
"","94","should on clicking collapse all remove expandedPanelSections param from url and set isObjectInfoPanelOpen in context to false","EdgeInfoHeader","Mon Jul 13 18:11:54 UTC 2026","passed","Mon Jul 13 18:11:54 UTC 2026","","","",""
"","13","sets autoDisplayTable to false if query type is pathfinding","useExploreTableAutoDisplay","Mon Jul 13 18:12:07 UTC 2026","passed","Mon Jul 13 18:12:07 UTC 2026","","","",""
"Test cases for TestPermissionsCheckAll","0","TestPermissionsCheckAll","","Mon Jul 13 18:06:45 UTC 2026","passed","Mon Jul 13 18:06:45 UTC 2026","","Go Test","github.com/specterops/bloodhound/cmd/api/src/api/middleware/TestPermissionsCheckAll","TestPermissionsCheckAll"
"","11","applies animation class to the title","ProcessingIndicator","Mon Jul 13 18:13:23 UTC 2026","passed","Mon Jul 13 18:13:23 UTC 2026","","","",""
"Test cases for TestInt64Pointer","1","TestInt64Pointer","","Mon Jul 13 18:06:57 UTC 2026","passed","Mon Jul 13 18:06:57 UTC 2026","","Go Test","github.com/specterops/bloodhound/cmd/api/src/database/types/null/TestInt64Pointer","TestInt64Pointer"
"Test cases for TestConvertOUToNode_InheritanceHashes","0","TestConvertOUToNode_InheritanceHashes","","Mon Jul 13 18:07:24 UTC 2026","passed","Mon Jul 13 18:07:24 UTC 2026","","Go Test","github.com/specterops/bloodhound/packages/go/ein/TestConvertOUToNode_InheritanceHashes","TestConvertOUToNode_InheritanceHashes"
"Test cases for TestManagementResource_UpdateUser_GetUserError","1151","TestManagementResource_UpdateUser_GetUserError","","Mon Jul 13 18:07:08 UTC 2026","passed","Mon Jul 13 18:07:09 UTC 2026","","Go Test","github.com/specterops/bloodhound/cmd/api/src/api/v2/auth/TestManagementResource_UpdateUser_GetUserError","TestManagementResource_UpdateUser_GetUserError"
"","176","renders enabled Zone and Rule tabs and disabled Object tab","Selected Details Tabs","Mon Jul 13 18:10:31 UTC 2026","passed","Mon Jul 13 18:10:31 UTC 2026","","Selected Details Tabs - Params present","",""
"","158","renders the Zone/Labels Tab content when first tab is chosen","Selected Details Tab Content","Mon Jul 13 18:11:33 UTC 2026","passed","Mon Jul 13 18:11:33 UTC 2026","","","",""
"","224","should display a toggle switch to enable multi-factor authentication","UserProfile","Mon Jul 13 18:10:18 UTC 2026","passed","Mon Jul 13 18:10:18 UTC 2026","","","",""
"","891","should hide Environmental Targeted Access Control panel when showEnvironmentAccessControls prop is true and admin role is selected","UpdateUserForm","Mon Jul 13 18:08:01 UTC 2026","passed","Mon Jul 13 18:08:02 UTC 2026","","","",""
"","655","clears applied filters when clicking the Clear button","Privilege Zones History Filter Dialog","Mon Jul 13 18:10:34 UTC 2026","passed","Mon Jul 13 18:10:35 UTC 2026","","","",""
"","317","on clicking switch shows modal and when clicking cancel closes it and switch stays disabled","CitrixRDPConfiguration","Mon Jul 13 18:10:10 UTC 2026","passed","Mon Jul 13 18:10:11 UTC 2026","","Click on switch to enable","",""
"","2","should recognize azure properties","validating a node property against the shared generated schema","Mon Jul 13 18:10:00 UTC 2026","passed","Mon Jul 13 18:10:00 UTC 2026","","","",""
"","22","makes no count request when neither a Tag or Rule is selected (tagId and ruleId are undefined from path params","useObjectCounts","Mon Jul 13 18:12:49 UTC 2026","passed","Mon Jul 13 18:12:49 UTC 2026","","","",""
"","773","displays must be new password error messages when current password is the same as new password","PasswordDialog","Mon Jul 13 18:08:32 UTC 2026","passed","Mon Jul 13 18:08:32 UTC 2026","","","",""
"Test cases for TestManagementResource_UpdateOIDCProvider","1","TestManagementResource_UpdateOIDCProvider","","Mon Jul 13 18:07:40 UTC 2026","passed","Mon Jul 13 18:07:40 UTC 2026","","Go Test","github.com/specterops/bloodhound/cmd/api/src/api/v2/auth/TestManagementResource_UpdateOIDCProvider","TestManagementResource_UpdateOIDCProvider"
"","297","sets a primarySearch=id and searchType=node when secondarySearch is falsey","ContextMenu","Mon Jul 13 18:09:48 UTC 2026","passed","Mon Jul 13 18:09:48 UTC 2026","","","",""
"Test cases for TestResources_CreateCustomNodeKindsTest","110","TestResources_CreateCustomNodeKindsTest","","Mon Jul 13 18:06:53 UTC 2026","passed","Mon Jul 13 18:06:53 UTC 2026","","Go Test","github.com/specterops/bloodhound/cmd/api/src/api/v2/TestResources_CreateCustomNodeKindsTest","TestResources_CreateCustomNodeKindsTest"
"","77","disables the user actions menu for a user with the auditor role","User Actions Menu","Mon Jul 13 18:10:48 UTC 2026","passed","Mon Jul 13 18:10:48 UTC 2026","","Button Menu State","",""
"Test cases for TestBoolFromPtr","0","TestBoolFromPtr","","Mon Jul 13 18:06:57 UTC 2026","passed","Mon Jul 13 18:06:57 UTC 2026","","Go Test","github.com/specterops/bloodhound/cmd/api/src/database/types/null/TestBoolFromPtr","TestBoolFromPtr"
"Test cases for TestQueries_GetEntityResults","0","TestQueries_GetEntityResults","","Mon Jul 13 18:07:00 UTC 2026","passed","Mon Jul 13 18:07:00 UTC 2026","","Go Test","github.com/specterops/bloodhound/cmd/api/src/queries/TestQueries_GetEntityResults","TestQueries_GetEntityResults"
"","0","calls transformToFlatGraphResponse when graphData matches GraphResponse interface","normalizeGraphDataForSigma","Mon Jul 13 18:14:29 UTC 2026","passed","Mon Jul 13 18:14:29 UTC 2026","","","",""
"Test cases for TestResources_GetEnterpriseCAEntityInfo","232","TestResources_GetEnterpriseCAEntityInfo","","Mon Jul 13 18:06:53 UTC 2026","passed","Mon Jul 13 18:06:53 UTC 2026","","Go Test","github.com/specterops/bloodhound/cmd/api/src/api/v2/TestResources_GetEnterpriseCAEntityInfo","TestResources_GetEnterpriseCAEntityInfo"
"","3756","checking a single edge type updates its parent and grandparent","Pathfinding","Mon Jul 13 18:08:57 UTC 2026","passed","Mon Jul 13 18:09:01 UTC 2026","","","",""
"","18","renders nothing if flag is enabled and enabled prop is not provided","FeatureFlag","Mon Jul 13 18:12:16 UTC 2026","passed","Mon Jul 13 18:12:16 UTC 2026","","","",""
"Test cases for TestRequestWaitDuration_Negative","0","TestRequestWaitDuration_Negative","","Mon Jul 13 18:06:45 UTC 2026","passed","Mon Jul 13 18:06:45 UTC 2026","","Go Test","github.com/specterops/bloodhound/cmd/api/src/api/middleware/TestRequestWaitDuration_Negative","TestRequestWaitDuration_Negative"
"Test cases for TestResources_EndIngestJob","92","TestResources_EndIngestJob","","Mon Jul 13 18:06:53 UTC 2026","passed","Mon Jul 13 18:06:53 UTC 2026","","Go Test","github.com/specterops/bloodhound/cmd/api/src/api/v2/TestResources_EndIngestJob","TestResources_EndIngestJob"
"Test cases for TestWriteArchiveFileToStorage","12","TestWriteArchiveFileToStorage","","Mon Jul 13 18:07:03 UTC 2026","passed","Mon Jul 13 18:07:03 UTC 2026","","Go Test","github.com/specterops/bloodhound/cmd/api/src/services/graphify/TestWriteArchiveFileToStorage","TestWriteArchiveFileToStorage"
"","4","succeeds for valid password","testPassword","Mon Jul 13 18:13:18 UTC 2026","passed","Mon Jul 13 18:13:18 UTC 2026","","","",""
"","403","renders an empty message for the entity panel before a node is selected","GroupManagement","Mon Jul 13 18:14:16 UTC 2026","passed","Mon Jul 13 18:14:16 UTC 2026","","","",""
"Test cases for TestOpenGraphSchemaService_GetSchemaFindings","1","TestOpenGraphSchemaService_GetSchemaFindings","","Mon Jul 13 18:07:05 UTC 2026","passed","Mon Jul 13 18:07:05 UTC 2026","","Go Test","github.com/specterops/bloodhound/cmd/api/src/services/opengraphschema/TestOpenGraphSchemaService_GetSchemaFindings","TestOpenGraphSchemaService_GetSchemaFindings"
"","3","receives the current stored value as the previous state","useLocalStorage","Mon Jul 13 18:10:25 UTC 2026","passed","Mon Jul 13 18:10:25 UTC 2026","","functional updater","",""
"","1","handles null or empty madeBy","createHistoryParams","Mon Jul 13 18:12:28 UTC 2026","passed","Mon Jul 13 18:12:28 UTC 2026","","","",""
"","1","returns empty sets when highlightedItem is null","SigmaChart Utils","Mon Jul 13 18:14:14 UTC 2026","passed","Mon Jul 13 18:14:14 UTC 2026","","getFullPathHighlightedEntities","",""
"Test cases for TestTimePointer","1","TestTimePointer","","Mon Jul 13 18:06:57 UTC 2026","passed","Mon Jul 13 18:06:57 UTC 2026","","Go Test","github.com/specterops/bloodhound/cmd/api/src/database/types/null/TestTimePointer","TestTimePointer"
"Test cases for TestResources_DeleteSavedQuery_IsPublicSavedQueryDBError","0","TestResources_DeleteSavedQuery_IsPublicSavedQueryDBError","","Mon Jul 13 18:06:53 UTC 2026","passed","Mon Jul 13 18:06:53 UTC 2026","","Go Test","github.com/specterops/bloodhound/cmd/api/src/api/v2/TestResources_DeleteSavedQuery_IsPublicSavedQueryDBError","TestResources_DeleteSavedQuery_IsPublicSavedQueryDBError"
"","0","returns null if paramValue is null","useEnvironmentParams","Mon Jul 13 18:13:19 UTC 2026","passed","Mon Jul 13 18:13:19 UTC 2026","","parseEnvironmentAggregation","",""
"","400","should call ""onSave"" one time","Enable2FADialog","Mon Jul 13 18:11:58 UTC 2026","passed","Mon Jul 13 18:11:58 UTC 2026","user clicks ""Disable Multi-Factor Authentication"" button","user enters valid password","",""
"","0","A type was provided but no keyword follows the typed filter","Getting the text for the disabled item display for a search when there are no results","Mon Jul 13 18:12:17 UTC 2026","passed","Mon Jul 13 18:12:17 UTC 2026","","Empty data states","",""
"","12","function should return 1 when first param is larger, no matter the data type","Compare function for explore table sort","Mon Jul 13 18:11:08 UTC 2026","passed","Mon Jul 13 18:11:08 UTC 2026","","","",""
"","470","should reject passwords where only a space is used as the special character","CreateUserForm","Mon Jul 13 18:08:30 UTC 2026","passed","Mon Jul 13 18:08:30 UTC 2026","","","",""
"","501","toggles parent from some to all","GraphDataCheckboxes","Mon Jul 13 18:09:16 UTC 2026","passed","Mon Jul 13 18:09:16 UTC 2026","","","",""
"Test cases for TestManagementResource_SAMLCallbackRedirect","18","TestManagementResource_SAMLCallbackRedirect","","Mon Jul 13 18:07:40 UTC 2026","passed","Mon Jul 13 18:07:40 UTC 2026","","Go Test","github.com/specterops/bloodhound/cmd/api/src/api/v2/auth/TestManagementResource_SAMLCallbackRedirect","TestManagementResource_SAMLCallbackRedirect"
"","2","Edge is created with correct structure including points array","copySigmaEdgesToGraphlibGraph","Mon Jul 13 18:14:16 UTC 2026","passed","Mon Jul 13 18:14:16 UTC 2026","","","",""
"","3016","expand/collapse all buttons are disabled when searching","Pathfinding","Mon Jul 13 18:09:21 UTC 2026","passed","Mon Jul 13 18:09:24 UTC 2026","","","",""
"Test cases for TestParseDomainTrusts_TrustAttributes","0","TestParseDomainTrusts_TrustAttributes","","Mon Jul 13 18:07:24 UTC 2026","passed","Mon Jul 13 18:07:24 UTC 2026","","Go Test","github.com/specterops/bloodhound/packages/go/ein/TestParseDomainTrusts_TrustAttributes","TestParseDomainTrusts_TrustAttributes"
"","324","renders the popup content with run, edit/share, and delete when the menu trigger","ListItemActionMenu","Mon Jul 13 18:11:47 UTC 2026","passed","Mon Jul 13 18:11:47 UTC 2026","","","",""
"Test cases for TestMatches_FailureAction","0","TestMatches_FailureAction","","Mon Jul 13 18:06:58 UTC 2026","passed","Mon Jul 13 18:06:58 UTC 2026","","Go Test","github.com/specterops/bloodhound/cmd/api/src/model/TestMatches_FailureAction","TestMatches_FailureAction"
"","685","dispatches an action to add the associated node","Rule Object Select","Mon Jul 13 18:11:52 UTC 2026","passed","Mon Jul 13 18:11:53 UTC 2026","","","",""
"","1","EXTENDED ROUNDING when thresholds are set: does not abbreviate numbers < 10000","numberFormatting","Mon Jul 13 18:11:02 UTC 2026","passed","Mon Jul 13 18:11:02 UTC 2026","","","",""
"","0","returns a function that does not update searchParams if a key is not found in the updatedParams","searchParams","Mon Jul 13 18:11:47 UTC 2026","passed","Mon Jul 13 18:11:47 UTC 2026","","setSingleParamFactory","",""
"","29","should display hidden node label for hidden node","EntityInfoHeader","Mon Jul 13 18:11:37 UTC 2026","passed","Mon Jul 13 18:11:37 UTC 2026","","","",""
"Test cases for TestOrphanFileSweeper_Clear","1","TestOrphanFileSweeper_Clear","","Mon Jul 13 18:06:55 UTC 2026","passed","Mon Jul 13 18:06:55 UTC 2026","","Go Test","github.com/specterops/bloodhound/cmd/api/src/daemons/datapipe/TestOrphanFileSweeper_Clear","TestOrphanFileSweeper_Clear"
"","1","returns query config when searchType is relationship and all required params are passed","useExploreGraph","Mon Jul 13 18:09:22 UTC 2026","passed","Mon Jul 13 18:09:22 UTC 2026","relationship search queries","exploreGraphQueryFactory","",""
"","339","should render saml info provider","SSOProviderTable","Mon Jul 13 18:11:44 UTC 2026","passed","Mon Jul 13 18:11:45 UTC 2026","","","",""
"","10","clears an ascending sort when sorting the same column","useSortParams","Mon Jul 13 18:11:40 UTC 2026","passed","Mon Jul 13 18:11:41 UTC 2026","","","",""
"Test cases for TestRewriter_Enter_NoShortcut_PreservesKinds","0","TestRewriter_Enter_NoShortcut_PreservesKinds","","Mon Jul 13 18:07:00 UTC 2026","passed","Mon Jul 13 18:07:00 UTC 2026","","Go Test","github.com/specterops/bloodhound/cmd/api/src/queries/TestRewriter_Enter_NoShortcut_PreservesKinds","TestRewriter_Enter_NoShortcut_PreservesKinds"
"","157","onCancel is called when cancel is clicked","Enable2FADialog","Mon Jul 13 18:11:00 UTC 2026","passed","Mon Jul 13 18:11:00 UTC 2026","","","",""
"","387","renders a snackbar notification in the dom and tests autoHideDuration","AppNotifications","Mon Jul 13 18:12:03 UTC 2026","passed","Mon Jul 13 18:12:04 UTC 2026","","","",""
"Test cases for TestURLJoinPathEscapesSlashes","0","TestURLJoinPathEscapesSlashes","","Mon Jul 13 18:06:41 UTC 2026","passed","Mon Jul 13 18:06:41 UTC 2026","","Go Test","github.com/specterops/bloodhound/cmd/api/src/api/TestURLJoinPathEscapesSlashes","TestURLJoinPathEscapesSlashes"
"","79","disables the upload file button when the user does not have the opengraph write permission","SchemaUploadDialog","Mon Jul 13 18:09:23 UTC 2026","passed","Mon Jul 13 18:09:23 UTC 2026","","","",""
"","210","only sends dirty fields in the request when updating","Tag Form","Mon Jul 13 18:07:49 UTC 2026","passed","Mon Jul 13 18:07:50 UTC 2026","","","",""
"","0","returns false if value is {}","searchParams","Mon Jul 13 18:11:47 UTC 2026","passed","Mon Jul 13 18:11:47 UTC 2026","","isEmptyParam","",""
"Test cases for TestResources_ListADGPOAffectedUsers","0","TestResources_ListADGPOAffectedUsers","","Mon Jul 13 18:06:53 UTC 2026","passed","Mon Jul 13 18:06:53 UTC 2026","","Go Test","github.com/specterops/bloodhound/cmd/api/src/api/v2/TestResources_ListADGPOAffectedUsers","TestResources_ListADGPOAffectedUsers"
"","242","renders a snackbar notification in the dom and tests the long autoHideDuration","AppNotifications","Mon Jul 13 18:12:04 UTC 2026","passed","Mon Jul 13 18:12:04 UTC 2026","","","",""
"","10","takes a string and copys to the navigator clipboard","copyToClipboard","Mon Jul 13 18:13:30 UTC 2026","passed","Mon Jul 13 18:13:30 UTC 2026","","","",""
"Test cases for TestStorageFileService_WriteFileFromReader","24","TestStorageFileService_WriteFileFromReader","","Mon Jul 13 18:07:45 UTC 2026","passed","Mon Jul 13 18:07:45 UTC 2026","","Go Test","github.com/specterops/bloodhound/packages/go/storage/TestStorageFileService_WriteFileFromReader","TestStorageFileService_WriteFileFromReader"
"Test cases for TestResources_CreateSavedQuery","0","TestResources_CreateSavedQuery","","Mon Jul 13 18:06:53 UTC 2026","passed","Mon Jul 13 18:06:53 UTC 2026","","Go Test","github.com/specterops/bloodhound/cmd/api/src/api/v2/TestResources_CreateSavedQuery","TestResources_CreateSavedQuery"
"","1","should return the edge parts from the key","getEdgeDataFromKey","Mon Jul 13 18:14:29 UTC 2026","passed","Mon Jul 13 18:14:29 UTC 2026","","","",""
"Test cases for TestResources_ListADGroupMembership","3","TestResources_ListADGroupMembership","","Mon Jul 13 18:06:53 UTC 2026","passed","Mon Jul 13 18:06:53 UTC 2026","","Go Test","github.com/specterops/bloodhound/cmd/api/src/api/v2/TestResources_ListADGroupMembership","TestResources_ListADGroupMembership"
"Test cases for TestNormalizePath","24","TestNormalizePath","","Mon Jul 13 18:07:45 UTC 2026","passed","Mon Jul 13 18:07:45 UTC 2026","","Go Test","github.com/specterops/bloodhound/packages/go/storage/TestNormalizePath","TestNormalizePath"
"","2101","should clear out the SSO Provider id from submission data when the authentication method is changed","CreateUserDialog","Mon Jul 13 18:08:44 UTC 2026","passed","Mon Jul 13 18:08:46 UTC 2026","","","",""
"","0","returns undefined if graphData is undefined or not a GraphResponse","getExploreTableData","Mon Jul 13 18:11:08 UTC 2026","passed","Mon Jul 13 18:11:08 UTC 2026","","","",""
"","364","should display a ""Change Password"" modal","UserProfile","Mon Jul 13 18:10:18 UTC 2026","passed","Mon Jul 13 18:10:18 UTC 2026","","""Reset Password"" button is clicked","",""
"Test cases for TestHandlers_ToggleFlag","3","TestHandlers_ToggleFlag","","Mon Jul 13 18:07:50 UTC 2026","passed","Mon Jul 13 18:07:50 UTC 2026","","Go Test","github.com/specterops/bloodhound/server/featureflags/internal/handlers/TestHandlers_ToggleFlag","TestHandlers_ToggleFlag"
"","2","dispatches a storage event with null newValue when the key is removed","useLocalStorage","Mon Jul 13 18:10:25 UTC 2026","passed","Mon Jul 13 18:10:25 UTC 2026","","storage event synchronisation","",""
"Test cases for Test_FixtureTeardown","0","Test_FixtureTeardown","","Mon Jul 13 18:07:25 UTC 2026","passed","Mon Jul 13 18:07:25 UTC 2026","","Go Test","github.com/specterops/bloodhound/packages/go/lab/Test_FixtureTeardown","Test_FixtureTeardown"
"Helper to verify that encodeAnyValue handles standard types correctly","2","TestEncodeAnyValue","","Mon Jul 13 18:07:03 UTC 2026","passed","Mon Jul 13 18:07:03 UTC 2026","","Go Test","github.com/specterops/bloodhound/cmd/api/src/services/graphify/endpoint/TestEncodeAnyValue","TestEncodeAnyValue"
"Test cases for TestAnalysisStepNames_ContainsNameForEachDefinedBit","7","TestAnalysisStepNames_ContainsNameForEachDefinedBit","","Mon Jul 13 18:06:58 UTC 2026","passed","Mon Jul 13 18:06:58 UTC 2026","","Go Test","github.com/specterops/bloodhound/cmd/api/src/model/TestAnalysisStepNames_ContainsNameForEachDefinedBit","TestAnalysisStepNames_ContainsNameForEachDefinedBit"
"Test cases for TestGetMFAActivationStatus_Success","0","TestGetMFAActivationStatus_Success","","Mon Jul 13 18:07:38 UTC 2026","passed","Mon Jul 13 18:07:38 UTC 2026","","Go Test","github.com/specterops/bloodhound/cmd/api/src/api/v2/auth/TestGetMFAActivationStatus_Success","TestGetMFAActivationStatus_Success"
"","448","displays default text for domain selector when globalDomain is null","GroupManagement","Mon Jul 13 18:14:14 UTC 2026","passed","Mon Jul 13 18:14:15 UTC 2026","","","",""
"","962","should not call onSubmit when password does not match confirmation password when reset password button clicked","PasswordResetForm","Mon Jul 13 18:10:46 UTC 2026","passed","Mon Jul 13 18:10:47 UTC 2026","","","",""
"","582","disables the delete button and all checkboxes if the user lacks permission","DatabaseManagement","Mon Jul 13 18:13:47 UTC 2026","passed","Mon Jul 13 18:13:48 UTC 2026","","","",""
"Test cases for TestManagementResource_DeleteUser_Success","1105","TestManagementResource_DeleteUser_Success","","Mon Jul 13 18:07:17 UTC 2026","passed","Mon Jul 13 18:07:18 UTC 2026","","Go Test","github.com/specterops/bloodhound/cmd/api/src/api/v2/auth/TestManagementResource_DeleteUser_Success","TestManagementResource_DeleteUser_Success"
"Test cases for TestResources_GetCollectorManifest","0","TestResources_GetCollectorManifest","","Mon Jul 13 18:06:53 UTC 2026","passed","Mon Jul 13 18:06:53 UTC 2026","","Go Test","github.com/specterops/bloodhound/cmd/api/src/api/v2/TestResources_GetCollectorManifest","TestResources_GetCollectorManifest"
"","0","returns false if value is 'string'","searchParams","Mon Jul 13 18:11:47 UTC 2026","passed","Mon Jul 13 18:11:47 UTC 2026","","isEmptyParam","",""
"","23","when user has a disallowed role for a route with disallowed roles, they see the disallowed notification.","AuthenticatedRoute","Mon Jul 13 18:14:12 UTC 2026","passed","Mon Jul 13 18:14:12 UTC 2026","","","",""
"","0","returns false for arrays with different object references","areArraysSimilar","Mon Jul 13 18:12:55 UTC 2026","passed","Mon Jul 13 18:12:55 UTC 2026","","","",""
"","101","disables delete button for user without correct permissions","ActiveExtensionsCard","Mon Jul 13 18:08:17 UTC 2026","passed","Mon Jul 13 18:08:17 UTC 2026","","","",""
"","153","returns false when no nodes are available","useGraphHasData","Mon Jul 13 18:12:43 UTC 2026","passed","Mon Jul 13 18:12:44 UTC 2026","","","",""
"Test cases for TestTextUnmarshalInt","0","TestTextUnmarshalInt","","Mon Jul 13 18:06:57 UTC 2026","passed","Mon Jul 13 18:06:57 UTC 2026","","Go Test","github.com/specterops/bloodhound/cmd/api/src/database/types/null/TestTextUnmarshalInt","TestTextUnmarshalInt"
"Test cases for TestResources_ListAssetGroups","0","TestResources_ListAssetGroups","","Mon Jul 13 18:06:53 UTC 2026","passed","Mon Jul 13 18:06:53 UTC 2026","","Go Test","github.com/specterops/bloodhound/cmd/api/src/api/v2/TestResources_ListAssetGroups","TestResources_ListAssetGroups"
"","15","should render when search string is in the middle of the text","HighlightedText","Mon Jul 13 18:12:31 UTC 2026","passed","Mon Jul 13 18:12:31 UTC 2026","","","",""
"Test cases for TestMaybeSubmitRelationshipUpdate","3","TestMaybeSubmitRelationshipUpdate","","Mon Jul 13 18:07:03 UTC 2026","passed","Mon Jul 13 18:07:03 UTC 2026","","Go Test","github.com/specterops/bloodhound/cmd/api/src/services/graphify/TestMaybeSubmitRelationshipUpdate","TestMaybeSubmitRelationshipUpdate"
"Test cases for TestResources_GetAssetGroupMemberCount_IDMalformed","0","TestResources_GetAssetGroupMemberCount_IDMalformed","","Mon Jul 13 18:06:53 UTC 2026","passed","Mon Jul 13 18:06:53 UTC 2026","","Go Test","github.com/specterops/bloodhound/cmd/api/src/api/v2/TestResources_GetAssetGroupMemberCount_IDMalformed","TestResources_GetAssetGroupMemberCount_IDMalformed"
"Test cases for TestFileServiceResolver_Resolve","3","TestFileServiceResolver_Resolve","","Mon Jul 13 18:07:05 UTC 2026","passed","Mon Jul 13 18:07:05 UTC 2026","","Go Test","github.com/specterops/bloodhound/cmd/api/src/services/storage/TestFileServiceResolver_Resolve","TestFileServiceResolver_Resolve"
"Test cases for TestResources_ShareSavedQueriesPermissions_SavingPermissionsErrors","0","TestResources_ShareSavedQueriesPermissions_SavingPermissionsErrors","","Mon Jul 13 18:06:53 UTC 2026","passed","Mon Jul 13 18:06:53 UTC 2026","","Go Test","github.com/specterops/bloodhound/cmd/api/src/api/v2/TestResources_ShareSavedQueriesPermissions_SavingPermissionsErrors","TestResources_ShareSavedQueriesPermissions_SavingPermissionsErrors"
"Test cases for TestManagementResource_SSOLoginHandler","21","TestManagementResource_SSOLoginHandler","","Mon Jul 13 18:07:40 UTC 2026","passed","Mon Jul 13 18:07:40 UTC 2026","","Go Test","github.com/specterops/bloodhound/cmd/api/src/api/v2/auth/TestManagementResource_SSOLoginHandler","TestManagementResource_SSOLoginHandler"
"","7","hides the item when only the permission passes","useSubNavRoutes","Mon Jul 13 18:10:42 UTC 2026","passed","Mon Jul 13 18:10:42 UTC 2026","","combined gates","",""
"Test cases for TestResources_UpdateSavedQuery_AdminPrivateQuery_Success","0","TestResources_UpdateSavedQuery_AdminPrivateQuery_Success","","Mon Jul 13 18:06:53 UTC 2026","passed","Mon Jul 13 18:06:53 UTC 2026","","Go Test","github.com/specterops/bloodhound/cmd/api/src/api/v2/TestResources_UpdateSavedQuery_AdminPrivateQuery_Success","TestResources_UpdateSavedQuery_AdminPrivateQuery_Success"
"","64","returns false on 404","useGraphHasData","Mon Jul 13 18:12:44 UTC 2026","passed","Mon Jul 13 18:12:44 UTC 2026","","","",""
"Test cases for TestBoolScan","0","TestBoolScan","","Mon Jul 13 18:06:57 UTC 2026","passed","Mon Jul 13 18:06:57 UTC 2026","","Go Test","github.com/specterops/bloodhound/cmd/api/src/database/types/null/TestBoolScan","TestBoolScan"
"","399","when an `inputValue` is provided it eventually displays a list of search results","ExploreSearchCombobox","Mon Jul 13 18:10:04 UTC 2026","passed","Mon Jul 13 18:10:05 UTC 2026","","","",""
"Test cases for TestResources_ListPublishedToCAs","1","TestResources_ListPublishedToCAs","","Mon Jul 13 18:06:53 UTC 2026","passed","Mon Jul 13 18:06:53 UTC 2026","","Go Test","github.com/specterops/bloodhound/cmd/api/src/api/v2/TestResources_ListPublishedToCAs","TestResources_ListPublishedToCAs"
"","0","returns default error message for unknown API messages","getErrorMessage","Mon Jul 13 18:09:28 UTC 2026","passed","Mon Jul 13 18:09:28 UTC 2026","","","",""
"Test cases for TestConvertDomainToNode_DomainInvalidProperties","0","TestConvertDomainToNode_DomainInvalidProperties","","Mon Jul 13 18:07:24 UTC 2026","passed","Mon Jul 13 18:07:24 UTC 2026","","Go Test","github.com/specterops/bloodhound/packages/go/ein/TestConvertDomainToNode_DomainInvalidProperties","TestConvertDomainToNode_DomainInvalidProperties"
"Test cases for TestFloatScan","0","TestFloatScan","","Mon Jul 13 18:06:57 UTC 2026","passed","Mon Jul 13 18:06:57 UTC 2026","","Go Test","github.com/specterops/bloodhound/cmd/api/src/database/types/null/TestFloatScan","TestFloatScan"
"","79","shows the Automatic Certification label and the zone-level disabled message","BasicInfo","Mon Jul 13 18:10:40 UTC 2026","passed","Mon Jul 13 18:10:40 UTC 2026","","when isCertificationDisabledOnZoneLevel is false","",""
"","31","enables the upload button when the user has manage ingest permission","File Upload","Mon Jul 13 18:10:20 UTC 2026","passed","Mon Jul 13 18:10:20 UTC 2026","","","",""
"Test cases for TestManagementResource_GetPermission","40581","TestManagementResource_GetPermission","","Mon Jul 13 18:07:00 UTC 2026","passed","Mon Jul 13 18:07:40 UTC 2026","","Go Test","github.com/specterops/bloodhound/cmd/api/src/api/v2/auth/TestManagementResource_GetPermission","TestManagementResource_GetPermission"
"","96","takes the param appendQueryKey and will append that value to the existing queryKey","useAvailableEnvironments","Mon Jul 13 18:10:43 UTC 2026","passed","Mon Jul 13 18:10:43 UTC 2026","","useAvailableEnvironments","",""
"","181","Hides selector information if additionalSections is false","EntityInfoDataTableList","Mon Jul 13 18:11:14 UTC 2026","passed","Mon Jul 13 18:11:14 UTC 2026","","","",""
"","74","adds a notification - checks values","AppNotifications","Mon Jul 13 18:12:03 UTC 2026","passed","Mon Jul 13 18:12:03 UTC 2026","","","",""
"","87","copys children value to clipboard after clicking the copy btn","CodeController","Mon Jul 13 18:13:00 UTC 2026","passed","Mon Jul 13 18:13:00 UTC 2026","","","",""
"","119","should not display a badge when role based filtering is true and show filter banner is false by default","EntityInfoPanel","Mon Jul 13 18:12:22 UTC 2026","passed","Mon Jul 13 18:12:22 UTC 2026","","","",""
"","521","should not call onSave when Save button is clicked and form input is invalid","CreateUserDialog","Mon Jul 13 18:08:40 UTC 2026","passed","Mon Jul 13 18:08:40 UTC 2026","","","",""
"","5003","collapse all button collapses all sections","Pathfinding","Mon Jul 13 18:09:01 UTC 2026","passed","Mon Jul 13 18:09:06 UTC 2026","","","",""
"","183","displays appropriate text when there are no matches for search term","SearchCurrentNodes","Mon Jul 13 18:11:18 UTC 2026","passed","Mon Jul 13 18:11:18 UTC 2026","","","",""
"Test cases for TestMapExistsError","74","TestMapExistsError","","Mon Jul 13 18:07:45 UTC 2026","passed","Mon Jul 13 18:07:45 UTC 2026","","Go Test","github.com/specterops/bloodhound/packages/go/storage/TestMapExistsError","TestMapExistsError"
"","790","handles adding to tier zero asset group","AssetGroupMenuItem","Mon Jul 13 18:13:45 UTC 2026","passed","Mon Jul 13 18:13:46 UTC 2026","","adding to an asset group","",""
"","10","populates the cypher search field with the decoded query when the associated query params are set","useCypherSearch","Mon Jul 13 18:12:49 UTC 2026","passed","Mon Jul 13 18:12:50 UTC 2026","","","",""
"Test cases for TestMarshalString","0","TestMarshalString","","Mon Jul 13 18:06:57 UTC 2026","passed","Mon Jul 13 18:06:57 UTC 2026","","Go Test","github.com/specterops/bloodhound/cmd/api/src/database/types/null/TestMarshalString","TestMarshalString"
"Test cases for TestResources_ListAuditLogs_InvalidPredicate","0","TestResources_ListAuditLogs_InvalidPredicate","","Mon Jul 13 18:06:53 UTC 2026","passed","Mon Jul 13 18:06:53 UTC 2026","","Go Test","github.com/specterops/bloodhound/cmd/api/src/api/v2/TestResources_ListAuditLogs_InvalidPredicate","TestResources_ListAuditLogs_InvalidPredicate"
"","2551","resets skip to 0 when filters change so rows are visible on the new result set","FileIngestTable","Mon Jul 13 18:08:52 UTC 2026","passed","Mon Jul 13 18:08:54 UTC 2026","","pagination reset","",""
"Test cases for TestFloatEqual","0","TestFloatEqual","","Mon Jul 13 18:06:57 UTC 2026","passed","Mon Jul 13 18:06:57 UTC 2026","","Go Test","github.com/specterops/bloodhound/cmd/api/src/database/types/null/TestFloatEqual","TestFloatEqual"
"Test cases for TestResources_ListADEntityControllables","1","TestResources_ListADEntityControllables","","Mon Jul 13 18:06:53 UTC 2026","passed","Mon Jul 13 18:06:53 UTC 2026","","Go Test","github.com/specterops/bloodhound/cmd/api/src/api/v2/TestResources_ListADEntityControllables","TestResources_ListADEntityControllables"
"Test cases for TestResources_UpdateSavedQuery_OwnPublicQuery_Success","0","TestResources_UpdateSavedQuery_OwnPublicQuery_Success","","Mon Jul 13 18:06:53 UTC 2026","passed","Mon Jul 13 18:06:53 UTC 2026","","Go Test","github.com/specterops/bloodhound/cmd/api/src/api/v2/TestResources_UpdateSavedQuery_OwnPublicQuery_Success","TestResources_UpdateSavedQuery_OwnPublicQuery_Success"
"","356","should render the pathfinding search controls when searchType is pathfinding","ExploreSearch rendering per tab","Mon Jul 13 18:13:54 UTC 2026","passed","Mon Jul 13 18:13:55 UTC 2026","","","",""
"Test cases for TestRoleMembers","1","TestRoleMembers","","Mon Jul 13 18:07:23 UTC 2026","passed","Mon Jul 13 18:07:23 UTC 2026","","Go Test","github.com/specterops/bloodhound/packages/go/analysis/azure/TestRoleMembers","TestRoleMembers"
"Test cases for TestMarshalTime","0","TestMarshalTime","","Mon Jul 13 18:06:57 UTC 2026","passed","Mon Jul 13 18:06:57 UTC 2026","","Go Test","github.com/specterops/bloodhound/cmd/api/src/database/types/null/TestMarshalTime","TestMarshalTime"
"","18","allows you to update the list of selected filters, only updating the url after calling the apply function","usePathfindingFilters","Mon Jul 13 18:12:40 UTC 2026","passed","Mon Jul 13 18:12:40 UTC 2026","","","",""
"","2","does not add optional filters if not present","createHistoryParams","Mon Jul 13 18:12:28 UTC 2026","passed","Mon Jul 13 18:12:28 UTC 2026","","","",""
"","691","should render the cypher search controls when user clicks on cypher tab","ExploreSearch rendering per tab","Mon Jul 13 18:13:55 UTC 2026","passed","Mon Jul 13 18:13:55 UTC 2026","","","",""
"Test cases for TestDefaultRateLimitMiddleware","1","TestDefaultRateLimitMiddleware","","Mon Jul 13 18:06:45 UTC 2026","passed","Mon Jul 13 18:06:45 UTC 2026","","Go Test","github.com/specterops/bloodhound/cmd/api/src/api/middleware/TestDefaultRateLimitMiddleware","TestDefaultRateLimitMiddleware"
"Test cases for TestTypes_Value","0","TestTypes_Value","","Mon Jul 13 18:06:57 UTC 2026","passed","Mon Jul 13 18:06:57 UTC 2026","","Go Test","github.com/specterops/bloodhound/cmd/api/src/database/types/TestTypes_Value","TestTypes_Value"
"","163","renders with a selected icon","Glyph Select Dialog","Mon Jul 13 18:12:53 UTC 2026","passed","Mon Jul 13 18:12:53 UTC 2026","","","",""
"Test cases for TestResources_ListADEntityDCOMRights","3","TestResources_ListADEntityDCOMRights","","Mon Jul 13 18:06:53 UTC 2026","passed","Mon Jul 13 18:06:53 UTC 2026","","Go Test","github.com/specterops/bloodhound/cmd/api/src/api/v2/TestResources_ListADEntityDCOMRights","TestResources_ListADEntityDCOMRights"
"","13","when password is expired and not on password reset page, redirects to password reset page","AuthenticatedRoute","Mon Jul 13 18:14:12 UTC 2026","passed","Mon Jul 13 18:14:12 UTC 2026","","","",""
"Test cases for TestResources_DeleteSavedQuery_NotAUserAuth","0","TestResources_DeleteSavedQuery_NotAUserAuth","","Mon Jul 13 18:06:53 UTC 2026","passed","Mon Jul 13 18:06:53 UTC 2026","","Go Test","github.com/specterops/bloodhound/cmd/api/src/api/v2/TestResources_DeleteSavedQuery_NotAUserAuth","TestResources_DeleteSavedQuery_NotAUserAuth"
"","256","navigates to all rules when clicking ""All Rules""","RulesAccordion","Mon Jul 13 18:11:13 UTC 2026","passed","Mon Jul 13 18:11:13 UTC 2026","","","",""
"Test cases for TestDatabase_NullUUID","0","TestDatabase_NullUUID","","Mon Jul 13 18:06:57 UTC 2026","passed","Mon Jul 13 18:06:57 UTC 2026","","Go Test","github.com/specterops/bloodhound/cmd/api/src/database/TestDatabase_NullUUID","TestDatabase_NullUUID"
"","23","returns initialValue when the key is absent from localStorage","useLocalStorage","Mon Jul 13 18:10:25 UTC 2026","passed","Mon Jul 13 18:10:25 UTC 2026","","initial value","",""
"","242","should render with the correct content","ConfirmUpdateQueryDialog","Mon Jul 13 18:12:53 UTC 2026","passed","Mon Jul 13 18:12:53 UTC 2026","","","",""
"Test cases for TestSeekToKey","1","TestSeekToKey","","Mon Jul 13 18:07:03 UTC 2026","passed","Mon Jul 13 18:07:03 UTC 2026","","Go Test","github.com/specterops/bloodhound/cmd/api/src/services/graphify/TestSeekToKey","TestSeekToKey"
"","626","should render an update user form","UpdateUserDialog","Mon Jul 13 18:09:01 UTC 2026","passed","Mon Jul 13 18:09:02 UTC 2026","","","",""
"","193","Verify Vault Reader count is the count returned by All Readers","EntityInfoDataTable","Mon Jul 13 18:09:38 UTC 2026","passed","Mon Jul 13 18:09:38 UTC 2026","","Node count for Vault Readers nested table","",""
"Test cases for TestWriteBasic","0","TestWriteBasic","","Mon Jul 13 18:07:28 UTC 2026","passed","Mon Jul 13 18:07:28 UTC 2026","","Go Test","github.com/specterops/bloodhound/packages/go/responses/TestWriteBasic","TestWriteBasic"
"Test cases for TestResources_GetAssetGroupTags","3","TestResources_GetAssetGroupTags","","Mon Jul 13 18:06:53 UTC 2026","passed","Mon Jul 13 18:06:53 UTC 2026","","Go Test","github.com/specterops/bloodhound/cmd/api/src/api/v2/TestResources_GetAssetGroupTags","TestResources_GetAssetGroupTags"
"Test cases for Test_TopLevel","0","Test_TopLevel","","Mon Jul 13 18:07:41 UTC 2026","passed","Mon Jul 13 18:07:41 UTC 2026","","Go Test","github.com/specterops/bloodhound/packages/go/schemagen/csgen/Test_TopLevel","Test_TopLevel"
"","14","renders the ZoneSelector when available and on a Zone page","TagSelector","Mon Jul 13 18:11:25 UTC 2026","passed","Mon Jul 13 18:11:26 UTC 2026","","","",""
"","0","should compute the midpoint of a line segment","bezier","Mon Jul 13 18:14:13 UTC 2026","passed","Mon Jul 13 18:14:13 UTC 2026","","","",""
"Test cases for TestManagementResource_ListAuthTokens_DBError","0","TestManagementResource_ListAuthTokens_DBError","","Mon Jul 13 18:07:22 UTC 2026","passed","Mon Jul 13 18:07:22 UTC 2026","","Go Test","github.com/specterops/bloodhound/cmd/api/src/api/v2/auth/TestManagementResource_ListAuthTokens_DBError","TestManagementResource_ListAuthTokens_DBError"
"","217","renders the form for creating a new label","Tag Form","Mon Jul 13 18:07:47 UTC 2026","passed","Mon Jul 13 18:07:47 UTC 2026","","","",""
"","628","renders the Platforms dropdown and handles click event","QuerySearchFilter","Mon Jul 13 18:11:19 UTC 2026","passed","Mon Jul 13 18:11:20 UTC 2026","","","",""
"Test cases for TestIsValidEmail","0","TestIsValidEmail","","Mon Jul 13 18:07:22 UTC 2026","passed","Mon Jul 13 18:07:22 UTC 2026","","Go Test","github.com/specterops/bloodhound/cmd/api/src/utils/TestIsValidEmail","TestIsValidEmail"
"Test cases for TestManagementResource_OIDCCallbackHandler","31","TestManagementResource_OIDCCallbackHandler","","Mon Jul 13 18:07:40 UTC 2026","passed","Mon Jul 13 18:07:40 UTC 2026","","Go Test","github.com/specterops/bloodhound/cmd/api/src/api/v2/auth/TestManagementResource_OIDCCallbackHandler","TestManagementResource_OIDCCallbackHandler"
"","52","renders section when no errors occur","EntityInfoCollapsibleSection","Mon Jul 13 18:12:46 UTC 2026","passed","Mon Jul 13 18:12:46 UTC 2026","","","",""
"","432","should display CreateUserTokenDialog","UserTokenManagementDialog","Mon Jul 13 18:09:44 UTC 2026","passed","Mon Jul 13 18:09:45 UTC 2026","","when user clicks ""Create Token"" button","",""
"","150","disables the create user button and does not populate a table if the user lacks the permission","Users","Mon Jul 13 18:09:31 UTC 2026","passed","Mon Jul 13 18:09:32 UTC 2026","","","",""
"","188","should fire Cancel once with false","DeleteConfirmationDialog","Mon Jul 13 18:12:45 UTC 2026","passed","Mon Jul 13 18:12:45 UTC 2026","","","",""
"Test cases for TestResources_ListADDomainOutboundTrusts","0","TestResources_ListADDomainOutboundTrusts","","Mon Jul 13 18:06:53 UTC 2026","passed","Mon Jul 13 18:06:53 UTC 2026","","Go Test","github.com/specterops/bloodhound/cmd/api/src/api/v2/TestResources_ListADDomainOutboundTrusts","TestResources_ListADDomainOutboundTrusts"
"","0","returns false if value is +0","searchParams","Mon Jul 13 18:11:47 UTC 2026","passed","Mon Jul 13 18:11:47 UTC 2026","","isEmptyParam","",""
"","96","renders the selected query in the cypher editor when editing a query that differs from the active cypher search","SaveQueryDialog","Mon Jul 13 18:07:49 UTC 2026","passed","Mon Jul 13 18:07:50 UTC 2026","","","",""
"","0","fails for password without special characters","testPassword","Mon Jul 13 18:13:18 UTC 2026","passed","Mon Jul 13 18:13:18 UTC 2026","","","",""
"","374","displays a “Disable query timeout” checkbox when timeout limit param config is enabled false","ExploreSearch interaction","Mon Jul 13 18:14:00 UTC 2026","passed","Mon Jul 13 18:14:01 UTC 2026","","","",""
"Test cases for TestUnmarshalNonIntegerNumber","0","TestUnmarshalNonIntegerNumber","","Mon Jul 13 18:06:57 UTC 2026","passed","Mon Jul 13 18:06:57 UTC 2026","","Go Test","github.com/specterops/bloodhound/cmd/api/src/database/types/null/TestUnmarshalNonIntegerNumber","TestUnmarshalNonIntegerNumber"
"Test cases for TestReadRFC3339","0","TestReadRFC3339","","Mon Jul 13 18:07:22 UTC 2026","passed","Mon Jul 13 18:07:22 UTC 2026","","Go Test","github.com/specterops/bloodhound/cmd/api/src/utils/TestReadRFC3339","TestReadRFC3339"
"","95","should not display the ETAC role-based filtering badge when filtering is disabled","Zone Management","Mon Jul 13 18:12:11 UTC 2026","passed","Mon Jul 13 18:12:12 UTC 2026","","","",""
"","74","indicates that filters are inactive","AssetGroupEdit","Mon Jul 13 18:10:04 UTC 2026","passed","Mon Jul 13 18:10:04 UTC 2026","","","",""
"","4304","should render","Pathfinding","Mon Jul 13 18:08:23 UTC 2026","passed","Mon Jul 13 18:08:27 UTC 2026","","","",""
"","2","rounds down fractional minutes/days","getSimpleDuration","Mon Jul 13 18:12:32 UTC 2026","passed","Mon Jul 13 18:12:32 UTC 2026","","","",""
"","543","On successful upload, displays a completion of 100% and adds a ""Complete"" button that closes the dialog","SchemaUploadDialog","Mon Jul 13 18:09:24 UTC 2026","passed","Mon Jul 13 18:09:24 UTC 2026","","","",""
"Test cases for TestError","0","TestError","","Mon Jul 13 18:06:41 UTC 2026","passed","Mon Jul 13 18:06:41 UTC 2026","","Go Test","github.com/specterops/bloodhound/cmd/api/src/api/TestError","TestError"
"","15","tag members refetches on environment change","the useAssetGroupTags utilities","Mon Jul 13 18:09:50 UTC 2026","passed","Mon Jul 13 18:09:50 UTC 2026","","","",""
"","43","does not render when ruleId is empty","Delete Selector Button rendering","Mon Jul 13 18:12:56 UTC 2026","passed","Mon Jul 13 18:12:56 UTC 2026","","","",""
"","119","disables the Columns button when the disabled prop is true","ManageColumnsComboBox","Mon Jul 13 18:09:55 UTC 2026","passed","Mon Jul 13 18:09:55 UTC 2026","","","",""
"Test cases for TestParseOptionalLimitQueryParameter","74","TestParseOptionalLimitQueryParameter","","Mon Jul 13 18:06:53 UTC 2026","passed","Mon Jul 13 18:06:53 UTC 2026","","Go Test","github.com/specterops/bloodhound/cmd/api/src/api/v2/TestParseOptionalLimitQueryParameter","TestParseOptionalLimitQueryParameter"
"","1","returns a function that takes a key found in updatedParams and updates the searchParams with that matching value from updatedParams","searchParams","Mon Jul 13 18:11:47 UTC 2026","passed","Mon Jul 13 18:11:47 UTC 2026","","setSingleParamFactory","",""
"Test cases for TestResources_GetPathfindingResult","1","TestResources_GetPathfindingResult","","Mon Jul 13 18:06:53 UTC 2026","passed","Mon Jul 13 18:06:53 UTC 2026","","Go Test","github.com/specterops/bloodhound/cmd/api/src/api/v2/TestResources_GetPathfindingResult","TestResources_GetPathfindingResult"
"","18","returns when label limit is reached","useTagLimits","Mon Jul 13 18:08:34 UTC 2026","passed","Mon Jul 13 18:08:34 UTC 2026","","","",""
"","9","hides items while permissions are loading","useSubNavRoutes","Mon Jul 13 18:10:42 UTC 2026","passed","Mon Jul 13 18:10:42 UTC 2026","","permissions gate","",""
"Test cases for TestUrlValidator","0","TestUrlValidator","","Mon Jul 13 18:07:22 UTC 2026","passed","Mon Jul 13 18:07:22 UTC 2026","","Go Test","github.com/specterops/bloodhound/cmd/api/src/utils/validation/TestUrlValidator","TestUrlValidator"
"","142","should fire Confirm once with true","ConfirmationDialog","Mon Jul 13 18:13:05 UTC 2026","passed","Mon Jul 13 18:13:05 UTC 2026","","","",""
"","28","sets the document title using the app name from AppNameProvider","PageWithTitle","Mon Jul 13 18:13:18 UTC 2026","passed","Mon Jul 13 18:13:18 UTC 2026","","","",""
"Test cases for TestTracker_HasEdge_DuplicateCalls","0","TestTracker_HasEdge_DuplicateCalls","","Mon Jul 13 18:07:23 UTC 2026","passed","Mon Jul 13 18:07:23 UTC 2026","","Go Test","github.com/specterops/bloodhound/packages/go/analysis/post/TestTracker_HasEdge_DuplicateCalls","TestTracker_HasEdge_DuplicateCalls"
"Test cases for TestParseHeaderValues","0","TestParseHeaderValues","","Mon Jul 13 18:06:45 UTC 2026","passed","Mon Jul 13 18:06:45 UTC 2026","","Go Test","github.com/specterops/bloodhound/cmd/api/src/api/middleware/TestParseHeaderValues","TestParseHeaderValues"
"","20","dedupes edges before adding them to the graph","Explore utils","Mon Jul 13 18:14:07 UTC 2026","passed","Mon Jul 13 18:14:07 UTC 2026","","initGraph","",""
"","371","disables the create provider button for a user with the auditor role","SSOConfiguration","Mon Jul 13 18:09:18 UTC 2026","passed","Mon Jul 13 18:09:18 UTC 2026","","","",""
"","5","returns true if arrays are referentially equal","areArraysSimilar","Mon Jul 13 18:12:55 UTC 2026","passed","Mon Jul 13 18:12:55 UTC 2026","","","",""
"Test cases for Test_GetAssetGroupMembersBySelector","8","Test_GetAssetGroupMembersBySelector","","Mon Jul 13 18:06:53 UTC 2026","passed","Mon Jul 13 18:06:53 UTC 2026","","Go Test","github.com/specterops/bloodhound/cmd/api/src/api/v2/Test_GetAssetGroupMembersBySelector","Test_GetAssetGroupMembersBySelector"
"","2","stores a string value in localStorage","useLocalStorage","Mon Jul 13 18:10:25 UTC 2026","passed","Mon Jul 13 18:10:25 UTC 2026","","setValue","",""
"","0","The user has yet to type into the search","Getting the text for the disabled item display for a search when there are no results","Mon Jul 13 18:12:17 UTC 2026","passed","Mon Jul 13 18:12:17 UTC 2026","","Empty data states","",""
"Test cases for TestQueries_GetRequestedType","0","TestQueries_GetRequestedType","","Mon Jul 13 18:07:00 UTC 2026","passed","Mon Jul 13 18:07:00 UTC 2026","","Go Test","github.com/specterops/bloodhound/cmd/api/src/queries/TestQueries_GetRequestedType","TestQueries_GetRequestedType"
"Test cases for TestManagementResource_OIDCLoginHandler","30","TestManagementResource_OIDCLoginHandler","","Mon Jul 13 18:07:40 UTC 2026","passed","Mon Jul 13 18:07:40 UTC 2026","","Go Test","github.com/specterops/bloodhound/cmd/api/src/api/v2/auth/TestManagementResource_OIDCLoginHandler","TestManagementResource_OIDCLoginHandler"
"","95","shows the direct object and expanded object list when results are present for both","Seed Selection Results","Mon Jul 13 18:09:50 UTC 2026","passed","Mon Jul 13 18:09:50 UTC 2026","","","",""
"","64","button is disabled when note is falsy","NoteCell component","Mon Jul 13 18:11:58 UTC 2026","passed","Mon Jul 13 18:11:58 UTC 2026","","","",""
"","0","returns null if paramValue is ''","useEnvironmentParams","Mon Jul 13 18:13:19 UTC 2026","passed","Mon Jul 13 18:13:19 UTC 2026","","parseEnvironmentAggregation","",""
"","328","calls onChange with initial default columns when ""Reset Default"" is clicked","ManageColumnsComboBox","Mon Jul 13 18:09:56 UTC 2026","passed","Mon Jul 13 18:09:57 UTC 2026","","","",""
"Test cases for TestStringScan","0","TestStringScan","","Mon Jul 13 18:06:57 UTC 2026","passed","Mon Jul 13 18:06:57 UTC 2026","","Go Test","github.com/specterops/bloodhound/cmd/api/src/database/types/null/TestStringScan","TestStringScan"
"","396","has user filters","FileIngestFilterDialog","Mon Jul 13 18:09:37 UTC 2026","passed","Mon Jul 13 18:09:37 UTC 2026","","User Select","",""
"Test cases for TestResources_ListAuditLogs_OnlyOffset","0","TestResources_ListAuditLogs_OnlyOffset","","Mon Jul 13 18:06:53 UTC 2026","passed","Mon Jul 13 18:06:53 UTC 2026","","Go Test","github.com/specterops/bloodhound/cmd/api/src/api/v2/TestResources_ListAuditLogs_OnlyOffset","TestResources_ListAuditLogs_OnlyOffset"
"","797","should open save dialog on keyboard press alt+S","CypherSearch","Mon Jul 13 18:08:44 UTC 2026","passed","Mon Jul 13 18:08:45 UTC 2026","","","",""
"","1","returns a function that can set arrays query params removes previous values set to that array query param","searchParams","Mon Jul 13 18:11:47 UTC 2026","passed","Mon Jul 13 18:11:47 UTC 2026","","setSingleParamFactory","",""
"Test cases for TestAnalysisPipelineResultString","2","TestAnalysisPipelineResultString","","Mon Jul 13 18:07:23 UTC 2026","passed","Mon Jul 13 18:07:23 UTC 2026","","Go Test","github.com/specterops/bloodhound/packages/go/analysis/TestAnalysisPipelineResultString","TestAnalysisPipelineResultString"
"","1001","allows switching between the Zones and Labels tabs","Zone Management","Mon Jul 13 18:12:10 UTC 2026","passed","Mon Jul 13 18:12:11 UTC 2026","","","",""
"","29","returns undefined if environmentId searched for is not found","useAvailableEnvironments","Mon Jul 13 18:10:43 UTC 2026","passed","Mon Jul 13 18:10:43 UTC 2026","","useSelectedEnvironment","",""
"Test cases for TestAnalysisStepsValue","11","TestAnalysisStepsValue","","Mon Jul 13 18:06:58 UTC 2026","passed","Mon Jul 13 18:06:58 UTC 2026","","Go Test","github.com/specterops/bloodhound/cmd/api/src/model/TestAnalysisStepsValue","TestAnalysisStepsValue"
"Test cases for TestSortJSONArrays","1","TestSortJSONArrays","","Mon Jul 13 18:07:22 UTC 2026","passed","Mon Jul 13 18:07:22 UTC 2026","","Go Test","github.com/specterops/bloodhound/cmd/api/src/utils/test/TestSortJSONArrays","TestSortJSONArrays"
"","559","should accept passwords with unicode punctuation characters","CreateUserForm","Mon Jul 13 18:08:28 UTC 2026","passed","Mon Jul 13 18:08:28 UTC 2026","","","",""
"Test cases for TestCache_Reset","0","TestCache_Reset","","Mon Jul 13 18:07:24 UTC 2026","passed","Mon Jul 13 18:07:24 UTC 2026","","Go Test","github.com/specterops/bloodhound/packages/go/cache/TestCache_Reset","TestCache_Reset"
"Test cases for TestService_GetNode","0","TestService_GetNode","","Mon Jul 13 18:07:52 UTC 2026","passed","Mon Jul 13 18:07:52 UTC 2026","","Go Test","github.com/specterops/bloodhound/server/graphdb/internal/services/TestService_GetNode","TestService_GetNode"
"Test cases for TestBuildSQLSort","1","TestBuildSQLSort","","Mon Jul 13 18:06:41 UTC 2026","passed","Mon Jul 13 18:06:41 UTC 2026","","Go Test","github.com/specterops/bloodhound/cmd/api/src/api/TestBuildSQLSort","TestBuildSQLSort"
"","518","should accept passwords with standard special characters","CreateUserForm","Mon Jul 13 18:08:27 UTC 2026","passed","Mon Jul 13 18:08:28 UTC 2026","","","",""
"Test cases for TestIntFrom","0","TestIntFrom","","Mon Jul 13 18:06:57 UTC 2026","passed","Mon Jul 13 18:06:57 UTC 2026","","Go Test","github.com/specterops/bloodhound/cmd/api/src/database/types/null/TestIntFrom","TestIntFrom"
"Test cases for TestResources_SearchHandler","0","TestResources_SearchHandler","","Mon Jul 13 18:06:53 UTC 2026","passed","Mon Jul 13 18:06:53 UTC 2026","","Go Test","github.com/specterops/bloodhound/cmd/api/src/api/v2/TestResources_SearchHandler","TestResources_SearchHandler"
"","980","should call onSave when Save button is clicked and form input is valid","UpdateUserDialog","Mon Jul 13 18:09:02 UTC 2026","passed","Mon Jul 13 18:09:03 UTC 2026","","","",""
"","354","should display correctly","DeleteConfirmationDialog","Mon Jul 13 18:12:44 UTC 2026","passed","Mon Jul 13 18:12:45 UTC 2026","","","",""
"Test cases for TestHandlers_GetRelationshipByID","0","TestHandlers_GetRelationshipByID","","Mon Jul 13 18:07:50 UTC 2026","passed","Mon Jul 13 18:07:50 UTC 2026","","Go Test","github.com/specterops/bloodhound/server/graphdb/internal/handlers/TestHandlers_GetRelationshipByID","TestHandlers_GetRelationshipByID"
"","14","does not render when selector is default","Delete Selector Button rendering","Mon Jul 13 18:12:56 UTC 2026","passed","Mon Jul 13 18:12:56 UTC 2026","","","",""
"","238","fires editQuery in context provider","ListItemActionMenu","Mon Jul 13 18:11:48 UTC 2026","passed","Mon Jul 13 18:11:48 UTC 2026","","","",""
"","251","removes a node from an asset group tag","AssetGroupMenuItem","Mon Jul 13 18:10:01 UTC 2026","passed","Mon Jul 13 18:10:01 UTC 2026","","","",""
"","614","adds node to asset group tag with confirmation","AssetGroupMenuItem","Mon Jul 13 18:10:00 UTC 2026","passed","Mon Jul 13 18:10:01 UTC 2026","","","",""
"","246","on clicking switch shows modal and when clicking confirm closes it and switch changes to disabled","CitrixRDPConfiguration","Mon Jul 13 18:10:11 UTC 2026","passed","Mon Jul 13 18:10:12 UTC 2026","","Click on switch to disable","",""
"Test cases for TestNewFileServiceResolver","2","TestNewFileServiceResolver","","Mon Jul 13 18:07:05 UTC 2026","passed","Mon Jul 13 18:07:05 UTC 2026","","Go Test","github.com/specterops/bloodhound/cmd/api/src/services/storage/TestNewFileServiceResolver","TestNewFileServiceResolver"
"","1321","renders","Privilege Zones History Filter Dialog","Mon Jul 13 18:10:33 UTC 2026","passed","Mon Jul 13 18:10:34 UTC 2026","","","",""
"","119","should should reflect the checked state for public query","SavedQueryPermissions","Mon Jul 13 18:11:40 UTC 2026","passed","Mon Jul 13 18:11:40 UTC 2026","","","",""
"Test cases for TestReadDomainIDandNameAsString","0","TestReadDomainIDandNameAsString","","Mon Jul 13 18:07:23 UTC 2026","passed","Mon Jul 13 18:07:23 UTC 2026","","Go Test","github.com/specterops/bloodhound/packages/go/analysis/ad/internal/nodeprops/TestReadDomainIDandNameAsString","TestReadDomainIDandNameAsString"
"","5451","calls onExploreMenuCollapse again when user reopens widget and runs another multi-node query","CypherSearch","Mon Jul 13 18:09:02 UTC 2026","passed","Mon Jul 13 18:09:08 UTC 2026","","Minimize explorer page elements when multiple nodes are returned","",""
"Test cases for TestFloatIsZero","0","TestFloatIsZero","","Mon Jul 13 18:06:57 UTC 2026","passed","Mon Jul 13 18:06:57 UTC 2026","","Go Test","github.com/specterops/bloodhound/cmd/api/src/database/types/null/TestFloatIsZero","TestFloatIsZero"
"Test cases for TestIntValueOrZero","0","TestIntValueOrZero","","Mon Jul 13 18:06:57 UTC 2026","passed","Mon Jul 13 18:06:57 UTC 2026","","Go Test","github.com/specterops/bloodhound/cmd/api/src/database/types/null/TestIntValueOrZero","TestIntValueOrZero"
"","0","properly displays bitwise integers","Formatting number properties","Mon Jul 13 18:10:00 UTC 2026","passed","Mon Jul 13 18:10:00 UTC 2026","","","",""
"Test cases for TestResources_GetShortestPath_ETAC","39","TestResources_GetShortestPath_ETAC","","Mon Jul 13 18:06:53 UTC 2026","passed","Mon Jul 13 18:06:53 UTC 2026","","Go Test","github.com/specterops/bloodhound/cmd/api/src/api/v2/TestResources_GetShortestPath_ETAC","TestResources_GetShortestPath_ETAC"
"Test cases for TestIsValidClientVersion","0","TestIsValidClientVersion","","Mon Jul 13 18:07:22 UTC 2026","passed","Mon Jul 13 18:07:22 UTC 2026","","Go Test","github.com/specterops/bloodhound/cmd/api/src/utils/TestIsValidClientVersion","TestIsValidClientVersion"
"","807","should call onSave when save button is clicked","SaveQueryDialog","Mon Jul 13 18:07:48 UTC 2026","passed","Mon Jul 13 18:07:49 UTC 2026","","","",""
"","4","uses sequentialLayout by default","Explore utils","Mon Jul 13 18:14:07 UTC 2026","passed","Mon Jul 13 18:14:07 UTC 2026","","initGraph","",""
"","727","should display Environmental Targeted Access Control panel when showEnvironmentAccessControls prop is true and read-only role is selected","UpdateUserForm","Mon Jul 13 18:07:58 UTC 2026","passed","Mon Jul 13 18:07:59 UTC 2026","","","",""
"","120","calls onSort when clicked","ColumnHeaders","Mon Jul 13 18:10:59 UTC 2026","passed","Mon Jul 13 18:10:59 UTC 2026","","SortableHeader","",""
"","1285","shows a warning for using labels associated with tags in zone forms","Rule Form","Mon Jul 13 18:08:03 UTC 2026","passed","Mon Jul 13 18:08:04 UTC 2026","","","",""
"Test cases for TestDispatchAnalysisSteps","4","TestDispatchAnalysisSteps","","Mon Jul 13 18:07:23 UTC 2026","passed","Mon Jul 13 18:07:23 UTC 2026","","Go Test","github.com/specterops/bloodhound/packages/go/analysis/TestDispatchAnalysisSteps","TestDispatchAnalysisSteps"
"","231","should render","NoDataDialog","Mon Jul 13 18:13:20 UTC 2026","passed","Mon Jul 13 18:13:20 UTC 2026","","","",""
"Test cases for TestResources_ListEdgeTypes","81","TestResources_ListEdgeTypes","","Mon Jul 13 18:06:53 UTC 2026","passed","Mon Jul 13 18:06:53 UTC 2026","","Go Test","github.com/specterops/bloodhound/cmd/api/src/api/v2/TestResources_ListEdgeTypes","TestResources_ListEdgeTypes"
"","77","renders a dash when actor is BloodHoundString","NoteCell component","Mon Jul 13 18:11:58 UTC 2026","passed","Mon Jul 13 18:11:58 UTC 2026","","","",""
"Test cases for TestTracker_ConcurrentHasEdge","0","TestTracker_ConcurrentHasEdge","","Mon Jul 13 18:07:23 UTC 2026","passed","Mon Jul 13 18:07:23 UTC 2026","","Go Test","github.com/specterops/bloodhound/packages/go/analysis/post/TestTracker_ConcurrentHasEdge","TestTracker_ConcurrentHasEdge"
"","68","should display a message","CypherSearchMessage","Mon Jul 13 18:13:28 UTC 2026","passed","Mon Jul 13 18:13:28 UTC 2026","","","",""
"Test cases for TestService_GetRequest","2","TestService_GetRequest","","Mon Jul 13 18:07:48 UTC 2026","passed","Mon Jul 13 18:07:48 UTC 2026","","Go Test","github.com/specterops/bloodhound/server/analysis/internal/services/TestService_GetRequest","TestService_GetRequest"
"Test cases for TestResources_GetAssetGroupMemberCount_DBError","0","TestResources_GetAssetGroupMemberCount_DBError","","Mon Jul 13 18:06:53 UTC 2026","passed","Mon Jul 13 18:06:53 UTC 2026","","Go Test","github.com/specterops/bloodhound/cmd/api/src/api/v2/TestResources_GetAssetGroupMemberCount_DBError","TestResources_GetAssetGroupMemberCount_DBError"
"","8","hides items when the user is missing a required permission","useSubNavRoutes","Mon Jul 13 18:10:42 UTC 2026","passed","Mon Jul 13 18:10:42 UTC 2026","","permissions gate","",""
"","0","uses the correct entity name in the Object ID message","getErrorMessage","Mon Jul 13 18:09:28 UTC 2026","passed","Mon Jul 13 18:09:28 UTC 2026","","","",""
"Test cases for TestFoldl","1","TestFoldl","","Mon Jul 13 18:07:41 UTC 2026","passed","Mon Jul 13 18:07:41 UTC 2026","","Go Test","github.com/specterops/bloodhound/packages/go/slicesext/TestFoldl","TestFoldl"
"","1169","open and closes dialog","DatabaseManagement","Mon Jul 13 18:13:49 UTC 2026","passed","Mon Jul 13 18:13:50 UTC 2026","","","",""
"","349","displays an autofocused text input","SearchCurrentNodes","Mon Jul 13 18:11:18 UTC 2026","passed","Mon Jul 13 18:11:18 UTC 2026","","","",""
"Test cases for TestAnalysisErrorsCoversPipelineSteps","2","TestAnalysisErrorsCoversPipelineSteps","","Mon Jul 13 18:07:23 UTC 2026","passed","Mon Jul 13 18:07:23 UTC 2026","","Go Test","github.com/specterops/bloodhound/packages/go/analysis/TestAnalysisErrorsCoversPipelineSteps","TestAnalysisErrorsCoversPipelineSteps"
"","25","renders GraphButton with correct text","GraphControls","Mon Jul 13 18:08:16 UTC 2026","passed","Mon Jul 13 18:08:16 UTC 2026","","Searching current results","",""
"","1","pwdlastset","Handling value formatting for Active Directory entity properties lastlogon, lastlogontimestamp, whencreated, and pwdlastset","Mon Jul 13 18:10:00 UTC 2026","passed","Mon Jul 13 18:10:00 UTC 2026","","","",""
"","123","shows the Automatic Certification label and the certification dropdown with its full description","BasicInfo","Mon Jul 13 18:10:40 UTC 2026","passed","Mon Jul 13 18:10:40 UTC 2026","","when isCertificationDisabledOnZoneLevel is true","",""
"","476","opens nested sections and updates URL params correctly","EntityInfoDataTable","Mon Jul 13 18:09:37 UTC 2026","passed","Mon Jul 13 18:09:38 UTC 2026","","Node count for nested table that counts all sections","",""
"Test cases for TestIngestJobs_IsSortable","0","TestIngestJobs_IsSortable","","Mon Jul 13 18:06:58 UTC 2026","passed","Mon Jul 13 18:06:58 UTC 2026","","Go Test","github.com/specterops/bloodhound/cmd/api/src/model/TestIngestJobs_IsSortable","TestIngestJobs_IsSortable"
"","319","clicking a delete button calls deleteHandler","PrebuiltSearchList","Mon Jul 13 18:11:04 UTC 2026","passed","Mon Jul 13 18:11:05 UTC 2026","","","",""
"","64","sets autoDisplayTable to true if query returns nodes only, searchType = cypher, and and enabled is true","useExploreTableAutoDisplay","Mon Jul 13 18:12:07 UTC 2026","passed","Mon Jul 13 18:12:07 UTC 2026","","","",""
"","8","shows items when the user has admin permissions","useSubNavRoutes","Mon Jul 13 18:10:42 UTC 2026","passed","Mon Jul 13 18:10:42 UTC 2026","","adminOnly gate","",""
"","106","renders the analysis toggle when multi tier analysis enabled is true and when editing an existing zone","Tag Form","Mon Jul 13 18:07:48 UTC 2026","passed","Mon Jul 13 18:07:48 UTC 2026","","","",""
"Test cases for TestTracker_HasEdge_PropertyChangeDetectedAsDeletion","0","TestTracker_HasEdge_PropertyChangeDetectedAsDeletion","","Mon Jul 13 18:07:23 UTC 2026","passed","Mon Jul 13 18:07:23 UTC 2026","","Go Test","github.com/specterops/bloodhound/packages/go/analysis/post/TestTracker_HasEdge_PropertyChangeDetectedAsDeletion","TestTracker_HasEdge_PropertyChangeDetectedAsDeletion"
"","473","disables confirm button until extension name is typed correctly","ActiveExtensionsCard","Mon Jul 13 18:08:17 UTC 2026","passed","Mon Jul 13 18:08:18 UTC 2026","","","",""
"","63","shows an error notification if there is an error fetching","useFinishedJobs","Mon Jul 13 18:10:35 UTC 2026","passed","Mon Jul 13 18:10:35 UTC 2026","","","",""
"","62","correctly handles the hygiene ID with value 0 by not omitting it in the params value even though 0 is falsey","usePZQueryParams","Mon Jul 13 18:11:23 UTC 2026","passed","Mon Jul 13 18:11:23 UTC 2026","","","",""
"Test cases for TestTextUnmarshalString","0","TestTextUnmarshalString","","Mon Jul 13 18:06:57 UTC 2026","passed","Mon Jul 13 18:06:57 UTC 2026","","Go Test","github.com/specterops/bloodhound/cmd/api/src/database/types/null/TestTextUnmarshalString","TestTextUnmarshalString"
"Test cases for TestResources_ListAuditLogs","3","TestResources_ListAuditLogs","","Mon Jul 13 18:06:53 UTC 2026","passed","Mon Jul 13 18:06:53 UTC 2026","","Go Test","github.com/specterops/bloodhound/cmd/api/src/api/v2/TestResources_ListAuditLogs","TestResources_ListAuditLogs"
"","619","triggers a file download when a download button is clicked","DownloadCollectors","Mon Jul 13 18:14:05 UTC 2026","passed","Mon Jul 13 18:14:05 UTC 2026","","","",""
"","1","combines platform and risk filters","filterAndSearchEnvironments","Mon Jul 13 18:08:12 UTC 2026","passed","Mon Jul 13 18:08:12 UTC 2026","","combined filters","",""
"Test cases for TestPasswordValidator","1","TestPasswordValidator","","Mon Jul 13 18:07:22 UTC 2026","passed","Mon Jul 13 18:07:22 UTC 2026","","Go Test","github.com/specterops/bloodhound/cmd/api/src/utils/validation/TestPasswordValidator","TestPasswordValidator"
"","63","should render a navigation list item","MainNav","Mon Jul 13 18:10:24 UTC 2026","passed","Mon Jul 13 18:10:24 UTC 2026","","","",""
"Test cases for TestBuildErrorResponseBadRequest","0","TestBuildErrorResponseBadRequest","","Mon Jul 13 18:06:41 UTC 2026","passed","Mon Jul 13 18:06:41 UTC 2026","","Go Test","github.com/specterops/bloodhound/cmd/api/src/api/TestBuildErrorResponseBadRequest","TestBuildErrorResponseBadRequest"
"","1","calculates skip correctly for pageParam > 1","createHistoryParams","Mon Jul 13 18:12:28 UTC 2026","passed","Mon Jul 13 18:12:28 UTC 2026","","","",""
"","4","should compute coordinates along a quadratic bezier curve for a given t value","bezier","Mon Jul 13 18:14:13 UTC 2026","passed","Mon Jul 13 18:14:13 UTC 2026","","","",""
"Test cases for TestPreMigrationDaemonsResolvesRetainedFileService","3","TestPreMigrationDaemonsResolvesRetainedFileService","","Mon Jul 13 18:07:02 UTC 2026","passed","Mon Jul 13 18:07:02 UTC 2026","","Go Test","github.com/specterops/bloodhound/cmd/api/src/services/TestPreMigrationDaemonsResolvesRetainedFileService","TestPreMigrationDaemonsResolvesRetainedFileService"
"","84","should hide Environmental Targeted Access Control panel when showEnvironmentAccessControls prop is false","CreateUserForm","Mon Jul 13 18:08:27 UTC 2026","passed","Mon Jul 13 18:08:27 UTC 2026","","","",""
"Test cases for TestHandleDatabaseErrorNotFound","0","TestHandleDatabaseErrorNotFound","","Mon Jul 13 18:06:41 UTC 2026","passed","Mon Jul 13 18:06:41 UTC 2026","","Go Test","github.com/specterops/bloodhound/cmd/api/src/api/TestHandleDatabaseErrorNotFound","TestHandleDatabaseErrorNotFound"
"Test cases for TestDurationValidator","0","TestDurationValidator","","Mon Jul 13 18:07:22 UTC 2026","passed","Mon Jul 13 18:07:22 UTC 2026","","Go Test","github.com/specterops/bloodhound/cmd/api/src/utils/validation/TestDurationValidator","TestDurationValidator"
"","65","navigates to the specified route with global params intact","AppNavigate","Mon Jul 13 18:12:04 UTC 2026","passed","Mon Jul 13 18:12:04 UTC 2026","","","",""
"","192","renders","EarlyAccessFeatureToggle","Mon Jul 13 18:14:22 UTC 2026","passed","Mon Jul 13 18:14:22 UTC 2026","","","",""
"Test cases for TestDatabase_GetAssetGroupTagSelector","0","TestDatabase_GetAssetGroupTagSelector","","Mon Jul 13 18:06:53 UTC 2026","passed","Mon Jul 13 18:06:53 UTC 2026","","Go Test","github.com/specterops/bloodhound/cmd/api/src/api/v2/TestDatabase_GetAssetGroupTagSelector","TestDatabase_GetAssetGroupTagSelector"
"TestOpenGraphSchemaService_UpsertGraphSchemaExtension -","1","TestOpenGraphSchemaService_UpsertGraphSchemaExtension","","Mon Jul 13 18:07:05 UTC 2026","passed","Mon Jul 13 18:07:05 UTC 2026","","Go Test","github.com/specterops/bloodhound/cmd/api/src/services/opengraphschema/TestOpenGraphSchemaService_UpsertGraphSchemaExtension","TestOpenGraphSchemaService_UpsertGraphSchemaExtension"
"Test cases for TestManagementResource_GetAZEntity","122","TestManagementResource_GetAZEntity","","Mon Jul 13 18:06:53 UTC 2026","passed","Mon Jul 13 18:06:53 UTC 2026","","Go Test","github.com/specterops/bloodhound/cmd/api/src/api/v2/TestManagementResource_GetAZEntity","TestManagementResource_GetAZEntity"
"","507","should not allow leading or trailing empty spaces","UpdateUserForm","Mon Jul 13 18:07:58 UTC 2026","passed","Mon Jul 13 18:07:58 UTC 2026","","","",""
"","511","calls handleFilterChange when a node type is selected","AssetGroupEdit","Mon Jul 13 18:10:05 UTC 2026","passed","Mon Jul 13 18:10:06 UTC 2026","","Node Type dropdown filter","",""
"","109","should display an error when error prop is truthy","SaveQueryDialog","Mon Jul 13 18:07:49 UTC 2026","passed","Mon Jul 13 18:07:49 UTC 2026","","","",""
"","76","when `selectedItem` is provided, the combobox displays the icon","icon rendering","Mon Jul 13 18:10:05 UTC 2026","passed","Mon Jul 13 18:10:05 UTC 2026","","","",""
"","0","fails for password with control characters","testPassword","Mon Jul 13 18:13:18 UTC 2026","passed","Mon Jul 13 18:13:18 UTC 2026","","","",""
"","106","should display the logged in user's role","UserProfile","Mon Jul 13 18:10:17 UTC 2026","passed","Mon Jul 13 18:10:17 UTC 2026","","","",""
"Test cases for TestStringPointer","0","TestStringPointer","","Mon Jul 13 18:06:57 UTC 2026","passed","Mon Jul 13 18:06:57 UTC 2026","","Go Test","github.com/specterops/bloodhound/cmd/api/src/database/types/null/TestStringPointer","TestStringPointer"
"Test cases for TestSortParseAndValidate_Parsing","0","TestSortParseAndValidate_Parsing","","Mon Jul 13 18:07:26 UTC 2026","passed","Mon Jul 13 18:07:26 UTC 2026","","Go Test","github.com/specterops/bloodhound/packages/go/params/TestSortParseAndValidate_Parsing","TestSortParseAndValidate_Parsing"
"TestRegister verifies that routes.Register binds the GET /api/v2/relationships/{id}endpoint to the gorilla/mux router so that matching requests are dispatched correctly.","1","TestRegister","","Mon Jul 13 18:07:52 UTC 2026","passed","Mon Jul 13 18:07:52 UTC 2026","","Go Test","github.com/specterops/bloodhound/server/graphdb/internal/routes/TestRegister","TestRegister"
"Test cases for TestWriteAndValidateJSON_NormalizationError","6","TestWriteAndValidateJSON_NormalizationError","","Mon Jul 13 18:07:07 UTC 2026","passed","Mon Jul 13 18:07:07 UTC 2026","","Go Test","github.com/specterops/bloodhound/cmd/api/src/services/upload/TestWriteAndValidateJSON_NormalizationError","TestWriteAndValidateJSON_NormalizationError"
"","19","displays a status label","StatusIndicator","Mon Jul 13 18:13:10 UTC 2026","passed","Mon Jul 13 18:13:10 UTC 2026","","","",""
"","389","should render","OneTimePasscodeForm","Mon Jul 13 18:12:26 UTC 2026","passed","Mon Jul 13 18:12:27 UTC 2026","","","",""
"Test cases for TestContextMiddlewareBypassDisabled","0","TestContextMiddlewareBypassDisabled","","Mon Jul 13 18:06:45 UTC 2026","passed","Mon Jul 13 18:06:45 UTC 2026","","Go Test","github.com/specterops/bloodhound/cmd/api/src/api/middleware/TestContextMiddlewareBypassDisabled","TestContextMiddlewareBypassDisabled"
"Test cases for TestCreateUser_ETAC","3637","TestCreateUser_ETAC","","Mon Jul 13 18:07:02 UTC 2026","passed","Mon Jul 13 18:07:06 UTC 2026","","Go Test","github.com/specterops/bloodhound/cmd/api/src/api/v2/auth/TestCreateUser_ETAC","TestCreateUser_ETAC"
"","14","checks whether more data is needed when loadedCount changes","useInfiniteScroll","Mon Jul 13 18:11:47 UTC 2026","passed","Mon Jul 13 18:11:47 UTC 2026","","","",""
"","793","dark mode should persist between logging in and out","redux store","Mon Jul 13 18:14:24 UTC 2026","passed","Mon Jul 13 18:14:25 UTC 2026","","","",""
"","167","links to the specified route with global params intact","AppLink","Mon Jul 13 18:11:27 UTC 2026","passed","Mon Jul 13 18:11:27 UTC 2026","","","",""
"","134","does not open the dialog when the user does not have the opengraph write permission","SchemaUploadDialog","Mon Jul 13 18:09:23 UTC 2026","passed","Mon Jul 13 18:09:23 UTC 2026","","","",""
"","3","uses the provided threshold when determining whether the scroll is close enough to the bottom","useInfiniteScroll","Mon Jul 13 18:11:47 UTC 2026","passed","Mon Jul 13 18:11:47 UTC 2026","","","",""
"","4052","subcategory with duplicate name does not show indeterminate when all its children are unchecked","Pathfinding","Mon Jul 13 18:09:29 UTC 2026","passed","Mon Jul 13 18:09:33 UTC 2026","","","",""
"","1042","renders the form for editing an existing rule","Rule Form","Mon Jul 13 18:07:57 UTC 2026","passed","Mon Jul 13 18:07:58 UTC 2026","","","",""
"Test cases for TestEndNodes","0","TestEndNodes","","Mon Jul 13 18:07:23 UTC 2026","passed","Mon Jul 13 18:07:23 UTC 2026","","Go Test","github.com/specterops/bloodhound/packages/go/analysis/azure/TestEndNodes","TestEndNodes"
"","244","shows a loading state","FileIngestTable","Mon Jul 13 18:08:50 UTC 2026","passed","Mon Jul 13 18:08:50 UTC 2026","","","",""
"Test cases for TestTracker_HasEdge_PropertyMismatchTriggersInsert","0","TestTracker_HasEdge_PropertyMismatchTriggersInsert","","Mon Jul 13 18:07:23 UTC 2026","passed","Mon Jul 13 18:07:23 UTC 2026","","Go Test","github.com/specterops/bloodhound/packages/go/analysis/post/TestTracker_HasEdge_PropertyMismatchTriggersInsert","TestTracker_HasEdge_PropertyMismatchTriggersInsert"
"Test cases for TestOrphanFileSweeper_AddExpectedStoragePath","15","TestOrphanFileSweeper_AddExpectedStoragePath","","Mon Jul 13 18:06:55 UTC 2026","passed","Mon Jul 13 18:06:55 UTC 2026","","Go Test","github.com/specterops/bloodhound/cmd/api/src/daemons/datapipe/TestOrphanFileSweeper_AddExpectedStoragePath","TestOrphanFileSweeper_AddExpectedStoragePath"
"","124","does not highlight any layout option on first load when no layout has been manually selected","GraphControls","Mon Jul 13 18:08:15 UTC 2026","passed","Mon Jul 13 18:08:15 UTC 2026","","Selecting a layout","",""
"","5251","does not close explore search tab menu or entity info panel when search returns zero nodes","CypherSearch","Mon Jul 13 18:08:51 UTC 2026","passed","Mon Jul 13 18:08:56 UTC 2026","","Minimize explorer page elements when multiple nodes are returned","",""
"","113","Disable Analyze Now and change to Analyzing if datapipe status is different from ""idle""","AnalyzeNowConfiguration","Mon Jul 13 18:10:25 UTC 2026","passed","Mon Jul 13 18:10:25 UTC 2026","","","",""
"Test cases for TestResources_ListADDomainContainedComputers","3","TestResources_ListADDomainContainedComputers","","Mon Jul 13 18:06:53 UTC 2026","passed","Mon Jul 13 18:06:53 UTC 2026","","Go Test","github.com/specterops/bloodhound/cmd/api/src/api/v2/TestResources_ListADDomainContainedComputers","TestResources_ListADDomainContainedComputers"
"Test cases for TestResources_GetGroupEntityInfo","0","TestResources_GetGroupEntityInfo","","Mon Jul 13 18:06:53 UTC 2026","passed","Mon Jul 13 18:06:53 UTC 2026","","Go Test","github.com/specterops/bloodhound/cmd/api/src/api/v2/TestResources_GetGroupEntityInfo","TestResources_GetGroupEntityInfo"
"","62","should should reflect the NOT checked state for public query","SavedQueryPermissions","Mon Jul 13 18:11:40 UTC 2026","passed","Mon Jul 13 18:11:40 UTC 2026","","","",""
"","561","displays a Upload Files button","FileIngest","Mon Jul 13 18:11:45 UTC 2026","passed","Mon Jul 13 18:11:45 UTC 2026","","","",""
"","201","renders with the Export and Delete buttons disabled","QuerySearchFilter","Mon Jul 13 18:11:20 UTC 2026","passed","Mon Jul 13 18:11:20 UTC 2026","","","",""
"Test cases for TestBoolIsZero","0","TestBoolIsZero","","Mon Jul 13 18:06:57 UTC 2026","passed","Mon Jul 13 18:06:57 UTC 2026","","Go Test","github.com/specterops/bloodhound/cmd/api/src/database/types/null/TestBoolIsZero","TestBoolIsZero"
"","4175","Sort arrow is visible and direction is correct","ExploreTable","Mon Jul 13 18:08:03 UTC 2026","passed","Mon Jul 13 18:08:08 UTC 2026","","","",""
"Test cases for TestRegister","0","TestRegister","","Mon Jul 13 18:07:48 UTC 2026","passed","Mon Jul 13 18:07:48 UTC 2026","","Go Test","github.com/specterops/bloodhound/server/analysis/internal/routes/TestRegister","TestRegister"
"","62","passes checks if the user has multiple required permissions","usePermissions","Mon Jul 13 18:10:10 UTC 2026","passed","Mon Jul 13 18:10:10 UTC 2026","","","",""
"Test cases for TestResources_UpdateSavedQuery_Admin_NonPublicQuery","0","TestResources_UpdateSavedQuery_Admin_NonPublicQuery","","Mon Jul 13 18:06:53 UTC 2026","passed","Mon Jul 13 18:06:53 UTC 2026","","Go Test","github.com/specterops/bloodhound/cmd/api/src/api/v2/TestResources_UpdateSavedQuery_Admin_NonPublicQuery","TestResources_UpdateSavedQuery_Admin_NonPublicQuery"
"","1225","renders asset group edit options with graph write permissions","ContextMenu","Mon Jul 13 18:14:02 UTC 2026","passed","Mon Jul 13 18:14:03 UTC 2026","","","",""
"","0","should return an empty map when no tags or paths match","opsFilter","Mon Jul 13 18:12:18 UTC 2026","passed","Mon Jul 13 18:12:18 UTC 2026","","","",""
"","2","removes the key when null is passed to the setter","useLocalStorage","Mon Jul 13 18:10:25 UTC 2026","passed","Mon Jul 13 18:10:25 UTC 2026","","setValue","",""
"","70","should hide Environmental Targeted Access Control panel when showEnvironmentAccessControls prop is false","UpdateUserForm","Mon Jul 13 18:08:02 UTC 2026","passed","Mon Jul 13 18:08:02 UTC 2026","","","",""
"Test cases for TestIngestControl_LockConflict","5","TestIngestControl_LockConflict","","Mon Jul 13 18:06:45 UTC 2026","passed","Mon Jul 13 18:06:45 UTC 2026","","Go Test","github.com/specterops/bloodhound/cmd/api/src/api/tools/TestIngestControl_LockConflict","TestIngestControl_LockConflict"
"Test cases for TestUnmarshalString","0","TestUnmarshalString","","Mon Jul 13 18:06:57 UTC 2026","passed","Mon Jul 13 18:06:57 UTC 2026","","Go Test","github.com/specterops/bloodhound/cmd/api/src/database/types/null/TestUnmarshalString","TestUnmarshalString"
"Test cases for Test_GetApplicationConfigurations","0","Test_GetApplicationConfigurations","","Mon Jul 13 18:06:53 UTC 2026","passed","Mon Jul 13 18:06:53 UTC 2026","","Go Test","github.com/specterops/bloodhound/cmd/api/src/api/v2/Test_GetApplicationConfigurations","Test_GetApplicationConfigurations"
"Test cases for TestResources_ListFileUploadJobs","0","TestResources_ListFileUploadJobs","","Mon Jul 13 18:06:53 UTC 2026","passed","Mon Jul 13 18:06:53 UTC 2026","","Go Test","github.com/specterops/bloodhound/cmd/api/src/api/v2/TestResources_ListFileUploadJobs","TestResources_ListFileUploadJobs"
"","712","should not call onSubmit when expired password is not supplied when reset password button clicked","PasswordResetForm","Mon Jul 13 18:10:47 UTC 2026","passed","Mon Jul 13 18:10:47 UTC 2026","","","",""
"","249","allows a user to upload a single file and displays its name in the dialog","SchemaUploadDialog","Mon Jul 13 18:09:24 UTC 2026","passed","Mon Jul 13 18:09:24 UTC 2026","","","",""
"","3","dispatches a storage event when a value is set","useLocalStorage","Mon Jul 13 18:10:25 UTC 2026","passed","Mon Jul 13 18:10:25 UTC 2026","","storage event synchronisation","",""
"Test cases for TestResources_ListADUserSessions","0","TestResources_ListADUserSessions","","Mon Jul 13 18:06:53 UTC 2026","passed","Mon Jul 13 18:06:53 UTC 2026","","Go Test","github.com/specterops/bloodhound/cmd/api/src/api/v2/TestResources_ListADUserSessions","TestResources_ListADUserSessions"
"","589","handles creating a new rule","Rule Form","Mon Jul 13 18:08:02 UTC 2026","passed","Mon Jul 13 18:08:03 UTC 2026","","","",""
"","12","should render a Field when the provided value is -0","Field","Mon Jul 13 18:12:42 UTC 2026","passed","Mon Jul 13 18:12:42 UTC 2026","","","",""
"Test cases for TestSavedQueries_GetValidFilterPredicatesAsStrings","0","TestSavedQueries_GetValidFilterPredicatesAsStrings","","Mon Jul 13 18:06:58 UTC 2026","passed","Mon Jul 13 18:06:58 UTC 2026","","Go Test","github.com/specterops/bloodhound/cmd/api/src/model/TestSavedQueries_GetValidFilterPredicatesAsStrings","TestSavedQueries_GetValidFilterPredicatesAsStrings"
"","348","should handle click events on apply and cancel","ConfirmUpdateQueryDialog","Mon Jul 13 18:12:53 UTC 2026","passed","Mon Jul 13 18:12:54 UTC 2026","","","",""
"","51","should render a Field when the provided value is false","Field","Mon Jul 13 18:12:42 UTC 2026","passed","Mon Jul 13 18:12:42 UTC 2026","","","",""
"","4","does not put assertive messages in the polite region","AnnouncementProvider","Mon Jul 13 18:11:06 UTC 2026","passed","Mon Jul 13 18:11:06 UTC 2026","","","",""
"","227","calls onLayoutChange with the same layout when the currently selected option is clicked, enabling de-selection","GraphControls","Mon Jul 13 18:08:15 UTC 2026","passed","Mon Jul 13 18:08:15 UTC 2026","","Selecting a layout","",""
"Test cases for TestQueries_GetEntityObjectIDFromRequestPath","1","TestQueries_GetEntityObjectIDFromRequestPath","","Mon Jul 13 18:07:00 UTC 2026","passed","Mon Jul 13 18:07:00 UTC 2026","","Go Test","github.com/specterops/bloodhound/cmd/api/src/queries/TestQueries_GetEntityObjectIDFromRequestPath","TestQueries_GetEntityObjectIDFromRequestPath"
"Test cases for TestAssetGroupMembers_BuildFilteringConditional_Error","0","TestAssetGroupMembers_BuildFilteringConditional_Error","","Mon Jul 13 18:06:40 UTC 2026","passed","Mon Jul 13 18:06:40 UTC 2026","","Go Test","github.com/specterops/bloodhound/cmd/api/src/api/TestAssetGroupMembers_BuildFilteringConditional_Error","TestAssetGroupMembers_BuildFilteringConditional_Error"
"Test cases for TestHandlers_GetNodeByID","2","TestHandlers_GetNodeByID","","Mon Jul 13 18:07:50 UTC 2026","passed","Mon Jul 13 18:07:50 UTC 2026","","Go Test","github.com/specterops/bloodhound/server/graphdb/internal/handlers/TestHandlers_GetNodeByID","TestHandlers_GetNodeByID"
"","37","shows the empty form message when Cypher Rule Form is empty","Seed Selection Results","Mon Jul 13 18:09:49 UTC 2026","passed","Mon Jul 13 18:09:50 UTC 2026","","","",""
"Test cases for TestGenericAssign","0","TestGenericAssign","","Mon Jul 13 18:07:22 UTC 2026","passed","Mon Jul 13 18:07:22 UTC 2026","","Go Test","github.com/specterops/bloodhound/cmd/api/src/utils/TestGenericAssign","TestGenericAssign"
"Test cases for TestNewAuditLog","0","TestNewAuditLog","","Mon Jul 13 18:06:57 UTC 2026","passed","Mon Jul 13 18:06:57 UTC 2026","","Go Test","github.com/specterops/bloodhound/cmd/api/src/database/TestNewAuditLog","TestNewAuditLog"
"Test cases for TestResources_ListADDomainContainedUsers","1","TestResources_ListADDomainContainedUsers","","Mon Jul 13 18:06:53 UTC 2026","passed","Mon Jul 13 18:06:53 UTC 2026","","Go Test","github.com/specterops/bloodhound/cmd/api/src/api/v2/TestResources_ListADDomainContainedUsers","TestResources_ListADDomainContainedUsers"
"","2","stores a number value in localStorage","useLocalStorage","Mon Jul 13 18:10:25 UTC 2026","passed","Mon Jul 13 18:10:25 UTC 2026","","setValue","",""
"","918","should not allow the input to exceed the allowed length","UpdateUserForm","Mon Jul 13 18:07:56 UTC 2026","passed","Mon Jul 13 18:07:57 UTC 2026","","","",""
"Test cases for TestParseVersion","0","TestParseVersion","","Mon Jul 13 18:07:23 UTC 2026","passed","Mon Jul 13 18:07:23 UTC 2026","","Go Test","github.com/specterops/bloodhound/cmd/api/src/version/TestParseVersion","TestParseVersion"
"Test cases for Test_validateGraphExtension","1","Test_validateGraphExtension","","Mon Jul 13 18:06:58 UTC 2026","passed","Mon Jul 13 18:06:58 UTC 2026","","Go Test","github.com/specterops/bloodhound/cmd/api/src/model/Test_validateGraphExtension","Test_validateGraphExtension"
"Test cases for TestTracker_HasEdge_NilVsEmptyProperties","0","TestTracker_HasEdge_NilVsEmptyProperties","","Mon Jul 13 18:07:23 UTC 2026","passed","Mon Jul 13 18:07:23 UTC 2026","","Go Test","github.com/specterops/bloodhound/packages/go/analysis/post/TestTracker_HasEdge_NilVsEmptyProperties","TestTracker_HasEdge_NilVsEmptyProperties"
"Test cases for TestResources_ListADEntityRDPRights","0","TestResources_ListADEntityRDPRights","","Mon Jul 13 18:06:53 UTC 2026","passed","Mon Jul 13 18:06:53 UTC 2026","","Go Test","github.com/specterops/bloodhound/cmd/api/src/api/v2/TestResources_ListADEntityRDPRights","TestResources_ListADEntityRDPRights"
"","63","when there is no ID in the URL the highest position tag ID is returned","usePZQueryParams","Mon Jul 13 18:11:23 UTC 2026","passed","Mon Jul 13 18:11:23 UTC 2026","","","",""
"","307","renders a graph if the query has any node edges","GraphView","Mon Jul 13 18:13:49 UTC 2026","passed","Mon Jul 13 18:13:49 UTC 2026","","","",""
"","0","fails for password without uppercase letters","testPassword","Mon Jul 13 18:13:18 UTC 2026","passed","Mon Jul 13 18:13:18 UTC 2026","","","",""
"","1070","calls the passed in select handler when clicking the Confirm button","Glyph Select Dialog","Mon Jul 13 18:12:54 UTC 2026","passed","Mon Jul 13 18:12:55 UTC 2026","","","",""
"","0","returns empty array when combined filters match nothing","filterAndSearchEnvironments","Mon Jul 13 18:08:12 UTC 2026","passed","Mon Jul 13 18:08:12 UTC 2026","","combined filters","",""
"Test cases for TestSIDSuffix_String","0","TestSIDSuffix_String","","Mon Jul 13 18:07:23 UTC 2026","passed","Mon Jul 13 18:07:23 UTC 2026","","Go Test","github.com/specterops/bloodhound/packages/go/analysis/ad/wellknown/TestSIDSuffix_String","TestSIDSuffix_String"
"Test cases for TestResources_GetSearchResult","3","TestResources_GetSearchResult","","Mon Jul 13 18:06:53 UTC 2026","passed","Mon Jul 13 18:06:53 UTC 2026","","Go Test","github.com/specterops/bloodhound/cmd/api/src/api/v2/TestResources_GetSearchResult","TestResources_GetSearchResult"
"Test cases for TestResources_GetDatabaseCompleteness","93","TestResources_GetDatabaseCompleteness","","Mon Jul 13 18:06:53 UTC 2026","passed","Mon Jul 13 18:06:53 UTC 2026","","Go Test","github.com/specterops/bloodhound/cmd/api/src/api/v2/TestResources_GetDatabaseCompleteness","TestResources_GetDatabaseCompleteness"
"Test cases for TestManagementResource_DeleteSAMLProvider","0","TestManagementResource_DeleteSAMLProvider","","Mon Jul 13 18:07:00 UTC 2026","passed","Mon Jul 13 18:07:00 UTC 2026","","Go Test","github.com/specterops/bloodhound/cmd/api/src/api/v2/auth/TestManagementResource_DeleteSAMLProvider","TestManagementResource_DeleteSAMLProvider"
"Test cases for TestResources_ProcessIngestTask","6","TestResources_ProcessIngestTask","","Mon Jul 13 18:06:53 UTC 2026","passed","Mon Jul 13 18:06:53 UTC 2026","","Go Test","github.com/specterops/bloodhound/cmd/api/src/api/v2/TestResources_ProcessIngestTask","TestResources_ProcessIngestTask"
"","534","should not allow leading or trailing empty spaces","CreateUserForm","Mon Jul 13 18:08:24 UTC 2026","passed","Mon Jul 13 18:08:25 UTC 2026","","","",""
"","74","passes the check for at least one permission if the user is missing one of many required permissions","usePermissions","Mon Jul 13 18:10:10 UTC 2026","passed","Mon Jul 13 18:10:10 UTC 2026","","","",""
"","16","returns all collected environment ids associated to a given aggregation","getEnvironmentAggregationIds","Mon Jul 13 18:08:12 UTC 2026","passed","Mon Jul 13 18:08:12 UTC 2026","","","",""
"Test cases for TestURLJoinPathNoPrefix","0","TestURLJoinPathNoPrefix","","Mon Jul 13 18:06:41 UTC 2026","passed","Mon Jul 13 18:06:41 UTC 2026","","Go Test","github.com/specterops/bloodhound/cmd/api/src/api/TestURLJoinPathNoPrefix","TestURLJoinPathNoPrefix"
"","1945","reverts to the default unselected state when the user de-selects the currently selected graph layout","GraphView","Mon Jul 13 18:13:53 UTC 2026","passed","Mon Jul 13 18:13:55 UTC 2026","","Layout selection and de-selection","",""
"","1","should include a tag with only the matching operations when the path matches","opsFilter","Mon Jul 13 18:12:18 UTC 2026","passed","Mon Jul 13 18:12:18 UTC 2026","","","",""
"Test cases for TestNormalizeToUTF8_ReaderError","0","TestNormalizeToUTF8_ReaderError","","Mon Jul 13 18:07:24 UTC 2026","passed","Mon Jul 13 18:07:24 UTC 2026","","Go Test","github.com/specterops/bloodhound/packages/go/bomenc/TestNormalizeToUTF8_ReaderError","TestNormalizeToUTF8_ReaderError"
"","0","An unknown error occurred when fetching the data","Getting the text for the disabled item display for a search when there are no results","Mon Jul 13 18:12:17 UTC 2026","passed","Mon Jul 13 18:12:17 UTC 2026","","Error states","",""
"Test cases for TestMergedFS_ReadDir","9","TestMergedFS_ReadDir","","Mon Jul 13 18:06:57 UTC 2026","passed","Mon Jul 13 18:06:57 UTC 2026","","Go Test","github.com/specterops/bloodhound/cmd/api/src/database/migration/TestMergedFS_ReadDir","TestMergedFS_ReadDir"
"","554","navigates to object details when clicking an object row","ObjectsAccordion","Mon Jul 13 18:12:22 UTC 2026","passed","Mon Jul 13 18:12:22 UTC 2026","","","",""
"Test cases for TestResources_CreateSavedQuery_CreateFailure","0","TestResources_CreateSavedQuery_CreateFailure","","Mon Jul 13 18:06:53 UTC 2026","passed","Mon Jul 13 18:06:53 UTC 2026","","Go Test","github.com/specterops/bloodhound/cmd/api/src/api/v2/TestResources_CreateSavedQuery_CreateFailure","TestResources_CreateSavedQuery_CreateFailure"
"","0","should hide/expand search widget when user clicks minus/plus button","ExploreSearch rendering per tab","Mon Jul 13 18:14:36 UTC 2026","unknown","Mon Jul 13 18:14:36 UTC 2026","","","",""
"","592","should render a SaveQueryDialog","SaveQueryDialog","Mon Jul 13 18:07:46 UTC 2026","passed","Mon Jul 13 18:07:47 UTC 2026","","","",""
"","147","should call onLoginViaSAML when login via sso button clicked","LoginForm","Mon Jul 13 18:12:36 UTC 2026","passed","Mon Jul 13 18:12:36 UTC 2026","","","",""
"Test cases for TestNewDefaultFileServices","1","TestNewDefaultFileServices","","Mon Jul 13 18:07:05 UTC 2026","passed","Mon Jul 13 18:07:05 UTC 2026","","Go Test","github.com/specterops/bloodhound/cmd/api/src/services/storage/TestNewDefaultFileServices","TestNewDefaultFileServices"
"","7","removes multiple keys from state","useObjectState","Mon Jul 13 18:12:31 UTC 2026","passed","Mon Jul 13 18:12:31 UTC 2026","","","",""
"","393","renders with applied filters","Privilege Zones History Filter Dialog","Mon Jul 13 18:10:34 UTC 2026","passed","Mon Jul 13 18:10:34 UTC 2026","","","",""
"Test cases for TestBoolFrom","0","TestBoolFrom","","Mon Jul 13 18:06:57 UTC 2026","passed","Mon Jul 13 18:06:57 UTC 2026","","Go Test","github.com/specterops/bloodhound/cmd/api/src/database/types/null/TestBoolFrom","TestBoolFrom"
"Test cases for TestManagementResource_ListAuthTokens_SortingError","0","TestManagementResource_ListAuthTokens_SortingError","","Mon Jul 13 18:07:22 UTC 2026","passed","Mon Jul 13 18:07:22 UTC 2026","","Go Test","github.com/specterops/bloodhound/cmd/api/src/api/v2/auth/TestManagementResource_ListAuthTokens_SortingError","TestManagementResource_ListAuthTokens_SortingError"
"Test cases for TestResources_ListADEntityConstrainedDelegationRights","4","TestResources_ListADEntityConstrainedDelegationRights","","Mon Jul 13 18:06:53 UTC 2026","passed","Mon Jul 13 18:06:53 UTC 2026","","Go Test","github.com/specterops/bloodhound/cmd/api/src/api/v2/TestResources_ListADEntityConstrainedDelegationRights","TestResources_ListADEntityConstrainedDelegationRights"
"Test cases for TestStore_GetAllFlags","0","TestStore_GetAllFlags","","Mon Jul 13 18:07:49 UTC 2026","passed","Mon Jul 13 18:07:49 UTC 2026","","Go Test","github.com/specterops/bloodhound/server/featureflags/internal/appdb/TestStore_GetAllFlags","TestStore_GetAllFlags"
"Test cases for TestDisenrollMFA_Admin_Success","4422","TestDisenrollMFA_Admin_Success","","Mon Jul 13 18:07:28 UTC 2026","passed","Mon Jul 13 18:07:32 UTC 2026","","Go Test","github.com/specterops/bloodhound/cmd/api/src/api/v2/auth/TestDisenrollMFA_Admin_Success","TestDisenrollMFA_Admin_Success"
"Test cases for TestResources_DeleteAssetGroupTagSelector","0","TestResources_DeleteAssetGroupTagSelector","","Mon Jul 13 18:06:53 UTC 2026","passed","Mon Jul 13 18:06:53 UTC 2026","","Go Test","github.com/specterops/bloodhound/cmd/api/src/api/v2/TestResources_DeleteAssetGroupTagSelector","TestResources_DeleteAssetGroupTagSelector"
"","0","should handle an entity that has no name property","Evaluating the entity display name from a given entity","Mon Jul 13 18:10:00 UTC 2026","passed","Mon Jul 13 18:10:00 UTC 2026","","","",""
"Test cases for TestManagementResource_ListUsers_InvalidFilterPredicate","0","TestManagementResource_ListUsers_InvalidFilterPredicate","","Mon Jul 13 18:07:00 UTC 2026","passed","Mon Jul 13 18:07:00 UTC 2026","","Go Test","github.com/specterops/bloodhound/cmd/api/src/api/v2/auth/TestManagementResource_ListUsers_InvalidFilterPredicate","TestManagementResource_ListUsers_InvalidFilterPredicate"
"","192","renders a preview version","PrivilegeZonesCypherEditor Search component for Zone Management","Mon Jul 13 18:12:15 UTC 2026","passed","Mon Jul 13 18:12:15 UTC 2026","","","",""
"Test cases for TestAuthExtensions","5","TestAuthExtensions","","Mon Jul 13 18:06:41 UTC 2026","passed","Mon Jul 13 18:06:41 UTC 2026","","Go Test","github.com/specterops/bloodhound/cmd/api/src/api/TestAuthExtensions","TestAuthExtensions"
"","113","shows View in Explore if exploreUrl is supplied","Seed Selection Results","Mon Jul 13 18:09:50 UTC 2026","passed","Mon Jul 13 18:09:50 UTC 2026","","","",""
"Test cases for TestResources_ListADDomainForeignUsers","0","TestResources_ListADDomainForeignUsers","","Mon Jul 13 18:06:53 UTC 2026","passed","Mon Jul 13 18:06:53 UTC 2026","","Go Test","github.com/specterops/bloodhound/cmd/api/src/api/v2/TestResources_ListADDomainForeignUsers","TestResources_ListADDomainForeignUsers"
"","209","displays validation error messages when Save button is clicked and no form input is provided","PasswordDialog","Mon Jul 13 18:08:29 UTC 2026","passed","Mon Jul 13 18:08:29 UTC 2026","","","",""
"Test cases for TestResources_ListADComputerConstrainedDelegationUsers","0","TestResources_ListADComputerConstrainedDelegationUsers","","Mon Jul 13 18:06:53 UTC 2026","passed","Mon Jul 13 18:06:53 UTC 2026","","Go Test","github.com/specterops/bloodhound/cmd/api/src/api/v2/TestResources_ListADComputerConstrainedDelegationUsers","TestResources_ListADComputerConstrainedDelegationUsers"
"","213","sums nested section node counts","EntityInfoDataTableGraphed","Mon Jul 13 18:10:15 UTC 2026","passed","Mon Jul 13 18:10:15 UTC 2026","","Node count for nested table that counts all sections","",""
"","234","renders the QuerySearchFilter component","QuerySearchFilter","Mon Jul 13 18:11:19 UTC 2026","passed","Mon Jul 13 18:11:19 UTC 2026","","","",""
"","1","returns graphData as is if it doesnt match the GraphResponse interface","normalizeGraphDataForSigma","Mon Jul 13 18:14:29 UTC 2026","passed","Mon Jul 13 18:14:29 UTC 2026","","","",""
"","70","displays ! icon when one of the Affected Object calls fail","EntityInfoDataTable","Mon Jul 13 18:09:38 UTC 2026","passed","Mon Jul 13 18:09:38 UTC 2026","","Node count for nested table that counts all sections","",""
"","9","renders Owned text by default when no Label Selector is available and on a Label page","TagSelector","Mon Jul 13 18:11:25 UTC 2026","passed","Mon Jul 13 18:11:25 UTC 2026","","","",""
"","318","should not display generate/revoke api tokens button","User Actions Menu","Mon Jul 13 18:10:47 UTC 2026","passed","Mon Jul 13 18:10:48 UTC 2026","","Api Keys","",""
"Test cases for TestMarshalFloatText","0","TestMarshalFloatText","","Mon Jul 13 18:06:57 UTC 2026","passed","Mon Jul 13 18:06:57 UTC 2026","","Go Test","github.com/specterops/bloodhound/cmd/api/src/database/types/null/TestMarshalFloatText","TestMarshalFloatText"
"Test cases for TestResources_GetAssetGroupMemberCount_Success","1","TestResources_GetAssetGroupMemberCount_Success","","Mon Jul 13 18:06:53 UTC 2026","passed","Mon Jul 13 18:06:53 UTC 2026","","Go Test","github.com/specterops/bloodhound/cmd/api/src/api/v2/TestResources_GetAssetGroupMemberCount_Success","TestResources_GetAssetGroupMemberCount_Success"
"","16","displays CaretDownOutline icon when the sortOrder is undefined","ColumnHeaders","Mon Jul 13 18:10:59 UTC 2026","passed","Mon Jul 13 18:10:59 UTC 2026","","SortableHeader","",""
"Test cases for TestResources_ListADEntityControllers","0","TestResources_ListADEntityControllers","","Mon Jul 13 18:06:53 UTC 2026","passed","Mon Jul 13 18:06:53 UTC 2026","","Go Test","github.com/specterops/bloodhound/cmd/api/src/api/v2/TestResources_ListADEntityControllers","TestResources_ListADEntityControllers"
"Test cases for TestService_GetRelationship","0","TestService_GetRelationship","","Mon Jul 13 18:07:52 UTC 2026","passed","Mon Jul 13 18:07:52 UTC 2026","","Go Test","github.com/specterops/bloodhound/server/graphdb/internal/services/TestService_GetRelationship","TestService_GetRelationship"
"","5","returns true when the highlighted item is a node in the graph","SigmaChart Utils","Mon Jul 13 18:14:14 UTC 2026","passed","Mon Jul 13 18:14:14 UTC 2026","","getIsHighlightedItemInGraph","",""
"","226","fires onSelect prop when a result is clicked","SearchCurrentNodes","Mon Jul 13 18:11:19 UTC 2026","passed","Mon Jul 13 18:11:19 UTC 2026","","","",""
"Test cases for TestRegister","0","TestRegister","","Mon Jul 13 18:07:50 UTC 2026","passed","Mon Jul 13 18:07:50 UTC 2026","","Go Test","github.com/specterops/bloodhound/server/featureflags/internal/routes/TestRegister","TestRegister"
"Test cases for TestStore_List","74","TestStore_List","","Mon Jul 13 18:07:45 UTC 2026","passed","Mon Jul 13 18:07:45 UTC 2026","","Go Test","github.com/specterops/bloodhound/packages/go/storage/TestStore_List","TestStore_List"
"","74","renders the title","ProcessingIndicator","Mon Jul 13 18:13:23 UTC 2026","passed","Mon Jul 13 18:13:23 UTC 2026","","","",""
"Test cases for TestManagementResource_ListAuthTokens_PredicateMismatchWithColumn","2","TestManagementResource_ListAuthTokens_PredicateMismatchWithColumn","","Mon Jul 13 18:07:22 UTC 2026","passed","Mon Jul 13 18:07:22 UTC 2026","","Go Test","github.com/specterops/bloodhound/cmd/api/src/api/v2/auth/TestManagementResource_ListAuthTokens_PredicateMismatchWithColumn","TestManagementResource_ListAuthTokens_PredicateMismatchWithColumn"
"","4","returns true when WebGL is available in the current browser context","WebGL compatibility check","Mon Jul 13 18:13:28 UTC 2026","passed","Mon Jul 13 18:13:28 UTC 2026","","","",""
"Test cases for TestManagementResource_PutUserAuthSecret","6241","TestManagementResource_PutUserAuthSecret","","Mon Jul 13 18:06:53 UTC 2026","passed","Mon Jul 13 18:07:00 UTC 2026","","Go Test","github.com/specterops/bloodhound/cmd/api/src/api/v2/auth/TestManagementResource_PutUserAuthSecret","TestManagementResource_PutUserAuthSecret"
"","11","should be aligned to right of screen","GenericErrorBoundaryFallback","Mon Jul 13 18:13:26 UTC 2026","passed","Mon Jul 13 18:13:26 UTC 2026","","","",""
"Test cases for TestGetVersion","0","TestGetVersion","","Mon Jul 13 18:06:53 UTC 2026","passed","Mon Jul 13 18:06:53 UTC 2026","","Go Test","github.com/specterops/bloodhound/cmd/api/src/api/v2/TestGetVersion","TestGetVersion"
"Test cases for TestResources_GetDomainEntityInfo","0","TestResources_GetDomainEntityInfo","","Mon Jul 13 18:06:53 UTC 2026","passed","Mon Jul 13 18:06:53 UTC 2026","","Go Test","github.com/specterops/bloodhound/cmd/api/src/api/v2/TestResources_GetDomainEntityInfo","TestResources_GetDomainEntityInfo"
"","1","fails for password without lowercase letters","testPassword","Mon Jul 13 18:13:18 UTC 2026","passed","Mon Jul 13 18:13:18 UTC 2026","","","",""
"Test cases for TestValidateRequestSignature","211","TestValidateRequestSignature","","Mon Jul 13 18:06:40 UTC 2026","passed","Mon Jul 13 18:06:41 UTC 2026","","Go Test","github.com/specterops/bloodhound/cmd/api/src/api/TestValidateRequestSignature","TestValidateRequestSignature"
"","460","calls onToggleNodeLabels when click show all node labels","GraphControls","Mon Jul 13 18:08:13 UTC 2026","passed","Mon Jul 13 18:08:13 UTC 2026","","Toggling labels","",""
"","237","clears value if input is empty","ManagedDatePicker - input","Mon Jul 13 18:10:55 UTC 2026","passed","Mon Jul 13 18:10:55 UTC 2026","","","",""
"","2091","should render search input","Pathfinding","Mon Jul 13 18:08:27 UTC 2026","passed","Mon Jul 13 18:08:29 UTC 2026","","","",""
"","4612","should clear state when logout action is dispatched","redux store","Mon Jul 13 18:14:20 UTC 2026","passed","Mon Jul 13 18:14:24 UTC 2026","","","",""
"Test cases for TestParseUserIP_RemoteAddrOnly","0","TestParseUserIP_RemoteAddrOnly","","Mon Jul 13 18:06:45 UTC 2026","passed","Mon Jul 13 18:06:45 UTC 2026","","Go Test","github.com/specterops/bloodhound/cmd/api/src/api/middleware/TestParseUserIP_RemoteAddrOnly","TestParseUserIP_RemoteAddrOnly"
"Test cases for TestHandlers_IsEnabled","1","TestHandlers_IsEnabled","","Mon Jul 13 18:07:50 UTC 2026","passed","Mon Jul 13 18:07:50 UTC 2026","","Go Test","github.com/specterops/bloodhound/server/featureflags/internal/handlers/TestHandlers_IsEnabled","TestHandlers_IsEnabled"
"","151","invokes handleFilterChange with eq:false when clicked and custom_member filter is on","AssetGroupEdit","Mon Jul 13 18:10:06 UTC 2026","passed","Mon Jul 13 18:10:06 UTC 2026","","Custom Member checkbox filter","",""
"","1","returns Object ID message when ruleType is SeedTypeObjectId and seeds are required","getErrorMessage","Mon Jul 13 18:09:28 UTC 2026","passed","Mon Jul 13 18:09:28 UTC 2026","","","",""
"","1","runs a pathfinding search when the query param is set to ""pathfinding""","useExploreGraph","Mon Jul 13 18:09:22 UTC 2026","passed","Mon Jul 13 18:09:22 UTC 2026","","exploreGraphQueryFactory","",""
"","294","AZRole information panel will not display a section for PIM Assignments","EntityInfoContent","Mon Jul 13 18:10:55 UTC 2026","passed","Mon Jul 13 18:10:55 UTC 2026","","","",""
"","3","isLoading returns as expected based on all queries combined","queriesAreLoadingOrErrored","Mon Jul 13 18:13:20 UTC 2026","passed","Mon Jul 13 18:13:20 UTC 2026","","","",""
"Test cases for TestServeHTTP_Success","0","TestServeHTTP_Success","","Mon Jul 13 18:06:45 UTC 2026","passed","Mon Jul 13 18:06:45 UTC 2026","","Go Test","github.com/specterops/bloodhound/cmd/api/src/api/middleware/TestServeHTTP_Success","TestServeHTTP_Success"
"Test cases for Test_hasCycle","0","Test_hasCycle","","Mon Jul 13 18:07:25 UTC 2026","passed","Mon Jul 13 18:07:25 UTC 2026","","Go Test","github.com/specterops/bloodhound/packages/go/lab/Test_hasCycle","Test_hasCycle"
"","128","renders correctly","NodeIcon","Mon Jul 13 18:12:37 UTC 2026","passed","Mon Jul 13 18:12:37 UTC 2026","","","",""
"","67","returns the full environment for the environmentid passed","useAvailableEnvironments","Mon Jul 13 18:10:43 UTC 2026","passed","Mon Jul 13 18:10:43 UTC 2026","","useSelectedEnvironment","",""
"","1","filters by collected=false when ""no"" filter is active","filterAndSearchEnvironments","Mon Jul 13 18:08:12 UTC 2026","passed","Mon Jul 13 18:08:12 UTC 2026","","collected filters","",""
"","572","shows success notification after successful deletion","ActiveExtensionsCard","Mon Jul 13 18:08:19 UTC 2026","passed","Mon Jul 13 18:08:20 UTC 2026","","","",""
"Test cases for TestManagementResource_SAMLCallbackHandler","28","TestManagementResource_SAMLCallbackHandler","","Mon Jul 13 18:07:40 UTC 2026","passed","Mon Jul 13 18:07:40 UTC 2026","","Go Test","github.com/specterops/bloodhound/cmd/api/src/api/v2/auth/TestManagementResource_SAMLCallbackHandler","TestManagementResource_SAMLCallbackHandler"
"","159","calls onConfirm when confirm button clicked","EarlyAccessFeaturesWarningDialog","Mon Jul 13 18:14:32 UTC 2026","passed","Mon Jul 13 18:14:33 UTC 2026","","","",""
"Test cases for TestConvertDomainToNode_InheritanceHashes","1","TestConvertDomainToNode_InheritanceHashes","","Mon Jul 13 18:07:24 UTC 2026","passed","Mon Jul 13 18:07:24 UTC 2026","","Go Test","github.com/specterops/bloodhound/packages/go/ein/TestConvertDomainToNode_InheritanceHashes","TestConvertDomainToNode_InheritanceHashes"
"","206","should display ""Cancel"" button","Enable2FADialog","Mon Jul 13 18:11:57 UTC 2026","passed","Mon Jul 13 18:11:57 UTC 2026","","","",""
"","399","On unsuccessful upload, notifies with an error and displays a retry button","SchemaUploadDialog","Mon Jul 13 18:09:26 UTC 2026","passed","Mon Jul 13 18:09:26 UTC 2026","","","",""
"","496","should accept passwords with unicode symbol characters","CreateUserForm","Mon Jul 13 18:08:28 UTC 2026","passed","Mon Jul 13 18:08:29 UTC 2026","","","",""
"","187","displays the label for each result","SearchCurrentNodes","Mon Jul 13 18:11:19 UTC 2026","passed","Mon Jul 13 18:11:19 UTC 2026","","","",""
"Test cases for Test_parseAuthorizationHeader","0","Test_parseAuthorizationHeader","","Mon Jul 13 18:06:45 UTC 2026","passed","Mon Jul 13 18:06:45 UTC 2026","","Go Test","github.com/specterops/bloodhound/cmd/api/src/api/middleware/Test_parseAuthorizationHeader","Test_parseAuthorizationHeader"
"Test cases for TestGenerateQRCodeBase64","10","TestGenerateQRCodeBase64","","Mon Jul 13 18:06:54 UTC 2026","passed","Mon Jul 13 18:06:54 UTC 2026","","Go Test","github.com/specterops/bloodhound/cmd/api/src/auth/TestGenerateQRCodeBase64","TestGenerateQRCodeBase64"
"","3","combines collected and risk filters","filterAndSearchEnvironments","Mon Jul 13 18:08:12 UTC 2026","passed","Mon Jul 13 18:08:12 UTC 2026","","combined filters","",""
"Test cases for TestCopyMatchExpressionsSorted","0","TestCopyMatchExpressionsSorted","","Mon Jul 13 18:07:03 UTC 2026","passed","Mon Jul 13 18:07:03 UTC 2026","","Go Test","github.com/specterops/bloodhound/cmd/api/src/services/graphify/endpoint/TestCopyMatchExpressionsSorted","TestCopyMatchExpressionsSorted"
"","1156","should call onSubmit with password when reset password button clicked","PasswordResetForm","Mon Jul 13 18:10:45 UTC 2026","passed","Mon Jul 13 18:10:46 UTC 2026","","","",""
"Test cases for TestSet","0","TestSet","","Mon Jul 13 18:07:25 UTC 2026","passed","Mon Jul 13 18:07:25 UTC 2026","","Go Test","github.com/specterops/bloodhound/packages/go/lab/internal/TestSet","TestSet"
"","10","renders without pulse animation by default","StatusIndicator","Mon Jul 13 18:13:10 UTC 2026","passed","Mon Jul 13 18:13:10 UTC 2026","","","",""
"","4","returns {enabled: false} if there is not a match on the switch statement","useExploreGraph","Mon Jul 13 18:09:22 UTC 2026","passed","Mon Jul 13 18:09:22 UTC 2026","","exploreGraphQueryFactory","",""
"Test cases for TestGC_Start","1000","TestGC_Start","","Mon Jul 13 18:06:55 UTC 2026","passed","Mon Jul 13 18:06:56 UTC 2026","","Go Test","github.com/specterops/bloodhound/cmd/api/src/daemons/gc/TestGC_Start","TestGC_Start"
"Test cases for TestGenerateRandomBase64String","0","TestGenerateRandomBase64String","","Mon Jul 13 18:06:54 UTC 2026","passed","Mon Jul 13 18:06:54 UTC 2026","","Go Test","github.com/specterops/bloodhound/cmd/api/src/config/TestGenerateRandomBase64String","TestGenerateRandomBase64String"
"","270","toggles sort order when clicking sortable header","ObjectsAccordion","Mon Jul 13 18:11:13 UTC 2026","passed","Mon Jul 13 18:11:13 UTC 2026","","","",""
"Test cases for TestOpenGraphSchemaService_ListExtensions","1","TestOpenGraphSchemaService_ListExtensions","","Mon Jul 13 18:07:05 UTC 2026","passed","Mon Jul 13 18:07:05 UTC 2026","","Go Test","github.com/specterops/bloodhound/cmd/api/src/services/opengraphschema/TestOpenGraphSchemaService_ListExtensions","TestOpenGraphSchemaService_ListExtensions"
"","1","does not change the day, month, or year value of the DateTime object","floorToNearestMinute","Mon Jul 13 18:12:32 UTC 2026","passed","Mon Jul 13 18:12:32 UTC 2026","","","",""
"Test cases for TestDisenrollMFA_Admin_FailureIncorrectPassword","4333","TestDisenrollMFA_Admin_FailureIncorrectPassword","","Mon Jul 13 18:07:34 UTC 2026","passed","Mon Jul 13 18:07:38 UTC 2026","","Go Test","github.com/specterops/bloodhound/cmd/api/src/api/v2/auth/TestDisenrollMFA_Admin_FailureIncorrectPassword","TestDisenrollMFA_Admin_FailureIncorrectPassword"
"","75","fails checks if the user does not have a matching permission","usePermissions","Mon Jul 13 18:10:10 UTC 2026","passed","Mon Jul 13 18:10:10 UTC 2026","","","",""
"","14","when password is expired and on password reset page, no redirect occurs","AuthenticatedRoute","Mon Jul 13 18:14:12 UTC 2026","passed","Mon Jul 13 18:14:12 UTC 2026","","","",""
"","11","displays lastlogon cell as NEVER when the value is -1","ExploreTableDataCell","Mon Jul 13 18:12:35 UTC 2026","passed","Mon Jul 13 18:12:35 UTC 2026","","","",""
"","209","handles close event","ImportQueryDialog","Mon Jul 13 18:13:10 UTC 2026","passed","Mon Jul 13 18:13:11 UTC 2026","","","",""
"","64","does not auto display the table for single node responses with no edges","GraphView","Mon Jul 13 18:13:52 UTC 2026","passed","Mon Jul 13 18:13:52 UTC 2026","","Layout selection and de-selection","",""
"","5","returns bounds for text rendered to canvas","getLabelBoundsFromContext","Mon Jul 13 18:14:22 UTC 2026","passed","Mon Jul 13 18:14:22 UTC 2026","","","",""
"Test cases for TestResources_UpdateAssetGroupSelectors_SuccessOwned","1","TestResources_UpdateAssetGroupSelectors_SuccessOwned","","Mon Jul 13 18:06:53 UTC 2026","passed","Mon Jul 13 18:06:53 UTC 2026","","Go Test","github.com/specterops/bloodhound/cmd/api/src/api/v2/TestResources_UpdateAssetGroupSelectors_SuccessOwned","TestResources_UpdateAssetGroupSelectors_SuccessOwned"
"","53","uses the discardQueryParams prop to discard all query params on the link","AppLink","Mon Jul 13 18:11:27 UTC 2026","passed","Mon Jul 13 18:11:27 UTC 2026","","","",""
"Test cases for TestOrphanFileSweeper_IsExcludedStoragePath","18","TestOrphanFileSweeper_IsExcludedStoragePath","","Mon Jul 13 18:06:55 UTC 2026","passed","Mon Jul 13 18:06:55 UTC 2026","","Go Test","github.com/specterops/bloodhound/cmd/api/src/daemons/datapipe/TestOrphanFileSweeper_IsExcludedStoragePath","TestOrphanFileSweeper_IsExcludedStoragePath"
"","1","reports an API error when the name for the rule is not unique","handleError","Mon Jul 13 18:09:28 UTC 2026","passed","Mon Jul 13 18:09:28 UTC 2026","","","",""
"Test cases for TestMatches_FailureStatus","0","TestMatches_FailureStatus","","Mon Jul 13 18:06:58 UTC 2026","passed","Mon Jul 13 18:06:58 UTC 2026","","Go Test","github.com/specterops/bloodhound/cmd/api/src/model/TestMatches_FailureStatus","TestMatches_FailureStatus"
"","123","highlights selectedLayout rather than the table option when searchType is not cypher","GraphControls","Mon Jul 13 18:08:16 UTC 2026","passed","Mon Jul 13 18:08:16 UTC 2026","","Table view selection state","",""
"","52","calls getKey for each item (stable keys hook)","<DetailsAccordion />","Mon Jul 13 18:09:54 UTC 2026","passed","Mon Jul 13 18:09:54 UTC 2026","","","",""
"","87","should on clicking collapse all remove expandedPanelSections param from url and set isObjectInfoPanelOpen in context to false","EntityInfoHeader","Mon Jul 13 18:11:37 UTC 2026","passed","Mon Jul 13 18:11:37 UTC 2026","","","",""
"","3","returns undefined if graphData is undefined","normalizeGraphDataForSigma","Mon Jul 13 18:14:29 UTC 2026","passed","Mon Jul 13 18:14:29 UTC 2026","","","",""
"","1036","displays validation error messages when password does not meet requirements","PasswordDialog","Mon Jul 13 18:08:29 UTC 2026","passed","Mon Jul 13 18:08:30 UTC 2026","","","",""
"","110","renders the glyph form input when the editing a zone that is not the highest privileged","Tag Form","Mon Jul 13 18:07:47 UTC 2026","passed","Mon Jul 13 18:07:48 UTC 2026","","","",""
"","212","calls onLayoutChange with the selected layout","GraphControls","Mon Jul 13 18:08:15 UTC 2026","passed","Mon Jul 13 18:08:15 UTC 2026","","Selecting a layout","",""
"","0","Will ignore what is to the left of the first colon if it doesnt match an existing kind and will treat all as keyword","parseKeywordAndTypeValue","Mon Jul 13 18:13:06 UTC 2026","passed","Mon Jul 13 18:13:06 UTC 2026","","","",""
"","970","should render","CypherSearch","Mon Jul 13 18:08:40 UTC 2026","passed","Mon Jul 13 18:08:40 UTC 2026","","","",""
"Test cases for TestConvertAzureSubscriptionContributorToRels","0","TestConvertAzureSubscriptionContributorToRels","","Mon Jul 13 18:07:24 UTC 2026","passed","Mon Jul 13 18:07:24 UTC 2026","","Go Test","github.com/specterops/bloodhound/packages/go/ein/TestConvertAzureSubscriptionContributorToRels","TestConvertAzureSubscriptionContributorToRels"
"","0","handles both node_kinds and edge_kinds together","graphSchema","Mon Jul 13 18:12:45 UTC 2026","passed","Mon Jul 13 18:12:45 UTC 2026","","","",""
"Test cases for TestManagementResource_ListPermissions_InvalidFilterPredicate","0","TestManagementResource_ListPermissions_InvalidFilterPredicate","","Mon Jul 13 18:07:00 UTC 2026","passed","Mon Jul 13 18:07:00 UTC 2026","","Go Test","github.com/specterops/bloodhound/cmd/api/src/api/v2/auth/TestManagementResource_ListPermissions_InvalidFilterPredicate","TestManagementResource_ListPermissions_InvalidFilterPredicate"
"Test cases for TestManagementResource_DeleteAuthToken","31","TestManagementResource_DeleteAuthToken","","Mon Jul 13 18:07:40 UTC 2026","passed","Mon Jul 13 18:07:40 UTC 2026","","Go Test","github.com/specterops/bloodhound/cmd/api/src/api/v2/auth/TestManagementResource_DeleteAuthToken","TestManagementResource_DeleteAuthToken"
"","9","toggles a descending sort to ascending when sorting the same column","useSortParams","Mon Jul 13 18:11:40 UTC 2026","passed","Mon Jul 13 18:11:40 UTC 2026","","","",""
"","227","The API key management option should appear in profile page if the user is configured for SAML login","UserProfile with SSO User","Mon Jul 13 18:10:17 UTC 2026","passed","Mon Jul 13 18:10:17 UTC 2026","","","",""
"Test cases for TestExpireUserAuthSecret_Failure","1","TestExpireUserAuthSecret_Failure","","Mon Jul 13 18:07:00 UTC 2026","passed","Mon Jul 13 18:07:00 UTC 2026","","Go Test","github.com/specterops/bloodhound/cmd/api/src/api/v2/auth/TestExpireUserAuthSecret_Failure","TestExpireUserAuthSecret_Failure"
"","2302","Clicking header allows user to sort by column","ExploreTable","Mon Jul 13 18:07:45 UTC 2026","passed","Mon Jul 13 18:07:47 UTC 2026","","","",""
"Test cases for TestParseGPOData","2","TestParseGPOData","","Mon Jul 13 18:07:24 UTC 2026","passed","Mon Jul 13 18:07:24 UTC 2026","","Go Test","github.com/specterops/bloodhound/packages/go/ein/TestParseGPOData","TestParseGPOData"
"Test cases for TestStore_Stat","74","TestStore_Stat","","Mon Jul 13 18:07:45 UTC 2026","passed","Mon Jul 13 18:07:45 UTC 2026","","Go Test","github.com/specterops/bloodhound/packages/go/storage/TestStore_Stat","TestStore_Stat"
"Test cases for TestResources_CreateSavedQuery_NotAUserAuth","0","TestResources_CreateSavedQuery_NotAUserAuth","","Mon Jul 13 18:06:53 UTC 2026","passed","Mon Jul 13 18:06:53 UTC 2026","","Go Test","github.com/specterops/bloodhound/cmd/api/src/api/v2/TestResources_CreateSavedQuery_NotAUserAuth","TestResources_CreateSavedQuery_NotAUserAuth"
"Test cases for TestHandleDatabaseError","0","TestHandleDatabaseError","","Mon Jul 13 18:06:41 UTC 2026","passed","Mon Jul 13 18:06:41 UTC 2026","","Go Test","github.com/specterops/bloodhound/cmd/api/src/api/TestHandleDatabaseError","TestHandleDatabaseError"
"Test cases for TestDisenrollMFA_Failure","2","TestDisenrollMFA_Failure","","Mon Jul 13 18:07:26 UTC 2026","passed","Mon Jul 13 18:07:26 UTC 2026","","Go Test","github.com/specterops/bloodhound/cmd/api/src/api/v2/auth/TestDisenrollMFA_Failure","TestDisenrollMFA_Failure"
"Test cases for TestRewriter_Enter_AzureAttackPathsShortcut_ReplacesKinds","0","TestRewriter_Enter_AzureAttackPathsShortcut_ReplacesKinds","","Mon Jul 13 18:07:00 UTC 2026","passed","Mon Jul 13 18:07:00 UTC 2026","","Go Test","github.com/specterops/bloodhound/cmd/api/src/queries/TestRewriter_Enter_AzureAttackPathsShortcut_ReplacesKinds","TestRewriter_Enter_AzureAttackPathsShortcut_ReplacesKinds"
"","1","The node radius is adjusted to take into account the current camera zoom ratio","getNodeRadius","Mon Jul 13 18:14:22 UTC 2026","passed","Mon Jul 13 18:14:22 UTC 2026","","","",""
"","293","renders correctly with requiresCurrentPassword true","PasswordDialog","Mon Jul 13 18:08:28 UTC 2026","passed","Mon Jul 13 18:08:28 UTC 2026","","","",""
"","5","returns empty array when environments is empty","filterAndSearchEnvironments","Mon Jul 13 18:08:12 UTC 2026","passed","Mon Jul 13 18:08:12 UTC 2026","","with empty environments","",""
"","664","should call onSubmit with initiation_url of selected SSO provider","LoginViaSSOForm","Mon Jul 13 18:11:40 UTC 2026","passed","Mon Jul 13 18:11:40 UTC 2026","","","",""
"Test cases for TestExpireUserAuthSecret_Success","0","TestExpireUserAuthSecret_Success","","Mon Jul 13 18:07:00 UTC 2026","passed","Mon Jul 13 18:07:00 UTC 2026","","Go Test","github.com/specterops/bloodhound/cmd/api/src/api/v2/auth/TestExpireUserAuthSecret_Success","TestExpireUserAuthSecret_Success"
"TestRegister_RateLimitingReturns429 verifies that the graphdb routes are wiredwith the rate-limiting middleware and that requests exceeding the per-IP limitare rejected with 429 before reaching the handler.Because the rate limiter is registered as the outermost middleware layer(before the permissions check), even unauthenticated requests count againstthe limit and trigger 429 once the budget is exhausted.","1","TestRegister_RateLimitingReturns429","","Mon Jul 13 18:07:52 UTC 2026","passed","Mon Jul 13 18:07:52 UTC 2026","","Go Test","github.com/specterops/bloodhound/server/graphdb/internal/routes/TestRegister_RateLimitingReturns429","TestRegister_RateLimitingReturns429"
"","293","closes the dropdown when clicking outside","ManageColumnsComboBox","Mon Jul 13 18:09:58 UTC 2026","passed","Mon Jul 13 18:09:58 UTC 2026","","","",""
"","10","resets to descending sort when sorting a different column","useSortParams","Mon Jul 13 18:11:41 UTC 2026","passed","Mon Jul 13 18:11:41 UTC 2026","","","",""
"Test cases for TestNormalizeEinNodeProperties","2","TestNormalizeEinNodeProperties","","Mon Jul 13 18:07:03 UTC 2026","passed","Mon Jul 13 18:07:03 UTC 2026","","Go Test","github.com/specterops/bloodhound/cmd/api/src/services/graphify/TestNormalizeEinNodeProperties","TestNormalizeEinNodeProperties"
"","493","displays a warning dialog when mounted","EarlyAccessFeatures","Mon Jul 13 18:14:12 UTC 2026","passed","Mon Jul 13 18:14:13 UTC 2026","","","",""
"","32","whencreated","Handling value formatting for Active Directory entity properties lastlogon, lastlogontimestamp, whencreated, and pwdlastset","Mon Jul 13 18:10:00 UTC 2026","passed","Mon Jul 13 18:10:00 UTC 2026","","","",""
"Test cases for Test_UseHooks","0","Test_UseHooks","","Mon Jul 13 18:07:25 UTC 2026","passed","Mon Jul 13 18:07:25 UTC 2026","","Go Test","github.com/specterops/bloodhound/packages/go/lab/Test_UseHooks","Test_UseHooks"
"Test cases for TestNewDefaultConfig","0","TestNewDefaultConfig","","Mon Jul 13 18:06:54 UTC 2026","passed","Mon Jul 13 18:06:54 UTC 2026","","Go Test","github.com/specterops/bloodhound/cmd/api/src/config/TestNewDefaultConfig","TestNewDefaultConfig"
"Test cases for TestUnmarshalInt","0","TestUnmarshalInt","","Mon Jul 13 18:06:57 UTC 2026","passed","Mon Jul 13 18:06:57 UTC 2026","","Go Test","github.com/specterops/bloodhound/cmd/api/src/database/types/null/TestUnmarshalInt","TestUnmarshalInt"
"","249","opens and closes the dialog with the cancel button","Tag Form","Mon Jul 13 18:07:51 UTC 2026","passed","Mon Jul 13 18:07:51 UTC 2026","","","",""
"Test cases for TestResources_UpdateAssetGroupTagSelector","4","TestResources_UpdateAssetGroupTagSelector","","Mon Jul 13 18:06:53 UTC 2026","passed","Mon Jul 13 18:06:53 UTC 2026","","Go Test","github.com/specterops/bloodhound/cmd/api/src/api/v2/TestResources_UpdateAssetGroupTagSelector","TestResources_UpdateAssetGroupTagSelector"
"","16","throws when used outside of AnnouncementProvider","useAnnounce","Mon Jul 13 18:11:06 UTC 2026","passed","Mon Jul 13 18:11:06 UTC 2026","","","",""
"Test cases for TestMap","1","TestMap","","Mon Jul 13 18:07:25 UTC 2026","passed","Mon Jul 13 18:07:25 UTC 2026","","Go Test","github.com/specterops/bloodhound/packages/go/lab/internal/TestMap","TestMap"
"Test cases for TestResources_CreateAssetGroup","1","TestResources_CreateAssetGroup","","Mon Jul 13 18:06:53 UTC 2026","passed","Mon Jul 13 18:06:53 UTC 2026","","Go Test","github.com/specterops/bloodhound/cmd/api/src/api/v2/TestResources_CreateAssetGroup","TestResources_CreateAssetGroup"
"Test cases for TestDummyHA","0","TestDummyHA","","Mon Jul 13 18:06:55 UTC 2026","passed","Mon Jul 13 18:06:55 UTC 2026","","Go Test","github.com/specterops/bloodhound/cmd/api/src/daemons/changelog/TestDummyHA","TestDummyHA"
"Test cases for TestPredefinedNodeNamePrefixes","1","TestPredefinedNodeNamePrefixes","","Mon Jul 13 18:07:23 UTC 2026","passed","Mon Jul 13 18:07:23 UTC 2026","","Go Test","github.com/specterops/bloodhound/packages/go/analysis/ad/wellknown/TestPredefinedNodeNamePrefixes","TestPredefinedNodeNamePrefixes"
"","19","selector members refetches on sort change","the useAssetGroupTags utilities","Mon Jul 13 18:09:50 UTC 2026","passed","Mon Jul 13 18:09:50 UTC 2026","","","",""
"Test cases for TestNormalizeStoragePrefixes","17","TestNormalizeStoragePrefixes","","Mon Jul 13 18:06:55 UTC 2026","passed","Mon Jul 13 18:06:55 UTC 2026","","Go Test","github.com/specterops/bloodhound/cmd/api/src/daemons/datapipe/TestNormalizeStoragePrefixes","TestNormalizeStoragePrefixes"
"","30","does not show tooltip text by default","ColumnHeaders","Mon Jul 13 18:10:59 UTC 2026","passed","Mon Jul 13 18:10:59 UTC 2026","","SortableHeader with Tooltip","",""
"","3134","when user performs a pathfinding search, the swap button is disabled until both the start and destination nodes are provided","Pathfinding: interaction","Mon Jul 13 18:10:30 UTC 2026","passed","Mon Jul 13 18:10:33 UTC 2026","","","",""
"Test cases for Test_UseFixture","0","Test_UseFixture","","Mon Jul 13 18:07:25 UTC 2026","passed","Mon Jul 13 18:07:25 UTC 2026","","Go Test","github.com/specterops/bloodhound/packages/go/lab/Test_UseFixture","Test_UseFixture"
"","2072","displays a list of available sharphound and azurehound files to download","DownloadCollectors","Mon Jul 13 18:14:03 UTC 2026","passed","Mon Jul 13 18:14:05 UTC 2026","","","",""
"Test cases for Test_ParseAndValidatePayload","10","Test_ParseAndValidatePayload","","Mon Jul 13 18:07:07 UTC 2026","passed","Mon Jul 13 18:07:07 UTC 2026","","Go Test","github.com/specterops/bloodhound/cmd/api/src/services/upload/Test_ParseAndValidatePayload","Test_ParseAndValidatePayload"
"Test cases for TestStore_GetKindByName","1","TestStore_GetKindByName","","Mon Jul 13 18:07:50 UTC 2026","passed","Mon Jul 13 18:07:50 UTC 2026","","Go Test","github.com/specterops/bloodhound/server/graphdb/internal/appdb/TestStore_GetKindByName","TestStore_GetKindByName"
"","417","calls openSAMLProviderDialog when SAML Provider menu item is clicked","CreateMenu","Mon Jul 13 18:10:06 UTC 2026","passed","Mon Jul 13 18:10:06 UTC 2026","","oidc_support feature flag enabled","",""
"Test cases for TestResources_ListADEntityAdminRights","0","TestResources_ListADEntityAdminRights","","Mon Jul 13 18:06:53 UTC 2026","passed","Mon Jul 13 18:06:53 UTC 2026","","Go Test","github.com/specterops/bloodhound/cmd/api/src/api/v2/TestResources_ListADEntityAdminRights","TestResources_ListADEntityAdminRights"
"Test cases for TestContextMiddlewareBypassEnabled","0","TestContextMiddlewareBypassEnabled","","Mon Jul 13 18:06:45 UTC 2026","passed","Mon Jul 13 18:06:45 UTC 2026","","Go Test","github.com/specterops/bloodhound/cmd/api/src/api/middleware/TestContextMiddlewareBypassEnabled","TestContextMiddlewareBypassEnabled"
"Test cases for TestService_ToggleFlag","0","TestService_ToggleFlag","","Mon Jul 13 18:07:50 UTC 2026","passed","Mon Jul 13 18:07:50 UTC 2026","","Go Test","github.com/specterops/bloodhound/server/featureflags/internal/services/TestService_ToggleFlag","TestService_ToggleFlag"
"","39","the queries in the list only include nodes and edges that are defined in our schema","common search list","Mon Jul 13 18:12:52 UTC 2026","passed","Mon Jul 13 18:12:52 UTC 2026","","","",""
"Test cases for TestWriteErrorResponse_InvalidFormat","0","TestWriteErrorResponse_InvalidFormat","","Mon Jul 13 18:06:41 UTC 2026","passed","Mon Jul 13 18:06:41 UTC 2026","","Go Test","github.com/specterops/bloodhound/cmd/api/src/api/TestWriteErrorResponse_InvalidFormat","TestWriteErrorResponse_InvalidFormat"
"Test cases for TestResources_ListADComputerSessions","0","TestResources_ListADComputerSessions","","Mon Jul 13 18:06:53 UTC 2026","passed","Mon Jul 13 18:06:53 UTC 2026","","Go Test","github.com/specterops/bloodhound/cmd/api/src/api/v2/TestResources_ListADComputerSessions","TestResources_ListADComputerSessions"
"Test cases for TestFoldr","0","TestFoldr","","Mon Jul 13 18:07:41 UTC 2026","passed","Mon Jul 13 18:07:41 UTC 2026","","Go Test","github.com/specterops/bloodhound/packages/go/slicesext/TestFoldr","TestFoldr"
"Test cases for TestService_IsEnabled","2","TestService_IsEnabled","","Mon Jul 13 18:07:50 UTC 2026","passed","Mon Jul 13 18:07:50 UTC 2026","","Go Test","github.com/specterops/bloodhound/server/featureflags/internal/services/TestService_IsEnabled","TestService_IsEnabled"
"","233","Verify Vault Reader count is the count returned by All Readers","EntityInfoDataTableGraphed","Mon Jul 13 18:10:15 UTC 2026","passed","Mon Jul 13 18:10:15 UTC 2026","","Node count for Vault Readers nested table","",""
"","891","displays validation error messages when password does not match confirmation","PasswordDialog","Mon Jul 13 18:08:30 UTC 2026","passed","Mon Jul 13 18:08:31 UTC 2026","","","",""
"","243","calls exportToJson util when valid non a empty object is passed as the jsonData prop","GraphControls","Mon Jul 13 18:08:16 UTC 2026","passed","Mon Jul 13 18:08:16 UTC 2026","","Exporting json","",""
"Test cases for TestNewNodeNamePrefix","0","TestNewNodeNamePrefix","","Mon Jul 13 18:07:23 UTC 2026","passed","Mon Jul 13 18:07:23 UTC 2026","","Go Test","github.com/specterops/bloodhound/packages/go/analysis/ad/wellknown/TestNewNodeNamePrefix","TestNewNodeNamePrefix"
"Test cases for TestResources_BuildDeleteRequest","1","TestResources_BuildDeleteRequest","","Mon Jul 13 18:06:53 UTC 2026","passed","Mon Jul 13 18:06:53 UTC 2026","","Go Test","github.com/specterops/bloodhound/cmd/api/src/api/v2/TestResources_BuildDeleteRequest","TestResources_BuildDeleteRequest"
"Test cases for TestAddWhereClauseToNeo4jQuery_NoWhereClause","0","TestAddWhereClauseToNeo4jQuery_NoWhereClause","","Mon Jul 13 18:06:53 UTC 2026","passed","Mon Jul 13 18:06:53 UTC 2026","","Go Test","github.com/specterops/bloodhound/cmd/api/src/api/v2/TestAddWhereClauseToNeo4jQuery_NoWhereClause","TestAddWhereClauseToNeo4jQuery_NoWhereClause"
"","0","shows some collection methods for the given job","toCollected","Mon Jul 13 18:12:51 UTC 2026","passed","Mon Jul 13 18:12:51 UTC 2026","","","",""
"","0","excludes non-collected environments when risk filter is active","filterAndSearchEnvironments","Mon Jul 13 18:08:12 UTC 2026","passed","Mon Jul 13 18:08:12 UTC 2026","","risk filters","",""
"","55","calls openSAMLProviderDialog when create provider button is clicked","CreateMenu","Mon Jul 13 18:10:06 UTC 2026","passed","Mon Jul 13 18:10:07 UTC 2026","","oidc_support feature flag disabled","",""
"Test cases for TestGC_NewDataPruningDaemon","0","TestGC_NewDataPruningDaemon","","Mon Jul 13 18:06:55 UTC 2026","passed","Mon Jul 13 18:06:55 UTC 2026","","Go Test","github.com/specterops/bloodhound/cmd/api/src/daemons/gc/TestGC_NewDataPruningDaemon","TestGC_NewDataPruningDaemon"
"","37","returns Rule Object counts when there is a Tag and a Rule selected (tagId and ruleId are in path params)","useObjectCounts","Mon Jul 13 18:12:49 UTC 2026","passed","Mon Jul 13 18:12:49 UTC 2026","","","",""
"Test cases for TestAssetGroupMembers_Filter_NotEquals","0","TestAssetGroupMembers_Filter_NotEquals","","Mon Jul 13 18:06:40 UTC 2026","passed","Mon Jul 13 18:06:40 UTC 2026","","Go Test","github.com/specterops/bloodhound/cmd/api/src/api/TestAssetGroupMembers_Filter_NotEquals","TestAssetGroupMembers_Filter_NotEquals"
"","64","Error handling for fetching edge information","EdgeObjectInformation","Mon Jul 13 18:11:19 UTC 2026","passed","Mon Jul 13 18:11:19 UTC 2026","","","",""
"","773","should display all available roles","CreateUserDialog","Mon Jul 13 18:08:41 UTC 2026","passed","Mon Jul 13 18:08:42 UTC 2026","","","",""
"Test cases for TestStorageFileService_MoveFile","5","TestStorageFileService_MoveFile","","Mon Jul 13 18:07:45 UTC 2026","passed","Mon Jul 13 18:07:45 UTC 2026","","Go Test","github.com/specterops/bloodhound/packages/go/storage/TestStorageFileService_MoveFile","TestStorageFileService_MoveFile"
"Test cases for TestRegister_PanicsOnNilGraph","0","TestRegister_PanicsOnNilGraph","","Mon Jul 13 18:07:52 UTC 2026","passed","Mon Jul 13 18:07:52 UTC 2026","","Go Test","github.com/specterops/bloodhound/server/modules/TestRegister_PanicsOnNilGraph","TestRegister_PanicsOnNilGraph"
"","3071","resets skip to 0 when rows per page changes so rows are visible on the new page size","FileIngestTable","Mon Jul 13 18:08:54 UTC 2026","passed","Mon Jul 13 18:08:57 UTC 2026","","pagination reset","",""
"Test cases for TestToolContainer_SetScheduledAnalysisConfiguration","2","TestToolContainer_SetScheduledAnalysisConfiguration","","Mon Jul 13 18:06:45 UTC 2026","passed","Mon Jul 13 18:06:45 UTC 2026","","Go Test","github.com/specterops/bloodhound/cmd/api/src/api/tools/TestToolContainer_SetScheduledAnalysisConfiguration","TestToolContainer_SetScheduledAnalysisConfiguration"
"Test cases for TestNewAnalysisRequestAdapter","0","TestNewAnalysisRequestAdapter","","Mon Jul 13 18:07:46 UTC 2026","passed","Mon Jul 13 18:07:46 UTC 2026","","Go Test","github.com/specterops/bloodhound/server/analysis/TestNewAnalysisRequestAdapter","TestNewAnalysisRequestAdapter"
"Test cases for TestMarshalIntText","0","TestMarshalIntText","","Mon Jul 13 18:06:57 UTC 2026","passed","Mon Jul 13 18:06:57 UTC 2026","","Go Test","github.com/specterops/bloodhound/cmd/api/src/database/types/null/TestMarshalIntText","TestMarshalIntText"
"","48","passes data to testing component","SavedQueriesProvider","Mon Jul 13 18:12:58 UTC 2026","passed","Mon Jul 13 18:12:58 UTC 2026","","","",""
"Test cases for TestNewRewriter","0","TestNewRewriter","","Mon Jul 13 18:07:00 UTC 2026","passed","Mon Jul 13 18:07:00 UTC 2026","","Go Test","github.com/specterops/bloodhound/cmd/api/src/queries/TestNewRewriter","TestNewRewriter"
"","49","renders the title passed via title prop","ColumnHeaders","Mon Jul 13 18:10:59 UTC 2026","passed","Mon Jul 13 18:10:59 UTC 2026","","BaseColumnHeader","",""
"Test cases for TestMarshalInt64","0","TestMarshalInt64","","Mon Jul 13 18:06:57 UTC 2026","passed","Mon Jul 13 18:06:57 UTC 2026","","Go Test","github.com/specterops/bloodhound/cmd/api/src/database/types/null/TestMarshalInt64","TestMarshalInt64"
"Test cases for Test_HarnessTeardown","0","Test_HarnessTeardown","","Mon Jul 13 18:07:25 UTC 2026","passed","Mon Jul 13 18:07:25 UTC 2026","","Go Test","github.com/specterops/bloodhound/packages/go/lab/Test_HarnessTeardown","Test_HarnessTeardown"
"","143","should render tag to Label content","TagToZoneLabelDialog","Mon Jul 13 18:11:07 UTC 2026","passed","Mon Jul 13 18:11:07 UTC 2026","","","",""
"","0","escapes backslashes before quotes so they do not combine","escapeCypherString","Mon Jul 13 18:13:12 UTC 2026","passed","Mon Jul 13 18:13:12 UTC 2026","","","",""
"Test cases for TestEncodingValues","0","TestEncodingValues","","Mon Jul 13 18:07:24 UTC 2026","passed","Mon Jul 13 18:07:24 UTC 2026","","Go Test","github.com/specterops/bloodhound/packages/go/bomenc/TestEncodingValues","TestEncodingValues"
"Test cases for TestNodeNamePrefix_AppendSuffix","1","TestNodeNamePrefix_AppendSuffix","","Mon Jul 13 18:07:23 UTC 2026","passed","Mon Jul 13 18:07:23 UTC 2026","","Go Test","github.com/specterops/bloodhound/packages/go/analysis/ad/wellknown/TestNodeNamePrefix_AppendSuffix","TestNodeNamePrefix_AppendSuffix"
"","234","handles adding to non-tier-zero asset group","AssetGroupMenuItem","Mon Jul 13 18:13:46 UTC 2026","passed","Mon Jul 13 18:13:46 UTC 2026","","adding to an asset group","",""
"","902","should render","ExploreSearch rendering per tab","Mon Jul 13 18:13:53 UTC 2026","passed","Mon Jul 13 18:13:54 UTC 2026","","","",""
"","63","displays security warning","Enable2FADialog","Mon Jul 13 18:11:57 UTC 2026","passed","Mon Jul 13 18:11:57 UTC 2026","","","",""
"Test cases for Test_parseRelationshipKindsParam","1","Test_parseRelationshipKindsParam","","Mon Jul 13 18:06:53 UTC 2026","passed","Mon Jul 13 18:06:53 UTC 2026","","Go Test","github.com/specterops/bloodhound/cmd/api/src/api/v2/Test_parseRelationshipKindsParam","Test_parseRelationshipKindsParam"
"","3","stores a boolean value in localStorage","useLocalStorage","Mon Jul 13 18:10:25 UTC 2026","passed","Mon Jul 13 18:10:25 UTC 2026","","setValue","",""
"","128","calls handleFilterChange with all filter types and empty strings when clicked while filters are active","AssetGroupEdit","Mon Jul 13 18:10:06 UTC 2026","passed","Mon Jul 13 18:10:07 UTC 2026","","Clear Filters button","",""
"","647","does not allow confirmation while dates are invalid","FileIngestFilterDialog","Mon Jul 13 18:09:36 UTC 2026","passed","Mon Jul 13 18:09:37 UTC 2026","","Date Range Inputs","",""
"","1","If for some reason the node size is not defined return 1 as a default","getNodeRadius","Mon Jul 13 18:14:22 UTC 2026","passed","Mon Jul 13 18:14:22 UTC 2026","","","",""
"Test cases for Test_filterAndFormatSearchResults_filterEnvironmentsEmpty","0","Test_filterAndFormatSearchResults_filterEnvironmentsEmpty","","Mon Jul 13 18:06:53 UTC 2026","passed","Mon Jul 13 18:06:53 UTC 2026","","Go Test","github.com/specterops/bloodhound/cmd/api/src/api/v2/Test_filterAndFormatSearchResults_filterEnvironmentsEmpty","Test_filterAndFormatSearchResults_filterEnvironmentsEmpty"
"Test cases for TestOpenGraphSchemaService_GetGraphSchemaExtensions","1","TestOpenGraphSchemaService_GetGraphSchemaExtensions","","Mon Jul 13 18:07:05 UTC 2026","passed","Mon Jul 13 18:07:05 UTC 2026","","Go Test","github.com/specterops/bloodhound/cmd/api/src/services/opengraphschema/TestOpenGraphSchemaService_GetGraphSchemaExtensions","TestOpenGraphSchemaService_GetGraphSchemaExtensions"
"Test cases for TestLoginSuccess","0","TestLoginSuccess","","Mon Jul 13 18:06:53 UTC 2026","passed","Mon Jul 13 18:06:53 UTC 2026","","Go Test","github.com/specterops/bloodhound/cmd/api/src/api/v2/auth/TestLoginSuccess","TestLoginSuccess"
"","845","open and closes dialog with confirm button after user inputs required text","Tag Form","Mon Jul 13 18:07:51 UTC 2026","passed","Mon Jul 13 18:07:52 UTC 2026","","","",""
"","2037","executes a pathfinding search when both a source and destination node are provided","Pathfinding: interaction","Mon Jul 13 18:10:36 UTC 2026","passed","Mon Jul 13 18:10:38 UTC 2026","","","",""
"","722","should fire Confirm once with true after typing challenge text","DeleteConfirmationDialog","Mon Jul 13 18:12:45 UTC 2026","passed","Mon Jul 13 18:12:46 UTC 2026","","","",""
"Test cases for TestResources_UpdateSavedQuery_AdminPublicQuery_Success","0","TestResources_UpdateSavedQuery_AdminPublicQuery_Success","","Mon Jul 13 18:06:53 UTC 2026","passed","Mon Jul 13 18:06:53 UTC 2026","","Go Test","github.com/specterops/bloodhound/cmd/api/src/api/v2/TestResources_UpdateSavedQuery_AdminPublicQuery_Success","TestResources_UpdateSavedQuery_AdminPublicQuery_Success"
"","13","renders nothing if flag is disabled and disabled prop is not provided","FeatureFlag","Mon Jul 13 18:12:16 UTC 2026","passed","Mon Jul 13 18:12:16 UTC 2026","","","",""
"","756","renders a primary button as expected","DropdownSelector","Mon Jul 13 18:11:58 UTC 2026","passed","Mon Jul 13 18:11:59 UTC 2026","","","",""
"Test cases for TestResources_ShareSavedQueriesPermissions_Admin","2","TestResources_ShareSavedQueriesPermissions_Admin","","Mon Jul 13 18:06:53 UTC 2026","passed","Mon Jul 13 18:06:53 UTC 2026","","Go Test","github.com/specterops/bloodhound/cmd/api/src/api/v2/TestResources_ShareSavedQueriesPermissions_Admin","TestResources_ShareSavedQueriesPermissions_Admin"
"Test cases for TestDeduplicateKinds","0","TestDeduplicateKinds","","Mon Jul 13 18:07:03 UTC 2026","passed","Mon Jul 13 18:07:03 UTC 2026","","Go Test","github.com/specterops/bloodhound/cmd/api/src/services/graphify/TestDeduplicateKinds","TestDeduplicateKinds"
"Test cases for TestAssetGroupMembers_Filter_Equals","0","TestAssetGroupMembers_Filter_Equals","","Mon Jul 13 18:06:40 UTC 2026","passed","Mon Jul 13 18:06:40 UTC 2026","","Go Test","github.com/specterops/bloodhound/cmd/api/src/api/TestAssetGroupMembers_Filter_Equals","TestAssetGroupMembers_Filter_Equals"
"","721","should render","ExploreTable","Mon Jul 13 18:07:41 UTC 2026","passed","Mon Jul 13 18:07:42 UTC 2026","","","",""
"Test cases for Test_sortAndSliceResults_limit","0","Test_sortAndSliceResults_limit","","Mon Jul 13 18:07:00 UTC 2026","passed","Mon Jul 13 18:07:00 UTC 2026","","Go Test","github.com/specterops/bloodhound/cmd/api/src/queries/Test_sortAndSliceResults_limit","Test_sortAndSliceResults_limit"
"","842","Download button opens a menu and selecting ""Selected Columns"" calls json2csv with selected columns only","ExploreTable","Mon Jul 13 18:07:48 UTC 2026","passed","Mon Jul 13 18:07:49 UTC 2026","","","",""
"","0","returns true if arrays have same content in different order","areArraysSimilar","Mon Jul 13 18:12:55 UTC 2026","passed","Mon Jul 13 18:12:55 UTC 2026","","","",""
"","90","should display the ""Authentication"" header","UserProfile","Mon Jul 13 18:10:17 UTC 2026","passed","Mon Jul 13 18:10:17 UTC 2026","","","",""
"","63","Should display a list of the asset group members","AssetGroupMemberList","Mon Jul 13 18:12:30 UTC 2026","passed","Mon Jul 13 18:12:30 UTC 2026","","","",""
"Test cases for TestManagementResource_DeleteUser_UserCannotSelfDelete","1285","TestManagementResource_DeleteUser_UserCannotSelfDelete","","Mon Jul 13 18:07:15 UTC 2026","passed","Mon Jul 13 18:07:16 UTC 2026","","Go Test","github.com/specterops/bloodhound/cmd/api/src/api/v2/auth/TestManagementResource_DeleteUser_UserCannotSelfDelete","TestManagementResource_DeleteUser_UserCannotSelfDelete"
"Test cases for TestStringFromPtr","0","TestStringFromPtr","","Mon Jul 13 18:06:57 UTC 2026","passed","Mon Jul 13 18:06:57 UTC 2026","","Go Test","github.com/specterops/bloodhound/cmd/api/src/database/types/null/TestStringFromPtr","TestStringFromPtr"
"Test cases for TestBuildErrorResponseInternalServerError","0","TestBuildErrorResponseInternalServerError","","Mon Jul 13 18:06:41 UTC 2026","passed","Mon Jul 13 18:06:41 UTC 2026","","Go Test","github.com/specterops/bloodhound/cmd/api/src/api/TestBuildErrorResponseInternalServerError","TestBuildErrorResponseInternalServerError"
"","136","should display the logged in user's email address","UserProfile","Mon Jul 13 18:10:17 UTC 2026","passed","Mon Jul 13 18:10:17 UTC 2026","","","",""
"Test cases for TestDetectBOMEncoding","1","TestDetectBOMEncoding","","Mon Jul 13 18:07:24 UTC 2026","passed","Mon Jul 13 18:07:24 UTC 2026","","Go Test","github.com/specterops/bloodhound/packages/go/bomenc/TestDetectBOMEncoding","TestDetectBOMEncoding"
"Test cases for TestResources_UpdateSavedQuery_InvalidBody","0","TestResources_UpdateSavedQuery_InvalidBody","","Mon Jul 13 18:06:53 UTC 2026","passed","Mon Jul 13 18:06:53 UTC 2026","","Go Test","github.com/specterops/bloodhound/cmd/api/src/api/v2/TestResources_UpdateSavedQuery_InvalidBody","TestResources_UpdateSavedQuery_InvalidBody"
"","183","renders the component with all info and switch off","CitrixRDPConfiguration","Mon Jul 13 18:10:10 UTC 2026","passed","Mon Jul 13 18:10:10 UTC 2026","","Initial render","",""
"Test cases for TestManagementResource_EnableUserSAML","0","TestManagementResource_EnableUserSAML","","Mon Jul 13 18:07:00 UTC 2026","passed","Mon Jul 13 18:07:00 UTC 2026","","Go Test","github.com/specterops/bloodhound/cmd/api/src/api/v2/auth/TestManagementResource_EnableUserSAML","TestManagementResource_EnableUserSAML"
"Test cases for TestResources_GetShortestPath","10","TestResources_GetShortestPath","","Mon Jul 13 18:06:53 UTC 2026","passed","Mon Jul 13 18:06:53 UTC 2026","","Go Test","github.com/specterops/bloodhound/cmd/api/src/api/v2/TestResources_GetShortestPath","TestResources_GetShortestPath"
"","16","should redirect to nested /file-ingest route if user navigates to an invalid route","Administration","Mon Jul 13 18:14:28 UTC 2026","passed","Mon Jul 13 18:14:28 UTC 2026","","","",""
"Test cases for TestOpenGraphSchemaService_GetEnvironmentKindsAndSchemaEnvironmentData","1","TestOpenGraphSchemaService_GetEnvironmentKindsAndSchemaEnvironmentData","","Mon Jul 13 18:07:05 UTC 2026","passed","Mon Jul 13 18:07:05 UTC 2026","","Go Test","github.com/specterops/bloodhound/cmd/api/src/services/opengraphschema/TestOpenGraphSchemaService_GetEnvironmentKindsAndSchemaEnvironmentData","TestOpenGraphSchemaService_GetEnvironmentKindsAndSchemaEnvironmentData"
"","181","should display api key management button","Api Keys","Mon Jul 13 18:10:19 UTC 2026","passed","Mon Jul 13 18:10:19 UTC 2026","","","",""
"","399","toggles sort order when clicking sortable header","ObjectsAccordion","Mon Jul 13 18:12:21 UTC 2026","passed","Mon Jul 13 18:12:22 UTC 2026","","","",""
"","220","shows an error state","AssetGroupMenuItem","Mon Jul 13 18:10:00 UTC 2026","passed","Mon Jul 13 18:10:00 UTC 2026","","","",""
"","171","should have a disabled continue button","TagToZoneLabelDialog","Mon Jul 13 18:11:07 UTC 2026","passed","Mon Jul 13 18:11:07 UTC 2026","","","",""
"Test cases for TestDatabase_checkError_NotFound","0","TestDatabase_checkError_NotFound","","Mon Jul 13 18:06:57 UTC 2026","passed","Mon Jul 13 18:06:57 UTC 2026","","Go Test","github.com/specterops/bloodhound/cmd/api/src/database/TestDatabase_checkError_NotFound","TestDatabase_checkError_NotFound"
"Test cases for TestManagementResource_CreateSAMLProviderMultipart","19","TestManagementResource_CreateSAMLProviderMultipart","","Mon Jul 13 18:07:40 UTC 2026","passed","Mon Jul 13 18:07:40 UTC 2026","","Go Test","github.com/specterops/bloodhound/cmd/api/src/api/v2/auth/TestManagementResource_CreateSAMLProviderMultipart","TestManagementResource_CreateSAMLProviderMultipart"
"","20","renders an error fallback when flag is not found","FeatureFlag","Mon Jul 13 18:12:16 UTC 2026","passed","Mon Jul 13 18:12:16 UTC 2026","","","",""
"","604","shows error notification when deletion fails","ActiveExtensionsCard","Mon Jul 13 18:08:20 UTC 2026","passed","Mon Jul 13 18:08:20 UTC 2026","","","",""
"Test cases for TestOpenGraphSchemaService_DeleteExtension","1","TestOpenGraphSchemaService_DeleteExtension","","Mon Jul 13 18:07:05 UTC 2026","passed","Mon Jul 13 18:07:05 UTC 2026","","Go Test","github.com/specterops/bloodhound/cmd/api/src/services/opengraphschema/TestOpenGraphSchemaService_DeleteExtension","TestOpenGraphSchemaService_DeleteExtension"
"","12427","checking a category updates all children and grandchildren","Pathfinding","Mon Jul 13 18:08:36 UTC 2026","passed","Mon Jul 13 18:08:48 UTC 2026","","","",""
"Test cases for TestResources_GetAZRelatedEntities","125","TestResources_GetAZRelatedEntities","","Mon Jul 13 18:06:53 UTC 2026","passed","Mon Jul 13 18:06:53 UTC 2026","","Go Test","github.com/specterops/bloodhound/cmd/api/src/api/v2/TestResources_GetAZRelatedEntities","TestResources_GetAZRelatedEntities"
"Test cases for TestFeatureFlagManager","1","TestFeatureFlagManager","","Mon Jul 13 18:06:55 UTC 2026","passed","Mon Jul 13 18:06:55 UTC 2026","","Go Test","github.com/specterops/bloodhound/cmd/api/src/daemons/changelog/TestFeatureFlagManager","TestFeatureFlagManager"
"TestRegister_RoutesRequireAuthentication dispatches real unauthenticatedrequests through the wired router to verify that every registered graphdbroute is guarded by authentication middleware. If the route wireup everloses RequirePermissions(), this test will fail.","0","TestRegister_RoutesRequireAuthentication","","Mon Jul 13 18:07:52 UTC 2026","passed","Mon Jul 13 18:07:52 UTC 2026","","Go Test","github.com/specterops/bloodhound/server/graphdb/internal/routes/TestRegister_RoutesRequireAuthentication","TestRegister_RoutesRequireAuthentication"
"","85","should render a button with the passed in display text","GraphButton","Mon Jul 13 18:13:23 UTC 2026","passed","Mon Jul 13 18:13:23 UTC 2026","","","",""
"","212","calls setExploreParams with only the expandedSection label when selecting any accordion that is not composition","EdgeInfoContent","Mon Jul 13 18:08:18 UTC 2026","passed","Mon Jul 13 18:08:18 UTC 2026","","EdgeInfoContent support for Deep Linking","",""
"Test cases for TestResources_CypherQuery","113","TestResources_CypherQuery","","Mon Jul 13 18:06:53 UTC 2026","passed","Mon Jul 13 18:06:53 UTC 2026","","Go Test","github.com/specterops/bloodhound/cmd/api/src/api/v2/TestResources_CypherQuery","TestResources_CypherQuery"
"","179","renders a confirm dialg","ConfirmDeleteQueryDialog","Mon Jul 13 18:13:14 UTC 2026","passed","Mon Jul 13 18:13:14 UTC 2026","","","",""
"","7","hides the item when only the feature flag passes","useSubNavRoutes","Mon Jul 13 18:10:42 UTC 2026","passed","Mon Jul 13 18:10:42 UTC 2026","","combined gates","",""
"","38","shows the direct object empty and expanded object list empty, when no results in both","Seed Selection Results","Mon Jul 13 18:09:50 UTC 2026","passed","Mon Jul 13 18:09:50 UTC 2026","","","",""
"Test cases for TestResources_GetCertTemplateEntityInfo","227","TestResources_GetCertTemplateEntityInfo","","Mon Jul 13 18:06:53 UTC 2026","passed","Mon Jul 13 18:06:53 UTC 2026","","Go Test","github.com/specterops/bloodhound/cmd/api/src/api/v2/TestResources_GetCertTemplateEntityInfo","TestResources_GetCertTemplateEntityInfo"
"Test cases for Test_sortAndSliceResults_sorting","0","Test_sortAndSliceResults_sorting","","Mon Jul 13 18:07:00 UTC 2026","passed","Mon Jul 13 18:07:00 UTC 2026","","Go Test","github.com/specterops/bloodhound/cmd/api/src/queries/Test_sortAndSliceResults_sorting","Test_sortAndSliceResults_sorting"
"","329","sets a primarySearch=id and searchType=pathfinding when secondarySearch is truethy","ContextMenu","Mon Jul 13 18:09:48 UTC 2026","passed","Mon Jul 13 18:09:49 UTC 2026","","","",""
"","202","disables the create user button when the user is auditor role","Users","Mon Jul 13 18:09:32 UTC 2026","passed","Mon Jul 13 18:09:32 UTC 2026","","","",""
"","0","returns paramValue as EnvironmentAggregation if paramValue is all","useEnvironmentParams","Mon Jul 13 18:13:19 UTC 2026","passed","Mon Jul 13 18:13:19 UTC 2026","","parseEnvironmentAggregation","",""
"Test cases for TestResources_ListADGroupMembers","0","TestResources_ListADGroupMembers","","Mon Jul 13 18:06:53 UTC 2026","passed","Mon Jul 13 18:06:53 UTC 2026","","Go Test","github.com/specterops/bloodhound/cmd/api/src/api/v2/TestResources_ListADGroupMembers","TestResources_ListADGroupMembers"
"","97","displays an error message","GraphView","Mon Jul 13 18:13:46 UTC 2026","passed","Mon Jul 13 18:13:46 UTC 2026","","","",""
"Test cases for TestCache_NewCache","3","TestCache_NewCache","","Mon Jul 13 18:07:24 UTC 2026","passed","Mon Jul 13 18:07:24 UTC 2026","","Go Test","github.com/specterops/bloodhound/packages/go/cache/TestCache_NewCache","TestCache_NewCache"
"","13","returns azure environmentInfo when environmentAggregation param is azure","useAvailableEnvironments","Mon Jul 13 18:10:43 UTC 2026","passed","Mon Jul 13 18:10:43 UTC 2026","","useSelectedEnvironment","",""
"","580","should sort by type","SSOProviderTable","Mon Jul 13 18:11:53 UTC 2026","passed","Mon Jul 13 18:11:54 UTC 2026","","","",""
"","4","returns paramValue if it is one of the expected values","useExploreParams","Mon Jul 13 18:13:25 UTC 2026","passed","Mon Jul 13 18:13:25 UTC 2026","","parseSearchType","",""
"Test cases for TestEnsureServerDirectoriesCreatesRequiredDirectories","2","TestEnsureServerDirectoriesCreatesRequiredDirectories","","Mon Jul 13 18:06:54 UTC 2026","passed","Mon Jul 13 18:06:54 UTC 2026","","Go Test","github.com/specterops/bloodhound/cmd/api/src/bootstrap/TestEnsureServerDirectoriesCreatesRequiredDirectories","TestEnsureServerDirectoriesCreatesRequiredDirectories"
"","26","renders disabled prop when flag is not enabled","FeatureFlag","Mon Jul 13 18:12:16 UTC 2026","passed","Mon Jul 13 18:12:16 UTC 2026","","","",""
"","131","calls onClick when toggle button clicked","EarlyAccessFeatureToggle","Mon Jul 13 18:14:23 UTC 2026","passed","Mon Jul 13 18:14:23 UTC 2026","","","",""
"Test cases for TestGetChainedDomains_IgnoresForestHosting","1","TestGetChainedDomains_IgnoresForestHosting","","Mon Jul 13 18:07:23 UTC 2026","passed","Mon Jul 13 18:07:23 UTC 2026","","Go Test","github.com/specterops/bloodhound/packages/go/analysis/ad/TestGetChainedDomains_IgnoresForestHosting","TestGetChainedDomains_IgnoresForestHosting"
"Test cases for TestResources_GetEdgeACLInheritancePath","93","TestResources_GetEdgeACLInheritancePath","","Mon Jul 13 18:06:53 UTC 2026","passed","Mon Jul 13 18:06:53 UTC 2026","","Go Test","github.com/specterops/bloodhound/cmd/api/src/api/v2/TestResources_GetEdgeACLInheritancePath","TestResources_GetEdgeACLInheritancePath"
"","371","should call onClose when cancel button is clicked","SaveQueryDialog","Mon Jul 13 18:07:48 UTC 2026","passed","Mon Jul 13 18:07:48 UTC 2026","","","",""
"","0","returns paramValue as EnvironmentAggregation if paramValue is azure","useEnvironmentParams","Mon Jul 13 18:13:19 UTC 2026","passed","Mon Jul 13 18:13:19 UTC 2026","","parseEnvironmentAggregation","",""
"","68","includes all traversable OpenGraph edges in their own category when they are available via the API","useEdgeCategories","Mon Jul 13 18:10:10 UTC 2026","passed","Mon Jul 13 18:10:10 UTC 2026","","","",""
"","15","does not return when zone limit is not reached","useTagLimits","Mon Jul 13 18:08:34 UTC 2026","passed","Mon Jul 13 18:08:34 UTC 2026","","","",""
"","247","Trying to view the edge info does not crash the app when selecting an unrecognized edge","EdgeInfoContent","Mon Jul 13 18:08:17 UTC 2026","passed","Mon Jul 13 18:08:17 UTC 2026","","","",""
"Test cases for TestJSONFloat_UnmarshalJSON","0","TestJSONFloat_UnmarshalJSON","","Mon Jul 13 18:06:57 UTC 2026","passed","Mon Jul 13 18:06:57 UTC 2026","","Go Test","github.com/specterops/bloodhound/cmd/api/src/database/types/nan/TestJSONFloat_UnmarshalJSON","TestJSONFloat_UnmarshalJSON"
"","202","validates that the name input is under the max length","Tag Form","Mon Jul 13 18:07:48 UTC 2026","passed","Mon Jul 13 18:07:48 UTC 2026","","","",""
"Test cases for TestService_CreateRequest","0","TestService_CreateRequest","","Mon Jul 13 18:07:48 UTC 2026","passed","Mon Jul 13 18:07:48 UTC 2026","","Go Test","github.com/specterops/bloodhound/server/analysis/internal/services/TestService_CreateRequest","TestService_CreateRequest"
"","88","upon selecting just a source node, updates the URL with a searchType of 'node' and primarySearch of the node's objectid","usePathfindingSearch","Mon Jul 13 18:10:39 UTC 2026","passed","Mon Jul 13 18:10:39 UTC 2026","","","",""
"","1","filters by multiple risk levels","filterAndSearchEnvironments","Mon Jul 13 18:08:12 UTC 2026","passed","Mon Jul 13 18:08:12 UTC 2026","","risk filters","",""
"Test cases for TestManagementResource_ListRoles_InvalidFilterPredicate","0","TestManagementResource_ListRoles_InvalidFilterPredicate","","Mon Jul 13 18:07:00 UTC 2026","passed","Mon Jul 13 18:07:00 UTC 2026","","Go Test","github.com/specterops/bloodhound/cmd/api/src/api/v2/auth/TestManagementResource_ListRoles_InvalidFilterPredicate","TestManagementResource_ListRoles_InvalidFilterPredicate"
"","385","shows all extensions when search is cleared","ActiveExtensionsCard","Mon Jul 13 18:08:15 UTC 2026","passed","Mon Jul 13 18:08:16 UTC 2026","","","",""
"Test cases for TestAnalysisStepsMerge","8","TestAnalysisStepsMerge","","Mon Jul 13 18:06:58 UTC 2026","passed","Mon Jul 13 18:06:58 UTC 2026","","Go Test","github.com/specterops/bloodhound/cmd/api/src/model/TestAnalysisStepsMerge","TestAnalysisStepsMerge"
"","1","filters by active-directory platform","filterAndSearchEnvironments","Mon Jul 13 18:08:12 UTC 2026","passed","Mon Jul 13 18:08:12 UTC 2026","","platform filters","",""
"","6035","Typing in the search bar filters the results","ExploreTable","Mon Jul 13 18:07:50 UTC 2026","passed","Mon Jul 13 18:07:56 UTC 2026","","","",""
"Test cases for TestResources_DeleteSavedQuery_RecordNotFound_EdgeCase","0","TestResources_DeleteSavedQuery_RecordNotFound_EdgeCase","","Mon Jul 13 18:06:53 UTC 2026","passed","Mon Jul 13 18:06:53 UTC 2026","","Go Test","github.com/specterops/bloodhound/cmd/api/src/api/v2/TestResources_DeleteSavedQuery_RecordNotFound_EdgeCase","TestResources_DeleteSavedQuery_RecordNotFound_EdgeCase"
"","635","displays current password error messages when current password is empty","PasswordDialog","Mon Jul 13 18:08:31 UTC 2026","passed","Mon Jul 13 18:08:32 UTC 2026","","","",""
"Test cases for TestIsValidContentTypeForUpload","1","TestIsValidContentTypeForUpload","","Mon Jul 13 18:06:53 UTC 2026","passed","Mon Jul 13 18:06:53 UTC 2026","","Go Test","github.com/specterops/bloodhound/cmd/api/src/api/v2/TestIsValidContentTypeForUpload","TestIsValidContentTypeForUpload"
"","58","composes search params from the search prop and use them in the link","AppLink","Mon Jul 13 18:11:27 UTC 2026","passed","Mon Jul 13 18:11:27 UTC 2026","","","",""
"Test cases for TestResources_GetComputerEntityInfo","2","TestResources_GetComputerEntityInfo","","Mon Jul 13 18:06:53 UTC 2026","passed","Mon Jul 13 18:06:53 UTC 2026","","Go Test","github.com/specterops/bloodhound/cmd/api/src/api/v2/TestResources_GetComputerEntityInfo","TestResources_GetComputerEntityInfo"
"","0","returns undefined if paramValue is not an expected value","useExploreParams","Mon Jul 13 18:13:25 UTC 2026","passed","Mon Jul 13 18:13:25 UTC 2026","","parseSearchType","",""
"","529","reflects the persisted selected layout in the controls menu","GraphView","Mon Jul 13 18:13:52 UTC 2026","passed","Mon Jul 13 18:13:53 UTC 2026","","Layout selection and de-selection","",""
"","351","does not render an edit form for the selected asset group when a user does not have graph write permissions","GroupManagement","Mon Jul 13 18:14:15 UTC 2026","passed","Mon Jul 13 18:14:15 UTC 2026","","","",""
"Test cases for TestToolContainer_GetScheduledAnalysisConfiguration","0","TestToolContainer_GetScheduledAnalysisConfiguration","","Mon Jul 13 18:06:45 UTC 2026","passed","Mon Jul 13 18:06:45 UTC 2026","","Go Test","github.com/specterops/bloodhound/cmd/api/src/api/tools/TestToolContainer_GetScheduledAnalysisConfiguration","TestToolContainer_GetScheduledAnalysisConfiguration"
"","6","removes key from state","useObjectState","Mon Jul 13 18:12:31 UTC 2026","passed","Mon Jul 13 18:12:31 UTC 2026","","","",""
"","105","applies accent styling to headers when accent is true","<DetailsAccordion />","Mon Jul 13 18:09:54 UTC 2026","passed","Mon Jul 13 18:09:54 UTC 2026","","","",""
"","197","respects openIndex (default opened panel)","<DetailsAccordion />","Mon Jul 13 18:09:55 UTC 2026","passed","Mon Jul 13 18:09:55 UTC 2026","","","",""
"","4","returns null if paramValue is +0","useEnvironmentParams","Mon Jul 13 18:13:19 UTC 2026","passed","Mon Jul 13 18:13:19 UTC 2026","","parseEnvironmentAggregation","",""
"","0","Empty input is provided","parseKeywordAndTypeValue","Mon Jul 13 18:13:06 UTC 2026","passed","Mon Jul 13 18:13:06 UTC 2026","","","",""
"TestManifest_AddMigration tests that migrations are added to the correct locationwithin the migration map and in the correct order.","0","TestManifest_AddMigration","","Mon Jul 13 18:06:57 UTC 2026","passed","Mon Jul 13 18:06:57 UTC 2026","","Go Test","github.com/specterops/bloodhound/cmd/api/src/database/migration/TestManifest_AddMigration","TestManifest_AddMigration"
"","513","should render an SavedQueryPermissions component","SavedQueryPermissions","Mon Jul 13 18:11:39 UTC 2026","passed","Mon Jul 13 18:11:40 UTC 2026","","","",""
"","71","should have a .z-nav class","MainNav","Mon Jul 13 18:10:24 UTC 2026","passed","Mon Jul 13 18:10:24 UTC 2026","","","",""
"Test cases for TestTimeSetValid","0","TestTimeSetValid","","Mon Jul 13 18:06:57 UTC 2026","passed","Mon Jul 13 18:06:57 UTC 2026","","Go Test","github.com/specterops/bloodhound/cmd/api/src/database/types/null/TestTimeSetValid","TestTimeSetValid"
"","34","generates a human-friendly default filename for graph exports","exportGraphData","Mon Jul 13 18:12:38 UTC 2026","passed","Mon Jul 13 18:12:38 UTC 2026","","","",""
"","52","returns undefined for sort params when no initial state is provided","useSortParams","Mon Jul 13 18:11:40 UTC 2026","passed","Mon Jul 13 18:11:40 UTC 2026","","","",""
"","38","does not set input text if no value is given","ManagedDatePicker - value","Mon Jul 13 18:10:54 UTC 2026","passed","Mon Jul 13 18:10:54 UTC 2026","","","",""
"Test cases for Test_AuthMiddleware","0","Test_AuthMiddleware","","Mon Jul 13 18:06:45 UTC 2026","passed","Mon Jul 13 18:06:45 UTC 2026","","Go Test","github.com/specterops/bloodhound/cmd/api/src/api/middleware/Test_AuthMiddleware","Test_AuthMiddleware"
"Test cases for TestResources_ListADDomainContainedOUs","0","TestResources_ListADDomainContainedOUs","","Mon Jul 13 18:06:53 UTC 2026","passed","Mon Jul 13 18:06:53 UTC 2026","","Go Test","github.com/specterops/bloodhound/cmd/api/src/api/v2/TestResources_ListADDomainContainedOUs","TestResources_ListADDomainContainedOUs"
"TestIsValidateGooseTimeStamp to validate different cases of this prefix requirement","0","TestIsValidateGooseTimeStamp","","Mon Jul 13 18:06:57 UTC 2026","passed","Mon Jul 13 18:06:57 UTC 2026","","Go Test","github.com/specterops/bloodhound/cmd/api/src/database/migration/TestIsValidateGooseTimeStamp","TestIsValidateGooseTimeStamp"
"","117","renders details for a selected rule and is of type ""Cypher""","DynamicDetails","Mon Jul 13 18:10:24 UTC 2026","passed","Mon Jul 13 18:10:24 UTC 2026","","","",""
"","302","should display correctly","ConfirmationDialog","Mon Jul 13 18:13:04 UTC 2026","passed","Mon Jul 13 18:13:05 UTC 2026","","","",""
"","110","renders a button when actor is not BloodHoundString and note exists","NoteCell component","Mon Jul 13 18:11:58 UTC 2026","passed","Mon Jul 13 18:11:58 UTC 2026","","","",""
"","59","hides items when the flag is disabled","useSubNavRoutes","Mon Jul 13 18:10:42 UTC 2026","passed","Mon Jul 13 18:10:42 UTC 2026","","featureFlag gate","",""
"","15","sets autoDisplayTable to false if query returns nodes only but the enabled prop is false","useExploreTableAutoDisplay","Mon Jul 13 18:12:07 UTC 2026","passed","Mon Jul 13 18:12:07 UTC 2026","","","",""
"Test cases for TestMinMaxValidator","0","TestMinMaxValidator","","Mon Jul 13 18:07:22 UTC 2026","passed","Mon Jul 13 18:07:22 UTC 2026","","Go Test","github.com/specterops/bloodhound/cmd/api/src/utils/validation/TestMinMaxValidator","TestMinMaxValidator"
"","6","should compute normal vectors for line segments","bezier","Mon Jul 13 18:14:13 UTC 2026","passed","Mon Jul 13 18:14:13 UTC 2026","","","",""
"","19","displays CaretUp icon when the sortOrder is asc","ColumnHeaders","Mon Jul 13 18:10:59 UTC 2026","passed","Mon Jul 13 18:10:59 UTC 2026","","SortableHeader","",""
"","13","does not open the Schema Upload dialog via drag when the Quick Upload dialog is already open","SchemaUploadDialog","Mon Jul 13 18:09:23 UTC 2026","passed","Mon Jul 13 18:09:23 UTC 2026","","","",""
"","138","shows the empty form message when Object Rule Form is empty","Seed Selection Results","Mon Jul 13 18:09:49 UTC 2026","passed","Mon Jul 13 18:09:49 UTC 2026","","","",""
"","756","app does not crash if ""token"" cookie exists and ""persistedState"" localstorage key does not exist","redux store","Mon Jul 13 18:14:25 UTC 2026","passed","Mon Jul 13 18:14:26 UTC 2026","","","",""
"Test cases for TestRoleAssignments_NodesWithRole","0","TestRoleAssignments_NodesWithRole","","Mon Jul 13 18:07:23 UTC 2026","passed","Mon Jul 13 18:07:23 UTC 2026","","Go Test","github.com/specterops/bloodhound/packages/go/analysis/azure/TestRoleAssignments_NodesWithRole","TestRoleAssignments_NodesWithRole"
"","953","should not have less characters than the minimum requirement","CreateUserForm","Mon Jul 13 18:08:23 UTC 2026","passed","Mon Jul 13 18:08:24 UTC 2026","","","",""
"Test cases for Test_NewSpec","1","Test_NewSpec","","Mon Jul 13 18:07:25 UTC 2026","passed","Mon Jul 13 18:07:25 UTC 2026","","Go Test","github.com/specterops/bloodhound/packages/go/lab/Test_NewSpec","Test_NewSpec"
"Test cases for TestManagementResource_ListSAMLSignOnEndpoints","29","TestManagementResource_ListSAMLSignOnEndpoints","","Mon Jul 13 18:07:40 UTC 2026","passed","Mon Jul 13 18:07:40 UTC 2026","","Go Test","github.com/specterops/bloodhound/cmd/api/src/api/v2/auth/TestManagementResource_ListSAMLSignOnEndpoints","TestManagementResource_ListSAMLSignOnEndpoints"
"Test cases for TestFetchTenants","0","TestFetchTenants","","Mon Jul 13 18:07:23 UTC 2026","passed","Mon Jul 13 18:07:23 UTC 2026","","Go Test","github.com/specterops/bloodhound/packages/go/analysis/azure/TestFetchTenants","TestFetchTenants"
"","107","highlights the selectedLayout when isExploreLayoutSelected is true","GraphControls","Mon Jul 13 18:08:15 UTC 2026","passed","Mon Jul 13 18:08:15 UTC 2026","","Selecting a layout","",""
"Test cases for FuzzFoldlLazy","0","FuzzFoldlLazy","","Mon Jul 13 18:07:41 UTC 2026","passed","Mon Jul 13 18:07:41 UTC 2026","","Go Test","github.com/specterops/bloodhound/packages/go/slicesext/FuzzFoldlLazy","FuzzFoldlLazy"
"Test cases for TestStorageFileService_WriteTempFile","2","TestStorageFileService_WriteTempFile","","Mon Jul 13 18:07:45 UTC 2026","passed","Mon Jul 13 18:07:45 UTC 2026","","Go Test","github.com/specterops/bloodhound/packages/go/storage/TestStorageFileService_WriteTempFile","TestStorageFileService_WriteTempFile"
"Test cases for TestParseUUID","0","TestParseUUID","","Mon Jul 13 18:07:22 UTC 2026","passed","Mon Jul 13 18:07:22 UTC 2026","","Go Test","github.com/specterops/bloodhound/cmd/api/src/utils/TestParseUUID","TestParseUUID"
"","12","disables useAvailableEnvironment and does not attempt calling handleInitialEnvironment if queryOptions.enabled","useInitialEnvironment","Mon Jul 13 18:12:10 UTC 2026","passed","Mon Jul 13 18:12:10 UTC 2026","","","",""
"","0","returns paramValue as EnvironmentAggregation for unknown values (custom types)","useEnvironmentParams","Mon Jul 13 18:13:19 UTC 2026","passed","Mon Jul 13 18:13:19 UTC 2026","","parseEnvironmentAggregation","",""
"","1","will return a list of values","Formatting list properties","Mon Jul 13 18:10:00 UTC 2026","passed","Mon Jul 13 18:10:00 UTC 2026","","","",""
"","96","initializes the list with all filters checked by default","usePathfindingFilters","Mon Jul 13 18:12:40 UTC 2026","passed","Mon Jul 13 18:12:40 UTC 2026","","","",""
"Test cases for TestWriteResponseWrapperWithTimeWindowAndPagination","0","TestWriteResponseWrapperWithTimeWindowAndPagination","","Mon Jul 13 18:06:41 UTC 2026","passed","Mon Jul 13 18:06:41 UTC 2026","","Go Test","github.com/specterops/bloodhound/cmd/api/src/api/TestWriteResponseWrapperWithTimeWindowAndPagination","TestWriteResponseWrapperWithTimeWindowAndPagination"
"","36","should not render if open === false","ConfirmUpdateQueryDialog","Mon Jul 13 18:12:54 UTC 2026","passed","Mon Jul 13 18:12:54 UTC 2026","","","",""
"","861","renders a filter search and platform dropdown menu","CommonSearches","Mon Jul 13 18:09:57 UTC 2026","passed","Mon Jul 13 18:09:58 UTC 2026","","","",""
"Test cases for TestStringEqual","0","TestStringEqual","","Mon Jul 13 18:06:57 UTC 2026","passed","Mon Jul 13 18:06:57 UTC 2026","","Go Test","github.com/specterops/bloodhound/cmd/api/src/database/types/null/TestStringEqual","TestStringEqual"
"","65","when `selectedItem` is null, the combobox does not display an icon","icon rendering","Mon Jul 13 18:10:05 UTC 2026","passed","Mon Jul 13 18:10:05 UTC 2026","","","",""
"Test cases for TestUnmarshalInt64","0","TestUnmarshalInt64","","Mon Jul 13 18:06:57 UTC 2026","passed","Mon Jul 13 18:06:57 UTC 2026","","Go Test","github.com/specterops/bloodhound/cmd/api/src/database/types/null/TestUnmarshalInt64","TestUnmarshalInt64"
"Test cases for Test_GetAssetGroupMembersByTag","6","Test_GetAssetGroupMembersByTag","","Mon Jul 13 18:06:53 UTC 2026","passed","Mon Jul 13 18:06:53 UTC 2026","","Go Test","github.com/specterops/bloodhound/cmd/api/src/api/v2/Test_GetAssetGroupMembersByTag","Test_GetAssetGroupMembersByTag"
"","1474","should display all available SSO providers","UpdateUserDialog","Mon Jul 13 18:09:04 UTC 2026","passed","Mon Jul 13 18:09:06 UTC 2026","","","",""
"Test cases for TestHasSequence","1","TestHasSequence","","Mon Jul 13 18:07:24 UTC 2026","passed","Mon Jul 13 18:07:24 UTC 2026","","Go Test","github.com/specterops/bloodhound/packages/go/bomenc/TestHasSequence","TestHasSequence"
"","462","Displays the selectors list if passed in through additional sections","EntityInfoDataTableList","Mon Jul 13 18:11:14 UTC 2026","passed","Mon Jul 13 18:11:14 UTC 2026","","","",""
"","391","opens the dropdown when the Columns button is clicked","ManageColumnsComboBox","Mon Jul 13 18:09:55 UTC 2026","passed","Mon Jul 13 18:09:55 UTC 2026","","","",""
"","1","Origin label and sizing are used when specified","copySigmaNodesToGraphlibGraph","Mon Jul 13 18:14:16 UTC 2026","passed","Mon Jul 13 18:14:16 UTC 2026","","","",""
"","146","does not show ""API Expiration Date"" column header when expiration is disabled","UserTokenManagementDialog - API Expiration Date column","Mon Jul 13 18:09:45 UTC 2026","passed","Mon Jul 13 18:09:45 UTC 2026","","","",""
"Test cases for Test_ParseGraphSortParameters_InvalidSortColumn","0","Test_ParseGraphSortParameters_InvalidSortColumn","","Mon Jul 13 18:06:41 UTC 2026","passed","Mon Jul 13 18:06:41 UTC 2026","","Go Test","github.com/specterops/bloodhound/cmd/api/src/api/Test_ParseGraphSortParameters_InvalidSortColumn","Test_ParseGraphSortParameters_InvalidSortColumn"
"","0","The user has yet to type into the search (for OU and Domain searches that have hard coded types)","Getting the text for the disabled item display for a search when there are no results","Mon Jul 13 18:12:17 UTC 2026","passed","Mon Jul 13 18:12:17 UTC 2026","","Empty data states","",""
"","786","should initiate data loading when an item is selected","Simple Environment Selector","Mon Jul 13 18:10:16 UTC 2026","passed","Mon Jul 13 18:10:17 UTC 2026","","","",""
"Test cases for TestRewriter_Enter_CombinedAzureAndADShortcut_ConcatenatesKinds","0","TestRewriter_Enter_CombinedAzureAndADShortcut_ConcatenatesKinds","","Mon Jul 13 18:07:00 UTC 2026","passed","Mon Jul 13 18:07:00 UTC 2026","","Go Test","github.com/specterops/bloodhound/cmd/api/src/queries/TestRewriter_Enter_CombinedAzureAndADShortcut_ConcatenatesKinds","TestRewriter_Enter_CombinedAzureAndADShortcut_ConcatenatesKinds"
"","227","The edge properties are fetched through a cypher search which includes lastseen","EdgeObjectInformation","Mon Jul 13 18:11:19 UTC 2026","passed","Mon Jul 13 18:11:19 UTC 2026","","","",""
"Test cases for TestResources_ListRootCAPKIHierarchy","1","TestResources_ListRootCAPKIHierarchy","","Mon Jul 13 18:06:53 UTC 2026","passed","Mon Jul 13 18:06:53 UTC 2026","","Go Test","github.com/specterops/bloodhound/cmd/api/src/api/v2/TestResources_ListRootCAPKIHierarchy","TestResources_ListRootCAPKIHierarchy"
"","641","navigates to object details when clicking an object row","ObjectsAccordion","Mon Jul 13 18:11:13 UTC 2026","passed","Mon Jul 13 18:11:14 UTC 2026","","","",""
"Test cases for TestArgon2_Digest","0","TestArgon2_Digest","","Mon Jul 13 18:07:24 UTC 2026","passed","Mon Jul 13 18:07:24 UTC 2026","","Go Test","github.com/specterops/bloodhound/packages/go/crypto/TestArgon2_Digest","TestArgon2_Digest"
"","0","returns true if both arrays are empty","areArraysSimilar","Mon Jul 13 18:12:55 UTC 2026","passed","Mon Jul 13 18:12:55 UTC 2026","","","",""
"","625","should render inputs, labels, and action buttons","UpsertSAMLProviderForm","Mon Jul 13 18:12:08 UTC 2026","passed","Mon Jul 13 18:12:09 UTC 2026","","","",""
"","1562","disables the user actions menu when the user is auditor role","Users","Mon Jul 13 18:09:34 UTC 2026","passed","Mon Jul 13 18:09:35 UTC 2026","","","",""
"","545","renders the Namespace column header with focusable info icon","ActiveExtensionsCard","Mon Jul 13 18:08:14 UTC 2026","passed","Mon Jul 13 18:08:15 UTC 2026","","","",""
"Test cases for TestExtractIngestFiles","12","TestExtractIngestFiles","","Mon Jul 13 18:07:03 UTC 2026","passed","Mon Jul 13 18:07:03 UTC 2026","","Go Test","github.com/specterops/bloodhound/cmd/api/src/services/graphify/TestExtractIngestFiles","TestExtractIngestFiles"
"","908","renders group and tenant dropdown selectors","GroupManagement","Mon Jul 13 18:14:13 UTC 2026","passed","Mon Jul 13 18:14:14 UTC 2026","","","",""
"","125","calls onCancel when cancel button clicked","EarlyAccessFeaturesWarningDialog","Mon Jul 13 18:14:32 UTC 2026","passed","Mon Jul 13 18:14:32 UTC 2026","","","",""
"Test cases for TestBuildErrorResponseUnauthorized","0","TestBuildErrorResponseUnauthorized","","Mon Jul 13 18:06:41 UTC 2026","passed","Mon Jul 13 18:06:41 UTC 2026","","Go Test","github.com/specterops/bloodhound/cmd/api/src/api/TestBuildErrorResponseUnauthorized","TestBuildErrorResponseUnauthorized"
"Test cases for TestStringIsZero","0","TestStringIsZero","","Mon Jul 13 18:06:57 UTC 2026","passed","Mon Jul 13 18:06:57 UTC 2026","","Go Test","github.com/specterops/bloodhound/cmd/api/src/database/types/null/TestStringIsZero","TestStringIsZero"
"","52","does not display notification when user has GRAPH_DB_INGEST_MANAGE permission","FileIngest","Mon Jul 13 18:11:46 UTC 2026","passed","Mon Jul 13 18:11:46 UTC 2026","","","",""
"","113","buttons are disabled while loading","PasswordResetForm","Mon Jul 13 18:10:48 UTC 2026","passed","Mon Jul 13 18:10:48 UTC 2026","","","",""
"","1","reads and parses an existing value from localStorage","useLocalStorage","Mon Jul 13 18:10:25 UTC 2026","passed","Mon Jul 13 18:10:25 UTC 2026","","initial value","",""
"","361","Should call handler when a member is clicked","AssetGroupMemberList","Mon Jul 13 18:12:30 UTC 2026","passed","Mon Jul 13 18:12:30 UTC 2026","","","",""
"","284","should not render list items for domains that are not collected","Context Selector","Mon Jul 13 18:10:17 UTC 2026","passed","Mon Jul 13 18:10:17 UTC 2026","","","",""
"Test cases for TestResources_DeleteSavedQuery_NotPublicQueryAndUserIsAdmin","0","TestResources_DeleteSavedQuery_NotPublicQueryAndUserIsAdmin","","Mon Jul 13 18:06:53 UTC 2026","passed","Mon Jul 13 18:06:53 UTC 2026","","Go Test","github.com/specterops/bloodhound/cmd/api/src/api/v2/TestResources_DeleteSavedQuery_NotPublicQueryAndUserIsAdmin","TestResources_DeleteSavedQuery_NotPublicQueryAndUserIsAdmin"
"Test cases for TestRequireAllEnvironmentAccessMiddleware","0","TestRequireAllEnvironmentAccessMiddleware","","Mon Jul 13 18:06:45 UTC 2026","passed","Mon Jul 13 18:06:45 UTC 2026","","Go Test","github.com/specterops/bloodhound/cmd/api/src/api/middleware/TestRequireAllEnvironmentAccessMiddleware","TestRequireAllEnvironmentAccessMiddleware"
"","8","stores an object value in localStorage","useLocalStorage","Mon Jul 13 18:10:25 UTC 2026","passed","Mon Jul 13 18:10:25 UTC 2026","","setValue","",""
"","0","should ignore case when filtering","compareTerm","Mon Jul 13 18:12:18 UTC 2026","passed","Mon Jul 13 18:12:18 UTC 2026","","","",""
"","1","reports an API error when there is only statusText","handleError","Mon Jul 13 18:09:28 UTC 2026","passed","Mon Jul 13 18:09:28 UTC 2026","","","",""
"","569","toggles a source kind on with all nested graph data options","GraphDataCheckboxes","Mon Jul 13 18:09:16 UTC 2026","passed","Mon Jul 13 18:09:17 UTC 2026","","","",""
"","509","renders no asset group edit options without graph write permissions","ContextMenu","Mon Jul 13 18:14:03 UTC 2026","passed","Mon Jul 13 18:14:04 UTC 2026","","","",""
"","13","returns active-directory environmentInfo when environmentAggregation param is active-directory","useAvailableEnvironments","Mon Jul 13 18:10:43 UTC 2026","passed","Mon Jul 13 18:10:43 UTC 2026","","useSelectedEnvironment","",""
"Test cases for TestResources_DeleteSavedQuery","4","TestResources_DeleteSavedQuery","","Mon Jul 13 18:06:53 UTC 2026","passed","Mon Jul 13 18:06:53 UTC 2026","","Go Test","github.com/specterops/bloodhound/cmd/api/src/api/v2/TestResources_DeleteSavedQuery","TestResources_DeleteSavedQuery"
"Test cases for TestResources_ListAssetGroupMembers","3","TestResources_ListAssetGroupMembers","","Mon Jul 13 18:06:53 UTC 2026","passed","Mon Jul 13 18:06:53 UTC 2026","","Go Test","github.com/specterops/bloodhound/cmd/api/src/api/v2/TestResources_ListAssetGroupMembers","TestResources_ListAssetGroupMembers"
"Test cases for TestFilterParseAndValidate_Parsing","1","TestFilterParseAndValidate_Parsing","","Mon Jul 13 18:07:26 UTC 2026","passed","Mon Jul 13 18:07:26 UTC 2026","","Go Test","github.com/specterops/bloodhound/packages/go/params/TestFilterParseAndValidate_Parsing","TestFilterParseAndValidate_Parsing"
"Test cases for TestWriteResponseWrapperWithPagination","0","TestWriteResponseWrapperWithPagination","","Mon Jul 13 18:06:41 UTC 2026","passed","Mon Jul 13 18:06:41 UTC 2026","","Go Test","github.com/specterops/bloodhound/cmd/api/src/api/TestWriteResponseWrapperWithPagination","TestWriteResponseWrapperWithPagination"
"","90","clicking a disabled header does not toggle content","<DetailsAccordion />","Mon Jul 13 18:09:55 UTC 2026","passed","Mon Jul 13 18:09:55 UTC 2026","","","",""
"Test cases for TestUnique","0","TestUnique","","Mon Jul 13 18:07:41 UTC 2026","passed","Mon Jul 13 18:07:41 UTC 2026","","Go Test","github.com/specterops/bloodhound/packages/go/slicesext/TestUnique","TestUnique"
"Test cases for TestResources_ListAuditLogs_OnlySkip","0","TestResources_ListAuditLogs_OnlySkip","","Mon Jul 13 18:06:53 UTC 2026","passed","Mon Jul 13 18:06:53 UTC 2026","","Go Test","github.com/specterops/bloodhound/cmd/api/src/api/v2/TestResources_ListAuditLogs_OnlySkip","TestResources_ListAuditLogs_OnlySkip"
"Test cases for TestMarshalFloat","0","TestMarshalFloat","","Mon Jul 13 18:06:57 UTC 2026","passed","Mon Jul 13 18:06:57 UTC 2026","","Go Test","github.com/specterops/bloodhound/cmd/api/src/database/types/null/TestMarshalFloat","TestMarshalFloat"
"Test cases for TestDomainSelectors_GetFilterableColumns","0","TestDomainSelectors_GetFilterableColumns","","Mon Jul 13 18:06:58 UTC 2026","passed","Mon Jul 13 18:06:58 UTC 2026","","Go Test","github.com/specterops/bloodhound/cmd/api/src/model/TestDomainSelectors_GetFilterableColumns","TestDomainSelectors_GetFilterableColumns"
"Test cases for Test_CheckAccessToEnvironments","92","Test_CheckAccessToEnvironments","","Mon Jul 13 18:06:53 UTC 2026","passed","Mon Jul 13 18:06:53 UTC 2026","","Go Test","github.com/specterops/bloodhound/cmd/api/src/api/v2/Test_CheckAccessToEnvironments","Test_CheckAccessToEnvironments"
"","304","Toggles node and edge labels on/off depending on their existing state","GraphControls","Mon Jul 13 18:08:15 UTC 2026","passed","Mon Jul 13 18:08:15 UTC 2026","","Toggling labels","",""
"Test cases for TestWriteResultJson","0","TestWriteResultJson","","Mon Jul 13 18:07:22 UTC 2026","passed","Mon Jul 13 18:07:22 UTC 2026","","Go Test","github.com/specterops/bloodhound/cmd/api/src/utils/TestWriteResultJson","TestWriteResultJson"
"","2","should include all operations when the tag matches the term","opsFilter","Mon Jul 13 18:12:18 UTC 2026","passed","Mon Jul 13 18:12:18 UTC 2026","","","",""
"Test that the digester handles empty property lists gracefully","0","TestCacheEntryDigester_EmptyMatchers","","Mon Jul 13 18:07:03 UTC 2026","passed","Mon Jul 13 18:07:03 UTC 2026","","Go Test","github.com/specterops/bloodhound/cmd/api/src/services/graphify/endpoint/TestCacheEntryDigester_EmptyMatchers","TestCacheEntryDigester_EmptyMatchers"
"Test cases for TestAddOrderByToNeo4jQuery_WithOrderByClause","1","TestAddOrderByToNeo4jQuery_WithOrderByClause","","Mon Jul 13 18:06:53 UTC 2026","passed","Mon Jul 13 18:06:53 UTC 2026","","Go Test","github.com/specterops/bloodhound/cmd/api/src/api/v2/TestAddOrderByToNeo4jQuery_WithOrderByClause","TestAddOrderByToNeo4jQuery_WithOrderByClause"
"","371","should disable Cancel and Save buttons while isLoading is true","UpdateUserDialog","Mon Jul 13 18:09:06 UTC 2026","passed","Mon Jul 13 18:09:06 UTC 2026","","","",""
"Test cases for TestResources_UpdateSavedQuery_InvalidID","0","TestResources_UpdateSavedQuery_InvalidID","","Mon Jul 13 18:06:53 UTC 2026","passed","Mon Jul 13 18:06:53 UTC 2026","","Go Test","github.com/specterops/bloodhound/cmd/api/src/api/v2/TestResources_UpdateSavedQuery_InvalidID","TestResources_UpdateSavedQuery_InvalidID"
"","73","should display locally formatted numbers if they are larger than 999","LoadContainer","Mon Jul 13 18:13:29 UTC 2026","passed","Mon Jul 13 18:13:29 UTC 2026","","","",""
"","340","sets the calendar date to match the valid","ManagedDatePicker - value","Mon Jul 13 18:10:55 UTC 2026","passed","Mon Jul 13 18:10:55 UTC 2026","","","",""
"TestRegister_RoutesRequireAuthentication dispatches real requests through the wiredrouter to verify that the registered routes are guarded by authentication middleware.The handlers themselves trust the middleware to enforce this contract; if the routewireup ever loses RequirePermissions/RequireAuth, this test will fail.","1","TestRegister_RoutesRequireAuthentication","","Mon Jul 13 18:07:48 UTC 2026","passed","Mon Jul 13 18:07:48 UTC 2026","","Go Test","github.com/specterops/bloodhound/server/analysis/internal/routes/TestRegister_RoutesRequireAuthentication","TestRegister_RoutesRequireAuthentication"
"Test cases for TestManagementResource_ListAuthTokens_InvalidFilterPredicate","0","TestManagementResource_ListAuthTokens_InvalidFilterPredicate","","Mon Jul 13 18:07:22 UTC 2026","passed","Mon Jul 13 18:07:22 UTC 2026","","Go Test","github.com/specterops/bloodhound/cmd/api/src/api/v2/auth/TestManagementResource_ListAuthTokens_InvalidFilterPredicate","TestManagementResource_ListAuthTokens_InvalidFilterPredicate"
"","0","returns true if arrays are equal","areArraysSimilar","Mon Jul 13 18:12:55 UTC 2026","passed","Mon Jul 13 18:12:55 UTC 2026","","","",""
"","125","should render all of the options as checkboxes","Checkbox group","Mon Jul 13 18:13:01 UTC 2026","passed","Mon Jul 13 18:13:01 UTC 2026","","","",""
"","231","should display error message when error prop is provided","UpdateUserDialog","Mon Jul 13 18:09:06 UTC 2026","passed","Mon Jul 13 18:09:07 UTC 2026","","","",""
"Test cases for TestInt64Equal","0","TestInt64Equal","","Mon Jul 13 18:06:57 UTC 2026","passed","Mon Jul 13 18:06:57 UTC 2026","","Go Test","github.com/specterops/bloodhound/cmd/api/src/database/types/null/TestInt64Equal","TestInt64Equal"
"","10","announces a polite message (default priority)","AnnouncementProvider","Mon Jul 13 18:11:06 UTC 2026","passed","Mon Jul 13 18:11:06 UTC 2026","","","",""
"Test cases for TestRequestWaitDuration","0","TestRequestWaitDuration","","Mon Jul 13 18:06:45 UTC 2026","passed","Mon Jul 13 18:06:45 UTC 2026","","Go Test","github.com/specterops/bloodhound/cmd/api/src/api/middleware/TestRequestWaitDuration","TestRequestWaitDuration"
"Test cases for TestInt64ValueOrZero","0","TestInt64ValueOrZero","","Mon Jul 13 18:06:57 UTC 2026","passed","Mon Jul 13 18:06:57 UTC 2026","","Go Test","github.com/specterops/bloodhound/cmd/api/src/database/types/null/TestInt64ValueOrZero","TestInt64ValueOrZero"
"Test cases for TestLocalStore_List","66","TestLocalStore_List","","Mon Jul 13 18:07:45 UTC 2026","passed","Mon Jul 13 18:07:45 UTC 2026","","Go Test","github.com/specterops/bloodhound/packages/go/storage/TestLocalStore_List","TestLocalStore_List"
"","1","should be case-insensitive when matching by path","opsFilter","Mon Jul 13 18:12:18 UTC 2026","passed","Mon Jul 13 18:12:18 UTC 2026","","","",""
"","1","returns undefined when highlightedItem is null","SigmaChart Utils","Mon Jul 13 18:14:14 UTC 2026","passed","Mon Jul 13 18:14:14 UTC 2026","","getIsHighlightedItemInGraph","",""
"Test cases for Test_ValidateGraph","14","Test_ValidateGraph","","Mon Jul 13 18:07:07 UTC 2026","passed","Mon Jul 13 18:07:07 UTC 2026","","Go Test","github.com/specterops/bloodhound/cmd/api/src/services/upload/Test_ValidateGraph","Test_ValidateGraph"
"","130","buttons are disabled while loading","LoginForm","Mon Jul 13 18:12:36 UTC 2026","passed","Mon Jul 13 18:12:36 UTC 2026","","","",""
"Test cases for TestConvertAzureRoleEligibilityScheduleInstanceToRel","0","TestConvertAzureRoleEligibilityScheduleInstanceToRel","","Mon Jul 13 18:07:24 UTC 2026","passed","Mon Jul 13 18:07:24 UTC 2026","","Go Test","github.com/specterops/bloodhound/packages/go/ein/TestConvertAzureRoleEligibilityScheduleInstanceToRel","TestConvertAzureRoleEligibilityScheduleInstanceToRel"
"","3335","should close the edge filtering dialog when user clicks cancel button","EdgeFilter","Mon Jul 13 18:10:49 UTC 2026","passed","Mon Jul 13 18:10:53 UTC 2026","","","",""
"Test cases for TestTimeEqual","0","TestTimeEqual","","Mon Jul 13 18:06:57 UTC 2026","passed","Mon Jul 13 18:06:57 UTC 2026","","Go Test","github.com/specterops/bloodhound/cmd/api/src/database/types/null/TestTimeEqual","TestTimeEqual"
"","288","Displays a notification when analysis has been requested successfully","AnalyzeNowConfiguration","Mon Jul 13 18:10:26 UTC 2026","passed","Mon Jul 13 18:10:26 UTC 2026","","","",""
"","9","keeps callbacks stable across renders","useObjectState","Mon Jul 13 18:12:31 UTC 2026","passed","Mon Jul 13 18:12:31 UTC 2026","","","",""
"","341","sets secondarySearch=id and searchType=node when primarySearch is falsey","ContextMenu","Mon Jul 13 18:09:49 UTC 2026","passed","Mon Jul 13 18:09:49 UTC 2026","","","",""
"Test cases for TestStorageFileService_ListFiles","5","TestStorageFileService_ListFiles","","Mon Jul 13 18:07:45 UTC 2026","passed","Mon Jul 13 18:07:45 UTC 2026","","Go Test","github.com/specterops/bloodhound/packages/go/storage/TestStorageFileService_ListFiles","TestStorageFileService_ListFiles"
"Test cases for TestResources_GetBaseEntityInfo","189","TestResources_GetBaseEntityInfo","","Mon Jul 13 18:06:53 UTC 2026","passed","Mon Jul 13 18:06:53 UTC 2026","","Go Test","github.com/specterops/bloodhound/cmd/api/src/api/v2/TestResources_GetBaseEntityInfo","TestResources_GetBaseEntityInfo"
"Test cases for TestResources_UpdateSavedQuery_QueryBelongsToAnotherUser","1","TestResources_UpdateSavedQuery_QueryBelongsToAnotherUser","","Mon Jul 13 18:06:53 UTC 2026","passed","Mon Jul 13 18:06:53 UTC 2026","","Go Test","github.com/specterops/bloodhound/cmd/api/src/api/v2/TestResources_UpdateSavedQuery_QueryBelongsToAnotherUser","TestResources_UpdateSavedQuery_QueryBelongsToAnotherUser"
"Test cases for TestLocalStore_Exists","57","TestLocalStore_Exists","","Mon Jul 13 18:07:45 UTC 2026","passed","Mon Jul 13 18:07:45 UTC 2026","","Go Test","github.com/specterops/bloodhound/packages/go/storage/TestLocalStore_Exists","TestLocalStore_Exists"
"Test cases for Test_ConvertAzureRoleManagementPolicyAssignment","0","Test_ConvertAzureRoleManagementPolicyAssignment","","Mon Jul 13 18:07:24 UTC 2026","passed","Mon Jul 13 18:07:24 UTC 2026","","Go Test","github.com/specterops/bloodhound/packages/go/ein/Test_ConvertAzureRoleManagementPolicyAssignment","Test_ConvertAzureRoleManagementPolicyAssignment"
"","378","displays 0 when a given sections returns empty, and sums the rest of the sections correctly","EntityInfoDataTableGraphed","Mon Jul 13 18:10:15 UTC 2026","passed","Mon Jul 13 18:10:15 UTC 2026","","Node count for nested table that counts all sections","",""
"","254","handles creating a new label","Tag Form","Mon Jul 13 18:07:49 UTC 2026","passed","Mon Jul 13 18:07:49 UTC 2026","","","",""
"","848","calls onSave when valid form inputs are provided","PasswordDialog","Mon Jul 13 18:08:33 UTC 2026","passed","Mon Jul 13 18:08:34 UTC 2026","","","",""
"","1","adds email filter if madeBy contains ""@""","createHistoryParams","Mon Jul 13 18:12:28 UTC 2026","passed","Mon Jul 13 18:12:28 UTC 2026","","","",""
"Test cases for TestClearLocalIngestScratch","15","TestClearLocalIngestScratch","","Mon Jul 13 18:06:55 UTC 2026","passed","Mon Jul 13 18:06:55 UTC 2026","","Go Test","github.com/specterops/bloodhound/cmd/api/src/daemons/datapipe/TestClearLocalIngestScratch","TestClearLocalIngestScratch"
"Test cases for TestResources_ExportSavedQueries","10","TestResources_ExportSavedQueries","","Mon Jul 13 18:06:53 UTC 2026","passed","Mon Jul 13 18:06:53 UTC 2026","","Go Test","github.com/specterops/bloodhound/cmd/api/src/api/v2/TestResources_ExportSavedQueries","TestResources_ExportSavedQueries"
"Test cases for TestAssetGroupSelectorSpec_Validate","1","TestAssetGroupSelectorSpec_Validate","","Mon Jul 13 18:06:58 UTC 2026","passed","Mon Jul 13 18:06:58 UTC 2026","","Go Test","github.com/specterops/bloodhound/cmd/api/src/model/TestAssetGroupSelectorSpec_Validate","TestAssetGroupSelectorSpec_Validate"
"","1355","should render","EntityInfoHeader","Mon Jul 13 18:11:35 UTC 2026","passed","Mon Jul 13 18:11:37 UTC 2026","","","",""
"","145","calls handleInitialEnvironment with the highest impactValue as the initial environment","useInitialEnvironment","Mon Jul 13 18:12:10 UTC 2026","passed","Mon Jul 13 18:12:10 UTC 2026","","","",""
"","389","displays a polite message when there are no user updatable features available","EarlyAccessFeatures","Mon Jul 13 18:14:14 UTC 2026","passed","Mon Jul 13 18:14:14 UTC 2026","","","",""
"","18","does not call onSort when disable=true","ColumnHeaders","Mon Jul 13 18:10:59 UTC 2026","passed","Mon Jul 13 18:10:59 UTC 2026","","SortableHeader","",""
"Test cases for TestResources_DeleteAssetGroupSelector","0","TestResources_DeleteAssetGroupSelector","","Mon Jul 13 18:06:53 UTC 2026","passed","Mon Jul 13 18:06:53 UTC 2026","","Go Test","github.com/specterops/bloodhound/cmd/api/src/api/v2/TestResources_DeleteAssetGroupSelector","TestResources_DeleteAssetGroupSelector"
"","41","is not overwritten when node properties contain an id field","useExploreTableRowsAndColumns","Mon Jul 13 18:13:10 UTC 2026","passed","Mon Jul 13 18:13:10 UTC 2026","","bhGraphId","",""
"","1","handles unix time values by converting them to our standard date display format","Formatting number properties","Mon Jul 13 18:10:00 UTC 2026","passed","Mon Jul 13 18:10:00 UTC 2026","","","",""
"","97","returns an object with values for assetGroupTagId, params, and setPZQueryParams","usePZQueryParams","Mon Jul 13 18:11:23 UTC 2026","passed","Mon Jul 13 18:11:23 UTC 2026","","","",""
"","114","disables the JSON button if the JSON is empty","GraphControls","Mon Jul 13 18:08:16 UTC 2026","passed","Mon Jul 13 18:08:16 UTC 2026","","Exporting json","",""
"","160","renders nothing in the expiration cell when a token has no expires_at","UserTokenManagementDialog - API Expiration Date column","Mon Jul 13 18:09:45 UTC 2026","passed","Mon Jul 13 18:09:45 UTC 2026","","","",""
"","278","toggles sort order when clicking sortable header","RulesAccordion","Mon Jul 13 18:11:13 UTC 2026","passed","Mon Jul 13 18:11:13 UTC 2026","","","",""
"","23","displays contact admin message when hidden edge is true","EdgeInfoContent","Mon Jul 13 18:08:18 UTC 2026","passed","Mon Jul 13 18:08:18 UTC 2026","","EdgeInfoContent support for hidden edges","",""
"Test cases for TestNormalizeToUTF8_LargeInput","0","TestNormalizeToUTF8_LargeInput","","Mon Jul 13 18:07:24 UTC 2026","passed","Mon Jul 13 18:07:24 UTC 2026","","Go Test","github.com/specterops/bloodhound/packages/go/bomenc/TestNormalizeToUTF8_LargeInput","TestNormalizeToUTF8_LargeInput"
"","174","should display","GenericErrorBoundaryFallback","Mon Jul 13 18:13:26 UTC 2026","passed","Mon Jul 13 18:13:26 UTC 2026","","","",""
"","2691","handles delete by source kind","DatabaseManagement","Mon Jul 13 18:13:52 UTC 2026","passed","Mon Jul 13 18:13:54 UTC 2026","","","",""
"Test cases for TestResources_ListADUserSQLAdminRights","0","TestResources_ListADUserSQLAdminRights","","Mon Jul 13 18:06:53 UTC 2026","passed","Mon Jul 13 18:06:53 UTC 2026","","Go Test","github.com/specterops/bloodhound/cmd/api/src/api/v2/TestResources_ListADUserSQLAdminRights","TestResources_ListADUserSQLAdminRights"
"","332","switches Rule tab to active/selected when clicked","Selected Details Tabs","Mon Jul 13 18:10:30 UTC 2026","passed","Mon Jul 13 18:10:31 UTC 2026","","Selected Details Tabs - Click Interactions","",""
"Test cases for TestResources_UpdateAssetGroupSelectors_PayloadError","1","TestResources_UpdateAssetGroupSelectors_PayloadError","","Mon Jul 13 18:06:53 UTC 2026","passed","Mon Jul 13 18:06:53 UTC 2026","","Go Test","github.com/specterops/bloodhound/cmd/api/src/api/v2/TestResources_UpdateAssetGroupSelectors_PayloadError","TestResources_UpdateAssetGroupSelectors_PayloadError"
"Test cases for TestTimeScanValue","0","TestTimeScanValue","","Mon Jul 13 18:06:57 UTC 2026","passed","Mon Jul 13 18:06:57 UTC 2026","","Go Test","github.com/specterops/bloodhound/cmd/api/src/database/types/null/TestTimeScanValue","TestTimeScanValue"
"","100","should redirect to nested /file-ingest route if user navigates to /","Administration","Mon Jul 13 18:14:28 UTC 2026","passed","Mon Jul 13 18:14:28 UTC 2026","","","",""
"Test cases for TestResources_ExportSavedQuery","9","TestResources_ExportSavedQuery","","Mon Jul 13 18:06:53 UTC 2026","passed","Mon Jul 13 18:06:53 UTC 2026","","Go Test","github.com/specterops/bloodhound/cmd/api/src/api/v2/TestResources_ExportSavedQuery","TestResources_ExportSavedQuery"
"","64","enables correctly returning the tag associated with Tier Zero (position value of 1) from the list of tags","the useAssetGroupTags utilities","Mon Jul 13 18:09:49 UTC 2026","passed","Mon Jul 13 18:09:50 UTC 2026","","","",""
"Test cases for TestResources_ListTrustedCAs","3","TestResources_ListTrustedCAs","","Mon Jul 13 18:06:53 UTC 2026","passed","Mon Jul 13 18:06:53 UTC 2026","","Go Test","github.com/specterops/bloodhound/cmd/api/src/api/v2/TestResources_ListTrustedCAs","TestResources_ListTrustedCAs"
"","1","floors DateTime objects to the nearest minute","floorToNearestMinute","Mon Jul 13 18:12:32 UTC 2026","passed","Mon Jul 13 18:12:32 UTC 2026","","","",""
"","234","should render an SavedQueryPermissions component","SaveQueryDialog","Mon Jul 13 18:07:49 UTC 2026","passed","Mon Jul 13 18:07:49 UTC 2026","","","",""
"","21","renders a list of pre-built searches and displays categories and subcategories one time","PrebuiltSearchList","Mon Jul 13 18:11:05 UTC 2026","passed","Mon Jul 13 18:11:05 UTC 2026","","","",""
"Test cases for TestSelectGPOContainerCandidateFilter","0","TestSelectGPOContainerCandidateFilter","","Mon Jul 13 18:07:23 UTC 2026","passed","Mon Jul 13 18:07:23 UTC 2026","","Go Test","github.com/specterops/bloodhound/packages/go/analysis/ad/TestSelectGPOContainerCandidateFilter","TestSelectGPOContainerCandidateFilter"
"Test cases for TestGetADDataQualityStats_Failure","6","TestGetADDataQualityStats_Failure","","Mon Jul 13 18:06:53 UTC 2026","passed","Mon Jul 13 18:06:53 UTC 2026","","Go Test","github.com/specterops/bloodhound/cmd/api/src/api/v2/TestGetADDataQualityStats_Failure","TestGetADDataQualityStats_Failure"
"","207","renders the Object Tab content when Object tab is chosen","Selected Details Tab Content","Mon Jul 13 18:11:34 UTC 2026","passed","Mon Jul 13 18:11:34 UTC 2026","","","",""
"Test cases for TestResources_ListADDomainForeignGPOControllers","1","TestResources_ListADDomainForeignGPOControllers","","Mon Jul 13 18:06:53 UTC 2026","passed","Mon Jul 13 18:06:53 UTC 2026","","Go Test","github.com/specterops/bloodhound/cmd/api/src/api/v2/TestResources_ListADDomainForeignGPOControllers","TestResources_ListADDomainForeignGPOControllers"
"","1","combines all filter types","filterAndSearchEnvironments","Mon Jul 13 18:08:12 UTC 2026","passed","Mon Jul 13 18:08:12 UTC 2026","","combined filters","",""
"","1325","should display a dropdown when a user types a partial query that can be autocompleted","CypherSearch","Mon Jul 13 18:08:43 UTC 2026","passed","Mon Jul 13 18:08:44 UTC 2026","","","",""
"","79","links to the specified route with global params intact when triggered by a splat route","AppLink","Mon Jul 13 18:11:27 UTC 2026","passed","Mon Jul 13 18:11:27 UTC 2026","","","",""
"","51","renders the Cypher Rules Panel when clicking the Rule Tab","Selected Details Tab Content","Mon Jul 13 18:11:33 UTC 2026","passed","Mon Jul 13 18:11:34 UTC 2026","","","",""
"Test cases for TestGraphQuery_PrepareCypherQuery","48","TestGraphQuery_PrepareCypherQuery","","Mon Jul 13 18:07:00 UTC 2026","passed","Mon Jul 13 18:07:00 UTC 2026","","Go Test","github.com/specterops/bloodhound/cmd/api/src/queries/TestGraphQuery_PrepareCypherQuery","TestGraphQuery_PrepareCypherQuery"
"","0","returns null if paramValue is undefined","useEnvironmentParams","Mon Jul 13 18:13:19 UTC 2026","passed","Mon Jul 13 18:13:19 UTC 2026","","parseEnvironmentAggregation","",""
"","116","highlights the table option instead of selectedLayout when table is selected on a cypher query","GraphControls","Mon Jul 13 18:08:16 UTC 2026","passed","Mon Jul 13 18:08:16 UTC 2026","","Table view selection state","",""
"","212","renders Zone as first tab and is also the initially selected on first render in Zone View/Tab","Selected Details Tabs","Mon Jul 13 18:10:31 UTC 2026","passed","Mon Jul 13 18:10:31 UTC 2026","","Selected Details Tabs - Params present","",""
"","474","calls setFilters when the Confirm button is clicked","Privilege Zones History Filter Dialog","Mon Jul 13 18:10:35 UTC 2026","passed","Mon Jul 13 18:10:36 UTC 2026","","","",""
"","0","returns Cypher message when ruleType is SeedTypeCypher and seeds are required","getErrorMessage","Mon Jul 13 18:09:28 UTC 2026","passed","Mon Jul 13 18:09:28 UTC 2026","","","",""
"","5792","expand all button expands all sections after collapsing","Pathfinding","Mon Jul 13 18:09:06 UTC 2026","passed","Mon Jul 13 18:09:11 UTC 2026","","","",""
"","2","returns the node_keys from the graphData with duplicate keys removed and known keys added","getExploreTableData","Mon Jul 13 18:11:08 UTC 2026","passed","Mon Jul 13 18:11:08 UTC 2026","","","",""
"","51","does not display notification when user has GRAPH_DB_INGEST_READ permission","FileIngest","Mon Jul 13 18:11:46 UTC 2026","passed","Mon Jul 13 18:11:46 UTC 2026","","","",""
"","0","should handle an entity that has an empty name property","Evaluating the entity display name from a given entity","Mon Jul 13 18:10:00 UTC 2026","passed","Mon Jul 13 18:10:00 UTC 2026","","","",""
"","0","accepts a sort and compare function","areArraysSimilar","Mon Jul 13 18:12:55 UTC 2026","passed","Mon Jul 13 18:12:55 UTC 2026","","","",""
"","1","should compute offset vertices for bezier curves at a given intersection","bezier","Mon Jul 13 18:14:13 UTC 2026","passed","Mon Jul 13 18:14:13 UTC 2026","","","",""
"Test cases for TestCreateUser_Success","1108","TestCreateUser_Success","","Mon Jul 13 18:07:01 UTC 2026","passed","Mon Jul 13 18:07:02 UTC 2026","","Go Test","github.com/specterops/bloodhound/cmd/api/src/api/v2/auth/TestCreateUser_Success","TestCreateUser_Success"
"","971","should display all available roles","UpdateUserDialog","Mon Jul 13 18:09:03 UTC 2026","passed","Mon Jul 13 18:09:04 UTC 2026","","","",""
"","460","does fires TagToZoneDialog when the Zone option is clicked","TagToZoneLabel","Mon Jul 13 18:08:07 UTC 2026","passed","Mon Jul 13 18:08:08 UTC 2026","","","",""
"Test cases for TestAnalysisPipelineStepShouldRun","3","TestAnalysisPipelineStepShouldRun","","Mon Jul 13 18:07:23 UTC 2026","passed","Mon Jul 13 18:07:23 UTC 2026","","Go Test","github.com/specterops/bloodhound/packages/go/analysis/TestAnalysisPipelineStepShouldRun","TestAnalysisPipelineStepShouldRun"
"Test cases for TestSortJSONArrayElements","1","TestSortJSONArrayElements","","Mon Jul 13 18:07:22 UTC 2026","passed","Mon Jul 13 18:07:22 UTC 2026","","Go Test","github.com/specterops/bloodhound/cmd/api/src/utils/test/TestSortJSONArrayElements","TestSortJSONArrayElements"
"Test cases for TestResources_DownloadCollectorByVersion","1","TestResources_DownloadCollectorByVersion","","Mon Jul 13 18:06:53 UTC 2026","passed","Mon Jul 13 18:06:53 UTC 2026","","Go Test","github.com/specterops/bloodhound/cmd/api/src/api/v2/TestResources_DownloadCollectorByVersion","TestResources_DownloadCollectorByVersion"
"Test cases for TestCacheEntryDigester_DigestEndpoint_JSONMarshalError","0","TestCacheEntryDigester_DigestEndpoint_JSONMarshalError","","Mon Jul 13 18:07:03 UTC 2026","passed","Mon Jul 13 18:07:03 UTC 2026","","Go Test","github.com/specterops/bloodhound/cmd/api/src/services/graphify/endpoint/TestCacheEntryDigester_DigestEndpoint_JSONMarshalError","TestCacheEntryDigester_DigestEndpoint_JSONMarshalError"
"Test cases for TestResources_ListAuditLogs_SortingError","0","TestResources_ListAuditLogs_SortingError","","Mon Jul 13 18:06:53 UTC 2026","passed","Mon Jul 13 18:06:53 UTC 2026","","Go Test","github.com/specterops/bloodhound/cmd/api/src/api/v2/TestResources_ListAuditLogs_SortingError","TestResources_ListAuditLogs_SortingError"
"","65","returns a list of the users current permissions","usePermissions","Mon Jul 13 18:10:10 UTC 2026","passed","Mon Jul 13 18:10:11 UTC 2026","","","",""
"","33","upon selecting a source and destination node, updates the URL with a searchType of 'pathfinding' and the object ids for the source and destination nodes","usePathfindingSearch","Mon Jul 13 18:10:39 UTC 2026","passed","Mon Jul 13 18:10:39 UTC 2026","","","",""
"Test cases for TestConvertContainerToNode_InheritanceHashes","0","TestConvertContainerToNode_InheritanceHashes","","Mon Jul 13 18:07:24 UTC 2026","passed","Mon Jul 13 18:07:24 UTC 2026","","Go Test","github.com/specterops/bloodhound/packages/go/ein/TestConvertContainerToNode_InheritanceHashes","TestConvertContainerToNode_InheritanceHashes"
"","566","sets exploreSearchTab param to cypher when the user clicks the `cypher` tab","ExploreSearch sets searchType on tab changing","Mon Jul 13 18:13:56 UTC 2026","passed","Mon Jul 13 18:13:57 UTC 2026","","","",""
"Test cases for TestResources_GetAssetGroupTagHistory","2","TestResources_GetAssetGroupTagHistory","","Mon Jul 13 18:06:53 UTC 2026","passed","Mon Jul 13 18:06:53 UTC 2026","","Go Test","github.com/specterops/bloodhound/cmd/api/src/api/v2/TestResources_GetAssetGroupTagHistory","TestResources_GetAssetGroupTagHistory"
"Test cases for TestSavedQueries_ValidFilters","0","TestSavedQueries_ValidFilters","","Mon Jul 13 18:06:58 UTC 2026","passed","Mon Jul 13 18:06:58 UTC 2026","","Go Test","github.com/specterops/bloodhound/cmd/api/src/model/TestSavedQueries_ValidFilters","TestSavedQueries_ValidFilters"
"Test cases for TestManagementResource_UpdateUser_LookupActiveSessionsError","1388","TestManagementResource_UpdateUser_LookupActiveSessionsError","","Mon Jul 13 18:07:12 UTC 2026","passed","Mon Jul 13 18:07:14 UTC 2026","","Go Test","github.com/specterops/bloodhound/cmd/api/src/api/v2/auth/TestManagementResource_UpdateUser_LookupActiveSessionsError","TestManagementResource_UpdateUser_LookupActiveSessionsError"
"Test cases for TestUnifiedGraph_AddPathSet","0","TestUnifiedGraph_AddPathSet","","Mon Jul 13 18:06:58 UTC 2026","passed","Mon Jul 13 18:06:58 UTC 2026","","Go Test","github.com/specterops/bloodhound/cmd/api/src/model/TestUnifiedGraph_AddPathSet","TestUnifiedGraph_AddPathSet"
"","387","adds a ""Close"" button that closes the dialog after a failed upload","SchemaUploadDialog","Mon Jul 13 18:09:25 UTC 2026","passed","Mon Jul 13 18:09:25 UTC 2026","","","",""
"Test cases for TestNewSIDSuffix","0","TestNewSIDSuffix","","Mon Jul 13 18:07:23 UTC 2026","passed","Mon Jul 13 18:07:23 UTC 2026","","Go Test","github.com/specterops/bloodhound/packages/go/analysis/ad/wellknown/TestNewSIDSuffix","TestNewSIDSuffix"
"Test cases for TestResources_DeleteSavedQuery_RecordNotFound","0","TestResources_DeleteSavedQuery_RecordNotFound","","Mon Jul 13 18:06:53 UTC 2026","passed","Mon Jul 13 18:06:53 UTC 2026","","Go Test","github.com/specterops/bloodhound/cmd/api/src/api/v2/TestResources_DeleteSavedQuery_RecordNotFound","TestResources_DeleteSavedQuery_RecordNotFound"
"","0","returns false if arrays have different length","areArraysSimilar","Mon Jul 13 18:12:55 UTC 2026","passed","Mon Jul 13 18:12:55 UTC 2026","","","",""
"Test cases for TestManagementResource_ListPermissions_DBError","1","TestManagementResource_ListPermissions_DBError","","Mon Jul 13 18:07:00 UTC 2026","passed","Mon Jul 13 18:07:00 UTC 2026","","Go Test","github.com/specterops/bloodhound/cmd/api/src/api/v2/auth/TestManagementResource_ListPermissions_DBError","TestManagementResource_ListPermissions_DBError"
"Test cases for TestNormalizeToUTF8","1","TestNormalizeToUTF8","","Mon Jul 13 18:07:24 UTC 2026","passed","Mon Jul 13 18:07:24 UTC 2026","","Go Test","github.com/specterops/bloodhound/packages/go/bomenc/TestNormalizeToUTF8","TestNormalizeToUTF8"
"Test cases for TestRewriter_Enter_AllAttackPathsShortcut_TakesPrecedenceOverOtherShortcuts","0","TestRewriter_Enter_AllAttackPathsShortcut_TakesPrecedenceOverOtherShortcuts","","Mon Jul 13 18:07:00 UTC 2026","passed","Mon Jul 13 18:07:00 UTC 2026","","Go Test","github.com/specterops/bloodhound/cmd/api/src/queries/TestRewriter_Enter_AllAttackPathsShortcut_TakesPrecedenceOverOtherShortcuts","TestRewriter_Enter_AllAttackPathsShortcut_TakesPrecedenceOverOtherShortcuts"
"Test cases for TestHeaderMatches","0","TestHeaderMatches","","Mon Jul 13 18:07:22 UTC 2026","passed","Mon Jul 13 18:07:22 UTC 2026","","Go Test","github.com/specterops/bloodhound/cmd/api/src/utils/TestHeaderMatches","TestHeaderMatches"
"Test cases for TestResources_GetPermissionsForSavedQuery","40","TestResources_GetPermissionsForSavedQuery","","Mon Jul 13 18:06:53 UTC 2026","passed","Mon Jul 13 18:06:53 UTC 2026","","Go Test","github.com/specterops/bloodhound/cmd/api/src/api/v2/TestResources_GetPermissionsForSavedQuery","TestResources_GetPermissionsForSavedQuery"
"Test cases for TestGetMFAActivationStatus_Failure","0","TestGetMFAActivationStatus_Failure","","Mon Jul 13 18:07:38 UTC 2026","passed","Mon Jul 13 18:07:38 UTC 2026","","Go Test","github.com/specterops/bloodhound/cmd/api/src/api/v2/auth/TestGetMFAActivationStatus_Failure","TestGetMFAActivationStatus_Failure"
"","444","sets exploreSearchTab param to node when the user clicks the `Search` tab","ExploreSearch sets searchType on tab changing","Mon Jul 13 18:13:55 UTC 2026","passed","Mon Jul 13 18:13:56 UTC 2026","","","",""
"","52","mounts a polite aria-live region","AnnouncementProvider","Mon Jul 13 18:11:06 UTC 2026","passed","Mon Jul 13 18:11:06 UTC 2026","","","",""
"","0","handles only escapable characters","escapeCypherString","Mon Jul 13 18:13:12 UTC 2026","passed","Mon Jul 13 18:13:12 UTC 2026","","","",""
"","806","executes a primary search when only a source node is provided","Pathfinding: interaction","Mon Jul 13 18:10:35 UTC 2026","passed","Mon Jul 13 18:10:36 UTC 2026","","","",""
"Test cases for TestIntPointer","0","TestIntPointer","","Mon Jul 13 18:06:57 UTC 2026","passed","Mon Jul 13 18:06:57 UTC 2026","","Go Test","github.com/specterops/bloodhound/cmd/api/src/database/types/null/TestIntPointer","TestIntPointer"
"","210","should disable the create provider button if the user lacks AUTH_MANAGE_PROVIDERS permission","SSOConfiguration","Mon Jul 13 18:09:18 UTC 2026","passed","Mon Jul 13 18:09:19 UTC 2026","","","",""
"Test cases for TestManagementResource_ListAuthProviders","3","TestManagementResource_ListAuthProviders","","Mon Jul 13 18:07:40 UTC 2026","passed","Mon Jul 13 18:07:40 UTC 2026","","Go Test","github.com/specterops/bloodhound/cmd/api/src/api/v2/auth/TestManagementResource_ListAuthProviders","TestManagementResource_ListAuthProviders"
"","237","clears selected item when pathfinding search returns results","GraphView","Mon Jul 13 18:13:50 UTC 2026","passed","Mon Jul 13 18:13:50 UTC 2026","","","",""
"","96","displays the value thats passed via children","CodeController","Mon Jul 13 18:13:00 UTC 2026","passed","Mon Jul 13 18:13:00 UTC 2026","","","",""
"","696","should display Environmental Targeted Access Control panel when showEnvironmentAccessControls prop is true and user role is selected","CreateUserForm","Mon Jul 13 18:08:25 UTC 2026","passed","Mon Jul 13 18:08:26 UTC 2026","","","",""
"Test cases for TestResources_ListADGroupSessions","1","TestResources_ListADGroupSessions","","Mon Jul 13 18:06:53 UTC 2026","passed","Mon Jul 13 18:06:53 UTC 2026","","Go Test","github.com/specterops/bloodhound/cmd/api/src/api/v2/TestResources_ListADGroupSessions","TestResources_ListADGroupSessions"
"","265","should render","SSOProviderTable","Mon Jul 13 18:11:53 UTC 2026","passed","Mon Jul 13 18:11:53 UTC 2026","","","",""
"","1448","should render","EdgeInfoHeader","Mon Jul 13 18:11:52 UTC 2026","passed","Mon Jul 13 18:11:54 UTC 2026","","","",""
"","86","should on clicking remove call clearSelectedItem","EdgeInfoHeader","Mon Jul 13 18:11:54 UTC 2026","passed","Mon Jul 13 18:11:54 UTC 2026","","","",""
"","412","calls openOIDCProviderDialog when OIDC Provider menu item is clicked","CreateMenu","Mon Jul 13 18:10:06 UTC 2026","passed","Mon Jul 13 18:10:06 UTC 2026","","oidc_support feature flag enabled","",""
"","372","renders the Import Query Dialog","ImportQueryDialog","Mon Jul 13 18:13:10 UTC 2026","passed","Mon Jul 13 18:13:10 UTC 2026","","","",""
"","64","excludes API edges that are associated with one of our built-in schema types","useEdgeCategories","Mon Jul 13 18:10:10 UTC 2026","passed","Mon Jul 13 18:10:10 UTC 2026","","","",""
"Test cases for TestChangeCache","2","TestChangeCache","","Mon Jul 13 18:06:55 UTC 2026","passed","Mon Jul 13 18:06:55 UTC 2026","","Go Test","github.com/specterops/bloodhound/cmd/api/src/daemons/changelog/TestChangeCache","TestChangeCache"
"","2456","hides the password field and removes the requirement when logged in with SSO","Users","Mon Jul 13 18:09:42 UTC 2026","passed","Mon Jul 13 18:09:44 UTC 2026","","","",""
"Test cases for TestIntFromPtr","0","TestIntFromPtr","","Mon Jul 13 18:06:57 UTC 2026","passed","Mon Jul 13 18:06:57 UTC 2026","","Go Test","github.com/specterops/bloodhound/cmd/api/src/database/types/null/TestIntFromPtr","TestIntFromPtr"
"","104","if a hint is given, it show date placeholder on focus, restores hint on blur","ManagedDatePicker - placeholders","Mon Jul 13 18:10:54 UTC 2026","passed","Mon Jul 13 18:10:54 UTC 2026","","","",""
"Test cases for TestLocalStore_Copy","52","TestLocalStore_Copy","","Mon Jul 13 18:07:45 UTC 2026","passed","Mon Jul 13 18:07:45 UTC 2026","","Go Test","github.com/specterops/bloodhound/packages/go/storage/TestLocalStore_Copy","TestLocalStore_Copy"
"Test cases for TestResources_GetUserEntityInfo","3","TestResources_GetUserEntityInfo","","Mon Jul 13 18:06:53 UTC 2026","passed","Mon Jul 13 18:06:53 UTC 2026","","Go Test","github.com/specterops/bloodhound/cmd/api/src/api/v2/TestResources_GetUserEntityInfo","TestResources_GetUserEntityInfo"
"","3","removes the key when undefined is passed to the setter","useLocalStorage","Mon Jul 13 18:10:25 UTC 2026","passed","Mon Jul 13 18:10:25 UTC 2026","","setValue","",""
"Test cases for TestRateLimitMiddleware","0","TestRateLimitMiddleware","","Mon Jul 13 18:06:45 UTC 2026","passed","Mon Jul 13 18:06:45 UTC 2026","","Go Test","github.com/specterops/bloodhound/cmd/api/src/api/middleware/TestRateLimitMiddleware","TestRateLimitMiddleware"
"Test cases for TestRoleAssignments_NodeHasRole","0","TestRoleAssignments_NodeHasRole","","Mon Jul 13 18:07:23 UTC 2026","passed","Mon Jul 13 18:07:23 UTC 2026","","Go Test","github.com/specterops/bloodhound/packages/go/analysis/azure/TestRoleAssignments_NodeHasRole","TestRoleAssignments_NodeHasRole"
"Test cases for TestMoveFileBetweenServices","24","TestMoveFileBetweenServices","","Mon Jul 13 18:07:45 UTC 2026","passed","Mon Jul 13 18:07:45 UTC 2026","","Go Test","github.com/specterops/bloodhound/packages/go/storage/TestMoveFileBetweenServices","TestMoveFileBetweenServices"
"Test cases for TestFilterStructSlice","0","TestFilterStructSlice","","Mon Jul 13 18:06:40 UTC 2026","passed","Mon Jul 13 18:06:40 UTC 2026","","Go Test","github.com/specterops/bloodhound/cmd/api/src/api/TestFilterStructSlice","TestFilterStructSlice"
"","202","displays error if delete button is clicked when no checkbox is selected","DatabaseManagement","Mon Jul 13 18:13:48 UTC 2026","passed","Mon Jul 13 18:13:48 UTC 2026","","","",""
"Test cases for TestBuildSQLFilter","6","TestBuildSQLFilter","","Mon Jul 13 18:06:58 UTC 2026","passed","Mon Jul 13 18:06:58 UTC 2026","","Go Test","github.com/specterops/bloodhound/cmd/api/src/model/TestBuildSQLFilter","TestBuildSQLFilter"
"Test cases for TestBoolValueOrZero","0","TestBoolValueOrZero","","Mon Jul 13 18:06:57 UTC 2026","passed","Mon Jul 13 18:06:57 UTC 2026","","Go Test","github.com/specterops/bloodhound/cmd/api/src/database/types/null/TestBoolValueOrZero","TestBoolValueOrZero"
"","71","populates the node search field when the 'primarySearch' query param is set","useNodeSearch","Mon Jul 13 18:12:22 UTC 2026","passed","Mon Jul 13 18:12:22 UTC 2026","","","",""
"","32","renders null if network fails to return valid asset group membership list","AssetGroupMenuItem","Mon Jul 13 18:13:46 UTC 2026","passed","Mon Jul 13 18:13:46 UTC 2026","","adding to an asset group","",""
"","247","adds node to asset group tag without confirmation","AssetGroupMenuItem","Mon Jul 13 18:10:01 UTC 2026","passed","Mon Jul 13 18:10:01 UTC 2026","","","",""
"Test cases for TestResources_ListUsersMinimal","17","TestResources_ListUsersMinimal","","Mon Jul 13 18:07:40 UTC 2026","passed","Mon Jul 13 18:07:40 UTC 2026","","Go Test","github.com/specterops/bloodhound/cmd/api/src/api/v2/auth/TestResources_ListUsersMinimal","TestResources_ListUsersMinimal"
"Test cases for TestFormatDatabaseError","1","TestFormatDatabaseError","","Mon Jul 13 18:06:41 UTC 2026","passed","Mon Jul 13 18:06:41 UTC 2026","","Go Test","github.com/specterops/bloodhound/cmd/api/src/api/TestFormatDatabaseError","TestFormatDatabaseError"
"","322","auto-selects when a search result has a matching objectId","GraphView","Mon Jul 13 18:13:49 UTC 2026","passed","Mon Jul 13 18:13:49 UTC 2026","","","",""
"Test cases for TestStringValueOrZero","0","TestStringValueOrZero","","Mon Jul 13 18:06:57 UTC 2026","passed","Mon Jul 13 18:06:57 UTC 2026","","Go Test","github.com/specterops/bloodhound/cmd/api/src/database/types/null/TestStringValueOrZero","TestStringValueOrZero"
"","280","sets a secondary=id and searchType=pathfinding when primary is truthy","ContextMenu","Mon Jul 13 18:14:05 UTC 2026","passed","Mon Jul 13 18:14:05 UTC 2026","","","",""
"Test cases for TestValidateTOTPSecret","0","TestValidateTOTPSecret","","Mon Jul 13 18:06:54 UTC 2026","passed","Mon Jul 13 18:06:54 UTC 2026","","Go Test","github.com/specterops/bloodhound/cmd/api/src/auth/TestValidateTOTPSecret","TestValidateTOTPSecret"
"Test cases for TestTrackerBuilder_Build_SortsKeysAndIDs","2","TestTrackerBuilder_Build_SortsKeysAndIDs","","Mon Jul 13 18:07:23 UTC 2026","passed","Mon Jul 13 18:07:23 UTC 2026","","Go Test","github.com/specterops/bloodhound/packages/go/analysis/post/TestTrackerBuilder_Build_SortsKeysAndIDs","TestTrackerBuilder_Build_SortsKeysAndIDs"
"Test cases for TestManagementResource_UpdateSAMLProviderRequest","19","TestManagementResource_UpdateSAMLProviderRequest","","Mon Jul 13 18:07:40 UTC 2026","passed","Mon Jul 13 18:07:40 UTC 2026","","Go Test","github.com/specterops/bloodhound/cmd/api/src/api/v2/auth/TestManagementResource_UpdateSAMLProviderRequest","TestManagementResource_UpdateSAMLProviderRequest"
"","7","uses the default filename generator when exporting JSON","exportGraphData","Mon Jul 13 18:12:38 UTC 2026","passed","Mon Jul 13 18:12:38 UTC 2026","","","",""
"Test cases for TestResources_UpdateSavedQuery_UpdateFailed","1","TestResources_UpdateSavedQuery_UpdateFailed","","Mon Jul 13 18:06:53 UTC 2026","passed","Mon Jul 13 18:06:53 UTC 2026","","Go Test","github.com/specterops/bloodhound/cmd/api/src/api/v2/TestResources_UpdateSavedQuery_UpdateFailed","TestResources_UpdateSavedQuery_UpdateFailed"
"","513","should not have less characters than the minimum requirement","UpdateUserForm","Mon Jul 13 18:07:57 UTC 2026","passed","Mon Jul 13 18:07:58 UTC 2026","","","",""
"Test cases for TestFilterParseAndValidate_Errors","1","TestFilterParseAndValidate_Errors","","Mon Jul 13 18:07:26 UTC 2026","passed","Mon Jul 13 18:07:26 UTC 2026","","Go Test","github.com/specterops/bloodhound/packages/go/params/TestFilterParseAndValidate_Errors","TestFilterParseAndValidate_Errors"
"","1","uppercases boolean values","Formatting boolean properties","Mon Jul 13 18:10:00 UTC 2026","passed","Mon Jul 13 18:10:00 UTC 2026","","","",""
"","2765","should close the edge filtering dialog when user clicks apply button","EdgeFilter","Mon Jul 13 18:10:53 UTC 2026","passed","Mon Jul 13 18:10:55 UTC 2026","","","",""
"","122","renders enabled prop when flag is enabled","FeatureFlag","Mon Jul 13 18:12:15 UTC 2026","passed","Mon Jul 13 18:12:16 UTC 2026","","","",""
"Test cases for TestMatches_FailureErrMsg","0","TestMatches_FailureErrMsg","","Mon Jul 13 18:06:58 UTC 2026","passed","Mon Jul 13 18:06:58 UTC 2026","","Go Test","github.com/specterops/bloodhound/cmd/api/src/model/TestMatches_FailureErrMsg","TestMatches_FailureErrMsg"
"","23","renders correctly when an unexpected nodeType is passed","NodeIcon","Mon Jul 13 18:12:37 UTC 2026","passed","Mon Jul 13 18:12:37 UTC 2026","","","",""
"","63","is disabled if no filters are active","AssetGroupEdit","Mon Jul 13 18:10:07 UTC 2026","passed","Mon Jul 13 18:10:07 UTC 2026","","Clear Filters button","",""
"","12","does not render highlight for non-active tag","SelectedHighlight","Mon Jul 13 18:12:25 UTC 2026","passed","Mon Jul 13 18:12:25 UTC 2026","","","",""
"","7","constructs correct URLSearchParams with all filters","createHistoryParams","Mon Jul 13 18:12:28 UTC 2026","passed","Mon Jul 13 18:12:28 UTC 2026","","","",""
"","7","returns a date string only if passed a string with a matching key","Formatting strings via formatPrimive","Mon Jul 13 18:10:00 UTC 2026","passed","Mon Jul 13 18:10:00 UTC 2026","","","",""
"","8","can composes search params from the search prop and use them in the redirect","AppNavigate","Mon Jul 13 18:12:04 UTC 2026","passed","Mon Jul 13 18:12:04 UTC 2026","","","",""
"","159","shows ""<10 Days to Expire"" warning when token expires within 10 days","UserTokenManagementDialog - API Expiration Date column","Mon Jul 13 18:09:46 UTC 2026","passed","Mon Jul 13 18:09:46 UTC 2026","","","",""
"","22","renders details for a selected rule and is of type ""Object""","DynamicDetails","Mon Jul 13 18:10:24 UTC 2026","passed","Mon Jul 13 18:10:24 UTC 2026","","","",""
"Test cases for TestStore_SetFlag","0","TestStore_SetFlag","","Mon Jul 13 18:07:49 UTC 2026","passed","Mon Jul 13 18:07:49 UTC 2026","","Go Test","github.com/specterops/bloodhound/server/featureflags/internal/appdb/TestStore_SetFlag","TestStore_SetFlag"
"","82","calls onSort when clicked with a tooltip","ColumnHeaders","Mon Jul 13 18:11:00 UTC 2026","passed","Mon Jul 13 18:11:00 UTC 2026","","SortableHeader with Tooltip","",""
"","0","returns disabled config when any required param is falsey","useExploreGraph","Mon Jul 13 18:09:22 UTC 2026","passed","Mon Jul 13 18:09:22 UTC 2026","relationship search queries","exploreGraphQueryFactory","",""
"","304","on clicking switch shows modal and when clicking cancel closes it and switch stays enabled","CitrixRDPConfiguration","Mon Jul 13 18:10:11 UTC 2026","passed","Mon Jul 13 18:10:11 UTC 2026","","Click on switch to disable","",""
"Test cases for TestActivateMFA_Success","1228","TestActivateMFA_Success","","Mon Jul 13 18:07:39 UTC 2026","passed","Mon Jul 13 18:07:40 UTC 2026","","Go Test","github.com/specterops/bloodhound/cmd/api/src/api/v2/auth/TestActivateMFA_Success","TestActivateMFA_Success"
"","1","should exclude tags and operations that do not match the term","opsFilter","Mon Jul 13 18:12:18 UTC 2026","passed","Mon Jul 13 18:12:18 UTC 2026","","","",""
"","146","reverts all menu options to an unselected state when isExploreLayoutSelected becomes false","GraphControls","Mon Jul 13 18:08:15 UTC 2026","passed","Mon Jul 13 18:08:16 UTC 2026","","Selecting a layout","",""
"Test cases for TestRequiredValidator","0","TestRequiredValidator","","Mon Jul 13 18:07:22 UTC 2026","passed","Mon Jul 13 18:07:22 UTC 2026","","Go Test","github.com/specterops/bloodhound/cmd/api/src/utils/validation/TestRequiredValidator","TestRequiredValidator"
"","312","renders analyze now section","AnalyzeNowConfiguration","Mon Jul 13 18:10:25 UTC 2026","passed","Mon Jul 13 18:10:25 UTC 2026","","","",""
"Test cases for TestResources_DeleteSavedQuery_DeleteError","0","TestResources_DeleteSavedQuery_DeleteError","","Mon Jul 13 18:06:53 UTC 2026","passed","Mon Jul 13 18:06:53 UTC 2026","","Go Test","github.com/specterops/bloodhound/cmd/api/src/api/v2/TestResources_DeleteSavedQuery_DeleteError","TestResources_DeleteSavedQuery_DeleteError"
"Test cases for TestMarshalInt","0","TestMarshalInt","","Mon Jul 13 18:06:57 UTC 2026","passed","Mon Jul 13 18:06:57 UTC 2026","","Go Test","github.com/specterops/bloodhound/cmd/api/src/database/types/null/TestMarshalInt","TestMarshalInt"
"Test cases for TestDefineNodeName","1","TestDefineNodeName","","Mon Jul 13 18:07:23 UTC 2026","passed","Mon Jul 13 18:07:23 UTC 2026","","Go Test","github.com/specterops/bloodhound/packages/go/analysis/ad/wellknown/TestDefineNodeName","TestDefineNodeName"
"Test cases for TestOrphanFileSweeper_ClearStoredIngestFiles","15","TestOrphanFileSweeper_ClearStoredIngestFiles","","Mon Jul 13 18:06:55 UTC 2026","passed","Mon Jul 13 18:06:55 UTC 2026","","Go Test","github.com/specterops/bloodhound/cmd/api/src/daemons/datapipe/TestOrphanFileSweeper_ClearStoredIngestFiles","TestOrphanFileSweeper_ClearStoredIngestFiles"
"Test cases for TestManagementResource_ListRoles_SortingError","0","TestManagementResource_ListRoles_SortingError","","Mon Jul 13 18:07:00 UTC 2026","passed","Mon Jul 13 18:07:00 UTC 2026","","Go Test","github.com/specterops/bloodhound/cmd/api/src/api/v2/auth/TestManagementResource_ListRoles_SortingError","TestManagementResource_ListRoles_SortingError"
"Test cases for TestNewFeatureFlagRequestAdapter","0","TestNewFeatureFlagRequestAdapter","","Mon Jul 13 18:07:49 UTC 2026","passed","Mon Jul 13 18:07:49 UTC 2026","","Go Test","github.com/specterops/bloodhound/server/featureflags/TestNewFeatureFlagRequestAdapter","TestNewFeatureFlagRequestAdapter"
"","1","returns false when WebGL is not available in the current browser context","WebGL compatibility check","Mon Jul 13 18:13:28 UTC 2026","passed","Mon Jul 13 18:13:28 UTC 2026","","","",""
"","53","sums the remaining sections when one of the Affected Object calls fails","EntityInfoDataTableGraphed","Mon Jul 13 18:10:15 UTC 2026","passed","Mon Jul 13 18:10:15 UTC 2026","","Node count for nested table that counts all sections","",""
"","9","updates key in state","useObjectState","Mon Jul 13 18:12:31 UTC 2026","passed","Mon Jul 13 18:12:31 UTC 2026","","","",""
"","4","Default label and sizing are used when graph of origin does not specify","copySigmaNodesToGraphlibGraph","Mon Jul 13 18:14:16 UTC 2026","passed","Mon Jul 13 18:14:16 UTC 2026","","","",""
"Test cases for TestResources_ListADDomainContainedGPOs","1","TestResources_ListADDomainContainedGPOs","","Mon Jul 13 18:06:53 UTC 2026","passed","Mon Jul 13 18:06:53 UTC 2026","","Go Test","github.com/specterops/bloodhound/cmd/api/src/api/v2/TestResources_ListADDomainContainedGPOs","TestResources_ListADDomainContainedGPOs"
"","336","opens confirmation dialog when delete button is clicked","ActiveExtensionsCard","Mon Jul 13 18:08:16 UTC 2026","passed","Mon Jul 13 18:08:16 UTC 2026","","","",""
"","0","should return true when value partially matches term","compareTerm","Mon Jul 13 18:12:18 UTC 2026","passed","Mon Jul 13 18:12:18 UTC 2026","","","",""
"Test cases for TestCache_Set","1","TestCache_Set","","Mon Jul 13 18:07:24 UTC 2026","passed","Mon Jul 13 18:07:24 UTC 2026","","Go Test","github.com/specterops/bloodhound/packages/go/cache/TestCache_Set","TestCache_Set"
"","8","hides items when the user lacks admin permissions","useSubNavRoutes","Mon Jul 13 18:10:42 UTC 2026","passed","Mon Jul 13 18:10:42 UTC 2026","","adminOnly gate","",""
"Test cases for TestNewManifest","0","TestNewManifest","","Mon Jul 13 18:06:57 UTC 2026","passed","Mon Jul 13 18:06:57 UTC 2026","","Go Test","github.com/specterops/bloodhound/cmd/api/src/database/migration/TestNewManifest","TestNewManifest"
"","4584","search forces sections to expand when there is a match","Pathfinding","Mon Jul 13 18:09:16 UTC 2026","passed","Mon Jul 13 18:09:21 UTC 2026","","","",""
"Test cases for TestNewPipelineStepsAreRunnable","0","TestNewPipelineStepsAreRunnable","","Mon Jul 13 18:07:23 UTC 2026","passed","Mon Jul 13 18:07:23 UTC 2026","","Go Test","github.com/specterops/bloodhound/packages/go/analysis/TestNewPipelineStepsAreRunnable","TestNewPipelineStepsAreRunnable"
"","271","shows ""Clear All"" when all columns are selected","ManageColumnsComboBox","Mon Jul 13 18:09:55 UTC 2026","passed","Mon Jul 13 18:09:56 UTC 2026","","","",""
"","0","Will treat what is to the left of the first colon as a search filter if it matches an existing kind","parseKeywordAndTypeValue","Mon Jul 13 18:13:06 UTC 2026","passed","Mon Jul 13 18:13:06 UTC 2026","","","",""
"","20","renders the LabelSelector when available and on a Label page","TagSelector","Mon Jul 13 18:11:26 UTC 2026","passed","Mon Jul 13 18:11:26 UTC 2026","","","",""
"","219","calls clickHandler when a line item is clicked","PrebuiltSearchList","Mon Jul 13 18:11:04 UTC 2026","passed","Mon Jul 13 18:11:04 UTC 2026","","","",""
"Test cases for Test_SetDependency","0","Test_SetDependency","","Mon Jul 13 18:07:25 UTC 2026","passed","Mon Jul 13 18:07:25 UTC 2026","","Go Test","github.com/specterops/bloodhound/packages/go/lab/Test_SetDependency","Test_SetDependency"
"","170","renders a button for opening the dialog","SchemaUploadDialog","Mon Jul 13 18:09:23 UTC 2026","passed","Mon Jul 13 18:09:23 UTC 2026","","","",""
"Test cases for TestRRuleValidator","0","TestRRuleValidator","","Mon Jul 13 18:07:22 UTC 2026","passed","Mon Jul 13 18:07:22 UTC 2026","","Go Test","github.com/specterops/bloodhound/cmd/api/src/utils/validation/TestRRuleValidator","TestRRuleValidator"
"Test cases for TestWriteResultRawJson","0","TestWriteResultRawJson","","Mon Jul 13 18:07:22 UTC 2026","passed","Mon Jul 13 18:07:22 UTC 2026","","Go Test","github.com/specterops/bloodhound/cmd/api/src/utils/TestWriteResultRawJson","TestWriteResultRawJson"
"","905","should display generate/revoke api tokens button","User Actions Menu","Mon Jul 13 18:10:46 UTC 2026","passed","Mon Jul 13 18:10:47 UTC 2026","","Api Keys","",""
"Test cases for TestResources_ListAuditLogs_Filtered","0","TestResources_ListAuditLogs_Filtered","","Mon Jul 13 18:06:53 UTC 2026","passed","Mon Jul 13 18:06:53 UTC 2026","","Go Test","github.com/specterops/bloodhound/cmd/api/src/api/v2/TestResources_ListAuditLogs_Filtered","TestResources_ListAuditLogs_Filtered"
"Test cases for TestManagementResource_UpdateUser_ETAC","3087","TestManagementResource_UpdateUser_ETAC","","Mon Jul 13 18:07:19 UTC 2026","passed","Mon Jul 13 18:07:22 UTC 2026","","Go Test","github.com/specterops/bloodhound/cmd/api/src/api/v2/auth/TestManagementResource_UpdateUser_ETAC","TestManagementResource_UpdateUser_ETAC"
"Test cases for TestTextUnmarshalFloat","0","TestTextUnmarshalFloat","","Mon Jul 13 18:06:57 UTC 2026","passed","Mon Jul 13 18:06:57 UTC 2026","","Go Test","github.com/specterops/bloodhound/cmd/api/src/database/types/null/TestTextUnmarshalFloat","TestTextUnmarshalFloat"
"","152","returns Tag Object counts when there is a Tag selected but no Rule selected (ruleId is undefined from path params)","useObjectCounts","Mon Jul 13 18:12:49 UTC 2026","passed","Mon Jul 13 18:12:49 UTC 2026","","","",""
"","900","disables the confirm button until user types required text","Tag Form","Mon Jul 13 18:07:50 UTC 2026","passed","Mon Jul 13 18:07:51 UTC 2026","","","",""
"Test cases for FuzzFoldl","0","FuzzFoldl","","Mon Jul 13 18:07:41 UTC 2026","passed","Mon Jul 13 18:07:41 UTC 2026","","Go Test","github.com/specterops/bloodhound/packages/go/slicesext/FuzzFoldl","FuzzFoldl"
"Test cases for Test_SetNodeProperties","1","Test_SetNodeProperties","","Mon Jul 13 18:06:53 UTC 2026","passed","Mon Jul 13 18:06:53 UTC 2026","","Go Test","github.com/specterops/bloodhound/cmd/api/src/api/v2/Test_SetNodeProperties","Test_SetNodeProperties"
"","7","safely handles removing nonexistent key","useObjectState","Mon Jul 13 18:12:31 UTC 2026","passed","Mon Jul 13 18:12:31 UTC 2026","","","",""
"","21","upon selecting just a destination node, updates the URL with a searchType of 'node' and secondarySearch of the node's objectid","usePathfindingSearch","Mon Jul 13 18:10:39 UTC 2026","passed","Mon Jul 13 18:10:39 UTC 2026","","","",""
"Test cases for TestManagementResource_UpdateUser_SelfDisable","1106","TestManagementResource_UpdateUser_SelfDisable","","Mon Jul 13 18:07:10 UTC 2026","passed","Mon Jul 13 18:07:11 UTC 2026","","Go Test","github.com/specterops/bloodhound/cmd/api/src/api/v2/auth/TestManagementResource_UpdateUser_SelfDisable","TestManagementResource_UpdateUser_SelfDisable"
"","120","button displays ""Enabled"" when flag is enabled","EarlyAccessFeatureToggle","Mon Jul 13 18:14:22 UTC 2026","passed","Mon Jul 13 18:14:23 UTC 2026","","","",""
"","1","does not overwrite an existing localStorage value with initialValue","useLocalStorage","Mon Jul 13 18:10:25 UTC 2026","passed","Mon Jul 13 18:10:25 UTC 2026","","initial value","",""
"","674","should allow user to configure 2fa","Enable2FADialog","Mon Jul 13 18:11:00 UTC 2026","passed","Mon Jul 13 18:11:01 UTC 2026","","","",""
"","1","combines platform and collected filters","filterAndSearchEnvironments","Mon Jul 13 18:08:12 UTC 2026","passed","Mon Jul 13 18:08:12 UTC 2026","","combined filters","",""
"Test cases for Test_PrimaryNodeKind","2","Test_PrimaryNodeKind","","Mon Jul 13 18:07:24 UTC 2026","passed","Mon Jul 13 18:07:24 UTC 2026","","Go Test","github.com/specterops/bloodhound/packages/go/graphschema/Test_PrimaryNodeKind","Test_PrimaryNodeKind"
"Test cases for TestTextUnmarshalBool","0","TestTextUnmarshalBool","","Mon Jul 13 18:06:57 UTC 2026","passed","Mon Jul 13 18:06:57 UTC 2026","","Go Test","github.com/specterops/bloodhound/cmd/api/src/database/types/null/TestTextUnmarshalBool","TestTextUnmarshalBool"
"Test cases for TestQueries_BuildEntityQueryParams_DataTypeCount","0","TestQueries_BuildEntityQueryParams_DataTypeCount","","Mon Jul 13 18:07:00 UTC 2026","passed","Mon Jul 13 18:07:00 UTC 2026","","Go Test","github.com/specterops/bloodhound/cmd/api/src/queries/TestQueries_BuildEntityQueryParams_DataTypeCount","TestQueries_BuildEntityQueryParams_DataTypeCount"
"","39","should highlight selected route","Main Nav Route Highlighting","Mon Jul 13 18:10:24 UTC 2026","passed","Mon Jul 13 18:10:24 UTC 2026","","","",""
"","43","initializes with the given state","useObjectState","Mon Jul 13 18:12:31 UTC 2026","passed","Mon Jul 13 18:12:31 UTC 2026","","","",""
"Test cases for TestResources_GetRootCAEntityInfo","232","TestResources_GetRootCAEntityInfo","","Mon Jul 13 18:06:53 UTC 2026","passed","Mon Jul 13 18:06:53 UTC 2026","","Go Test","github.com/specterops/bloodhound/cmd/api/src/api/v2/TestResources_GetRootCAEntityInfo","TestResources_GetRootCAEntityInfo"
"","2","does not fetch more data while a page is already fetching","useInfiniteScroll","Mon Jul 13 18:11:47 UTC 2026","passed","Mon Jul 13 18:11:47 UTC 2026","","","",""
"Test cases for TestCache_GuardedSet","0","TestCache_GuardedSet","","Mon Jul 13 18:07:24 UTC 2026","passed","Mon Jul 13 18:07:24 UTC 2026","","Go Test","github.com/specterops/bloodhound/packages/go/cache/TestCache_GuardedSet","TestCache_GuardedSet"
"","8758","checking a subcategory updates all children (edge types) in its group","Pathfinding","Mon Jul 13 18:08:48 UTC 2026","passed","Mon Jul 13 18:08:57 UTC 2026","","","",""
"","58","Calls the get node by id endpoint for a node with a type that is not in our schema","EntityObjectInformation","Mon Jul 13 18:10:55 UTC 2026","passed","Mon Jul 13 18:10:55 UTC 2026","","","",""
"Test cases for TestResources_ShareSavedQueriesPermissions_NonAdmin","3","TestResources_ShareSavedQueriesPermissions_NonAdmin","","Mon Jul 13 18:06:53 UTC 2026","passed","Mon Jul 13 18:06:53 UTC 2026","","Go Test","github.com/specterops/bloodhound/cmd/api/src/api/v2/TestResources_ShareSavedQueriesPermissions_NonAdmin","TestResources_ShareSavedQueriesPermissions_NonAdmin"
"","10","displays a pulsing indicator","StatusIndicator","Mon Jul 13 18:13:10 UTC 2026","passed","Mon Jul 13 18:13:10 UTC 2026","","","",""
"","123","should call onCancel when return to login button clicked","PasswordResetForm","Mon Jul 13 18:10:48 UTC 2026","passed","Mon Jul 13 18:10:48 UTC 2026","","","",""
"","146","shows ""API Expiration Date"" column header when expiration is enabled","UserTokenManagementDialog - API Expiration Date column","Mon Jul 13 18:09:45 UTC 2026","passed","Mon Jul 13 18:09:45 UTC 2026","","","",""
"","1945","should allow user to create new SAML provder and then display it in the table","SSOConfiguration","Mon Jul 13 18:09:16 UTC 2026","passed","Mon Jul 13 18:09:18 UTC 2026","","","",""
"Test cases for TestManagementResource_DeleteUser_BadUserID","0","TestManagementResource_DeleteUser_BadUserID","","Mon Jul 13 18:07:15 UTC 2026","passed","Mon Jul 13 18:07:15 UTC 2026","","Go Test","github.com/specterops/bloodhound/cmd/api/src/api/v2/auth/TestManagementResource_DeleteUser_BadUserID","TestManagementResource_DeleteUser_BadUserID"
"Test cases for Test_getSearchableNodeKinds","0","Test_getSearchableNodeKinds","","Mon Jul 13 18:06:53 UTC 2026","passed","Mon Jul 13 18:06:53 UTC 2026","","Go Test","github.com/specterops/bloodhound/cmd/api/src/api/v2/Test_getSearchableNodeKinds","Test_getSearchableNodeKinds"
"","110","should display the logged in user's full name","UserProfile","Mon Jul 13 18:10:17 UTC 2026","passed","Mon Jul 13 18:10:17 UTC 2026","","","",""
"","17","renders note content when currentNote is present","HistoryNotes Component","Mon Jul 13 18:13:00 UTC 2026","passed","Mon Jul 13 18:13:01 UTC 2026","","","",""
"Test cases for TestGenericMap","0","TestGenericMap","","Mon Jul 13 18:07:22 UTC 2026","passed","Mon Jul 13 18:07:22 UTC 2026","","Go Test","github.com/specterops/bloodhound/cmd/api/src/utils/TestGenericMap","TestGenericMap"
"","120","applies correct dynamic height based on filtered data","ActiveExtensionsCard","Mon Jul 13 18:08:16 UTC 2026","passed","Mon Jul 13 18:08:16 UTC 2026","","","",""
"","44","renders Tier Zero text by default when no Zone Selector is available and on a Zone page","TagSelector","Mon Jul 13 18:11:25 UTC 2026","passed","Mon Jul 13 18:11:25 UTC 2026","","","",""
"Test cases for TestAddOrderByToNeo4jQuery_NoOrderByClause","0","TestAddOrderByToNeo4jQuery_NoOrderByClause","","Mon Jul 13 18:06:53 UTC 2026","passed","Mon Jul 13 18:06:53 UTC 2026","","Go Test","github.com/specterops/bloodhound/cmd/api/src/api/v2/TestAddOrderByToNeo4jQuery_NoOrderByClause","TestAddOrderByToNeo4jQuery_NoOrderByClause"
"Test cases for TestQueries_BuildEntityQueryParams_InvalidSkip","2","TestQueries_BuildEntityQueryParams_InvalidSkip","","Mon Jul 13 18:07:00 UTC 2026","passed","Mon Jul 13 18:07:00 UTC 2026","","Go Test","github.com/specterops/bloodhound/cmd/api/src/queries/TestQueries_BuildEntityQueryParams_InvalidSkip","TestQueries_BuildEntityQueryParams_InvalidSkip"
"","147","displays pinned columns and unselected columns in the dropdown","ManageColumnsComboBox","Mon Jul 13 18:09:57 UTC 2026","passed","Mon Jul 13 18:09:57 UTC 2026","","","",""
"Test cases for TestResources_DeleteAssetGroup","1","TestResources_DeleteAssetGroup","","Mon Jul 13 18:06:53 UTC 2026","passed","Mon Jul 13 18:06:53 UTC 2026","","Go Test","github.com/specterops/bloodhound/cmd/api/src/api/v2/TestResources_DeleteAssetGroup","TestResources_DeleteAssetGroup"
"Test cases for TestUpdateAssetGroupRequest_AuditData","0","TestUpdateAssetGroupRequest_AuditData","","Mon Jul 13 18:06:53 UTC 2026","passed","Mon Jul 13 18:06:53 UTC 2026","","Go Test","github.com/specterops/bloodhound/cmd/api/src/api/v2/TestUpdateAssetGroupRequest_AuditData","TestUpdateAssetGroupRequest_AuditData"
"","933","should call onSave when Save button is clicked and form input is valid","CreateUserDialog","Mon Jul 13 18:08:40 UTC 2026","passed","Mon Jul 13 18:08:41 UTC 2026","","","",""
"Test cases for TestCache_Get","0","TestCache_Get","","Mon Jul 13 18:07:24 UTC 2026","passed","Mon Jul 13 18:07:24 UTC 2026","","Go Test","github.com/specterops/bloodhound/packages/go/cache/TestCache_Get","TestCache_Get"
"Test cases for TestSetValuesFromEnv","2","TestSetValuesFromEnv","","Mon Jul 13 18:06:54 UTC 2026","passed","Mon Jul 13 18:06:54 UTC 2026","","Go Test","github.com/specterops/bloodhound/cmd/api/src/config/TestSetValuesFromEnv","TestSetValuesFromEnv"
"Test cases for TestUnmarshalInt64OverflowToInt64","0","TestUnmarshalInt64OverflowToInt64","","Mon Jul 13 18:06:57 UTC 2026","passed","Mon Jul 13 18:06:57 UTC 2026","","Go Test","github.com/specterops/bloodhound/cmd/api/src/database/types/null/TestUnmarshalInt64OverflowToInt64","TestUnmarshalInt64OverflowToInt64"
"","1113","sets input text on date click","ManagedDatePicker - date validation","Mon Jul 13 18:10:52 UTC 2026","passed","Mon Jul 13 18:10:53 UTC 2026","","","",""
"","240","opens the dialog when the button is clicked","SchemaUploadDialog","Mon Jul 13 18:09:23 UTC 2026","passed","Mon Jul 13 18:09:23 UTC 2026","","","",""
"","711","filters by the selected status","FileIngestFilterDialog","Mon Jul 13 18:09:34 UTC 2026","passed","Mon Jul 13 18:09:34 UTC 2026","","Status Select","",""
"","1765","enables the user actions menu when the user is admin role","Users","Mon Jul 13 18:09:32 UTC 2026","passed","Mon Jul 13 18:09:34 UTC 2026","","","",""
"Test cases for TestDefineSID","0","TestDefineSID","","Mon Jul 13 18:07:23 UTC 2026","passed","Mon Jul 13 18:07:23 UTC 2026","","Go Test","github.com/specterops/bloodhound/packages/go/analysis/ad/wellknown/TestDefineSID","TestDefineSID"
"Test cases for TestParseOptionalBool","0","TestParseOptionalBool","","Mon Jul 13 18:06:40 UTC 2026","passed","Mon Jul 13 18:06:40 UTC 2026","","Go Test","github.com/specterops/bloodhound/cmd/api/src/api/TestParseOptionalBool","TestParseOptionalBool"
"","0","returns paramValue as EnvironmentAggregation if paramValue is active-directory","useEnvironmentParams","Mon Jul 13 18:13:19 UTC 2026","passed","Mon Jul 13 18:13:19 UTC 2026","","parseEnvironmentAggregation","",""
"Test cases for TestDomainSelectors_GetFilterCriteria_Domain","0","TestDomainSelectors_GetFilterCriteria_Domain","","Mon Jul 13 18:06:58 UTC 2026","passed","Mon Jul 13 18:06:58 UTC 2026","","Go Test","github.com/specterops/bloodhound/cmd/api/src/model/TestDomainSelectors_GetFilterCriteria_Domain","TestDomainSelectors_GetFilterCriteria_Domain"
"","592","displays correct content based on platform filter AD","CommonSearches","Mon Jul 13 18:09:58 UTC 2026","passed","Mon Jul 13 18:09:59 UTC 2026","","","",""
"","152","should call onCancel when return to login button clicked","OneTimePasscodeForm","Mon Jul 13 18:12:27 UTC 2026","passed","Mon Jul 13 18:12:27 UTC 2026","","","",""
"Test cases for TestJSONFloat_MarshalJSON","0","TestJSONFloat_MarshalJSON","","Mon Jul 13 18:06:57 UTC 2026","passed","Mon Jul 13 18:06:57 UTC 2026","","Go Test","github.com/specterops/bloodhound/cmd/api/src/database/types/nan/TestJSONFloat_MarshalJSON","TestJSONFloat_MarshalJSON"
"","202","shows a table with finished jobs","FileIngestTable","Mon Jul 13 18:08:50 UTC 2026","passed","Mon Jul 13 18:08:50 UTC 2026","","","",""
"Test cases for Test_filterAndFormatSearchResults_default","0","Test_filterAndFormatSearchResults_default","","Mon Jul 13 18:06:53 UTC 2026","passed","Mon Jul 13 18:06:53 UTC 2026","","Go Test","github.com/specterops/bloodhound/cmd/api/src/api/v2/Test_filterAndFormatSearchResults_default","Test_filterAndFormatSearchResults_default"
"Test cases for TestFlatMap","1","TestFlatMap","","Mon Jul 13 18:07:41 UTC 2026","passed","Mon Jul 13 18:07:41 UTC 2026","","Go Test","github.com/specterops/bloodhound/packages/go/slicesext/TestFlatMap","TestFlatMap"
"Test cases for TestResources_GetAssetGroupTagSelectors","2","TestResources_GetAssetGroupTagSelectors","","Mon Jul 13 18:06:53 UTC 2026","passed","Mon Jul 13 18:06:53 UTC 2026","","Go Test","github.com/specterops/bloodhound/cmd/api/src/api/v2/TestResources_GetAssetGroupTagSelectors","TestResources_GetAssetGroupTagSelectors"
"","97","enables the user actions menu for a user with the administrator role","User Actions Menu","Mon Jul 13 18:10:48 UTC 2026","passed","Mon Jul 13 18:10:48 UTC 2026","","Button Menu State","",""
"Test cases for TestResources_ImportSavedQuery","32","TestResources_ImportSavedQuery","","Mon Jul 13 18:06:53 UTC 2026","passed","Mon Jul 13 18:06:53 UTC 2026","","Go Test","github.com/specterops/bloodhound/cmd/api/src/api/v2/TestResources_ImportSavedQuery","TestResources_ImportSavedQuery"
"Test cases for TestAddOwnerRoleIDs","2","TestAddOwnerRoleIDs","","Mon Jul 13 18:07:23 UTC 2026","passed","Mon Jul 13 18:07:23 UTC 2026","","Go Test","github.com/specterops/bloodhound/packages/go/analysis/azure/TestAddOwnerRoleIDs","TestAddOwnerRoleIDs"
"","0","matches all AZ edges","Make sure pathfinding filterable edges match schemagen","Mon Jul 13 18:13:20 UTC 2026","passed","Mon Jul 13 18:13:20 UTC 2026","","","",""
"","428","eventually displays a list of early access features when warning dialog is accepted","EarlyAccessFeatures","Mon Jul 13 18:14:13 UTC 2026","passed","Mon Jul 13 18:14:14 UTC 2026","","","",""
"","65","returns the full environment of the environmentId found in the search params","useAvailableEnvironments","Mon Jul 13 18:10:43 UTC 2026","passed","Mon Jul 13 18:10:43 UTC 2026","","useSelectedEnvironment","",""
"Test cases for TestWriteCSV","0","TestWriteCSV","","Mon Jul 13 18:07:28 UTC 2026","passed","Mon Jul 13 18:07:28 UTC 2026","","Go Test","github.com/specterops/bloodhound/packages/go/responses/TestWriteCSV","TestWriteCSV"
"","1838","renders","DatabaseManagement","Mon Jul 13 18:13:45 UTC 2026","passed","Mon Jul 13 18:13:47 UTC 2026","","","",""
"","96","List Display Roles Hook is Loading","useListDisplayRoles","Mon Jul 13 18:09:42 UTC 2026","passed","Mon Jul 13 18:09:42 UTC 2026","","","",""
"Test cases for TestTagScanner_NextTopLevelTag","0","TestTagScanner_NextTopLevelTag","","Mon Jul 13 18:07:07 UTC 2026","passed","Mon Jul 13 18:07:07 UTC 2026","","Go Test","github.com/specterops/bloodhound/cmd/api/src/services/upload/TestTagScanner_NextTopLevelTag","TestTagScanner_NextTopLevelTag"
"Test cases for TestResources_CreateSavedQuery_DuplicateName","0","TestResources_CreateSavedQuery_DuplicateName","","Mon Jul 13 18:06:53 UTC 2026","passed","Mon Jul 13 18:06:53 UTC 2026","","Go Test","github.com/specterops/bloodhound/cmd/api/src/api/v2/TestResources_CreateSavedQuery_DuplicateName","TestResources_CreateSavedQuery_DuplicateName"
"","89","should render when search string is at the beginning of the text","HighlightedText","Mon Jul 13 18:12:31 UTC 2026","passed","Mon Jul 13 18:12:31 UTC 2026","","","",""
"","471","does not display must be new password error messages when current password is not required","PasswordDialog","Mon Jul 13 18:08:32 UTC 2026","passed","Mon Jul 13 18:08:33 UTC 2026","","","",""
"","1","should exclude operations within a tag when only the path matches but not all paths","opsFilter","Mon Jul 13 18:12:18 UTC 2026","passed","Mon Jul 13 18:12:18 UTC 2026","","","",""
"Test cases for TestNewLocalStore","73","TestNewLocalStore","","Mon Jul 13 18:07:45 UTC 2026","passed","Mon Jul 13 18:07:45 UTC 2026","","Go Test","github.com/specterops/bloodhound/packages/go/storage/TestNewLocalStore","TestNewLocalStore"
"","183","navigates to previous history entry when warning dialog is cancelled","EarlyAccessFeatures","Mon Jul 13 18:14:13 UTC 2026","passed","Mon Jul 13 18:14:13 UTC 2026","","","",""
"","622","should not allow the input to exceed the allowed length","CreateUserForm","Mon Jul 13 18:08:24 UTC 2026","passed","Mon Jul 13 18:08:24 UTC 2026","","","",""
"Test cases for TestGenericClone","0","TestGenericClone","","Mon Jul 13 18:07:22 UTC 2026","passed","Mon Jul 13 18:07:22 UTC 2026","","Go Test","github.com/specterops/bloodhound/cmd/api/src/utils/TestGenericClone","TestGenericClone"
"Test cases for TestAssetGroupMembers_SortBy","0","TestAssetGroupMembers_SortBy","","Mon Jul 13 18:06:40 UTC 2026","passed","Mon Jul 13 18:06:40 UTC 2026","","Go Test","github.com/specterops/bloodhound/cmd/api/src/api/TestAssetGroupMembers_SortBy","TestAssetGroupMembers_SortBy"
"","0","escapes multiple single quotes","escapeCypherString","Mon Jul 13 18:13:12 UTC 2026","passed","Mon Jul 13 18:13:12 UTC 2026","","","",""
"Test cases for Test_ParseSortParameters","0","Test_ParseSortParameters","","Mon Jul 13 18:06:41 UTC 2026","passed","Mon Jul 13 18:06:41 UTC 2026","","Go Test","github.com/specterops/bloodhound/cmd/api/src/api/Test_ParseSortParameters","Test_ParseSortParameters"
"Test cases for TestResources_ListAuditLogs_InvalidColumn","0","TestResources_ListAuditLogs_InvalidColumn","","Mon Jul 13 18:06:53 UTC 2026","passed","Mon Jul 13 18:06:53 UTC 2026","","Go Test","github.com/specterops/bloodhound/cmd/api/src/api/v2/TestResources_ListAuditLogs_InvalidColumn","TestResources_ListAuditLogs_InvalidColumn"
"","83","displays a warning when there is a problem fetching the list of collectors","DownloadCollectors","Mon Jul 13 18:14:05 UTC 2026","passed","Mon Jul 13 18:14:05 UTC 2026","","","",""
"","1","runs a cypher search when the query param is set to ""cypher""","useExploreGraph","Mon Jul 13 18:09:22 UTC 2026","passed","Mon Jul 13 18:09:22 UTC 2026","","exploreGraphQueryFactory","",""
"","53","renders highlight for the active tag","SelectedHighlight","Mon Jul 13 18:12:25 UTC 2026","passed","Mon Jul 13 18:12:25 UTC 2026","","","",""
"","108","indicates that filters are active","AssetGroupEdit","Mon Jul 13 18:10:04 UTC 2026","passed","Mon Jul 13 18:10:04 UTC 2026","","","",""
"","76","will request feature-flags when the user is fully authenticated","app","Mon Jul 13 18:14:21 UTC 2026","passed","Mon Jul 13 18:14:21 UTC 2026","","<Inner />","",""
"","1","reports an API error when Cypher is not run first","handleError","Mon Jul 13 18:09:28 UTC 2026","passed","Mon Jul 13 18:09:28 UTC 2026","","","",""
"","0","should return an object denoting that the property is not in the schema when it is unrecognized","validating a node property against the shared generated schema","Mon Jul 13 18:10:00 UTC 2026","passed","Mon Jul 13 18:10:00 UTC 2026","","","",""
"Test cases for TestResources_GetSearchResult_ETAC","32","TestResources_GetSearchResult_ETAC","","Mon Jul 13 18:06:53 UTC 2026","passed","Mon Jul 13 18:06:53 UTC 2026","","Go Test","github.com/specterops/bloodhound/cmd/api/src/api/v2/TestResources_GetSearchResult_ETAC","TestResources_GetSearchResult_ETAC"
"","849","renders the node in the entity panel when member is clicked","GroupManagement","Mon Jul 13 18:14:16 UTC 2026","passed","Mon Jul 13 18:14:17 UTC 2026","","","",""
"Test cases for TestFileServiceResolver_CopiesServices","1","TestFileServiceResolver_CopiesServices","","Mon Jul 13 18:07:05 UTC 2026","passed","Mon Jul 13 18:07:05 UTC 2026","","Go Test","github.com/specterops/bloodhound/cmd/api/src/services/storage/TestFileServiceResolver_CopiesServices","TestFileServiceResolver_CopiesServices"
"","14","renders highlight only for active member when memberId is present","SelectedHighlight","Mon Jul 13 18:12:25 UTC 2026","passed","Mon Jul 13 18:12:25 UTC 2026","","","",""
"","838","lists all available node kinds as options to filter by","AssetGroupEdit","Mon Jul 13 18:10:05 UTC 2026","passed","Mon Jul 13 18:10:05 UTC 2026","","Node Type dropdown filter","",""
"","9","should render when search string is not found in the text","HighlightedText","Mon Jul 13 18:12:31 UTC 2026","passed","Mon Jul 13 18:12:31 UTC 2026","","","",""
"","314","should render a TagToZoneLabelDialog component","TagToZoneLabelDialog","Mon Jul 13 18:11:06 UTC 2026","passed","Mon Jul 13 18:11:07 UTC 2026","","","",""
"","0","The node radius is adjusted for nodes that have their ""highlighted"" property set to true since the highlight adds some padding","getNodeRadius","Mon Jul 13 18:14:22 UTC 2026","passed","Mon Jul 13 18:14:22 UTC 2026","","","",""
"Test cases for TestResources_GetContainerEntityInfo","209","TestResources_GetContainerEntityInfo","","Mon Jul 13 18:06:53 UTC 2026","passed","Mon Jul 13 18:06:53 UTC 2026","","Go Test","github.com/specterops/bloodhound/cmd/api/src/api/v2/TestResources_GetContainerEntityInfo","TestResources_GetContainerEntityInfo"
"","343","filters extensions based on search input","ActiveExtensionsCard","Mon Jul 13 18:08:15 UTC 2026","passed","Mon Jul 13 18:08:15 UTC 2026","","","",""
"","1","returns the edge and both of its endpoint nodes","SigmaChart Utils","Mon Jul 13 18:14:14 UTC 2026","passed","Mon Jul 13 18:14:14 UTC 2026","when an edge is selected","getFullPathHighlightedEntities","",""
"","518","renders the form for creating a new zone","Tag Form","Mon Jul 13 18:07:46 UTC 2026","passed","Mon Jul 13 18:07:47 UTC 2026","","","",""
"Test cases for TestSetFontIcon","1","TestSetFontIcon","","Mon Jul 13 18:06:40 UTC 2026","passed","Mon Jul 13 18:06:40 UTC 2026","","Go Test","github.com/specterops/bloodhound/cmd/api/src/api/bloodhoundgraph/TestSetFontIcon","TestSetFontIcon"
"","300","displays 0 when a given sections returns empty, and sums the rest of the sections correctly","EntityInfoDataTable","Mon Jul 13 18:09:38 UTC 2026","passed","Mon Jul 13 18:09:38 UTC 2026","","Node count for nested table that counts all sections","",""
"Test cases for TestSignRequestSuccess","1","TestSignRequestSuccess","","Mon Jul 13 18:06:41 UTC 2026","passed","Mon Jul 13 18:06:41 UTC 2026","","Go Test","github.com/specterops/bloodhound/cmd/api/src/api/TestSignRequestSuccess","TestSignRequestSuccess"
"","1065","opens a submenu when user hovers over `Copy`","ContextMenu","Mon Jul 13 18:09:49 UTC 2026","passed","Mon Jul 13 18:09:51 UTC 2026","","","",""
"Test cases for TestAddWhereClauseToNeo4jQuery_WithWhereClause","0","TestAddWhereClauseToNeo4jQuery_WithWhereClause","","Mon Jul 13 18:06:53 UTC 2026","passed","Mon Jul 13 18:06:53 UTC 2026","","Go Test","github.com/specterops/bloodhound/cmd/api/src/api/v2/TestAddWhereClauseToNeo4jQuery_WithWhereClause","TestAddWhereClauseToNeo4jQuery_WithWhereClause"
"","119","does not highlight the table option when isExploreTableSelected is true but isExploreLayoutSelected is false","GraphControls","Mon Jul 13 18:08:16 UTC 2026","passed","Mon Jul 13 18:08:16 UTC 2026","","Table view selection state","",""
"Test cases for TestWriteErrorResponse_V2","0","TestWriteErrorResponse_V2","","Mon Jul 13 18:06:41 UTC 2026","passed","Mon Jul 13 18:06:41 UTC 2026","","Go Test","github.com/specterops/bloodhound/cmd/api/src/api/TestWriteErrorResponse_V2","TestWriteErrorResponse_V2"
"Test cases for TestParseKind","2","TestParseKind","","Mon Jul 13 18:07:24 UTC 2026","passed","Mon Jul 13 18:07:24 UTC 2026","","Go Test","github.com/specterops/bloodhound/packages/go/ein/TestParseKind","TestParseKind"
"","83","has a button with text Clear Filters","AssetGroupEdit","Mon Jul 13 18:10:06 UTC 2026","passed","Mon Jul 13 18:10:06 UTC 2026","","Clear Filters button","",""
"TestMigrator_GenerateManifest tests the full integrity of a Manifest generatedfrom 3 different Source's:1) Correct number of total migrations detected.2) Correct number of versions detected.3) The VersionTable has all versions, in order.4) All versions have the correct number of migrations.5) Schema files generate v0.0.0 migrations.6) Migrations are ordered within each version, in the order the Source was defined.","0","TestMigrator_GenerateManifest","","Mon Jul 13 18:06:57 UTC 2026","passed","Mon Jul 13 18:06:57 UTC 2026","","Go Test","github.com/specterops/bloodhound/cmd/api/src/database/migration/TestMigrator_GenerateManifest","TestMigrator_GenerateManifest"
"Test cases for TestFormatDatabaseErrorNotFound","0","TestFormatDatabaseErrorNotFound","","Mon Jul 13 18:06:41 UTC 2026","passed","Mon Jul 13 18:06:41 UTC 2026","","Go Test","github.com/specterops/bloodhound/cmd/api/src/api/TestFormatDatabaseErrorNotFound","TestFormatDatabaseErrorNotFound"
"","493","renders icons as expected","DropdownSelector","Mon Jul 13 18:11:59 UTC 2026","passed","Mon Jul 13 18:11:59 UTC 2026","","","",""
"","0","fails for password shorter than 12 characters","testPassword","Mon Jul 13 18:13:18 UTC 2026","passed","Mon Jul 13 18:13:18 UTC 2026","","","",""
"Test cases for TestBOMEncoding","0","TestBOMEncoding","","Mon Jul 13 18:07:24 UTC 2026","passed","Mon Jul 13 18:07:24 UTC 2026","","Go Test","github.com/specterops/bloodhound/packages/go/bomenc/TestBOMEncoding","TestBOMEncoding"
"","17","should filter properties that we do not want to display in the entity panel","ObjectInfoFields","Mon Jul 13 18:12:42 UTC 2026","passed","Mon Jul 13 18:12:42 UTC 2026","","","",""
"","17","displays CaretDown icon when the sortOrder is desc","ColumnHeaders","Mon Jul 13 18:10:59 UTC 2026","passed","Mon Jul 13 18:10:59 UTC 2026","","SortableHeader","",""
"","182","should call ""onCancel one time""","Enable2FADialog","Mon Jul 13 18:11:57 UTC 2026","passed","Mon Jul 13 18:11:58 UTC 2026","","user clicks ""Cancel"" button","",""
"","133","defaults to wrapped and removes .wrapped class when unwrap btn is clicked","CodeController","Mon Jul 13 18:13:00 UTC 2026","passed","Mon Jul 13 18:13:00 UTC 2026","","","",""
"Test cases for TestManagementResource_ListUsers_InvalidColumn","0","TestManagementResource_ListUsers_InvalidColumn","","Mon Jul 13 18:07:00 UTC 2026","passed","Mon Jul 13 18:07:00 UTC 2026","","Go Test","github.com/specterops/bloodhound/cmd/api/src/api/v2/auth/TestManagementResource_ListUsers_InvalidColumn","TestManagementResource_ListUsers_InvalidColumn"
"","0","Input does not contain a type","parseKeywordAndTypeValue","Mon Jul 13 18:13:06 UTC 2026","passed","Mon Jul 13 18:13:06 UTC 2026","","","",""
"","278","should display ""Close"" button","UserTokenManagementDialog","Mon Jul 13 18:09:44 UTC 2026","passed","Mon Jul 13 18:09:44 UTC 2026","","","",""
"","22","should display hidden label for hidden edge","EdgeInfoHeader","Mon Jul 13 18:11:54 UTC 2026","passed","Mon Jul 13 18:11:54 UTC 2026","","","",""
"Test cases for TestDomainSelectors_GetFilterCriteria_InvalidFilterColumn","0","TestDomainSelectors_GetFilterCriteria_InvalidFilterColumn","","Mon Jul 13 18:06:58 UTC 2026","passed","Mon Jul 13 18:06:58 UTC 2026","","Go Test","github.com/specterops/bloodhound/cmd/api/src/model/TestDomainSelectors_GetFilterCriteria_InvalidFilterColumn","TestDomainSelectors_GetFilterCriteria_InvalidFilterColumn"
"Test cases for TestRegisterBHCEMetrics","0","TestRegisterBHCEMetrics","","Mon Jul 13 18:07:25 UTC 2026","passed","Mon Jul 13 18:07:25 UTC 2026","","Go Test","github.com/specterops/bloodhound/packages/go/metricsregistration/TestRegisterBHCEMetrics","TestRegisterBHCEMetrics"
"Test cases for Test_NewSpecWithHooks","0","Test_NewSpecWithHooks","","Mon Jul 13 18:07:25 UTC 2026","passed","Mon Jul 13 18:07:25 UTC 2026","","Go Test","github.com/specterops/bloodhound/packages/go/lab/Test_NewSpecWithHooks","Test_NewSpecWithHooks"
"","298","calls onChangePinnedColumns to unpin a column when its pin icon is clicked","ManageColumnsComboBox","Mon Jul 13 18:09:57 UTC 2026","passed","Mon Jul 13 18:09:58 UTC 2026","","","",""
"","558","should accept passwords with emojis","CreateUserForm","Mon Jul 13 18:08:29 UTC 2026","passed","Mon Jul 13 18:08:29 UTC 2026","","","",""
"Test cases for TestResources_ListADOUContainedUsers","0","TestResources_ListADOUContainedUsers","","Mon Jul 13 18:06:53 UTC 2026","passed","Mon Jul 13 18:06:53 UTC 2026","","Go Test","github.com/specterops/bloodhound/cmd/api/src/api/v2/TestResources_ListADOUContainedUsers","TestResources_ListADOUContainedUsers"
"Test cases for TestSortParseAndValidate_Errors","0","TestSortParseAndValidate_Errors","","Mon Jul 13 18:07:26 UTC 2026","passed","Mon Jul 13 18:07:26 UTC 2026","","Go Test","github.com/specterops/bloodhound/packages/go/params/TestSortParseAndValidate_Errors","TestSortParseAndValidate_Errors"
"Test cases for Test_UseHarness","1","Test_UseHarness","","Mon Jul 13 18:07:25 UTC 2026","passed","Mon Jul 13 18:07:25 UTC 2026","","Go Test","github.com/specterops/bloodhound/packages/go/lab/Test_UseHarness","Test_UseHarness"
"Test cases for TestFillAndPopulateDefaultAdminInfo","1","TestFillAndPopulateDefaultAdminInfo","","Mon Jul 13 18:06:54 UTC 2026","passed","Mon Jul 13 18:06:54 UTC 2026","","Go Test","github.com/specterops/bloodhound/cmd/api/src/bootstrap/TestFillAndPopulateDefaultAdminInfo","TestFillAndPopulateDefaultAdminInfo"
